table_id,symbol,end_date,ann_date,row_count,differing_fields,required_signal_treatment
income,600115.SH,20250630,20250830,2,n_income_attr_p,exclude_this_table_symbol_period_ann_date_group
income,600115.SH,20230630,20230831,2,n_income_attr_p,exclude_this_table_symbol_period_ann_date_group
income,600188.SH,20220331,20220430,2,n_income_attr_p,exclude_this_table_symbol_period_ann_date_group
income,600816.SH,20210930,20211030,2,revenue,exclude_this_table_symbol_period_ann_date_group
income,600816.SH,20210331,20210430,2,revenue,exclude_this_table_symbol_period_ann_date_group
income,600816.SH,20200630,20200831,2,revenue,exclude_this_table_symbol_period_ann_date_group
income,600906.SH,20220331,20220429,2,n_income_attr_p,exclude_this_table_symbol_period_ann_date_group
income,603607.SH,20220331,20220428,2,n_income_attr_p|revenue,exclude_this_table_symbol_period_ann_date_group
balancesheet,001286.SZ,20230930,20231027,2,total_hldr_eqy_exc_min_int|total_liab,exclude_this_table_symbol_period_ann_date_group
balancesheet,601696.SH,20240331,20240430,2,total_assets|total_liab,exclude_this_table_symbol_period_ann_date_group
balancesheet,603070.SH,20211231,20220427,2,total_assets|total_hldr_eqy_exc_min_int|total_liab,exclude_this_table_symbol_period_ann_date_group
balancesheet,002770.SZ,20220331,20220430,2,total_assets|total_hldr_eqy_exc_min_int,exclude_this_table_symbol_period_ann_date_group
balancesheet,600260.SH,20220331,20220430,2,total_hldr_eqy_exc_min_int,exclude_this_table_symbol_period_ann_date_group
balancesheet,600277.SH,20240630,20240831,2,total_assets,exclude_this_table_symbol_period_ann_date_group
cashflow,600241.SH,20241231,20250409,2,n_cashflow_act,exclude_this_table_symbol_period_ann_date_group
cashflow,601727.SH,20250630,20250830,2,n_cashflow_act,exclude_this_table_symbol_period_ann_date_group
cashflow,603788.SH,20241231,20250422,2,n_cashflow_act,exclude_this_table_symbol_period_ann_date_group
cashflow,002699.SZ,20240630,20240828,2,n_cashflow_act,exclude_this_table_symbol_period_ann_date_group
fina_indicator,000016.SZ,20240930,20241031,2,roe,exclude_this_table_symbol_period_ann_date_group
fina_indicator,000016.SZ,20230331,20230429,2,roe,exclude_this_table_symbol_period_ann_date_group
fina_indicator,000016.SZ,20221231,20230328,2,profit_dedt|roe,exclude_this_table_symbol_period_ann_date_group
fina_indicator,000151.SZ,20230331,20230429,2,roe,exclude_this_table_symbol_period_ann_date_group
fina_indicator,000151.SZ,20221231,20230429,2,profit_dedt|roe,exclude_this_table_symbol_period_ann_date_group
fina_indicator,000505.SZ,20231231,20240330,2,profit_dedt|roe,exclude_this_table_symbol_period_ann_date_group
fina_indicator,000530.SZ,20250630,20250814,2,profit_dedt|roe,exclude_this_table_symbol_period_ann_date_group
fina_indicator,000530.SZ,20230930,20231027,2,profit_dedt|roe,exclude_this_table_symbol_period_ann_date_group
fina_indicator,000530.SZ,20230331,20230426,2,profit_dedt|roe,exclude_this_table_symbol_period_ann_date_group
fina_indicator,000530.SZ,20220930,20221028,2,profit_dedt|roe,exclude_this_table_symbol_period_ann_date_group
fina_indicator,000530.SZ,20220630,20220825,2,profit_dedt|roe,exclude_this_table_symbol_period_ann_date_group
fina_indicator,000530.SZ,20220331,20220423,2,profit_dedt|roe,exclude_this_table_symbol_period_ann_date_group
fina_indicator,000547.SZ,20230331,20230429,2,roe,exclude_this_table_symbol_period_ann_date_group
fina_indicator,000547.SZ,20221231,20230422,2,profit_dedt|roe,exclude_this_table_symbol_period_ann_date_group
fina_indicator,000547.SZ,20220930,20221026,2,roe,exclude_this_table_symbol_period_ann_date_group
fina_indicator,000547.SZ,20220630,20220824,2,roe,exclude_this_table_symbol_period_ann_date_group
fina_indicator,000547.SZ,20220331,20220429,2,roe,exclude_this_table_symbol_period_ann_date_group
fina_indicator,000547.SZ,20211231,20220426,2,profit_dedt|roe,exclude_this_table_symbol_period_ann_date_group
fina_indicator,000547.SZ,20210930,20211030,2,roe,exclude_this_table_symbol_period_ann_date_group
fina_indicator,000547.SZ,20210630,20210828,2,roe,exclude_this_table_symbol_period_ann_date_group
fina_indicator,000547.SZ,20210331,20210428,2,roe,exclude_this_table_symbol_period_ann_date_group
fina_indicator,000547.SZ,20201231,20210428,2,profit_dedt|roe,exclude_this_table_symbol_period_ann_date_group
fina_indicator,000547.SZ,20200930,20201026,2,roe,exclude_this_table_symbol_period_ann_date_group
fina_indicator,000547.SZ,20200630,20200828,2,roe,exclude_this_table_symbol_period_ann_date_group
fina_indicator,000547.SZ,20200331,20200430,2,roe,exclude_this_table_symbol_period_ann_date_group
fina_indicator,000547.SZ,20191231,20200430,2,profit_dedt|roe,exclude_this_table_symbol_period_ann_date_group
fina_indicator,000547.SZ,20190930,20191025,2,roe,exclude_this_table_symbol_period_ann_date_group
fina_indicator,000547.SZ,20190630,20190830,2,roe,exclude_this_table_symbol_period_ann_date_group
fina_indicator,000547.SZ,20190331,20190426,2,roe,exclude_this_table_symbol_period_ann_date_group
fina_indicator,000547.SZ,20181231,20190420,2,profit_dedt|roe,exclude_this_table_symbol_period_ann_date_group
fina_indicator,000547.SZ,20180930,20181027,2,roe,exclude_this_table_symbol_period_ann_date_group
fina_indicator,000547.SZ,20180630,20180824,2,roe,exclude_this_table_symbol_period_ann_date_group
fina_indicator,000547.SZ,20180331,20180404,2,roe,exclude_this_table_symbol_period_ann_date_group
fina_indicator,000595.SZ,20230331,20230429,2,roe,exclude_this_table_symbol_period_ann_date_group
fina_indicator,000595.SZ,20221231,20230420,2,profit_dedt|roe,exclude_this_table_symbol_period_ann_date_group
fina_indicator,000595.SZ,20220930,20221026,2,roe,exclude_this_table_symbol_period_ann_date_group
fina_indicator,000595.SZ,20220630,20220824,2,roe,exclude_this_table_symbol_period_ann_date_group
fina_indicator,000595.SZ,20220331,20220427,2,roe,exclude_this_table_symbol_period_ann_date_group
fina_indicator,000595.SZ,20211231,20220420,2,profit_dedt|roe,exclude_this_table_symbol_period_ann_date_group
fina_indicator,000595.SZ,20210930,20211028,2,roe,exclude_this_table_symbol_period_ann_date_group
fina_indicator,000595.SZ,20210630,20210827,2,roe,exclude_this_table_symbol_period_ann_date_group
fina_indicator,000595.SZ,20210331,20210423,2,roe,exclude_this_table_symbol_period_ann_date_group
fina_indicator,000595.SZ,20201231,20210423,2,profit_dedt|roe,exclude_this_table_symbol_period_ann_date_group
fina_indicator,000595.SZ,20200930,20201028,2,roe,exclude_this_table_symbol_period_ann_date_group
fina_indicator,000595.SZ,20200630,20200828,2,roe,exclude_this_table_symbol_period_ann_date_group
fina_indicator,000595.SZ,20200331,20200428,2,roe,exclude_this_table_symbol_period_ann_date_group
fina_indicator,000595.SZ,20191231,20200428,2,profit_dedt|roe,exclude_this_table_symbol_period_ann_date_group
fina_indicator,000595.SZ,20190930,20191029,2,roe,exclude_this_table_symbol_period_ann_date_group
fina_indicator,000595.SZ,20190630,20190830,2,roe,exclude_this_table_symbol_period_ann_date_group
fina_indicator,000595.SZ,20190331,20190430,2,roe,exclude_this_table_symbol_period_ann_date_group
fina_indicator,000595.SZ,20181231,20190430,2,profit_dedt|roe,exclude_this_table_symbol_period_ann_date_group
fina_indicator,000595.SZ,20180930,20181031,2,roe,exclude_this_table_symbol_period_ann_date_group
fina_indicator,000595.SZ,20180630,20180821,2,roe,exclude_this_table_symbol_period_ann_date_group
fina_indicator,000595.SZ,20180331,20180428,2,roe,exclude_this_table_symbol_period_ann_date_group
fina_indicator,000615.SZ,20221231,20230429,2,profit_dedt|roe,exclude_this_table_symbol_period_ann_date_group
fina_indicator,000615.SZ,20220930,20221029,2,roe,exclude_this_table_symbol_period_ann_date_group
fina_indicator,000615.SZ,20220630,20220829,2,roe,exclude_this_table_symbol_period_ann_date_group
fina_indicator,000615.SZ,20220331,20220430,2,roe,exclude_this_table_symbol_period_ann_date_group
fina_indicator,000615.SZ,20211231,20220430,2,profit_dedt|roe,exclude_this_table_symbol_period_ann_date_group
fina_indicator,000615.SZ,20210930,20211030,2,roe,exclude_this_table_symbol_period_ann_date_group
fina_indicator,000615.SZ,20210630,20210830,2,roe,exclude_this_table_symbol_period_ann_date_group
fina_indicator,000615.SZ,20210331,20210429,2,roe,exclude_this_table_symbol_period_ann_date_group
fina_indicator,000615.SZ,20201231,20210429,2,profit_dedt|roe,exclude_this_table_symbol_period_ann_date_group
fina_indicator,000615.SZ,20200930,20201029,2,roe,exclude_this_table_symbol_period_ann_date_group
fina_indicator,000615.SZ,20200630,20200831,2,roe,exclude_this_table_symbol_period_ann_date_group
fina_indicator,000615.SZ,20200331,20200430,2,roe,exclude_this_table_symbol_period_ann_date_group
fina_indicator,000615.SZ,20191231,20200430,2,profit_dedt|roe,exclude_this_table_symbol_period_ann_date_group
fina_indicator,000615.SZ,20190930,20191031,2,roe,exclude_this_table_symbol_period_ann_date_group
fina_indicator,000615.SZ,20190331,20190430,2,roe,exclude_this_table_symbol_period_ann_date_group
fina_indicator,000615.SZ,20181231,20190328,2,profit_dedt|roe,exclude_this_table_symbol_period_ann_date_group
fina_indicator,000665.SZ,20241231,20250429,2,roe,exclude_this_table_symbol_period_ann_date_group
fina_indicator,000665.SZ,20240331,20240430,2,roe,exclude_this_table_symbol_period_ann_date_group
fina_indicator,000676.SZ,20230630,20230830,2,roe,exclude_this_table_symbol_period_ann_date_group
fina_indicator,000676.SZ,20230331,20230427,2,roe,exclude_this_table_symbol_period_ann_date_group
fina_indicator,000676.SZ,20221231,20230427,2,profit_dedt|roe,exclude_this_table_symbol_period_ann_date_group
fina_indicator,000676.SZ,20220930,20221027,2,roe,exclude_this_table_symbol_period_ann_date_group
fina_indicator,000676.SZ,20220630,20220827,2,roe,exclude_this_table_symbol_period_ann_date_group
fina_indicator,000676.SZ,20220331,20220428,2,roe,exclude_this_table_symbol_period_ann_date_group
fina_indicator,000676.SZ,20211231,20220428,2,profit_dedt|roe,exclude_this_table_symbol_period_ann_date_group
fina_indicator,000676.SZ,20210930,20211027,2,roe,exclude_this_table_symbol_period_ann_date_group
fina_indicator,000676.SZ,20210630,20210821,2,roe,exclude_this_table_symbol_period_ann_date_group
fina_indicator,000676.SZ,20210331,20210429,2,roe,exclude_this_table_symbol_period_ann_date_group
fina_indicator,000676.SZ,20201231,20210429,2,profit_dedt|roe,exclude_this_table_symbol_period_ann_date_group
fina_indicator,000692.SZ,20250331,20250430,2,roe,exclude_this_table_symbol_period_ann_date_group
fina_indicator,000698.SZ,20221231,20230429,2,profit_dedt|roe,exclude_this_table_symbol_period_ann_date_group
fina_indicator,000698.SZ,20220930,20221028,2,roe,exclude_this_table_symbol_period_ann_date_group
fina_indicator,000698.SZ,20220630,20220825,2,roe,exclude_this_table_symbol_period_ann_date_group
fina_indicator,000698.SZ,20220331,20220427,2,roe,exclude_this_table_symbol_period_ann_date_group
fina_indicator,000698.SZ,20211231,20220330,2,profit_dedt|roe,exclude_this_table_symbol_period_ann_date_group
fina_indicator,000698.SZ,20210930,20211022,2,roe,exclude_this_table_symbol_period_ann_date_group
fina_indicator,000698.SZ,20210630,20210825,2,roe,exclude_this_table_symbol_period_ann_date_group
fina_indicator,000698.SZ,20210331,20210422,2,roe,exclude_this_table_symbol_period_ann_date_group
fina_indicator,000698.SZ,20201231,20210319,2,profit_dedt|roe,exclude_this_table_symbol_period_ann_date_group
fina_indicator,000698.SZ,20200930,20201028,2,roe,exclude_this_table_symbol_period_ann_date_group
fina_indicator,000698.SZ,20200630,20200825,2,roe,exclude_this_table_symbol_period_ann_date_group
fina_indicator,000698.SZ,20200331,20200428,2,roe,exclude_this_table_symbol_period_ann_date_group
fina_indicator,000698.SZ,20191231,20200410,2,profit_dedt|roe,exclude_this_table_symbol_period_ann_date_group
fina_indicator,000698.SZ,20190930,20191028,2,roe,exclude_this_table_symbol_period_ann_date_group
fina_indicator,000698.SZ,20190630,20190823,2,roe,exclude_this_table_symbol_period_ann_date_group
fina_indicator,000698.SZ,20190331,20190430,2,roe,exclude_this_table_symbol_period_ann_date_group
fina_indicator,000698.SZ,20181231,20190321,2,profit_dedt|roe,exclude_this_table_symbol_period_ann_date_group
fina_indicator,000710.SZ,20221231,20230408,2,profit_dedt|roe,exclude_this_table_symbol_period_ann_date_group
fina_indicator,000710.SZ,20220930,20221029,2,roe,exclude_this_table_symbol_period_ann_date_group
fina_indicator,000710.SZ,20220630,20220813,2,roe,exclude_this_table_symbol_period_ann_date_group
fina_indicator,000710.SZ,20220331,20220415,2,roe,exclude_this_table_symbol_period_ann_date_group
fina_indicator,000710.SZ,20211231,20220415,2,profit_dedt|roe,exclude_this_table_symbol_period_ann_date_group
fina_indicator,000711.SZ,20211231,20220428,2,profit_dedt|roe,exclude_this_table_symbol_period_ann_date_group
fina_indicator,000711.SZ,20210930,20211029,2,roe,exclude_this_table_symbol_period_ann_date_group
fina_indicator,000711.SZ,20210630,20210826,2,roe,exclude_this_table_symbol_period_ann_date_group
fina_indicator,000711.SZ,20210331,20210430,2,roe,exclude_this_table_symbol_period_ann_date_group
fina_indicator,000711.SZ,20201231,20210427,2,profit_dedt|roe,exclude_this_table_symbol_period_ann_date_group
fina_indicator,000736.SZ,20250930,20251031,2,profit_dedt,exclude_this_table_symbol_period_ann_date_group
fina_indicator,000752.SZ,20230331,20230429,2,profit_dedt,exclude_this_table_symbol_period_ann_date_group
fina_indicator,000752.SZ,20221231,20230429,2,profit_dedt|roe,exclude_this_table_symbol_period_ann_date_group
fina_indicator,000752.SZ,20220930,20221027,2,roe,exclude_this_table_symbol_period_ann_date_group
fina_indicator,000752.SZ,20220630,20220830,2,roe,exclude_this_table_symbol_period_ann_date_group
fina_indicator,000752.SZ,20220331,20220429,2,roe,exclude_this_table_symbol_period_ann_date_group
fina_indicator,000752.SZ,20211231,20220429,2,profit_dedt|roe,exclude_this_table_symbol_period_ann_date_group
fina_indicator,000752.SZ,20210930,20211025,2,roe,exclude_this_table_symbol_period_ann_date_group
fina_indicator,000752.SZ,20210630,20210827,2,roe,exclude_this_table_symbol_period_ann_date_group
fina_indicator,000752.SZ,20210331,20210429,2,roe,exclude_this_table_symbol_period_ann_date_group
fina_indicator,000752.SZ,20201231,20210429,2,profit_dedt|roe,exclude_this_table_symbol_period_ann_date_group
fina_indicator,000752.SZ,20200930,20201029,2,roe,exclude_this_table_symbol_period_ann_date_group
fina_indicator,000752.SZ,20200630,20200829,2,roe,exclude_this_table_symbol_period_ann_date_group
fina_indicator,000752.SZ,20200331,20200429,2,roe,exclude_this_table_symbol_period_ann_date_group
fina_indicator,000752.SZ,20191231,20200429,2,profit_dedt|roe,exclude_this_table_symbol_period_ann_date_group
fina_indicator,000752.SZ,20190930,20191031,2,roe,exclude_this_table_symbol_period_ann_date_group
fina_indicator,000752.SZ,20190630,20190830,2,roe,exclude_this_table_symbol_period_ann_date_group
fina_indicator,000752.SZ,20190331,20190430,2,roe,exclude_this_table_symbol_period_ann_date_group
fina_indicator,000752.SZ,20181231,20190430,2,profit_dedt|roe,exclude_this_table_symbol_period_ann_date_group
fina_indicator,000752.SZ,20180630,20180830,2,profit_dedt|roe,exclude_this_table_symbol_period_ann_date_group
fina_indicator,000752.SZ,20180331,20180426,2,roe,exclude_this_table_symbol_period_ann_date_group
fina_indicator,000759.SZ,20230930,20231028,2,profit_dedt|roe,exclude_this_table_symbol_period_ann_date_group
fina_indicator,000759.SZ,20230331,20230428,2,profit_dedt|roe,exclude_this_table_symbol_period_ann_date_group
fina_indicator,000759.SZ,20221231,20230331,2,profit_dedt|roe,exclude_this_table_symbol_period_ann_date_group
fina_indicator,000759.SZ,20220930,20221029,2,roe,exclude_this_table_symbol_period_ann_date_group
fina_indicator,000759.SZ,20220630,20220827,2,roe,exclude_this_table_symbol_period_ann_date_group
fina_indicator,000759.SZ,20220331,20220429,2,roe,exclude_this_table_symbol_period_ann_date_group
fina_indicator,000759.SZ,20211231,20220326,2,profit_dedt|roe,exclude_this_table_symbol_period_ann_date_group
fina_indicator,000759.SZ,20210930,20211029,2,roe,exclude_this_table_symbol_period_ann_date_group
fina_indicator,000759.SZ,20210630,20210828,2,roe,exclude_this_table_symbol_period_ann_date_group
fina_indicator,000759.SZ,20210331,20210428,2,roe,exclude_this_table_symbol_period_ann_date_group
fina_indicator,000759.SZ,20201231,20210325,2,profit_dedt|roe,exclude_this_table_symbol_period_ann_date_group
fina_indicator,000759.SZ,20200930,20201029,2,roe,exclude_this_table_symbol_period_ann_date_group
fina_indicator,000759.SZ,20200630,20200828,2,roe,exclude_this_table_symbol_period_ann_date_group
fina_indicator,000759.SZ,20200331,20200429,2,roe,exclude_this_table_symbol_period_ann_date_group
fina_indicator,000759.SZ,20191231,20200429,2,profit_dedt|roe,exclude_this_table_symbol_period_ann_date_group
fina_indicator,000759.SZ,20190930,20191030,2,roe,exclude_this_table_symbol_period_ann_date_group
fina_indicator,000759.SZ,20190630,20190828,2,roe,exclude_this_table_symbol_period_ann_date_group
fina_indicator,000759.SZ,20190331,20190427,2,roe,exclude_this_table_symbol_period_ann_date_group
fina_indicator,000759.SZ,20181231,20190328,2,profit_dedt|roe,exclude_this_table_symbol_period_ann_date_group
fina_indicator,000759.SZ,20180930,20181027,2,roe,exclude_this_table_symbol_period_ann_date_group
fina_indicator,000759.SZ,20180630,20180818,2,roe,exclude_this_table_symbol_period_ann_date_group
fina_indicator,000759.SZ,20180331,20180428,2,roe,exclude_this_table_symbol_period_ann_date_group
fina_indicator,000796.SZ,20221231,20230429,2,profit_dedt,exclude_this_table_symbol_period_ann_date_group
fina_indicator,000858.SZ,20250630,20250828,2,profit_dedt|roe,exclude_this_table_symbol_period_ann_date_group
fina_indicator,000892.SZ,20231231,20240430,2,profit_dedt|roe,exclude_this_table_symbol_period_ann_date_group
fina_indicator,000892.SZ,20230630,20230731,2,roe,exclude_this_table_symbol_period_ann_date_group
fina_indicator,000892.SZ,20230331,20230421,2,roe,exclude_this_table_symbol_period_ann_date_group
fina_indicator,000892.SZ,20221231,20230421,2,roe,exclude_this_table_symbol_period_ann_date_group
fina_indicator,000892.SZ,20220930,20221031,2,profit_dedt|roe,exclude_this_table_symbol_period_ann_date_group
fina_indicator,000892.SZ,20220630,20220728,2,roe,exclude_this_table_symbol_period_ann_date_group
fina_indicator,000892.SZ,20220331,20220430,2,profit_dedt|roe,exclude_this_table_symbol_period_ann_date_group
fina_indicator,000902.SZ,20240930,20241018,2,profit_dedt|roe,exclude_this_table_symbol_period_ann_date_group
fina_indicator,000902.SZ,20201231,20210407,2,profit_dedt|roe,exclude_this_table_symbol_period_ann_date_group
fina_indicator,000902.SZ,20191231,20200430,2,profit_dedt|roe,exclude_this_table_symbol_period_ann_date_group
fina_indicator,000902.SZ,20181231,20190412,2,profit_dedt|roe,exclude_this_table_symbol_period_ann_date_group
fina_indicator,000903.SZ,20230331,20230429,2,profit_dedt|roe,exclude_this_table_symbol_period_ann_date_group
fina_indicator,000903.SZ,20221231,20230429,2,profit_dedt|roe,exclude_this_table_symbol_period_ann_date_group
fina_indicator,000903.SZ,20220930,20221031,2,profit_dedt|roe,exclude_this_table_symbol_period_ann_date_group
fina_indicator,000903.SZ,20220630,20220818,2,profit_dedt|roe,exclude_this_table_symbol_period_ann_date_group
fina_indicator,000903.SZ,20220331,20220428,2,profit_dedt|roe,exclude_this_table_symbol_period_ann_date_group
fina_indicator,000903.SZ,20211231,20220331,2,profit_dedt|roe,exclude_this_table_symbol_period_ann_date_group
fina_indicator,000903.SZ,20210930,20211028,2,profit_dedt|roe,exclude_this_table_symbol_period_ann_date_group
fina_indicator,000903.SZ,20210630,20210821,2,profit_dedt|roe,exclude_this_table_symbol_period_ann_date_group
fina_indicator,000903.SZ,20210331,20210430,2,profit_dedt|roe,exclude_this_table_symbol_period_ann_date_group
fina_indicator,000903.SZ,20201231,20210429,2,profit_dedt|roe,exclude_this_table_symbol_period_ann_date_group
fina_indicator,000903.SZ,20200930,20201015,2,profit_dedt|roe,exclude_this_table_symbol_period_ann_date_group
fina_indicator,000903.SZ,20200630,20200815,2,profit_dedt|roe,exclude_this_table_symbol_period_ann_date_group
fina_indicator,000903.SZ,20200331,20200425,2,profit_dedt|roe,exclude_this_table_symbol_period_ann_date_group
fina_indicator,000908.SZ,20211231,20220430,2,profit_dedt|roe,exclude_this_table_symbol_period_ann_date_group
fina_indicator,000908.SZ,20200630,20200828,2,roe,exclude_this_table_symbol_period_ann_date_group
fina_indicator,000909.SZ,20230331,20230429,2,profit_dedt|roe,exclude_this_table_symbol_period_ann_date_group
fina_indicator,000909.SZ,20221231,20230428,2,profit_dedt|roe,exclude_this_table_symbol_period_ann_date_group
fina_indicator,000909.SZ,20220930,20221026,2,roe,exclude_this_table_symbol_period_ann_date_group
fina_indicator,000909.SZ,20220630,20220827,2,roe,exclude_this_table_symbol_period_ann_date_group
fina_indicator,000909.SZ,20220331,20220430,2,roe,exclude_this_table_symbol_period_ann_date_group
fina_indicator,000909.SZ,20211231,20220430,2,profit_dedt|roe,exclude_this_table_symbol_period_ann_date_group
fina_indicator,000909.SZ,20210930,20211030,2,roe,exclude_this_table_symbol_period_ann_date_group
fina_indicator,000909.SZ,20210630,20210831,2,roe,exclude_this_table_symbol_period_ann_date_group
fina_indicator,000909.SZ,20201231,20210424,2,profit_dedt|roe,exclude_this_table_symbol_period_ann_date_group
fina_indicator,000936.SZ,20230331,20230427,2,roe,exclude_this_table_symbol_period_ann_date_group
fina_indicator,000936.SZ,20221231,20230427,2,profit_dedt|roe,exclude_this_table_symbol_period_ann_date_group
fina_indicator,000978.SZ,20230331,20230428,2,roe,exclude_this_table_symbol_period_ann_date_group
fina_indicator,000978.SZ,20221231,20230415,2,profit_dedt|roe,exclude_this_table_symbol_period_ann_date_group
fina_indicator,000980.SZ,20240930,20241030,2,profit_dedt|roe,exclude_this_table_symbol_period_ann_date_group
fina_indicator,000980.SZ,20230331,20230429,2,roe,exclude_this_table_symbol_period_ann_date_group
fina_indicator,000980.SZ,20221231,20230426,2,profit_dedt|roe,exclude_this_table_symbol_period_ann_date_group
fina_indicator,000980.SZ,20220930,20221031,2,roe,exclude_this_table_symbol_period_ann_date_group
fina_indicator,000980.SZ,20220630,20220809,2,roe,exclude_this_table_symbol_period_ann_date_group
fina_indicator,000980.SZ,20220331,20220429,2,roe,exclude_this_table_symbol_period_ann_date_group
fina_indicator,000980.SZ,20211231,20220426,2,profit_dedt,exclude_this_table_symbol_period_ann_date_group
fina_indicator,000981.SZ,20250331,20250430,2,profit_dedt|roe,exclude_this_table_symbol_period_ann_date_group
fina_indicator,000989.SZ,20230331,20230429,2,roe,exclude_this_table_symbol_period_ann_date_group
fina_indicator,000989.SZ,20221231,20230429,2,profit_dedt|roe,exclude_this_table_symbol_period_ann_date_group
fina_indicator,001266.SZ,20250930,20251029,2,profit_dedt|roe,exclude_this_table_symbol_period_ann_date_group
fina_indicator,001266.SZ,20250331,20250429,2,profit_dedt|roe,exclude_this_table_symbol_period_ann_date_group
fina_indicator,001286.SZ,20230930,20231027,2,profit_dedt|roe,exclude_this_table_symbol_period_ann_date_group
fina_indicator,002010.SZ,20250930,20251028,2,roe,exclude_this_table_symbol_period_ann_date_group
fina_indicator,002010.SZ,20230331,20230429,2,roe,exclude_this_table_symbol_period_ann_date_group
fina_indicator,002010.SZ,20221231,20230425,2,profit_dedt|roe,exclude_this_table_symbol_period_ann_date_group
fina_indicator,002037.SZ,20211231,20220430,2,roe,exclude_this_table_symbol_period_ann_date_group
fina_indicator,002037.SZ,20210930,20211028,2,roe,exclude_this_table_symbol_period_ann_date_group
fina_indicator,002037.SZ,20210630,20210827,2,roe,exclude_this_table_symbol_period_ann_date_group
fina_indicator,002037.SZ,20210331,20210429,2,roe,exclude_this_table_symbol_period_ann_date_group
fina_indicator,002037.SZ,20201231,20210429,2,profit_dedt|roe,exclude_this_table_symbol_period_ann_date_group
fina_indicator,002055.SZ,20230930,20231027,2,roe,exclude_this_table_symbol_period_ann_date_group
fina_indicator,002055.SZ,20230331,20230427,2,roe,exclude_this_table_symbol_period_ann_date_group
fina_indicator,002055.SZ,20221231,20230427,2,roe,exclude_this_table_symbol_period_ann_date_group
fina_indicator,002055.SZ,20220930,20221028,2,roe,exclude_this_table_symbol_period_ann_date_group
fina_indicator,002055.SZ,20220630,20220827,2,roe,exclude_this_table_symbol_period_ann_date_group
fina_indicator,002055.SZ,20220331,20220428,2,roe,exclude_this_table_symbol_period_ann_date_group
fina_indicator,002055.SZ,20211231,20220428,2,profit_dedt|roe,exclude_this_table_symbol_period_ann_date_group
fina_indicator,002055.SZ,20210930,20211023,2,roe,exclude_this_table_symbol_period_ann_date_group
fina_indicator,002055.SZ,20210630,20210828,2,roe,exclude_this_table_symbol_period_ann_date_group
fina_indicator,002055.SZ,20210331,20210429,2,roe,exclude_this_table_symbol_period_ann_date_group
fina_indicator,002055.SZ,20201231,20210429,2,profit_dedt|roe,exclude_this_table_symbol_period_ann_date_group
fina_indicator,002092.SZ,20230331,20230427,2,profit_dedt|roe,exclude_this_table_symbol_period_ann_date_group
fina_indicator,002092.SZ,20221231,20230331,2,profit_dedt|roe,exclude_this_table_symbol_period_ann_date_group
fina_indicator,002097.SZ,20231231,20240430,2,profit_dedt|roe,exclude_this_table_symbol_period_ann_date_group
fina_indicator,002097.SZ,20230331,20230429,2,profit_dedt|roe,exclude_this_table_symbol_period_ann_date_group
fina_indicator,002097.SZ,20221231,20230429,2,profit_dedt|roe,exclude_this_table_symbol_period_ann_date_group
fina_indicator,002097.SZ,20220930,20221031,2,roe,exclude_this_table_symbol_period_ann_date_group
fina_indicator,002097.SZ,20220630,20220831,2,roe,exclude_this_table_symbol_period_ann_date_group
fina_indicator,002097.SZ,20220331,20220430,2,roe,exclude_this_table_symbol_period_ann_date_group
fina_indicator,002097.SZ,20211231,20220430,2,profit_dedt|roe,exclude_this_table_symbol_period_ann_date_group
fina_indicator,002097.SZ,20210930,20211025,2,roe,exclude_this_table_symbol_period_ann_date_group
fina_indicator,002097.SZ,20210630,20210817,2,roe,exclude_this_table_symbol_period_ann_date_group
fina_indicator,002097.SZ,20210331,20210429,2,roe,exclude_this_table_symbol_period_ann_date_group
fina_indicator,002097.SZ,20201231,20210323,2,profit_dedt|roe,exclude_this_table_symbol_period_ann_date_group
fina_indicator,002100.SZ,20230331,20230429,2,roe,exclude_this_table_symbol_period_ann_date_group
fina_indicator,002100.SZ,20221231,20230429,2,profit_dedt|roe,exclude_this_table_symbol_period_ann_date_group
fina_indicator,002122.SZ,20240930,20241030,2,roe,exclude_this_table_symbol_period_ann_date_group
fina_indicator,002122.SZ,20231231,20240419,2,roe,exclude_this_table_symbol_period_ann_date_group
fina_indicator,002122.SZ,20230331,20230428,2,roe,exclude_this_table_symbol_period_ann_date_group
fina_indicator,002122.SZ,20221231,20230330,2,roe,exclude_this_table_symbol_period_ann_date_group
fina_indicator,002122.SZ,20220930,20221028,2,roe,exclude_this_table_symbol_period_ann_date_group
fina_indicator,002122.SZ,20220630,20220831,2,roe,exclude_this_table_symbol_period_ann_date_group
fina_indicator,002122.SZ,20220331,20220429,2,roe,exclude_this_table_symbol_period_ann_date_group
fina_indicator,002122.SZ,20211231,20220429,2,roe,exclude_this_table_symbol_period_ann_date_group
fina_indicator,002122.SZ,20210930,20211029,2,roe,exclude_this_table_symbol_period_ann_date_group
fina_indicator,002122.SZ,20210630,20210827,2,roe,exclude_this_table_symbol_period_ann_date_group
fina_indicator,002122.SZ,20210331,20210427,2,roe,exclude_this_table_symbol_period_ann_date_group
fina_indicator,002122.SZ,20201231,20210427,2,profit_dedt|roe,exclude_this_table_symbol_period_ann_date_group
fina_indicator,002122.SZ,20200930,20201023,2,roe,exclude_this_table_symbol_period_ann_date_group
fina_indicator,002122.SZ,20200630,20200828,2,roe,exclude_this_table_symbol_period_ann_date_group
fina_indicator,002122.SZ,20200331,20200429,2,roe,exclude_this_table_symbol_period_ann_date_group
fina_indicator,002122.SZ,20191231,20200429,2,profit_dedt|roe,exclude_this_table_symbol_period_ann_date_group
fina_indicator,002141.SZ,20230331,20230428,2,profit_dedt|roe,exclude_this_table_symbol_period_ann_date_group
fina_indicator,002163.SZ,20230331,20230427,2,roe,exclude_this_table_symbol_period_ann_date_group
fina_indicator,002163.SZ,20221231,20230427,2,profit_dedt|roe,exclude_this_table_symbol_period_ann_date_group
fina_indicator,002178.SZ,20220930,20221027,2,profit_dedt|roe,exclude_this_table_symbol_period_ann_date_group
fina_indicator,002178.SZ,20220630,20220816,2,profit_dedt|roe,exclude_this_table_symbol_period_ann_date_group
fina_indicator,002181.SZ,20230331,20230427,2,roe,exclude_this_table_symbol_period_ann_date_group
fina_indicator,002181.SZ,20221231,20230408,2,profit_dedt|roe,exclude_this_table_symbol_period_ann_date_group
fina_indicator,002196.SZ,20230331,20230429,2,roe,exclude_this_table_symbol_period_ann_date_group
fina_indicator,002196.SZ,20220331,20220415,2,roe,exclude_this_table_symbol_period_ann_date_group
fina_indicator,002196.SZ,20211231,20220415,2,profit_dedt|roe,exclude_this_table_symbol_period_ann_date_group
fina_indicator,002196.SZ,20210630,20210831,2,roe,exclude_this_table_symbol_period_ann_date_group
fina_indicator,002196.SZ,20210331,20210430,2,roe,exclude_this_table_symbol_period_ann_date_group
fina_indicator,002196.SZ,20201231,20210430,2,profit_dedt|roe,exclude_this_table_symbol_period_ann_date_group
fina_indicator,002196.SZ,20200630,20200828,2,roe,exclude_this_table_symbol_period_ann_date_group
fina_indicator,002197.SZ,20231231,20240430,2,profit_dedt|roe,exclude_this_table_symbol_period_ann_date_group
fina_indicator,002197.SZ,20230331,20230429,2,roe,exclude_this_table_symbol_period_ann_date_group
fina_indicator,002197.SZ,20221231,20230429,2,roe,exclude_this_table_symbol_period_ann_date_group
fina_indicator,002197.SZ,20211231,20220429,2,profit_dedt|roe,exclude_this_table_symbol_period_ann_date_group
fina_indicator,002200.SZ,20230331,20230427,2,roe,exclude_this_table_symbol_period_ann_date_group
fina_indicator,002200.SZ,20221231,20230427,2,profit_dedt|roe,exclude_this_table_symbol_period_ann_date_group
fina_indicator,002219.SZ,20231231,20240418,2,roe,exclude_this_table_symbol_period_ann_date_group
fina_indicator,002245.SZ,20221231,20230425,2,profit_dedt|roe,exclude_this_table_symbol_period_ann_date_group
fina_indicator,002271.SZ,20221231,20230413,2,profit_dedt|roe,exclude_this_table_symbol_period_ann_date_group
fina_indicator,002306.SZ,20240930,20241031,2,profit_dedt|roe,exclude_this_table_symbol_period_ann_date_group
fina_indicator,002306.SZ,20230331,20230427,2,roe,exclude_this_table_symbol_period_ann_date_group
fina_indicator,002306.SZ,20221231,20230408,2,profit_dedt|roe,exclude_this_table_symbol_period_ann_date_group
fina_indicator,002310.SZ,20220331,20220429,2,roe,exclude_this_table_symbol_period_ann_date_group
fina_indicator,002310.SZ,20211231,20220427,2,roe,exclude_this_table_symbol_period_ann_date_group
fina_indicator,002310.SZ,20210930,20211027,2,roe,exclude_this_table_symbol_period_ann_date_group
fina_indicator,002310.SZ,20210630,20210827,2,roe,exclude_this_table_symbol_period_ann_date_group
fina_indicator,002310.SZ,20210331,20210430,2,roe,exclude_this_table_symbol_period_ann_date_group
fina_indicator,002313.SZ,20230630,20230831,2,roe,exclude_this_table_symbol_period_ann_date_group
fina_indicator,002313.SZ,20230331,20230429,2,roe,exclude_this_table_symbol_period_ann_date_group
fina_indicator,002313.SZ,20221231,20230417,2,profit_dedt|roe,exclude_this_table_symbol_period_ann_date_group
fina_indicator,002313.SZ,20220930,20221031,2,roe,exclude_this_table_symbol_period_ann_date_group
fina_indicator,002313.SZ,20220630,20220831,2,roe,exclude_this_table_symbol_period_ann_date_group
fina_indicator,002313.SZ,20220331,20220430,2,roe,exclude_this_table_symbol_period_ann_date_group
fina_indicator,002313.SZ,20211231,20220430,2,profit_dedt|roe,exclude_this_table_symbol_period_ann_date_group
fina_indicator,002313.SZ,20210930,20211028,2,roe,exclude_this_table_symbol_period_ann_date_group
fina_indicator,002313.SZ,20210630,20210826,2,roe,exclude_this_table_symbol_period_ann_date_group
fina_indicator,002313.SZ,20210331,20210429,2,roe,exclude_this_table_symbol_period_ann_date_group
fina_indicator,002313.SZ,20201231,20210423,2,profit_dedt|roe,exclude_this_table_symbol_period_ann_date_group
fina_indicator,002313.SZ,20200930,20201028,2,roe,exclude_this_table_symbol_period_ann_date_group
fina_indicator,002313.SZ,20200630,20200825,2,roe,exclude_this_table_symbol_period_ann_date_group
fina_indicator,002313.SZ,20200331,20200430,2,roe,exclude_this_table_symbol_period_ann_date_group
fina_indicator,002313.SZ,20191231,20200430,2,profit_dedt|roe,exclude_this_table_symbol_period_ann_date_group
fina_indicator,002326.SZ,20221231,20230426,2,profit_dedt|roe,exclude_this_table_symbol_period_ann_date_group
fina_indicator,002342.SZ,20250930,20251028,2,roe,exclude_this_table_symbol_period_ann_date_group
fina_indicator,002342.SZ,20250630,20250815,2,roe,exclude_this_table_symbol_period_ann_date_group
fina_indicator,002357.SZ,20230331,20230426,2,roe,exclude_this_table_symbol_period_ann_date_group
fina_indicator,002357.SZ,20221231,20230426,2,profit_dedt|roe,exclude_this_table_symbol_period_ann_date_group
fina_indicator,002360.SZ,20250930,20251028,2,roe,exclude_this_table_symbol_period_ann_date_group
fina_indicator,002360.SZ,20250331,20250428,2,roe,exclude_this_table_symbol_period_ann_date_group
fina_indicator,002360.SZ,20240930,20241029,2,roe,exclude_this_table_symbol_period_ann_date_group
fina_indicator,002360.SZ,20230331,20230429,2,roe,exclude_this_table_symbol_period_ann_date_group
fina_indicator,002360.SZ,20221231,20230425,2,profit_dedt|roe,exclude_this_table_symbol_period_ann_date_group
fina_indicator,002360.SZ,20220930,20221031,2,roe,exclude_this_table_symbol_period_ann_date_group
fina_indicator,002360.SZ,20220630,20220816,2,roe,exclude_this_table_symbol_period_ann_date_group
fina_indicator,002360.SZ,20220331,20220426,2,roe,exclude_this_table_symbol_period_ann_date_group
fina_indicator,002360.SZ,20211231,20220412,2,profit_dedt|roe,exclude_this_table_symbol_period_ann_date_group
fina_indicator,002360.SZ,20210930,20211026,2,roe,exclude_this_table_symbol_period_ann_date_group
fina_indicator,002360.SZ,20210630,20210810,2,roe,exclude_this_table_symbol_period_ann_date_group
fina_indicator,002360.SZ,20210331,20210427,2,roe,exclude_this_table_symbol_period_ann_date_group
fina_indicator,002360.SZ,20201231,20210413,2,profit_dedt|roe,exclude_this_table_symbol_period_ann_date_group
fina_indicator,002360.SZ,20200930,20201027,2,roe,exclude_this_table_symbol_period_ann_date_group
fina_indicator,002360.SZ,20200630,20200811,2,roe,exclude_this_table_symbol_period_ann_date_group
fina_indicator,002360.SZ,20200331,20200421,2,roe,exclude_this_table_symbol_period_ann_date_group
fina_indicator,002360.SZ,20191231,20200421,2,profit_dedt|roe,exclude_this_table_symbol_period_ann_date_group
fina_indicator,002360.SZ,20190930,20191029,2,roe,exclude_this_table_symbol_period_ann_date_group
fina_indicator,002360.SZ,20190630,20190730,2,roe,exclude_this_table_symbol_period_ann_date_group
fina_indicator,002360.SZ,20190331,20190427,2,roe,exclude_this_table_symbol_period_ann_date_group
fina_indicator,002360.SZ,20181231,20190402,2,profit_dedt|roe,exclude_this_table_symbol_period_ann_date_group
fina_indicator,002360.SZ,20180930,20181023,2,roe,exclude_this_table_symbol_period_ann_date_group
fina_indicator,002360.SZ,20180630,20180731,2,roe,exclude_this_table_symbol_period_ann_date_group
fina_indicator,002360.SZ,20180331,20180428,2,roe,exclude_this_table_symbol_period_ann_date_group
fina_indicator,002368.SZ,20230331,20230428,2,roe,exclude_this_table_symbol_period_ann_date_group
fina_indicator,002368.SZ,20221231,20230407,2,profit_dedt|roe,exclude_this_table_symbol_period_ann_date_group
fina_indicator,002383.SZ,20200930,20201027,2,roe,exclude_this_table_symbol_period_ann_date_group
fina_indicator,002388.SZ,20230630,20230825,2,profit_dedt|roe,exclude_this_table_symbol_period_ann_date_group
fina_indicator,002388.SZ,20230331,20230428,2,profit_dedt|roe,exclude_this_table_symbol_period_ann_date_group
fina_indicator,002388.SZ,20221231,20230428,2,profit_dedt|roe,exclude_this_table_symbol_period_ann_date_group
fina_indicator,002413.SZ,20221231,20230417,2,profit_dedt|roe,exclude_this_table_symbol_period_ann_date_group
fina_indicator,002416.SZ,20230331,20230425,2,roe,exclude_this_table_symbol_period_ann_date_group
fina_indicator,002416.SZ,20221231,20230418,2,profit_dedt|roe,exclude_this_table_symbol_period_ann_date_group
fina_indicator,002416.SZ,20220930,20221025,2,roe,exclude_this_table_symbol_period_ann_date_group
fina_indicator,002416.SZ,20220630,20220823,2,roe,exclude_this_table_symbol_period_ann_date_group
fina_indicator,002416.SZ,20220331,20220426,2,roe,exclude_this_table_symbol_period_ann_date_group
fina_indicator,002416.SZ,20211231,20220329,2,profit_dedt|roe,exclude_this_table_symbol_period_ann_date_group
fina_indicator,002424.SZ,20221231,20230429,2,roe,exclude_this_table_symbol_period_ann_date_group
fina_indicator,002424.SZ,20220930,20221027,2,roe,exclude_this_table_symbol_period_ann_date_group
fina_indicator,002424.SZ,20220630,20220827,2,roe,exclude_this_table_symbol_period_ann_date_group
fina_indicator,002424.SZ,20220331,20220427,2,roe,exclude_this_table_symbol_period_ann_date_group
fina_indicator,002424.SZ,20211231,20220423,2,profit_dedt|roe,exclude_this_table_symbol_period_ann_date_group
fina_indicator,002424.SZ,20210930,20211029,2,roe,exclude_this_table_symbol_period_ann_date_group
fina_indicator,002424.SZ,20210630,20210830,2,roe,exclude_this_table_symbol_period_ann_date_group
fina_indicator,002424.SZ,20210331,20210430,2,roe,exclude_this_table_symbol_period_ann_date_group
fina_indicator,002424.SZ,20201231,20210430,2,profit_dedt|roe,exclude_this_table_symbol_period_ann_date_group
fina_indicator,002424.SZ,20200930,20201028,2,roe,exclude_this_table_symbol_period_ann_date_group
fina_indicator,002424.SZ,20200630,20200821,2,roe,exclude_this_table_symbol_period_ann_date_group
fina_indicator,002424.SZ,20200331,20200430,2,roe,exclude_this_table_symbol_period_ann_date_group
fina_indicator,002424.SZ,20191231,20200430,2,profit_dedt|roe,exclude_this_table_symbol_period_ann_date_group
fina_indicator,002425.SZ,20240930,20241030,2,roe,exclude_this_table_symbol_period_ann_date_group
fina_indicator,002425.SZ,20240630,20240828,2,roe,exclude_this_table_symbol_period_ann_date_group
fina_indicator,002425.SZ,20240331,20240430,2,roe,exclude_this_table_symbol_period_ann_date_group
fina_indicator,002425.SZ,20231231,20240430,2,roe,exclude_this_table_symbol_period_ann_date_group
fina_indicator,002425.SZ,20230331,20230427,2,roe,exclude_this_table_symbol_period_ann_date_group
fina_indicator,002425.SZ,20221231,20230427,2,profit_dedt|roe,exclude_this_table_symbol_period_ann_date_group
fina_indicator,002425.SZ,20220930,20221029,2,roe,exclude_this_table_symbol_period_ann_date_group
fina_indicator,002425.SZ,20220630,20220829,2,roe,exclude_this_table_symbol_period_ann_date_group
fina_indicator,002425.SZ,20220331,20220427,2,roe,exclude_this_table_symbol_period_ann_date_group
fina_indicator,002425.SZ,20211231,20220427,2,profit_dedt|roe,exclude_this_table_symbol_period_ann_date_group
fina_indicator,002462.SZ,20230331,20230427,2,roe,exclude_this_table_symbol_period_ann_date_group
fina_indicator,002462.SZ,20221231,20230421,2,profit_dedt|roe,exclude_this_table_symbol_period_ann_date_group
fina_indicator,002462.SZ,20220930,20221020,2,roe,exclude_this_table_symbol_period_ann_date_group
fina_indicator,002462.SZ,20220630,20220829,2,roe,exclude_this_table_symbol_period_ann_date_group
fina_indicator,002462.SZ,20220331,20220430,2,roe,exclude_this_table_symbol_period_ann_date_group
fina_indicator,002462.SZ,20211231,20220330,2,profit_dedt|roe,exclude_this_table_symbol_period_ann_date_group
fina_indicator,002462.SZ,20210930,20211023,2,roe,exclude_this_table_symbol_period_ann_date_group
fina_indicator,002462.SZ,20210630,20210827,2,roe,exclude_this_table_symbol_period_ann_date_group
fina_indicator,002462.SZ,20210331,20210430,2,roe,exclude_this_table_symbol_period_ann_date_group
fina_indicator,002462.SZ,20201231,20210331,2,profit_dedt|roe,exclude_this_table_symbol_period_ann_date_group
fina_indicator,002462.SZ,20200930,20201024,2,roe,exclude_this_table_symbol_period_ann_date_group
fina_indicator,002462.SZ,20200630,20200826,2,roe,exclude_this_table_symbol_period_ann_date_group
fina_indicator,002462.SZ,20200331,20200429,2,roe,exclude_this_table_symbol_period_ann_date_group
fina_indicator,002462.SZ,20191231,20200428,2,profit_dedt|roe,exclude_this_table_symbol_period_ann_date_group
fina_indicator,002462.SZ,20190930,20191017,2,roe,exclude_this_table_symbol_period_ann_date_group
fina_indicator,002462.SZ,20190630,20190822,2,roe,exclude_this_table_symbol_period_ann_date_group
fina_indicator,002462.SZ,20190331,20190424,2,roe,exclude_this_table_symbol_period_ann_date_group
fina_indicator,002462.SZ,20181231,20190228,2,profit_dedt|roe,exclude_this_table_symbol_period_ann_date_group
fina_indicator,002462.SZ,20180930,20181018,2,roe,exclude_this_table_symbol_period_ann_date_group
fina_indicator,002462.SZ,20180630,20180711,2,roe,exclude_this_table_symbol_period_ann_date_group
fina_indicator,002462.SZ,20180331,20180427,2,roe,exclude_this_table_symbol_period_ann_date_group
fina_indicator,002470.SZ,20240630,20240827,2,profit_dedt,exclude_this_table_symbol_period_ann_date_group
fina_indicator,002486.SZ,20230331,20230429,2,roe,exclude_this_table_symbol_period_ann_date_group
fina_indicator,002486.SZ,20221231,20230420,2,roe,exclude_this_table_symbol_period_ann_date_group
fina_indicator,002486.SZ,20220930,20221029,2,roe,exclude_this_table_symbol_period_ann_date_group
fina_indicator,002486.SZ,20220630,20220831,2,roe,exclude_this_table_symbol_period_ann_date_group
fina_indicator,002486.SZ,20220331,20220429,2,roe,exclude_this_table_symbol_period_ann_date_group
fina_indicator,002486.SZ,20211231,20220429,2,roe,exclude_this_table_symbol_period_ann_date_group
fina_indicator,002486.SZ,20210930,20211029,2,roe,exclude_this_table_symbol_period_ann_date_group
fina_indicator,002486.SZ,20210630,20210831,2,roe,exclude_this_table_symbol_period_ann_date_group
fina_indicator,002486.SZ,20210331,20210430,2,roe,exclude_this_table_symbol_period_ann_date_group
fina_indicator,002486.SZ,20201231,20210430,2,roe,exclude_this_table_symbol_period_ann_date_group
fina_indicator,002486.SZ,20200930,20201029,2,roe,exclude_this_table_symbol_period_ann_date_group
fina_indicator,002486.SZ,20200630,20200831,2,roe,exclude_this_table_symbol_period_ann_date_group
fina_indicator,002486.SZ,20200331,20200430,2,roe,exclude_this_table_symbol_period_ann_date_group
fina_indicator,002486.SZ,20191231,20200429,2,roe,exclude_this_table_symbol_period_ann_date_group
fina_indicator,002486.SZ,20190930,20191031,2,roe,exclude_this_table_symbol_period_ann_date_group
fina_indicator,002486.SZ,20190630,20190828,2,roe,exclude_this_table_symbol_period_ann_date_group
fina_indicator,002486.SZ,20190331,20190429,2,roe,exclude_this_table_symbol_period_ann_date_group
fina_indicator,002486.SZ,20181231,20190328,2,roe,exclude_this_table_symbol_period_ann_date_group
fina_indicator,002512.SZ,20231231,20240430,2,profit_dedt|roe,exclude_this_table_symbol_period_ann_date_group
fina_indicator,002512.SZ,20230331,20230428,2,profit_dedt|roe,exclude_this_table_symbol_period_ann_date_group
fina_indicator,002512.SZ,20221231,20230428,2,profit_dedt|roe,exclude_this_table_symbol_period_ann_date_group
fina_indicator,002512.SZ,20220930,20221031,2,profit_dedt|roe,exclude_this_table_symbol_period_ann_date_group
fina_indicator,002512.SZ,20220630,20220824,2,profit_dedt|roe,exclude_this_table_symbol_period_ann_date_group
fina_indicator,002512.SZ,20220331,20220428,2,profit_dedt|roe,exclude_this_table_symbol_period_ann_date_group
fina_indicator,002512.SZ,20211231,20220428,2,profit_dedt|roe,exclude_this_table_symbol_period_ann_date_group
fina_indicator,002514.SZ,20230331,20230428,2,roe,exclude_this_table_symbol_period_ann_date_group
fina_indicator,002514.SZ,20221231,20230315,2,profit_dedt|roe,exclude_this_table_symbol_period_ann_date_group
fina_indicator,002528.SZ,20240331,20240430,2,roe,exclude_this_table_symbol_period_ann_date_group
fina_indicator,002528.SZ,20230331,20230429,2,roe,exclude_this_table_symbol_period_ann_date_group
fina_indicator,002528.SZ,20221231,20230428,2,profit_dedt|roe,exclude_this_table_symbol_period_ann_date_group
fina_indicator,002528.SZ,20220930,20221027,2,roe,exclude_this_table_symbol_period_ann_date_group
fina_indicator,002528.SZ,20220630,20220827,2,roe,exclude_this_table_symbol_period_ann_date_group
fina_indicator,002528.SZ,20220331,20220430,2,roe,exclude_this_table_symbol_period_ann_date_group
fina_indicator,002528.SZ,20211231,20220421,2,profit_dedt|roe,exclude_this_table_symbol_period_ann_date_group
fina_indicator,002528.SZ,20210930,20211030,2,roe,exclude_this_table_symbol_period_ann_date_group
fina_indicator,002528.SZ,20210630,20210821,2,roe,exclude_this_table_symbol_period_ann_date_group
fina_indicator,002528.SZ,20210331,20210428,2,roe,exclude_this_table_symbol_period_ann_date_group
fina_indicator,002528.SZ,20201231,20210331,2,profit_dedt|roe,exclude_this_table_symbol_period_ann_date_group
fina_indicator,002528.SZ,20200930,20201029,2,roe,exclude_this_table_symbol_period_ann_date_group
fina_indicator,002528.SZ,20200630,20200822,2,roe,exclude_this_table_symbol_period_ann_date_group
fina_indicator,002528.SZ,20200331,20200430,2,roe,exclude_this_table_symbol_period_ann_date_group
fina_indicator,002528.SZ,20191231,20200430,2,profit_dedt|roe,exclude_this_table_symbol_period_ann_date_group
fina_indicator,002538.SZ,20230331,20230429,2,roe,exclude_this_table_symbol_period_ann_date_group
fina_indicator,002538.SZ,20221231,20230421,2,profit_dedt|roe,exclude_this_table_symbol_period_ann_date_group
fina_indicator,002538.SZ,20220930,20221031,2,roe,exclude_this_table_symbol_period_ann_date_group
fina_indicator,002538.SZ,20220630,20220820,2,roe,exclude_this_table_symbol_period_ann_date_group
fina_indicator,002538.SZ,20220331,20220430,2,roe,exclude_this_table_symbol_period_ann_date_group
fina_indicator,002538.SZ,20211231,20220420,2,profit_dedt|roe,exclude_this_table_symbol_period_ann_date_group
fina_indicator,002550.SZ,20240930,20241018,2,profit_dedt|roe,exclude_this_table_symbol_period_ann_date_group
fina_indicator,002557.SZ,20250630,20250822,2,profit_dedt|roe,exclude_this_table_symbol_period_ann_date_group
fina_indicator,002564.SZ,20200930,20201024,2,roe,exclude_this_table_symbol_period_ann_date_group
fina_indicator,002565.SZ,20230331,20230427,2,profit_dedt|roe,exclude_this_table_symbol_period_ann_date_group
fina_indicator,002569.SZ,20221231,20230429,2,profit_dedt|roe,exclude_this_table_symbol_period_ann_date_group
fina_indicator,002569.SZ,20220930,20221031,2,roe,exclude_this_table_symbol_period_ann_date_group
fina_indicator,002569.SZ,20220630,20220808,2,roe,exclude_this_table_symbol_period_ann_date_group
fina_indicator,002569.SZ,20220331,20220429,2,roe,exclude_this_table_symbol_period_ann_date_group
fina_indicator,002569.SZ,20211231,20220429,2,profit_dedt|roe,exclude_this_table_symbol_period_ann_date_group
fina_indicator,002569.SZ,20191231,20200430,2,profit_dedt|roe,exclude_this_table_symbol_period_ann_date_group
fina_indicator,002581.SZ,20230331,20230427,2,roe,exclude_this_table_symbol_period_ann_date_group
fina_indicator,002581.SZ,20221231,20230427,2,roe,exclude_this_table_symbol_period_ann_date_group
fina_indicator,002581.SZ,20220930,20221031,2,roe,exclude_this_table_symbol_period_ann_date_group
fina_indicator,002581.SZ,20220630,20220830,2,roe,exclude_this_table_symbol_period_ann_date_group
fina_indicator,002581.SZ,20220331,20220430,2,roe,exclude_this_table_symbol_period_ann_date_group
fina_indicator,002581.SZ,20211231,20220430,2,roe,exclude_this_table_symbol_period_ann_date_group
fina_indicator,002581.SZ,20210930,20211030,2,roe,exclude_this_table_symbol_period_ann_date_group
fina_indicator,002581.SZ,20210630,20210831,2,roe,exclude_this_table_symbol_period_ann_date_group
fina_indicator,002581.SZ,20210331,20210429,2,roe,exclude_this_table_symbol_period_ann_date_group
fina_indicator,002581.SZ,20201231,20210429,2,roe,exclude_this_table_symbol_period_ann_date_group
fina_indicator,002581.SZ,20200930,20201027,2,roe,exclude_this_table_symbol_period_ann_date_group
fina_indicator,002581.SZ,20200630,20200827,2,roe,exclude_this_table_symbol_period_ann_date_group
fina_indicator,002581.SZ,20200331,20200430,2,roe,exclude_this_table_symbol_period_ann_date_group
fina_indicator,002581.SZ,20191231,20200624,2,roe,exclude_this_table_symbol_period_ann_date_group
fina_indicator,002581.SZ,20190930,20191030,2,roe,exclude_this_table_symbol_period_ann_date_group
fina_indicator,002581.SZ,20190630,20190828,2,roe,exclude_this_table_symbol_period_ann_date_group
fina_indicator,002581.SZ,20190331,20190425,2,roe,exclude_this_table_symbol_period_ann_date_group
fina_indicator,002581.SZ,20181231,20190425,2,profit_dedt|roe,exclude_this_table_symbol_period_ann_date_group
fina_indicator,002581.SZ,20180930,20181023,2,roe,exclude_this_table_symbol_period_ann_date_group
fina_indicator,002581.SZ,20180630,20180822,2,roe,exclude_this_table_symbol_period_ann_date_group
fina_indicator,002581.SZ,20180331,20180428,2,roe,exclude_this_table_symbol_period_ann_date_group
fina_indicator,002586.SZ,20230930,20231028,2,profit_dedt|roe,exclude_this_table_symbol_period_ann_date_group
fina_indicator,002586.SZ,20230331,20230429,2,roe,exclude_this_table_symbol_period_ann_date_group
fina_indicator,002586.SZ,20221231,20230429,2,profit_dedt|roe,exclude_this_table_symbol_period_ann_date_group
fina_indicator,002586.SZ,20220930,20221027,2,roe,exclude_this_table_symbol_period_ann_date_group
fina_indicator,002586.SZ,20220630,20220830,2,roe,exclude_this_table_symbol_period_ann_date_group
fina_indicator,002586.SZ,20220331,20220430,2,roe,exclude_this_table_symbol_period_ann_date_group
fina_indicator,002586.SZ,20211231,20220430,2,profit_dedt|roe,exclude_this_table_symbol_period_ann_date_group
fina_indicator,002586.SZ,20210930,20211026,2,roe,exclude_this_table_symbol_period_ann_date_group
fina_indicator,002586.SZ,20210331,20210429,2,roe,exclude_this_table_symbol_period_ann_date_group
fina_indicator,002586.SZ,20200930,20201031,2,profit_dedt|roe,exclude_this_table_symbol_period_ann_date_group
fina_indicator,002586.SZ,20190930,20191030,2,roe,exclude_this_table_symbol_period_ann_date_group
fina_indicator,002586.SZ,20190630,20190829,2,roe,exclude_this_table_symbol_period_ann_date_group
fina_indicator,002586.SZ,20190331,20190430,2,roe,exclude_this_table_symbol_period_ann_date_group
fina_indicator,002586.SZ,20181231,20190430,2,profit_dedt|roe,exclude_this_table_symbol_period_ann_date_group
fina_indicator,002598.SZ,20250331,20250429,2,roe,exclude_this_table_symbol_period_ann_date_group
fina_indicator,002602.SZ,20230331,20230429,2,roe,exclude_this_table_symbol_period_ann_date_group
fina_indicator,002602.SZ,20221231,20230429,2,profit_dedt|roe,exclude_this_table_symbol_period_ann_date_group
fina_indicator,002602.SZ,20220930,20221031,2,roe,exclude_this_table_symbol_period_ann_date_group
fina_indicator,002602.SZ,20220630,20220831,2,roe,exclude_this_table_symbol_period_ann_date_group
fina_indicator,002602.SZ,20220331,20220430,2,roe,exclude_this_table_symbol_period_ann_date_group
fina_indicator,002602.SZ,20211231,20220430,2,profit_dedt|roe,exclude_this_table_symbol_period_ann_date_group
fina_indicator,002602.SZ,20210930,20211029,2,roe,exclude_this_table_symbol_period_ann_date_group
fina_indicator,002602.SZ,20210630,20210831,2,roe,exclude_this_table_symbol_period_ann_date_group
fina_indicator,002602.SZ,20210331,20210430,2,roe,exclude_this_table_symbol_period_ann_date_group
fina_indicator,002602.SZ,20201231,20210430,2,profit_dedt|roe,exclude_this_table_symbol_period_ann_date_group
fina_indicator,002602.SZ,20200930,20201031,2,roe,exclude_this_table_symbol_period_ann_date_group
fina_indicator,002602.SZ,20200630,20200829,2,roe,exclude_this_table_symbol_period_ann_date_group
fina_indicator,002602.SZ,20200331,20200430,2,roe,exclude_this_table_symbol_period_ann_date_group
fina_indicator,002602.SZ,20191231,20200530,2,roe,exclude_this_table_symbol_period_ann_date_group
fina_indicator,002602.SZ,20190930,20191029,2,roe,exclude_this_table_symbol_period_ann_date_group
fina_indicator,002602.SZ,20190630,20190827,2,roe,exclude_this_table_symbol_period_ann_date_group
fina_indicator,002602.SZ,20190331,20190430,2,roe,exclude_this_table_symbol_period_ann_date_group
fina_indicator,002602.SZ,20181231,20190427,2,profit_dedt|roe,exclude_this_table_symbol_period_ann_date_group
fina_indicator,002630.SZ,20250331,20250430,2,roe,exclude_this_table_symbol_period_ann_date_group
fina_indicator,002639.SZ,20240930,20241029,2,roe,exclude_this_table_symbol_period_ann_date_group
fina_indicator,002643.SZ,20230930,20231028,2,profit_dedt|roe,exclude_this_table_symbol_period_ann_date_group
fina_indicator,002643.SZ,20230331,20230420,2,roe,exclude_this_table_symbol_period_ann_date_group
fina_indicator,002643.SZ,20221231,20230420,2,roe,exclude_this_table_symbol_period_ann_date_group
fina_indicator,002643.SZ,20220930,20221028,2,roe,exclude_this_table_symbol_period_ann_date_group
fina_indicator,002643.SZ,20220630,20220820,2,roe,exclude_this_table_symbol_period_ann_date_group
fina_indicator,002643.SZ,20220331,20220428,2,roe,exclude_this_table_symbol_period_ann_date_group
fina_indicator,002643.SZ,20211231,20220326,2,roe,exclude_this_table_symbol_period_ann_date_group
fina_indicator,002657.SZ,20250630,20250801,2,roe,exclude_this_table_symbol_period_ann_date_group
fina_indicator,002657.SZ,20240930,20241024,2,roe,exclude_this_table_symbol_period_ann_date_group
fina_indicator,002681.SZ,20230331,20230429,2,profit_dedt|roe,exclude_this_table_symbol_period_ann_date_group
fina_indicator,002681.SZ,20221231,20230429,2,profit_dedt|roe,exclude_this_table_symbol_period_ann_date_group
fina_indicator,002681.SZ,20220930,20221027,2,roe,exclude_this_table_symbol_period_ann_date_group
fina_indicator,002681.SZ,20220630,20220824,2,roe,exclude_this_table_symbol_period_ann_date_group
fina_indicator,002681.SZ,20220331,20220429,2,roe,exclude_this_table_symbol_period_ann_date_group
fina_indicator,002681.SZ,20211231,20220429,2,profit_dedt|roe,exclude_this_table_symbol_period_ann_date_group
fina_indicator,002689.SZ,20221231,20230429,2,profit_dedt,exclude_this_table_symbol_period_ann_date_group
fina_indicator,002689.SZ,20211231,20220413,2,profit_dedt,exclude_this_table_symbol_period_ann_date_group
fina_indicator,002717.SZ,20230331,20230429,2,roe,exclude_this_table_symbol_period_ann_date_group
fina_indicator,002717.SZ,20221231,20230429,2,profit_dedt|roe,exclude_this_table_symbol_period_ann_date_group
fina_indicator,002717.SZ,20220930,20221031,2,roe,exclude_this_table_symbol_period_ann_date_group
fina_indicator,002717.SZ,20220630,20220829,2,roe,exclude_this_table_symbol_period_ann_date_group
fina_indicator,002717.SZ,20220331,20220430,2,roe,exclude_this_table_symbol_period_ann_date_group
fina_indicator,002717.SZ,20211231,20220430,2,profit_dedt|roe,exclude_this_table_symbol_period_ann_date_group
fina_indicator,002719.SZ,20230331,20230427,2,roe,exclude_this_table_symbol_period_ann_date_group
fina_indicator,002719.SZ,20221231,20230427,2,profit_dedt|roe,exclude_this_table_symbol_period_ann_date_group
fina_indicator,002726.SZ,20230331,20230429,2,profit_dedt|roe,exclude_this_table_symbol_period_ann_date_group
fina_indicator,002726.SZ,20221231,20230429,2,profit_dedt|roe,exclude_this_table_symbol_period_ann_date_group
fina_indicator,002726.SZ,20220930,20221026,2,profit_dedt|roe,exclude_this_table_symbol_period_ann_date_group
fina_indicator,002726.SZ,20220630,20220830,2,profit_dedt|roe,exclude_this_table_symbol_period_ann_date_group
fina_indicator,002726.SZ,20220331,20220430,2,profit_dedt|roe,exclude_this_table_symbol_period_ann_date_group
fina_indicator,002726.SZ,20211231,20220430,2,profit_dedt|roe,exclude_this_table_symbol_period_ann_date_group
fina_indicator,002726.SZ,20210930,20211030,2,profit_dedt|roe,exclude_this_table_symbol_period_ann_date_group
fina_indicator,002726.SZ,20210630,20210831,2,profit_dedt|roe,exclude_this_table_symbol_period_ann_date_group
fina_indicator,002726.SZ,20210331,20210429,2,profit_dedt|roe,exclude_this_table_symbol_period_ann_date_group
fina_indicator,002729.SZ,20230630,20230830,2,profit_dedt,exclude_this_table_symbol_period_ann_date_group
fina_indicator,002729.SZ,20230331,20230427,2,profit_dedt,exclude_this_table_symbol_period_ann_date_group
fina_indicator,002729.SZ,20221231,20230324,2,profit_dedt,exclude_this_table_symbol_period_ann_date_group
fina_indicator,002729.SZ,20220930,20221031,2,profit_dedt,exclude_this_table_symbol_period_ann_date_group
fina_indicator,002785.SZ,20250331,20250429,2,profit_dedt|roe,exclude_this_table_symbol_period_ann_date_group
fina_indicator,002785.SZ,20230331,20230428,2,roe,exclude_this_table_symbol_period_ann_date_group
fina_indicator,002785.SZ,20221231,20230426,2,profit_dedt|roe,exclude_this_table_symbol_period_ann_date_group
fina_indicator,002785.SZ,20211231,20220420,2,profit_dedt|roe,exclude_this_table_symbol_period_ann_date_group
fina_indicator,002799.SZ,20230331,20230429,2,roe,exclude_this_table_symbol_period_ann_date_group
fina_indicator,002799.SZ,20221231,20230429,2,profit_dedt|roe,exclude_this_table_symbol_period_ann_date_group
fina_indicator,002808.SZ,20230331,20230429,2,roe,exclude_this_table_symbol_period_ann_date_group
fina_indicator,002808.SZ,20221231,20230429,2,profit_dedt|roe,exclude_this_table_symbol_period_ann_date_group
fina_indicator,002808.SZ,20220930,20221031,2,roe,exclude_this_table_symbol_period_ann_date_group
fina_indicator,002808.SZ,20220630,20220825,2,roe,exclude_this_table_symbol_period_ann_date_group
fina_indicator,002808.SZ,20220331,20220428,2,roe,exclude_this_table_symbol_period_ann_date_group
fina_indicator,002808.SZ,20211231,20220423,2,profit_dedt|roe,exclude_this_table_symbol_period_ann_date_group
fina_indicator,002808.SZ,20210930,20211029,2,roe,exclude_this_table_symbol_period_ann_date_group
fina_indicator,002808.SZ,20210630,20210826,2,roe,exclude_this_table_symbol_period_ann_date_group
fina_indicator,002808.SZ,20210331,20210428,2,roe,exclude_this_table_symbol_period_ann_date_group
fina_indicator,002808.SZ,20201231,20210428,2,profit_dedt|roe,exclude_this_table_symbol_period_ann_date_group
fina_indicator,002808.SZ,20200930,20201029,2,roe,exclude_this_table_symbol_period_ann_date_group
fina_indicator,002808.SZ,20200630,20200828,2,roe,exclude_this_table_symbol_period_ann_date_group
fina_indicator,002808.SZ,20200331,20200429,2,roe,exclude_this_table_symbol_period_ann_date_group
fina_indicator,002808.SZ,20191231,20200422,2,profit_dedt|roe,exclude_this_table_symbol_period_ann_date_group
fina_indicator,002822.SZ,20230331,20230429,2,roe,exclude_this_table_symbol_period_ann_date_group
fina_indicator,002822.SZ,20221231,20230427,2,profit_dedt|roe,exclude_this_table_symbol_period_ann_date_group
fina_indicator,002822.SZ,20211231,20220428,2,roe,exclude_this_table_symbol_period_ann_date_group
fina_indicator,002822.SZ,20210930,20211027,2,roe,exclude_this_table_symbol_period_ann_date_group
fina_indicator,002822.SZ,20210630,20210826,2,roe,exclude_this_table_symbol_period_ann_date_group
fina_indicator,002822.SZ,20210331,20210429,2,roe,exclude_this_table_symbol_period_ann_date_group
fina_indicator,002822.SZ,20201231,20210428,2,profit_dedt|roe,exclude_this_table_symbol_period_ann_date_group
fina_indicator,002822.SZ,20200930,20201028,2,roe,exclude_this_table_symbol_period_ann_date_group
fina_indicator,002822.SZ,20200630,20200826,2,roe,exclude_this_table_symbol_period_ann_date_group
fina_indicator,002822.SZ,20200331,20200430,2,roe,exclude_this_table_symbol_period_ann_date_group
fina_indicator,002822.SZ,20191231,20200428,2,profit_dedt|roe,exclude_this_table_symbol_period_ann_date_group
fina_indicator,002822.SZ,20190930,20191030,2,roe,exclude_this_table_symbol_period_ann_date_group
fina_indicator,002822.SZ,20190630,20190828,2,roe,exclude_this_table_symbol_period_ann_date_group
fina_indicator,002822.SZ,20190331,20190426,2,roe,exclude_this_table_symbol_period_ann_date_group
fina_indicator,002822.SZ,20181231,20190426,2,profit_dedt|roe,exclude_this_table_symbol_period_ann_date_group
fina_indicator,002822.SZ,20180930,20181030,2,roe,exclude_this_table_symbol_period_ann_date_group
fina_indicator,002822.SZ,20180630,20180824,2,roe,exclude_this_table_symbol_period_ann_date_group
fina_indicator,002822.SZ,20180331,20180424,2,roe,exclude_this_table_symbol_period_ann_date_group
fina_indicator,002872.SZ,20201231,20210427,2,profit_dedt|roe,exclude_this_table_symbol_period_ann_date_group
fina_indicator,002872.SZ,20200930,20201028,2,roe,exclude_this_table_symbol_period_ann_date_group
fina_indicator,002872.SZ,20200630,20200826,2,roe,exclude_this_table_symbol_period_ann_date_group
fina_indicator,002872.SZ,20200331,20200428,2,roe,exclude_this_table_symbol_period_ann_date_group
fina_indicator,002872.SZ,20191231,20200428,2,profit_dedt|roe,exclude_this_table_symbol_period_ann_date_group
fina_indicator,002872.SZ,20190930,20191029,2,roe,exclude_this_table_symbol_period_ann_date_group
fina_indicator,002872.SZ,20190630,20190827,2,roe,exclude_this_table_symbol_period_ann_date_group
fina_indicator,002872.SZ,20190331,20190426,2,roe,exclude_this_table_symbol_period_ann_date_group
fina_indicator,002872.SZ,20181231,20190426,2,profit_dedt|roe,exclude_this_table_symbol_period_ann_date_group
fina_indicator,002872.SZ,20180930,20181030,2,roe,exclude_this_table_symbol_period_ann_date_group
fina_indicator,002872.SZ,20180630,20180830,2,roe,exclude_this_table_symbol_period_ann_date_group
fina_indicator,002872.SZ,20180331,20180427,2,roe,exclude_this_table_symbol_period_ann_date_group
fina_indicator,002877.SZ,20221231,20230424,2,profit_dedt|roe,exclude_this_table_symbol_period_ann_date_group
fina_indicator,002878.SZ,20240331,20240430,2,profit_dedt|roe,exclude_this_table_symbol_period_ann_date_group
fina_indicator,002883.SZ,20250331,20250429,2,profit_dedt|roe,exclude_this_table_symbol_period_ann_date_group
fina_indicator,002883.SZ,20230331,20230426,2,roe,exclude_this_table_symbol_period_ann_date_group
fina_indicator,002883.SZ,20221231,20230422,2,profit_dedt|roe,exclude_this_table_symbol_period_ann_date_group
fina_indicator,002892.SZ,20230331,20230426,2,roe,exclude_this_table_symbol_period_ann_date_group
fina_indicator,002892.SZ,20221231,20230426,2,profit_dedt|roe,exclude_this_table_symbol_period_ann_date_group
fina_indicator,002928.SZ,20220930,20221028,2,profit_dedt,exclude_this_table_symbol_period_ann_date_group
fina_indicator,002948.SZ,20230930,20231027,2,profit_dedt|roe,exclude_this_table_symbol_period_ann_date_group
fina_indicator,002965.SZ,20210630,20210828,2,profit_dedt,exclude_this_table_symbol_period_ann_date_group
fina_indicator,003018.SZ,20230331,20230427,2,roe,exclude_this_table_symbol_period_ann_date_group
fina_indicator,003018.SZ,20221231,20230328,2,profit_dedt|roe,exclude_this_table_symbol_period_ann_date_group
fina_indicator,600023.SH,20240331,20240430,2,profit_dedt|roe,exclude_this_table_symbol_period_ann_date_group
fina_indicator,600023.SH,20200630,20200826,2,roe,exclude_this_table_symbol_period_ann_date_group
fina_indicator,600053.SH,20250630,20250828,2,roe,exclude_this_table_symbol_period_ann_date_group
fina_indicator,600053.SH,20250331,20250429,2,roe,exclude_this_table_symbol_period_ann_date_group
fina_indicator,600053.SH,20240331,20240430,2,profit_dedt|roe,exclude_this_table_symbol_period_ann_date_group
fina_indicator,600053.SH,20231231,20240416,2,profit_dedt|roe,exclude_this_table_symbol_period_ann_date_group
fina_indicator,600076.SH,20250930,20251028,2,roe,exclude_this_table_symbol_period_ann_date_group
fina_indicator,600076.SH,20231231,20240420,2,profit_dedt|roe,exclude_this_table_symbol_period_ann_date_group
fina_indicator,600076.SH,20230630,20230830,2,roe,exclude_this_table_symbol_period_ann_date_group
fina_indicator,600076.SH,20230331,20230422,2,roe,exclude_this_table_symbol_period_ann_date_group
fina_indicator,600076.SH,20221231,20230422,2,profit_dedt|roe,exclude_this_table_symbol_period_ann_date_group
fina_indicator,600076.SH,20220930,20221029,2,roe,exclude_this_table_symbol_period_ann_date_group
fina_indicator,600076.SH,20220630,20220819,2,roe,exclude_this_table_symbol_period_ann_date_group
fina_indicator,600076.SH,20220331,20220430,2,roe,exclude_this_table_symbol_period_ann_date_group
fina_indicator,600076.SH,20211231,20220402,2,profit_dedt|roe,exclude_this_table_symbol_period_ann_date_group
fina_indicator,600076.SH,20210930,20211030,2,roe,exclude_this_table_symbol_period_ann_date_group
fina_indicator,600076.SH,20210630,20210821,2,roe,exclude_this_table_symbol_period_ann_date_group
fina_indicator,600076.SH,20210331,20210428,2,roe,exclude_this_table_symbol_period_ann_date_group
fina_indicator,600076.SH,20201231,20210428,2,profit_dedt|roe,exclude_this_table_symbol_period_ann_date_group
fina_indicator,600076.SH,20191231,20200520,2,profit_dedt|roe,exclude_this_table_symbol_period_ann_date_group
fina_indicator,600082.SH,20221231,20230428,2,profit_dedt|roe,exclude_this_table_symbol_period_ann_date_group
fina_indicator,600082.SH,20211231,20220430,2,profit_dedt|roe,exclude_this_table_symbol_period_ann_date_group
fina_indicator,600084.SH,20230331,20230426,2,roe,exclude_this_table_symbol_period_ann_date_group
fina_indicator,600084.SH,20221231,20230426,2,profit_dedt|roe,exclude_this_table_symbol_period_ann_date_group
fina_indicator,600084.SH,20220930,20221028,2,roe,exclude_this_table_symbol_period_ann_date_group
fina_indicator,600084.SH,20220331,20220429,2,roe,exclude_this_table_symbol_period_ann_date_group
fina_indicator,600084.SH,20211231,20220426,2,profit_dedt|roe,exclude_this_table_symbol_period_ann_date_group
fina_indicator,600084.SH,20210930,20211023,2,roe,exclude_this_table_symbol_period_ann_date_group
fina_indicator,600084.SH,20210630,20210826,2,roe,exclude_this_table_symbol_period_ann_date_group
fina_indicator,600084.SH,20210331,20210429,2,roe,exclude_this_table_symbol_period_ann_date_group
fina_indicator,600084.SH,20201231,20210424,2,profit_dedt|roe,exclude_this_table_symbol_period_ann_date_group
fina_indicator,600084.SH,20191231,20200429,2,roe,exclude_this_table_symbol_period_ann_date_group
fina_indicator,600084.SH,20181231,20190425,2,profit_dedt|roe,exclude_this_table_symbol_period_ann_date_group
fina_indicator,600105.SH,20230331,20230427,2,roe,exclude_this_table_symbol_period_ann_date_group
fina_indicator,600105.SH,20221231,20230418,2,profit_dedt|roe,exclude_this_table_symbol_period_ann_date_group
fina_indicator,600105.SH,20220930,20221028,2,roe,exclude_this_table_symbol_period_ann_date_group
fina_indicator,600105.SH,20220630,20220826,2,roe,exclude_this_table_symbol_period_ann_date_group
fina_indicator,600105.SH,20220331,20220428,2,roe,exclude_this_table_symbol_period_ann_date_group
fina_indicator,600105.SH,20211231,20220426,2,roe,exclude_this_table_symbol_period_ann_date_group
fina_indicator,600105.SH,20210930,20211029,2,roe,exclude_this_table_symbol_period_ann_date_group
fina_indicator,600105.SH,20210630,20210825,2,roe,exclude_this_table_symbol_period_ann_date_group
fina_indicator,600105.SH,20210331,20210427,2,roe,exclude_this_table_symbol_period_ann_date_group
fina_indicator,600105.SH,20201231,20210420,2,profit_dedt|roe,exclude_this_table_symbol_period_ann_date_group
fina_indicator,600105.SH,20200930,20201029,2,roe,exclude_this_table_symbol_period_ann_date_group
fina_indicator,600105.SH,20200630,20200828,2,roe,exclude_this_table_symbol_period_ann_date_group
fina_indicator,600105.SH,20200331,20200430,2,roe,exclude_this_table_symbol_period_ann_date_group
fina_indicator,600105.SH,20191231,20200428,2,profit_dedt|roe,exclude_this_table_symbol_period_ann_date_group
fina_indicator,600105.SH,20190930,20191030,2,roe,exclude_this_table_symbol_period_ann_date_group
fina_indicator,600105.SH,20190630,20190828,2,roe,exclude_this_table_symbol_period_ann_date_group
fina_indicator,600105.SH,20190331,20190430,2,roe,exclude_this_table_symbol_period_ann_date_group
fina_indicator,600105.SH,20181231,20190430,2,profit_dedt|roe,exclude_this_table_symbol_period_ann_date_group
fina_indicator,600105.SH,20180930,20181030,2,roe,exclude_this_table_symbol_period_ann_date_group
fina_indicator,600105.SH,20180630,20180808,2,roe,exclude_this_table_symbol_period_ann_date_group
fina_indicator,600105.SH,20180331,20180428,2,roe,exclude_this_table_symbol_period_ann_date_group
fina_indicator,600115.SH,20230630,20230831,2,profit_dedt|roe,exclude_this_table_symbol_period_ann_date_group
fina_indicator,600127.SH,20221231,20230331,2,profit_dedt|roe,exclude_this_table_symbol_period_ann_date_group
fina_indicator,600127.SH,20211231,20220331,2,profit_dedt|roe,exclude_this_table_symbol_period_ann_date_group
fina_indicator,600127.SH,20201231,20210402,2,profit_dedt|roe,exclude_this_table_symbol_period_ann_date_group
fina_indicator,600136.SH,20221231,20230427,2,profit_dedt,exclude_this_table_symbol_period_ann_date_group
fina_indicator,600136.SH,20220930,20221031,2,roe,exclude_this_table_symbol_period_ann_date_group
fina_indicator,600136.SH,20220630,20220831,2,roe,exclude_this_table_symbol_period_ann_date_group
fina_indicator,600136.SH,20220331,20220430,2,roe,exclude_this_table_symbol_period_ann_date_group
fina_indicator,600136.SH,20211231,20220430,2,profit_dedt|roe,exclude_this_table_symbol_period_ann_date_group
fina_indicator,600136.SH,20210930,20211026,2,roe,exclude_this_table_symbol_period_ann_date_group
fina_indicator,600136.SH,20210630,20210828,2,roe,exclude_this_table_symbol_period_ann_date_group
fina_indicator,600136.SH,20210331,20210430,2,roe,exclude_this_table_symbol_period_ann_date_group
fina_indicator,600136.SH,20201231,20210416,2,profit_dedt|roe,exclude_this_table_symbol_period_ann_date_group
fina_indicator,600158.SH,20230930,20231030,2,profit_dedt|roe,exclude_this_table_symbol_period_ann_date_group
fina_indicator,600165.SH,20240331,20240430,2,roe,exclude_this_table_symbol_period_ann_date_group
fina_indicator,600165.SH,20230331,20230429,2,roe,exclude_this_table_symbol_period_ann_date_group
fina_indicator,600165.SH,20221231,20230428,2,profit_dedt|roe,exclude_this_table_symbol_period_ann_date_group
fina_indicator,600169.SH,20250331,20250429,2,roe,exclude_this_table_symbol_period_ann_date_group
fina_indicator,600169.SH,20240331,20240423,2,profit_dedt|roe,exclude_this_table_symbol_period_ann_date_group
fina_indicator,600169.SH,20230930,20231028,2,roe,exclude_this_table_symbol_period_ann_date_group
fina_indicator,600169.SH,20230331,20230427,2,roe,exclude_this_table_symbol_period_ann_date_group
fina_indicator,600169.SH,20221231,20230427,2,roe,exclude_this_table_symbol_period_ann_date_group
fina_indicator,600169.SH,20220930,20221029,2,roe,exclude_this_table_symbol_period_ann_date_group
fina_indicator,600169.SH,20220630,20220827,2,roe,exclude_this_table_symbol_period_ann_date_group
fina_indicator,600169.SH,20220331,20220428,2,roe,exclude_this_table_symbol_period_ann_date_group
fina_indicator,600169.SH,20211231,20220428,2,profit_dedt|roe,exclude_this_table_symbol_period_ann_date_group
fina_indicator,600169.SH,20210930,20211029,2,roe,exclude_this_table_symbol_period_ann_date_group
fina_indicator,600169.SH,20210630,20210826,2,roe,exclude_this_table_symbol_period_ann_date_group
fina_indicator,600169.SH,20210331,20210427,2,roe,exclude_this_table_symbol_period_ann_date_group
fina_indicator,600169.SH,20201231,20210427,2,profit_dedt|roe,exclude_this_table_symbol_period_ann_date_group
fina_indicator,600169.SH,20200930,20201028,2,roe,exclude_this_table_symbol_period_ann_date_group
fina_indicator,600169.SH,20200630,20200812,2,roe,exclude_this_table_symbol_period_ann_date_group
fina_indicator,600169.SH,20200331,20200425,2,roe,exclude_this_table_symbol_period_ann_date_group
fina_indicator,600169.SH,20191231,20200425,2,profit_dedt|roe,exclude_this_table_symbol_period_ann_date_group
fina_indicator,600169.SH,20190930,20191029,2,roe,exclude_this_table_symbol_period_ann_date_group
fina_indicator,600169.SH,20190630,20190822,2,roe,exclude_this_table_symbol_period_ann_date_group
fina_indicator,600169.SH,20190331,20190427,2,roe,exclude_this_table_symbol_period_ann_date_group
fina_indicator,600169.SH,20181231,20190427,2,profit_dedt|roe,exclude_this_table_symbol_period_ann_date_group
fina_indicator,600169.SH,20180930,20181027,2,roe,exclude_this_table_symbol_period_ann_date_group
fina_indicator,600169.SH,20180630,20180829,2,roe,exclude_this_table_symbol_period_ann_date_group
fina_indicator,600169.SH,20180331,20180426,2,roe,exclude_this_table_symbol_period_ann_date_group
fina_indicator,600173.SH,20220630,20220810,2,roe,exclude_this_table_symbol_period_ann_date_group
fina_indicator,600173.SH,20220331,20220422,2,roe,exclude_this_table_symbol_period_ann_date_group
fina_indicator,600173.SH,20211231,20220413,2,profit_dedt|roe,exclude_this_table_symbol_period_ann_date_group
fina_indicator,600187.SH,20240331,20240430,2,profit_dedt|roe,exclude_this_table_symbol_period_ann_date_group
fina_indicator,600187.SH,20231231,20240430,2,profit_dedt|roe,exclude_this_table_symbol_period_ann_date_group
fina_indicator,600188.SH,20250930,20251031,2,profit_dedt|roe,exclude_this_table_symbol_period_ann_date_group
fina_indicator,600193.SH,20230630,20230829,2,roe,exclude_this_table_symbol_period_ann_date_group
fina_indicator,600193.SH,20230331,20230429,2,roe,exclude_this_table_symbol_period_ann_date_group
fina_indicator,600193.SH,20221231,20230420,2,profit_dedt|roe,exclude_this_table_symbol_period_ann_date_group
fina_indicator,600193.SH,20220930,20221029,2,roe,exclude_this_table_symbol_period_ann_date_group
fina_indicator,600193.SH,20220630,20220831,2,roe,exclude_this_table_symbol_period_ann_date_group
fina_indicator,600193.SH,20220331,20220430,2,roe,exclude_this_table_symbol_period_ann_date_group
fina_indicator,600193.SH,20211231,20220331,2,profit_dedt|roe,exclude_this_table_symbol_period_ann_date_group
fina_indicator,600215.SH,20250331,20250430,2,roe,exclude_this_table_symbol_period_ann_date_group
fina_indicator,600227.SH,20240630,20240830,2,roe,exclude_this_table_symbol_period_ann_date_group
fina_indicator,600227.SH,20230331,20230426,2,roe,exclude_this_table_symbol_period_ann_date_group
fina_indicator,600227.SH,20221231,20230426,2,roe,exclude_this_table_symbol_period_ann_date_group
fina_indicator,600227.SH,20220930,20221029,2,roe,exclude_this_table_symbol_period_ann_date_group
fina_indicator,600227.SH,20220630,20220823,2,roe,exclude_this_table_symbol_period_ann_date_group
fina_indicator,600227.SH,20220331,20220429,2,roe,exclude_this_table_symbol_period_ann_date_group
fina_indicator,600227.SH,20211231,20220423,2,roe,exclude_this_table_symbol_period_ann_date_group
fina_indicator,600227.SH,20210930,20211028,2,roe,exclude_this_table_symbol_period_ann_date_group
fina_indicator,600227.SH,20210630,20210828,2,roe,exclude_this_table_symbol_period_ann_date_group
fina_indicator,600227.SH,20210331,20210427,2,roe,exclude_this_table_symbol_period_ann_date_group
fina_indicator,600227.SH,20201231,20210427,2,roe,exclude_this_table_symbol_period_ann_date_group
fina_indicator,600227.SH,20200930,20201029,2,roe,exclude_this_table_symbol_period_ann_date_group
fina_indicator,600227.SH,20200630,20200821,2,roe,exclude_this_table_symbol_period_ann_date_group
fina_indicator,600227.SH,20200331,20200429,2,roe,exclude_this_table_symbol_period_ann_date_group
fina_indicator,600227.SH,20191231,20200429,2,profit_dedt|roe,exclude_this_table_symbol_period_ann_date_group
fina_indicator,600238.SH,20250331,20250430,2,roe,exclude_this_table_symbol_period_ann_date_group
fina_indicator,600238.SH,20241231,20250430,2,profit_dedt|roe,exclude_this_table_symbol_period_ann_date_group
fina_indicator,600238.SH,20230331,20230429,2,roe,exclude_this_table_symbol_period_ann_date_group
fina_indicator,600238.SH,20221231,20230429,2,profit_dedt|roe,exclude_this_table_symbol_period_ann_date_group
fina_indicator,600238.SH,20220930,20221028,2,roe,exclude_this_table_symbol_period_ann_date_group
fina_indicator,600238.SH,20220630,20220818,2,roe,exclude_this_table_symbol_period_ann_date_group
fina_indicator,600238.SH,20220331,20220426,2,roe,exclude_this_table_symbol_period_ann_date_group
fina_indicator,600238.SH,20211231,20220426,2,profit_dedt|roe,exclude_this_table_symbol_period_ann_date_group
fina_indicator,600238.SH,20210930,20211030,2,roe,exclude_this_table_symbol_period_ann_date_group
fina_indicator,600238.SH,20210630,20210729,2,roe,exclude_this_table_symbol_period_ann_date_group
fina_indicator,600238.SH,20210331,20210416,2,roe,exclude_this_table_symbol_period_ann_date_group
fina_indicator,600238.SH,20201231,20210324,2,profit_dedt|roe,exclude_this_table_symbol_period_ann_date_group
fina_indicator,600239.SH,20221231,20230425,2,profit_dedt|roe,exclude_this_table_symbol_period_ann_date_group
fina_indicator,600241.SH,20230930,20231031,2,profit_dedt,exclude_this_table_symbol_period_ann_date_group
fina_indicator,600252.SH,20250331,20250430,2,profit_dedt|roe,exclude_this_table_symbol_period_ann_date_group
fina_indicator,600256.SH,20240331,20240426,2,roe,exclude_this_table_symbol_period_ann_date_group
fina_indicator,600256.SH,20230930,20231027,2,profit_dedt|roe,exclude_this_table_symbol_period_ann_date_group
fina_indicator,600256.SH,20230331,20230414,2,roe,exclude_this_table_symbol_period_ann_date_group
fina_indicator,600256.SH,20221231,20230414,2,profit_dedt|roe,exclude_this_table_symbol_period_ann_date_group
fina_indicator,600256.SH,20220930,20221019,2,roe,exclude_this_table_symbol_period_ann_date_group
fina_indicator,600256.SH,20220630,20220817,2,roe,exclude_this_table_symbol_period_ann_date_group
fina_indicator,600256.SH,20220331,20220415,2,roe,exclude_this_table_symbol_period_ann_date_group
fina_indicator,600256.SH,20211231,20220415,2,profit_dedt|roe,exclude_this_table_symbol_period_ann_date_group
fina_indicator,600267.SH,20230930,20231028,2,profit_dedt|roe,exclude_this_table_symbol_period_ann_date_group
fina_indicator,600267.SH,20230630,20230822,2,profit_dedt|roe,exclude_this_table_symbol_period_ann_date_group
fina_indicator,600267.SH,20221231,20230331,2,profit_dedt|roe,exclude_this_table_symbol_period_ann_date_group
fina_indicator,600267.SH,20211231,20220329,2,profit_dedt|roe,exclude_this_table_symbol_period_ann_date_group
fina_indicator,600287.SH,20211231,20220430,2,profit_dedt|roe,exclude_this_table_symbol_period_ann_date_group
fina_indicator,600287.SH,20201231,20210416,2,profit_dedt|roe,exclude_this_table_symbol_period_ann_date_group
fina_indicator,600287.SH,20191231,20200421,2,profit_dedt|roe,exclude_this_table_symbol_period_ann_date_group
fina_indicator,600287.SH,20181231,20190326,2,profit_dedt|roe,exclude_this_table_symbol_period_ann_date_group
fina_indicator,600293.SH,20211231,20220429,2,profit_dedt|roe,exclude_this_table_symbol_period_ann_date_group
fina_indicator,600293.SH,20210930,20211030,2,roe,exclude_this_table_symbol_period_ann_date_group
fina_indicator,600293.SH,20210630,20210828,2,roe,exclude_this_table_symbol_period_ann_date_group
fina_indicator,600293.SH,20210331,20210429,2,roe,exclude_this_table_symbol_period_ann_date_group
fina_indicator,600293.SH,20201231,20210429,2,roe,exclude_this_table_symbol_period_ann_date_group
fina_indicator,600293.SH,20200930,20201028,2,roe,exclude_this_table_symbol_period_ann_date_group
fina_indicator,600293.SH,20200630,20200818,2,roe,exclude_this_table_symbol_period_ann_date_group
fina_indicator,600293.SH,20200331,20200430,2,roe,exclude_this_table_symbol_period_ann_date_group
fina_indicator,600293.SH,20191231,20200530,2,roe,exclude_this_table_symbol_period_ann_date_group
fina_indicator,600293.SH,20190930,20191030,2,roe,exclude_this_table_symbol_period_ann_date_group
fina_indicator,600293.SH,20190630,20190828,2,roe,exclude_this_table_symbol_period_ann_date_group
fina_indicator,600293.SH,20190331,20190424,2,roe,exclude_this_table_symbol_period_ann_date_group
fina_indicator,600293.SH,20181231,20190424,2,profit_dedt|roe,exclude_this_table_symbol_period_ann_date_group
fina_indicator,600326.SH,20230630,20230826,2,roe,exclude_this_table_symbol_period_ann_date_group
fina_indicator,600326.SH,20230331,20230429,2,roe,exclude_this_table_symbol_period_ann_date_group
fina_indicator,600326.SH,20221231,20230419,2,profit_dedt|roe,exclude_this_table_symbol_period_ann_date_group
fina_indicator,600326.SH,20220930,20221029,2,roe,exclude_this_table_symbol_period_ann_date_group
fina_indicator,600326.SH,20220630,20220824,2,roe,exclude_this_table_symbol_period_ann_date_group
fina_indicator,600326.SH,20220331,20220430,2,roe,exclude_this_table_symbol_period_ann_date_group
fina_indicator,600326.SH,20211231,20220419,2,profit_dedt|roe,exclude_this_table_symbol_period_ann_date_group
fina_indicator,600326.SH,20210930,20211030,2,roe,exclude_this_table_symbol_period_ann_date_group
fina_indicator,600326.SH,20210630,20210819,2,roe,exclude_this_table_symbol_period_ann_date_group
fina_indicator,600326.SH,20210331,20210430,2,roe,exclude_this_table_symbol_period_ann_date_group
fina_indicator,600326.SH,20201231,20210420,2,profit_dedt|roe,exclude_this_table_symbol_period_ann_date_group
fina_indicator,600326.SH,20200930,20201030,2,roe,exclude_this_table_symbol_period_ann_date_group
fina_indicator,600326.SH,20200630,20200819,2,roe,exclude_this_table_symbol_period_ann_date_group
fina_indicator,600326.SH,20200331,20200428,2,roe,exclude_this_table_symbol_period_ann_date_group
fina_indicator,600326.SH,20191231,20200418,2,profit_dedt|roe,exclude_this_table_symbol_period_ann_date_group
fina_indicator,600338.SH,20220331,20220420,2,roe,exclude_this_table_symbol_period_ann_date_group
fina_indicator,600338.SH,20211231,20220420,2,profit_dedt|roe,exclude_this_table_symbol_period_ann_date_group
fina_indicator,600338.SH,20210930,20211028,2,roe,exclude_this_table_symbol_period_ann_date_group
fina_indicator,600338.SH,20210630,20210809,2,roe,exclude_this_table_symbol_period_ann_date_group
fina_indicator,600338.SH,20210331,20210429,2,roe,exclude_this_table_symbol_period_ann_date_group
fina_indicator,600338.SH,20201231,20210429,2,profit_dedt|roe,exclude_this_table_symbol_period_ann_date_group
fina_indicator,600338.SH,20200930,20201029,2,roe,exclude_this_table_symbol_period_ann_date_group
fina_indicator,600340.SH,20240331,20240430,2,profit_dedt|roe,exclude_this_table_symbol_period_ann_date_group
fina_indicator,600343.SH,20230331,20230429,2,roe,exclude_this_table_symbol_period_ann_date_group
fina_indicator,600343.SH,20221231,20230429,2,roe,exclude_this_table_symbol_period_ann_date_group
fina_indicator,600343.SH,20220930,20221029,2,roe,exclude_this_table_symbol_period_ann_date_group
fina_indicator,600343.SH,20220630,20220827,2,roe,exclude_this_table_symbol_period_ann_date_group
fina_indicator,600343.SH,20220331,20220429,2,roe,exclude_this_table_symbol_period_ann_date_group
fina_indicator,600343.SH,20211231,20220429,2,profit_dedt|roe,exclude_this_table_symbol_period_ann_date_group
fina_indicator,600343.SH,20210930,20211030,2,roe,exclude_this_table_symbol_period_ann_date_group
fina_indicator,600343.SH,20210630,20210821,2,roe,exclude_this_table_symbol_period_ann_date_group
fina_indicator,600343.SH,20210331,20210429,2,roe,exclude_this_table_symbol_period_ann_date_group
fina_indicator,600343.SH,20201231,20210429,2,profit_dedt|roe,exclude_this_table_symbol_period_ann_date_group
fina_indicator,600343.SH,20200930,20201030,2,roe,exclude_this_table_symbol_period_ann_date_group
fina_indicator,600343.SH,20200630,20200822,2,roe,exclude_this_table_symbol_period_ann_date_group
fina_indicator,600343.SH,20200331,20200428,2,roe,exclude_this_table_symbol_period_ann_date_group
fina_indicator,600343.SH,20191231,20200428,2,profit_dedt|roe,exclude_this_table_symbol_period_ann_date_group
fina_indicator,600343.SH,20190930,20191024,2,roe,exclude_this_table_symbol_period_ann_date_group
fina_indicator,600343.SH,20190630,20190817,2,roe,exclude_this_table_symbol_period_ann_date_group
fina_indicator,600343.SH,20190331,20190427,2,roe,exclude_this_table_symbol_period_ann_date_group
fina_indicator,600343.SH,20181231,20190323,2,profit_dedt|roe,exclude_this_table_symbol_period_ann_date_group
fina_indicator,600343.SH,20180930,20181027,2,roe,exclude_this_table_symbol_period_ann_date_group
fina_indicator,600343.SH,20180630,20180804,2,roe,exclude_this_table_symbol_period_ann_date_group
fina_indicator,600343.SH,20180331,20180428,2,roe,exclude_this_table_symbol_period_ann_date_group
fina_indicator,600353.SH,20220930,20221028,2,profit_dedt|roe,exclude_this_table_symbol_period_ann_date_group
fina_indicator,600353.SH,20220630,20220831,2,roe,exclude_this_table_symbol_period_ann_date_group
fina_indicator,600353.SH,20220331,20220426,2,profit_dedt|roe,exclude_this_table_symbol_period_ann_date_group
fina_indicator,600363.SH,20231231,20240425,2,profit_dedt|roe,exclude_this_table_symbol_period_ann_date_group
fina_indicator,600455.SH,20250930,20251029,2,profit_dedt|roe,exclude_this_table_symbol_period_ann_date_group
fina_indicator,600455.SH,20250331,20250426,2,profit_dedt|roe,exclude_this_table_symbol_period_ann_date_group
fina_indicator,600455.SH,20230331,20230421,2,roe,exclude_this_table_symbol_period_ann_date_group
fina_indicator,600455.SH,20221231,20230325,2,profit_dedt|roe,exclude_this_table_symbol_period_ann_date_group
fina_indicator,600455.SH,20220930,20221029,2,roe,exclude_this_table_symbol_period_ann_date_group
fina_indicator,600455.SH,20220630,20220806,2,roe,exclude_this_table_symbol_period_ann_date_group
fina_indicator,600455.SH,20220331,20220429,2,roe,exclude_this_table_symbol_period_ann_date_group
fina_indicator,600455.SH,20211231,20220429,2,profit_dedt|roe,exclude_this_table_symbol_period_ann_date_group
fina_indicator,600476.SH,20250331,20250429,2,profit_dedt|roe,exclude_this_table_symbol_period_ann_date_group
fina_indicator,600509.SH,20250331,20250426,2,roe,exclude_this_table_symbol_period_ann_date_group
fina_indicator,600509.SH,20241231,20250426,2,profit_dedt|roe,exclude_this_table_symbol_period_ann_date_group
fina_indicator,600517.SH,20221231,20230427,2,roe,exclude_this_table_symbol_period_ann_date_group
fina_indicator,600517.SH,20220930,20221026,2,roe,exclude_this_table_symbol_period_ann_date_group
fina_indicator,600517.SH,20220630,20220826,2,roe,exclude_this_table_symbol_period_ann_date_group
fina_indicator,600517.SH,20220331,20220426,2,roe,exclude_this_table_symbol_period_ann_date_group
fina_indicator,600517.SH,20211231,20220421,2,profit_dedt|roe,exclude_this_table_symbol_period_ann_date_group
fina_indicator,600517.SH,20210930,20211027,2,roe,exclude_this_table_symbol_period_ann_date_group
fina_indicator,600517.SH,20210630,20210826,2,roe,exclude_this_table_symbol_period_ann_date_group
fina_indicator,600517.SH,20210331,20210427,2,roe,exclude_this_table_symbol_period_ann_date_group
fina_indicator,600517.SH,20201231,20210417,2,roe,exclude_this_table_symbol_period_ann_date_group
fina_indicator,600525.SH,20231231,20240420,2,profit_dedt|roe,exclude_this_table_symbol_period_ann_date_group
fina_indicator,600525.SH,20230930,20231028,2,profit_dedt|roe,exclude_this_table_symbol_period_ann_date_group
fina_indicator,600525.SH,20230630,20230830,2,profit_dedt|roe,exclude_this_table_symbol_period_ann_date_group
fina_indicator,600525.SH,20230331,20230429,2,profit_dedt|roe,exclude_this_table_symbol_period_ann_date_group
fina_indicator,600525.SH,20221231,20230428,2,profit_dedt|roe,exclude_this_table_symbol_period_ann_date_group
fina_indicator,600525.SH,20220930,20221029,2,roe,exclude_this_table_symbol_period_ann_date_group
fina_indicator,600530.SH,20230331,20230831,2,profit_dedt|roe,exclude_this_table_symbol_period_ann_date_group
fina_indicator,600537.SH,20230930,20231028,2,profit_dedt|roe,exclude_this_table_symbol_period_ann_date_group
fina_indicator,600537.SH,20230331,20230429,2,roe,exclude_this_table_symbol_period_ann_date_group
fina_indicator,600537.SH,20221231,20230424,2,roe,exclude_this_table_symbol_period_ann_date_group
fina_indicator,600576.SH,20240930,20241030,2,roe,exclude_this_table_symbol_period_ann_date_group
fina_indicator,600576.SH,20230331,20230421,2,roe,exclude_this_table_symbol_period_ann_date_group
fina_indicator,600576.SH,20221231,20230421,2,profit_dedt|roe,exclude_this_table_symbol_period_ann_date_group
fina_indicator,600576.SH,20220930,20221029,2,profit_dedt|roe,exclude_this_table_symbol_period_ann_date_group
fina_indicator,600576.SH,20220630,20220825,2,profit_dedt|roe,exclude_this_table_symbol_period_ann_date_group
fina_indicator,600576.SH,20220331,20220429,2,profit_dedt|roe,exclude_this_table_symbol_period_ann_date_group
fina_indicator,600590.SH,20240630,20240831,2,roe,exclude_this_table_symbol_period_ann_date_group
fina_indicator,600590.SH,20231231,20240427,2,profit_dedt|roe,exclude_this_table_symbol_period_ann_date_group
fina_indicator,600594.SH,20231231,20240419,2,roe,exclude_this_table_symbol_period_ann_date_group
fina_indicator,600594.SH,20230331,20230428,2,roe,exclude_this_table_symbol_period_ann_date_group
fina_indicator,600594.SH,20221231,20230428,2,profit_dedt|roe,exclude_this_table_symbol_period_ann_date_group
fina_indicator,600594.SH,20220930,20221028,2,roe,exclude_this_table_symbol_period_ann_date_group
fina_indicator,600594.SH,20220630,20220826,2,roe,exclude_this_table_symbol_period_ann_date_group
fina_indicator,600594.SH,20220331,20220423,2,roe,exclude_this_table_symbol_period_ann_date_group
fina_indicator,600594.SH,20211231,20220423,2,profit_dedt|roe,exclude_this_table_symbol_period_ann_date_group
fina_indicator,600594.SH,20210930,20211028,2,roe,exclude_this_table_symbol_period_ann_date_group
fina_indicator,600594.SH,20210630,20210827,2,roe,exclude_this_table_symbol_period_ann_date_group
fina_indicator,600594.SH,20210331,20210423,2,roe,exclude_this_table_symbol_period_ann_date_group
fina_indicator,600594.SH,20201231,20210423,2,profit_dedt|roe,exclude_this_table_symbol_period_ann_date_group
fina_indicator,600594.SH,20200930,20201029,2,roe,exclude_this_table_symbol_period_ann_date_group
fina_indicator,600594.SH,20200630,20200730,2,roe,exclude_this_table_symbol_period_ann_date_group
fina_indicator,600594.SH,20200331,20200428,2,roe,exclude_this_table_symbol_period_ann_date_group
fina_indicator,600594.SH,20191231,20200428,2,profit_dedt|roe,exclude_this_table_symbol_period_ann_date_group
fina_indicator,600594.SH,20190930,20191031,2,roe,exclude_this_table_symbol_period_ann_date_group
fina_indicator,600594.SH,20190630,20190829,2,roe,exclude_this_table_symbol_period_ann_date_group
fina_indicator,600594.SH,20190331,20190430,2,roe,exclude_this_table_symbol_period_ann_date_group
fina_indicator,600594.SH,20181231,20190430,2,profit_dedt|roe,exclude_this_table_symbol_period_ann_date_group
fina_indicator,600594.SH,20180930,20181031,2,roe,exclude_this_table_symbol_period_ann_date_group
fina_indicator,600594.SH,20180630,20180830,2,roe,exclude_this_table_symbol_period_ann_date_group
fina_indicator,600594.SH,20180331,20180428,2,roe,exclude_this_table_symbol_period_ann_date_group
fina_indicator,600603.SH,20230331,20230411,2,profit_dedt|roe,exclude_this_table_symbol_period_ann_date_group
fina_indicator,600603.SH,20221231,20230411,2,profit_dedt|roe,exclude_this_table_symbol_period_ann_date_group
fina_indicator,600608.SH,20250331,20250429,2,profit_dedt|roe,exclude_this_table_symbol_period_ann_date_group
fina_indicator,600608.SH,20231231,20240430,2,profit_dedt|roe,exclude_this_table_symbol_period_ann_date_group
fina_indicator,600622.SH,20240930,20241031,2,roe,exclude_this_table_symbol_period_ann_date_group
fina_indicator,600622.SH,20230331,20230429,2,roe,exclude_this_table_symbol_period_ann_date_group
fina_indicator,600622.SH,20221231,20230429,2,profit_dedt|roe,exclude_this_table_symbol_period_ann_date_group
fina_indicator,600622.SH,20220930,20221031,2,roe,exclude_this_table_symbol_period_ann_date_group
fina_indicator,600622.SH,20220630,20220830,2,roe,exclude_this_table_symbol_period_ann_date_group
fina_indicator,600622.SH,20220331,20220430,2,roe,exclude_this_table_symbol_period_ann_date_group
fina_indicator,600622.SH,20211231,20220430,2,profit_dedt|roe,exclude_this_table_symbol_period_ann_date_group
fina_indicator,600624.SH,20240630,20240831,2,roe,exclude_this_table_symbol_period_ann_date_group
fina_indicator,600624.SH,20230930,20231028,2,profit_dedt|roe,exclude_this_table_symbol_period_ann_date_group
fina_indicator,600624.SH,20230331,20230429,2,roe,exclude_this_table_symbol_period_ann_date_group
fina_indicator,600624.SH,20221231,20230429,2,roe,exclude_this_table_symbol_period_ann_date_group
fina_indicator,600624.SH,20220930,20221029,2,roe,exclude_this_table_symbol_period_ann_date_group
fina_indicator,600624.SH,20220630,20220827,2,roe,exclude_this_table_symbol_period_ann_date_group
fina_indicator,600624.SH,20220331,20220430,2,roe,exclude_this_table_symbol_period_ann_date_group
fina_indicator,600624.SH,20211231,20220430,2,roe,exclude_this_table_symbol_period_ann_date_group
fina_indicator,600624.SH,20210930,20211030,2,roe,exclude_this_table_symbol_period_ann_date_group
fina_indicator,600624.SH,20210630,20210828,2,roe,exclude_this_table_symbol_period_ann_date_group
fina_indicator,600624.SH,20210331,20210430,2,roe,exclude_this_table_symbol_period_ann_date_group
fina_indicator,600624.SH,20201231,20210430,2,roe,exclude_this_table_symbol_period_ann_date_group
fina_indicator,600624.SH,20200930,20201031,2,roe,exclude_this_table_symbol_period_ann_date_group
fina_indicator,600624.SH,20200630,20200822,2,roe,exclude_this_table_symbol_period_ann_date_group
fina_indicator,600624.SH,20200331,20200430,2,roe,exclude_this_table_symbol_period_ann_date_group
fina_indicator,600624.SH,20191231,20200425,2,roe,exclude_this_table_symbol_period_ann_date_group
fina_indicator,600624.SH,20190930,20191026,2,roe,exclude_this_table_symbol_period_ann_date_group
fina_indicator,600624.SH,20190630,20190824,2,roe,exclude_this_table_symbol_period_ann_date_group
fina_indicator,600624.SH,20190331,20190427,2,roe,exclude_this_table_symbol_period_ann_date_group
fina_indicator,600624.SH,20181231,20190420,2,roe,exclude_this_table_symbol_period_ann_date_group
fina_indicator,600624.SH,20180930,20181027,2,roe,exclude_this_table_symbol_period_ann_date_group
fina_indicator,600624.SH,20180630,20180825,2,roe,exclude_this_table_symbol_period_ann_date_group
fina_indicator,600624.SH,20180331,20180428,2,roe,exclude_this_table_symbol_period_ann_date_group
fina_indicator,600678.SH,20250930,20251031,2,profit_dedt|roe,exclude_this_table_symbol_period_ann_date_group
fina_indicator,600684.SH,20230930,20231028,2,profit_dedt,exclude_this_table_symbol_period_ann_date_group
fina_indicator,600684.SH,20230630,20230830,2,profit_dedt,exclude_this_table_symbol_period_ann_date_group
fina_indicator,600690.SH,20250930,20251031,2,profit_dedt|roe,exclude_this_table_symbol_period_ann_date_group
fina_indicator,600692.SH,20250331,20250429,2,roe,exclude_this_table_symbol_period_ann_date_group
fina_indicator,600699.SH,20240930,20241029,2,roe,exclude_this_table_symbol_period_ann_date_group
fina_indicator,600711.SH,20230331,20230429,2,profit_dedt|roe,exclude_this_table_symbol_period_ann_date_group
fina_indicator,600725.SH,20221231,20230330,2,profit_dedt|roe,exclude_this_table_symbol_period_ann_date_group
fina_indicator,600725.SH,20220930,20221025,2,roe,exclude_this_table_symbol_period_ann_date_group
fina_indicator,600725.SH,20220630,20220818,2,roe,exclude_this_table_symbol_period_ann_date_group
fina_indicator,600725.SH,20220331,20220429,2,roe,exclude_this_table_symbol_period_ann_date_group
fina_indicator,600725.SH,20211231,20220426,2,profit_dedt|roe,exclude_this_table_symbol_period_ann_date_group
fina_indicator,600746.SH,20221231,20230408,2,profit_dedt|roe,exclude_this_table_symbol_period_ann_date_group
fina_indicator,600749.SH,20230331,20230428,2,profit_dedt|roe,exclude_this_table_symbol_period_ann_date_group
fina_indicator,600753.SH,20230331,20230429,2,roe,exclude_this_table_symbol_period_ann_date_group
fina_indicator,600753.SH,20221231,20230429,2,profit_dedt|roe,exclude_this_table_symbol_period_ann_date_group
fina_indicator,600753.SH,20220930,20221028,2,roe,exclude_this_table_symbol_period_ann_date_group
fina_indicator,600753.SH,20220630,20220819,2,roe,exclude_this_table_symbol_period_ann_date_group
fina_indicator,600753.SH,20220331,20220430,2,roe,exclude_this_table_symbol_period_ann_date_group
fina_indicator,600753.SH,20211231,20220430,2,profit_dedt|roe,exclude_this_table_symbol_period_ann_date_group
fina_indicator,600757.SH,20250331,20250429,2,profit_dedt|roe,exclude_this_table_symbol_period_ann_date_group
fina_indicator,600757.SH,20230930,20231027,2,profit_dedt|roe,exclude_this_table_symbol_period_ann_date_group
fina_indicator,600757.SH,20230630,20230829,2,roe,exclude_this_table_symbol_period_ann_date_group
fina_indicator,600757.SH,20230331,20230427,2,roe,exclude_this_table_symbol_period_ann_date_group
fina_indicator,600757.SH,20221231,20230421,2,profit_dedt|roe,exclude_this_table_symbol_period_ann_date_group
fina_indicator,600757.SH,20220930,20221028,2,roe,exclude_this_table_symbol_period_ann_date_group
fina_indicator,600757.SH,20220630,20220826,2,roe,exclude_this_table_symbol_period_ann_date_group
fina_indicator,600757.SH,20220331,20220428,2,roe,exclude_this_table_symbol_period_ann_date_group
fina_indicator,600757.SH,20211231,20220427,2,profit_dedt|roe,exclude_this_table_symbol_period_ann_date_group
fina_indicator,600757.SH,20210930,20211029,2,roe,exclude_this_table_symbol_period_ann_date_group
fina_indicator,600757.SH,20210630,20210827,2,roe,exclude_this_table_symbol_period_ann_date_group
fina_indicator,600757.SH,20210331,20210429,2,roe,exclude_this_table_symbol_period_ann_date_group
fina_indicator,600757.SH,20201231,20210416,2,profit_dedt|roe,exclude_this_table_symbol_period_ann_date_group
fina_indicator,600757.SH,20200930,20201029,2,roe,exclude_this_table_symbol_period_ann_date_group
fina_indicator,600757.SH,20200630,20200826,2,roe,exclude_this_table_symbol_period_ann_date_group
fina_indicator,600757.SH,20200331,20200430,2,roe,exclude_this_table_symbol_period_ann_date_group
fina_indicator,600757.SH,20191231,20200430,2,profit_dedt|roe,exclude_this_table_symbol_period_ann_date_group
fina_indicator,600771.SH,20230630,20230830,2,profit_dedt|roe,exclude_this_table_symbol_period_ann_date_group
fina_indicator,600771.SH,20220930,20221028,2,roe,exclude_this_table_symbol_period_ann_date_group
fina_indicator,600771.SH,20220331,20220430,2,roe,exclude_this_table_symbol_period_ann_date_group
fina_indicator,600771.SH,20211231,20220430,2,profit_dedt|roe,exclude_this_table_symbol_period_ann_date_group
fina_indicator,600771.SH,20210930,20211030,2,roe,exclude_this_table_symbol_period_ann_date_group
fina_indicator,600771.SH,20210630,20210827,2,roe,exclude_this_table_symbol_period_ann_date_group
fina_indicator,600771.SH,20210331,20210429,2,roe,exclude_this_table_symbol_period_ann_date_group
fina_indicator,600771.SH,20201231,20210429,2,profit_dedt|roe,exclude_this_table_symbol_period_ann_date_group
fina_indicator,600771.SH,20200930,20201031,2,roe,exclude_this_table_symbol_period_ann_date_group
fina_indicator,600771.SH,20200630,20200829,2,roe,exclude_this_table_symbol_period_ann_date_group
fina_indicator,600810.SH,20250630,20250829,2,profit_dedt|roe,exclude_this_table_symbol_period_ann_date_group
fina_indicator,600822.SH,20230331,20230429,2,roe,exclude_this_table_symbol_period_ann_date_group
fina_indicator,600822.SH,20221231,20230425,2,profit_dedt|roe,exclude_this_table_symbol_period_ann_date_group
fina_indicator,600828.SH,20230930,20231028,2,profit_dedt|roe,exclude_this_table_symbol_period_ann_date_group
fina_indicator,600828.SH,20230331,20230429,2,roe,exclude_this_table_symbol_period_ann_date_group
fina_indicator,600828.SH,20221231,20230325,2,roe,exclude_this_table_symbol_period_ann_date_group
fina_indicator,600828.SH,20220930,20221029,2,roe,exclude_this_table_symbol_period_ann_date_group
fina_indicator,600828.SH,20220630,20220819,2,roe,exclude_this_table_symbol_period_ann_date_group
fina_indicator,600828.SH,20220331,20220430,2,roe,exclude_this_table_symbol_period_ann_date_group
fina_indicator,600828.SH,20211231,20220326,2,roe,exclude_this_table_symbol_period_ann_date_group
fina_indicator,600831.SH,20230331,20230428,2,roe,exclude_this_table_symbol_period_ann_date_group
fina_indicator,600831.SH,20221231,20230421,2,profit_dedt|roe,exclude_this_table_symbol_period_ann_date_group
fina_indicator,600848.SH,20250331,20250429,2,profit_dedt|roe,exclude_this_table_symbol_period_ann_date_group
fina_indicator,600848.SH,20240331,20240427,2,roe,exclude_this_table_symbol_period_ann_date_group
fina_indicator,600848.SH,20230331,20230427,2,roe,exclude_this_table_symbol_period_ann_date_group
fina_indicator,600848.SH,20221231,20230414,2,profit_dedt|roe,exclude_this_table_symbol_period_ann_date_group
fina_indicator,600850.SH,20240331,20240430,2,profit_dedt|roe,exclude_this_table_symbol_period_ann_date_group
fina_indicator,600853.SH,20200630,20200829,2,roe,exclude_this_table_symbol_period_ann_date_group
fina_indicator,600863.SH,20230331,20230428,2,profit_dedt|roe,exclude_this_table_symbol_period_ann_date_group
fina_indicator,600863.SH,20221231,20230428,2,profit_dedt|roe,exclude_this_table_symbol_period_ann_date_group
fina_indicator,600863.SH,20220930,20221028,2,roe,exclude_this_table_symbol_period_ann_date_group
fina_indicator,600863.SH,20220630,20220825,2,roe,exclude_this_table_symbol_period_ann_date_group
fina_indicator,600863.SH,20220331,20220427,2,roe,exclude_this_table_symbol_period_ann_date_group
fina_indicator,600863.SH,20211231,20220427,2,profit_dedt|roe,exclude_this_table_symbol_period_ann_date_group
fina_indicator,600863.SH,20210930,20211028,2,roe,exclude_this_table_symbol_period_ann_date_group
fina_indicator,600863.SH,20210630,20210818,2,roe,exclude_this_table_symbol_period_ann_date_group
fina_indicator,600863.SH,20210331,20210428,2,roe,exclude_this_table_symbol_period_ann_date_group
fina_indicator,600863.SH,20201231,20210428,2,profit_dedt|roe,exclude_this_table_symbol_period_ann_date_group
fina_indicator,600863.SH,20200930,20201028,2,roe,exclude_this_table_symbol_period_ann_date_group
fina_indicator,600863.SH,20200630,20200828,2,roe,exclude_this_table_symbol_period_ann_date_group
fina_indicator,600863.SH,20200331,20200429,2,roe,exclude_this_table_symbol_period_ann_date_group
fina_indicator,600863.SH,20191231,20200429,2,profit_dedt|roe,exclude_this_table_symbol_period_ann_date_group
fina_indicator,600863.SH,20190930,20191029,2,roe,exclude_this_table_symbol_period_ann_date_group
fina_indicator,600863.SH,20190630,20190822,2,roe,exclude_this_table_symbol_period_ann_date_group
fina_indicator,600863.SH,20190331,20190430,2,roe,exclude_this_table_symbol_period_ann_date_group
fina_indicator,600863.SH,20181231,20190418,2,profit_dedt|roe,exclude_this_table_symbol_period_ann_date_group
fina_indicator,600863.SH,20180930,20181030,2,roe,exclude_this_table_symbol_period_ann_date_group
fina_indicator,600863.SH,20180630,20180828,2,roe,exclude_this_table_symbol_period_ann_date_group
fina_indicator,600863.SH,20180331,20180427,2,roe,exclude_this_table_symbol_period_ann_date_group
fina_indicator,600868.SH,20250331,20250429,2,profit_dedt,exclude_this_table_symbol_period_ann_date_group
fina_indicator,600871.SH,20241231,20250319,2,profit_dedt|roe,exclude_this_table_symbol_period_ann_date_group
fina_indicator,600905.SH,20250930,20251031,2,profit_dedt|roe,exclude_this_table_symbol_period_ann_date_group
fina_indicator,600941.SH,20181231,20211214,2,roe,exclude_this_table_symbol_period_ann_date_group
fina_indicator,600965.SH,20221231,20230325,2,profit_dedt|roe,exclude_this_table_symbol_period_ann_date_group
fina_indicator,600965.SH,20211231,20220429,2,profit_dedt|roe,exclude_this_table_symbol_period_ann_date_group
fina_indicator,600973.SH,20240630,20240831,2,roe,exclude_this_table_symbol_period_ann_date_group
fina_indicator,600973.SH,20221231,20230315,2,profit_dedt|roe,exclude_this_table_symbol_period_ann_date_group
fina_indicator,600973.SH,20220930,20221031,2,roe,exclude_this_table_symbol_period_ann_date_group
fina_indicator,600973.SH,20220630,20220831,2,roe,exclude_this_table_symbol_period_ann_date_group
fina_indicator,600973.SH,20220331,20220430,2,roe,exclude_this_table_symbol_period_ann_date_group
fina_indicator,600973.SH,20211231,20220315,2,profit_dedt|roe,exclude_this_table_symbol_period_ann_date_group
fina_indicator,600973.SH,20210930,20211030,2,roe,exclude_this_table_symbol_period_ann_date_group
fina_indicator,600973.SH,20210630,20210831,2,roe,exclude_this_table_symbol_period_ann_date_group
fina_indicator,600973.SH,20210331,20210430,2,roe,exclude_this_table_symbol_period_ann_date_group
fina_indicator,600973.SH,20201231,20210315,2,profit_dedt|roe,exclude_this_table_symbol_period_ann_date_group
fina_indicator,600973.SH,20200930,20201031,2,roe,exclude_this_table_symbol_period_ann_date_group
fina_indicator,600973.SH,20200630,20200829,2,roe,exclude_this_table_symbol_period_ann_date_group
fina_indicator,600973.SH,20200331,20200430,2,roe,exclude_this_table_symbol_period_ann_date_group
fina_indicator,600973.SH,20191231,20200331,2,profit_dedt|roe,exclude_this_table_symbol_period_ann_date_group
fina_indicator,600973.SH,20190930,20191031,2,roe,exclude_this_table_symbol_period_ann_date_group
fina_indicator,600973.SH,20190630,20190831,2,roe,exclude_this_table_symbol_period_ann_date_group
fina_indicator,600973.SH,20190331,20190430,2,roe,exclude_this_table_symbol_period_ann_date_group
fina_indicator,600973.SH,20181231,20190315,2,profit_dedt|roe,exclude_this_table_symbol_period_ann_date_group
fina_indicator,600973.SH,20180930,20181031,2,roe,exclude_this_table_symbol_period_ann_date_group
fina_indicator,600973.SH,20180630,20180807,2,roe,exclude_this_table_symbol_period_ann_date_group
fina_indicator,600973.SH,20180331,20180428,2,roe,exclude_this_table_symbol_period_ann_date_group
fina_indicator,601010.SH,20250331,20250430,2,profit_dedt|roe,exclude_this_table_symbol_period_ann_date_group
fina_indicator,601010.SH,20240331,20240430,2,profit_dedt|roe,exclude_this_table_symbol_period_ann_date_group
fina_indicator,601010.SH,20231231,20240430,2,profit_dedt|roe,exclude_this_table_symbol_period_ann_date_group
fina_indicator,601069.SH,20250331,20250429,2,profit_dedt|roe,exclude_this_table_symbol_period_ann_date_group
fina_indicator,601118.SH,20230331,20230428,2,roe,exclude_this_table_symbol_period_ann_date_group
fina_indicator,601118.SH,20221231,20230428,2,profit_dedt|roe,exclude_this_table_symbol_period_ann_date_group
fina_indicator,601118.SH,20220930,20221029,2,roe,exclude_this_table_symbol_period_ann_date_group
fina_indicator,601118.SH,20220630,20220827,2,roe,exclude_this_table_symbol_period_ann_date_group
fina_indicator,601118.SH,20220331,20220430,2,roe,exclude_this_table_symbol_period_ann_date_group
fina_indicator,601118.SH,20211231,20220411,2,roe,exclude_this_table_symbol_period_ann_date_group
fina_indicator,601118.SH,20210930,20211030,2,roe,exclude_this_table_symbol_period_ann_date_group
fina_indicator,601118.SH,20210630,20210828,2,roe,exclude_this_table_symbol_period_ann_date_group
fina_indicator,601118.SH,20210331,20210430,2,roe,exclude_this_table_symbol_period_ann_date_group
fina_indicator,601118.SH,20201231,20210331,2,roe,exclude_this_table_symbol_period_ann_date_group
fina_indicator,601118.SH,20200930,20201031,2,roe,exclude_this_table_symbol_period_ann_date_group
fina_indicator,601118.SH,20200630,20200829,2,roe,exclude_this_table_symbol_period_ann_date_group
fina_indicator,601118.SH,20200331,20200429,2,roe,exclude_this_table_symbol_period_ann_date_group
fina_indicator,601118.SH,20191231,20200415,2,roe,exclude_this_table_symbol_period_ann_date_group
fina_indicator,601118.SH,20190930,20191029,2,roe,exclude_this_table_symbol_period_ann_date_group
fina_indicator,601118.SH,20190630,20190831,2,roe,exclude_this_table_symbol_period_ann_date_group
fina_indicator,601118.SH,20190331,20190430,2,roe,exclude_this_table_symbol_period_ann_date_group
fina_indicator,601118.SH,20181231,20190412,2,roe,exclude_this_table_symbol_period_ann_date_group
fina_indicator,601118.SH,20180930,20181030,2,roe,exclude_this_table_symbol_period_ann_date_group
fina_indicator,601118.SH,20180630,20180831,2,roe,exclude_this_table_symbol_period_ann_date_group
fina_indicator,601118.SH,20180331,20180428,2,roe,exclude_this_table_symbol_period_ann_date_group
fina_indicator,601212.SH,20240930,20241031,2,roe,exclude_this_table_symbol_period_ann_date_group
fina_indicator,601212.SH,20231231,20240430,2,profit_dedt|roe,exclude_this_table_symbol_period_ann_date_group
fina_indicator,601212.SH,20230930,20231028,2,roe,exclude_this_table_symbol_period_ann_date_group
fina_indicator,601212.SH,20230331,20230428,2,roe,exclude_this_table_symbol_period_ann_date_group
fina_indicator,601212.SH,20221231,20230428,2,roe,exclude_this_table_symbol_period_ann_date_group
fina_indicator,601212.SH,20220930,20221028,2,roe,exclude_this_table_symbol_period_ann_date_group
fina_indicator,601212.SH,20220630,20220831,2,roe,exclude_this_table_symbol_period_ann_date_group
fina_indicator,601212.SH,20220331,20220429,2,roe,exclude_this_table_symbol_period_ann_date_group
fina_indicator,601212.SH,20211231,20220429,2,profit_dedt|roe,exclude_this_table_symbol_period_ann_date_group
fina_indicator,601212.SH,20210930,20211029,2,roe,exclude_this_table_symbol_period_ann_date_group
fina_indicator,601212.SH,20210630,20210831,2,roe,exclude_this_table_symbol_period_ann_date_group
fina_indicator,601212.SH,20210331,20210430,2,roe,exclude_this_table_symbol_period_ann_date_group
fina_indicator,601212.SH,20201231,20210430,2,profit_dedt|roe,exclude_this_table_symbol_period_ann_date_group
fina_indicator,601212.SH,20200930,20201030,2,roe,exclude_this_table_symbol_period_ann_date_group
fina_indicator,601212.SH,20200630,20200831,2,roe,exclude_this_table_symbol_period_ann_date_group
fina_indicator,601212.SH,20200331,20200430,2,roe,exclude_this_table_symbol_period_ann_date_group
fina_indicator,601212.SH,20191231,20200430,2,profit_dedt|roe,exclude_this_table_symbol_period_ann_date_group
fina_indicator,601577.SH,20240630,20240830,2,profit_dedt|roe,exclude_this_table_symbol_period_ann_date_group
fina_indicator,601666.SH,20250630,20250828,2,profit_dedt|roe,exclude_this_table_symbol_period_ann_date_group
fina_indicator,601666.SH,20250331,20250429,2,roe,exclude_this_table_symbol_period_ann_date_group
fina_indicator,601666.SH,20221231,20230407,2,profit_dedt|roe,exclude_this_table_symbol_period_ann_date_group
fina_indicator,601666.SH,20211231,20220329,2,profit_dedt|roe,exclude_this_table_symbol_period_ann_date_group
fina_indicator,601666.SH,20201231,20210427,2,profit_dedt|roe,exclude_this_table_symbol_period_ann_date_group
fina_indicator,601666.SH,20191231,20200428,2,profit_dedt|roe,exclude_this_table_symbol_period_ann_date_group
fina_indicator,601666.SH,20181231,20190330,2,profit_dedt|roe,exclude_this_table_symbol_period_ann_date_group
fina_indicator,601798.SH,20201231,20210420,2,profit_dedt|roe,exclude_this_table_symbol_period_ann_date_group
fina_indicator,601798.SH,20200930,20201027,2,roe,exclude_this_table_symbol_period_ann_date_group
fina_indicator,601798.SH,20200630,20200811,2,roe,exclude_this_table_symbol_period_ann_date_group
fina_indicator,601798.SH,20200331,20200430,2,roe,exclude_this_table_symbol_period_ann_date_group
fina_indicator,601798.SH,20191231,20200418,2,profit_dedt|roe,exclude_this_table_symbol_period_ann_date_group
fina_indicator,601801.SH,20211231,20220429,2,profit_dedt,exclude_this_table_symbol_period_ann_date_group
fina_indicator,601828.SH,20230930,20231028,2,profit_dedt|roe,exclude_this_table_symbol_period_ann_date_group
fina_indicator,601828.SH,20230331,20230429,2,roe,exclude_this_table_symbol_period_ann_date_group
fina_indicator,601828.SH,20221231,20230331,2,profit_dedt|roe,exclude_this_table_symbol_period_ann_date_group
fina_indicator,603011.SH,20220930,20221028,2,profit_dedt|roe,exclude_this_table_symbol_period_ann_date_group
fina_indicator,603020.SH,20211231,20220430,2,profit_dedt|roe,exclude_this_table_symbol_period_ann_date_group
fina_indicator,603020.SH,20210930,20211030,2,roe,exclude_this_table_symbol_period_ann_date_group
fina_indicator,603020.SH,20210630,20210831,2,roe,exclude_this_table_symbol_period_ann_date_group
fina_indicator,603020.SH,20210331,20210430,2,roe,exclude_this_table_symbol_period_ann_date_group
fina_indicator,603020.SH,20201231,20210316,2,profit_dedt|roe,exclude_this_table_symbol_period_ann_date_group
fina_indicator,603020.SH,20200930,20201031,2,roe,exclude_this_table_symbol_period_ann_date_group
fina_indicator,603020.SH,20200630,20200829,2,roe,exclude_this_table_symbol_period_ann_date_group
fina_indicator,603021.SH,20230930,20231028,2,profit_dedt|roe,exclude_this_table_symbol_period_ann_date_group
fina_indicator,603021.SH,20230331,20230428,2,roe,exclude_this_table_symbol_period_ann_date_group
fina_indicator,603021.SH,20221231,20230228,2,profit_dedt|roe,exclude_this_table_symbol_period_ann_date_group
fina_indicator,603021.SH,20220930,20221028,2,roe,exclude_this_table_symbol_period_ann_date_group
fina_indicator,603021.SH,20220630,20220826,2,roe,exclude_this_table_symbol_period_ann_date_group
fina_indicator,603021.SH,20220331,20220430,2,roe,exclude_this_table_symbol_period_ann_date_group
fina_indicator,603021.SH,20211231,20220430,2,profit_dedt|roe,exclude_this_table_symbol_period_ann_date_group
fina_indicator,603021.SH,20210930,20211028,2,roe,exclude_this_table_symbol_period_ann_date_group
fina_indicator,603021.SH,20210630,20210820,2,roe,exclude_this_table_symbol_period_ann_date_group
fina_indicator,603021.SH,20210331,20210430,2,roe,exclude_this_table_symbol_period_ann_date_group
fina_indicator,603021.SH,20201231,20210409,2,profit_dedt|roe,exclude_this_table_symbol_period_ann_date_group
fina_indicator,603049.SH,20241231,20250515,2,profit_dedt|roe,exclude_this_table_symbol_period_ann_date_group
fina_indicator,603086.SH,20231231,20240430,2,profit_dedt|roe,exclude_this_table_symbol_period_ann_date_group
fina_indicator,603103.SH,20250930,20251023,2,profit_dedt|roe,exclude_this_table_symbol_period_ann_date_group
fina_indicator,603169.SH,20250331,20250430,2,profit_dedt|roe,exclude_this_table_symbol_period_ann_date_group
fina_indicator,603189.SH,20250630,20250829,2,profit_dedt|roe,exclude_this_table_symbol_period_ann_date_group
fina_indicator,603215.SH,20230930,20231025,2,profit_dedt|roe,exclude_this_table_symbol_period_ann_date_group
fina_indicator,603226.SH,20250930,20251031,2,profit_dedt|roe,exclude_this_table_symbol_period_ann_date_group
fina_indicator,603226.SH,20250630,20250829,2,profit_dedt|roe,exclude_this_table_symbol_period_ann_date_group
fina_indicator,603226.SH,20250331,20250430,2,profit_dedt|roe,exclude_this_table_symbol_period_ann_date_group
fina_indicator,603226.SH,20240331,20240430,2,profit_dedt|roe,exclude_this_table_symbol_period_ann_date_group
fina_indicator,603226.SH,20231231,20240430,2,profit_dedt|roe,exclude_this_table_symbol_period_ann_date_group
fina_indicator,603226.SH,20221231,20230428,2,profit_dedt|roe,exclude_this_table_symbol_period_ann_date_group
fina_indicator,603226.SH,20211231,20220427,2,roe,exclude_this_table_symbol_period_ann_date_group
fina_indicator,603312.SH,20240331,20240430,2,profit_dedt|roe,exclude_this_table_symbol_period_ann_date_group
fina_indicator,603359.SH,20250331,20250429,2,roe,exclude_this_table_symbol_period_ann_date_group
fina_indicator,603359.SH,20230930,20231028,2,roe,exclude_this_table_symbol_period_ann_date_group
fina_indicator,603359.SH,20230331,20230428,2,roe,exclude_this_table_symbol_period_ann_date_group
fina_indicator,603359.SH,20221231,20230428,2,roe,exclude_this_table_symbol_period_ann_date_group
fina_indicator,603359.SH,20201231,20210416,2,roe,exclude_this_table_symbol_period_ann_date_group
fina_indicator,603359.SH,20200930,20201020,2,roe,exclude_this_table_symbol_period_ann_date_group
fina_indicator,603359.SH,20200630,20200807,2,roe,exclude_this_table_symbol_period_ann_date_group
fina_indicator,603359.SH,20200331,20200428,2,roe,exclude_this_table_symbol_period_ann_date_group
fina_indicator,603359.SH,20191231,20200422,2,profit_dedt|roe,exclude_this_table_symbol_period_ann_date_group
fina_indicator,603359.SH,20190930,20191030,2,roe,exclude_this_table_symbol_period_ann_date_group
fina_indicator,603359.SH,20190630,20190828,2,roe,exclude_this_table_symbol_period_ann_date_group
fina_indicator,603359.SH,20190331,20190430,2,roe,exclude_this_table_symbol_period_ann_date_group
fina_indicator,603359.SH,20181231,20190419,2,profit_dedt|roe,exclude_this_table_symbol_period_ann_date_group
fina_indicator,603377.SH,20230331,20230428,2,roe,exclude_this_table_symbol_period_ann_date_group
fina_indicator,603377.SH,20221231,20230422,2,profit_dedt|roe,exclude_this_table_symbol_period_ann_date_group
fina_indicator,603377.SH,20220930,20221029,2,roe,exclude_this_table_symbol_period_ann_date_group
fina_indicator,603377.SH,20220630,20220813,2,profit_dedt|roe,exclude_this_table_symbol_period_ann_date_group
fina_indicator,603377.SH,20220331,20220430,2,roe,exclude_this_table_symbol_period_ann_date_group
fina_indicator,603377.SH,20211231,20220430,2,profit_dedt|roe,exclude_this_table_symbol_period_ann_date_group
fina_indicator,603377.SH,20210930,20211016,2,roe,exclude_this_table_symbol_period_ann_date_group
fina_indicator,603377.SH,20210630,20210828,2,roe,exclude_this_table_symbol_period_ann_date_group
fina_indicator,603377.SH,20210331,20210421,2,roe,exclude_this_table_symbol_period_ann_date_group
fina_indicator,603377.SH,20201231,20210410,2,profit_dedt|roe,exclude_this_table_symbol_period_ann_date_group
fina_indicator,603398.SH,20250331,20250430,2,roe,exclude_this_table_symbol_period_ann_date_group
fina_indicator,603398.SH,20241231,20250430,2,profit_dedt|roe,exclude_this_table_symbol_period_ann_date_group
fina_indicator,603458.SH,20230331,20230429,2,profit_dedt|roe,exclude_this_table_symbol_period_ann_date_group
fina_indicator,603458.SH,20221231,20230422,2,profit_dedt|roe,exclude_this_table_symbol_period_ann_date_group
fina_indicator,603517.SH,20250630,20250829,2,profit_dedt|roe,exclude_this_table_symbol_period_ann_date_group
fina_indicator,603517.SH,20230630,20230829,2,roe,exclude_this_table_symbol_period_ann_date_group
fina_indicator,603517.SH,20230331,20230429,2,roe,exclude_this_table_symbol_period_ann_date_group
fina_indicator,603517.SH,20221231,20230429,2,roe,exclude_this_table_symbol_period_ann_date_group
fina_indicator,603517.SH,20220930,20221027,2,roe,exclude_this_table_symbol_period_ann_date_group
fina_indicator,603517.SH,20220630,20220831,2,roe,exclude_this_table_symbol_period_ann_date_group
fina_indicator,603517.SH,20220331,20220428,2,roe,exclude_this_table_symbol_period_ann_date_group
fina_indicator,603517.SH,20211231,20220428,2,profit_dedt|roe,exclude_this_table_symbol_period_ann_date_group
fina_indicator,603517.SH,20210930,20211030,2,roe,exclude_this_table_symbol_period_ann_date_group
fina_indicator,603517.SH,20210630,20210831,2,roe,exclude_this_table_symbol_period_ann_date_group
fina_indicator,603517.SH,20210331,20210427,2,roe,exclude_this_table_symbol_period_ann_date_group
fina_indicator,603517.SH,20201231,20210416,2,profit_dedt|roe,exclude_this_table_symbol_period_ann_date_group
fina_indicator,603517.SH,20200930,20201030,2,roe,exclude_this_table_symbol_period_ann_date_group
fina_indicator,603517.SH,20200630,20200827,2,roe,exclude_this_table_symbol_period_ann_date_group
fina_indicator,603517.SH,20200331,20200429,2,roe,exclude_this_table_symbol_period_ann_date_group
fina_indicator,603517.SH,20191231,20200422,2,profit_dedt|roe,exclude_this_table_symbol_period_ann_date_group
fina_indicator,603517.SH,20190930,20191024,2,roe,exclude_this_table_symbol_period_ann_date_group
fina_indicator,603517.SH,20190630,20190828,2,roe,exclude_this_table_symbol_period_ann_date_group
fina_indicator,603517.SH,20190331,20190429,2,roe,exclude_this_table_symbol_period_ann_date_group
fina_indicator,603517.SH,20181231,20190416,2,profit_dedt|roe,exclude_this_table_symbol_period_ann_date_group
fina_indicator,603517.SH,20180930,20181030,2,roe,exclude_this_table_symbol_period_ann_date_group
fina_indicator,603517.SH,20180630,20180820,2,roe,exclude_this_table_symbol_period_ann_date_group
fina_indicator,603517.SH,20180331,20180427,2,roe,exclude_this_table_symbol_period_ann_date_group
fina_indicator,603535.SH,20230930,20231027,2,profit_dedt|roe,exclude_this_table_symbol_period_ann_date_group
fina_indicator,603535.SH,20230331,20230427,2,roe,exclude_this_table_symbol_period_ann_date_group
fina_indicator,603535.SH,20221231,20230330,2,profit_dedt|roe,exclude_this_table_symbol_period_ann_date_group
fina_indicator,603557.SH,20230930,20231028,2,profit_dedt|roe,exclude_this_table_symbol_period_ann_date_group
fina_indicator,603557.SH,20230331,20230429,2,roe,exclude_this_table_symbol_period_ann_date_group
fina_indicator,603557.SH,20221231,20230429,2,profit_dedt|roe,exclude_this_table_symbol_period_ann_date_group
fina_indicator,603557.SH,20220930,20221029,2,roe,exclude_this_table_symbol_period_ann_date_group
fina_indicator,603557.SH,20220630,20220827,2,roe,exclude_this_table_symbol_period_ann_date_group
fina_indicator,603557.SH,20220331,20220430,2,roe,exclude_this_table_symbol_period_ann_date_group
fina_indicator,603557.SH,20211231,20220430,2,profit_dedt|roe,exclude_this_table_symbol_period_ann_date_group
fina_indicator,603559.SH,20231231,20240430,2,profit_dedt|roe,exclude_this_table_symbol_period_ann_date_group
fina_indicator,603559.SH,20230331,20230428,2,roe,exclude_this_table_symbol_period_ann_date_group
fina_indicator,603559.SH,20221231,20230428,2,profit_dedt|roe,exclude_this_table_symbol_period_ann_date_group
fina_indicator,603559.SH,20220930,20221027,2,roe,exclude_this_table_symbol_period_ann_date_group
fina_indicator,603559.SH,20220630,20220816,2,roe,exclude_this_table_symbol_period_ann_date_group
fina_indicator,603559.SH,20220331,20220430,2,roe,exclude_this_table_symbol_period_ann_date_group
fina_indicator,603559.SH,20211231,20220430,2,profit_dedt|roe,exclude_this_table_symbol_period_ann_date_group
fina_indicator,603559.SH,20210930,20211020,2,roe,exclude_this_table_symbol_period_ann_date_group
fina_indicator,603559.SH,20210630,20210830,2,roe,exclude_this_table_symbol_period_ann_date_group
fina_indicator,603559.SH,20210331,20210429,2,roe,exclude_this_table_symbol_period_ann_date_group
fina_indicator,603559.SH,20201231,20210427,2,profit_dedt|roe,exclude_this_table_symbol_period_ann_date_group
fina_indicator,603559.SH,20200930,20201012,2,roe,exclude_this_table_symbol_period_ann_date_group
fina_indicator,603559.SH,20200630,20200718,2,roe,exclude_this_table_symbol_period_ann_date_group
fina_indicator,603559.SH,20200331,20200430,2,roe,exclude_this_table_symbol_period_ann_date_group
fina_indicator,603559.SH,20191231,20200425,2,profit_dedt|roe,exclude_this_table_symbol_period_ann_date_group
fina_indicator,603559.SH,20190930,20191029,2,roe,exclude_this_table_symbol_period_ann_date_group
fina_indicator,603559.SH,20190630,20190823,2,roe,exclude_this_table_symbol_period_ann_date_group
fina_indicator,603559.SH,20190331,20190427,2,roe,exclude_this_table_symbol_period_ann_date_group
fina_indicator,603559.SH,20181231,20190426,2,profit_dedt|roe,exclude_this_table_symbol_period_ann_date_group
fina_indicator,603559.SH,20180930,20181026,2,roe,exclude_this_table_symbol_period_ann_date_group
fina_indicator,603559.SH,20180630,20180810,2,roe,exclude_this_table_symbol_period_ann_date_group
fina_indicator,603559.SH,20180331,20180426,2,roe,exclude_this_table_symbol_period_ann_date_group
fina_indicator,603567.SH,20230331,20230429,2,profit_dedt|roe,exclude_this_table_symbol_period_ann_date_group
fina_indicator,603595.SH,20230930,20231028,2,profit_dedt|roe,exclude_this_table_symbol_period_ann_date_group
fina_indicator,603595.SH,20230331,20230429,2,profit_dedt|roe,exclude_this_table_symbol_period_ann_date_group
fina_indicator,603595.SH,20221231,20230311,2,profit_dedt|roe,exclude_this_table_symbol_period_ann_date_group
fina_indicator,603616.SH,20230930,20231028,2,roe,exclude_this_table_symbol_period_ann_date_group
fina_indicator,603616.SH,20230331,20230428,2,roe,exclude_this_table_symbol_period_ann_date_group
fina_indicator,603616.SH,20221231,20230428,2,profit_dedt|roe,exclude_this_table_symbol_period_ann_date_group
fina_indicator,603616.SH,20220930,20221029,2,roe,exclude_this_table_symbol_period_ann_date_group
fina_indicator,603616.SH,20220630,20220831,2,roe,exclude_this_table_symbol_period_ann_date_group
fina_indicator,603616.SH,20220331,20220428,2,roe,exclude_this_table_symbol_period_ann_date_group
fina_indicator,603616.SH,20211231,20220428,2,profit_dedt|roe,exclude_this_table_symbol_period_ann_date_group
fina_indicator,603616.SH,20210930,20211030,2,roe,exclude_this_table_symbol_period_ann_date_group
fina_indicator,603616.SH,20210630,20210828,2,roe,exclude_this_table_symbol_period_ann_date_group
fina_indicator,603616.SH,20210331,20210430,2,roe,exclude_this_table_symbol_period_ann_date_group
fina_indicator,603616.SH,20201231,20210416,2,profit_dedt|roe,exclude_this_table_symbol_period_ann_date_group
fina_indicator,603616.SH,20200930,20201031,2,roe,exclude_this_table_symbol_period_ann_date_group
fina_indicator,603616.SH,20200630,20200828,2,roe,exclude_this_table_symbol_period_ann_date_group
fina_indicator,603616.SH,20200331,20200430,2,roe,exclude_this_table_symbol_period_ann_date_group
fina_indicator,603616.SH,20191231,20200430,2,profit_dedt|roe,exclude_this_table_symbol_period_ann_date_group
fina_indicator,603690.SH,20250331,20250429,2,profit_dedt|roe,exclude_this_table_symbol_period_ann_date_group
fina_indicator,603690.SH,20230331,20230429,2,roe,exclude_this_table_symbol_period_ann_date_group
fina_indicator,603690.SH,20221231,20230408,2,profit_dedt|roe,exclude_this_table_symbol_period_ann_date_group
fina_indicator,603690.SH,20220930,20221029,2,roe,exclude_this_table_symbol_period_ann_date_group
fina_indicator,603690.SH,20220630,20220831,2,roe,exclude_this_table_symbol_period_ann_date_group
fina_indicator,603690.SH,20220331,20220430,2,roe,exclude_this_table_symbol_period_ann_date_group
fina_indicator,603690.SH,20211231,20220430,2,profit_dedt|roe,exclude_this_table_symbol_period_ann_date_group
fina_indicator,603696.SH,20250331,20250429,2,profit_dedt|roe,exclude_this_table_symbol_period_ann_date_group
fina_indicator,603696.SH,20230331,20230428,2,roe,exclude_this_table_symbol_period_ann_date_group
fina_indicator,603696.SH,20221231,20230421,2,profit_dedt|roe,exclude_this_table_symbol_period_ann_date_group
fina_indicator,603696.SH,20220930,20221026,2,roe,exclude_this_table_symbol_period_ann_date_group
fina_indicator,603696.SH,20220630,20220825,2,roe,exclude_this_table_symbol_period_ann_date_group
fina_indicator,603696.SH,20220331,20220428,2,roe,exclude_this_table_symbol_period_ann_date_group
fina_indicator,603696.SH,20211231,20220421,2,profit_dedt|roe,exclude_this_table_symbol_period_ann_date_group
fina_indicator,603696.SH,20210930,20211028,2,roe,exclude_this_table_symbol_period_ann_date_group
fina_indicator,603696.SH,20210630,20210825,2,roe,exclude_this_table_symbol_period_ann_date_group
fina_indicator,603696.SH,20210331,20210430,2,roe,exclude_this_table_symbol_period_ann_date_group
fina_indicator,603696.SH,20201231,20210421,2,profit_dedt|roe,exclude_this_table_symbol_period_ann_date_group
fina_indicator,603696.SH,20200930,20201029,2,roe,exclude_this_table_symbol_period_ann_date_group
fina_indicator,603696.SH,20200630,20200815,2,roe,exclude_this_table_symbol_period_ann_date_group
fina_indicator,603696.SH,20200331,20200429,2,roe,exclude_this_table_symbol_period_ann_date_group
fina_indicator,603696.SH,20191231,20200417,2,profit_dedt|roe,exclude_this_table_symbol_period_ann_date_group
fina_indicator,603696.SH,20190930,20191031,2,roe,exclude_this_table_symbol_period_ann_date_group
fina_indicator,603696.SH,20190630,20190814,2,roe,exclude_this_table_symbol_period_ann_date_group
fina_indicator,603696.SH,20190331,20190426,2,roe,exclude_this_table_symbol_period_ann_date_group
fina_indicator,603696.SH,20181231,20190403,2,profit_dedt|roe,exclude_this_table_symbol_period_ann_date_group
fina_indicator,603717.SH,20231231,20240430,2,profit_dedt|roe,exclude_this_table_symbol_period_ann_date_group
fina_indicator,603717.SH,20230630,20230831,2,profit_dedt|roe,exclude_this_table_symbol_period_ann_date_group
fina_indicator,603717.SH,20230331,20230429,2,roe,exclude_this_table_symbol_period_ann_date_group
fina_indicator,603717.SH,20221231,20230429,2,profit_dedt|roe,exclude_this_table_symbol_period_ann_date_group
fina_indicator,603729.SH,20250630,20250823,2,profit_dedt|roe,exclude_this_table_symbol_period_ann_date_group
fina_indicator,603789.SH,20250630,20250830,2,profit_dedt|roe,exclude_this_table_symbol_period_ann_date_group
fina_indicator,603789.SH,20250331,20250430,2,roe,exclude_this_table_symbol_period_ann_date_group
fina_indicator,603789.SH,20240331,20240430,2,profit_dedt|roe,exclude_this_table_symbol_period_ann_date_group
fina_indicator,603789.SH,20231231,20240430,2,profit_dedt|roe,exclude_this_table_symbol_period_ann_date_group
fina_indicator,603789.SH,20230930,20231028,2,profit_dedt|roe,exclude_this_table_symbol_period_ann_date_group
fina_indicator,603822.SH,20230630,20230829,2,roe,exclude_this_table_symbol_period_ann_date_group
fina_indicator,603822.SH,20230331,20230421,2,roe,exclude_this_table_symbol_period_ann_date_group
fina_indicator,603822.SH,20221231,20230421,2,profit_dedt|roe,exclude_this_table_symbol_period_ann_date_group
fina_indicator,603825.SH,20230331,20230428,2,roe,exclude_this_table_symbol_period_ann_date_group
fina_indicator,603825.SH,20221231,20230428,2,profit_dedt|roe,exclude_this_table_symbol_period_ann_date_group
fina_indicator,603825.SH,20220930,20221029,2,roe,exclude_this_table_symbol_period_ann_date_group
fina_indicator,603825.SH,20220630,20220831,2,roe,exclude_this_table_symbol_period_ann_date_group
fina_indicator,603825.SH,20220331,20220428,2,roe,exclude_this_table_symbol_period_ann_date_group
fina_indicator,603825.SH,20211231,20220428,2,profit_dedt|roe,exclude_this_table_symbol_period_ann_date_group
fina_indicator,603843.SH,20241231,20250430,2,roe,exclude_this_table_symbol_period_ann_date_group
fina_indicator,603843.SH,20220930,20221028,2,profit_dedt|roe,exclude_this_table_symbol_period_ann_date_group
fina_indicator,603843.SH,20220630,20220830,2,profit_dedt|roe,exclude_this_table_symbol_period_ann_date_group
fina_indicator,603859.SH,20240630,20240823,2,profit_dedt|roe,exclude_this_table_symbol_period_ann_date_group
fina_indicator,603869.SH,20230930,20231028,2,profit_dedt|roe,exclude_this_table_symbol_period_ann_date_group
fina_indicator,603869.SH,20230331,20230429,2,roe,exclude_this_table_symbol_period_ann_date_group
fina_indicator,603869.SH,20221231,20230429,2,roe,exclude_this_table_symbol_period_ann_date_group
fina_indicator,603869.SH,20220930,20221029,2,roe,exclude_this_table_symbol_period_ann_date_group
fina_indicator,603869.SH,20220630,20220820,2,roe,exclude_this_table_symbol_period_ann_date_group
fina_indicator,603869.SH,20220331,20220429,2,roe,exclude_this_table_symbol_period_ann_date_group
fina_indicator,603869.SH,20211231,20220420,2,profit_dedt|roe,exclude_this_table_symbol_period_ann_date_group
fina_indicator,603869.SH,20210930,20211028,2,roe,exclude_this_table_symbol_period_ann_date_group
fina_indicator,603869.SH,20210630,20210828,2,roe,exclude_this_table_symbol_period_ann_date_group
fina_indicator,603869.SH,20210331,20210430,2,roe,exclude_this_table_symbol_period_ann_date_group
fina_indicator,603869.SH,20201231,20210410,2,profit_dedt|roe,exclude_this_table_symbol_period_ann_date_group
fina_indicator,603869.SH,20200930,20201031,2,roe,exclude_this_table_symbol_period_ann_date_group
fina_indicator,603869.SH,20200630,20200822,2,roe,exclude_this_table_symbol_period_ann_date_group
fina_indicator,603869.SH,20200331,20200425,2,roe,exclude_this_table_symbol_period_ann_date_group
fina_indicator,603869.SH,20191231,20200425,2,profit_dedt|roe,exclude_this_table_symbol_period_ann_date_group
fina_indicator,603877.SH,20230331,20230429,2,profit_dedt,exclude_this_table_symbol_period_ann_date_group
fina_indicator,603879.SH,20230331,20230428,2,roe,exclude_this_table_symbol_period_ann_date_group
fina_indicator,603879.SH,20221231,20230428,2,profit_dedt|roe,exclude_this_table_symbol_period_ann_date_group
fina_indicator,603887.SH,20230331,20230428,2,profit_dedt|roe,exclude_this_table_symbol_period_ann_date_group
fina_indicator,603936.SH,20231231,20240427,2,profit_dedt|roe,exclude_this_table_symbol_period_ann_date_group
fina_indicator,603936.SH,20230930,20231028,2,profit_dedt|roe,exclude_this_table_symbol_period_ann_date_group
fina_indicator,603936.SH,20230331,20230429,2,roe,exclude_this_table_symbol_period_ann_date_group
fina_indicator,603936.SH,20221231,20230422,2,profit_dedt|roe,exclude_this_table_symbol_period_ann_date_group
fina_indicator,603936.SH,20220930,20221028,2,roe,exclude_this_table_symbol_period_ann_date_group
fina_indicator,603936.SH,20220630,20220823,2,roe,exclude_this_table_symbol_period_ann_date_group
fina_indicator,603936.SH,20220331,20220426,2,roe,exclude_this_table_symbol_period_ann_date_group
fina_indicator,603936.SH,20211231,20220418,2,profit_dedt|roe,exclude_this_table_symbol_period_ann_date_group
fina_indicator,603936.SH,20210930,20211029,2,roe,exclude_this_table_symbol_period_ann_date_group
fina_indicator,603936.SH,20210630,20210810,2,roe,exclude_this_table_symbol_period_ann_date_group
fina_indicator,603936.SH,20210331,20210428,2,roe,exclude_this_table_symbol_period_ann_date_group
fina_indicator,603936.SH,20201231,20210325,2,profit_dedt|roe,exclude_this_table_symbol_period_ann_date_group
fina_indicator,603988.SH,20230930,20231028,2,profit_dedt|roe,exclude_this_table_symbol_period_ann_date_group
fina_indicator,605008.SH,20241231,20250320,2,profit_dedt|roe,exclude_this_table_symbol_period_ann_date_group
fina_indicator,605081.SH,20230630,20230831,2,roe,exclude_this_table_symbol_period_ann_date_group
fina_indicator,605081.SH,20220331,20220430,2,roe,exclude_this_table_symbol_period_ann_date_group
fina_indicator,605081.SH,20210930,20211026,2,roe,exclude_this_table_symbol_period_ann_date_group
fina_indicator,605081.SH,20210630,20210826,2,roe,exclude_this_table_symbol_period_ann_date_group
fina_indicator,605081.SH,20210331,20210427,2,roe,exclude_this_table_symbol_period_ann_date_group
fina_indicator,605081.SH,20201231,20210403,2,profit_dedt|roe,exclude_this_table_symbol_period_ann_date_group
fina_indicator,605081.SH,20200930,20210126,2,roe,exclude_this_table_symbol_period_ann_date_group
fina_indicator,605081.SH,20200630,20210126,2,roe,exclude_this_table_symbol_period_ann_date_group
fina_indicator,605081.SH,20200331,20210427,2,roe,exclude_this_table_symbol_period_ann_date_group
fina_indicator,605081.SH,20191231,20210126,2,profit_dedt|roe,exclude_this_table_symbol_period_ann_date_group
fina_indicator,605081.SH,20190930,20210126,2,roe,exclude_this_table_symbol_period_ann_date_group
fina_indicator,605199.SH,20250331,20250429,2,roe,exclude_this_table_symbol_period_ann_date_group
fina_indicator,605199.SH,20241231,20250429,2,roe,exclude_this_table_symbol_period_ann_date_group
fina_indicator,605199.SH,20240630,20240829,2,profit_dedt|roe,exclude_this_table_symbol_period_ann_date_group
fina_indicator,000584.SZ,20221231,20230429,2,profit_dedt|roe,exclude_this_table_symbol_period_ann_date_group
fina_indicator,000584.SZ,20220930,20221029,2,roe,exclude_this_table_symbol_period_ann_date_group
fina_indicator,000584.SZ,20220630,20220829,2,roe,exclude_this_table_symbol_period_ann_date_group
fina_indicator,000584.SZ,20220331,20220428,2,roe,exclude_this_table_symbol_period_ann_date_group
fina_indicator,000584.SZ,20211231,20220415,2,profit_dedt|roe,exclude_this_table_symbol_period_ann_date_group
fina_indicator,000584.SZ,20210930,20211029,2,roe,exclude_this_table_symbol_period_ann_date_group
fina_indicator,000584.SZ,20210630,20210831,2,roe,exclude_this_table_symbol_period_ann_date_group
fina_indicator,000584.SZ,20210331,20210429,2,roe,exclude_this_table_symbol_period_ann_date_group
fina_indicator,000584.SZ,20201231,20210429,2,profit_dedt|roe,exclude_this_table_symbol_period_ann_date_group
fina_indicator,000584.SZ,20200930,20201031,2,roe,exclude_this_table_symbol_period_ann_date_group
fina_indicator,000584.SZ,20200630,20200831,2,roe,exclude_this_table_symbol_period_ann_date_group
fina_indicator,000584.SZ,20200331,20200430,2,roe,exclude_this_table_symbol_period_ann_date_group
fina_indicator,000584.SZ,20191231,20200430,2,profit_dedt|roe,exclude_this_table_symbol_period_ann_date_group
fina_indicator,000687.SZ,20211231,20220428,2,profit_dedt,exclude_this_table_symbol_period_ann_date_group
fina_indicator,000806.SZ,20221231,20230429,2,profit_dedt,exclude_this_table_symbol_period_ann_date_group
fina_indicator,000836.SZ,20230331,20230428,2,profit_dedt|roe,exclude_this_table_symbol_period_ann_date_group
fina_indicator,000851.SZ,20240630,20240827,2,roe,exclude_this_table_symbol_period_ann_date_group
fina_indicator,000851.SZ,20230630,20230831,2,roe,exclude_this_table_symbol_period_ann_date_group
fina_indicator,000851.SZ,20230331,20230429,2,roe,exclude_this_table_symbol_period_ann_date_group
fina_indicator,000851.SZ,20221231,20230429,2,profit_dedt|roe,exclude_this_table_symbol_period_ann_date_group
fina_indicator,000851.SZ,20220930,20221031,2,roe,exclude_this_table_symbol_period_ann_date_group
fina_indicator,000851.SZ,20220630,20220831,2,roe,exclude_this_table_symbol_period_ann_date_group
fina_indicator,000851.SZ,20220331,20220429,2,roe,exclude_this_table_symbol_period_ann_date_group
fina_indicator,000851.SZ,20211231,20220414,2,profit_dedt|roe,exclude_this_table_symbol_period_ann_date_group
fina_indicator,000851.SZ,20210930,20211030,2,roe,exclude_this_table_symbol_period_ann_date_group
fina_indicator,000851.SZ,20210630,20210831,2,roe,exclude_this_table_symbol_period_ann_date_group
fina_indicator,000851.SZ,20210331,20210430,2,roe,exclude_this_table_symbol_period_ann_date_group
fina_indicator,000851.SZ,20201231,20210415,2,profit_dedt|roe,exclude_this_table_symbol_period_ann_date_group
fina_indicator,000851.SZ,20200930,20201030,2,roe,exclude_this_table_symbol_period_ann_date_group
fina_indicator,000851.SZ,20200630,20200825,2,roe,exclude_this_table_symbol_period_ann_date_group
fina_indicator,000851.SZ,20200331,20200430,2,roe,exclude_this_table_symbol_period_ann_date_group
fina_indicator,000851.SZ,20191231,20200428,2,profit_dedt|roe,exclude_this_table_symbol_period_ann_date_group
fina_indicator,000851.SZ,20190930,20191018,2,roe,exclude_this_table_symbol_period_ann_date_group
fina_indicator,000851.SZ,20190630,20190815,2,roe,exclude_this_table_symbol_period_ann_date_group
fina_indicator,000851.SZ,20190331,20190430,2,roe,exclude_this_table_symbol_period_ann_date_group
fina_indicator,000851.SZ,20181231,20190423,2,profit_dedt|roe,exclude_this_table_symbol_period_ann_date_group
fina_indicator,000851.SZ,20180930,20181029,2,roe,exclude_this_table_symbol_period_ann_date_group
fina_indicator,000851.SZ,20180630,20180821,2,roe,exclude_this_table_symbol_period_ann_date_group
fina_indicator,000851.SZ,20180331,20180426,2,roe,exclude_this_table_symbol_period_ann_date_group
fina_indicator,000939.SZ,20221231,20230428,2,profit_dedt,exclude_this_table_symbol_period_ann_date_group
fina_indicator,002070.SZ,20221231,20230428,2,profit_dedt,exclude_this_table_symbol_period_ann_date_group
fina_indicator,002087.SZ,20230331,20230429,2,roe,exclude_this_table_symbol_period_ann_date_group
fina_indicator,002087.SZ,20221231,20230429,2,profit_dedt|roe,exclude_this_table_symbol_period_ann_date_group
fina_indicator,002087.SZ,20220930,20221025,2,roe,exclude_this_table_symbol_period_ann_date_group
fina_indicator,002087.SZ,20220630,20220825,2,roe,exclude_this_table_symbol_period_ann_date_group
fina_indicator,002087.SZ,20220331,20220429,2,roe,exclude_this_table_symbol_period_ann_date_group
fina_indicator,002087.SZ,20211231,20220429,2,profit_dedt|roe,exclude_this_table_symbol_period_ann_date_group
fina_indicator,002087.SZ,20210930,20211029,2,roe,exclude_this_table_symbol_period_ann_date_group
fina_indicator,002087.SZ,20210630,20210828,2,roe,exclude_this_table_symbol_period_ann_date_group
fina_indicator,002087.SZ,20210331,20210430,2,roe,exclude_this_table_symbol_period_ann_date_group
fina_indicator,002087.SZ,20201231,20210422,2,profit_dedt|roe,exclude_this_table_symbol_period_ann_date_group
fina_indicator,002087.SZ,20200930,20201027,2,roe,exclude_this_table_symbol_period_ann_date_group
fina_indicator,002087.SZ,20200630,20200826,2,roe,exclude_this_table_symbol_period_ann_date_group
fina_indicator,002087.SZ,20200331,20200425,2,roe,exclude_this_table_symbol_period_ann_date_group
fina_indicator,002087.SZ,20191231,20200425,2,profit_dedt|roe,exclude_this_table_symbol_period_ann_date_group
fina_indicator,002087.SZ,20190930,20191022,2,roe,exclude_this_table_symbol_period_ann_date_group
fina_indicator,002087.SZ,20190630,20190829,2,roe,exclude_this_table_symbol_period_ann_date_group
fina_indicator,002087.SZ,20190331,20190419,2,roe,exclude_this_table_symbol_period_ann_date_group
fina_indicator,002087.SZ,20181231,20190409,2,profit_dedt|roe,exclude_this_table_symbol_period_ann_date_group
fina_indicator,002087.SZ,20180930,20181023,2,roe,exclude_this_table_symbol_period_ann_date_group
fina_indicator,002087.SZ,20180630,20180821,2,roe,exclude_this_table_symbol_period_ann_date_group
fina_indicator,002087.SZ,20180331,20180424,2,roe,exclude_this_table_symbol_period_ann_date_group
fina_indicator,002089.SZ,20240630,20240827,2,roe,exclude_this_table_symbol_period_ann_date_group
fina_indicator,002089.SZ,20230331,20230426,2,roe,exclude_this_table_symbol_period_ann_date_group
fina_indicator,002089.SZ,20221231,20230425,2,roe,exclude_this_table_symbol_period_ann_date_group
fina_indicator,002231.SZ,20231231,20240426,2,profit_dedt|roe,exclude_this_table_symbol_period_ann_date_group
fina_indicator,002433.SZ,20230331,20230429,2,roe,exclude_this_table_symbol_period_ann_date_group
fina_indicator,002433.SZ,20221231,20230429,2,profit_dedt|roe,exclude_this_table_symbol_period_ann_date_group
fina_indicator,002433.SZ,20220930,20221028,2,roe,exclude_this_table_symbol_period_ann_date_group
fina_indicator,002433.SZ,20220630,20220826,2,roe,exclude_this_table_symbol_period_ann_date_group
fina_indicator,002433.SZ,20220331,20220616,2,roe,exclude_this_table_symbol_period_ann_date_group
fina_indicator,002433.SZ,20211231,20220616,2,profit_dedt|roe,exclude_this_table_symbol_period_ann_date_group
fina_indicator,002433.SZ,20201231,20210410,2,profit_dedt|roe,exclude_this_table_symbol_period_ann_date_group
fina_indicator,002433.SZ,20200930,20201028,2,roe,exclude_this_table_symbol_period_ann_date_group
fina_indicator,002433.SZ,20200630,20200827,2,roe,exclude_this_table_symbol_period_ann_date_group
fina_indicator,002433.SZ,20200331,20200430,2,roe,exclude_this_table_symbol_period_ann_date_group
fina_indicator,002433.SZ,20191231,20200425,2,profit_dedt|roe,exclude_this_table_symbol_period_ann_date_group
fina_indicator,002433.SZ,20190930,20191021,2,roe,exclude_this_table_symbol_period_ann_date_group
fina_indicator,002433.SZ,20190630,20190823,2,roe,exclude_this_table_symbol_period_ann_date_group
fina_indicator,002433.SZ,20190331,20190427,2,roe,exclude_this_table_symbol_period_ann_date_group
fina_indicator,002433.SZ,20181231,20190410,2,profit_dedt|roe,exclude_this_table_symbol_period_ann_date_group
fina_indicator,002433.SZ,20180930,20181025,2,roe,exclude_this_table_symbol_period_ann_date_group
fina_indicator,002433.SZ,20180630,20180828,2,roe,exclude_this_table_symbol_period_ann_date_group
fina_indicator,002433.SZ,20180331,20180428,2,roe,exclude_this_table_symbol_period_ann_date_group
fina_indicator,002503.SZ,20230630,20230830,2,profit_dedt,exclude_this_table_symbol_period_ann_date_group
fina_indicator,002503.SZ,20211231,20220429,2,profit_dedt,exclude_this_table_symbol_period_ann_date_group
fina_indicator,002503.SZ,20200630,20200828,2,profit_dedt,exclude_this_table_symbol_period_ann_date_group
fina_indicator,002781.SZ,20221231,20230429,2,profit_dedt,exclude_this_table_symbol_period_ann_date_group
fina_indicator,002781.SZ,20201231,20210428,2,roe,exclude_this_table_symbol_period_ann_date_group
fina_indicator,002781.SZ,20200930,20201029,2,roe,exclude_this_table_symbol_period_ann_date_group
fina_indicator,002781.SZ,20200630,20200828,2,roe,exclude_this_table_symbol_period_ann_date_group
fina_indicator,002781.SZ,20200331,20200428,2,roe,exclude_this_table_symbol_period_ann_date_group
fina_indicator,002781.SZ,20191231,20200428,2,profit_dedt|roe,exclude_this_table_symbol_period_ann_date_group
fina_indicator,002781.SZ,20181231,20190429,2,roe,exclude_this_table_symbol_period_ann_date_group
fina_indicator,002781.SZ,20180930,20181030,2,roe,exclude_this_table_symbol_period_ann_date_group
fina_indicator,002781.SZ,20180630,20180828,2,roe,exclude_this_table_symbol_period_ann_date_group
fina_indicator,002781.SZ,20180331,20180427,2,roe,exclude_this_table_symbol_period_ann_date_group
fina_indicator,600112.SH,20230930,20231028,2,profit_dedt|roe,exclude_this_table_symbol_period_ann_date_group
fina_indicator,600112.SH,20230331,20230429,2,roe,exclude_this_table_symbol_period_ann_date_group
fina_indicator,600112.SH,20221231,20230429,2,roe,exclude_this_table_symbol_period_ann_date_group
fina_indicator,600190.SH,20230930,20231028,2,roe,exclude_this_table_symbol_period_ann_date_group
fina_indicator,600190.SH,20230331,20230429,2,roe,exclude_this_table_symbol_period_ann_date_group
fina_indicator,600190.SH,20221231,20230428,2,profit_dedt|roe,exclude_this_table_symbol_period_ann_date_group
fina_indicator,600190.SH,20220930,20221029,2,roe,exclude_this_table_symbol_period_ann_date_group
fina_indicator,600190.SH,20220630,20220827,2,roe,exclude_this_table_symbol_period_ann_date_group
fina_indicator,600190.SH,20220331,20220430,2,roe,exclude_this_table_symbol_period_ann_date_group
fina_indicator,600190.SH,20211231,20220429,2,profit_dedt|roe,exclude_this_table_symbol_period_ann_date_group
fina_indicator,600190.SH,20210930,20211029,2,roe,exclude_this_table_symbol_period_ann_date_group
fina_indicator,600190.SH,20210630,20210828,2,roe,exclude_this_table_symbol_period_ann_date_group
fina_indicator,600190.SH,20210331,20210429,2,roe,exclude_this_table_symbol_period_ann_date_group
fina_indicator,600190.SH,20201231,20210429,2,profit_dedt|roe,exclude_this_table_symbol_period_ann_date_group
fina_indicator,600190.SH,20200930,20201030,2,roe,exclude_this_table_symbol_period_ann_date_group
fina_indicator,600190.SH,20200630,20200829,2,roe,exclude_this_table_symbol_period_ann_date_group
fina_indicator,600190.SH,20200331,20200428,2,roe,exclude_this_table_symbol_period_ann_date_group
fina_indicator,600190.SH,20191231,20200411,2,profit_dedt|roe,exclude_this_table_symbol_period_ann_date_group
fina_indicator,600190.SH,20190930,20191030,2,roe,exclude_this_table_symbol_period_ann_date_group
fina_indicator,600190.SH,20190630,20190827,2,roe,exclude_this_table_symbol_period_ann_date_group
fina_indicator,600190.SH,20190331,20190426,2,roe,exclude_this_table_symbol_period_ann_date_group
fina_indicator,600190.SH,20181231,20190417,2,profit_dedt|roe,exclude_this_table_symbol_period_ann_date_group
fina_indicator,600225.SH,20241231,20250501,2,roe,exclude_this_table_symbol_period_ann_date_group
fina_indicator,600225.SH,20240331,20240430,2,roe,exclude_this_table_symbol_period_ann_date_group
fina_indicator,600225.SH,20231231,20240430,2,profit_dedt|roe,exclude_this_table_symbol_period_ann_date_group
fina_indicator,600225.SH,20221231,20230426,2,roe,exclude_this_table_symbol_period_ann_date_group
fina_indicator,600225.SH,20220930,20221028,2,roe,exclude_this_table_symbol_period_ann_date_group
fina_indicator,600225.SH,20220630,20220826,2,roe,exclude_this_table_symbol_period_ann_date_group
fina_indicator,600225.SH,20220331,20220430,2,roe,exclude_this_table_symbol_period_ann_date_group
fina_indicator,600225.SH,20200930,20201030,2,roe,exclude_this_table_symbol_period_ann_date_group
fina_indicator,600225.SH,20200630,20200828,2,roe,exclude_this_table_symbol_period_ann_date_group
fina_indicator,600225.SH,20200331,20200429,2,roe,exclude_this_table_symbol_period_ann_date_group
fina_indicator,600225.SH,20191231,20200423,2,profit_dedt|roe,exclude_this_table_symbol_period_ann_date_group
fina_indicator,600532.SH,20241231,20250430,2,roe,exclude_this_table_symbol_period_ann_date_group
fina_indicator,600532.SH,20240630,20240831,2,roe,exclude_this_table_symbol_period_ann_date_group
fina_indicator,600532.SH,20231231,20240427,2,profit_dedt|roe,exclude_this_table_symbol_period_ann_date_group
fina_indicator,600804.SH,20230331,20230427,2,roe,exclude_this_table_symbol_period_ann_date_group
fina_indicator,600804.SH,20221231,20230422,2,roe,exclude_this_table_symbol_period_ann_date_group
fina_indicator,600804.SH,20220930,20221029,2,roe,exclude_this_table_symbol_period_ann_date_group
fina_indicator,600804.SH,20220630,20220830,2,roe,exclude_this_table_symbol_period_ann_date_group
fina_indicator,600804.SH,20220331,20220429,2,roe,exclude_this_table_symbol_period_ann_date_group
fina_indicator,600804.SH,20211231,20220428,2,profit_dedt|roe,exclude_this_table_symbol_period_ann_date_group
fina_indicator,600804.SH,20210930,20211029,2,roe,exclude_this_table_symbol_period_ann_date_group
fina_indicator,600804.SH,20210630,20210827,2,roe,exclude_this_table_symbol_period_ann_date_group
fina_indicator,600804.SH,20210331,20210429,2,roe,exclude_this_table_symbol_period_ann_date_group
fina_indicator,600804.SH,20201231,20210428,2,profit_dedt|roe,exclude_this_table_symbol_period_ann_date_group
fina_indicator,600804.SH,20200930,20201031,2,roe,exclude_this_table_symbol_period_ann_date_group
fina_indicator,600804.SH,20200630,20200828,2,roe,exclude_this_table_symbol_period_ann_date_group
fina_indicator,600804.SH,20200331,20200430,2,roe,exclude_this_table_symbol_period_ann_date_group
fina_indicator,600804.SH,20191231,20200520,2,profit_dedt|roe,exclude_this_table_symbol_period_ann_date_group
fina_indicator,600804.SH,20190930,20191030,2,roe,exclude_this_table_symbol_period_ann_date_group
fina_indicator,600804.SH,20190630,20190829,2,roe,exclude_this_table_symbol_period_ann_date_group
fina_indicator,600804.SH,20190331,20190430,2,roe,exclude_this_table_symbol_period_ann_date_group
fina_indicator,600804.SH,20181231,20190427,2,roe,exclude_this_table_symbol_period_ann_date_group
fina_indicator,600804.SH,20180930,20181030,2,roe,exclude_this_table_symbol_period_ann_date_group
fina_indicator,600804.SH,20180630,20180831,2,roe,exclude_this_table_symbol_period_ann_date_group
fina_indicator,600804.SH,20180331,20180427,2,roe,exclude_this_table_symbol_period_ann_date_group
fina_indicator,600898.SH,20230930,20231028,2,profit_dedt|roe,exclude_this_table_symbol_period_ann_date_group
fina_indicator,600898.SH,20230331,20230429,2,roe,exclude_this_table_symbol_period_ann_date_group
fina_indicator,600898.SH,20221231,20230429,2,profit_dedt|roe,exclude_this_table_symbol_period_ann_date_group
fina_indicator,601989.SH,20200630,20200828,2,profit_dedt|roe,exclude_this_table_symbol_period_ann_date_group
fina_indicator,603003.SH,20250331,20250430,2,roe,exclude_this_table_symbol_period_ann_date_group
fina_indicator,603003.SH,20241231,20250430,2,roe,exclude_this_table_symbol_period_ann_date_group
fina_indicator,603003.SH,20230331,20230428,2,roe,exclude_this_table_symbol_period_ann_date_group
fina_indicator,603003.SH,20221231,20230428,2,profit_dedt|roe,exclude_this_table_symbol_period_ann_date_group
fina_indicator,603003.SH,20211231,20220428,2,profit_dedt|roe,exclude_this_table_symbol_period_ann_date_group
fina_indicator,603003.SH,20201231,20210428,2,profit_dedt|roe,exclude_this_table_symbol_period_ann_date_group
fina_indicator,603003.SH,20191231,20200428,2,profit_dedt|roe,exclude_this_table_symbol_period_ann_date_group
fina_indicator,603003.SH,20181231,20190426,2,profit_dedt|roe,exclude_this_table_symbol_period_ann_date_group
fina_indicator,603388.SH,20230331,20230429,2,roe,exclude_this_table_symbol_period_ann_date_group
fina_indicator,603388.SH,20210930,20211030,2,roe,exclude_this_table_symbol_period_ann_date_group
fina_indicator,603388.SH,20210630,20210825,2,roe,exclude_this_table_symbol_period_ann_date_group
