ts_code,symbol,name,list_date,delist_date,market,list_status,avg_amount_20d,pct_20d,l2_name,l1_name,l2_code,l1_code,close,pe,pe_ttm,pb,turnover_rate,total_mv,circ_mv,avg_amount_5d,vol_confirm,limit_20d,limit_10d,is_lock,is_breakout,high_20d,low_20d,pct_5d,pct_60d,drawdown_20d,has_crash_veto,pct_20d_n,market_med_20d,q0_dt_yoy,q1_dt_yoy,q0_profit_dedt,q0_dt_profit_ratio,q0_net_income,ttm_net_income,ttm_profit_dedt,ttm_ocf_ratio,roe,reduce_deduct,total_mv_n,avg_amt_5d_n,l1_leader,l1_score,l1_flag,itf_adj,l2_pe_mkt_pct,q0_dt_yoy_n,q1_dt_yoy_n,ind_med,esp_raw,l2_flags,pe_n,pb_n,roe_n,peg_n,pe_mean,val_bonus,val_penalty,close_n,high_20d_n,vol_shrink,reduce_penalty,cat_score,cat_flag,mom_rank,l4_mom_ok,l4_rel_ok,l4_score,ind_mom_cnt,alpha_excess,alpha_flag,pct_5d_n,l4_flag,big_ratio,chasing_high,overheat_flag,z_group,esp_raw_w,esp_z,esp_score,egs_base,mult,deduct,final_score,tier
000001.SZ,000001,平安银行,19910403,,主板,L,1166530702.75,-1.9625334522747617,未知,未知,,,10.99,5.0025,4.9529,0.4596,0.5023,21327104.0996,21326755.1176,1059802101.1999999,False,0,0,False,False,11.6,10.92,-2.5709219858155996,-0.722673893405601,-5.258620689655169,False,-1.9625334522747617,1.410939133031408,3.2,-4.9,14488000000.0,99.759,,,120311000000.0,217.3903,2.652,0,21327104.0996,1059802101.1999999,1.0,1.5,PASS,False,0.4444444444444444,3.2,-4.9,1.0,3.2,ESP-Q,5.0025,0.4596,2.652,1.56328125,99.46392506573181,0.0,0.0,10.99,11.6,False,0,77.20504009163804,,0.37003058103975534,0,0,5.0,393,-3.7268475695300562,False,-2.5709219858155996,,-0.04105307019112342,False,False,独立池,3.2,0.0,20.887524390212548,29.83901690553392,0.7,0.0,20.89,Other
000002.SZ,000002,万科Ａ,19910129,,主板,L,461739107.15000004,-4.7858942065491235,未知,未知,,,3.78,,,0.408,1.2394,4509808.18,3673001.757,597666745.5999999,True,0,0,False,False,4.16,3.7,-7.579462102689483,-23.790322580645164,-9.134615384615397,False,-4.7858942065491235,1.410939133031408,11.67,-89.27,-5334173713.54,,,,-129328697212.95999,,-5.234,0,4509808.18,597666745.5999999,1.0,1.5,PASS,False,0.4444444444444444,11.67,-89.27,1.0,11.67,ESP-Q,,0.408,-5.234,,99.46392506573181,0.0,0.0,3.78,4.16,False,0,75.60137457044674,,0.27675840978593275,0,0,5.0,393,-6.5502083238044175,False,-7.579462102689483,,-0.015785971028169112,False,False,独立池,11.67,0.0,21.0112725034556,29.382666871825144,0.7,0.0,20.57,Other
000006.SZ,000006,深振业Ａ,19920427,,主板,L,400010979.4499999,10.706150341685671,未知,未知,,,9.72,,,2.444,3.4668,1312195.1847,1312185.2703,721913476.4000001,False,1,1,False,False,10.99,8.73,2.3157894736842266,3.6247334754797356,-11.555959963603268,False,10.706150341685671,1.410939133031408,124.77,96.6,6931220.37,92.0793,,,-58804585.82000001,1215.9487,0.1403,0,1312195.1847,721913476.4000001,1.0,1.5,PASS,False,0.4444444444444444,124.77,96.6,1.0,124.77,,,2.444,0.1403,,99.46392506573181,0.0,0.0,9.72,10.99,False,0,73.25315005727376,,0.7232415902140673,1,1,75.0,393,8.941836224430377,True,2.3157894736842266,,0.016182589966562317,False,False,独立池,124.77,0.0,22.663682374505097,64.00868149208316,1.0,0.0,64.01,Tier2
000009.SZ,000009,中国宝安,19910625,,主板,L,277557385.95000005,-10.609480812641081,未知,未知,,,7.92,100.6068,393.3935,2.0366,1.0095,2042737.4603,2040208.2083,258929262.2,False,0,0,False,False,9.32,7.87,-7.692307692307699,-18.012422360248447,-15.021459227467815,False,-10.609480812641081,1.410939133031408,-73.85,-341.34,20137217.24,115.3158,,,174329814.67,-56.7024,0.1743,0,2042737.4603,258929262.2,1.0,1.5,PASS,False,0.4444444444444444,-73.85,-341.34,1.0,-74.85,ESP-Q,100.6068,2.0366,0.1743,,99.46392506573181,0.0,0.0,7.92,9.32,False,0,72.16494845360825,,0.10626911314984709,0,0,5.0,393,-12.373794929896375,False,-7.692307692307699,,-0.054420346313892844,False,False,独立池,-74.85,0.0,19.747200867353012,28.098924709553074,0.7,0.0,19.67,Other
000019.SZ,000019,深粮控股,19921012,,主板,L,170752010.00000003,-10.191082802547768,未知,未知,,,7.05,33.4081,37.4722,1.6078,3.4354,812537.3541,293425.5169,126049453.60000001,False,0,0,False,False,8.43,6.98,-5.74866310160429,-1.5363128491620137,-16.37010676156584,False,-10.191082802547768,1.410939133031408,-32.97,-51.77,48842983.53,75.2065,,,579499764.05,235.5758,1.2934,0,812537.3541,126049453.60000001,1.0,1.5,PASS,False,0.4444444444444444,-32.97,-51.77,1.0,-33.97,ESP-Q,33.4081,1.6078,1.2934,,99.46392506573181,0.0,0.0,7.05,8.43,True,0,77.20504009163804,,0.11391437308868502,0,0,5.0,393,-11.955396919803063,False,-5.74866310160429,,-0.04841560581308414,False,False,独立池,-33.97,0.0,20.344464488294687,29.73040492515035,0.7,0.0,20.81,Other
000021.SZ,000021,深科技,19940202,,主板,L,2990870898.6500006,19.02404526166901,未知,未知,,,33.66,46.6593,44.1978,3.9662,10.0734,5299001.5043,5298224.9681,5144295408.0,True,0,0,False,False,36.0,27.95,2.0928116469517644,16.712898751733697,-6.500000000000005,False,19.02404526166901,1.410939133031408,14.93,7.48,142765477.92,58.9506,,,2004704871.01,32.1692,1.8307,0,5299001.5043,5144295408.0,1.0,1.5,PASS,False,0.4444444444444444,14.93,7.48,1.0,14.93,ESP-Q,46.6593,3.9662,1.8307,3.1252042866711323,99.46392506573181,0.0,0.0,33.66,36.0,False,0,92.78350515463917,CHASE,0.8356269113149847,1,1,100.0,393,17.259731144413713,True,2.0928116469517644,,0.0023746284087807316,True,False,独立池,14.93,0.0,21.05890164739567,82.04683187587088,0.7,0.0,57.43,Tier2
000026.SZ,000026,飞亚达,19930603,,主板,L,423232040.8500001,13.468013468013451,未知,未知,,,20.22,93.9619,76.6143,2.4146,6.1709,820454.8222,737141.8021,451698236.59999996,True,1,0,False,False,21.08,15.91,0.3972194637537063,29.201277955271564,-4.079696394686905,False,13.468013468013451,1.410939133031408,41.05,-60.15,62260608.55,95.6715,,,343555516.82,224.2321,1.9327,0,820454.8222,451698236.59999996,1.0,1.5,PASS,False,0.4444444444444444,41.05,-60.15,1.0,41.05,ESP-Q,93.9619,2.4146,1.9327,2.288962241169306,99.46392506573181,0.0,0.0,20.22,21.08,False,0,91.63802978235968,,0.7698776758409785,1,1,100.0,393,11.703699350758157,True,0.3972194637537063,,-0.01292141351175451,False,False,独立池,41.05,0.0,21.4405192055903,81.77951277582596,0.7,0.0,57.25,Tier2
000027.SZ,000027,深圳能源,19930903,,主板,L,336198770.24999994,8.845577211394296,未知,未知,,,7.26,16.4208,17.2598,1.0324,1.2794,3453865.079,3453865.079,502521131.40000004,False,0,0,False,False,7.72,6.65,0.9735744089012455,7.237813884785815,-5.958549222797926,False,8.845577211394296,1.410939133031408,-4.72,11.03,1208297243.66,96.7133,,,6486655118.37,60.578,2.4193,0,3453865.079,502521131.40000004,1.0,1.5,PASS,False,0.4444444444444444,-4.72,11.03,1.0,-5.72,,16.4208,1.0324,2.4193,,99.46392506573181,0.0,0.0,7.26,7.72,False,0,88.65979381443299,,0.6819571865443425,0,1,40.0,393,7.081263094139002,True,0.9735744089012455,,-0.005788752070087229,False,False,独立池,-5.72,0.0,20.757201701885744,50.749378484707044,1.0,0.0,50.75,Tier2
000029.SZ,000029,深深房Ａ,19930915,,主板,L,208623997.5,46.52812975164724,未知,未知,,,28.91,292.5996,1238.8654,8.094,1.6453,2924709.06,2577789.06,526752117.7999999,True,2,2,False,False,29.96,19.71,20.058139534883736,29.29338103756709,-3.5046728971962593,False,46.52812975164724,1.410939133031408,-111.22,218.37,-7640881.12,,,,453005648.38,,-0.1087,0,2924709.06,526752117.7999999,1.0,1.5,PASS,False,0.4444444444444444,-111.22,218.37,1.0,-112.22,,292.5996,8.094,-0.1087,,99.46392506573181,0.0,10.0,28.91,29.96,False,0,85.56701030927834,CHASE,0.9648318042813455,1,1,100.0,393,44.763815634391946,True,20.058139534883736,OVERHEAT,0.0162293980662214,True,True,独立池,-112.22,0.0,19.201218932064595,79.51034687919642,1.0,10.0,69.51,Tier2
000032.SZ,000032,深桑达Ａ,19931028,,主板,L,400606161.09999996,-1.1290322580645218,未知,未知,,,18.39,,,3.0254,1.8425,2234714.7529,2092707.0313,523931920.6,True,0,0,False,False,19.46,17.24,-3.5152151101783713,-9.542547958681736,-5.498458376156224,False,-1.1290322580645218,1.410939133031408,-100.82,-4265.07,-102347794.81,,,,-1013123619.62,2325.7655,-1.1099,0,2234714.7529,523931920.6,1.0,1.5,PASS,False,0.4444444444444444,-100.82,-4265.07,1.0,-101.82,,,3.0254,-1.1099,,99.46392506573181,0.0,0.0,18.39,19.46,False,0,89.3470790378007,,0.40519877675840976,0,0,5.0,393,-2.8933463753198163,False,-3.5152151101783713,,-0.02097425216952334,False,False,独立池,-101.82,0.0,19.353164667333516,33.17475664480691,1.0,0.0,33.17,Other
000034.SZ,000034,神州数码,19940509,,主板,L,1383880791.6000001,16.676217765042978,未知,未知,,,40.72,56.5502,54.596,2.6283,6.2015,2957259.9364,2469807.1525,1988357102.6000001,True,0,0,False,False,43.75,34.78,-4.458000938526507,10.382217403090266,-6.925714285714291,False,16.676217765042978,1.410939133031408,4.14,-30.7,233118208.42,98.7818,,,2028525193.75,-734.423,2.1229,0,2957259.9364,1988357102.6000001,1.0,1.5,PASS,False,0.4444444444444444,4.14,-30.7,1.0,4.14,ESP-Q,56.5502,2.6283,2.1229,13.659468599033817,99.46392506573181,0.0,0.0,40.72,43.75,False,0,73.25315005727376,CHASE,0.8149847094801224,1,1,100.0,393,14.911903647787684,True,-4.458000938526507,,0.007533621525694546,True,False,独立池,4.14,0.0,20.901257947054162,76.15619660659296,0.7,0.0,53.31,Tier2
000035.SZ,000035,中国天楹,19940408,,主板,L,363466647.8,-8.160237388724035,未知,未知,,,6.19,52.0582,51.1362,1.3739,2.2971,1478192.284,1431762.938,390985477.40000004,True,0,0,False,False,7.35,6.13,-5.351681957186538,4.915254237288136,-15.78231292517006,False,-8.160237388724035,1.410939133031408,35.53,23.99,125036004.23,112.933,,,940127871.6700001,191.0652,1.0227,1,1478192.284,390985477.40000004,1.0,1.5,PASS,False,0.4444444444444444,35.53,23.99,1.0,35.53,,52.0582,1.3739,1.0227,1.4651899802983395,99.46392506573181,0.0,0.0,6.19,7.35,False,10,81.09965635738831,,0.1651376146788991,0,0,5.0,393,-9.924551505979329,False,-5.351681957186538,,-0.01646119868895395,False,False,独立池,35.53,0.0,21.359871084562947,31.101871124129083,1.0,10.0,21.1,Other
000037.SZ,000037,深南电A,19940701,,主板,L,465316661.4,8.796764408493418,未知,未知,,,10.76,40.2745,34.9882,3.8379,9.8201,648572.5533,364665.1694,521037216.79999995,False,1,0,False,False,12.12,9.54,-3.756708407871201,12.552301255230125,-11.221122112211212,False,8.796764408493418,1.410939133031408,156.81,7.56,8797219.71,73.1547,,,-127971639.27999999,-72.152,0.7142,0,648572.5533,521037216.79999995,1.0,1.5,PASS,False,0.4444444444444444,156.81,7.56,1.0,156.81,ESP-Q,40.2745,3.8379,0.7142,0.2568362987054397,99.46392506573181,0.0,0.0,10.76,12.12,False,0,84.65063001145475,,0.6804281345565749,0,1,40.0,393,7.032450291238124,True,-3.756708407871201,,-0.006338453133923903,False,False,独立池,156.81,0.0,23.13179212046819,50.021547427530066,0.7,0.0,35.02,Other
000039.SZ,000039,中集集团,19940408,,主板,L,709513491.2500002,2.1043771043770976,未知,未知,,,12.13,296.2199,,1.4001,1.9835,6541127.227,2791606.862,591892403.2,True,1,1,False,False,13.65,10.8,-8.106060606060595,8.886894075403951,-11.13553113553113,False,2.1043771043770976,1.410939133031408,-67.99,-100.9,167445000.0,80.1322,,,2831283000.0,84.233,0.4132,0,6541127.227,591892403.2,1.0,1.5,PASS,False,0.4444444444444444,-67.99,-100.9,1.0,-68.99,,296.2199,1.4001,0.4132,,99.46392506573181,0.0,0.0,12.13,13.65,False,0,73.25315005727376,,0.5076452599388379,0,0,5.0,393,0.34006298712180305,False,-8.106060606060595,,-0.017059671656537576,False,False,独立池,-68.99,0.0,19.832816445110307,28.44250830620419,1.0,0.0,28.44,Other
000048.SZ,000048,京基智农,19941101,,主板,L,187425562.49999997,-7.781350482315119,未知,未知,,,14.34,49.7632,,2.0247,1.6574,760424.7465,759736.8567,156179056.4,True,0,0,False,False,15.74,13.78,-5.408970976253302,-19.211267605633807,-8.894536213468873,False,-7.781350482315119,1.410939133031408,-289.87,-80.39,-226565007.76,,,,458294252.9100001,,-5.898,0,760424.7465,156179056.4,1.0,1.5,PASS,False,0.4444444444444444,-289.87,-80.39,1.0,-290.87,,49.7632,2.0247,-5.898,,99.46392506573181,0.0,0.0,14.34,15.74,False,0,80.29782359679267,,0.18042813455657492,0,0,5.0,393,-9.545664599570413,False,-5.408970976253302,,-0.04519754440832208,False,False,独立池,-290.87,0.0,16.591112623815324,29.907569603800866,1.0,0.0,29.91,Other
000049.SZ,000049,德赛电池,19950320,,主板,L,506175895.45,-0.5152741994847276,未知,未知,,,27.03,35.5725,32.136,1.5289,3.3874,1039677.9574,1039397.732,358337442.0,False,0,0,False,False,31.5,26.9,-5.687369155617583,2.7756653992395464,-14.190476190476186,False,-0.5152741994847276,1.410939133031408,74.27,-33.26,55417166.77,69.3438,,,524847797.28000003,468.3323,1.1816,0,1039677.9574,358337442.0,1.0,1.5,PASS,False,0.4444444444444444,74.27,-33.26,1.0,74.27,ESP-Q,35.5725,1.5289,1.1816,0.47896189578564696,99.46392506573181,0.0,0.0,27.03,31.5,True,0,73.25315005727376,,0.4288990825688073,0,0,5.0,393,-2.279588316740022,False,-5.687369155617583,,-0.03173310520572158,False,False,独立池,74.27,0.0,21.92586894843967,28.86111880687006,0.7,0.0,20.2,Other
000050.SZ,000050,深天马Ａ,19950315,,主板,L,194501889.39999998,-9.45454545454546,未知,未知,,,7.47,109.6895,,0.6784,1.4622,1835937.5028,1835923.2164,216481899.39999995,False,0,0,False,False,8.55,7.38,-4.597701149425292,-22.750775594622542,-12.631578947368427,False,-9.45454545454546,1.410939133031408,-22.4027,74.1856,-167280469.79,,,,-1294528523.75,,-0.5126,0,1835937.5028,216481899.39999995,1.0,1.5,PASS,False,0.4444444444444444,-22.4027,74.1856,1.0,-23.4027,,109.6895,0.6784,-0.5126,,99.46392506573181,0.0,0.0,7.47,8.55,False,0,94.27262313860251,,0.1345565749235474,0,0,5.0,393,-11.218859571800754,False,-4.597701149425292,,-0.004230238186194783,False,False,独立池,-23.4027,0.0,20.498854504478075,34.88155784247637,1.0,0.0,34.88,Other
000059.SZ,000059,华锦股份,19970130,,主板,L,163101402.89999998,-5.123339658444015,未知,未知,,,5.0,,,0.8206,1.623,799721.2685,799706.4935,145693242.20000005,False,0,0,False,False,5.75,4.99,-3.2882011605415817,-16.387959866220747,-13.043478260869568,False,-5.123339658444015,1.410939133031408,110.45,38.67,36726331.68,82.7969,,,-4159760743.83,-1439.4306,0.4566,0,799721.2685,145693242.20000005,1.0,1.5,PASS,False,0.4444444444444444,110.45,38.67,1.0,110.45,ESP-Q,,0.8206,0.4566,,99.46392506573181,0.0,0.0,5.0,5.75,False,0,73.25315005727376,,0.2698776758409786,0,0,5.0,393,-6.8876537756993095,False,-3.2882011605415817,,0.04685569896262195,False,False,独立池,110.45,0.0,22.45446478517328,28.966837974216784,0.7,0.0,20.28,Other
000063.SZ,000063,中兴通讯,19971118,,主板,L,4751228702.049999,4.260153365521169,未知,未知,,,36.71,31.2587,39.2409,2.2861,3.649,17560356.5702,14785397.5427,5560474859.2,False,0,0,False,False,40.2,34.76,-6.136537969828682,-1.5025489669975967,-8.681592039801,False,4.260153365521169,1.410939133031408,,-45.45,,,,,11353324000.0,-128.1529,1.7374,0,17560356.5702,5560474859.2,1.0,1.5,PASS,False,0.4444444444444444,,-45.45,1.0,0.0,DATA-INC,31.2587,2.2861,1.7374,,99.46392506573181,0.0,0.0,36.71,40.2,False,0,73.25315005727376,,0.5741590214067278,0,1,40.0,393,2.495839248265874,False,-6.136537969828682,,-0.029518937577786196,False,False,独立池,0.0,0.0,20.84077185628365,46.14409938843886,1.0,0.0,46.14,Other
000065.SZ,000065,北方国际,19980605,,主板,L,502638297.4499999,-14.962762356127278,未知,未知,,,12.56,20.168,22.2066,1.3033,2.0837,1458771.3517,1224552.6337,289955510.59999996,False,0,0,False,False,15.56,12.4,-5.279034690799389,4.059652029826011,-19.280205655526995,False,-14.962762356127278,1.410939133031408,-36.65,-30.67,110948144.92,100.4301,,,1629317011.88,133.6644,0.991,0,1458771.3517,289955510.59999996,1.0,1.5,PASS,False,0.4444444444444444,-36.65,-30.67,1.0,-37.65,,20.168,1.3033,0.991,,99.46392506573181,0.0,0.0,12.56,15.56,True,0,88.65979381443299,,0.040519877675840976,0,0,5.0,393,-16.727076473382574,False,-5.279034690799389,,-0.044653850516584416,False,False,独立池,-37.65,0.0,20.290699074276453,33.15607795918518,1.0,0.0,33.16,Other
000099.SZ,000099,中信海直,20000731,,主板,L,177115630.10000002,-3.7981859410430974,未知,未知,,,16.97,42.6503,42.386,2.3565,1.2334,1316481.9225,1316481.9225,189473012.00000003,False,0,0,False,False,18.6,16.85,-6.087437742114011,-15.234765234765234,-8.763440860215066,False,-3.7981859410430974,1.410939133031408,2.19,-5.83,93412970.21,100.2978,,,775840691.41,256.9508,1.6812,0,1316481.9225,189473012.00000003,1.0,1.5,PASS,False,0.4444444444444444,2.19,-5.83,1.0,2.19,ESP-Q,42.6503,2.3565,1.6812,19.47502283105023,99.46392506573181,0.0,0.0,16.97,18.6,False,0,88.65979381443299,,0.31880733944954126,0,0,5.0,393,-5.562500058298392,False,-6.087437742114011,,-0.06404669118590077,False,False,独立池,2.19,0.0,20.87276812169124,33.27249176866815,0.7,0.0,23.29,Other
000100.SZ,000100,TCL科技,20040130,,主板,L,2033554646.85,-3.9080459770114984,未知,未知,,,4.18,19.2499,17.1811,1.387,3.5354,8694760.5028,7997170.4193,2699921974.3999996,True,0,0,False,False,4.47,4.17,-3.686635944700467,-14.693877551020417,-6.487695749440714,False,-3.9080459770114984,1.410939133031408,20.59,870.95,1154847882.0,74.1974,,,8039325931.0,1838.6257,2.488,0,8694760.5028,2699921974.3999996,1.0,1.5,PASS,False,0.4444444444444444,20.59,870.95,1.0,20.59,ESP-Q,19.2499,1.387,2.488,0.9349150072850899,99.46392506573181,0.0,0.0,4.18,4.47,False,0,90.60710194730814,,0.3103975535168196,0,0,5.0,393,-5.672360094266793,False,-3.686635944700467,,0.00017279758580282346,False,False,独立池,20.59,0.0,21.141595191782404,33.910449622548924,0.7,0.0,23.74,Other
000155.SZ,000155,川能动力,20000926,,主板,L,1567848049.55,-1.000625390869292,未知,未知,,,15.83,58.1595,54.8867,2.72,2.2869,2922484.4854,2922484.4854,949102391.9999998,False,0,0,False,False,19.34,15.61,-3.5344302254722737,26.437699680511194,-18.14891416752844,False,-1.000625390869292,1.410939133031408,23.28,-30.28,286644069.89,107.441,,,1403050890.56,-56.3286,2.515,0,2922484.4854,949102391.9999998,1.0,1.5,PASS,False,0.4444444444444444,23.28,-30.28,1.0,23.28,ESP-Q,58.1595,2.72,2.515,2.4982603092783506,99.46392506573181,0.0,0.0,15.83,19.34,True,0,88.65979381443299,,0.4090214067278288,0,0,5.0,393,-2.7649395081245864,False,-3.5344302254722737,,-0.033574754420597805,False,False,独立池,23.28,0.0,21.180896540616384,33.33411745245317,0.7,0.0,23.33,Other
000157.SZ,000157,中联重科,20001012,,主板,L,934256737.9999999,-13.24884792626727,未知,未知,,,7.53,13.4041,15.0315,1.1166,1.1119,6512347.0327,5323461.2088,1220740936.4,True,0,0,False,False,8.83,7.51,-8.394160583941613,-21.644120707596247,-14.722536806342013,False,-13.24884792626727,1.410939133031408,-31.14,31.93,601799724.44,68.0642,,,8540159240.84,102.3444,1.5244,0,6512347.0327,1220740936.4,1.0,1.5,PASS,False,0.4444444444444444,-31.14,31.93,1.0,-32.14,ESP-Q,13.4041,1.1166,1.5244,,99.46392506573181,0.0,0.0,7.53,8.83,False,0,73.25315005727376,,0.05581039755351682,0,0,5.0,393,-15.013162043522565,False,-8.394160583941613,,0.01664617747064628,False,False,独立池,-32.14,0.0,20.371201093635275,28.550185235909183,0.7,0.0,19.99,Other
000158.SZ,000158,常山北明,20000724,,主板,L,663607540.4499999,-3.815489749430512,未知,未知,,,16.89,807.279,853.7523,5.0925,1.4959,2700063.6418,2681982.6856,496402202.6000001,True,0,0,False,False,19.05,16.86,-4.952166572875627,-16.468842729970323,-11.338582677165354,False,-3.815489749430512,1.410939133031408,9.86,86.78,-107016689.51,,,,-528841601.34000003,,-1.8975,0,2700063.6418,496402202.6000001,1.0,1.5,PASS,False,0.4444444444444444,9.86,86.78,1.0,9.86,|VAL-X,807.279,5.0925,-1.8975,81.87413793103448,99.46392506573181,0.0,15.0,16.89,19.05,True,0,73.25315005727376,,0.3172782874617737,0,0,5.0,393,-5.579803866685806,False,-4.952166572875627,,-0.0681236129946085,False,False,独立池,9.86,0.0,20.984828101452067,28.67291063747254,1.0,15.0,13.67,Other
000159.SZ,000159,国际实业,20000926,,主板,L,152885720.79999998,11.290322580645174,未知,未知,,,6.9,87.2429,90.3793,1.609,17.7948,331673.3352,331661.2602,265428856.60000005,True,1,1,False,False,7.19,6.15,8.490566037735858,-1.4285714285714235,-4.033379694019468,False,11.290322580645174,1.410939133031408,1.09,-26.93,8357656.77,114.5891,,,94797243.4,-139.3281,0.3543,0,331673.3352,265428856.60000005,1.0,1.5,PASS,False,0.4444444444444444,1.09,-26.93,1.0,0.09000000000000008,ESP-Q,87.2429,1.609,0.3543,80.03935779816514,99.46392506573181,0.0,0.0,6.9,7.19,False,0,73.25315005727376,,0.7324159021406728,1,1,100.0,393,9.52600846338988,True,8.490566037735858,OVERHEAT,0.03282288390364816,False,True,独立池,0.09000000000000008,0.0,20.842086771300398,76.14436237144221,0.7,0.0,53.3,Tier2
000301.SZ,000301,东方盛虹,20000529,,主板,L,379607681.7,13.61256544502616,未知,未知,,,13.02,643.5932,70.2674,2.4782,0.4691,8607822.4118,8603780.4231,345516917.2,False,0,0,False,False,13.48,11.3,0.6182380216383399,0.15384615384614886,-3.4124629080118707,False,13.61256544502616,1.410939133031408,349.52,79.54,1316436824.28,91.9024,,,973637574.41,190.8329,4.1074,0,8607822.4118,345516917.2,1.0,1.5,PASS,False,0.4444444444444444,349.52,79.54,1.0,349.52,,643.5932,2.4782,4.1074,1.8413630121309226,99.46392506573181,0.0,10.0,13.02,13.48,False,0,73.25315005727376,,0.7737003058103975,1,1,75.0,393,11.848251327770866,True,0.6182380216383399,,-0.027259212608817026,False,False,独立池,349.52,0.0,25.947317374667566,64.66540849211565,1.0,10.0,54.67,Tier2
000400.SZ,000400,许继电气,19970418,,主板,L,820583259.3000001,0.45731707317073766,未知,未知,,,26.36,23.0043,25.0784,2.1878,2.7517,2685088.2484,2666844.5187,1033135858.1999999,True,0,0,False,False,27.96,24.93,-2.8381865093991876,-12.859504132231404,-5.7224606580829835,False,0.45731707317073766,1.410939133031408,-47.26,5.64,107363358.36,96.6835,,,2724528206.5699997,-128.3852,0.9093,0,2685088.2484,1033135858.1999999,1.0,1.5,PASS,False,0.4444444444444444,-47.26,5.64,1.0,-48.26,ESP-Q,23.0043,2.1878,0.9093,,99.46392506573181,0.0,0.0,26.36,27.96,False,0,73.25315005727376,,0.4648318042813456,0,0,5.0,393,-1.3069970440845569,False,-2.8381865093991876,,-0.01621342408719193,False,False,独立池,-48.26,0.0,20.13568520396845,28.503082057975817,0.7,0.0,19.95,Other
000402.SZ,000402,金融街,19960626,,主板,L,306407016.4,4.513888888888884,未知,未知,,,3.01,,,0.4531,3.1736,899667.902,899584.838,367998557.0,True,3,3,False,True,3.49,2.58,-9.609609609609615,2.3809523809523725,-13.753581661891134,False,4.513888888888884,1.410939133031408,181.59,48.7,316148534.96,91.6353,,,-6908054506.38,-143.4915,1.7529,0,899667.902,367998557.0,1.0,1.5,PASS,False,0.4444444444444444,181.59,48.7,1.0,181.59,ESP-Q,,0.4531,1.7529,,99.46392506573181,0.0,0.0,3.01,3.49,False,0,95.30355097365405,,0.5818042813455657,0,1,55.0,393,2.7495747716335894,False,-9.609609609609615,突破型,-0.03307244009521232,False,False,独立池,181.59,0.0,23.493832055080098,60.789831703112235,0.7,0.0,42.55,Other
000404.SZ,000404,长虹华意,19960619,,主板,L,299747558.8499999,20.85106382978723,未知,未知,,,8.52,11.9851,11.6322,1.3427,4.225,592988.5741,590204.4664,184254134.60000002,True,1,0,False,False,8.99,7.02,0.4716981132075304,18.66295264623956,-5.2280311457174715,False,20.85106382978723,1.410939133031408,46.74,0.48,121595287.13,105.3916,,,1082829534.09,74.1674,2.6377,0,592988.5741,184254134.60000002,1.0,1.5,PASS,False,0.4444444444444444,46.74,0.48,1.0,46.74,ESP-Q,11.9851,1.3427,2.6377,0.2564206247325631,99.46392506573181,0.0,0.0,8.52,8.99,True,0,73.25315005727376,CHASE,0.8532110091743119,1,1,100.0,393,19.086749712531933,True,0.4716981132075304,,-0.030956158214743942,True,False,独立池,46.74,0.0,21.523651054982622,76.28067522817865,0.7,0.0,53.4,Tier2
000408.SZ,000408,藏格矿业,19960628,,主板,L,1370626399.55,-0.9114583333333481,未知,未知,,,83.71,34.1203,28.0932,8.5944,1.3397,13144359.7114,13144221.5899,1579930635.0,True,0,0,False,False,92.88,83.49,-3.3483431474425673,-1.366796276658433,-9.872954349698537,False,-0.9114583333333481,1.410939133031408,110.14,58.28,1576034744.32,100.1461,,,10172037036.39,-4.9009,9.2881,0,13144359.7114,1579930635.0,1.0,1.5,PASS,False,0.4444444444444444,110.14,58.28,1.0,110.14,ESP-Q,34.1203,8.5944,9.2881,0.3097902669329944,99.46392506573181,0.0,0.0,83.71,92.88,False,0,38.258877434135165,CAT-0,0.41437308868501527,0,0,5.0,393,-2.6757724505886427,False,-3.3483431474425673,,-0.026368854095631108,False,False,独立池,110.14,0.0,22.449935633448916,18.467650356930335,0.35,0.0,6.46,Other
000410.SZ,000410,沈阳机床,19960718,,主板,L,180563061.95,-8.472012102874437,未知,未知,,,6.05,,,3.8371,1.9203,1602689.1704,1192466.0915,222134813.6,True,0,0,False,False,6.89,5.85,-2.1035598705501646,-19.440745672436755,-12.191582002902756,False,-8.472012102874437,1.410939133031408,-5.51,48.69,-38419143.32,,,,-277022481.3,,-0.807,0,1602689.1704,222134813.6,1.0,1.5,PASS,False,0.4444444444444444,-5.51,48.69,1.0,-6.51,,,3.8371,-0.807,,99.46392506573181,0.0,0.0,6.05,6.89,False,0,85.91065292096219,,0.15749235474006115,0,0,5.0,393,-10.236326220129731,False,-2.1035598705501646,,-0.03867646335892199,False,False,独立池,-6.51,0.0,20.745659670072047,32.42232781030307,1.0,0.0,32.42,Other
000415.SZ,000415,渤海租赁,19960716,,主板,L,372873959.75000006,-3.77777777777778,未知,未知,,,4.33,,,0.8969,1.4431,2677897.7151,2335131.7438,363271994.59999996,False,0,0,False,False,4.91,4.3,-8.842105263157896,-19.666048237476808,-11.81262729124236,False,-3.77777777777778,1.410939133031408,105.19,-7938.44,909983000.0,100.2714,,,-4657257000.0,282.6881,3.0609,0,2677897.7151,363271994.59999996,1.0,1.5,PASS,False,0.4444444444444444,105.19,-7938.44,1.0,105.19,ESP-Q,,0.8969,3.0609,,99.46392506573181,0.0,0.0,4.33,4.91,False,0,72.16494845360825,,0.3195718654434251,0,0,5.0,393,-5.542091895033074,False,-8.842105263157896,,-0.04115348716241585,False,False,独立池,105.19,0.0,22.377615307527655,28.625007597588002,0.7,0.0,20.04,Other
000417.SZ,000417,合百集团,19960812,,主板,L,156244069.35,9.160305343511466,未知,未知,,,7.15,34.8043,37.3632,1.1703,6.0351,557617.203,557004.6275,323220798.2,False,0,0,False,False,7.65,6.24,1.5625,-14.473684210526304,-6.5359477124183,False,9.160305343511466,1.410939133031408,-27.2,-79.58,43178831.11,67.1671,,,153931607.66,-87.2129,1.3584,0,557617.203,323220798.2,1.0,1.5,PASS,False,0.4444444444444444,-27.2,-79.58,1.0,-28.2,ESP-Q,34.8043,1.1703,1.3584,,99.46392506573181,0.0,0.0,7.15,7.65,False,0,73.25315005727376,,0.6896024464831805,0,1,40.0,393,7.395991226256172,True,1.5625,,0.022047373744283335,False,False,独立池,-28.2,0.0,20.428765151035233,46.06169804738917,0.7,0.0,32.24,Other
000422.SZ,000422,湖北宜化,19960815,,主板,L,795688567.4,-0.7092198581560294,未知,未知,,,15.4,20.7136,17.525,2.6914,3.3058,1674880.4565,1629099.3365,679354973.6,True,0,0,False,False,17.4,15.18,-6.040268456375841,-1.9108280254776955,-11.494252873563205,False,-0.7092198581560294,1.410939133031408,655.43,17.7,128293296.15,70.8291,,,1461939137.49,288.1906,2.6207,0,1674880.4565,679354973.6,1.0,1.5,PASS,False,0.4444444444444444,655.43,17.7,1.0,655.43,ESP-Q,20.7136,2.6914,2.6207,0.03160306974047572,99.46392506573181,0.0,0.0,15.4,17.4,False,0,57.73195876288659,,0.4212538226299694,0,0,5.0,393,-2.473533975411324,False,-6.040268456375841,,-0.027277154199330512,False,False,独立池,655.43,0.0,30.41671351660171,25.902930332186322,0.7,0.0,18.13,Other
000423.SZ,000423,东阿阿胶,19960729,,主板,L,398662706.95,-5.480195333695059,未知,未知,,,52.26,19.3555,19.029,3.1182,0.8632,3365422.8822,3359535.6312,332176437.99999994,True,0,0,False,False,55.88,51.51,-3.006681514476628,-7.340425531914896,-6.478167501789556,False,-5.480195333695059,1.410939133031408,7.69,13.62,448362577.66,98.5827,,,4029192800.9100003,5.3019,4.305,0,3365422.8822,332176437.99999994,1.0,1.5,PASS,False,0.4444444444444444,7.69,13.62,1.0,7.69,,19.3555,3.1182,4.305,2.516970091027308,99.46392506573181,10.0,0.0,52.26,55.88,False,0,73.25315005727376,,0.2561162079510703,0,0,5.0,393,-7.244509450950353,False,-3.006681514476628,,-0.022104545815662395,False,False,独立池,7.69,0.0,20.95312403938153,28.666569825058435,1.0,0.0,38.67,Other
000425.SZ,000425,徐工机械,19960828,,主板,L,1399780486.95,-3.038936372269696,未知,未知,,,10.21,18.1935,18.1,1.9177,1.0001,11957145.8684,9160225.8176,1686936791.2,True,1,1,False,False,11.06,9.45,-6.927985414767546,-13.912310286677897,-7.685352622061481,False,-3.038936372269696,1.410939133031408,0.8,13.68,2023512920.97,98.3988,,,19042241345.64,94.3491,3.3405,0,11957145.8684,1686936791.2,1.0,1.5,PASS,False,0.4444444444444444,0.8,13.68,1.0,-0.19999999999999996,,18.1935,1.9177,3.3405,22.741875,99.46392506573181,10.0,0.0,10.21,11.06,False,0,73.25315005727376,,0.3440366972477064,0,0,5.0,393,-4.803250489524991,False,-6.927985414767546,,0.048692352877531674,False,False,独立池,-0.19999999999999996,0.0,20.837849822913093,28.643514981764746,1.0,0.0,38.64,Other
000426.SZ,000426,兴业银锡,19960828,,主板,L,3540762760.8999996,0.6154547526783682,未知,未知,,,44.14,45.9892,29.3814,7.24,6.6953,7837656.1519,7835756.9181,4954953974.2,True,0,0,False,False,52.69,39.61,-10.448366808683296,-12.089225253933478,-16.226988043271962,False,0.6154547526783682,1.410939133031408,137.89,12.11,890782896.21,66.592,,,4787346378.15,82.8663,13.1693,0,7837656.1519,4954953974.2,1.0,1.5,PASS,False,0.4444444444444444,137.89,12.11,1.0,137.89,ESP-Q,45.9892,7.24,13.1693,0.33352092247443615,99.46392506573181,0.0,0.0,44.14,52.69,False,0,20.73310423825888,CAT-0,0.4740061162079511,0,0,5.0,393,-1.1488593645769263,False,-10.448366808683296,,-0.026826438806145214,False,False,独立池,137.89,0.0,22.85536776361358,13.291004824200378,0.35,0.0,4.65,Other
000506.SZ,000506,招金黄金,19930312,,主板,L,522564919.7000001,-17.43853630646083,未知,未知,,,14.44,84.4468,38.3979,15.0884,3.896,1341501.6469,1341052.8517,525971769.8,False,0,0,False,False,17.74,14.26,-14.353499406880188,-27.582748244734212,-18.602029312288604,False,-17.43853630646083,1.410939133031408,2261.77,190.74,58521262.6,31.227,,,210738395.12,6.0492,23.6036,0,1341501.6469,525971769.8,1.0,1.5,PASS,False,0.4444444444444444,2261.77,190.74,1.0,2261.77,ESP-Q,84.4468,15.0884,23.6036,0.03733659921212148,99.46392506573181,0.0,0.0,14.44,17.74,False,0,73.25315005727376,,0.02522935779816514,0,0,5.0,393,-19.202850423716125,False,-14.353499406880188,,-0.03676562267276012,False,False,独立池,1995.8175999999994,0.0,50.0,34.47594501718213,0.7,0.0,24.13,Other
000513.SZ,000513,丽珠集团,19931028,,主板,L,187888185.35000002,-10.388856645385957,未知,未知,,,30.88,13.5518,13.9645,1.8897,1.0493,2741857.344,1754415.6839,199537426.0,True,0,0,False,False,34.64,30.77,-4.896827841084073,-12.989574528036075,-10.854503464203235,False,-10.388856645385957,1.410939133031408,-6.48,1.51,578656894.22,100.303,,,5558298804.58,95.7285,4.0631,0,2741857.344,199537426.0,1.0,1.5,PASS,False,0.4444444444444444,-6.48,1.51,1.0,-7.48,,13.5518,1.8897,4.0631,,99.46392506573181,10.0,0.0,30.88,34.64,False,0,78.57961053837343,,0.10779816513761468,0,0,5.0,393,-12.15317076264125,False,-4.896827841084073,,-0.05763665493737191,False,False,独立池,-7.48,0.0,20.73148780822485,30.220180723157,1.0,0.0,40.22,Other
000519.SZ,000519,中兵红箭,19931008,,主板,L,467775735.49999994,-0.45300113250283935,未知,未知,,,17.58,587.1345,108.6667,2.3523,2.0493,2448118.6904,2448118.6904,629617799.2,True,0,0,False,False,18.67,17.03,-3.4596375617792607,-6.687898089171984,-5.838243170862367,False,-0.45300113250283935,1.410939133031408,142.38,109.31,54810497.8,100.3303,,,-22793279.629999995,1022.1934,0.5266,0,2448118.6904,629617799.2,1.0,1.5,PASS,False,0.4444444444444444,142.38,109.31,1.0,142.38,|VAL-X,587.1345,2.3523,0.5266,4.123714707121787,99.46392506573181,0.0,15.0,17.58,18.67,False,0,93.24169530355097,,0.43119266055045874,0,0,5.0,393,-2.217315249758134,False,-3.4596375617792607,,-0.007299015486840034,False,False,独立池,142.38,0.0,22.92096741278257,35.0567020736218,1.0,15.0,20.06,Other
000528.SZ,000528,柳工,19931118,,主板,L,439468382.45000005,-1.6546018614270963,未知,未知,,,9.51,12.0371,12.4322,1.0181,1.8831,1937040.6097,1934348.7101,772307395.6,False,0,0,False,False,10.54,9.41,-5.841584158415836,-19.269949066213922,-9.77229601518026,False,-1.6546018614270963,1.410939133031408,-8.69,24.58,559194630.99,92.2675,,,4440948770.05,-78.1887,3.2161,0,1937040.6097,772307395.6,1.0,1.5,PASS,False,0.4444444444444444,-8.69,24.58,1.0,-9.69,ESP-Q,12.0371,1.0181,3.2161,,99.46392506573181,10.0,0.0,9.51,10.54,False,0,73.25315005727376,,0.38149847094801226,0,0,5.0,393,-3.418915978682391,False,-5.841584158415836,,-0.025956322573110126,False,False,独立池,-9.69,0.0,20.699199339480202,28.615784885078167,0.7,0.0,30.03,Other
000531.SZ,000531,穗恒运Ａ,19940106,,主板,L,203172452.1,6.79758308157099,未知,未知,,,7.07,24.3398,18.473,1.0595,2.8173,736270.7417,643190.06,232417430.2,True,0,0,False,False,7.65,6.56,-2.4827586206896513,11.338582677165366,-7.581699346405224,False,6.79758308157099,1.410939133031408,57.17,0.4,118055887.13,61.0017,,,922795904.96,92.8664,2.8263,0,736270.7417,232417430.2,1.0,1.5,PASS,False,0.4444444444444444,57.17,0.4,1.0,57.17,ESP-Q,24.3398,1.0595,2.8263,0.42574427147105126,99.46392506573181,0.0,0.0,7.07,7.65,False,0,73.25315005727376,,0.6399082568807339,0,1,55.0,393,5.033268964315695,True,-2.4827586206896513,,-0.005122937858960818,False,False,独立池,57.17,0.0,21.676035095257124,53.81115203623355,0.7,0.0,37.67,Other
000533.SZ,000533,顺钠股份,19940103,,主板,L,1358428347.4500003,-15.446650124069484,未知,未知,,,13.63,92.3578,94.7652,9.5514,11.6065,941582.208,933521.9712,1233202452.4,False,1,1,False,False,16.78,12.51,2.7128862094951023,18.5217391304348,-18.772348033373063,False,-15.446650124069484,1.410939133031408,-30.23,4.01,12646562.55,74.7697,,,220185358.85999998,18.0736,1.7306,0,941582.208,1233202452.4,1.0,1.5,PASS,False,0.4444444444444444,-30.23,4.01,1.0,-31.23,ESP-Q,92.3578,9.5514,1.7306,,99.46392506573181,0.0,0.0,13.63,16.78,False,0,84.65063001145475,,0.03746177370030581,0,0,5.0,393,-17.210964241324778,False,2.7128862094951023,,0.008295710016666683,False,False,独立池,-31.23,0.0,20.384496345471305,31.972088272530687,0.7,0.0,22.38,Other
000534.SZ,000534,万泽股份,19940110,,主板,L,1135885895.5,-11.622334052240578,未知,未知,,,36.88,95.3827,93.1236,10.9409,4.0457,1879214.927,1847358.0752,1186821504.1999998,True,0,0,False,False,46.3,36.51,-3.8832421162366293,16.414141414141415,-20.34557235421165,False,-11.622334052240578,1.410939133031408,4.02,8.88,71867508.63,92.7703,,,513484930.13,-31.4846,4.6654,1,1879214.927,1186821504.1999998,1.0,1.5,PASS,False,0.4444444444444444,4.02,8.88,1.0,4.02,ESP-Q,95.3827,10.9409,4.6654,23.727039800995026,99.46392506573181,0.0,0.0,36.88,46.3,False,10,72.96678121420389,,0.0856269113149847,0,0,5.0,393,-13.386648169495873,False,-3.8832421162366293,,-0.017019871698989743,False,False,独立池,4.02,0.0,20.899504727031825,28.56993530966753,0.7,10.0,10.0,Other
000536.SZ,000536,华映科技,19931126,,主板,L,150050685.95000002,-7.9999999999999964,未知,未知,,,3.91,,,12.8746,1.6284,1081518.826,1080365.2638,171205368.2,False,0,0,False,False,4.31,3.8,-4.1666666666666625,-16.631130063965895,-9.280742459396741,False,-7.9999999999999964,1.410939133031408,4.73,9.03,-223876376.47,,,,-2467794400.51,,-22.8221,0,1081518.826,171205368.2,1.0,1.5,PASS,False,0.4444444444444444,4.73,9.03,1.0,4.73,,,12.8746,-22.8221,,99.46392506573181,0.0,0.0,3.91,4.31,False,0,96.10538373424971,,0.17010703363914373,0,0,5.0,393,-9.76431411725529,False,-4.1666666666666625,,-0.035363145172557696,False,False,独立池,4.73,0.0,20.9098779454973,35.51359070937437,1.0,0.0,35.51,Other
000537.SZ,000537,绿发电力,19931210,,主板,L,821784160.7000002,5.817452357071207,未知,未知,,,10.55,27.0858,34.1299,1.0897,3.2891,2168782.3834,2168782.3834,979783463.6,True,1,0,False,False,11.72,9.84,-2.7649769585253337,23.68112543962486,-9.982935153583616,False,5.817452357071207,1.410939133031408,-65.12,-2.81,88495989.8,99.4753,,,2398652954.2,307.1907,0.4477,0,2168782.3834,979783463.6,1.0,1.5,PASS,False,0.4444444444444444,-65.12,-2.81,1.0,-66.12,,27.0858,1.0897,0.4477,,99.46392506573181,0.0,0.0,10.55,11.72,False,0,77.20504009163804,,0.6207951070336392,0,1,55.0,393,4.053138239815912,False,-2.7649769585253337,,-0.013953429934881433,False,False,独立池,-66.12,0.0,19.87474762397779,54.636461552286974,1.0,0.0,54.64,Tier2
000538.SZ,000538,云南白药,19931215,,主板,L,447231428.6999999,-8.650394831299357,未知,未知,,,50.9,17.6228,17.2786,2.3126,0.4484,9081896.6493,9024230.8533,474501771.2,False,0,0,False,False,55.81,50.8,-3.2687191182059983,-11.2157683586255,-8.797706504210723,False,-8.650394831299357,1.410939133031408,4.12,7.55,1965172511.31,96.4593,,,14840595650.859999,35.1042,4.9605,0,9081896.6493,474501771.2,1.0,1.5,PASS,False,0.4444444444444444,4.12,7.55,1.0,4.12,,17.6228,2.3126,4.9605,4.277378640776699,99.46392506573181,10.0,0.0,50.9,55.81,False,0,73.25315005727376,,0.1551987767584098,0,0,5.0,393,-10.414708948554651,False,-3.2687191182059983,,-0.06924420810391904,False,False,独立池,4.12,0.0,20.900965743717105,28.656138165925547,1.0,0.0,38.66,Other
000543.SZ,000543,皖能电力,19931220,,主板,L,349331052.24999994,3.5626535626535505,未知,未知,,,8.43,8.8918,8.8891,1.0884,2.7283,1910965.788,1910965.788,520923261.1999999,False,0,0,False,False,8.8,7.96,0.5966587112171684,5.639097744360888,-4.20454545454546,False,3.5626535626535505,1.410939133031408,0.02,2.28,436656607.81,98.2895,,,5487547849.809999,220.4201,2.5443,0,1910965.788,520923261.1999999,1.0,1.5,PASS,False,0.4444444444444444,0.02,2.28,1.0,-0.98,,8.8918,1.0884,2.5443,444.59,99.46392506573181,0.0,0.0,8.43,8.8,False,0,73.25315005727376,,0.5527522935779816,0,1,40.0,393,1.798339445398256,False,0.5966587112171684,,-0.019295548446041717,False,False,独立池,-0.98,0.0,20.826453892767923,46.14123579573571,1.0,0.0,46.14,Other
000551.SZ,000551,创元科技,19940106,,主板,L,376321961.0,20.521861777150917,未知,未知,,,17.09,28.085,24.3871,2.7205,6.4809,828408.7756,828091.1682,479179464.59999996,False,1,1,False,False,17.72,14.02,-0.17523364485981796,11.992136304062907,-3.5553047404063176,False,20.521861777150917,1.410939133031408,33.6,27.35,105317114.62,84.8056,,,760152772.6,78.4805,4.1744,0,828408.7756,479179464.59999996,1.0,1.5,PASS,False,0.4444444444444444,33.6,27.35,1.0,33.6,,28.085,2.7205,4.1744,0.8358630952380952,99.46392506573181,0.0,0.0,17.09,17.72,False,0,73.25315005727376,CHASE,0.8486238532110092,1,1,75.0,393,18.75754765989562,True,-0.17523364485981796,,-0.03532258935628882,True,False,独立池,33.6,0.0,21.33167346253708,63.74227970968954,1.0,0.0,63.74,Tier2
000552.SZ,000552,甘肃能化,19940106,,主板,L,357508912.65000004,4.924242424242431,未知,未知,,,2.77,,,0.9071,2.346,1482452.6802,1032049.7844,238217677.6,True,0,0,False,False,3.03,2.51,-1.4234875444839923,12.145748987854233,-8.580858085808574,False,4.924242424242431,1.410939133031408,70.82,-149.63,32836640.82,50.3383,,,-1081349081.03,131.1543,0.3945,0,1482452.6802,238217677.6,1.0,1.5,PASS,False,0.4444444444444444,70.82,-149.63,1.0,70.82,ESP-Q,,0.9071,0.3945,,99.46392506573181,0.0,0.0,2.77,3.03,True,0,73.25315005727376,,0.595565749235474,0,1,55.0,393,3.1599283069871364,False,-1.4234875444839923,,-0.0426112806829149,False,False,独立池,70.82,0.0,21.875463872797578,53.851037791741646,0.7,0.0,37.7,Other
000554.SZ,000554,泰山石油,19931215,,主板,L,182035061.25,-5.388471177944865,未知,未知,,,7.55,23.4719,21.4849,3.0496,4.4421,362998.9551,273803.1637,141071794.0,True,0,0,False,False,8.31,7.5,-5.506883604505641,-7.019704433497531,-9.145607701564384,False,-5.388471177944865,1.410939133031408,26.1,47.87,67372939.29,100.1563,,,436119737.95000005,77.445,5.8357,0,362998.9551,141071794.0,1.0,1.5,PASS,False,0.4444444444444444,26.1,47.87,1.0,26.1,,23.4719,3.0496,5.8357,0.8993065134099617,99.46392506573181,0.0,0.0,7.55,8.31,True,0,73.25315005727376,,0.2599388379204893,0,0,5.0,393,-7.152785295200159,False,-5.506883604505641,,-0.0499035278421008,False,False,独立池,26.1,0.0,21.222097211141225,28.720364459410373,1.0,0.0,28.72,Other
000555.SZ,000555,神州信息,19940408,,主板,L,540154009.3000001,-13.937500000000004,未知,未知,,,13.77,238.1147,236.1525,2.3625,2.3059,1343641.3997,1342067.6953,413795196.0,False,0,0,False,False,16.9,13.55,-7.335127860026914,-24.048538334252623,-18.5207100591716,False,-13.937500000000004,1.410939133031408,1.91,102.39,-98348540.61,,,,-311851524.39,,-1.6258,0,1343641.3997,413795196.0,1.0,1.5,PASS,False,0.4444444444444444,1.91,102.39,1.0,1.91,,238.1147,2.3625,-1.6258,124.66738219895288,99.46392506573181,0.0,10.0,13.77,16.9,True,0,73.25315005727376,,0.05045871559633028,0,0,5.0,393,-15.701814117255298,False,-7.335127860026914,,-0.05012131847451679,False,False,独立池,1.91,0.0,20.868677274972462,28.64968047217662,1.0,10.0,18.65,Other
000559.SZ,000559,万向钱潮,19940110,,主板,L,1905878006.8999999,7.493857493857492,未知,未知,,,17.5,56.0255,58.6562,6.609,5.373,5801877.277,5800110.4683,2046458290.6000004,True,0,0,False,False,18.78,15.6,-1.6853932584269704,-1.4084507042253502,-6.815761448349312,False,7.493857493857492,1.410939133031408,-21.93,-1.72,224830772.55,91.0966,,,2396743754.68,-15.2308,2.8197,0,5801877.277,2046458290.6000004,1.0,1.5,PASS,False,0.4444444444444444,-21.93,-1.72,1.0,-22.93,ESP-Q,56.0255,6.609,2.8197,,99.46392506573181,0.0,0.0,17.5,18.78,False,0,74.1122565864834,,0.6567278287461774,0,1,55.0,393,5.729543376602198,True,-1.6853932584269704,,-0.011578110564541909,False,False,独立池,-22.93,0.0,20.505760730349387,53.834829122014895,0.7,0.0,37.68,Other
000560.SZ,000560,我爱我家,19940202,,主板,L,318120225.84999996,2.3569023569023573,未知,未知,,,3.04,,,0.7715,3.8731,716072.2587,710884.603,458482292.0,True,0,0,False,False,3.42,2.85,-8.982035928143706,-14.366197183098583,-11.111111111111105,False,2.3569023569023573,1.410939133031408,-61.16,-207.66,8778666.1,161.0494,,,68344286.10999998,2727.15,0.0587,0,716072.2587,458482292.0,1.0,1.5,PASS,False,0.4444444444444444,-61.16,-207.66,1.0,-62.16,,,0.7715,0.0587,,99.46392506573181,0.0,0.0,3.04,3.42,False,0,73.25315005727376,,0.518348623853211,0,0,5.0,393,0.5925882396470628,False,-8.982035928143706,,-0.02240627440593179,False,False,独立池,-62.16,0.0,19.932603884714798,28.462465794125087,1.0,0.0,28.46,Other
000564.SZ,000564,供销大集,19940110,,主板,L,401185997.79999995,-12.234042553191493,未知,未知,,,1.65,,,2.0569,1.4146,2979580.4534,2490655.1216,398722666.4,False,0,0,False,False,1.94,1.64,-7.8212290502793325,-30.08474576271186,-14.948453608247425,False,-12.234042553191493,1.410939133031408,-221.26,-17.65,-104739297.48,,,,-1242556269.59,,-0.9504,0,2979580.4534,398722666.4,1.0,1.5,PASS,False,0.4444444444444444,-221.26,-17.65,1.0,-222.26,,,2.0569,-0.9504,,99.46392506573181,0.0,0.0,1.65,1.94,False,0,90.14891179839634,,0.07186544342507645,0,0,5.0,393,-13.998356670446787,False,-7.8212290502793325,,-0.05142040076576531,False,False,独立池,-222.26,0.0,17.593516171584607,33.06337677383582,1.0,0.0,33.06,Other
000567.SZ,000567,海德股份,19940525,,主板,L,249888714.10000005,20.30075187969924,未知,未知,,,6.4,32.4927,17.6758,2.0767,1.3182,1250938.9792,1247065.4931,265598764.2,True,2,2,False,False,7.05,5.26,-7.111756168359928,8.108108108108114,-9.21985815602836,False,20.30075187969924,1.410939133031408,323.04,30.94,418335557.25,99.6595,,,1082852992.66,5.7711,7.2194,0,1250938.9792,265598764.2,1.0,1.5,PASS,False,0.4444444444444444,323.04,30.94,1.0,323.04,,32.4927,2.0767,7.2194,0.1005841381872214,99.46392506573181,0.0,0.0,6.4,7.05,False,0,77.20504009163804,CHASE,0.8478593272171254,1,1,100.0,393,18.536437762443946,True,-7.111756168359928,,-0.038640394152472245,True,False,独立池,323.04,0.0,25.560440156405928,78.2736000587726,1.0,0.0,78.27,Tier2
000568.SZ,000568,泸州老窖,19940509,,主板,L,994196474.4,-11.72761664564943,未知,未知,,,91.0,12.3673,13.4669,2.5959,0.931,13394671.8633,13388433.2127,1212176512.8000002,True,0,0,False,False,103.81,90.75,-6.098441853265912,-24.973204715969988,-12.339851652056645,False,-11.72761664564943,1.410939133031408,-19.84,-19.7,3683573536.09,99.3292,,,32835214172.4,91.3449,7.316,0,13394671.8633,1212176512.8000002,1.0,1.5,PASS,False,0.4444444444444444,-19.84,-19.7,1.0,-20.84,,12.3673,2.5959,7.316,,99.46392506573181,10.0,0.0,91.0,103.81,False,0,73.25315005727376,,0.08027522935779817,0,0,5.0,393,-13.491930762904724,False,-6.098441853265912,,-0.05715866460041093,False,False,独立池,-20.84,0.0,20.5362959790717,28.583204212996467,1.0,0.0,38.58,Other
000570.SZ,000570,苏常柴Ａ,19940701,,主板,L,260494439.85000002,5.5464926590538255,未知,未知,,,6.47,89.8414,56.0257,1.2927,2.9217,456583.052,359533.052,142714958.4,True,1,0,False,False,6.95,6.07,-5.27086383601757,6.239737274220025,-6.9064748201438935,False,5.5464926590538255,1.410939133031408,34.72,-61.15,54518288.34,73.2823,,,146942573.25,-331.2789,2.1332,0,456583.052,142714958.4,1.0,1.5,PASS,False,0.4444444444444444,34.72,-61.15,1.0,34.72,ESP-Q,89.8414,1.2927,2.1332,2.587597926267281,99.46392506573181,0.0,0.0,6.47,6.95,True,0,84.65063001145475,,0.6154434250764526,0,1,55.0,393,3.782178541798531,False,-5.27086383601757,,-0.022332412313520813,False,False,独立池,34.72,0.0,21.348036849412196,57.164796373318865,0.7,0.0,40.02,Other
000571.SZ,000571,新大洲A,19940525,,主板,L,155117856.74999997,2.7079303675048294,未知,未知,,,5.31,,,295.5077,3.8517,445577.499,432229.8317,235321261.00000003,True,1,0,False,False,6.22,4.81,1.724137931034475,-21.333333333333336,-14.63022508038585,False,2.7079303675048294,1.410939133031408,-2.52,-53.33,-31104518.66,,,,-335084488.29999995,,-115.1782,0,445577.499,235321261.00000003,1.0,1.5,PASS,False,0.4444444444444444,-2.52,-53.33,1.0,-3.52,,,295.5077,-115.1782,,99.46392506573181,0.0,0.0,5.31,6.22,False,0,30.355097365406642,CAT-0,0.5298165137614679,0,0,5.0,393,0.9436162502495349,False,1.724137931034475,,-0.01035563042625217,False,False,独立池,-3.52,0.0,20.78934406896186,15.764398023414365,0.5,0.0,7.88,Other
000581.SZ,000581,威孚高科,19980924,,主板,L,337844954.7,-3.9309683604985657,未知,未知,,,20.04,18.138,17.8059,0.9564,1.9669,1937438.5288,1590986.2192,281653026.4,False,0,0,False,False,21.35,18.66,0.250125062531259,-4.11483253588516,-6.135831381733037,False,-3.9309683604985657,1.410939133031408,10.83,-57.71,353314269.17,94.3849,,,2766914372.96,73.5486,1.8635,0,1937438.5288,281653026.4,1.0,1.5,PASS,False,0.4444444444444444,10.83,-57.71,1.0,10.83,ESP-Q,18.138,0.9564,1.8635,1.674792243767313,99.46392506573181,0.0,0.0,20.04,21.35,False,0,92.78350515463917,,0.30963302752293576,0,0,5.0,393,-5.69528247775386,False,0.250125062531259,,-0.015152543173240994,False,False,独立池,10.83,0.0,20.998999963299266,34.5348515390516,0.7,0.0,24.17,Other
000589.SZ,000589,贵州轮胎,19960308,,主板,L,169901665.2,4.366812227074246,未知,未知,,,4.78,11.9853,10.1225,0.8085,2.4006,743110.5129,738424.2965,143481689.79999998,False,0,0,False,False,5.16,4.53,-4.970178926441349,-7.003891050583643,-7.36434108527132,False,4.366812227074246,1.410939133031408,163.19,-0.72,163645886.1,90.8067,,,1425521654.42,190.2879,1.9746,0,743110.5129,143481689.79999998,1.0,1.5,PASS,False,0.4444444444444444,163.19,-0.72,1.0,163.19,ESP-Q,11.9853,0.8085,1.9746,0.07344383847049452,99.46392506573181,0.0,0.0,4.78,5.16,False,0,73.25315005727376,,0.577217125382263,0,1,40.0,393,2.6024981098189515,False,-4.970178926441349,,-0.008800286029507597,False,False,独立池,163.19,0.0,23.225004984988935,46.620946014179914,0.7,0.0,32.63,Other
000591.SZ,000591,太阳能,19960208,,主板,L,825833052.5,13.396226415094347,未知,未知,,,6.01,28.5275,32.7235,0.981,6.397,2346814.3764,2345938.7501,1669980745.8000002,False,1,1,False,False,6.32,4.96,12.969924812030076,5.069930069930062,-4.905063291139244,False,13.396226415094347,1.410939133031408,-45.12,-30.0,152312585.42,83.0447,,,2658272858.67,11.6702,0.7664,0,2346814.3764,1669980745.8000002,1.0,1.5,PASS,False,0.4444444444444444,-45.12,-30.0,1.0,-46.12,,28.5275,0.981,0.7664,,99.46392506573181,0.0,0.0,6.01,6.32,False,0,74.45589919816724,,0.768348623853211,1,1,75.0,393,11.631912297839053,True,12.969924812030076,OVERHEAT,0.01418581621374979,False,True,独立池,-46.12,0.0,20.166950961033404,63.87015995165686,1.0,0.0,63.87,Tier2
000596.SZ,000596,古井贡酒,19960927,,主板,L,315015819.6,-8.009800226159069,未知,未知,,,97.62,14.5394,18.2588,1.9753,0.8143,5160193.2,3988753.2,377570575.8,True,0,0,False,False,111.7,97.18,-7.609312890403174,-25.93885137698202,-12.605192479856752,False,-8.009800226159069,1.410939133031408,-30.86,-36.06,1598294341.71,99.4661,,,12622054479.28,86.77,6.28,0,5160193.2,377570575.8,1.0,1.5,PASS,False,0.4444444444444444,-30.86,-36.06,1.0,-31.86,,14.5394,1.9753,6.28,,99.46392506573181,10.0,0.0,97.62,111.7,False,0,73.25315005727376,,0.16896024464831805,0,0,5.0,393,-9.774114343414363,False,-7.609312890403174,,-0.023125689506846642,False,False,独立池,-31.86,0.0,20.375291940354057,28.55100340525294,1.0,0.0,38.55,Other
000598.SZ,000598,兴蓉环境,19960529,,主板,L,173758554.0,-1.4970059880239472,未知,未知,,,6.58,9.7928,9.698,0.9695,1.3192,1963477.7384,1960331.8404,213277622.20000002,False,0,0,False,False,7.0,6.54,-2.51851851851852,-8.228730822873075,-5.999999999999995,False,-1.4970059880239472,1.410939133031408,3.89,0.16,517334508.47,98.0808,,,5174596857.24,27.8505,2.6389,0,1963477.7384,213277622.20000002,1.0,1.5,PASS,False,0.4444444444444444,3.89,0.16,1.0,3.89,ESP-Q,9.7928,0.9695,2.6389,2.517429305912596,99.46392506573181,0.0,0.0,6.58,7.0,False,0,81.09965635738831,,0.39067278287461776,0,0,5.0,393,-3.2613201052792418,False,-2.51851851851852,,0.10945347018529743,False,False,独立池,3.89,0.0,20.897605405340965,31.00941798828469,0.7,0.0,21.71,Other
000600.SZ,000600,建投能源,19960606,,主板,L,405902862.55,5.303030303030298,未知,未知,,,9.73,9.34,8.6253,1.406,5.1846,1754547.0478,1060619.5023,617032620.4,False,0,0,False,False,10.43,9.02,-2.407221664994985,14.067995310668246,-6.711409395973145,False,5.303030303030298,1.410939133031408,36.11,356.99,594650173.05,99.1953,,,4844949360.3,125.4224,4.5525,0,1754547.0478,617032620.4,1.0,1.5,PASS,False,0.4444444444444444,36.11,356.99,1.0,36.11,,9.34,1.406,4.5525,0.25865411243422876,99.46392506573181,10.0,0.0,9.73,10.43,False,0,88.65979381443299,,0.6108562691131498,0,1,40.0,393,3.538716185775004,False,-2.407221664994985,,0.011868286639367651,False,False,独立池,36.11,0.0,21.368344981337557,50.871607140597405,1.0,0.0,60.87,Tier2
000603.SZ,000603,盛达资源,19960823,,主板,L,889000220.2,-12.755356253114092,未知,未知,,,35.02,45.3798,40.0326,6.7589,4.1152,2416272.6497,2334840.6892,1000593157.2,False,0,0,False,False,42.48,34.58,-11.251900658895075,-28.355155482815054,-17.561205273069667,False,-12.755356253114092,1.410939133031408,1030.55,108.72,77540889.33,97.6519,,,1025767045.7900001,41.2658,2.2464,0,2416272.6497,1000593157.2,1.0,1.5,PASS,False,0.4444444444444444,1030.55,108.72,1.0,1030.55,,45.3798,6.7589,2.2464,0.044034544660618125,99.46392506573181,0.0,0.0,35.02,42.48,False,0,72.16494845360825,,0.06269113149847094,0,0,5.0,393,-14.519670370369386,False,-11.251900658895075,,-0.035348702210309925,False,False,独立池,1030.55,0.0,35.89727930641682,31.328940397365837,1.0,0.0,31.33,Other
000612.SZ,000612,焦作万方,19960926,,主板,L,608739821.6999999,-9.49848024316109,未知,未知,,,11.91,13.2563,9.996,1.8426,4.9171,1419909.4783,1419909.4783,600826603.8000001,False,0,0,False,False,13.9,11.81,-9.291698400609294,-10.585585585585589,-14.316546762589933,False,-9.49848024316109,1.410939133031408,214.72,74.88,506744164.31,99.2178,,,3029919483.62,50.2914,6.857,0,1419909.4783,600826603.8000001,1.0,1.5,PASS,False,0.4444444444444444,214.72,74.88,1.0,214.72,,13.2563,1.8426,6.857,0.06173761177347243,99.46392506573181,10.0,0.0,11.91,13.9,False,0,73.25315005727376,,0.13302752293577982,0,0,5.0,393,-11.262794360416384,False,-9.291698400609294,,-0.07272973357938103,False,False,独立池,214.72,0.0,23.977866882912725,29.271518393764673,1.0,0.0,39.27,Other
000617.SZ,000617,中油资本,19961022,,主板,L,1285134233.1000001,-10.638297872340418,未知,未知,,,8.82,25.9313,24.2177,1.0477,0.8685,11150313.7477,11150313.7477,1015264105.8000001,False,0,0,False,False,9.94,8.76,-5.466237942122188,-1.6722408026755842,-11.267605633802813,False,-10.638297872340418,1.410939133031408,20.05,1.28,1518040428.12,96.4997,,,12198086845.57,-368.461,1.491,0,11150313.7477,1015264105.8000001,1.0,1.5,PASS,False,0.4444444444444444,20.05,1.28,1.0,20.05,ESP-Q,25.9313,1.0477,1.491,1.2933316708229425,99.46392506573181,0.0,0.0,8.82,9.94,True,0,73.25315005727376,,0.10550458715596331,0,0,5.0,393,-12.402611989595712,False,-5.466237942122188,,-0.06865233255756147,False,False,独立池,20.05,0.0,21.1337057016819,28.702686157518507,0.7,0.0,20.09,Other
000620.SZ,000620,盈新发展,19961029,,主板,L,681710657.1999999,11.64383561643836,未知,未知,,,3.26,,,5.2235,9.5023,1914211.703,1522990.1137,985688960.0000002,True,1,1,False,False,3.34,2.68,3.821656050955413,-2.9761904761904767,-2.395209580838331,False,11.64383561643836,1.410939133031408,-12.5,-74.78,-107035816.4,,,,-1999886671.44,,-3.2037,0,1914211.703,985688960.0000002,1.0,1.5,PASS,False,0.4444444444444444,-12.5,-74.78,1.0,-13.5,,,5.2235,-3.2037,,99.46392506573181,0.0,0.0,3.26,3.34,False,0,73.25315005727376,,0.7347094801223242,1,1,100.0,393,9.879521499183065,True,3.821656050955413,,0.020794145009227053,False,False,独立池,-13.5,0.0,20.643534603771112,76.10465193793635,1.0,0.0,76.1,Tier2
000623.SZ,000623,吉林敖东,19961028,,主板,L,234230058.35,-1.2547735951991101,未知,未知,,,18.1,9.037,7.8872,0.6873,1.1565,2164570.6505,2155649.2962,256805867.6,True,0,0,False,False,19.2,17.61,-4.283447911158111,-5.086523335081273,-5.729166666666652,False,-1.2547735951991101,1.410939133031408,78.05,39.87,869402802.47,100.393,,,6226792847.66,1.2357,2.7864,0,2164570.6505,256805867.6,1.0,1.5,PASS,False,0.4444444444444444,78.05,39.87,1.0,78.05,,9.037,0.6873,2.7864,0.11578475336322872,99.46392506573181,10.0,0.0,18.1,19.2,False,0,73.25315005727376,,0.3983180428134557,0,0,5.0,393,-3.0190877124544047,False,-4.283447911158111,,-0.0160270479798612,False,False,独立池,78.05,0.0,21.981095379143184,28.872164093010763,1.0,0.0,38.87,Other
000625.SZ,000625,长安汽车,19970610,,主板,L,775949965.05,-11.653386454183268,未知,未知,,,8.87,21.5762,28.6126,1.1389,1.2297,8792763.6873,7332929.1565,821164559.5999999,True,0,0,False,False,10.33,8.76,-4.623655913978508,-20.944741532976842,-14.133591481122954,False,-11.653386454183268,1.410939133031408,-69.06,8.03,242389017.59,69.1515,,,6532421640.690001,-5340.3921,0.4536,0,8792763.6873,821164559.5999999,1.0,1.5,PASS,False,0.4444444444444444,-69.06,8.03,1.0,-70.06,ESP-Q,21.5762,1.1389,0.4536,,99.46392506573181,0.0,0.0,8.87,10.33,False,0,73.8831615120275,,0.08409785932721713,0,0,5.0,393,-13.417700571438562,False,-4.623655913978508,,-0.04411671205241385,False,False,独立池,-70.06,0.0,19.817183566577835,28.628385166923817,0.7,0.0,20.04,Other
000626.SZ,000626,远大控股,19961128,,主板,L,215518847.25000003,3.6275695284159637,未知,未知,,,8.57,,,1.9772,2.7235,434179.2224,431680.7735,151236057.2,False,0,0,False,False,9.64,8.23,-7.351351351351343,10.580645161290336,-11.099585062240669,False,3.6275695284159637,1.410939133031408,73.71,53.96,-16881100.0,-28.915,,,-576117564.56,-1155.4851,2.6891,0,434179.2224,151236057.2,1.0,1.5,PASS,False,0.4444444444444444,73.71,53.96,1.0,73.71,ESP-Q,,1.9772,2.6891,,99.46392506573181,0.0,0.0,8.57,9.64,True,0,78.12142038946163,,0.5542813455657493,0,1,40.0,393,1.8632554111606692,False,-7.351351351351343,,-0.05066788648181258,False,False,独立池,73.71,0.0,21.917687255002114,47.81996356783891,0.7,0.0,33.47,Other
000628.SZ,000628,高新发展,19961118,,主板,L,1076588160.05,9.770015562856639,未知,未知,,,63.48,204.7209,206.6088,10.1684,11.9155,2236273.44,1220330.5376,1122952849.0000002,True,1,1,False,False,68.11,55.9,0.3160556257901348,26.985397079415876,-6.797827044486859,False,9.770015562856639,1.410939133031408,34.54,242.48,1966499.47,109.8645,,,178202524.78,-3168.1419,0.0813,0,2236273.44,1122952849.0000002,1.0,1.5,PASS,False,0.4444444444444444,34.54,242.48,1.0,34.54,ESP-Q,204.7209,10.1684,0.0813,5.927067168500289,99.46392506573181,0.0,10.0,63.48,68.11,False,0,84.65063001145475,,0.7025993883792049,1,1,100.0,393,8.005701445601344,True,0.3160556257901348,,-0.01801102318756283,False,False,独立池,34.54,0.0,21.345407019378694,79.66427040731216,0.7,10.0,45.76,Other
000630.SZ,000630,铜陵有色,19961120,,主板,L,2054176676.3,-0.797448165869219,未知,未知,,,6.22,34.5369,31.7789,2.2251,3.9005,8340691.2792,6930939.548,2856482450.4,True,0,0,False,False,7.2,5.94,-9.593023255813959,-13.730929264909852,-13.611111111111118,False,-0.797448165869219,1.410939133031408,-50.27,31.44,558921532.56,41.7587,,,7194048826.35,214.0082,3.5947,0,8340691.2792,2856482450.4,1.0,1.5,PASS,False,0.4444444444444444,-50.27,31.44,1.0,-51.27,ESP-Q,34.5369,2.2251,3.5947,,99.46392506573181,0.0,0.0,6.22,7.2,False,0,72.16494845360825,,0.41743119266055045,0,0,5.0,393,-2.5617622831245135,False,-9.593023255813959,,-0.010246059835746795,False,False,独立池,-51.27,0.0,20.09170860174158,28.16782625643079,0.7,0.0,19.72,Other
000651.SZ,000651,格力电器,19961118,,主板,L,1939433093.2999997,7.7293393955603085,未知,未知,,,40.28,7.7793,7.732,1.4841,0.887,22562462.3247,22242654.1613,1895398649.0000002,True,0,0,False,False,40.88,36.61,-0.44488383588729974,4.298291040911462,-1.4677103718199636,False,7.7293393955603085,1.410939133031408,-0.27,-7.95,5702183701.81,93.7526,,,67939734184.740005,111.7063,4.0826,0,22562462.3247,1895398649.0000002,1.0,1.5,PASS,False,0.4444444444444444,-0.27,-7.95,1.0,-1.27,,7.7793,1.4841,4.0826,,99.46392506573181,10.0,0.0,40.28,40.88,False,0,73.25315005727376,,0.6628440366972477,0,1,55.0,393,5.9650252783050135,True,-0.44488383588729974,,0.023841527882055177,False,False,独立池,-1.27,0.0,20.822216944380617,53.64038840605825,1.0,0.0,63.64,Tier2
000659.SZ,000659,珠海中富,19961203,,主板,L,159876507.0,0.0,未知,未知,,,4.16,,,58.1533,2.6042,534852.2483,534852.2483,238536059.19999996,False,1,1,False,False,4.54,3.9,-4.367816091954014,-5.668934240362811,-8.370044052863435,False,0.0,1.410939133031408,-46.19,-5.82,-25730932.38,,,,-230197344.0,1160.6385,-5.3348,0,534852.2483,238536059.19999996,1.0,1.5,PASS,False,0.4444444444444444,-46.19,-5.82,1.0,-47.19,,,58.1533,-5.3348,,99.46392506573181,0.0,0.0,4.16,4.54,False,0,60.48109965635739,,0.44533639143730885,0,0,5.0,393,-1.7643141172552945,False,-4.367816091954014,,-0.02014957234142529,False,False,独立池,-47.19,0.0,20.15131808250093,24.6745935134074,1.0,0.0,24.67,Other
000661.SZ,000661,长春高新,19961218,,主板,L,448109713.95000005,-3.019476777688135,未知,未知,,,84.15,221.5114,,1.5407,1.2331,3432794.3065,3362756.5897,645179064.0,True,0,0,False,False,90.0,84.0,-6.499999999999995,-6.88281509350448,-6.499999999999995,False,-3.019476777688135,1.410939133031408,-42.61,-86.66,282429857.19,102.4252,,,2961419244.4,310.2887,1.2452,0,3432794.3065,645179064.0,1.0,1.5,PASS,False,0.4444444444444444,-42.61,-86.66,1.0,-43.61,,221.5114,1.5407,1.2452,,99.46392506573181,0.0,0.0,84.15,90.0,False,0,78.57961053837343,,0.345565749235474,0,0,5.0,393,-4.783790894943429,False,-6.499999999999995,,-0.027771701514486578,False,False,独立池,-43.61,0.0,20.203622479833882,30.114607657478807,1.0,0.0,30.11,Other
000670.SZ,000670,盈方微,19961217,,主板,L,375191910.45000005,2.499999999999991,未知,未知,,,8.2,,,225.1683,6.8226,692674.7091,673927.5411,482141082.79999995,True,0,0,False,False,8.6,7.28,0.12210012210012167,-4.205607476635532,-4.651162790697683,False,2.499999999999991,1.410939133031408,10.47,-31.0,-11699444.05,,,,-170604164.35,,-30.8017,0,692674.7091,482141082.79999995,1.0,1.5,PASS,False,0.4444444444444444,10.47,-31.0,1.0,10.47,ESP-Q,,225.1683,-30.8017,,99.46392506573181,0.0,0.0,8.2,8.6,False,0,81.55784650630011,,0.5229357798165137,0,0,5.0,393,0.7356858827446966,False,0.12210012210012167,,0.004324335939181949,False,False,独立池,10.47,0.0,20.993740303232265,31.166102012536484,0.7,0.0,21.82,Other
000672.SZ,000672,上峰水泥,19961218,,主板,L,401532631.0,29.758308157099698,未知,未知,,,17.18,26.1183,28.2458,1.8327,4.5595,1665421.3831,1665421.3831,846100485.4,True,2,2,False,False,17.98,12.53,9.98719590268886,17.269624573378838,-4.449388209121253,False,29.758308157099698,1.410939133031408,-58.26,-4.23,25021359.72,78.4213,,,1256251352.57,350.5426,0.3515,0,1665421.3831,846100485.4,1.0,1.5,PASS,False,0.4444444444444444,-58.26,-4.23,1.0,-59.26,ESP-Q,26.1183,1.8327,0.3515,,99.46392506573181,0.0,0.0,17.18,17.98,False,0,73.25315005727376,CHASE,0.9159021406727829,1,1,100.0,393,27.993994039844402,True,9.98719590268886,OVERHEAT,0.005039992472761552,True,True,独立池,-59.26,0.0,19.974973368587865,75.9709396908997,0.7,0.0,53.18,Tier2
000676.SZ,000676,智度股份,19961224,,主板,L,171880802.24999997,-6.553079947575357,未知,未知,,,7.13,63.436,62.6919,2.098,1.6327,898229.7103,897687.3433,158146119.40000004,False,0,0,False,False,7.82,6.67,-5.059920106524629,-26.418988648090814,-8.823529411764708,False,-6.553079947575357,1.410939133031408,33.08,30.36,50713541.32,109.9314,,,327086441.21,-31.7532,1.0788,0,898229.7103,158146119.40000004,1.0,1.5,PASS,False,0.4444444444444444,33.08,30.36,1.0,33.08,ESP-Q,63.436,2.098,1.0788,1.9176541717049578,99.46392506573181,0.0,0.0,7.13,7.82,False,0,88.31615120274914,,0.21483180428134557,0,0,5.0,393,-8.317394064830651,False,-5.059920106524629,,-0.037575442102243305,False,False,独立池,33.08,0.0,21.324076175773634,33.25966059597947,0.7,0.0,23.28,Other
000678.SZ,000678,襄阳轴承,19970106,,主板,L,281906521.9,6.746031746031744,未知,未知,,,13.45,,,7.9344,10.8265,618177.867,618177.867,567993850.6000001,False,1,1,False,False,13.9,11.39,4.102167182662542,-1.1756061719324085,-3.237410071942448,False,6.746031746031744,1.410939133031408,-34.15,11.27,-20293063.68,,,,-131085910.34,,-2.4254,0,618177.867,567993850.6000001,1.0,1.5,PASS,False,0.4444444444444444,-34.15,11.27,1.0,-35.15,,,7.9344,-2.4254,,99.46392506573181,0.0,0.0,13.45,13.9,False,0,51.08820160366552,,0.6383792048929664,0,1,40.0,393,4.981717628776449,False,4.102167182662542,,-0.024994970896340327,False,False,独立池,-35.15,0.0,20.327224491408405,39.391905379381335,1.0,0.0,39.39,Other
000682.SZ,000682,东方电子,19970121,,主板,L,407871898.90000004,0.1537279016141424,未知,未知,,,13.03,19.1555,17.0118,2.8397,2.4614,1746967.2901,1746800.8475,486531206.2,True,0,0,False,False,14.01,12.8,-3.7666174298375155,-1.9563581640331007,-6.995003568879376,False,0.1537279016141424,1.410939133031408,9.66,12.69,125406054.56,53.1774,,,1624151299.92,-146.6381,3.9091,0,1746967.2901,486531206.2,1.0,1.5,PASS,False,0.4444444444444444,9.66,12.69,1.0,9.66,ESP-Q,19.1555,2.8397,3.9091,1.9829710144927535,99.46392506573181,10.0,0.0,13.03,14.01,False,0,81.09965635738831,,0.4518348623853211,0,0,5.0,393,-1.6105862156411521,False,-3.7666174298375155,,-0.006184022730710812,False,False,独立池,9.66,0.0,20.981906068081514,31.026278120832796,0.7,0.0,31.72,Other
000683.SZ,000683,博源化工,19970131,,主板,L,399965546.20000005,-4.195804195804187,未知,未知,,,8.22,32.4277,29.8635,2.3459,1.3962,3055235.5423,2747216.0829,385795871.0,False,0,0,False,False,9.29,8.21,-4.0840140023337135,-3.4077555816686145,-11.5177610333692,False,-4.195804195804187,1.410939133031408,25.29,-41.33,419307455.36,99.8134,,,3505766169.26,90.3321,3.2839,0,3055235.5423,385795871.0,1.0,1.5,PASS,False,0.4444444444444444,25.29,-41.33,1.0,25.29,ESP-Q,32.4277,2.3459,3.2839,1.2822340846184264,99.46392506573181,0.0,0.0,8.22,9.29,False,0,73.25315005727376,,0.2996941896024465,0,0,5.0,393,-5.960118313059482,False,-4.0840140023337135,,0.019173921712175888,False,False,独立池,25.29,0.0,21.210262975990474,28.717997612380223,0.7,0.0,20.1,Other
000685.SZ,000685,中山公用,19970123,,主板,L,191073508.55,0.09041591320071429,未知,未知,,,11.07,8.6889,7.5667,0.8488,1.7743,1632948.2656,1388136.1122,241857064.2,False,0,0,False,False,12.23,10.97,-4.486626402070748,-9.999999999999998,-9.484873262469339,False,0.09041591320071429,1.410939133031408,91.51,50.42,581445435.35,99.6774,,,4286680566.39,-4.3392,3.0761,0,1632948.2656,241857064.2,1.0,1.5,PASS,False,0.4444444444444444,91.51,50.42,1.0,91.51,ESP-Q,8.6889,0.8488,3.0761,0.09495027865807015,99.46392506573181,10.0,0.0,11.07,12.23,False,0,77.20504009163804,,0.4487767584097859,0,0,5.0,393,-1.6738982040545802,False,-4.486626402070748,,0.02002422256979206,False,False,独立池,91.51,0.0,22.17774822498161,30.097061672487733,0.7,0.0,31.07,Other
000686.SZ,000686,东北证券,19970227,,主板,L,225365598.35000002,-1.3205282112845107,未知,未知,,,8.22,13.2552,11.5934,0.9312,1.6455,1923852.2961,1923852.2961,295394096.8,False,0,0,False,False,8.84,8.14,-6.05714285714285,-9.670329670329657,-7.01357466063347,False,-1.3205282112845107,1.410939133031408,105.63,66.09,405675731.36,98.8639,,,3299269082.1,1235.6616,2.0121,0,1923852.2961,295394096.8,1.0,1.5,PASS,False,0.4444444444444444,105.63,66.09,1.0,105.63,,13.2552,0.9312,2.0121,0.12548707753479127,99.46392506573181,0.0,0.0,8.22,8.84,False,0,73.25315005727376,,0.3967889908256881,0,0,5.0,393,-3.0848423285398052,False,-6.05714285714285,,-0.007065273138495321,False,False,独立池,105.63,0.0,22.38404378094288,28.952753773370702,1.0,0.0,28.95,Other
000690.SZ,000690,宝新能源,19970128,,主板,L,821080568.1999999,16.844349680170566,未知,未知,,,5.48,11.6388,11.5232,0.9109,6.5348,1192386.5484,1191608.5736,919225126.4000001,True,1,0,False,False,5.96,4.64,-4.0280210157618175,23.98190045248869,-8.053691275167774,False,16.844349680170566,1.410939133031408,9.77,43.59,323043345.67,104.2911,,,2669300678.77,190.9349,2.3961,0,1192386.5484,919225126.4000001,1.0,1.5,PASS,False,0.4444444444444444,9.77,43.59,1.0,9.77,,11.6388,0.9109,2.3961,1.1912794268167861,99.46392506573181,0.0,0.0,5.48,5.96,False,0,88.65979381443299,CHASE,0.8172782874617737,1,1,100.0,393,15.080035562915272,True,-4.0280210157618175,,-0.014232607288110308,True,False,独立池,9.77,0.0,20.983513186435314,80.79464078161696,1.0,0.0,80.79,Tier2
000695.SZ,000695,滨海能源,19970218,,主板,L,205000887.30000004,4.732927653820163,未知,未知,,,15.49,,,12.0043,14.0659,358984.0633,343585.493,207323382.20000002,True,0,0,False,False,15.96,14.3,2.9235880398670977,20.73265783320344,-2.9448621553884724,False,4.732927653820163,1.410939133031408,-6.38,-162.11,-11302461.78,,,,-184500579.59,,-6.0063,0,358984.0633,207323382.20000002,1.0,1.5,PASS,False,0.4444444444444444,-6.38,-162.11,1.0,-7.38,,,12.0043,-6.0063,,99.46392506573181,0.0,0.0,15.49,15.96,False,0,83.73424971363116,,0.5902140672782875,0,1,55.0,393,2.968613536564868,False,2.9235880398670977,,0.0170836962928449,False,False,独立池,-7.38,0.0,20.732948824910125,56.766864679071375,1.0,0.0,56.77,Tier2
001696.SZ,001696,宗申动力,19970306,,主板,L,470180624.6,-12.029288702928875,未知,未知,,,16.82,28.939,31.5299,3.4652,2.259,1925935.2794,1499331.8145,450820994.40000004,False,0,0,False,False,19.97,16.62,-3.9406053683609388,-17.79081133919844,-15.773660490736097,False,-12.029288702928875,1.410939133031408,-34.57,42.44,144379557.26,84.1098,,,1971450565.66,187.4719,3.1351,0,1925935.2794,450820994.40000004,1.0,1.5,PASS,False,0.4444444444444444,-34.57,42.44,1.0,-35.57,,28.939,3.4652,3.1351,,99.46392506573181,0.0,0.0,16.82,19.97,False,0,73.25315005727376,,0.0764525993883792,0,0,5.0,393,-13.79360282018417,False,-3.9406053683609388,,-0.0471829374770502,False,False,独立池,-35.57,0.0,20.32108822133024,28.540162661448175,1.0,0.0,28.54,Other
000697.SZ,000697,炼石航空,19970325,,主板,L,196921747.34999996,27.08537782139353,未知,未知,,,12.95,,,5.3648,5.7484,1807934.3485,845774.0157,371134924.5999999,True,1,1,False,False,12.98,9.83,5.1136363636363535,48.85057471264369,-0.23112480739599928,False,27.08537782139353,1.410939133031408,95.85,-87.86,-2285581.7,-187.4558,,,-811281920.61,-6390.271,0.0363,0,1807934.3485,371134924.5999999,1.0,1.5,PASS,False,0.4444444444444444,95.85,-87.86,1.0,95.85,ESP-Q,,5.3648,0.0363,,99.46392506573181,0.0,0.0,12.95,12.98,False,0,72.96678121420389,CHASE,0.9021406727828746,1,1,100.0,393,25.321063704138233,True,5.1136363636363535,OVERHEAT,-0.01624166671022675,True,True,独立池,95.85,0.0,22.24115634912268,76.3382656340857,0.7,0.0,53.44,Tier2
000703.SZ,000703,恒逸石化,19970328,,主板,L,1119132560.45,-3.322475570032568,未知,未知,,,14.84,219.5042,25.7559,2.1447,1.0052,5670487.4851,5642035.8661,785891776.1999999,False,0,0,False,False,18.35,14.54,-4.688503532434174,14.417887432536624,-19.128065395095373,False,-3.322475570032568,1.410939133031408,23640.41,596.59,1939820963.77,97.2443,,,2309295572.7200003,-88.1096,7.7458,1,5670487.4851,785891776.1999999,1.0,1.5,PASS,False,0.4444444444444444,23640.41,596.59,1.0,23640.41,ESP-Q,219.5042,2.1447,7.7458,0.009285126611594299,99.46392506573181,0.0,0.0,14.84,18.35,True,10,88.31615120274914,,0.33409785932721714,0,0,5.0,393,-5.086789687287863,False,-4.688503532434174,,-0.022880134972273168,False,False,独立池,1995.8175999999994,0.0,50.0,38.99484536082474,0.7,10.0,17.3,Other
000708.SZ,000708,中信特钢,19970326,,主板,L,222313356.70000005,-11.332127787823987,未知,未知,,,14.71,12.5228,12.2588,1.6644,0.3346,7424369.9431,7424336.8456,268939687.2,True,0,0,False,False,16.96,14.65,-5.946291560102301,-5.341055341055334,-13.26650943396226,False,-11.332127787823987,1.410939133031408,8.97,17.41,1496699152.36,99.0217,,,14395393452.83,7.9599,3.4087,0,7424369.9431,268939687.2,1.0,1.5,PASS,False,0.4444444444444444,8.97,17.41,1.0,8.97,,12.5228,1.6644,3.4087,1.396075808249721,99.46392506573181,10.0,0.0,14.71,16.96,False,0,73.25315005727376,,0.09250764525993883,0,0,5.0,393,-13.096441905079281,False,-5.946291560102301,,0.04030955937777573,False,False,独立池,8.97,0.0,20.97182505295309,28.670310027772747,1.0,0.0,38.67,Other
000709.SZ,000709,河钢股份,19970416,,主板,L,276457262.55,-3.0172413793103425,未知,未知,,,2.25,23.2123,21.2851,0.4469,1.3063,2325852.2457,2325467.7896,265073916.79999995,True,0,0,False,False,2.49,2.24,-5.857740585774063,-9.2741935483871,-9.63855421686748,False,-3.0172413793103425,1.410939133031408,28.5,94.41,170286323.46,52.7266,,,1466720882.85,1094.8434,0.5438,0,2325852.2457,265073916.79999995,1.0,1.5,PASS,False,0.4444444444444444,28.5,94.41,1.0,28.5,ESP-Q,23.2123,0.4469,0.5438,0.8144666666666667,99.46392506573181,0.0,0.0,2.25,2.49,False,0,72.16494845360825,,0.3463302752293578,0,0,5.0,393,-4.7815554965656375,False,-5.857740585774063,,-0.03382497728746929,False,False,独立池,28.5,0.0,21.2571616115879,28.400916858400052,0.7,0.0,19.88,Other
000712.SZ,000712,锦龙股份,19970415,,主板,L,273387086.6500001,4.671115347950439,未知,未知,,,10.98,34.7037,27.063,3.6836,5.0577,983808.0,983516.0693,698520474.4,True,1,1,False,False,12.26,9.91,-3.768624014022781,-12.926249008723223,-10.440456769983687,False,4.671115347950439,1.410939133031408,83.08,-97.24,-15735753.02,,,,-222014350.38,,-0.5863,0,983808.0,698520474.4,1.0,1.5,PASS,False,0.4444444444444444,83.08,-97.24,1.0,83.08,ESP-Q,34.7037,3.6836,-0.5863,0.417714251324025,99.46392506573181,0.0,0.0,10.98,12.26,False,0,77.20504009163804,,0.5879204892966361,0,1,55.0,393,2.906801230695144,False,-3.768624014022781,,0.0183319328732609,False,False,独立池,83.08,0.0,22.05458451841267,55.072428931173945,0.7,0.0,38.55,Other
000715.SZ,000715,中兴商业,19970508,,主板,L,188043831.1,-1.5985790408525768,未知,未知,,,5.54,26.2122,26.1607,1.4714,3.4319,299400.7806,269261.3657,99781871.2,True,2,0,False,False,6.68,5.52,-5.782312925170063,-15.419847328244273,-17.06586826347305,False,-1.5985790408525768,1.410939133031408,-7.69,19.34,17615816.46,85.3409,,,217703911.0,111.0354,1.0196,0,299400.7806,99781871.2,1.0,1.5,PASS,False,0.4444444444444444,-7.69,19.34,1.0,-8.690000000000001,,26.2122,1.4714,1.0196,,99.46392506573181,0.0,0.0,5.54,6.68,True,0,91.40893470790378,,0.3845565749235474,0,0,5.0,393,-3.3628931581078714,False,-5.782312925170063,,-0.026034889905350536,False,False,独立池,-8.690000000000001,0.0,20.713809506332982,34.06544231363773,1.0,0.0,34.07,Other
000722.SZ,000722,湖南发展,19970522,,主板,L,542084677.75,9.042553191489366,未知,未知,,,14.35,92.3326,82.2524,2.1178,6.1769,666067.1347,666067.1347,618199844.2,True,0,0,False,False,16.01,13.01,-1.7796030116358663,11.586314152410582,-10.368519675203014,False,9.042553191489366,1.410939133031408,208.21,23.28,13084519.4,99.9894,,,176775379.5,119.9996,0.4139,0,666067.1347,618199844.2,1.0,1.5,PASS,False,0.4444444444444444,208.21,23.28,1.0,208.21,,92.3326,2.1178,0.4139,0.4434590077325777,99.46392506573181,0.0,0.0,14.35,16.01,False,0,98.96907216494846,,0.6873088685015291,0,1,55.0,393,7.278239074234072,True,-1.7796030116358663,,-0.008002379683489411,False,False,独立池,208.21,0.0,23.882754696701124,61.96727258882476,1.0,0.0,61.97,Tier2
000723.SZ,000723,美锦能源,19970515,,主板,L,282734512.95,-12.581344902386116,未知,未知,,,4.03,,,1.4368,1.2412,1774609.7117,1771187.3825,279847715.6,False,0,0,False,False,4.68,4.01,-4.952830188679247,-19.56087824351297,-13.888888888888873,False,-12.581344902386116,1.410939133031408,4.88,-9.9,-353039225.49,,,,-2995305992.01,,-2.6033,0,1774609.7117,279847715.6,1.0,1.5,PASS,False,0.4444444444444444,4.88,-9.9,1.0,4.88,ESP-Q,,1.4368,-2.6033,,99.46392506573181,0.0,0.0,4.03,4.68,False,0,73.8831615120275,,0.06574923547400612,0,0,5.0,393,-14.34565901964141,False,-4.952830188679247,,-0.06503315445986124,False,False,独立池,4.88,0.0,20.91206947052522,28.847362347713293,0.7,0.0,20.19,Other
000725.SZ,000725,京东方Ａ,20010112,,主板,L,2740386689.9500003,3.499999999999992,未知,未知,,,4.14,26.1848,25.7746,1.1269,2.2608,15336351.8185,15045448.7685,2995330607.2,False,0,0,False,False,4.34,3.98,-1.1933174224343812,-4.82758620689655,-4.608294930875578,False,3.499999999999992,1.410939133031408,6.38,10.25,1438134014.0,84.2383,,,11129866286.0,499.6496,1.2619,0,15336351.8185,2995330607.2,1.0,1.5,PASS,False,0.4444444444444444,6.38,10.25,1.0,6.38,,26.1848,1.1269,1.2619,4.104200626959248,99.46392506573181,0.0,0.0,4.14,4.34,False,0,94.27262313860251,,0.5512232415902141,0,1,40.0,393,1.7356858827446975,False,-1.1933174224343812,,0.014144518805369972,False,False,独立池,6.38,0.0,20.933984720804393,52.46858388574163,1.0,0.0,52.47,Tier2
000727.SZ,000727,冠捷科技,19970520,,主板,L,369543773.85,1.1111111111111072,未知,未知,,,2.73,,,6.86,3.0172,1236571.7855,1236571.7855,376887818.8000001,True,0,0,False,False,3.01,2.58,-4.210526315789476,5.000000000000004,-9.302325581395344,False,1.1111111111111072,1.410939133031408,-106.7558,-2144.56,-315597665.52,,,,-1916277307.78,,-14.7826,0,1236571.7855,376887818.8000001,1.0,1.5,PASS,False,0.4444444444444444,-106.7558,-2144.56,1.0,-107.7558,,,6.86,-14.7826,,99.46392506573181,0.0,0.0,2.73,3.01,False,0,94.27262313860251,,0.48623853211009177,0,0,5.0,393,-0.6532030061441874,False,-4.210526315789476,,-0.01375006109245568,False,False,独立池,-107.7558,0.0,19.266441638928782,34.63507526936651,1.0,0.0,34.64,Other
000728.SZ,000728,国元证券,19970616,,主板,L,222764095.25000006,-10.10230179028133,未知,未知,,,7.03,12.6444,13.1795,0.7891,1.0625,3067735.8574,3067735.8574,291774765.8000001,False,0,0,False,False,7.9,6.99,-5.000000000000004,-15.096618357487912,-11.012658227848105,False,-10.10230179028133,1.410939133031408,-15.35,9.55,536788236.34,99.0368,,,6411285260.2,722.8293,1.4077,0,3067735.8574,291774765.8000001,1.0,1.5,PASS,False,0.4444444444444444,-15.35,9.55,1.0,-16.35,,12.6444,0.7891,1.4077,,99.46392506573181,0.0,0.0,7.03,7.9,False,0,77.20504009163804,,0.1162079510703364,0,0,5.0,393,-11.866615907536625,False,-5.000000000000004,,0.032181256497091026,False,False,独立池,-16.35,0.0,20.601895628240683,29.781891153139547,1.0,0.0,29.78,Other
000729.SZ,000729,燕京啤酒,19970716,,主板,L,524473433.59999996,-5.542725173210162,未知,未知,,,12.27,20.5962,19.4443,2.1964,1.1822,3458347.7714,3079287.3804,410414727.59999996,False,0,0,False,False,13.45,12.17,-4.88372093023256,-4.290171606864279,-8.773234200743495,False,-5.542725173210162,1.410939133031408,69.09,46.3,258794254.05,97.7503,,,4502728961.94,279.8987,1.6957,0,3458347.7714,410414727.59999996,1.0,1.5,PASS,False,0.4444444444444444,69.09,46.3,1.0,69.09,,20.5962,2.1964,1.6957,0.29810681719496307,99.46392506573181,0.0,0.0,12.27,13.45,True,0,77.20504009163804,,0.2492354740061162,0,0,5.0,393,-7.307039290465456,False,-4.88372093023256,,-0.027641819102306123,False,False,独立池,69.09,0.0,21.850188284142266,30.031549684319867,1.0,0.0,30.03,Other
000733.SZ,000733,振华科技,19970703,,主板,L,594434542.95,-4.041916167664672,未知,未知,,,44.87,24.2492,25.3005,1.5777,2.6577,2486558.2369,2486223.058,744182561.6,True,0,0,False,False,48.17,41.88,-3.526123414319504,-16.629505759940542,-6.850736973219851,False,-4.041916167664672,1.410939133031408,-86.37,12.8,6079373.26,38.2171,,,1809098733.63,-673.4391,0.101,0,2486558.2369,744182561.6,1.0,1.5,PASS,False,0.4444444444444444,-86.37,12.8,1.0,-87.37,ESP-Q,24.2492,1.5777,0.101,,99.46392506573181,0.0,0.0,44.87,48.17,False,0,92.78350515463917,,0.30275229357798167,0,0,5.0,393,-5.806230284919966,False,-3.526123414319504,,-0.009236080582647384,False,False,独立池,-87.37,0.0,19.564281578356198,34.24790786206299,0.7,0.0,23.97,Other
000735.SZ,000735,罗牛山,19970611,,主板,L,158373523.99999997,-9.956709956709952,未知,未知,,,6.24,46.7279,,1.7236,1.7123,718544.4727,718160.0506,136810382.99999997,True,0,0,False,False,7.31,6.18,-4.732824427480908,-20.711562897077506,-14.637482900136789,False,-9.956709956709952,1.410939133031408,-4069.89,-11.34,-164732274.9,,,,102189713.27,,-3.9028,0,718544.4727,136810382.99999997,1.0,1.5,PASS,False,0.4444444444444444,-4069.89,-11.34,1.0,-4070.89,,46.7279,1.7236,-3.9028,,99.46392506573181,0.0,0.0,6.24,7.31,False,0,73.25315005727376,,0.12232415902140673,0,0,5.0,393,-11.721024073965246,False,-4.732824427480908,,-0.021063534876778707,False,False,独立池,-1426.4568,0.0,0.0,24.475945017182127,1.0,0.0,24.48,Other
000737.SZ,000737,北方铜业,19970428,,主板,L,724612824.4499999,4.981949458483759,未知,未知,,,14.54,35.0291,26.7699,3.7246,3.6544,2769457.6965,2769200.084,1217251830.2000003,True,0,0,False,False,16.5,13.3,-4.2791310072416096,-11.985472154963684,-11.87878787878789,False,4.981949458483759,1.410939133031408,68.06,30.37,613631017.27,99.7821,,,2547968738.58,-149.3926,8.6465,0,2769457.6965,1217251830.2000003,1.0,1.5,PASS,False,0.4444444444444444,68.06,30.37,1.0,68.06,ESP-Q,35.0291,3.7246,8.6465,0.5146796943873053,99.46392506573181,0.0,0.0,14.54,16.5,False,0,97.0217640320733,,0.5978593272171254,0,1,55.0,393,3.217635341228464,False,-4.2791310072416096,,0.0037295241012660955,False,False,独立池,68.06,0.0,21.835139812283906,60.97355717207877,0.7,0.0,42.68,Other
000738.SZ,000738,航发控制,19970626,,主板,L,633704751.75,-1.64910673385249,未知,未知,,,21.47,84.4347,89.8651,2.2418,2.248,2823700.0501,2823700.0501,801220675.1999999,True,0,0,False,False,23.46,19.96,-6.65217391304348,-20.481481481481488,-8.482523444160284,False,-1.64910673385249,1.410939133031408,-13.16,-54.3,125611259.05,99.2169,,,1155822567.39,-235.1087,1.0104,0,2823700.0501,801220675.1999999,1.0,1.5,PASS,False,0.4444444444444444,-13.16,-54.3,1.0,-14.16,ESP-Q,84.4347,2.2418,1.0104,,99.46392506573181,0.0,0.0,21.47,23.46,False,0,73.25315005727376,,0.3830275229357798,0,0,5.0,393,-3.4134208511077846,False,-6.65217391304348,,0.011043998652705745,False,False,独立池,-14.16,0.0,20.633891893648272,28.60272339591178,0.7,0.0,20.02,Other
000750.SZ,000750,国海证券,19970709,,主板,L,169891483.55,-1.813471502590669,未知,未知,,,3.79,31.465,29.3078,1.0598,0.9722,2420360.1268,2196761.3073,224554565.40000004,False,0,0,False,False,4.0,3.77,-4.292929292929292,-10.401891252955087,-5.249999999999999,False,-1.813471502590669,1.410939133031408,28.82,80.54,257104555.68,100.1056,,,2185636948.69,5805.5043,1.1315,0,2420360.1268,224554565.40000004,1.0,1.5,PASS,False,0.4444444444444444,28.82,80.54,1.0,28.82,,31.465,1.0598,1.1315,1.0917765440666203,99.46392506573181,0.0,0.0,3.79,4.0,False,0,77.20504009163804,,0.3761467889908257,0,0,5.0,393,-3.5777856198459634,False,-4.292929292929292,,-0.04099186041985872,False,False,独立池,28.82,0.0,21.261836864980786,29.91387940048757,1.0,0.0,29.91,Other
000751.SZ,000751,锌业股份,19970626,,主板,L,767260028.1,10.22727272727273,未知,未知,,,5.82,137.9772,82.9321,2.5447,6.3727,940297.0063,820543.6294,631006375.9999999,True,1,0,False,False,6.84,5.26,-9.767441860465109,1.5706806282722585,-14.912280701754376,False,10.22727272727273,1.410939133031408,224.39,213.87,72922893.23,98.9262,,,229038033.28,181.0344,2.015,0,940297.0063,631006375.9999999,1.0,1.5,PASS,False,0.4444444444444444,224.39,213.87,1.0,224.39,,137.9772,2.5447,2.015,0.614899059672891,99.46392506573181,0.0,0.0,5.82,6.84,False,0,26.002290950744563,CAT-0,0.7125382262996942,1,1,100.0,393,8.462958610017436,True,-9.767441860465109,,-0.030568247802241,False,False,独立池,224.39,0.0,24.119147196379114,62.62451672449919,0.5,0.0,31.31,Other
000758.SZ,000758,中色股份,19970416,,主板,L,347739597.15,5.5223880597014885,未知,未知,,,7.07,29.5927,28.8514,2.2574,2.9018,1407241.0305,1397150.2952,459358101.99999994,True,0,0,False,False,7.79,6.68,-7.702349869451696,-4.459459459459458,-9.242618741976894,False,5.5223880597014885,1.410939133031408,-5.98,-3.78,189714225.06,73.0258,,,1235975597.41,-127.8661,4.2542,0,1407241.0305,459358101.99999994,1.0,1.5,PASS,False,0.4444444444444444,-5.98,-3.78,1.0,-6.98,ESP-Q,29.5927,2.2574,4.2542,,99.46392506573181,0.0,0.0,7.07,7.79,False,0,72.16494845360825,,0.6146788990825688,0,1,55.0,393,3.758073942446194,False,-7.702349869451696,,-0.021193312093840865,False,False,独立池,-6.98,0.0,20.73879289165124,53.29724311441272,0.7,0.0,37.31,Other
000762.SZ,000762,西藏矿业,19970708,,主板,L,1954505629.35,-1.570835803200954,未知,未知,,,33.21,,7811.0038,5.8784,6.1603,1729640.696,1729578.8524,1474826137.8,False,1,0,False,False,41.43,32.91,-11.274378840502264,27.046671767406274,-19.840695148443153,False,-1.570835803200954,1.410939133031408,199.44,-178.46,17634551.39,92.8839,,,-84760034.25,399.6362,0.6473,0,1729640.696,1474826137.8,1.0,1.5,PASS,False,0.4444444444444444,199.44,-178.46,1.0,199.44,ESP-Q,,5.8784,0.6473,,99.46392506573181,0.0,0.0,33.21,41.43,True,0,72.16494845360825,,0.3876146788990826,0,0,5.0,393,-3.3351499204562485,False,-11.274378840502264,,-0.03776314219975592,False,False,独立池,199.44,0.0,23.754623533402235,28.90040924276292,0.7,0.0,20.23,Other
000776.SZ,000776,广发证券,19970611,,主板,L,1393318857.3,0.40281973816718164,未知,未知,,,19.94,11.3876,9.9687,1.1319,0.716,15602741.9489,11772674.3261,1205829529.0,True,0,0,False,False,21.73,19.61,-5.183071802187356,-8.15292491939198,-8.237459733087892,False,0.40281973816718164,1.410939133031408,72.4,59.93,4710524626.33,100.0654,,,35989765879.98,303.0668,2.8739,0,15602741.9489,1205829529.0,1.0,1.5,PASS,False,0.4444444444444444,72.4,59.93,1.0,72.4,,11.3876,1.1319,2.8739,0.15728729281767956,99.46392506573181,10.0,0.0,19.94,21.73,False,0,77.20504009163804,,0.4617737003058104,0,0,5.0,393,-1.3614943790881129,False,-5.183071802187356,,-0.038446255334284266,False,False,独立池,72.4,0.0,21.898547936424976,30.041221614776408,1.0,0.0,40.04,Other
000777.SZ,000777,中核科技,19970710,,主板,L,205991429.05,-13.185840707964601,未知,未知,,,19.62,44.2787,47.7998,3.0622,2.104,752265.3175,752252.0426,175371236.2,True,0,0,False,False,23.34,19.46,-4.987893462469717,-22.358527898694103,-15.938303341902305,False,-13.185840707964601,1.410939133031408,-6280.25,-29.41,-14997731.81,,,,296433420.2,,-0.4349,0,752265.3175,175371236.2,1.0,1.5,PASS,False,0.4444444444444444,-6280.25,-29.41,1.0,-6281.25,,44.2787,3.0622,-0.4349,,99.46392506573181,0.0,0.0,19.62,23.34,False,0,73.25315005727376,,0.05657492354740061,0,0,5.0,393,-14.950154825219895,False,-4.987893462469717,,-0.03764653771051626,False,False,独立池,-1426.4568,0.0,0.0,24.475945017182127,1.0,0.0,24.48,Other
000778.SZ,000778,新兴铸管,19970606,,主板,L,301562819.29999995,-4.932735426008961,未知,未知,,,4.24,17.7413,16.6809,0.6305,1.2307,1680389.2888,1650852.6454,223180321.20000005,True,0,0,False,False,4.91,4.21,-6.401766004415011,-16.205533596837927,-13.645621181262724,False,-4.932735426008961,1.410939133031408,40.5,589.92,169334274.34,85.8554,,,1897719369.74,-444.8385,0.7439,0,1680389.2888,223180321.20000005,1.0,1.5,PASS,False,0.4444444444444444,40.5,589.92,1.0,40.5,ESP-Q,17.7413,0.6305,0.7439,0.4380567901234568,99.46392506573181,0.0,0.0,4.24,4.91,True,0,72.16494845360825,,0.27217125382262997,0,0,5.0,393,-6.697049543264255,False,-6.401766004415011,,-0.034804366495918344,False,False,独立池,40.5,0.0,21.43248361382127,28.435981258846727,0.7,0.0,19.91,Other
000783.SZ,000783,长江证券,19970731,,主板,L,1214663397.9,15.573770491803284,未知,未知,,,8.46,12.6567,11.1309,1.2701,2.8047,4678441.714,4678441.714,2274817377.7999997,True,2,2,False,False,9.24,7.09,-3.424657534246567,4.702970297029707,-8.441558441558438,False,15.573770491803284,1.410939133031408,51.97,108.69,1469883871.13,98.8979,,,10357819514.380001,706.7529,3.507,0,4678441.714,2274817377.7999997,1.0,1.5,PASS,False,0.4444444444444444,51.97,108.69,1.0,51.97,,12.6567,1.2701,3.507,0.24353857994997116,99.46392506573181,10.0,0.0,8.46,9.24,False,0,77.20504009163804,CHASE,0.8019877675840978,1,1,100.0,393,13.80945637454799,True,-3.424657534246567,,-0.0014934693416729205,True,False,独立池,51.97,0.0,21.60006222762266,77.48152447301595,1.0,0.0,87.48,Tier2
000785.SZ,000785,居然智家,19970711,,主板,L,157288743.05,-9.999999999999998,未知,未知,,,2.43,,,0.7916,0.7635,1513172.8618,1410489.0973,123615700.60000001,True,1,0,False,False,2.72,2.4,-6.896551724137923,-19.801980198019788,-10.661764705882348,False,-9.999999999999998,1.410939133031408,-65.23,-87.95,74147139.04,119.3909,,,989629229.37,783.1578,0.3254,0,1513172.8618,123615700.60000001,1.0,1.5,PASS,False,0.4444444444444444,-65.23,-87.95,1.0,-66.23,,,0.7916,0.3254,,99.46392506573181,0.0,0.0,2.43,2.72,True,0,88.31615120274914,,0.12003058103975535,0,0,5.0,393,-11.764314117255292,False,-6.896551724137923,,-0.028939520884599383,False,False,独立池,-66.23,0.0,19.873140505623983,32.96947346194953,1.0,0.0,32.97,Other
000786.SZ,000786,北新建材,19970606,,主板,L,371112215.1,-1.1705033164260636,未知,未知,,,25.33,14.8355,15.0341,1.5433,0.6447,4311763.8944,4279523.3638,384032863.20000005,True,0,0,False,False,27.06,24.3,-4.595103578154436,-11.588132635253057,-6.393200295639323,False,-1.1705033164260636,1.410939133031408,-5.26,-21.86,775918665.94,96.5284,,,7979577118.41,-67.369,2.9175,0,4311763.8944,384032863.20000005,1.0,1.5,PASS,False,0.4444444444444444,-5.26,-21.86,1.0,-6.26,ESP-Q,14.8355,1.5433,2.9175,,99.46392506573181,10.0,0.0,25.33,27.06,False,0,75.60137457044674,,0.4013761467889908,0,0,5.0,393,-2.934817433681358,False,-4.595103578154436,,-0.01645684609088681,False,False,独立池,-6.26,0.0,20.74931221178524,29.33027481349107,0.7,0.0,30.53,Other
000795.SZ,000795,英洛华,19970808,,主板,L,150064890.70000002,0.8639308855291628,未知,未知,,,9.34,42.3609,42.274,3.8942,1.8039,1058860.9522,1058859.3765,196689692.8,True,0,0,False,False,9.8,8.88,-3.810504634397538,-7.249255213505467,-4.69387755102042,False,0.8639308855291628,1.410939133031408,-7.04,-14.07,52836417.25,76.2021,,,509092262.65000004,-304.299,2.5829,0,1058860.9522,196689692.8,1.0,1.5,PASS,False,0.4444444444444444,-7.04,-14.07,1.0,-8.04,ESP-Q,42.3609,3.8942,2.5829,,99.46392506573181,0.0,0.0,9.34,9.8,False,0,79.95418098510882,,0.4793577981651376,0,0,5.0,393,-0.9003832317261318,False,-3.810504634397538,,-0.01925947317017617,False,False,独立池,-8.04,0.0,20.72330611478729,30.630915518490106,0.7,0.0,21.44,Other
000796.SZ,000796,凯撒旅业,19970703,,主板,L,232309365.85,-14.20664206642066,未知,未知,,,4.65,266.331,210.9917,8.2104,2.8992,745761.8459,618804.2998,225195902.6,False,0,0,False,False,5.55,4.61,-4.7131147540983465,-28.129829984544042,-16.216216216216207,False,-14.20664206642066,1.410939133031408,-215.24,-68.55,-16531760.61,-589.8697,,,-238871188.49000004,-626.1021,0.3103,0,745761.8459,225195902.6,1.0,1.5,PASS,False,0.4444444444444444,-215.24,-68.55,1.0,-216.24,ESP-Q,266.331,8.2104,0.3103,,99.46392506573181,0.0,0.0,4.65,5.55,False,0,77.20504009163804,,0.0481651376146789,0,0,5.0,393,-15.970956183675954,False,-4.7131147540983465,,-0.0349120094836557,False,False,独立池,-216.24,0.0,17.681469376038347,29.19780590269908,0.7,0.0,20.44,Other
000799.SZ,000799,酒鬼酒,19970718,,主板,L,318957140.3,-4.867458866544783,未知,未知,,,41.63,,,3.5868,3.6284,1352679.3437,1352551.3315,441851174.6,True,0,0,False,False,45.4,41.04,-6.005870399638735,-26.187943262411338,-8.303964757709249,False,-4.867458866544783,1.410939133031408,3.97,-545.77,32693852.22,98.5325,,,2464182.459999999,-89.5234,0.8837,0,1352679.3437,441851174.6,1.0,1.5,PASS,False,0.4444444444444444,3.97,-545.77,1.0,3.97,ESP-Q,,3.5868,0.8837,,99.46392506573181,0.0,0.0,41.63,45.4,False,0,73.25315005727376,,0.27446483180428133,0,0,5.0,393,-6.631772983800078,False,-6.005870399638735,,-0.010108788212356917,False,False,独立池,3.97,0.0,20.89877421868919,28.655699860919967,0.7,0.0,20.06,Other
000801.SZ,000801,四川九洲,19980506,,主板,L,248678584.05,-2.941176470588236,未知,未知,,,13.53,76.7558,79.8942,4.4142,1.8544,1375087.3989,1374604.8975,279350899.79999995,True,0,0,False,False,14.64,12.68,-4.718309859154934,-14.204185161699435,-7.58196721311476,False,-2.941176470588236,1.410939133031408,30.04,-20.57,1961899.41,13.2388,,,188884324.65,-2439.6605,0.4763,0,1375087.3989,279350899.79999995,1.0,1.5,PASS,False,0.4444444444444444,30.04,-20.57,1.0,30.04,ESP-Q,76.7558,4.4142,0.4763,2.5551198402130493,99.46392506573181,0.0,0.0,13.53,14.64,False,0,90.60710194730814,,0.34938837920489296,0,0,5.0,393,-4.7054905878435305,False,-4.718309859154934,,-0.00616940959699142,False,False,独立池,30.04,0.0,21.27966126854118,33.938062837900674,0.7,0.0,23.76,Other
000802.SZ,000802,北京文化,19980108,,主板,L,204125206.14999998,34.02597402597402,未知,未知,,,5.16,,,6.0514,5.6518,369404.5316,369220.7066,295404792.8,True,2,1,False,False,5.38,3.84,4.665314401622722,4.878048780487809,-4.089219330855009,False,34.02597402597402,1.410939133031408,88.9,-159.99,-24200258.0,,,,-935797222.66,,-3.3205,0,369404.5316,295404792.8,1.0,1.5,PASS,False,0.4444444444444444,88.9,-159.99,1.0,88.9,ESP-Q,,6.0514,-3.3205,,99.46392506573181,0.0,0.0,5.16,5.38,False,0,73.25315005727376,CHASE,0.9342507645259939,1,1,100.0,393,32.26165990871873,True,4.665314401622722,,0.04455753596420911,True,False,独立池,88.9,0.0,22.139615689495855,76.4038681550813,0.7,0.0,53.48,Tier2
000803.SZ,000803,山高环能,19980303,,主板,L,166109059.75,3.5365853658536617,未知,未知,,,8.49,130.6613,86.4896,2.6578,3.4284,395885.4339,390359.8252,135628955.79999998,True,0,0,False,False,8.94,7.64,-3.082191780821908,-2.9714285714285693,-5.033557046979853,False,3.5365853658536617,1.410939133031408,43.96,634.29,42695722.27,97.6085,,,167690836.84,31.7054,2.9804,0,395885.4339,135628955.79999998,1.0,1.5,PASS,False,0.4444444444444444,43.96,634.29,1.0,43.96,,130.6613,2.6578,2.9804,2.9722770700636945,99.46392506573181,0.0,0.0,8.49,8.94,False,0,84.19243986254295,,0.5519877675840978,0,1,55.0,393,1.7722712485983672,False,-3.082191780821908,,-0.018228407856257255,False,False,独立池,43.96,0.0,21.48303479113189,57.054338916989266,1.0,0.0,57.05,Tier2
000810.SZ,000810,创维数字,19980602,,主板,L,245462963.9,3.187919463087252,未知,未知,,,12.3,78.6565,54.9586,2.1474,1.1576,1414740.5622,1366045.5953,171122656.8,False,0,0,False,False,13.22,11.72,-4.651162790697672,3.4482758620689724,-6.959152798789714,False,3.187919463087252,1.410939133031408,3621.52,-105.95,78003966.43,94.1129,,,196924601.37,-1754.6165,1.266,0,1414740.5622,171122656.8,1.0,1.5,PASS,False,0.4444444444444444,3621.52,-105.95,1.0,3621.52,ESP-Q,78.6565,2.1474,1.266,0.021719195255031035,99.46392506573181,0.0,0.0,12.3,13.22,True,0,90.60710194730814,,0.5458715596330275,0,1,40.0,393,1.4236053458319575,False,-4.651162790697672,,-0.059879222286380235,False,False,独立池,1995.8175999999994,0.0,50.0,57.182130584192436,0.7,0.0,40.03,Other
000813.SZ,000813,德展健康,19980519,,主板,L,166405857.39999998,13.467048710601714,未知,未知,,,3.96,,,1.8048,2.9981,830453.7938,830317.1738,256350982.6,True,0,0,False,False,4.06,3.27,4.761904761904767,-0.5025125628140725,-2.463054187192115,False,13.467048710601714,1.410939133031408,-48.06,-1372.57,-35389747.67,,,,-494106849.83000004,,-0.7453,0,830453.7938,256350982.6,1.0,1.5,PASS,False,0.4444444444444444,-48.06,-1372.57,1.0,-49.06,,,1.8048,-0.7453,,99.46392506573181,0.0,0.0,3.96,4.06,False,0,73.25315005727376,,0.7691131498470948,1,1,100.0,393,11.70273459334642,True,4.761904761904767,,0.024403106413055514,False,False,独立池,-49.06,0.0,20.123997070486226,76.00074443127937,1.0,0.0,76.0,Tier2
000818.SZ,000818,航锦科技,19971017,,主板,L,837845579.3,16.15811373092926,未知,未知,,,16.75,,,5.0587,8.2083,1105500.0653,1102504.1603,1007036452.4000001,False,3,3,False,True,19.64,13.18,-7.662624035281151,-21.984163949697244,-14.714867617107942,False,16.15811373092926,1.410939133031408,12027.93,82.24,11024019.23,68.2119,,,-167338301.05,462.8581,0.7472,0,1105500.0653,1007036452.4000001,1.0,1.5,PASS,False,0.4444444444444444,12027.93,82.24,1.0,12027.93,ESP-Q,,5.0587,0.7472,,99.46392506573181,0.0,0.0,16.75,19.64,False,0,92.78350515463917,CHASE,0.808868501529052,1,1,75.0,393,14.393799613673965,True,-7.662624035281151,突破型,-0.02285190326821033,True,False,独立池,1995.8175999999994,0.0,50.0,75.33505154639175,0.7,0.0,52.73,Tier2
000819.SZ,000819,岳阳兴长,19970625,,主板,L,174852671.20000002,10.533515731874154,未知,未知,,,16.16,,,2.8723,3.433,597119.2817,590700.2065,200464730.2,True,1,0,False,False,17.32,14.52,-2.3564954682779526,-1.882210078931379,-6.6974595842956175,False,10.533515731874154,1.410939133031408,-85.69,-199.19,1895308.67,67.6782,,,-114923293.74,129.4531,0.1349,0,597119.2817,200464730.2,1.0,1.5,PASS,False,0.4444444444444444,-85.69,-199.19,1.0,-86.69,ESP-Q,,2.8723,0.1349,,99.46392506573181,0.0,0.0,16.16,17.32,False,0,76.05956471935853,,0.7178899082568807,1,1,100.0,393,8.76920161461886,True,-2.3564954682779526,,-0.016334392954372282,False,False,独立池,-86.69,0.0,19.574216491816088,76.73271271417079,0.7,0.0,53.71,Tier2
000822.SZ,000822,山东海化,19980703,,主板,L,187696153.89999998,-3.7102473498233257,未知,未知,,,5.45,,,1.3037,2.5233,487825.0997,487825.0997,121111981.60000001,False,0,0,False,False,6.36,5.4,-2.3297491039426466,-17.797888386123674,-14.308176100628934,False,-3.7102473498233257,1.410939133031408,-20.79,-3835.22,-95744854.17,,,,-2287229273.69,,-2.1196,0,487825.0997,121111981.60000001,1.0,1.5,PASS,False,0.4444444444444444,-20.79,-3835.22,1.0,-21.79,,,1.3037,-2.1196,,99.46392506573181,0.0,0.0,5.45,6.36,True,0,75.25773195876289,,0.32186544342507645,0,0,5.0,393,-5.474561467078621,False,-2.3297491039426466,,-0.025151349589747483,False,False,独立池,-21.79,0.0,20.522416320561558,29.18180285174118,1.0,0.0,29.18,Other
000823.SZ,000823,超声电子,19971008,,主板,L,537519396.6999999,4.225352112676073,未知,未知,,,16.28,39.3006,40.915,1.8664,6.5856,874238.5918,874201.5645,728752308.4,True,1,1,False,False,17.76,14.68,-7.077625570776247,14.08549404344781,-8.333333333333337,False,4.225352112676073,1.410939133031408,-19.75,8.65,32888676.31,99.6771,,,542139863.5,12.3096,0.6733,0,874238.5918,728752308.4,1.0,1.5,PASS,False,0.4444444444444444,-19.75,8.65,1.0,-20.75,,39.3006,1.8664,0.6733,,99.46392506573181,0.0,0.0,16.28,17.76,False,0,94.27262313860251,,0.5726299694189603,0,1,55.0,393,2.4610379954207784,False,-7.077625570776247,,0.0023661949983882027,False,False,独立池,-20.75,0.0,20.53761089408845,59.889309120398444,1.0,0.0,59.89,Tier2
000825.SZ,000825,太钢不锈,19981021,,主板,L,183310141.5,-7.674943566591419,未知,未知,,,4.09,452.1335,,0.7129,0.8385,2329765.3486,2329765.3486,193785669.0,True,0,0,False,False,4.71,4.08,-6.407322654462244,-17.871485943775113,-13.163481953290868,False,-7.674943566591419,1.410939133031408,-96.92,95.24,4934646.25,24.4553,,,732334506.8900001,1196.9861,0.0618,0,2329765.3486,193785669.0,1.0,1.5,PASS,False,0.4444444444444444,-96.92,95.24,1.0,-97.92,ESP-Q,452.1335,0.7129,0.0618,,99.46392506573181,0.0,0.0,4.09,4.71,False,0,73.25315005727376,,0.18730886850152906,0,0,5.0,393,-9.439257683846714,False,-6.407322654462244,,0.017640365255077933,False,False,独立池,-97.92,0.0,19.41014431805936,28.357973880794,0.7,0.0,19.85,Other
000829.SZ,000829,天音控股,19971202,,主板,L,514477438.65000004,-2.4390243902439046,未知,未知,,,10.4,,,3.679,2.637,1066104.4555,1065094.8558,371329775.99999994,False,0,0,False,False,12.69,10.23,-7.059874888293116,-1.0466222645099887,-18.045705279747825,False,-2.4390243902439046,1.410939133031408,7.04,35.37,-29763687.62,,,,-175746837.68,-15985.4268,-0.8709,0,1066104.4555,371329775.99999994,1.0,1.5,PASS,False,0.4444444444444444,7.04,35.37,1.0,7.04,ESP-Q,,3.679,-0.8709,,99.46392506573181,0.0,0.0,10.4,12.69,True,0,73.25315005727376,,0.36009174311926606,0,0,5.0,393,-4.203338507499199,False,-7.059874888293116,,-0.02454160760977459,False,False,独立池,7.04,0.0,20.943627430927226,28.664670503367574,0.7,0.0,20.07,Other
000831.SZ,000831,中国稀土,19980911,,主板,L,2158850218.5499997,10.347551342812,未知,未知,,,55.88,343.6219,248.6287,11.9869,5.9793,5930101.8695,5930101.8695,2749789053.4,True,1,1,False,False,59.0,48.8,-3.903697334479783,1.2685755708590207,-5.288135593220334,False,10.347551342812,1.410939133031408,108.81,210.57,138283418.02,99.8047,,,637024315.49,59.5228,2.8411,0,5930101.8695,2749789053.4,1.0,1.5,PASS,False,0.4444444444444444,108.81,210.57,1.0,108.81,|VAL-X,343.6219,11.9869,2.8411,3.157999264773458,99.46392506573181,0.0,15.0,55.88,59.0,False,0,84.65063001145475,,0.7155963302752294,1,1,100.0,393,8.583237225556706,True,-3.903697334479783,,0.00821177900901163,False,False,独立池,108.81,0.0,22.43050411153472,79.88128982574337,1.0,15.0,64.88,Tier2
000833.SZ,000833,粤桂股份,19981111,,主板,L,1549763804.75,19.975083056478415,未知,未知,,,28.89,48.2798,40.0365,5.5762,17.042,2317215.5365,1310745.1531,1709149640.0,True,1,1,False,False,31.72,23.7,5.13100436681222,45.9090909090909,-8.921815889028995,False,19.975083056478415,1.410939133031408,85.23,70.82,215141856.55,99.7511,,,1367326991.78,-104.3314,5.3294,0,2317215.5365,1709149640.0,1.0,1.5,PASS,False,0.4444444444444444,85.23,70.82,1.0,85.23,ESP-Q,48.2798,5.5762,5.3294,0.5664648597911534,99.46392506573181,0.0,0.0,28.89,31.72,False,0,92.32531500572738,CHASE,0.8448012232415902,1,1,100.0,393,18.21076893922312,True,5.13100436681222,,0.009573292945529251,True,False,独立池,85.23,0.0,22.08599637714615,82.11479377714744,0.7,0.0,57.48,Tier2
000837.SZ,000837,秦川机床,19980928,,主板,L,241827238.89999995,13.824884792626735,未知,未知,,,12.35,238.8909,254.3731,2.5654,5.0536,1263585.1087,1244143.1212,484424087.6,True,0,0,False,False,12.67,10.56,4.8387096774193505,0.8163265306122325,-2.525651144435681,False,13.824884792626735,1.410939133031408,-4.95,-58.6785,6525576.17,26.891,,,-58251155.70999999,-29.4463,0.4949,0,1263585.1087,484424087.6,1.0,1.5,PASS,False,0.4444444444444444,-4.95,-58.6785,1.0,-5.95,ESP-Q,238.8909,2.5654,0.4949,,99.46392506573181,0.0,10.0,12.35,12.67,False,0,72.96678121420389,,0.7759938837920489,1,1,100.0,393,12.06057067537144,True,4.8387096774193505,,0.008231031615293944,False,False,独立池,-5.95,0.0,20.753841363509604,76.0408026369631,0.7,10.0,43.23,Other
000839.SZ,000839,国安股份,19971031,,主板,L,367399741.6000001,8.860759493670889,未知,未知,,,3.44,143.1393,154.0615,8.6825,8.6476,1348420.2651,1348420.2651,853242786.1999999,True,1,1,False,False,3.57,2.9,1.17647058823529,15.82491582491581,-3.6414565826330514,False,8.860759493670889,1.410939133031408,46.5177,41.5622,-20020927.27,,,,-376949315.62,-679.2942,-0.2012,0,1348420.2651,853242786.1999999,1.0,1.5,PASS,False,0.4444444444444444,46.5177,41.5622,1.0,46.5177,ESP-Q,143.1393,8.6825,-0.2012,3.077093235478108,99.46392506573181,0.0,0.0,3.44,3.57,False,0,73.25315005727376,,0.6827217125382263,0,1,55.0,393,7.096445376415595,True,1.17647058823529,,0.027475028854038474,False,False,独立池,46.5177,0.0,21.52040321489125,53.780025660160376,0.7,0.0,37.65,Other
000848.SZ,000848,承德露露,19971113,,主板,L,162616107.9,9.168704156479212,未知,未知,,,8.93,14.5249,13.7991,2.4544,1.3333,910860.0661,902951.6581,123267278.19999999,True,0,0,False,False,9.15,8.11,-1.3259668508287414,3.8372093023255838,-2.4043715846994607,False,9.168704156479212,1.410939133031408,14.51,-5.07,246529420.86,99.232,,,1511396748.17,15.9628,6.8995,0,910860.0661,123267278.19999999,1.0,1.5,PASS,False,0.4444444444444444,14.51,-5.07,1.0,14.51,ESP-Q,14.5249,2.4544,6.8995,1.001026878015162,99.46392506573181,10.0,0.0,8.93,9.15,True,0,77.20504009163804,,0.691131498470948,0,1,55.0,393,7.404390039223918,True,-1.3259668508287414,,-0.003039087095943058,False,False,独立池,14.51,0.0,21.0527653773175,54.87206510295491,0.7,0.0,48.41,Other
000859.SZ,000859,国风新材,19981119,,主板,L,333039818.35,-3.9029535864979037,未知,未知,,,9.11,,,3.026,4.202,816234.3829,816187.9219,294171980.4,True,0,0,False,False,10.35,8.75,-3.3934252386002117,-14.056603773584907,-11.980676328502415,False,-3.9029535864979037,1.410939133031408,14.77,-6.26,-22748719.0,,,,-225588041.51,,-0.7953,0,816234.3829,294171980.4,1.0,1.5,PASS,False,0.4444444444444444,14.77,-6.26,1.0,14.77,ESP-Q,,3.026,-0.7953,,99.46392506573181,0.0,0.0,9.11,10.35,False,0,73.25315005727376,,0.3119266055045872,0,0,5.0,393,-5.667267703753199,False,-3.3934252386002117,,-0.0027083816752363813,False,False,独立池,14.77,0.0,21.05656402069922,28.68725782132197,0.7,0.0,20.08,Other
000875.SZ,000875,电投绿能,20020926,,主板,L,433901161.15000004,1.8489984591679498,未知,未知,,,6.61,46.5715,144.5508,1.3642,2.4061,2397625.8838,2209312.7616,624524040.4000001,False,0,0,False,False,7.27,6.36,-2.9368575624082127,-4.479768786127158,-9.078404401650609,False,1.8489984591679498,1.410939133031408,-53.66,-45.5,280291128.06,102.218,,,2246163138.03,188.8676,1.5737,0,2397625.8838,624524040.4000001,1.0,1.5,PASS,False,0.4444444444444444,-53.66,-45.5,1.0,-54.66,,46.5715,1.3642,1.5737,,99.46392506573181,0.0,0.0,6.61,7.27,False,0,88.65979381443299,,0.5030581039755352,0,0,5.0,393,0.08468434191265528,False,-2.9368575624082127,,-0.021584692829928767,False,False,独立池,-54.66,0.0,20.042180136110655,33.10637417155203,1.0,0.0,33.11,Other
000876.SZ,000876,新希望,19980311,,主板,L,293824831.1999999,-6.060606060606066,未知,未知,,,8.37,,,1.8432,0.6285,3768822.8734,3766503.0325,260050180.4,True,0,0,False,False,9.0,8.35,-4.01376146788992,-3.7931034482758585,-7.000000000000006,False,-6.060606060606066,1.410939133031408,-312.64,-339.84,-924621680.62,,,,-979650013.6499999,,-4.0761,0,3768822.8734,260050180.4,1.0,1.5,PASS,False,0.4444444444444444,-312.64,-339.84,1.0,-313.64,,,1.8432,-4.0761,,99.46392506573181,0.0,0.0,8.37,9.0,False,0,73.25315005727376,,0.23547400611620795,0,0,5.0,393,-7.82492017786136,False,-4.01376146788992,,-0.03562800292958799,False,False,独立池,-313.64,0.0,16.258439124577507,27.727632842097627,1.0,0.0,27.73,Other
000878.SZ,000878,云南铜业,19980602,,主板,L,1050481060.3500001,-4.300518134715037,未知,未知,,,18.47,34.4177,31.6067,2.4307,3.9504,4479314.9219,3700687.6361,1402550946.1999998,True,0,0,False,False,21.15,18.31,-9.282907662082518,-18.99122807017545,-12.671394799054369,False,-4.300518134715037,1.410939133031408,42.88,-31.63,602375165.0,89.1829,,,3884679306.13,-242.4502,3.9987,0,4479314.9219,1402550946.1999998,1.0,1.5,PASS,False,0.4444444444444444,42.88,-31.63,1.0,42.88,ESP-Q,34.4177,2.4307,3.9987,0.8026515858208956,99.46392506573181,0.0,0.0,18.47,21.15,False,0,72.16494845360825,,0.2966360856269113,0,0,5.0,393,-6.064832251970332,False,-9.282907662082518,,-0.019856426322959236,False,False,独立池,42.88,0.0,21.467255810930887,28.44293569826865,0.7,0.0,19.91,Other
000880.SZ,000880,潍柴重机,19980402,,主板,L,867962472.5500001,17.17171717171717,未知,未知,,,32.48,62.761,57.3191,6.981,19.4881,1506581.0323,737383.0464,1125730425.2,True,2,1,False,False,33.17,27.61,9.323460114439563,-6.235565819861444,-2.080192945432635,False,17.17171717171717,1.410939133031408,79.78,45.66,47418539.98,86.8553,,,593215469.22,-27.8981,2.5629,0,1506581.0323,1125730425.2,1.0,1.5,PASS,False,0.4444444444444444,79.78,45.66,1.0,79.78,ESP-Q,62.761,6.981,2.5629,0.7866758586111807,99.46392506573181,0.0,0.0,32.48,33.17,False,0,76.6323024054983,CHASE,0.8218654434250765,1,1,100.0,393,15.407403054461875,True,9.323460114439563,OVERHEAT,0.023623231846836786,True,True,独立池,79.78,0.0,22.006370967798496,77.3909649152092,0.7,0.0,54.17,Tier2
000883.SZ,000883,湖北能源,19980519,,主板,L,231005729.55000004,3.0042918454935563,未知,未知,,,4.8,17.796,16.5019,0.8994,0.9837,3398106.0624,3110201.0179,332133395.0,False,0,0,False,False,5.07,4.62,-3.0303030303030387,4.347826086956519,-5.3254437869822535,False,3.0042918454935563,1.410939133031408,39.45,-33.64,442864166.9,87.5252,,,4105447121.1099997,145.3557,1.3494,0,3398106.0624,332133395.0,1.0,1.5,PASS,False,0.4444444444444444,39.45,-33.64,1.0,39.45,ESP-Q,17.796,0.8994,1.3494,0.4511026615969581,99.46392506573181,0.0,0.0,4.8,5.07,False,0,88.65979381443299,,0.5382262996941896,0,1,40.0,393,1.2399777282382618,False,-3.0303030303030387,,0.0011708849163954804,False,False,独立池,39.45,0.0,21.41714293862585,50.88136673205506,0.7,0.0,35.62,Other
000887.SZ,000887,中鼎股份,19981203,,主板,L,421049851.05,-1.2903225806451757,未知,未知,,,18.36,15.2075,16.0191,1.6495,4.1266,2417075.1755,2413184.4363,562231144.2,True,0,0,False,False,19.05,17.19,0.21834061135370675,-12.737642585551335,-3.622047244094495,False,-1.2903225806451757,1.410939133031408,-1.57,0.55,360970621.38,112.1084,,,3361729548.91,106.6209,2.2163,0,2417075.1755,562231144.2,1.0,1.5,PASS,False,0.4444444444444444,-1.57,0.55,1.0,-2.5700000000000003,,15.2075,1.6495,2.2163,,99.46392506573181,0.0,0.0,18.36,19.05,False,0,77.54868270332189,,0.39755351681957185,0,0,5.0,393,-3.05463669790047,False,0.21834061135370675,,-0.02092998582522508,False,False,独立池,-2.5700000000000003,0.0,20.803223727472,29.925249556490968,1.0,0.0,29.93,Other
000889.SZ,000889,中嘉博创,19971218,,主板,L,1018665842.6999999,8.64978902953586,未知,未知,,,5.15,,,69.428,15.8886,482189.9247,447970.2502,867407839.0,False,6,3,False,True,5.89,4.03,-2.091254752851701,35.52631578947369,-12.56366723259761,False,8.64978902953586,1.410939133031408,11.02,30.58,-4463859.8,,,,-73648039.12,,-6.1375,0,482189.9247,867407839.0,1.0,1.5,PASS,False,0.4444444444444444,11.02,30.58,1.0,11.02,,,69.428,-6.1375,,99.46392506573181,0.0,0.0,5.15,5.89,False,0,73.25315005727376,,0.676605504587156,0,1,40.0,393,6.885474912280566,True,-2.091254752851701,突破型,0.005324381265961137,False,False,独立池,11.02,0.0,21.00177589500129,46.17630019618238,1.0,0.0,46.18,Other
000893.SZ,000893,亚钾国际,19981224,,主板,L,807290951.2499999,-5.9633027522935755,未知,未知,,,51.25,28.3141,26.0112,3.4084,1.4897,4735762.3334,4160507.4105,712485378.6,True,0,0,False,False,56.78,50.31,-1.8011113240084309,-5.599557929637133,-9.7393448397323,False,-5.9633027522935755,1.410939133031408,37.9,108.11,529404838.14,99.4173,,,4603901789.09,122.4482,3.9075,0,4735762.3334,712485378.6,1.0,1.5,PASS,False,0.4444444444444444,37.9,108.11,1.0,37.9,,28.3141,3.4084,3.9075,0.7470738786279684,99.46392506573181,0.0,0.0,51.25,56.78,False,0,51.08820160366552,,0.2415902140672783,0,0,5.0,393,-7.72761686954887,False,-1.8011113240084309,,-0.013398365965090184,False,False,独立池,37.9,0.0,21.394497180004038,22.105359917100465,1.0,0.0,22.11,Other
000895.SZ,000895,双汇发展,19981210,,主板,L,325798401.25,-7.612095933263818,未知,未知,,,26.58,18.0407,17.5105,4.631,0.2675,9209069.5042,9207868.7633,331751301.6,True,0,0,False,False,29.61,26.41,-2.099447513812158,-0.15026296018032514,-10.233029381965553,False,-7.612095933263818,1.410939133031408,20.24,2.63,1275519840.97,98.7419,,,12244754673.400002,58.3962,5.869,0,9209069.5042,331751301.6,1.0,1.5,PASS,False,0.4444444444444444,20.24,2.63,1.0,20.24,,18.0407,4.631,5.869,0.8913389328063243,99.46392506573181,10.0,0.0,26.58,29.61,False,0,73.25315005727376,,0.18883792048929662,0,0,5.0,393,-9.376410050519112,False,-2.099447513812158,,-0.03214510484646494,False,False,独立池,20.24,0.0,21.13648163338393,28.703241343858913,1.0,0.0,38.7,Other
000899.SZ,000899,赣能股份,19971126,,主板,L,449611560.7,-0.6917755572636408,未知,未知,,,12.92,12.523,12.4114,1.8943,3.1327,1260575.6659,1260575.6659,637494800.0,True,0,0,False,False,14.76,12.37,-4.71976401179941,21.314553990610328,-12.466124661246614,False,-0.6917755572636408,1.410939133031408,4.81,45.97,201515611.12,99.745,,,2521877696.55,365.877,3.0844,1,1260575.6659,637494800.0,1.0,1.5,PASS,False,0.4444444444444444,4.81,45.97,1.0,4.81,,12.523,1.8943,3.0844,2.6035343035343037,99.46392506573181,10.0,0.0,12.92,14.76,False,10,78.80870561282933,,0.4243119266055046,0,0,5.0,393,-2.4560896745189353,False,-4.71976401179941,,-0.008864402134624562,False,False,独立池,4.81,0.0,20.911046758845522,30.3248210356179,1.0,10.0,30.32,Other
000902.SZ,000902,新洋丰,19990408,,主板,L,258411371.19999993,-2.0327868852459074,未知,未知,,,14.94,11.6267,11.7433,1.5242,1.1702,1874572.6348,1707318.1128,212624846.6,False,0,0,False,False,16.05,14.74,-4.16933932007697,-10.752688172043001,-6.9158878504672945,False,-2.0327868852459074,1.410939133031408,-4.02,23.79,479309992.79,96.1448,,,4252900443.59,103.0574,4.1122,0,1874572.6348,212624846.6,1.0,1.5,PASS,False,0.4444444444444444,-4.02,23.79,1.0,-5.02,,11.6267,1.5242,4.1122,,99.46392506573181,10.0,0.0,14.94,16.05,False,0,73.25315005727376,,0.36850152905198774,0,0,5.0,393,-3.797101002501202,False,-4.16933932007697,,-0.02707303751871315,False,False,独立池,-5.02,0.0,20.76742881868269,28.629430780918664,1.0,0.0,38.63,Other
000917.SZ,000917,电广传媒,19990325,,主板,L,361071735.4,-15.297741273100618,未知,未知,,,8.25,84.9423,278.3413,1.1364,2.355,1169483.9789,1169403.9745,299770817.3999999,False,0,0,False,False,10.16,8.16,-7.094594594594605,-25.068119891008177,-18.799212598425196,False,-15.297741273100618,1.410939133031408,-6539.19,95.22,-91698660.28,,,,208733015.51,,-0.8965,0,1169483.9789,299770817.3999999,1.0,1.5,PASS,False,0.4444444444444444,-6539.19,95.22,1.0,-6540.19,,84.9423,1.1364,-0.8965,,99.46392506573181,0.0,0.0,8.25,10.16,False,0,73.25315005727376,,0.0382262996941896,0,0,5.0,393,-17.062055390355912,False,-7.094594594594605,,-0.05567690382118607,False,False,独立池,-1426.4568,0.0,0.0,24.475945017182127,1.0,0.0,24.48,Other
000919.SZ,000919,金陵药业,19991118,,主板,L,320618773.35,-17.67554479418886,未知,未知,,,6.8,78.4405,71.7576,1.1112,2.8827,422908.679,422801.375,184203340.60000002,True,1,0,False,False,8.83,6.75,-7.608695652173925,-12.144702842377264,-22.989807474518685,False,-17.67554479418886,1.410939133031408,-5.76,-28.45,19261963.84,68.785,,,146421307.46,-2.9877,0.7385,0,422908.679,184203340.60000002,1.0,1.5,PASS,False,0.4444444444444444,-5.76,-28.45,1.0,-6.76,ESP-Q,78.4405,1.1112,0.7385,,99.46392506573181,0.0,0.0,6.8,8.83,True,0,96.67812142038946,,0.022935779816513763,0,0,5.0,393,-19.439858911444155,False,-7.608695652173925,,-0.021654924120009324,False,False,独立池,-6.76,0.0,20.742007128358853,35.651837851788606,0.7,0.0,24.96,Other
000921.SZ,000921,海信家电,19990713,,主板,L,225099507.8,8.470066518847009,未知,未知,,,24.46,10.6301,10.9486,1.831,1.5863,3387370.4243,2245754.4505,268850584.6,True,0,0,False,False,25.03,22.0,-1.1317704122877803,1.6625103906899419,-2.277267279264883,False,8.470066518847009,1.410939133031408,-16.6,-6.18,840481526.78,81.2297,,,5612410743.49,50.9462,5.7533,0,3387370.4243,268850584.6,1.0,1.5,PASS,False,0.4444444444444444,-16.6,-6.18,1.0,-17.6,,10.6301,1.831,5.7533,,99.46392506573181,10.0,0.0,24.46,25.03,False,0,73.25315005727376,,0.6735474006116208,0,1,55.0,393,6.705752401591715,True,-1.1317704122877803,,-0.0028295644985824077,False,False,独立池,-17.6,0.0,20.58363291967471,53.59267160111707,1.0,0.0,63.59,Tier2
000922.SZ,000922,佳电股份,19990618,,主板,L,249138766.09999996,10.67415730337078,未知,未知,,,15.76,43.1095,39.1975,2.335,2.9496,1095296.6027,925807.0207,486017220.00000006,False,1,1,False,False,17.46,13.72,-7.728337236533955,8.316151202749133,-9.736540664375726,False,10.67415730337078,1.410939133031408,77.54,-1.74,72634338.4,90.289,,,579277968.06,-420.9785,1.7301,0,1095296.6027,486017220.00000006,1.0,1.5,PASS,False,0.4444444444444444,77.54,-1.74,1.0,77.54,ESP-Q,43.1095,2.335,1.7301,0.5559646633995357,99.46392506573181,0.0,0.0,15.76,17.46,False,0,99.0836197021764,,0.7201834862385321,1,1,75.0,393,8.909843186115486,True,-7.728337236533955,,-0.009649267159710925,False,False,独立池,77.54,0.0,21.973644194048266,71.61981474946258,0.7,0.0,50.13,Tier2
000923.SZ,000923,河钢资源,19990714,,主板,L,249536081.74999997,-12.559366754617407,未知,未知,,,16.57,19.0679,23.3091,1.0769,3.027,1081571.8884,1040432.5436,264891663.59999996,True,0,0,False,False,19.62,16.31,-8.855885588558854,-28.11279826464208,-15.54536187563711,False,-12.559366754617407,1.410939133031408,-82.02,0.15,22628676.86,100.0246,,,1388262753.71,1379.4442,0.2209,0,1081571.8884,264891663.59999996,1.0,1.5,PASS,False,0.4444444444444444,-82.02,0.15,1.0,-83.02,,19.0679,1.0769,0.2209,,99.46392506573181,0.0,0.0,16.57,19.62,False,0,77.20504009163804,,0.0672782874617737,0,0,5.0,393,-14.323680871872702,False,-8.855885588558854,,-0.020015315696059126,False,False,独立池,-83.02,0.0,19.627835804165795,29.587079188324573,1.0,0.0,29.59,Other
000927.SZ,000927,中国铁物,19990727,,主板,L,237734166.00000003,-8.080808080808088,未知,未知,,,2.73,28.68,32.9958,1.677,1.0413,1651746.544,1651745.7086,189893908.8,False,0,0,False,False,3.05,2.71,-3.873239436619713,-4.878048780487809,-10.491803278688517,False,-8.080808080808088,1.410939133031408,-41.26,29.26,100693507.67,99.3368,,,1399368223.69,434.8287,1.0346,0,1651746.544,189893908.8,1.0,1.5,PASS,False,0.4444444444444444,-41.26,29.26,1.0,-42.26,,28.68,1.677,1.0346,,99.46392506573181,0.0,0.0,2.73,3.05,True,0,95.87628865979381,,0.16666666666666666,0,0,5.0,393,-9.845122198063383,False,-3.873239436619713,,-0.034104621891244455,False,False,独立池,-42.26,0.0,20.223346205085136,35.307555838955174,1.0,0.0,35.31,Other
000928.SZ,000928,中钢国际,19990312,,主板,L,253935268.75,-7.790368271954673,未知,未知,,,6.51,19.2471,21.3119,1.0866,1.4927,933953.6483,933942.2232,146814893.2,False,0,0,False,False,7.3,6.44,-2.6905829596412634,-3.5555555555555562,-10.821917808219183,False,-7.790368271954673,1.410939133031408,-20.63,-34.45,183418256.91,99.3793,,,1645322311.97,-114.8336,2.1793,0,933953.6483,146814893.2,1.0,1.5,PASS,False,0.4444444444444444,-20.63,-34.45,1.0,-21.63,ESP-Q,19.2471,1.0866,2.1793,,99.46392506573181,0.0,0.0,6.51,7.3,True,0,73.25315005727376,,0.17966360856269112,0,0,5.0,393,-9.554682389209967,False,-2.6905829596412634,,-0.024463596605466698,False,False,独立池,-21.63,0.0,20.524753947258002,28.580895806633727,0.7,0.0,20.01,Other
000935.SZ,000935,四川双马,19990824,,主板,L,250449847.35000002,23.556058890147224,未知,未知,,,32.73,83.7726,103.8876,3.1907,1.1888,2498740.2099,2498740.2099,472926376.8,True,0,0,False,False,34.13,26.41,14.081561519693263,18.158844765342952,-4.101963082332272,False,23.556058890147224,1.410939133031408,-49.33,464.24,57781598.86,98.2746,,,887237505.8499999,-20.8042,0.7536,0,2498740.2099,472926376.8,1.0,1.5,PASS,False,0.4444444444444444,-49.33,464.24,1.0,-50.33,ESP-Q,83.7726,3.1907,0.7536,,99.46392506573181,0.0,0.0,32.73,34.13,False,0,73.25315005727376,CHASE,0.8769113149847095,1,1,100.0,393,21.791744772891928,True,14.081561519693263,OVERHEAT,0.009201368136746702,True,True,独立池,-50.33,0.0,20.105442158583198,75.99703344889878,0.7,0.0,53.2,Tier2
000936.SZ,000936,华西股份,19990810,,主板,L,391514191.3000001,5.2278820375335044,未知,未知,,,7.85,92.752,278.4495,1.3623,5.0495,695520.1163,695421.5595,393168426.0,False,2,1,False,False,8.52,7.13,2.614379084967311,-6.324582338902163,-7.863849765258212,False,5.2278820375335044,1.410939133031408,-88.72,-182.01,6361630.22,99.4798,,,274126558.74,,0.1253,0,695520.1163,393168426.0,1.0,1.5,PASS,False,0.4444444444444444,-88.72,-182.01,1.0,-89.72,,92.752,1.3623,0.1253,,99.46392506573181,0.0,0.0,7.85,8.52,False,0,73.25315005727376,,0.6085626911314985,0,1,40.0,393,3.46356792027821,False,2.614379084967311,,0.018718568495404618,False,False,独立池,-89.72,0.0,19.529947686252164,45.88193455443256,1.0,0.0,45.88,Other
000938.SZ,000938,紫光股份,19991104,,主板,L,6701373888.049999,16.120815138282385,未知,未知,,,31.91,54.1465,42.9506,5.8777,9.577,9126514.8779,9126491.9027,8012859230.8,False,0,0,False,False,34.49,26.98,0.6942253076680283,26.87872763419483,-7.480429109886932,False,16.120815138282385,1.410939133031408,51.64,12.26,620485059.24,78.7509,,,4833017920.32,-293.3291,5.2052,1,9126514.8779,8012859230.8,1.0,1.5,PASS,False,0.4444444444444444,51.64,12.26,1.0,51.64,ESP-Q,54.1465,5.8777,5.2052,1.0485379550735865,99.46392506573181,0.0,0.0,31.91,34.49,False,10,72.16494845360825,CHASE,0.8081039755351682,1,1,75.0,393,14.356501021027091,True,0.6942253076680283,,-0.024526533458144893,True,False,独立池,51.64,0.0,21.59524087256125,63.46853271059472,0.7,10.0,34.43,Other
000949.SZ,000949,新乡化纤,19991021,,主板,L,543521388.75,11.89189189189188,未知,未知,,,8.28,69.2877,47.9104,2.0149,4.272,1371913.1354,1371536.3962,607833091.8,True,1,0,False,False,8.91,7.13,9.523809523809511,14.68144044321329,-7.070707070707083,False,11.89189189189188,1.410939133031408,479.88,-43.83,100587134.4,86.715,,,361700660.08000004,298.691,1.7183,0,1371913.1354,607833091.8,1.0,1.5,PASS,False,0.4444444444444444,479.88,-43.83,1.0,479.88,ESP-Q,69.2877,2.0149,1.7183,0.14438547136784197,99.46392506573181,0.0,0.0,8.28,8.91,False,0,94.38717067583046,,0.7423547400611621,1,1,100.0,393,10.127577774636586,True,9.523809523809511,OVERHEAT,0.009430549429284944,False,True,独立池,479.88,0.0,27.851898725596058,83.88653094786835,0.7,0.0,58.72,Tier2
000950.SZ,000950,重药控股,19990916,,主板,L,397655522.4499999,5.1968503937007915,未知,未知,,,6.68,29.8521,26.7099,0.9861,4.7028,1154427.3769,1154427.3769,655372969.1999999,False,1,1,False,False,7.0,5.73,7.915993537964439,11.148086522462552,-4.571428571428571,False,5.1968503937007915,1.410939133031408,36.35,77.03,166234430.26,97.367,,,1180257253.71,-1356.0154,1.4691,0,1154427.3769,655372969.1999999,1.0,1.5,PASS,False,0.4444444444444444,36.35,77.03,1.0,36.35,ESP-Q,29.8521,0.9861,1.4691,0.8212407152682255,99.46392506573181,0.0,0.0,6.68,7.0,False,0,79.49599083619702,,0.6077981651376146,0,1,40.0,393,3.432536276445497,False,7.915993537964439,,0.021651044519685705,False,False,独立池,36.35,0.0,21.371851421382225,48.12316753513555,0.7,0.0,33.69,Other
000951.SZ,000951,中国重汽,19991125,,主板,L,452107420.79999995,-5.200341005967612,未知,未知,,,22.24,15.6072,14.3629,1.5706,0.9222,2599844.771,2599844.771,346389966.20000005,True,0,0,False,False,24.96,21.7,-2.4561403508772006,11.199999999999989,-10.897435897435903,False,-5.200341005967612,1.410939133031408,49.42,17.43,435872507.29,95.8663,,,3605686394.92,-53.1204,2.7731,0,2599844.771,346389966.20000005,1.0,1.5,PASS,False,0.4444444444444444,49.42,17.43,1.0,49.42,ESP-Q,15.6072,1.5706,2.7731,0.3158073654390935,99.46392506573181,10.0,0.0,22.24,24.96,True,0,77.20504009163804,,0.2668195718654434,0,0,5.0,393,-6.964655123222906,False,-2.4561403508772006,,-0.021930514383269095,False,False,独立池,49.42,0.0,21.562806302148072,29.974073287921026,0.7,0.0,30.98,Other
000957.SZ,000957,中通客车,20000113,,主板,L,251616349.65000004,-2.1008403361344574,未知,未知,,,11.65,19.2057,18.0521,2.14,2.8797,690733.0854,690733.0854,219857733.79999998,True,0,0,False,False,12.78,11.54,-1.187446988973695,-3.0782029950083167,-8.841940532081372,False,-2.1008403361344574,1.410939133031408,29.11,54.82,88437047.93,88.886,,,845518299.15,502.7207,3.1247,0,690733.0854,219857733.79999998,1.0,1.5,PASS,False,0.4444444444444444,29.11,54.82,1.0,29.11,,19.2057,2.14,3.1247,0.6597629680522158,99.46392506573181,10.0,0.0,11.65,12.78,False,0,73.99770904925545,,0.3669724770642202,0,0,5.0,393,-3.865154453389752,False,-1.187446988973695,,-0.007319459636084703,False,False,独立池,29.11,0.0,21.266073813368095,28.952527477450253,1.0,0.0,38.95,Other
000958.SZ,000958,电投产融,19991223,,主板,L,224731913.95000002,-0.9933774834437026,未知,未知,,,5.98,31.5476,25.0573,2.2919,0.8331,10389130.9787,3219284.275,281350964.8,False,0,0,False,False,6.35,5.81,-3.548387096774186,-7.858243451463787,-5.826771653543295,False,-0.9933774834437026,1.410939133031408,318.72,-8.07,1109062669.57,99.2623,,,2916310445.8900003,58.4502,2.4962,0,10389130.9787,281350964.8,1.0,1.5,PASS,False,0.4444444444444444,318.72,-8.07,1.0,318.72,ESP-Q,31.5476,2.2919,2.4962,0.09898217871485943,99.46392506573181,0.0,0.0,5.98,6.35,False,0,88.65979381443299,,0.4101681957186544,0,0,5.0,393,-2.757691600698997,False,-3.548387096774186,,-0.03222445249338778,False,False,独立池,318.72,0.0,25.49732423560192,34.197402991450275,0.7,0.0,23.94,Other
000959.SZ,000959,首钢股份,19991216,,主板,L,192336410.34999996,-12.231759656652363,未知,未知,,,4.09,31.8568,37.6776,0.6309,0.4981,3171781.6543,3047707.4282,154028643.2,False,0,0,False,False,4.85,4.07,-8.501118568232657,-26.964285714285708,-15.670103092783505,False,-12.231759656652363,1.410939133031408,-55.37,351.87,155618302.2,89.4001,,,2817927040.94,-1285.3897,0.3461,0,3171781.6543,154028643.2,1.0,1.5,PASS,False,0.4444444444444444,-55.37,351.87,1.0,-56.37,ESP-Q,31.8568,0.6309,0.3461,,99.46392506573181,0.0,0.0,4.09,4.85,False,0,73.25315005727376,,0.07262996941896024,0,0,5.0,393,-13.996073773907657,False,-8.501118568232657,,-0.04361065012186693,False,False,独立池,-56.37,0.0,20.0171967507924,28.479384367340607,0.7,0.0,19.94,Other
000960.SZ,000960,锡业股份,20000221,,主板,L,3041764694.4,7.159624413145549,未知,未知,,,36.52,30.5624,25.7424,2.9589,4.897,6009117.4887,6009117.4887,3127413415.2000003,True,0,0,False,False,42.38,34.0,-11.595255386105052,2.096729102599948,-13.827277017461059,False,7.159624413145549,1.410939133031408,72.53,24.48,851695654.75,98.1679,,,6543542202.46,-32.7366,3.9007,0,6009117.4887,3127413415.2000003,1.0,1.5,PASS,False,0.4444444444444444,72.53,24.48,1.0,72.53,ESP-Q,30.5624,2.9589,3.9007,0.42137598235213014,99.46392506573181,0.0,0.0,36.52,42.38,False,0,72.16494845360825,,0.6490825688073395,0,1,55.0,393,5.395310295890255,True,-11.595255386105052,,-0.03911447346085461,False,False,独立池,72.53,0.0,21.900447258115836,53.52957398770564,0.7,0.0,37.47,Other
000962.SZ,000962,东方钽业,20000120,,主板,L,1105965192.2499998,15.19784172661871,未知,未知,,,51.24,104.6522,105.5332,6.7501,5.6901,2702705.8906,2570538.8693,1172164926.0,True,0,0,False,False,53.97,42.3,5.32374100719426,22.96616270698344,-5.0583657587548565,False,15.19784172661871,1.410939133031408,-1.52,20.52,53178735.63,97.8514,,,618185046.3199999,-402.4787,1.6047,0,2702705.8906,1172164926.0,1.0,1.5,PASS,False,0.4444444444444444,-1.52,20.52,1.0,-2.52,ESP-Q,104.6522,6.7501,1.6047,,99.46392506573181,0.0,0.0,51.24,53.97,False,0,73.8831615120275,CHASE,0.7958715596330275,1,1,100.0,393,13.433527609363416,True,5.32374100719426,,0.008395260840819091,True,False,独立池,-2.52,0.0,20.803954235814643,76.32573930077118,0.7,0.0,53.43,Tier2
000963.SZ,000963,华东医药,20000127,,主板,L,453691824.3000001,-12.251191477432021,未知,未知,,,31.3,16.0769,15.6753,2.1331,1.1788,5489196.3342,5486930.9967,540095062.8,True,0,0,False,False,35.93,31.06,-6.3715225845049295,-13.797851831451391,-12.886167548010018,False,-12.251191477432021,1.410939133031408,10.3,-1.2,989719668.99,98.7558,,,8756417543.42,-71.026,3.9656,0,5489196.3342,540095062.8,1.0,1.5,PASS,False,0.4444444444444444,10.3,-1.2,1.0,10.3,ESP-Q,16.0769,2.1331,3.9656,1.5608640776699028,99.46392506573181,10.0,0.0,31.3,35.93,False,0,73.25315005727376,,0.07110091743119266,0,0,5.0,393,-14.015505594687315,False,-6.3715225845049295,,-0.04060583335089198,False,False,独立池,10.3,0.0,20.99125657486729,28.674196332155585,0.7,0.0,30.07,Other
000966.SZ,000966,长源电力,20000316,,主板,L,458433279.7,11.69724770642202,未知,未知,,,4.87,,151.2841,1.26,3.6541,1695264.0528,1588361.6133,712433835.6,True,0,0,False,False,5.26,4.24,0.6198347107438051,7.982261640798227,-7.414448669201512,False,11.69724770642202,1.410939133031408,224.88,-118.8,97966729.63,93.6068,,,312216003.08000004,122.4751,0.7817,0,1695264.0528,712433835.6,1.0,1.5,PASS,False,0.4444444444444444,224.88,-118.8,1.0,224.88,ESP-Q,,1.26,0.7817,,99.46392506573181,0.0,0.0,4.87,5.26,False,0,88.65979381443299,,0.7377675840978594,1,1,100.0,393,9.932933589166726,True,0.6198347107438051,,-0.016694743191873078,False,False,独立池,224.88,0.0,24.12630617813698,81.42319937995728,0.7,0.0,57.0,Tier2
000968.SZ,000968,蓝焰控股,20000622,,主板,L,449979925.70000005,-13.171759747102207,未知,未知,,,8.24,23.8028,26.7571,1.2468,3.0042,797222.1918,797222.1918,258376172.2,False,0,0,False,False,9.9,8.06,-3.0588235294117583,5.5057618437900135,-16.767676767676765,False,-13.171759747102207,1.410939133031408,-21.87,-26.38,143509404.46,97.2015,,,924975080.4,146.724,2.3361,0,797222.1918,258376172.2,1.0,1.5,PASS,False,0.4444444444444444,-21.87,-26.38,1.0,-22.87,,23.8028,1.2468,2.3361,,99.46392506573181,0.0,0.0,8.24,9.9,True,0,73.25315005727376,,0.05733944954128441,0,0,5.0,393,-14.936073864357502,False,-3.0588235294117583,,-0.03677664868332677,False,False,独立池,-22.87,0.0,20.506637340360555,28.577272485254237,1.0,0.0,28.58,Other
000969.SZ,000969,安泰科技,20000529,,主板,L,588498701.8000001,3.008595988538687,未知,未知,,,21.57,62.1025,59.3893,3.8511,2.7532,2265970.3393,2246191.6717,729868075.6,True,0,0,False,False,22.88,20.42,-5.145118733509224,-9.937369519832984,-5.725524475524468,False,3.008595988538687,1.410939133031408,23.07,38.16,95410897.22,96.1658,,,841710306.31,-327.5468,1.7013,0,2265970.3393,729868075.6,1.0,1.5,PASS,False,0.4444444444444444,23.07,38.16,1.0,23.07,ESP-Q,62.1025,3.8511,1.7013,2.691915908105765,99.46392506573181,0.0,0.0,21.57,22.88,False,0,73.25315005727376,,0.5397553516819572,0,1,55.0,393,1.2442818712833925,False,-5.145118733509224,,-0.020165631031997765,False,False,独立池,23.07,0.0,21.177828405577298,53.71151069829759,0.7,0.0,37.6,Other
000970.SZ,000970,中科三环,20000420,,主板,L,266293831.29999995,0.9958506224066355,未知,未知,,,12.17,162.0194,157.0228,2.264,2.3204,1479538.2657,1479538.2657,369778020.6,True,0,0,False,False,12.79,11.55,-4.698512137823019,-11.811594202898556,-4.847537138389358,False,0.9958506224066355,1.410939133031408,17.19,451.03,8272010.98,50.452,,,164100643.05,-15.4078,0.2512,0,1479538.2657,369778020.6,1.0,1.5,PASS,False,0.4444444444444444,17.19,451.03,1.0,17.19,ESP-Q,162.0194,2.264,0.2512,9.425212332751599,99.46392506573181,0.0,0.0,12.17,12.79,False,0,88.65979381443299,,0.481651376146789,0,0,5.0,393,-0.7684634948486591,False,-4.698512137823019,,0.005149061714182328,False,False,独立池,17.19,0.0,21.09192062448295,33.31632226922649,0.7,0.0,23.32,Other
000975.SZ,000975,山金国际,20000608,,主板,L,1049235720.6999999,-15.946398659966498,未知,未知,,,25.09,23.4441,18.9745,4.6736,2.7584,6966796.1629,6341327.2543,1205390248.0,False,0,0,False,False,31.21,24.7,-10.679957280170882,-16.64451827242526,-19.609099647548867,False,-15.946398659966498,1.410939133031408,106.13,37.02,1450557506.08,104.0696,,,8525991160.86,121.871,8.9473,0,6966796.1629,1205390248.0,1.0,1.5,PASS,False,0.4444444444444444,106.13,37.02,1.0,106.13,,23.4441,4.6736,8.9473,0.22089983981908978,99.46392506573181,0.0,0.0,25.09,31.21,False,0,72.16494845360825,,0.03363914373088685,0,0,5.0,393,-17.710712777221794,False,-10.679957280170882,,-0.02409417968759463,False,False,独立池,106.13,0.0,22.391348864369267,28.627754308956327,1.0,0.0,28.63,Other
000978.SZ,000978,桂林旅游,20000518,,主板,L,245000218.80000007,-22.50922509225093,未知,未知,,,6.3,267.3145,240.1336,2.7532,3.6298,294921.9,294915.7575,106611494.2,False,0,0,False,False,8.66,6.22,-5.547226386806603,-14.16893732970027,-27.251732101616632,False,-22.50922509225093,1.410939133031408,38.53,76.3,-12135814.27,,,,-66149086.489999995,,-1.0985,0,294921.9,106611494.2,1.0,1.5,PASS,False,0.4444444444444444,38.53,76.3,1.0,38.53,,267.3145,2.7532,-1.0985,6.937827666753179,99.46392506573181,0.0,10.0,6.3,8.66,True,0,90.72164948453609,,0.009938837920489297,0,0,5.0,393,-24.273539209506225,False,-5.547226386806603,,-0.06930668830285663,False,False,独立池,38.53,0.0,21.40370158512129,33.99723516238508,1.0,10.0,24.0,Other
000980.SZ,000980,众泰汽车,20000616,,主板,L,606137796.7,28.365384615384603,未知,未知,,,2.67,,,411.7339,3.6913,1346360.2463,1346347.7518,745193306.6,True,3,2,False,True,2.9,2.0,-3.6101083032491044,-15.238095238095239,-7.931034482758625,False,28.365384615384603,1.410939133031408,18.35,74.58,-72750417.76,,,,-728308585.66,,-111.3997,0,1346360.2463,745193306.6,1.0,1.5,PASS,False,0.4444444444444444,18.35,74.58,1.0,18.35,,,411.7339,-111.3997,,99.46392506573181,0.0,0.0,2.67,2.9,False,0,94.84536082474226,CHASE,0.9074923547400612,1,1,100.0,393,26.601070498129307,True,-3.6101083032491044,突破型,0.028885632761325143,True,False,独立池,18.35,0.0,21.108868418032174,82.67538193102911,1.0,0.0,82.68,Tier2
000981.SZ,000981,山子高科,20000622,,主板,L,1835562659.3999999,7.560975609756104,未知,未知,,,4.41,42.9809,36.8775,14.2256,9.7904,4408884.6616,4195390.037,3889113117.200001,True,0,0,False,False,4.58,3.68,12.213740458015266,-7.740585774058584,-3.7117903930131035,False,7.560975609756104,1.410939133031408,-27.17,4.95,-133732193.07,-53.2747,,,-2179282025.71,-10.1069,8.4191,0,4408884.6616,3889113117.200001,1.0,1.5,PASS,False,0.4444444444444444,-27.17,4.95,1.0,-28.17,ESP-Q,42.9809,14.2256,8.4191,,99.46392506573181,0.0,0.0,4.41,4.58,False,0,83.04696449026346,,0.658256880733945,0,1,55.0,393,5.79666149250081,True,12.213740458015266,OVERHEAT,0.016542570894343866,False,True,独立池,-28.17,0.0,20.429203456040813,56.499930038287204,0.7,0.0,39.55,Other
000983.SZ,000983,山西焦煤,20000726,,主板,L,474330724.34999996,2.782071097372496,未知,未知,,,6.65,31.4403,28.4365,1.0199,1.1563,3775272.2042,3775249.0456,387660785.79999995,True,0,0,False,False,7.33,6.27,-4.316546762589923,-3.6231884057971064,-9.276944065484305,False,2.782071097372496,1.410939133031408,-10.88,-56.92,646284123.11,79.9975,,,4424213248.95,41.6109,2.2157,0,3775272.2042,387660785.79999995,1.0,1.5,PASS,False,0.4444444444444444,-10.88,-56.92,1.0,-11.88,ESP-Q,31.4403,1.0199,2.2157,,99.46392506573181,0.0,0.0,6.65,7.33,False,0,73.25315005727376,,0.5313455657492355,0,0,5.0,393,1.0177569801172015,False,-4.316546762589923,,-0.00433456258667372,False,False,独立池,-11.88,0.0,20.667203074072614,28.609385631996652,0.7,0.0,20.03,Other
000987.SZ,000987,越秀资本,20000718,,主板,L,439960363.3,-4.891922639362911,未知,未知,,,8.36,11.9178,10.0833,1.2597,0.9973,4194322.7382,4191156.1174,460699436.8000001,True,0,0,False,False,9.31,8.31,-7.624309392265205,-14.344262295081966,-10.204081632653072,False,-4.891922639362911,1.410939133031408,62.62,24.19,1064961432.22,82.1199,,,5897040822.32,241.9439,3.8297,0,4194322.7382,460699436.8000001,1.0,1.5,PASS,False,0.4444444444444444,62.62,24.19,1.0,62.62,,11.9178,1.2597,3.8297,0.1903193867773874,99.46392506573181,10.0,0.0,8.36,9.31,False,0,73.25315005727376,,0.27293577981651373,0,0,5.0,393,-6.656236756618206,False,-7.624309392265205,,-0.04098492066758319,False,False,独立池,62.62,0.0,21.755660504604776,28.827077118103084,1.0,0.0,38.83,Other
000988.SZ,000988,华工科技,20000608,,主板,L,11791322092.100002,19.305431878895817,未知,未知,,,133.98,91.5949,79.2757,11.5266,8.8227,13471725.2684,13464797.8325,13671378721.400002,True,0,0,False,False,150.5,107.85,-9.203036053130942,74.13569014816738,-10.976744186046517,False,19.305431878895817,1.410939133031408,20.51,32.32,372744442.79,58.3816,,,3393704635.47,-146.9649,5.6142,0,13471725.2684,13671378721.400002,1.0,1.5,PASS,False,0.4444444444444444,20.51,32.32,1.0,20.51,ESP-Q,91.5949,11.5266,5.6142,4.46586543149683,99.46392506573181,0.0,0.0,133.98,150.5,False,0,72.16494845360825,CHASE,0.8371559633027523,1,1,100.0,393,17.54111776164052,True,-9.203036053130942,,-0.02977741518507021,True,False,独立池,20.51,0.0,21.14042637843418,75.8775698117693,0.7,0.0,53.11,Tier2
000990.SZ,000990,诚志股份,20000706,,主板,L,908746505.15,5.660377358490565,未知,未知,,,11.2,,192.3935,0.7584,2.9828,1361066.0392,1361065.0312,536517267.40000004,True,1,0,False,False,13.42,10.11,-3.7800687285223455,29.629629629629605,-16.542473919523104,False,5.660377358490565,1.410939133031408,227.51,-92.5,234475956.89,100.7098,,,394665780.89,121.9364,1.3064,0,1361066.0392,536517267.40000004,1.0,1.5,PASS,False,0.4444444444444444,227.51,-92.5,1.0,227.51,ESP-Q,,0.7584,1.3064,,99.46392506573181,0.0,0.0,11.2,13.42,True,0,73.25315005727376,,0.6162079510703364,0,1,55.0,393,3.8960632412352703,False,-3.7800687285223455,,-0.0038629510684166607,False,False,独立池,227.51,0.0,24.16473091695979,54.30889120057408,0.7,0.0,38.02,Other
000995.SZ,000995,皇台酒业,20000807,,主板,L,213500109.24999997,4.154727793696256,未知,未知,,,14.54,182.6697,440.0519,15.6052,21.8472,257951.232,257951.232,292981917.40000004,False,0,0,False,False,15.5,12.93,2.106741573033699,-22.659574468085108,-6.193548387096781,False,4.154727793696256,1.410939133031408,-261.59,31.51,-4942568.5,,,,-4531584.140000001,,-2.8804,0,257951.232,292981917.40000004,1.0,1.5,PASS,False,0.4444444444444444,-261.59,31.51,1.0,-262.59,,182.6697,15.6052,-2.8804,,99.46392506573181,0.0,0.0,14.54,15.5,False,0,95.87628865979381,,0.5688073394495413,0,1,40.0,393,2.390413676440961,False,2.106741573033699,,0.03622035666158661,False,False,独立池,-262.59,0.0,17.004288142411962,52.16374422642054,1.0,0.0,52.16,Tier2
000997.SZ,000997,新大陆,20000807,,主板,L,555927255.35,13.155241935483875,未知,未知,,,22.45,22.4981,23.1849,3.0174,3.4287,2274404.8192,2261701.4103,867277156.8,True,0,0,False,False,22.95,19.6,-0.17785682525566227,-16.13746731415764,-2.178649237472763,False,13.155241935483875,1.410939133031408,-14.88,6.19,287199819.28,102.1618,,,2872432403.0299997,-169.0416,3.798,0,2274404.8192,867277156.8,1.0,1.5,PASS,False,0.4444444444444444,-14.88,6.19,1.0,-15.88,ESP-Q,22.4981,3.0174,3.798,,99.46392506573181,0.0,0.0,22.45,22.95,False,0,77.09049255441009,,0.7614678899082569,1,1,100.0,393,11.390927818228581,True,-0.17785682525566227,,0.041495604473199776,False,False,独立池,-15.88,0.0,20.60876240666149,77.24890024765533,0.7,0.0,54.07,Tier2
000998.SZ,000998,隆平高科,20001211,,主板,L,208085567.60000002,-9.127789046653135,未知,未知,,,8.96,79.3998,354.9959,1.9434,2.0195,1316625.4627,1177711.9227,165827040.6,False,0,0,False,False,10.13,8.88,-3.1351351351351253,-9.219858156028348,-11.549851924975318,False,-9.127789046653135,1.410939133031408,-1433.36,126.83,-143155026.33,,,,-923317843.44,,-1.9459,0,1316625.4627,165827040.6,1.0,1.5,PASS,False,0.4444444444444444,-1433.36,126.83,1.0,-1434.36,,79.3998,1.9434,-1.9459,,99.46392506573181,0.0,0.0,8.96,10.13,True,0,73.25315005727376,,0.14220183486238533,0,0,5.0,393,-10.892103163908429,False,-3.1351351351351253,,-0.057990233922014925,False,False,独立池,-1426.4568,0.0,0.0,24.475945017182127,1.0,0.0,24.48,Other
000999.SZ,000999,华润三九,20000309,,主板,L,333528067.24999994,-11.122994652406415,未知,未知,,,24.93,12.1277,12.8577,1.7848,0.6216,4148895.12,4145096.1495,246066450.79999998,True,0,0,False,False,28.08,24.9,-3.222049689440998,-15.862301721228478,-11.217948717948712,False,-11.122994652406415,1.410939133031408,-13.96,0.52,1048139344.64,97.4236,,,8066333174.46,66.0492,4.7376,0,4148895.12,246066450.79999998,1.0,1.5,PASS,False,0.4444444444444444,-13.96,0.52,1.0,-14.96,,12.1277,1.7848,4.7376,,99.46392506573181,10.0,0.0,24.93,28.08,True,0,73.25315005727376,,0.09709480122324159,0,0,5.0,393,-12.88730876966171,False,-3.222049689440998,,-0.044073220390119884,False,False,独立池,-14.96,0.0,20.622203760166048,28.600385769215336,1.0,0.0,38.6,Other
002001.SZ,002001,新和成,20040625,,主板,L,1423583143.95,-10.03006285870457,未知,未知,,,32.92,14.9577,15.0751,2.8799,0.8792,10117704.1706,9997349.467,1135306702.2,True,0,0,False,False,38.46,31.96,0.6727828746177389,10.358699296010743,-14.404576183047324,False,-10.03006285870457,1.410939133031408,-5.51,15.59,1776158668.57,97.2051,,,17525630197.76,78.5153,5.3791,0,10117704.1706,1135306702.2,1.0,1.5,PASS,False,0.4444444444444444,-5.51,15.59,1.0,-6.51,,14.9577,2.8799,5.3791,,99.46392506573181,10.0,0.0,32.92,38.46,True,0,73.25315005727376,,0.11850152905198777,0,0,5.0,393,-11.794376975959864,False,0.6727828746177389,,0.0014467279820205602,False,False,独立池,-6.51,0.0,20.745659670072047,28.625076951196537,1.0,0.0,38.63,Other
002181.SZ,002181,粤传媒,20071116,,主板,L,1653169795.15,50.996932515337434,未知,未知,,,19.69,248.2811,313.0679,5.3762,8.8945,2286123.5446,2233903.5578,1922056842.1999998,True,4,3,False,True,20.0,12.61,3.305351521511035,63.67414796342479,-1.5499999999999958,False,50.996932515337434,1.410939133031408,-73.58,12.94,9514520.83,54.3317,,,151166792.26,-188.3074,0.4127,0,2286123.5446,1922056842.1999998,1.0,1.5,PASS,False,0.4444444444444444,-73.58,12.94,1.0,-74.58,ESP-Q,248.2811,5.3762,0.4127,,99.46392506573181,0.0,10.0,19.69,20.0,False,0,73.25315005727376,CHASE,0.9740061162079511,1,1,100.0,393,49.23261839808214,True,3.305351521511035,突破型|OVERHEAT,0.012838808591951911,True,True,独立池,-74.58,0.0,19.751145612403263,75.92617413966278,0.7,10.0,43.15,Other
600000.SH,600000,浦发银行,19991110,,主板,L,766137709.2,-10.286844708209685,未知,未知,,,9.07,6.0396,6.008,0.4007,0.5164,30208395.3381,30208395.3381,1059915708.0000001,True,0,0,False,False,10.17,8.92,-0.22002200220021528,-10.903732809430256,-10.81612586037365,False,-10.286844708209685,1.410939133031408,1.83,13.43,17903000000.0,100.2351,,,136931000000.0,420.9647,2.1641,0,30208395.3381,1059915708.0000001,1.0,1.5,PASS,False,0.4444444444444444,1.83,13.43,1.0,1.83,,6.0396,0.4007,2.1641,3.300327868852459,99.46392506573181,0.0,0.0,9.07,10.17,False,0,73.25315005727376,,0.11009174311926606,0,0,5.0,393,-12.051158825464979,False,-0.22002200220021528,,0.020818344130402584,False,False,独立池,1.83,0.0,20.867508461624237,28.649446709506975,1.0,0.0,28.65,Other
600008.SH,600008,首创环保,20000427,,主板,L,221085463.70000002,0.9836065573770592,未知,未知,,,3.08,12.7599,12.5432,1.068,1.255,2260901.9285,2260901.9285,266832481.99999997,False,0,0,False,False,3.16,3.01,-0.9646302250803762,-0.3236245954692518,-2.5316455696202556,False,0.9836065573770592,1.410939133031408,8.61,2.68,409721894.04,95.3585,,,4260986117.86,51.2968,1.3881,0,2260901.9285,266832481.99999997,1.0,1.5,PASS,False,0.4444444444444444,8.61,2.68,1.0,8.61,,12.7599,1.068,1.3881,1.4819860627177701,99.46392506573181,0.0,0.0,3.08,3.16,False,0,73.25315005727376,,0.4801223241590214,0,0,5.0,393,-0.7807075598782354,False,-0.9646302250803762,,-0.0036956144283629053,False,False,独立池,8.61,0.0,20.96656539288609,28.669258095759346,1.0,0.0,28.67,Other
600009.SH,600009,上海机场,19980218,,主板,L,242657362.99999997,-4.854014598540135,未知,未知,,,26.07,30.6458,29.8174,1.5042,0.6567,6487032.0953,5334650.6956,310407892.6,False,0,0,False,False,27.78,26.06,-4.260007344840256,-16.60268714011517,-6.155507559395246,False,-4.854014598540135,1.410939133031408,8.13,45.76,554408645.96,95.9523,,,5244854216.54,81.4364,1.349,0,6487032.0953,310407892.6,1.0,1.5,PASS,False,0.4444444444444444,8.13,45.76,1.0,8.13,,30.6458,1.5042,1.349,3.769471094710947,99.46392506573181,0.0,0.0,26.07,27.78,False,0,73.25315005727376,,0.27522935779816515,0,0,5.0,393,-6.61832871579543,False,-4.260007344840256,,0.021900505048341064,False,False,独立池,8.13,0.0,20.95955251279676,28.66785551974148,1.0,0.0,28.67,Other
600010.SH,600010,包钢股份,20010309,,主板,L,2547517850.75,-6.028368794326244,未知,未知,,,2.65,321.2195,,2.326,2.7286,12001484.1272,8315911.5461,2724253404.0,True,0,0,False,False,2.92,2.56,-7.986111111111116,4.743083003952564,-9.246575342465757,False,-6.028368794326244,1.410939133031408,-1349.5352,1043.3136,-482478660.77,,,,208400549.39,,-0.8929,0,12001484.1272,2724253404.0,1.0,1.5,PASS,False,0.4444444444444444,-1349.5352,1043.3136,1.0,-1350.5352,,321.2195,2.326,-0.8929,,99.46392506573181,0.0,0.0,2.65,2.92,False,0,73.25315005727376,,0.23853211009174313,0,0,5.0,393,-7.792682911581538,False,-7.986111111111116,,-0.0011750191857153264,False,False,独立池,-1350.5352,0.0,1.1092272437300748,24.697790465928144,1.0,0.0,24.7,Other
600011.SH,600011,华能国际,20011206,,主板,L,1019383812.9499999,7.5714285714285845,未知,未知,,,7.53,8.2034,8.4914,1.6873,1.4829,11820664.2993,8281275.569,1652877883.2,True,0,0,False,False,7.9,6.84,0.6684491978609541,8.18965517241379,-4.683544303797471,False,7.5714285714285845,1.410939133031408,-12.04,28.13,4220765364.0,94.1312,,,40548515900.0,162.4617,3.2377,0,11820664.2993,1652877883.2,1.0,1.5,PASS,False,0.4444444444444444,-12.04,28.13,1.0,-13.04,,8.2034,1.6873,3.2377,,99.46392506573181,10.0,0.0,7.53,7.9,False,0,88.65979381443299,,0.6590214067278287,0,1,55.0,393,5.8071144541732895,True,0.6684491978609541,,-0.010762519249153486,False,False,独立池,-13.04,0.0,20.65025528052339,58.22798920043457,1.0,0.0,68.23,Tier2
600016.SH,600016,民生银行,20001219,,主板,L,594603054.9999999,-3.217158176943702,未知,未知,,,3.61,5.1714,5.3879,0.2746,0.5198,15805453.0792,12801826.4799,638582188.1999999,False,0,0,False,False,3.77,3.61,-2.168021680216803,-8.14249363867685,-4.244031830238725,False,-3.217158176943702,1.410939133031408,-10.89,-4.19,11519000000.0,100.0434,,,92735000000.0,-2.7436,1.6565,0,15805453.0792,638582188.1999999,1.0,1.5,PASS,False,0.4444444444444444,-10.89,-4.19,1.0,-11.89,ESP-Q,5.1714,0.2746,1.6565,,99.46392506573181,0.0,0.0,3.61,3.77,False,0,73.25315005727376,,0.33715596330275227,0,0,5.0,393,-4.981472294198996,False,-2.168021680216803,,0.023789012969497304,False,False,独立池,-11.89,0.0,20.667056972404087,28.609356411662944,0.7,0.0,20.03,Other
600021.SH,600021,上海电力,20031029,,主板,L,863550101.1,-6.201550387596888,未知,未知,,,16.94,17.2697,19.0747,2.2972,2.5143,4779171.9968,4779171.9968,1305154158.2,True,0,0,False,False,18.6,16.73,-6.305309734513253,-17.163814180929084,-8.924731182795698,False,-6.201550387596888,1.410939133031408,-36.57,36.93,512212317.74,90.3246,,,5990977277.78,230.6085,1.6539,0,4779171.9968,1305154158.2,1.0,1.5,PASS,False,0.4444444444444444,-36.57,36.93,1.0,-37.57,,17.2697,2.2972,1.6539,,99.46392506573181,0.0,0.0,16.94,18.6,False,0,88.65979381443299,,0.2308868501529052,0,0,5.0,393,-7.965864504852183,False,-6.305309734513253,,0.006172075536058339,False,False,独立池,-37.57,0.0,20.29186788762468,33.156311721854834,1.0,0.0,33.16,Other
600026.SH,600026,中远海能,20020523,,主板,L,1587886942.3,-2.453166815343444,未知,未知,,,21.87,29.6049,21.7202,2.479,1.6152,11952437.9749,8358710.9754,1529020033.3999999,True,0,0,False,False,23.66,20.6,-2.278820375335111,33.11016433353622,-7.565511411665248,False,-2.453166815343444,1.410939133031408,189.42,-15.99,2049732271.52,94.3137,,,9649268302.9,127.4768,4.5938,0,11952437.9749,1529020033.3999999,1.0,1.5,PASS,False,0.4444444444444444,189.42,-15.99,1.0,189.42,ESP-Q,29.6049,2.479,4.5938,0.15629236617041498,99.46392506573181,0.0,0.0,21.87,23.66,False,0,73.25315005727376,,0.35932721712538224,0,0,5.0,393,-4.217480932598738,False,-2.278820375335111,,-0.012609442484605278,False,False,独立池,189.42,0.0,23.608229661537372,29.1975909494896,0.7,0.0,20.44,Other
600028.SH,600028,中国石化,20010808,,主板,L,1595839721.8,-9.841827768014067,未知,未知,,,5.13,19.5023,17.4495,0.7446,0.2969,62034788.7959,48608019.8674,1506661601.8,False,0,0,False,False,5.77,5.09,-1.5355086372360827,-21.07692307692308,-11.09185441941074,False,-9.841827768014067,1.410939133031408,29.2,-38.6,17087000000.0,100.4763,,,98383000000.0,-22.6137,2.0447,0,62034788.7959,1506661601.8,1.0,1.5,PASS,False,0.4444444444444444,29.2,-38.6,1.0,29.2,ESP-Q,19.5023,0.7446,2.0447,0.6678869863013699,99.46392506573181,0.0,0.0,5.13,5.77,False,0,75.71592210767469,,0.1246177370030581,0,0,5.0,393,-11.606141885269361,False,-1.5355086372360827,,-0.0020204536300502504,False,False,独立池,29.2,0.0,21.267388728384844,29.468254377979378,0.7,0.0,20.63,Other
600029.SH,600029,南方航空,20030725,,主板,L,720561061.5999999,-6.770833333333326,未知,未知,,,5.37,113.5468,31.5428,2.6257,1.0614,9730959.7623,7237133.2079,647120665.5999999,False,0,0,False,False,5.93,5.35,-4.9557522123893865,-35.22316043425814,-9.443507588532874,False,-6.770833333333326,1.410939133031408,189.9138,103.6727,1043000000.0,70.4254,,,578000000.0,193.3068,4.0776,0,9730959.7623,647120665.5999999,1.0,1.5,PASS,False,0.4444444444444444,189.9138,103.6727,1.0,189.9138,ESP-Q,113.5468,2.6257,4.0776,0.5978859882746804,99.46392506573181,0.0,0.0,5.37,5.93,False,0,73.25315005727376,,0.20718654434250763,0,0,5.0,393,-8.535147450588621,False,-4.9557522123893865,,0.0037868826502927538,False,False,独立池,189.9138,0.0,23.615444161929275,29.199033849567982,0.7,0.0,20.44,Other
600030.SH,600030,中信证券,20030106,,主板,L,3877676008.6000004,1.3071895424836555,未知,未知,,,26.35,12.9844,11.572,1.3397,1.086,39052140.8944,32085211.8165,3920335069.4000006,True,0,0,False,False,27.84,25.97,-3.585803146725197,-6.094084105488228,-5.3520114942528725,False,1.3071895424836555,1.410939133031408,56.97,40.5,10202684596.22,99.8684,,,77076952657.20999,568.5353,3.1218,0,39052140.8944,3920335069.4000006,1.0,1.5,PASS,False,0.4444444444444444,56.97,40.5,1.0,56.97,,12.9844,1.3397,3.1218,0.22791644725294016,99.46392506573181,10.0,0.0,26.35,27.84,False,0,73.25315005727376,,0.49159021406727826,0,0,5.0,393,-0.45712457477163904,False,-3.585803146725197,,-0.00017621962979646406,False,False,独立池,56.97,0.0,21.673113061886568,28.81056762955944,1.0,0.0,38.81,Other
600031.SH,600031,三一重工,20030703,,主板,L,1933095054.7500005,-0.9680542110358181,未知,未知,,,20.46,22.3749,22.3497,2.0771,1.016,18812979.0781,17338602.0157,2570946295.8,True,0,0,False,False,22.48,19.31,-6.318681318681318,-13.231552162849859,-8.985765124555156,False,-0.9680542110358181,1.410939133031408,-16.24,54.13,2013124000.0,81.15,,,22750026000.0,121.347,2.7732,0,18812979.0781,2570946295.8,1.0,1.5,PASS,False,0.4444444444444444,-16.24,54.13,1.0,-17.24,,22.3749,2.0771,2.7732,,99.46392506573181,0.0,0.0,20.46,22.48,False,0,73.25315005727376,,0.41131498470948014,0,0,5.0,393,-2.7323683282911126,False,-6.318681318681318,,0.011091106846887877,False,False,独立池,-17.24,0.0,20.58889257974171,28.59372353313047,1.0,0.0,28.59,Other
600036.SH,600036,招商银行,20020409,,主板,L,3442744391.0999994,-5.6390977443609,未知,未知,,,37.65,6.3226,6.2988,0.8385,0.3983,94952718.6878,77667975.7752,3257476951.8,True,0,0,False,False,40.15,37.61,-0.8427706083750319,-4.635258358662608,-6.226650062266503,False,-5.6390977443609,1.410939133031408,1.77,1.35,37795000000.0,99.8494,,,301492000000.0,281.762,2.9627,0,94952718.6878,3257476951.8,1.0,1.5,PASS,False,0.4444444444444444,1.77,1.35,1.0,1.77,ESP-Q,6.3226,0.8385,2.9627,3.572090395480226,99.46392506573181,10.0,0.0,37.65,40.15,False,0,73.25315005727376,,0.2484709480122324,0,0,5.0,393,-7.403411861616194,False,-0.8427706083750319,,0.009230938743747297,False,False,独立池,1.77,0.0,20.86663185161307,28.64927138750474,0.7,0.0,30.05,Other
600038.SH,600038,中直股份,20001218,,主板,L,226840317.4,-11.462914101436528,未知,未知,,,30.2,37.9845,50.7659,1.4055,1.0103,2476077.5033,2020184.3674,236480418.40000004,True,0,0,False,False,34.54,30.07,-4.309252217997461,-18.59838274932615,-12.565141864504925,False,-11.462914101436528,1.410939133031408,-92.01,16.34,15248478.99,40.2827,,,1064800052.83,16027.7808,0.2151,0,2476077.5033,236480418.40000004,1.0,1.5,PASS,False,0.4444444444444444,-92.01,16.34,1.0,-93.01,ESP-Q,37.9845,1.4055,0.2151,,99.46392506573181,0.0,0.0,30.2,34.54,False,0,72.39404352806415,,0.08792048929663608,0,0,5.0,393,-13.227228218691822,False,-4.309252217997461,,0.019698669369864162,False,False,独立池,-93.01,0.0,19.481880237306516,28.114589105880544,0.7,0.0,19.68,Other
600039.SH,600039,四川路桥,20030325,,主板,L,332127121.65000004,-16.210526315789476,未知,未知,,,7.96,9.4858,9.8627,1.3079,0.4332,6921690.1534,6921690.1534,357314321.2,False,0,0,False,False,10.28,7.9,-0.5000000000000004,-19.677093844601412,-22.568093385214006,False,-16.210526315789476,1.410939133031408,-15.53,12.75,1500366886.74,100.3338,,,13873000652.439999,-175.8038,2.7967,0,6921690.1534,357314321.2,1.0,1.5,PASS,False,0.4444444444444444,-15.53,12.75,1.0,-16.53,ESP-Q,9.4858,1.3079,2.7967,,99.46392506573181,10.0,0.0,7.96,10.28,False,0,73.25315005727376,,0.03211009174311927,0,0,5.0,393,-17.974840433044772,False,-0.5000000000000004,,0.0015378057056319452,False,False,独立池,-16.53,0.0,20.599265798207185,28.595798176823564,0.7,0.0,30.02,Other
600050.SH,600050,中国联通,20021009,,主板,L,1001316370.6000003,1.969365426695835,未知,未知,,,4.66,15.9634,16.8276,0.8535,0.7406,14569222.2024,14441530.6648,1654625480.1999998,True,0,0,False,False,4.81,4.44,-1.2711864406779627,-4.115226337448563,-3.118503118503113,False,1.969365426695835,1.410939133031408,-17.5,14.7,1875002938.0,87.7432,,,22764054849.0,128.4865,1.2596,0,14569222.2024,1654625480.1999998,1.0,1.5,PASS,False,0.4444444444444444,-17.5,14.7,1.0,-18.5,,15.9634,0.8535,1.2596,,99.46392506573181,0.0,0.0,4.66,4.81,False,0,73.25315005727376,,0.5045871559633027,0,0,5.0,393,0.2050513094405404,False,-1.2711864406779627,,0.023285800785218157,False,False,独立池,-18.5,0.0,20.570483769507206,28.59004177108357,1.0,0.0,28.59,Other
600052.SH,600052,东望时代,19970415,,主板,L,206596255.45,15.608465608465627,未知,未知,,,4.37,,,1.7085,3.019,368913.1018,368913.1018,155656547.6,False,3,1,False,True,4.9,3.72,-4.585152838427941,-4.999999999999993,-10.816326530612253,False,15.608465608465627,1.410939133031408,-28.7031,-62.8581,-14074679.15,,,,-352656350.18,,-0.8988,0,368913.1018,155656547.6,1.0,1.5,PASS,False,0.4444444444444444,-28.7031,-62.8581,1.0,-29.7031,,,1.7085,-0.8988,,99.46392506573181,0.0,0.0,4.37,4.9,True,0,37.80068728522337,CAT-0,0.8027522935779816,1,1,75.0,393,13.844151491210333,True,-4.585152838427941,突破型,-0.007121061449574537,True,False,独立池,-29.7031,0.0,20.40680460923882,52.92156710741477,0.5,0.0,26.46,Other
600056.SH,600056,中国医药,19970515,,主板,L,260504645.20000005,-9.68609865470852,未知,未知,,,10.07,31.8313,30.8018,1.2534,1.5843,1506350.9062,1505818.9383,287892467.1999999,True,0,0,False,False,11.21,9.98,-4.186489058039955,-6.9316081330868755,-10.169491525423735,False,-9.68609865470852,1.410939133031408,9.97,16.49,177482096.4,97.4121,,,1204112740.34,-454.4734,1.5276,0,1506350.9062,287892467.1999999,1.0,1.5,PASS,False,0.4444444444444444,9.97,16.49,1.0,9.97,ESP-Q,31.8313,1.2534,1.5276,3.192708124373119,99.46392506573181,0.0,0.0,10.07,11.21,False,0,73.25315005727376,,0.12844036697247707,0,0,5.0,393,-11.450412771963814,False,-4.186489058039955,,0.021811720946078268,False,False,独立池,9.97,0.0,20.986435219805873,28.673232061143302,0.7,0.0,20.07,Other
600058.SH,600058,XD五矿发,19970528,,主板,L,150114272.25,-1.0073260073260037,未知,未知,,,10.81,606.5462,,2.3759,1.4837,1158735.4786,1158735.4786,175701144.6,False,0,0,False,False,12.15,10.66,-8.156329651656746,-17.101226993865026,-11.028806584362139,False,-1.0073260073260037,1.410939133031408,-201.88,48.9137,-7418768.78,-43.6417,,,-186376946.44,-11093.1041,0.229,0,1158735.4786,175701144.6,1.0,1.5,PASS,False,0.4444444444444444,-201.88,48.9137,1.0,-202.88,ESP-Q,606.5462,2.3759,0.229,,99.46392506573181,0.0,0.0,10.81,12.15,False,0,72.16494845360825,,0.40825688073394495,0,0,5.0,393,-2.7716401245812983,False,-8.156329651656746,,0.0026275299067496055,False,False,独立池,-202.88,0.0,17.876661205191496,27.724816777120772,0.7,0.0,19.41,Other
600060.SH,600060,海信视像,19970422,,主板,L,310161327.15,10.403120936280885,未知,未知,,,25.47,13.5442,13.3432,1.523,1.2324,3323764.3309,3311529.7324,273126882.6,True,0,0,False,False,26.14,22.3,0.6719367588932768,4.556650246305427,-2.563121652639644,False,10.403120936280885,1.410939133031408,0.55,3.26,454314906.23,76.931,,,4349528895.96,89.6174,2.7414,0,3323764.3309,273126882.6,1.0,1.5,PASS,False,0.4444444444444444,0.55,3.26,1.0,-0.44999999999999996,ESP-Q,13.5442,1.523,2.7414,24.62581818181818,99.46392506573181,10.0,0.0,25.47,26.14,False,0,90.60710194730814,,0.7163608562691132,1,1,100.0,393,8.638806819025591,True,0.6719367588932768,,-0.014270802326684038,False,False,独立池,-0.44999999999999996,0.0,20.834197281199895,81.34897004043242,0.7,0.0,66.94,Tier2
600061.SH,600061,国投资本,19970519,,主板,L,297573151.84999996,-6.743185078909608,未知,未知,,,6.5,12.6737,12.3504,0.7502,0.6648,4156090.6699,4156090.6699,293926925.0,True,0,0,False,False,7.02,6.47,-3.703703703703709,-14.809960681520318,-7.4074074074074066,False,-6.743185078909608,1.410939133031408,29.85,24.19,873778330.97,114.1308,,,8639467062.51,1195.3412,1.3433,0,4156090.6699,293926925.0,1.0,1.5,PASS,False,0.4444444444444444,29.85,24.19,1.0,29.85,,12.6737,0.7502,1.3433,0.4245795644891122,99.46392506573181,0.0,0.0,6.5,7.02,False,0,73.25315005727376,,0.20871559633027523,0,0,5.0,393,-8.507499196164902,False,-3.703703703703709,,-0.0006962614587148877,False,False,独立池,29.85,0.0,21.27688533683915,28.73132208454996,1.0,0.0,28.73,Other
600063.SH,600063,XD皖维高,19970528,,主板,L,274175244.2,-8.823529411764708,未知,未知,,,6.51,31.037,29.7711,1.5915,1.6949,1346988.2983,1346988.2983,221592556.40000004,False,0,0,False,False,7.35,6.49,-3.698224852071008,-9.708737864077676,-11.428571428571432,False,-8.823529411764708,1.410939133031408,6.31,15.89,124460316.72,91.4245,,,1105091451.3700001,222.9538,1.6159,0,1346988.2983,221592556.40000004,1.0,1.5,PASS,False,0.4444444444444444,6.31,15.89,1.0,6.31,,31.037,1.5915,1.6159,4.918700475435816,99.46392506573181,0.0,0.0,6.51,7.35,False,0,73.25315005727376,,0.14984709480122324,0,0,5.0,393,-10.587843529020002,False,-3.698224852071008,,-0.002939945010794139,False,False,独立池,6.31,0.0,20.932962009124694,28.662537419007066,1.0,0.0,28.66,Other
600064.SH,600064,南京高科,19970506,,主板,L,155950059.45,-7.244655581947745,未知,未知,,,7.81,7.3838,7.6564,0.6844,1.242,1351395.262,1351395.262,151595360.00000003,False,0,0,False,False,8.75,7.78,-6.016847172081841,-12.443946188340815,-10.742857142857144,False,-7.244655581947745,1.410939133031408,-5.93,-14.94,692606157.17,110.4691,,,5361860187.11,28.1095,3.228,0,1351395.262,151595360.00000003,1.0,1.5,PASS,False,0.4444444444444444,-5.93,-14.94,1.0,-6.93,,7.3838,0.6844,3.228,,99.46392506573181,10.0,0.0,7.81,8.75,False,0,73.25315005727376,,0.19648318042813456,0,0,5.0,393,-9.008969699203039,False,-6.016847172081841,,0.050264661776939494,False,False,独立池,-6.93,0.0,20.739523399993878,28.6238496971809,1.0,0.0,38.62,Other
600066.SH,600066,宇通客车,19970508,,主板,L,681306335.15,-10.041152263374498,未知,未知,,,32.79,13.0696,13.299,6.1536,0.6753,7259506.7122,7259506.7122,630488547.8000001,False,0,0,False,False,37.72,32.45,-8.048233314638242,3.080792203709537,-13.069989395546134,False,-10.041152263374498,1.410939133031408,-5.42,32.05,607463526.86,92.1511,,,9353849915.89,506.4728,4.1424,0,7259506.7122,630488547.8000001,1.0,1.5,PASS,False,0.4444444444444444,-5.42,32.05,1.0,-6.42,,13.0696,6.1536,4.1424,,99.46392506573181,10.0,0.0,32.79,37.72,False,0,73.99770904925545,,0.11697247706422019,0,0,5.0,393,-11.805466380629792,False,-8.048233314638242,,0.012229675296392769,False,False,独立池,-6.42,0.0,20.746974585088797,28.848707631794394,1.0,0.0,38.85,Other
600072.SH,600072,中船科技,19970603,,主板,L,587491499.4999999,8.623548922056369,未知,未知,,,13.1,,,2.5846,2.7763,1965851.1188,1419171.884,439656332.40000004,True,1,0,False,False,14.51,11.85,-3.7472446730345332,-0.7575757575757569,-9.717436250861478,False,8.623548922056369,1.410939133031408,35.1923,-7195.9211,-202243552.99,,,,-5685848366.76,,-2.5651,0,1965851.1188,439656332.40000004,1.0,1.5,PASS,False,0.4444444444444444,35.1923,-7195.9211,1.0,35.1923,ESP-Q,,2.5846,-2.5651,,99.46392506573181,0.0,0.0,13.1,14.51,True,0,73.25315005727376,,0.6750764525993884,0,1,55.0,393,6.8592348048010745,True,-3.7472446730345332,,0.006472782663095851,False,False,独立池,35.1923,0.0,21.354937231216763,53.74693246342548,0.7,0.0,37.62,Other
600075.SH,600075,新疆天业,19970617,,主板,L,190482205.24999997,2.269043760129663,未知,未知,,,6.31,,,1.2202,1.5648,1077619.3359,1077619.3359,149886202.2,False,0,0,False,False,7.1,5.91,1.4469453376205754,2.1035598705501535,-11.126760563380278,False,2.269043760129663,1.410939133031408,-203.75,-17.75,-64676284.86,,,,-212967903.7,,-0.6433,0,1077619.3359,149886202.2,1.0,1.5,PASS,False,0.4444444444444444,-203.75,-17.75,1.0,-204.75,,,1.2202,-0.6433,,99.46392506573181,0.0,0.0,6.31,7.1,True,0,73.25315005727376,,0.5168195718654435,0,0,5.0,393,0.5047296428743686,False,1.4469453376205754,,-0.014685944673881526,False,False,独立池,-204.75,0.0,17.849340193176797,28.045813055817487,1.0,0.0,28.05,Other
600076.SH,600076,康欣新材,19970526,,主板,L,184280752.29999998,20.563380281690158,未知,未知,,,4.28,,,1.6165,8.1106,575464.5611,575464.5611,523093089.99999994,False,3,3,False,True,4.66,3.24,8.080808080808088,-0.92592592592593,-8.154506437768239,False,20.563380281690158,1.410939133031408,-12.0639,-12.2925,-52675151.57,,,,-764649154.66,,-1.4471,0,575464.5611,523093089.99999994,1.0,1.5,PASS,False,0.4444444444444444,-12.0639,-12.2925,1.0,-13.0639,,,1.6165,-1.4471,,99.46392506573181,0.0,0.0,4.28,4.66,False,0,75.60137457044674,CHASE,0.8509174311926605,1,1,75.0,393,18.799066164434862,True,8.080808080808088,突破型|OVERHEAT,-0.01311965458381935,True,True,独立池,-13.0639,0.0,20.649906097535606,64.31039359064114,1.0,0.0,64.31,Tier2
600085.SH,600085,同仁堂,19970625,,主板,L,159491988.14999995,-2.67379679144385,未知,未知,,,27.3,31.4797,34.721,2.6582,0.3782,3744113.8153,3744113.8153,221176584.6,True,0,0,False,False,28.45,27.18,-2.2556390977443552,-13.057324840764329,-4.042179261862911,False,-2.67379679144385,1.410939133031408,-19.15,-22.57,469606271.08,99.6667,,,3721869493.81,125.1964,3.3969,0,3744113.8153,221176584.6,1.0,1.5,PASS,False,0.4444444444444444,-19.15,-22.57,1.0,-20.15,,31.4797,2.6582,3.3969,,99.46392506573181,0.0,0.0,27.3,28.45,False,0,73.25315005727376,,0.3532110091743119,0,0,5.0,393,-4.438110908699144,False,-2.2556390977443552,,-0.00521935841226611,False,False,独立池,-20.15,0.0,20.546376994200116,28.58522041602215,1.0,0.0,28.59,Other
600089.SH,600089,特变电工,19970618,,主板,L,5429266368.000001,-4.606661941885182,未知,未知,,,26.92,22.8442,22.0504,1.8903,3.9605,13602117.6011,13602117.6011,8065968631.200001,True,0,0,False,False,29.67,26.14,-3.7884203002144345,-4.096900605628784,-9.26862150320189,False,-4.606661941885182,1.410939133031408,-3.77,15.64,1460823600.0,80.507,,,12652825800.0,20.6584,2.4026,0,13602117.6011,8065968631.200001,1.0,1.5,PASS,False,0.4444444444444444,-3.77,15.64,1.0,-4.77,,22.8442,1.8903,2.4026,,99.46392506573181,0.0,0.0,26.92,29.67,False,0,88.65979381443299,,0.28287461773700306,0,0,5.0,393,-6.370976059140476,False,-3.7884203002144345,,-0.0028485679734837903,False,False,独立池,-4.77,0.0,20.771081360395886,33.25215441640907,1.0,0.0,33.25,Other
600095.SH,600095,湘财股份,19970708,,主板,L,259450060.95,-6.396588486140741,未知,未知,,,8.78,54.0881,57.1762,2.0406,1.754,2510366.8384,2510366.8384,360954166.0,True,0,0,False,False,9.73,8.23,-4.252998909487459,-20.471014492753625,-9.763617677286751,False,-6.396588486140741,1.410939133031408,-51.92,80.81,24026067.82,99.6922,,,951335553.55,5544.7993,0.1962,0,2510366.8384,360954166.0,1.0,1.5,PASS,False,0.4444444444444444,-51.92,80.81,1.0,-52.92,,54.0881,2.0406,0.1962,,99.46392506573181,0.0,0.0,8.78,9.73,False,0,85.91065292096219,,0.22247706422018348,0,0,5.0,393,-8.160902603396035,False,-4.252998909487459,,0.01496819000242497,False,False,独立池,-52.92,0.0,20.06760182643449,32.286716241575554,1.0,0.0,32.29,Other
600096.SH,600096,云天化,19970709,,主板,L,1931136531.8500001,-1.8507281553398092,未知,未知,,,32.35,11.4378,11.1451,2.4711,2.2707,5897375.0148,5897375.0148,1363939122.4,False,0,0,False,False,36.86,32.19,-7.650585212674854,-9.459837671424564,-12.23548562126966,False,-1.8507281553398092,1.410939133031408,9.54,-3.6,1392395551.77,97.7279,,,13714067044.2,130.2106,5.6276,0,5897375.0148,1363939122.4,1.0,1.5,PASS,False,0.4444444444444444,9.54,-3.6,1.0,9.54,ESP-Q,11.4378,2.4711,5.6276,1.198930817610063,99.46392506573181,10.0,0.0,32.35,36.86,True,0,73.25315005727376,,0.3738532110091743,0,0,5.0,393,-3.6150422725951037,False,-7.650585212674854,,0.0005124128963145216,False,False,独立池,9.54,0.0,20.980152848059177,28.671975586793963,0.7,0.0,30.07,Other
600100.SH,600100,同方股份,19970627,,主板,L,491150750.45,4.182041820418192,未知,未知,,,8.47,57.3267,47.3638,1.7895,1.9059,2837702.1629,2837702.1629,669717561.4,True,0,0,False,False,9.36,7.75,-7.330415754923414,-6.820682068206807,-9.508547008546998,False,4.182041820418192,1.410939133031408,,129.8664,,,,,234680558.44,,,0,2837702.1629,669717561.4,1.0,1.5,PASS,False,0.4444444444444444,,129.8664,1.0,0.0,DATA-INC,57.3267,1.7895,,,99.46392506573181,0.0,0.0,8.47,9.36,False,0,89.3470790378007,,0.5695718654434251,0,1,55.0,393,2.4177277031628974,False,-7.330415754923414,,0.012354551741320679,False,False,独立池,0.0,0.0,20.84077185628365,58.47227808259694,1.0,0.0,58.47,Tier2
600101.SH,600101,明星电力,19970627,,主板,L,263268130.04999998,8.00865800865802,未知,未知,,,9.98,29.6913,29.6719,1.731,4.96,546766.7461,546766.7461,366601239.2,True,0,0,False,False,10.65,9.16,-1.9646365422396839,-2.060843964671233,-6.2910798122065685,False,8.00865800865802,1.410939133031408,-1.47,-2.44,71251573.71,97.7505,,,500549486.24,147.1922,2.3349,0,546766.7461,366601239.2,1.0,1.5,PASS,False,0.4444444444444444,-1.47,-2.44,1.0,-2.4699999999999998,,29.6913,1.731,2.3349,,99.46392506573181,0.0,0.0,9.98,10.65,False,0,75.02863688430699,,0.6666666666666666,0,1,55.0,393,6.2443438914027265,True,-1.9646365422396839,,-0.0004294856916344011,False,False,独立池,-2.4699999999999998,0.0,20.80468474415728,54.16952801412356,1.0,0.0,54.17,Tier2
600104.SH,600104,上汽集团,19971125,,主板,L,547495898.5,-7.834757834757832,未知,未知,,,12.94,14.7192,14.715,0.495,0.3589,14874889.0902,14874889.0902,548785248.2,False,0,0,False,False,14.16,12.92,-4.572271386430682,-10.758620689655174,-8.615819209039554,False,-7.834757834757832,1.410939133031408,,,,,,,7122421215.3,591.9298,1.0098,0,14874889.0902,548785248.2,1.0,1.5,PASS,False,0.4444444444444444,,,1.0,0.0,DATA-INC,14.7192,0.495,1.0098,,99.46392506573181,0.0,0.0,12.94,14.16,False,0,72.16494845360825,,0.17737003058103976,0,0,5.0,393,-9.599071952013126,False,-4.572271386430682,,0.003964045900867572,False,False,独立池,0.0,0.0,20.84077185628365,28.3176389073392,1.0,0.0,28.32,Other
600105.SH,600105,永鼎股份,19970929,,主板,L,8143881744.200002,37.18700053276505,未知,未知,,,51.5,322.2587,733.1892,22.6908,10.828,7529273.2303,7529273.2303,9085238373.4,True,1,0,False,False,56.39,36.41,0.1945525291828787,84.38954529180094,-8.67175031033871,False,37.18700053276505,1.410939133031408,-44.66,398.61,160776201.2,101.2278,,,1024420700.3899999,167.9201,4.8904,0,7529273.2303,9085238373.4,1.0,1.5,PASS,False,0.4444444444444444,-44.66,398.61,1.0,-45.66,,322.2587,22.6908,4.8904,,99.46392506573181,0.0,0.0,51.5,56.39,False,0,73.25315005727376,CHASE,0.9480122324159022,1,1,100.0,393,35.42268641550975,True,0.1945525291828787,,-0.0032440579762135664,True,False,独立池,-45.66,0.0,20.17367163778568,76.01067934473926,1.0,0.0,76.01,Tier2
600108.SH,600108,亚盛集团,19970818,,主板,L,337587568.5,-10.204081632653061,未知,未知,,,3.96,135.417,144.6009,1.7784,3.7096,770978.3879,770978.3879,293560900.0,True,0,0,False,False,4.67,3.92,-9.79498861047835,13.793103448275868,-15.203426124197005,False,-10.204081632653061,1.410939133031408,3.94,-85.31,20106081.19,95.5657,,,74864775.41,-240.1675,0.4859,0,770978.3879,293560900.0,1.0,1.5,PASS,False,0.4444444444444444,3.94,-85.31,1.0,3.94,ESP-Q,135.417,1.7784,0.4859,34.36979695431472,99.46392506573181,0.0,0.0,3.96,4.67,False,0,73.25315005727376,,0.11314984709480122,0,0,5.0,393,-11.968395749908355,False,-9.79498861047835,,0.008700919727326102,False,False,独立池,3.94,0.0,20.898335913683606,28.65561219991885,0.7,0.0,20.06,Other
600109.SH,600109,国金证券,19970807,,主板,L,294358979.1,2.1914648212226107,未知,未知,,,8.86,14.4186,13.7559,0.909,0.8962,3282953.3103,3282953.3103,363580267.6,True,0,0,False,False,9.34,8.51,-4.216216216216218,-3.904555314533631,-5.139186295503217,False,2.1914648212226107,1.410939133031408,14.94,36.45,668216238.71,96.5164,,,3909861009.57,1954.1334,1.9343,0,3282953.3103,363580267.6,1.0,1.5,PASS,False,0.4444444444444444,14.94,36.45,1.0,14.94,,14.4186,0.909,1.9343,0.9651004016064257,99.46392506573181,0.0,0.0,8.86,9.34,False,0,73.25315005727376,,0.5129969418960245,0,0,5.0,393,0.42715070396731614,False,-4.216216216216218,,-0.014807377870700567,False,False,独立池,14.94,0.0,21.059047749064195,28.68775456699497,1.0,0.0,28.69,Other
600113.SH,600113,浙江东日,19971021,,主板,L,257540828.4,-5.9236507240017495,未知,未知,,,42.88,125.3617,128.4976,7.2056,0.9364,1806005.5181,1764216.8141,327350687.6,True,1,1,False,False,53.56,40.93,-6.701479547432543,-26.005176876617774,-19.940253920836447,False,-5.9236507240017495,1.410939133031408,-12.0,10.3,20946847.63,96.4658,,,322717203.47,296.4305,0.8492,0,1806005.5181,327350687.6,1.0,1.5,PASS,False,0.4444444444444444,-12.0,10.3,1.0,-13.0,,125.3617,7.2056,0.8492,,99.46392506573181,0.0,0.0,42.88,53.56,False,0,73.25315005727376,,0.24311926605504589,0,0,5.0,393,-7.687964841257044,False,-6.701479547432543,,0.009433552456127339,False,False,独立池,-13.0,0.0,20.6508396871975,28.60611295462163,1.0,0.0,28.61,Other
600114.SH,600114,东睦股份,20040511,,主板,L,630979719.2,7.368082368082374,未知,未知,,,33.37,39.3252,38.3117,5.9115,4.0256,2106926.6627,2056871.6627,768875033.4000001,False,0,0,False,False,36.46,30.96,-4.109195402298848,4.021197007481292,-8.475041140976424,False,7.368082368082374,1.410939133031408,11.31,37.09,117235128.97,93.1382,,,1288199032.8600001,151.1975,3.6135,0,2106926.6627,768875033.4000001,1.0,1.5,PASS,False,0.4444444444444444,11.31,37.09,1.0,11.31,,39.3252,5.9115,3.6135,3.477029177718833,99.46392506573181,0.0,0.0,33.37,36.46,False,0,88.43069873997709,,0.6529051987767585,0,1,40.0,393,5.603768250827079,True,-4.109195402298848,,-0.0315920525028892,False,False,独立池,11.31,0.0,21.006012843388596,50.73041219067085,1.0,0.0,50.73,Tier2
600116.SH,600116,三峡水利,19970804,,主板,L,184676519.3,2.1341463414634276,未知,未知,,,6.7,29.3892,27.1098,1.1302,1.6902,1281135.7457,1281135.7457,211487621.60000002,False,0,0,False,False,7.0,6.42,-1.179941002949858,1.2084592145015227,-4.285714285714281,False,2.1341463414634276,1.410939133031408,224.3054,-15.45,21423948.07,66.2775,,,574418984.48,-311.2549,0.2857,0,1281135.7457,211487621.60000002,1.0,1.5,PASS,False,0.4444444444444444,224.3054,-15.45,1.0,224.3054,ESP-Q,29.3892,1.1302,0.2857,0.1310231496878809,99.46392506573181,0.0,0.0,6.7,7.0,False,0,98.96907216494846,,0.511085626911315,0,0,5.0,393,0.3698322242081331,False,-1.179941002949858,,-0.0028600251598615836,False,False,独立池,224.3054,0.0,24.11791117626337,37.01430388473721,0.7,0.0,25.91,Other
600121.SH,600121,郑州煤电,19980107,,主板,L,181580316.85,0.0,未知,未知,,,4.13,,,6.8382,3.4225,503204.1717,503204.1717,209643477.79999995,True,0,0,False,False,4.35,3.89,-2.3640661938534424,-6.561085972850678,-5.057471264367807,False,0.0,1.410939133031408,-201.4342,-2811.46,-195834978.74,,,,-1734720818.16,,-23.3647,0,503204.1717,209643477.79999995,1.0,1.5,PASS,False,0.4444444444444444,-201.4342,-2811.46,1.0,-202.4342,,,6.8382,-23.3647,,99.46392506573181,0.0,0.0,4.13,4.35,False,0,51.66093928980528,,0.44533639143730885,0,0,5.0,393,-1.7643141172552945,False,-2.3640661938534424,,-0.00013942719036276433,False,False,独立池,-202.4342,0.0,17.88317441757447,21.574916670456478,1.0,0.0,21.57,Other
600123.SH,600123,兰花科创,19981217,,主板,L,226781883.45,7.246376811594213,未知,未知,,,6.66,,,0.6492,3.0146,981177.854,981177.854,203360817.60000002,True,0,0,False,False,7.18,6.14,-2.0588235294117574,7.246376811594213,-7.242339832869071,False,7.246376811594213,1.410939133031408,-184.42,-220.93,-27585998.38,,,,-1268416494.0,,-0.1816,0,981177.854,203360817.60000002,1.0,1.5,PASS,False,0.4444444444444444,-184.42,-220.93,1.0,-185.42,,,0.6492,-0.1816,,99.46392506573181,0.0,0.0,6.66,7.18,False,0,73.25315005727376,,0.6498470948012233,0,1,55.0,393,5.482062694338918,True,-2.0588235294117574,,-0.003584465741562362,False,False,独立池,-185.42,0.0,18.131754718441048,53.102295960870336,1.0,0.0,53.1,Tier2
600127.SH,600127,金健米业,19980506,,主板,L,170569882.35,-11.232876712328753,未知,未知,,,6.48,1102.3073,,6.1942,2.8703,415875.5253,415875.5253,123996209.4,True,0,0,False,False,7.44,6.46,-4.283604135893637,-3.2835820895522394,-12.903225806451612,False,-11.232876712328753,1.410939133031408,-106.43,-55.4436,-499069.4,-285.1424,,,9564390.06,-20487.407,0.0261,0,415875.5253,123996209.4,1.0,1.5,PASS,False,0.4444444444444444,-106.43,-55.4436,1.0,-107.43,ESP-Q,1102.3073,6.1942,0.0261,,99.46392506573181,0.0,0.0,6.48,7.44,True,0,72.16494845360825,,0.09327217125382263,0,0,5.0,393,-12.997190829584047,False,-4.283604135893637,,0.005196530635336459,False,False,独立池,-107.43,0.0,19.27120163128942,28.003724862340356,0.7,0.0,19.6,Other
600131.SH,600131,国网信通,19980402,,主板,L,281907334.09999996,-4.431072210065656,未知,未知,,,17.47,31.8476,32.9506,3.2297,1.2997,2093526.2619,2089246.2953,281544517.40000004,True,0,0,False,False,18.83,16.61,-3.5339591385974645,-9.246753246753247,-7.2225172596919744,False,-4.431072210065656,1.410939133031408,-86.39,-13.73,3524371.14,82.3037,,,1099046240.1399999,2673.0617,0.0661,0,2093526.2619,281544517.40000004,1.0,1.5,PASS,False,0.4444444444444444,-86.39,-13.73,1.0,-87.39,,31.8476,3.2297,0.0661,,99.46392506573181,0.0,0.0,17.47,18.83,False,0,80.41237113402062,,0.29204892966360857,0,0,5.0,393,-6.19538632732095,False,-3.5339591385974645,,0.000685504374228278,False,False,独立池,-87.39,0.0,19.56398937501914,30.536509215210014,1.0,0.0,30.54,Other
600133.SH,600133,东湖高新,19980212,,主板,L,311260834.1,6.444188722669741,未知,未知,,,9.25,35.7091,35.5837,1.083,4.6339,986271.8844,986271.8844,468692338.4,False,0,0,False,False,9.98,8.58,0.21668472372697867,-10.886319845857429,-7.314629258517035,False,6.444188722669741,1.410939133031408,-194.2053,-53.69,-14996371.32,,,,299547934.32,-3506.903,-0.0194,0,986271.8844,468692338.4,1.0,1.5,PASS,False,0.4444444444444444,-194.2053,-53.69,1.0,-195.2053,ESP-Q,35.7091,1.083,-0.0194,,99.46392506573181,0.0,0.0,9.25,9.98,False,0,98.96907216494846,,0.632262996941896,0,1,40.0,393,4.679874605414447,False,0.21668472372697867,,-0.0026840634946156904,False,False,独立池,-195.2053,0.0,17.988789852736534,53.28847962003184,0.7,0.0,37.3,Other
600135.SH,600135,乐凯胶片,19980122,,主板,L,309011923.09999996,2.1428571428571352,未知,未知,,,11.44,,,2.6876,4.0184,632983.3213,632983.3213,316086175.0,True,2,1,False,False,12.8,9.91,-5.9983566146261325,14.51451451451451,-10.625000000000007,False,2.1428571428571352,1.410939133031408,18.2358,-24.2404,-26268996.13,,,,-309502077.19,,-1.0022,0,632983.3213,316086175.0,1.0,1.5,PASS,False,0.4444444444444444,18.2358,-24.2404,1.0,18.2358,ESP-Q,,2.6876,-1.0022,,99.46392506573181,0.0,0.0,11.44,12.8,False,0,72.16494845360825,,0.5122324159021406,0,0,5.0,393,0.3785430256018407,False,-5.9983566146261325,,-0.007462522007843629,False,False,独立池,18.2358,0.0,21.107199936977587,28.37092452347799,0.7,0.0,19.86,Other
600149.SH,600149,廊坊发展,19991014,,主板,L,166669399.95,11.660777385159005,未知,未知,,,6.32,156.2351,149.331,9.4119,8.0652,240261.12,240261.12,180751218.39999998,True,1,0,False,False,6.74,5.57,-1.2499999999999956,4.635761589403975,-6.231454005934722,False,11.660777385159005,1.410939133031408,10.7,49.61,7719763.81,99.661,,,27499258.169999998,-71.3157,3.0812,0,240261.12,180751218.39999998,1.0,1.5,PASS,False,0.4444444444444444,10.7,49.61,1.0,10.7,ESP-Q,156.2351,9.4119,3.0812,14.601411214953272,99.46392506573181,0.0,0.0,6.32,6.74,False,0,90.37800687285224,,0.735474006116208,1,1,100.0,393,9.89646326790371,True,-1.2499999999999956,,0.001053326165470627,False,False,独立池,10.7,0.0,20.997100641608405,81.31282219017734,0.7,0.0,56.92,Tier2
600150.SH,600150,中国船舶,19980520,,主板,L,5474966283.4,23.968205441760926,未知,未知,,,40.55,38.8824,26.4125,2.0406,1.6544,30516394.3228,24619741.469,4738192634.400001,True,0,0,False,False,43.42,32.24,-1.529868868382711,18.949838662364304,-6.609857208659609,False,23.968205441760926,1.410939133031408,326.69,99.42,4767343200.0,98.6562,,,18166055659.85,143.2992,3.2989,0,30516394.3228,4738192634.400001,1.0,1.5,PASS,False,0.4444444444444444,326.69,99.42,1.0,326.69,,38.8824,2.0406,3.2989,0.1190192537267746,99.46392506573181,0.0,0.0,40.55,43.42,False,0,88.65979381443299,CHASE,0.8792048929663608,1,1,100.0,393,22.20389132450563,True,-1.529868868382711,,0.008025342743292634,True,False,独立池,326.69,0.0,25.61376726541858,81.7206915974136,1.0,0.0,81.72,Tier2
600153.SH,600153,建发股份,19980616,,主板,L,248151533.35000002,12.305986696230619,未知,未知,,,10.13,,,0.682,0.7131,2937232.5522,2937232.5522,379473513.0,True,0,0,False,False,10.68,8.69,-0.7835455435847183,4.9740932642487135,-5.149812734082381,False,12.305986696230619,1.410939133031408,537.46,-401.2,622521115.53,88.7808,,,-3454138774.58,-2306.9463,1.1426,0,2937232.5522,379473513.0,1.0,1.5,PASS,False,0.4444444444444444,537.46,-401.2,1.0,537.46,ESP-Q,,0.682,1.1426,,99.46392506573181,0.0,0.0,10.13,10.68,False,0,73.25315005727376,,0.7492354740061162,1,1,100.0,393,10.541672578975325,True,-0.7835455435847183,,-0.003115158156889533,False,False,独立池,537.46,0.0,28.693152132979172,77.71457544377796,0.7,0.0,54.4,Tier2
600155.SH,600155,华创云信,19980918,,主板,L,154314364.3,-4.272151898734188,未知,未知,,,6.05,73.5763,52.9956,0.6693,1.378,1339193.1986,1339193.1986,194535232.79999998,True,0,0,False,False,6.47,6.0,-5.616224648985968,-10.898379970544925,-6.4914992272024685,False,-4.272151898734188,1.410939133031408,161.39,-40.95,28471697.24,91.6934,,,441220801.59000003,8962.221,0.1553,0,1339193.1986,194535232.79999998,1.0,1.5,PASS,False,0.4444444444444444,161.39,-40.95,1.0,161.39,ESP-Q,73.5763,0.6693,0.1553,0.4558913191647562,99.46392506573181,0.0,0.0,6.05,6.47,False,0,73.25315005727376,,0.2974006116207951,0,0,5.0,393,-6.0364660159894825,False,-5.616224648985968,,-0.0035497424528327256,False,False,独立池,161.39,0.0,23.198706684653928,29.115686354112913,0.7,0.0,20.38,Other
600156.SH,600156,华升股份,19980527,,主板,L,637668417.1500001,71.24183006535947,未知,未知,,,13.1,,,14.4174,31.1391,526765.0196,526765.0196,681199537.8000001,False,7,3,False,True,15.61,7.59,8.354011579818032,55.397390272835125,-16.079436258808457,False,71.24183006535947,1.410939133031408,2.8908,-18.0506,-15600398.91,,,,-176473677.83999997,,-1.5554,0,526765.0196,681199537.8000001,1.0,1.5,PASS,False,0.4444444444444444,2.8908,-18.0506,1.0,2.8908,ESP-Q,,14.4174,-1.5554,,99.46392506573181,0.0,0.0,13.1,15.61,False,0,72.73768613974799,CHASE,0.9954128440366973,1,1,75.0,393,69.47751594810417,True,8.354011579818032,突破型|OVERHEAT,0.005771979907267398,True,True,独立池,2.8908,0.0,20.88300692662167,63.49790722724873,0.7,0.0,44.45,Other
600157.SH,600157,永泰能源,19980513,,主板,L,1341511488.1000001,2.941176470588247,未知,未知,,,1.75,183.0177,174.0314,0.8138,3.6405,3818108.7254,3818108.7254,1571031704.8,False,0,0,False,False,1.91,1.66,-3.8461538461538547,6.707317073170738,-8.376963350785338,False,2.941176470588247,1.410939133031408,57.89,-90.32,66906623.47,108.1932,,,458715532.15999997,563.3074,0.132,0,3818108.7254,1571031704.8,1.0,1.5,PASS,False,0.4444444444444444,57.89,-90.32,1.0,57.89,ESP-Q,183.0177,0.8138,0.132,3.161473484194161,99.46392506573181,0.0,0.0,1.75,1.91,False,0,89.69072164948454,,0.536697247706422,0,1,40.0,393,1.1768623533329525,False,-3.8461538461538547,,0.00046281688945433767,False,False,独立池,57.89,0.0,21.686554415391125,51.24452737792359,0.7,0.0,35.87,Other
600158.SH,600158,中体产业,19980327,,主板,L,1104140502.6999998,29.484902309058626,未知,未知,,,14.58,,,5.8297,15.2384,1398970.0517,1398970.0517,1528219752.3999999,True,1,1,False,False,14.89,10.06,8.240534521158116,47.12411705348134,-2.081934184016121,False,29.484902309058626,1.410939133031408,79.0851,-401.77,-6037976.96,,,,-269900531.85,-7917.2695,-0.2386,0,1398970.0517,1528219752.3999999,1.0,1.5,PASS,False,0.4444444444444444,79.0851,-401.77,1.0,79.0851,ESP-Q,,5.8297,-0.2386,,99.46392506573181,0.0,0.0,14.58,14.89,False,0,73.25315005727376,CHASE,0.9143730886850153,1,1,100.0,393,27.72058819180333,True,8.240534521158116,OVERHEAT,-0.0043368697466447444,True,True,独立池,79.0851,0.0,21.996218362852495,76.37518868975263,0.7,0.0,53.46,Tier2
600160.SH,600160,巨化股份,19980626,,主板,L,1464190138.5499997,4.359197907585011,未知,未知,,,35.91,25.6257,23.3753,4.4856,3.9602,9694788.1769,9694788.1769,1777229256.2,True,0,0,False,False,37.66,33.35,0.4194630872483174,-9.157601821401473,-4.6468401486988835,False,4.359197907585011,1.410939133031408,47.5,97.23,1163598248.7,99.1976,,,10142728772.48,61.9371,5.5796,0,9694788.1769,1777229256.2,1.0,1.5,PASS,False,0.4444444444444444,47.5,97.23,1.0,47.5,,25.6257,4.4856,5.5796,0.5394884210526315,99.46392506573181,0.0,0.0,35.91,37.66,False,0,92.78350515463917,,0.5764525993883792,0,1,55.0,393,2.594883790329716,False,0.4194630872483174,,0.00015719412675658465,False,False,独立池,47.5,0.0,21.53475478179073,59.6420025027499,1.0,0.0,59.64,Tier2
600163.SH,600163,中闽能源,19980602,,主板,L,377810352.29999995,9.70394736842104,未知,未知,,,6.67,24.3337,27.1962,1.7308,4.262,1269298.4274,1269298.4274,575921194.8,True,0,0,False,False,7.56,6.01,0.6033182503770718,10.981697171381043,-11.772486772486769,False,9.70394736842104,1.410939133031408,-23.15,-20.07,188438803.69,95.9915,,,1296664889.03,39.0845,2.714,0,1269298.4274,575921194.8,1.0,1.5,PASS,False,0.4444444444444444,-23.15,-20.07,1.0,-24.15,,24.3337,1.7308,2.714,,99.46392506573181,0.0,0.0,6.67,7.56,False,0,88.65979381443299,,0.7010703363914373,1,1,100.0,393,7.939633251165747,True,0.6033182503770718,,-0.0013870821216513624,False,False,独立池,-24.15,0.0,20.487936326788994,80.69552540968769,1.0,0.0,80.7,Tier2
600166.SH,600166,福田汽车,19980602,,主板,L,991363830.4999999,0.5899705014749346,未知,未知,,,3.41,19.796,18.8853,1.6777,2.9143,2699833.5251,2699833.5251,701912279.2,True,0,0,False,False,3.86,3.34,-6.318681318681318,7.57097791798107,-11.658031088082899,False,0.5899705014749346,1.410939133031408,76.12,487.681,402363813.81,80.2416,,,2539940066.3,239.1503,3.1626,0,2699833.5251,701912279.2,1.0,1.5,PASS,False,0.4444444444444444,76.12,487.681,1.0,76.12,,19.796,1.6777,3.1626,0.26006305832895427,99.46392506573181,10.0,0.0,3.41,3.86,True,0,73.25315005727376,,0.4724770642201835,0,0,5.0,393,-1.17434361578036,False,-6.318681318681318,,0.005165659731726024,False,False,独立池,76.12,0.0,21.952897757117317,28.86652456860559,1.0,0.0,38.87,Other
600170.SH,600170,上海建工,19980623,,主板,L,360394529.24999994,-3.6363636363636376,未知,未知,,,2.65,19.034,16.6118,0.7522,1.3805,2354774.0322,2354774.0322,391973283.20000005,False,0,0,False,False,2.79,2.62,-2.930402930402931,-11.371237458193995,-5.017921146953408,False,-3.6363636363636376,1.410939133031408,119.215,-89.87,27687008.65,2786.7466,,,727064863.6800001,-10601.4388,0.002,0,2354774.0322,391973283.20000005,1.0,1.5,PASS,False,0.4444444444444444,119.215,-89.87,1.0,119.215,ESP-Q,19.034,0.7522,0.002,0.15966111647024284,99.46392506573181,0.0,0.0,2.65,2.79,False,0,73.25315005727376,,0.3256880733944954,0,0,5.0,393,-5.4006777536189325,False,-2.930402930402931,,0.022960008906729567,False,False,独立池,119.215,0.0,22.5825228976379,28.992449596709708,0.7,0.0,20.29,Other
600171.SH,600171,上海贝岭,19980924,,主板,L,476839308.84999996,6.822327617657797,未知,未知,,,29.28,87.87,94.2401,4.5646,3.065,2075727.4312,2075727.4312,607386003.6,True,0,0,False,False,30.5,27.35,-3.3344338065368073,-7.575757575757569,-3.9999999999999925,False,6.822327617657797,1.410939133031408,26.63,-37.12,19490256.89,86.9396,,,485514614.87,-338.1898,0.4942,0,2075727.4312,607386003.6,1.0,1.5,PASS,False,0.4444444444444444,26.63,-37.12,1.0,26.63,ESP-Q,87.87,4.5646,0.4942,3.2996620352985357,99.46392506573181,0.0,0.0,29.28,30.5,False,0,92.78350515463917,,0.6414373088685015,0,1,55.0,393,5.058013500402502,True,-3.3344338065368073,,-0.011502619800345077,False,False,独立池,26.63,0.0,21.2298405995732,59.58101966630639,0.7,0.0,41.71,Other
600172.SH,600172,黄河旋风,19981126,,主板,L,1538073324.9499998,26.400000000000002,未知,未知,,,11.06,,,34.4036,22.1492,1595056.0305,1411538.8595,3178053035.2000003,False,3,3,False,True,12.48,7.91,13.08793456032722,35.207823960880205,-11.378205128205131,False,26.400000000000002,1.410939133031408,42.5627,3.9101,-96449226.95,,,,-1877887941.24,,-18.8574,0,1595056.0305,3178053035.2000003,1.0,1.5,PASS,False,0.4444444444444444,42.5627,3.9101,1.0,42.5627,,,34.4036,-18.8574,,99.46392506573181,0.0,0.0,11.06,12.48,False,0,93.24169530355097,CHASE,0.8975535168195719,1,1,75.0,393,24.635685882744706,True,13.08793456032722,突破型|OVERHEAT,0.00850807396855875,True,True,独立池,42.5627,0.0,21.462620004988498,69.765032592063,1.0,0.0,69.77,Tier2
600173.SH,600173,卧龙新能,19990415,,主板,L,168390662.1,-6.182795698924726,未知,未知,,,6.98,,,1.3674,2.2028,488953.3583,488890.5383,96565370.6,True,0,0,False,False,8.19,6.9,-7.549668874172177,-21.218961625282162,-14.774114774114766,False,-6.182795698924726,1.410939133031408,-77.8,-517.66,9873166.08,82.8082,,,-95163479.79999998,1121.2066,0.3339,0,488953.3583,96565370.6,1.0,1.5,PASS,False,0.4444444444444444,-77.8,-517.66,1.0,-78.8,,,1.3674,0.3339,,99.46392506573181,0.0,0.0,6.98,8.19,True,0,57.159221076746846,,0.2324159021406728,0,0,5.0,393,-7.947109816180021,False,-7.549668874172177,,-0.002515705424802428,False,False,独立池,-78.8,0.0,19.68949070828453,23.58566446468096,1.0,0.0,23.59,Other
600176.SH,600176,中国巨石,19990422,,主板,L,5230622918.500001,8.874598070739538,未知,未知,,,33.86,41.2564,35.4629,4.1981,5.2127,13554620.961,13554620.961,5838656234.2,False,0,0,False,False,39.88,30.88,-10.918179426466711,50.891265597147935,-15.095285857572726,False,8.874598070739538,1.410939133031408,71.43,94.7,1275825553.42,100.6845,,,7369895190.66,14.2882,3.9985,0,13554620.961,5838656234.2,1.0,1.5,PASS,False,0.4444444444444444,71.43,94.7,1.0,71.43,,41.2564,4.1981,3.9985,0.5775780484390312,99.46392506573181,0.0,0.0,33.86,39.88,False,0,73.25315005727376,,0.6834862385321101,0,1,40.0,393,7.1102839534842435,True,-10.918179426466711,,-0.011059644112665974,False,False,独立池,71.43,0.0,21.884376074577776,46.352820232097685,1.0,0.0,46.35,Other
600183.SH,600183,生益科技,19981028,,主板,L,4864330267.200001,34.45440956651717,未知,未知,,,89.95,65.5376,55.6198,12.1878,2.4984,21849927.4739,21538541.3883,5845885233.999999,False,1,1,False,False,100.5,66.01,7.518527372699024,38.61920172599784,-10.49751243781094,False,34.45440956651717,1.410939133031408,93.51,89.54,1082821715.86,93.4967,,,8015332819.639999,37.3363,6.6845,0,21849927.4739,5845885233.999999,1.0,1.5,PASS,False,0.4444444444444444,93.51,89.54,1.0,93.51,,65.5376,12.1878,6.6845,0.700861939899476,99.46392506573181,0.0,0.0,89.95,100.5,False,0,93.92898052691866,CHASE,0.9373088685015291,1,1,75.0,393,32.690095449261875,True,7.518527372699024,,0.003198444603054372,True,False,独立池,93.51,0.0,22.206968558687173,70.12008786981303,1.0,0.0,70.12,Tier2
600185.SH,600185,珠免集团,19990611,,主板,L,152156599.85,0.17482517482518833,未知,未知,,,5.73,,,125.1074,1.2889,1080108.3205,1080108.3205,145661235.60000002,True,0,0,False,False,6.13,5.69,-3.8590604026845554,-30.797101449275356,-6.525285481239795,False,0.17482517482518833,1.410939133031408,146.0314,49.4066,42528483.66,108.9746,,,-1697546368.51,68.8269,40.6617,0,1080108.3205,145661235.60000002,1.0,1.5,PASS,False,0.4444444444444444,146.0314,49.4066,1.0,146.0314,,,125.1074,40.6617,,99.46392506573181,0.0,0.0,5.73,6.13,False,0,73.25315005727376,,0.4525993883792049,0,0,5.0,393,-1.5894889424301062,False,-3.8590604026845554,,0.015493550961563213,False,False,独立池,146.0314,0.0,22.97431497602881,29.07080801238789,1.0,0.0,29.07,Other
600186.SH,600186,莲花控股,19980825,,主板,L,2969249552.55,34.46033810143041,未知,未知,,,10.34,59.9677,52.7222,9.8187,11.9581,1853718.6388,1849968.9929,2819925665.3999996,True,2,1,False,False,11.55,7.1,0.3883495145631022,71.4759535655058,-10.476190476190483,False,34.46033810143041,1.410939133031408,39.18,45.42,139436728.84,97.1807,,,847775524.12,-84.5101,7.4533,0,1853718.6388,2819925665.3999996,1.0,1.5,PASS,False,0.4444444444444444,39.18,45.42,1.0,39.18,ESP-Q,59.9677,9.8187,7.4533,1.530569167942828,99.46392506573181,0.0,0.0,10.34,11.55,False,0,95.87628865979381,CHASE,0.9380733944954128,1,1,100.0,393,32.69602398417511,True,0.3883495145631022,,-0.0012023295677943547,True,False,独立池,39.18,0.0,21.413198193575596,83.04552623665327,0.7,0.0,58.13,Tier2
600188.SH,600188,兖矿能源,19980701,,主板,L,1242533338.1,10.213652944241769,未知,未知,,,21.15,25.3288,22.0531,2.7754,1.1174,21227942.0223,12608259.5223,1131507962.2,True,0,0,False,False,23.6,18.21,-1.214385801027562,33.102580239144096,-10.381355932203407,False,10.213652944241769,1.410939133031408,,-46.73,,,,,18347667000.0,107.709,3.8434,0,21227942.0223,1131507962.2,1.0,1.5,PASS,False,0.4444444444444444,,-46.73,1.0,0.0,DATA-INC,25.3288,2.7754,3.8434,,99.46392506573181,0.0,0.0,21.15,23.6,False,0,73.25315005727376,,0.7117737003058104,1,1,100.0,393,8.449338826986475,True,-1.214385801027562,,-0.022583305955413795,False,False,独立池,0.0,0.0,20.84077185628365,76.14409938843886,1.0,0.0,76.14,Tier2
600196.SH,600196,复星医药,19980807,,主板,L,538780821.9999999,-9.96268656716418,未知,未知,,,24.13,19.1177,18.5345,1.3111,0.893,6443745.9612,5111913.5347,652002634.8,True,0,0,False,False,27.09,24.03,-4.962583694367872,-10.029828486204329,-10.926541159099301,False,-9.96268656716418,1.410939133031408,21.96,1.12,500532364.71,57.4779,,,5374722698.059999,83.5115,1.7792,0,6443745.9612,652002634.8,1.0,1.5,PASS,False,0.4444444444444444,21.96,1.12,1.0,21.96,ESP-Q,19.1177,1.3111,1.7792,0.8705692167577412,99.46392506573181,0.0,0.0,24.13,27.09,False,0,73.25315005727376,,0.12155963302752294,0,0,5.0,393,-11.727000684419474,False,-4.962583694367872,,0.011844814365930016,False,False,独立池,21.96,0.0,21.16161112037071,28.70826724125627,0.7,0.0,20.1,Other
600203.SH,600203,福日电子,19990514,,主板,L,331902346.4,9.956331877729262,未知,未知,,,12.59,,195.4411,4.5246,3.7655,746571.9952,746571.9952,304599444.59999996,False,0,0,False,False,13.43,11.33,-4.693414080242253,1.5322580645161343,-6.254653760238272,False,9.956331877729262,1.410939133031408,194.2482,82.9982,43848036.71,94.4603,,,34641788.85,-553.102,2.8558,0,746571.9952,304599444.59999996,1.0,1.5,PASS,False,0.4444444444444444,194.2482,82.9982,1.0,194.2482,ESP-Q,,4.5246,2.8558,,99.46392506573181,0.0,0.0,12.59,13.43,False,0,90.60710194730814,,0.7071865443425076,1,1,75.0,393,8.192017760473968,True,-4.693414080242253,,-0.020530044309996096,False,False,独立池,194.2482,0.0,23.67877046913597,69.41788467801963,0.7,0.0,48.59,Other
600206.SH,600206,有研新材,19990319,,主板,L,2611218711.6,38.62194016319129,未知,未知,,,30.58,97.7667,90.6188,5.9582,12.4835,2588760.0893,2588760.0893,3572181679.2,True,1,0,False,False,33.44,21.78,-6.96683906297536,39.126478616924466,-8.552631578947366,False,38.62194016319129,1.410939133031408,4.75,88.23,65929618.71,74.69,,,565905605.33,-1120.9168,2.0527,0,2588760.0893,3572181679.2,1.0,1.5,PASS,False,0.4444444444444444,4.75,88.23,1.0,4.75,ESP-Q,97.7667,5.9582,2.0527,20.582463157894736,99.46392506573181,0.0,0.0,30.58,33.44,False,0,99.19816723940436,CHASE,0.9518348623853211,1,1,100.0,393,36.857626045935994,True,-6.96683906297536,,0.003795957555540555,True,False,独立池,4.75,0.0,20.910170148834357,83.94148420158818,0.7,0.0,58.76,Tier2
600207.SH,600207,安彩高科,19990714,,主板,L,250206437.55000007,26.07879924953096,未知,未知,,,6.72,,,3.8981,5.7236,732018.0363,732018.0363,391838921.20000005,True,1,1,False,False,6.91,5.23,5.494505494505497,31.76470588235294,-2.749638205499283,False,26.07879924953096,1.410939133031408,-31.4016,-75.759,-150991356.21,,,,-1478355419.92,,-7.5792,0,732018.0363,391838921.20000005,1.0,1.5,PASS,False,0.4444444444444444,-31.4016,-75.759,1.0,-32.4016,,,3.8981,-7.5792,,99.46392506573181,0.0,0.0,6.72,6.91,False,0,96.10538373424971,CHASE,0.8944954128440367,1,1,100.0,393,24.314485132275664,True,5.494505494505497,OVERHEAT,-0.005014484140944557,True,True,独立池,-32.4016,0.0,20.36737907398659,82.90509093507222,1.0,0.0,82.91,Tier2
600208.SH,600208,衢州发展,19990623,,主板,L,1430937993.85,51.39318885448916,未知,未知,,,4.89,159.3435,274.4069,0.9957,4.3537,4160872.0512,4160400.4288,1711340630.2,True,3,1,False,True,5.51,3.21,-4.117647058823525,31.099195710455763,-11.252268602540838,False,51.39318885448916,1.410939133031408,39.44,-67.14,627495272.08,199.5488,,,2788208439.1800003,-129.2587,0.7568,0,4160872.0512,1711340630.2,1.0,1.5,PASS,False,0.4444444444444444,39.44,-67.14,1.0,39.44,ESP-Q,159.3435,0.9957,0.7568,4.0401495943204875,99.46392506573181,0.0,0.0,4.89,5.51,False,0,73.25315005727376,CHASE,0.9762996941896025,1,1,100.0,393,49.628874737233865,True,-4.117647058823525,突破型,7.5963835277525e-05,True,False,独立池,39.44,0.0,21.41699683695732,76.2593443845736,0.7,0.0,53.38,Tier2
600210.SH,600210,紫江企业,19990824,,主板,L,159130163.65,-3.2951289398280847,未知,未知,,,6.75,9.87,9.4238,1.4814,1.357,1023796.9067,1023796.9067,158502665.79999998,True,0,0,False,False,7.34,6.7,-2.315484804630974,-11.41732283464567,-8.038147138964579,False,-3.2951289398280847,1.410939133031408,27.4,-0.84,209383044.67,95.8785,,,2150136844.08,-70.9064,3.2131,0,1023796.9067,158502665.79999998,1.0,1.5,PASS,False,0.4444444444444444,27.4,-0.84,1.0,27.4,ESP-Q,9.87,1.4814,3.2131,0.3602189781021898,99.46392506573181,10.0,0.0,6.75,7.34,False,0,73.25315005727376,,0.3348623853211009,0,0,5.0,393,-5.05944305708338,False,-2.315484804630974,,0.01951752610855073,False,False,独立池,27.4,0.0,21.24109042804984,28.724163102792097,0.7,0.0,30.11,Other
600212.SH,600212,绿能慧充,19990817,,主板,L,155826013.65,-10.038119440914873,未知,未知,,,7.08,299.2385,2321.0344,8.6398,3.4433,498538.3508,376075.5908,159374396.79999998,True,0,0,False,False,8.25,7.05,-3.8043478260869623,-8.645161290322578,-14.181818181818183,False,-10.038119440914873,1.410939133031408,-204.7141,-26.26,-22601162.25,,,,-1906288.9299999997,,-3.6605,0,498538.3508,159374396.79999998,1.0,1.5,PASS,False,0.4444444444444444,-204.7141,-26.26,1.0,-205.7141,,299.2385,8.6398,-3.6605,,99.46392506573181,0.0,0.0,7.08,8.25,False,0,63.34478808705612,,0.11773700305810397,0,0,5.0,393,-11.802433558170167,False,-3.8043478260869623,,0.008424126360577757,False,False,独立池,-205.7141,0.0,17.835254531314032,25.070487332379642,1.0,0.0,25.07,Other
600216.SH,600216,浙江医药,19991021,,主板,L,289158751.5,-7.329842931937169,未知,未知,,,14.16,15.5909,18.1241,1.2114,1.7437,1361679.054,1347167.4966,229039029.79999998,True,0,0,False,False,16.13,14.06,-2.2774327122153215,-8.762886597938135,-12.21326720396776,False,-7.329842931937169,1.410939133031408,-31.89,-28.1,273967327.09,95.4549,,,2664467263.5299997,32.6471,2.5876,0,1361679.054,229039029.79999998,1.0,1.5,PASS,False,0.4444444444444444,-31.89,-28.1,1.0,-32.89,,15.5909,1.2114,2.5876,,99.46392506573181,0.0,0.0,14.16,16.13,True,0,73.25315005727376,,0.19571865443425077,0,0,5.0,393,-9.094157049192464,False,-2.2774327122153215,,0.022625531437784598,False,False,独立池,-32.89,0.0,20.36024346849569,28.547993710881265,1.0,0.0,28.55,Other
600219.SH,600219,南山铝业,19991223,,主板,L,1304285614.1499999,-15.806451612903228,工业金属,未知,801055.SI,240000,5.22,12.6586,14.5052,1.1765,2.0608,5994492.2138,5994492.2138,1175526917.6,False,0,0,False,False,6.42,5.19,-5.605786618444853,-23.7956204379562,-18.691588785046733,False,-15.806451612903228,1.410939133031408,-36.18,-6.08,1082014179.08,98.2957,,,12053159114.65,76.5505,2.1898,0,5994492.2138,1175526917.6,1.0,1.5,PASS,False,0.2222222222222222,-36.18,-6.08,-28.61,-18.09,,12.6586,1.1765,2.1898,,25.102225,0.0,0.0,5.22,6.42,False,0,77.54868270332189,,0.25,0,0,0.0,2,-14.993035294749502,False,-5.605786618444853,TIER2_FORCED,-0.004162899207155537,False,False,全市场,-18.09,-0.787299032461455,22.0,27.664604810996565,1.0,0.0,27.66,Tier2
600221.SH,600221,海航控股,19991125,,主板,L,660207174.0,3.424657534246589,未知,未知,,,1.51,32.9642,19.011,9.3837,0.8383,6525560.5128,6469672.7549,728714637.4,True,0,0,False,False,1.65,1.42,-4.430379746835444,-13.714285714285712,-8.484848484848484,False,3.424657534246589,1.410939133031408,494.3,145.0842,1533777000.0,88.904,,,5113650000.0,249.8544,28.2383,0,6525560.5128,728714637.4,1.0,1.5,PASS,False,0.4444444444444444,494.3,145.0842,1.0,494.3,,32.9642,9.3837,28.2383,0.06668865061703419,99.46392506573181,0.0,0.0,1.51,1.65,False,0,73.25315005727376,,0.5496941896024465,0,1,55.0,393,1.6603434169912945,False,-4.430379746835444,,-0.005529283574451492,False,False,独立池,494.3,0.0,28.062577331613152,55.08846048350476,1.0,0.0,55.09,Tier2
600222.SH,600222,太龙药业,19991105,,主板,L,186436614.29999998,5.1490514905149,未知,未知,,,7.76,74.2274,72.9261,2.7725,5.1635,445335.7556,445335.7556,335502686.4,True,1,1,False,False,7.97,6.65,0.2583979328165231,14.117647058823524,-2.634880803011297,False,5.1490514905149,1.410939133031408,-83.35,37.79,76215.78,2.9301,,,87458650.38,-7916.7538,0.162,0,445335.7556,335502686.4,1.0,1.5,PASS,False,0.4444444444444444,-83.35,37.79,1.0,-84.35,ESP-Q,74.2274,2.7725,0.162,,99.46392506573181,0.0,0.0,7.76,7.97,False,0,73.25315005727376,,0.6062691131498471,0,1,55.0,393,3.3847373732596053,False,0.2583979328165231,,-0.007568225458937455,False,False,独立池,-84.35,0.0,19.608404282251595,53.39762587363245,0.7,0.0,37.38,Other
600226.SH,600226,亨通股份,19991116,,主板,L,424629272.4499999,6.01503759398494,未知,未知,,,5.64,83.4934,82.7852,4.5267,4.1908,1677551.0103,1677551.0103,624927881.4000001,True,0,0,False,False,5.9,5.1,0.8944543828264706,-4.890387858347389,-4.406779661016957,False,6.01503759398494,1.410939133031408,-12.36,-13.97,44179484.49,61.5169,,,343394973.75,-403.5363,1.9578,0,1677551.0103,624927881.4000001,1.0,1.5,PASS,False,0.4444444444444444,-12.36,-13.97,1.0,-13.36,ESP-Q,83.4934,4.5267,1.9578,,99.46392506573181,0.0,0.0,5.64,5.9,False,0,66.55211912943871,,0.6246177370030581,0,1,55.0,393,4.250723476729645,False,0.8944543828264706,,-0.007703529048880481,False,False,独立池,-13.36,0.0,20.6455800271305,51.594751744257714,0.7,0.0,36.12,Other
600230.SH,600230,沧州大化,20000406,,主板,L,272618418.45,-11.653944020356233,未知,未知,,,17.36,232.9186,89.2035,1.7674,3.4037,718636.322,718636.322,307619949.6,True,0,0,False,False,20.05,16.87,0.05763688760804797,-19.592403890690136,-13.41645885286784,False,-11.653944020356233,1.410939133031408,507.36,29.61,58662269.96,101.4459,,,167782881.23000002,60.6528,1.4327,0,718636.322,307619949.6,1.0,1.5,PASS,False,0.4444444444444444,507.36,29.61,1.0,507.36,,232.9186,1.7674,1.4327,0.4590795490381583,99.46392506573181,0.0,0.0,17.36,20.05,False,0,73.25315005727376,,0.08333333333333333,0,0,5.0,393,-13.418258137611527,False,0.05763688760804797,,-0.0007003772252214942,False,False,独立池,507.36,0.0,28.253386110710476,30.126622239324224,1.0,0.0,30.13,Other
600233.SH,600233,圆通速递,20000608,,主板,L,550891253.7499999,-5.674418604651155,未知,未知,,,20.28,16.059,14.3326,1.9174,0.5419,6941250.2787,6941250.2787,401865624.0,True,0,0,False,False,22.86,19.99,-2.920057443752988,12.416851441241693,-11.286089238845133,False,-5.674418604651155,1.410939133031408,65.79,9.73,1343328200.0,97.5152,,,10101312600.0,90.0581,3.8788,0,6941250.2787,401865624.0,1.0,1.5,PASS,False,0.4444444444444444,65.79,9.73,1.0,65.79,,16.059,1.9174,3.8788,0.24409484724122207,99.46392506573181,10.0,0.0,20.28,22.86,True,0,88.31615120274914,,0.24694189602446484,0,0,5.0,393,-7.438732721906449,False,-2.920057443752988,,-0.007741667283166268,False,False,独立池,65.79,0.0,21.80197473352809,33.35524030753036,1.0,0.0,43.36,Other
600236.SH,600236,桂冠电力,20000323,,主板,L,369857400.1,10.123966942148765,未知,未知,,,10.66,25.6209,23.3705,4.3961,0.5499,8402614.7369,8402614.7369,708646804.8000001,True,1,1,False,False,12.65,9.44,-8.340498710232158,21.82857142857142,-15.731225296442686,False,10.123966942148765,1.410939133031408,58.97,35.49,856120082.32,99.6457,,,7765385678.15,159.0556,4.0514,0,8402614.7369,708646804.8000001,1.0,1.5,PASS,False,0.4444444444444444,58.97,35.49,1.0,58.97,,25.6209,4.3961,4.0514,0.43447346108190604,99.46392506573181,0.0,0.0,10.66,12.65,False,0,88.65979381443299,,0.7102446483180428,1,1,100.0,393,8.359652824893471,True,-8.340498710232158,,0.009263514892426385,False,False,独立池,58.97,0.0,21.702333395592127,80.93840482344832,1.0,0.0,80.94,Tier2
600237.SH,600237,铜峰电子,20000609,,主板,L,223484421.1,-6.743940990516339,未知,未知,,,8.85,46.5377,47.5894,2.7881,3.6546,557983.4332,552784.9786,235020075.40000004,True,0,0,False,False,9.7,8.71,-7.232704402515722,-8.856848609680757,-8.762886597938147,False,-6.743940990516339,1.410939133031408,,26.89,,,,,232401036.36,206.3437,1.2392,0,557983.4332,235020075.40000004,1.0,1.5,PASS,False,0.4444444444444444,,26.89,1.0,0.0,DATA-INC,46.5377,2.7881,1.2392,,99.46392506573181,0.0,0.0,8.85,9.7,False,0,73.25315005727376,,0.20795107033639143,0,0,5.0,393,-8.508255107771634,False,-7.232704402515722,,-0.008643175626254952,False,False,独立池,0.0,0.0,20.84077185628365,28.644099388438857,1.0,0.0,28.64,Other
600246.SH,600246,万通发展,20000922,,主板,L,1262794509.8999999,38.35758835758838,未知,未知,,,13.31,,,5.6614,11.461,2586116.3306,2516139.0056,1850946158.6,True,2,1,False,False,13.77,9.38,3.2583397982932416,11.287625418060188,-3.340595497458232,False,38.35758835758838,1.410939133031408,-186.72,-49.13,-104185951.29,,,,-1039506327.79,,-2.4364,0,2586116.3306,1850946158.6,1.0,1.5,PASS,False,0.4444444444444444,-186.72,-49.13,1.0,-187.72,,,5.6614,-2.4364,,99.46392506573181,0.0,0.0,13.31,13.77,False,0,80.29782359679267,CHASE,0.9503058103975535,1,1,100.0,393,36.59327424033308,True,3.2583397982932416,,0.005022798745387584,True,False,独立池,-187.72,0.0,18.098151334679653,77.70897734597374,1.0,0.0,77.71,Tier2
600250.SH,600250,南京商旅,20010306,,主板,L,186288347.59999996,-12.959719789842383,未知,未知,,,9.94,351.6105,312.6931,4.978,3.0756,310914.6556,310914.6556,108368036.4,False,0,0,False,False,11.88,9.9,-4.146576663452262,-14.236410698878343,-16.32996632996634,False,-12.959719789842383,1.410939133031408,32.32,29.21,4310886.82,93.4239,,,37909683.9,88.9058,0.7479,0,310914.6556,108368036.4,1.0,1.5,PASS,False,0.4444444444444444,32.32,29.21,1.0,32.32,|VAL-X,351.6105,4.978,0.7479,10.879037747524752,99.46392506573181,0.0,15.0,9.94,11.88,True,0,71.93585337915235,,0.05963302752293578,0,0,5.0,393,-14.724033907097677,False,-4.146576663452262,,-0.006440552029915833,False,False,独立池,32.32,0.0,21.31297244896552,28.343350503538808,1.0,15.0,13.34,Other
600251.SH,600251,冠农股份,20030609,,主板,L,229292430.70000005,5.6880733944953965,未知,未知,,,11.52,25.6884,19.6901,2.2155,1.6847,895096.6076,895096.6076,168390685.60000002,False,0,0,False,False,13.21,10.85,-6.720647773279353,10.769230769230752,-12.79333838001515,False,5.6880733944953965,1.410939133031408,58.19,56.8,283857007.36,97.4231,,,1226005766.13,34.6276,7.4601,0,895096.6076,168390685.60000002,1.0,1.5,PASS,False,0.4444444444444444,58.19,56.8,1.0,58.19,,25.6884,2.2155,7.4601,0.4414572950678811,99.46392506573181,0.0,0.0,11.52,13.21,True,0,77.09049255441009,,0.617737003058104,0,1,40.0,393,3.923759277240102,False,-6.720647773279353,,-0.015363441178982251,False,False,独立池,58.19,0.0,21.69093746544696,47.46533525941242,1.0,0.0,47.47,Other
600255.SH,600255,鑫科材料,20001122,,主板,L,164880320.9,-2.5139664804469275,未知,未知,,,3.49,204.0584,164.0725,4.2711,2.6685,630345.2873,630345.2873,177646522.8,False,0,0,False,False,3.82,3.47,-6.182795698924726,-8.638743455497377,-8.638743455497377,False,-2.5139664804469275,1.410939133031408,95.92,-67.52,13146858.28,79.8695,,,51457609.58,-474.003,1.1216,0,630345.2873,177646522.8,1.0,1.5,PASS,False,0.4444444444444444,95.92,-67.52,1.0,95.92,ESP-Q,204.0584,4.2711,1.1216,2.1273811509591325,99.46392506573181,0.0,10.0,3.49,3.82,False,0,72.73768613974799,,0.35856269113149847,0,0,5.0,393,-4.2782805977022225,False,-6.182795698924726,,-0.004021468924836301,False,False,独立池,95.92,0.0,22.242179060802375,28.76974165408487,0.7,10.0,10.14,Other
600256.SH,600256,广汇能源,20000526,,主板,L,1247594942.1000001,0.47095761381477086,未知,未知,,,6.4,30.4095,46.0796,1.6759,3.7828,4090881.897,4090881.897,1033973752.0,True,0,0,False,False,6.83,5.94,1.9108280254777066,16.788321167883204,-6.295754026354317,False,0.47095761381477086,1.410939133031408,-63.65,-55.38,254571249.53,107.6925,,,3342491283.8,403.3459,0.9722,0,4090881.897,1033973752.0,1.0,1.5,PASS,False,0.4444444444444444,-63.65,-55.38,1.0,-64.65,,30.4095,1.6759,0.9722,,99.46392506573181,0.0,0.0,6.4,6.83,False,0,75.71592210767469,,0.46559633027522934,0,0,5.0,393,-1.2933565034405237,False,1.9108280254777066,,-0.005068146023357514,False,False,独立池,-64.65,0.0,19.896224569251373,29.194021546152683,1.0,0.0,29.19,Other
600259.SH,600259,中稀有色,20000525,,主板,L,1793857169.2499998,5.473501303214601,未知,未知,,,97.12,256.1595,130.0779,9.0467,6.7236,3267465.5579,3267465.5579,2412994092.4000006,True,1,1,False,False,110.0,85.09,-10.866372980910421,18.656078191814316,-11.709090909090902,False,5.473501303214601,1.410939133031408,283.88,151.0055,172985158.79,101.2152,,,581267970.61,-235.7846,4.7787,0,3267465.5579,2412994092.4000006,1.0,1.5,PASS,False,0.4444444444444444,283.88,151.0055,1.0,283.88,ESP-Q,256.1595,9.0467,4.7787,0.9023513456390023,99.46392506573181,0.0,0.0,97.12,110.0,False,0,73.25315005727376,,0.6131498470948012,0,1,55.0,393,3.709187185959306,False,-10.866372980910421,,0.01231065178448076,False,False,独立池,283.88,0.0,24.98830602245104,54.473606221672334,0.7,0.0,38.13,Other
600261.SH,600261,阳光照明,20000720,,主板,L,150581121.65,-6.830601092896171,未知,未知,,,3.41,24.144,33.4699,1.2883,2.28,455253.0614,455253.0614,105546611.60000002,True,1,0,False,False,4.23,3.38,-8.086253369272233,-11.658031088082899,-19.385342789598113,False,-6.830601092896171,1.410939133031408,-32.9,-56.43,20569606.62,284.0571,,,186566536.44,-126.6083,0.2048,0,455253.0614,105546611.60000002,1.0,1.5,PASS,False,0.4444444444444444,-32.9,-56.43,1.0,-33.9,ESP-Q,24.144,1.2883,0.2048,,99.46392506573181,0.0,0.0,3.41,4.23,True,0,89.3470790378007,,0.20489296636085627,0,0,5.0,393,-8.594915210151466,False,-8.086253369272233,,0.03704269365784343,False,False,独立池,-33.9,0.0,20.345487199974382,33.37322115133509,0.7,0.0,23.36,Other
600262.SH,600262,北方股份,20000630,,主板,L,197258193.4,-3.67789392179636,未知,未知,,,24.88,19.6289,18.6117,2.2609,3.6201,422960.0,422960.0,184722360.40000004,True,0,0,False,False,28.1,22.71,-1.504354711005551,-18.157894736842106,-11.459074733096097,False,-3.67789392179636,1.410939133031408,19.63,27.69,75012200.88,99.699,,,548839242.47,407.2495,4.1057,0,422960.0,184722360.40000004,1.0,1.5,PASS,False,0.4444444444444444,19.63,27.69,1.0,19.63,,19.6289,2.2609,4.1057,0.9999439633214469,99.46392506573181,10.0,0.0,24.88,28.1,False,0,83.61970217640321,,0.3241590214067278,0,0,5.0,393,-5.442208039051655,False,-1.504354711005551,,0.0030232400139993945,False,False,独立池,19.63,0.0,21.127569431603735,31.81142453924171,1.0,0.0,41.81,Other
600266.SH,600266,城建发展,19990203,,主板,L,223395184.04999998,-1.7716535433070835,未知,未知,,,4.99,,,0.5667,1.6483,1035796.01,1035796.01,229741198.99999997,True,0,0,False,False,5.46,4.68,-7.076350093109863,-14.554794520547942,-8.608058608058599,False,-1.7716535433070835,1.410939133031408,147.31,51.1048,484434759.74,295.3478,,,453497695.5400001,-654.7883,0.7997,0,1035796.01,229741198.99999997,1.0,1.5,PASS,False,0.4444444444444444,147.31,51.1048,1.0,147.31,ESP-Q,,0.5667,0.7997,,99.46392506573181,0.0,0.0,4.99,5.46,False,0,73.25315005727376,,0.37767584097859325,0,0,5.0,393,-3.535967660562378,False,-7.076350093109863,,-0.003624251826653122,False,False,独立池,147.31,0.0,22.992995535366774,29.074544124255482,0.7,0.0,20.35,Other
600267.SH,600267,海正药业,20000725,,主板,L,430937934.40000004,-2.019315188762072,未知,未知,,,11.16,24.742,19.0526,1.4952,2.235,1337817.4947,1337817.4947,313790406.40000004,True,1,0,False,False,12.24,10.4,-5.50381033022862,6.590257879656147,-8.823529411764708,False,-2.019315188762072,1.410939133031408,29.43,36.11,235775846.48,66.2867,,,1633190894.0900002,93.2368,4.0523,0,1337817.4947,313790406.40000004,1.0,1.5,PASS,False,0.4444444444444444,29.43,36.11,1.0,29.43,ESP-Q,24.742,1.4952,4.0523,0.8407067618076792,99.46392506573181,0.0,0.0,11.16,12.24,True,0,72.16494845360825,,0.36926605504587157,0,0,5.0,393,-3.7836293060173665,False,-5.50381033022862,,-0.0025793010137593643,False,False,独立池,29.43,0.0,21.270749066760985,28.403634349434668,0.7,0.0,19.88,Other
600271.SH,600271,航天信息,20030711,,主板,L,178701444.8,-7.110091743119273,未知,未知,,,8.1,,,1.156,1.1722,1500836.5568,1500836.5568,179836391.4,True,0,0,False,False,8.89,8.03,-7.744874715261951,-20.8984375,-8.886389201349843,False,-7.110091743119273,1.410939133031408,12.6603,-157.919,-256237700.0,,,,-1956904100.0,,-2.0012,0,1500836.5568,179836391.4,1.0,1.5,PASS,False,0.4444444444444444,12.6603,-157.919,1.0,12.6603,ESP-Q,,1.156,-2.0012,,99.46392506573181,0.0,0.0,8.1,8.89,False,0,77.09049255441009,,0.19801223241590213,0,0,5.0,393,-8.874405860374567,False,-7.744874715261951,,0.006542169417676744,False,False,独立池,12.6603,0.0,21.025740951689908,29.83229595666101,0.7,0.0,20.88,Other
600273.SH,600273,嘉化能源,20030627,,主板,L,165194820.25,-10.777777777777786,未知,未知,,,8.03,10.6604,12.9124,1.0349,1.5769,1052981.225,1052981.225,170876637.20000002,False,0,0,False,False,9.19,7.99,-0.3722084367245748,-28.875110717449072,-12.622415669205655,False,-10.777777777777786,1.410939133031408,-24.37,-9.57,198524781.37,192.0414,,,2313421522.43,124.1637,1.0162,0,1052981.225,170876637.20000002,1.0,1.5,PASS,False,0.4444444444444444,-24.37,-9.57,1.0,-25.37,,10.6604,1.0349,1.0162,,99.46392506573181,0.0,0.0,8.03,9.19,False,0,73.25315005727376,,0.10321100917431193,0,0,5.0,393,-12.54209189503308,False,-0.3722084367245748,,0.019564698837711232,False,False,独立池,-25.37,0.0,20.470111923228604,28.56996740182785,1.0,0.0,28.57,Other
600276.SH,600276,恒瑞医药,20001018,,主板,L,4548431429.249999,-6.478434089728036,未知,未知,,,53.99,46.4713,44.1348,5.632,1.2008,35834242.1197,34440233.2773,7188717213.8,True,0,0,False,False,58.87,52.12,0.8781763826606781,-6.022628372497829,-8.289451333446573,False,-6.478434089728036,1.410939133031408,16.59,20.0,2172398804.54,95.186,,,19448002657.22,30.1616,3.6546,0,35834242.1197,7188717213.8,1.0,1.5,PASS,False,0.4444444444444444,16.59,20.0,1.0,16.59,,46.4713,5.632,3.6546,2.801163351416516,99.46392506573181,0.0,0.0,53.99,58.87,False,0,91.92439862542955,,0.21941896024464833,0,0,5.0,393,-8.24274820698333,False,0.8781763826606781,,-0.007771385158318328,False,False,独立池,16.59,0.0,21.08315452437128,34.29395049250312,1.0,0.0,34.29,Other
600282.SH,600282,南钢股份,20000919,,主板,L,222551883.4,-10.796460176991152,未知,未知,,,5.04,10.8362,10.7661,1.1348,0.5122,3107205.8695,3107205.8695,194851216.2,True,0,0,False,False,5.77,5.03,-3.8167938931297773,-8.860759493670889,-12.651646447140374,False,-10.796460176991152,1.410939133031408,-13.62,13.02,431098272.24,72.1973,,,5862108441.57,103.3231,2.1347,0,3107205.8695,194851216.2,1.0,1.5,PASS,False,0.4444444444444444,-13.62,13.02,1.0,-14.62,ESP-Q,10.8362,1.1348,2.1347,,99.46392506573181,0.0,0.0,5.04,5.77,False,0,73.25315005727376,,0.10168195718654434,0,0,5.0,393,-12.560774294246446,False,-3.8167938931297773,,0.016630944541638246,False,False,独立池,-14.62,0.0,20.627171216895995,28.601379260561327,0.7,0.0,20.02,Other
600285.SH,600285,羚锐制药,20001018,,主板,L,191675437.95,2.1296296296296147,未知,未知,,,22.06,16.472,15.8558,3.4286,1.7817,1251056.7621,1248299.2621,182610700.4,False,0,0,False,False,22.93,21.0,1.0535959688502183,-0.4063205417607185,-3.794156127344095,False,2.1296296296296147,1.410939133031408,11.59,10.81,227551542.24,92.3753,,,1986825223.75,94.1093,6.9887,0,1251056.7621,182610700.4,1.0,1.5,PASS,False,0.4444444444444444,11.59,10.81,1.0,11.59,,16.472,3.4286,6.9887,1.4212251941328733,99.46392506573181,10.0,0.0,22.06,22.93,False,0,73.25315005727376,,0.5099388379204893,0,0,5.0,393,0.36531551237432014,False,1.0535959688502183,,0.009050947778473675,False,False,独立池,11.59,0.0,21.010103690107375,28.6779657552036,1.0,0.0,38.68,Other
600292.SH,600292,电投水电,20001101,,主板,L,311764992.90000004,-2.7272727272727226,未知,未知,,,14.98,123.2881,74.1357,3.7604,4.1516,6561548.8891,658046.8073,301341651.8,True,0,0,False,False,16.66,14.96,-5.963590709353417,8.158844765342966,-10.084033613445376,False,-2.7272727272727226,1.410939133031408,176.21,149.94,392164087.04,99.7871,,,496337722.36,98.9403,2.2806,0,6561548.8891,301341651.8,1.0,1.5,PASS,False,0.4444444444444444,176.21,149.94,1.0,176.21,,123.2881,3.7604,2.2806,0.6996657397423528,99.46392506573181,0.0,0.0,14.98,16.66,False,0,98.96907216494846,,0.3516819571865443,0,0,5.0,393,-4.491586844528017,False,-5.963590709353417,,-0.002105450809917936,False,False,独立池,176.21,0.0,23.41522935741214,36.873767520966965,1.0,0.0,36.87,Other
600295.SH,600295,鄂尔多斯,20010426,,主板,L,163738302.54999995,-2.533333333333343,未知,未知,,,14.62,17.3178,15.9885,1.8203,0.4241,4091810.8833,2888292.4833,139006504.99999997,True,0,0,False,False,16.22,14.49,-4.381948986265538,-4.0682414698162805,-9.864364981504314,False,-2.533333333333343,1.410939133031408,35.64,33.93,636891620.18,97.1664,,,5406686395.259999,89.7291,2.9612,0,4091810.8833,139006504.99999997,1.0,1.5,PASS,False,0.4444444444444444,35.64,33.93,1.0,35.64,,17.3178,1.8203,2.9612,0.48590909090909085,99.46392506573181,10.0,0.0,14.62,16.22,False,0,73.25315005727376,,0.3562691131498471,0,0,5.0,393,-4.297647450588638,False,-4.381948986265538,,-0.004300949646171242,False,False,独立池,35.64,0.0,21.361478202916757,28.74824065776548,1.0,0.0,38.75,Other
600298.SH,600298,安琪酵母,20000818,,主板,L,308060101.84999996,-10.604192355117137,未知,未知,,,36.25,20.3718,19.6613,2.5242,0.9741,3146241.4324,3107170.4574,409602100.4,False,0,0,False,False,41.0,36.06,-4.075152156655193,-17.180717386337683,-11.585365853658535,False,-10.604192355117137,1.410939133031408,14.46,16.19,385759763.94,90.5699,,,3452280372.4900002,-68.8928,3.4787,0,3146241.4324,409602100.4,1.0,1.5,PASS,False,0.4444444444444444,14.46,16.19,1.0,14.46,ESP-Q,20.3718,2.5242,3.4787,1.408838174273859,99.46392506573181,10.0,0.0,36.25,41.0,False,0,73.25315005727376,,0.10703363914373089,0,0,5.0,393,-12.368506472372431,False,-4.075152156655193,,0.01465383076273704,False,False,独立池,14.46,0.0,21.052034868974857,28.686351990977098,0.7,0.0,30.08,Other
600299.SH,600299,安迪苏,20000420,,主板,L,274306770.29999995,-12.73247496423463,未知,未知,,,12.2,32.5442,37.7525,1.9137,0.5879,3757330.6935,3271919.5531,195523250.39999995,True,0,0,False,False,14.93,12.15,-1.8503620273531807,24.236252545824843,-18.285331547220363,False,-12.73247496423463,1.410939133031408,-35.45,-9.18,301771455.0,98.7757,,,3252726120.0,161.2004,1.547,0,3757330.6935,195523250.39999995,1.0,1.5,PASS,False,0.4444444444444444,-35.45,-9.18,1.0,-36.45,,32.5442,1.9137,1.547,,99.46392506573181,0.0,0.0,12.2,14.93,True,0,73.25315005727376,,0.06345565749235474,0,0,5.0,393,-14.496789081489924,False,-1.8503620273531807,,-0.004778767208377236,False,False,独立池,-36.45,0.0,20.308231274499793,28.537591272082086,1.0,0.0,28.54,Other
600301.SH,600301,华锡有色,20000712,,主板,L,898757400.1,12.540192926045023,未知,未知,,,56.0,44.2369,42.719,7.1099,5.0486,3542377.8824,1541879.8136,937251031.4000001,True,1,1,False,False,64.7,48.55,-10.955636826204485,11.888111888111897,-13.446676970633698,False,12.540192926045023,1.410939133031408,21.91,21.29,181862483.47,99.9831,,,1808492549.3,62.0178,3.7175,0,3542377.8824,937251031.4000001,1.0,1.5,PASS,False,0.4444444444444444,21.91,21.29,1.0,21.91,,44.2369,7.1099,3.7175,2.019027841168416,99.46392506573181,0.0,0.0,56.0,64.7,False,0,39.63344788087056,CAT-0,0.7568807339449541,1,1,100.0,393,10.775878808789729,True,-10.955636826204485,,-0.0002787406912745515,False,False,独立池,21.91,0.0,21.160880612028077,66.12221048666679,0.5,0.0,33.06,Other
600309.SH,600309,万华化学,20010105,,主板,L,2913188949.9000006,-8.161203412662765,未知,未知,,,81.81,20.4438,19.4566,2.299,0.9042,25610388.3723,25610388.3723,2481302338.6,False,0,0,False,False,91.36,81.43,-2.035684349179745,-5.987129395541246,-10.4531523642732,False,-8.161203412662765,1.410939133031408,18.2,-9.1,3593821260.15,96.6677,,,31082714342.01,129.2592,3.3843,0,25610388.3723,2481302338.6,1.0,1.5,PASS,False,0.4444444444444444,18.2,-9.1,1.0,18.2,ESP-Q,20.4438,2.299,3.3843,1.1232857142857142,99.46392506573181,10.0,0.0,81.81,91.36,False,0,73.25315005727376,,0.1643730886850153,0,0,5.0,393,-9.925517529918059,False,-2.035684349179745,,0.00020153126360627276,False,False,独立池,18.2,0.0,21.10667689300426,28.69728039578298,0.7,0.0,30.09,Other
600313.SH,600313,农发种业,20010119,,主板,L,323274164.45,-7.797537619699035,未知,未知,,,6.74,93.6498,153.6743,3.24,4.9402,782766.0551,729401.8989,431318928.8000001,True,0,0,False,False,7.54,6.65,-8.299319727891152,-11.432325886990801,-10.61007957559681,False,-7.797537619699035,1.410939133031408,-74.43,173.03,5497115.74,28.974,,,77424927.86,-328.0658,0.8606,0,782766.0551,431318928.8000001,1.0,1.5,PASS,False,0.4444444444444444,-74.43,173.03,1.0,-75.43,ESP-Q,93.6498,3.24,0.8606,,99.46392506573181,0.0,0.0,6.74,7.54,False,0,43.6426116838488,,0.17889908256880735,0,0,5.0,393,-9.56185173695433,False,-8.299319727891152,,0.008660250949813451,False,False,独立池,-75.43,0.0,19.738726970578398,19.54052889927032,0.7,0.0,13.68,Other
600320.SH,600320,振华重工,20001221,,主板,L,350498823.65,0.5928853754940677,未知,未知,,,5.09,36.6417,31.4429,1.6765,1.8218,2681591.932,1690896.8094,322156667.8,False,1,0,False,False,5.53,4.92,-5.214152700186226,-1.5473887814313358,-7.956600361663657,False,0.5928853754940677,1.410939133031408,37.29,136.35,369095628.0,98.0748,,,1477436437.0,112.3987,2.3038,0,2681591.932,322156667.8,1.0,1.5,PASS,False,0.4444444444444444,37.29,136.35,1.0,37.29,,36.6417,1.6765,2.3038,0.982614641995173,99.46392506573181,0.0,0.0,5.09,5.53,False,0,73.25315005727376,,0.47324159021406725,0,0,5.0,393,-1.1714287417612268,False,-5.214152700186226,,0.008494531558201174,False,False,独立池,37.29,0.0,21.38558497822384,28.753062012826895,1.0,0.0,28.75,Other
600323.SH,600323,瀚蓝环境,20001225,,主板,L,230971796.74999997,5.94782608695652,未知,未知,,,30.46,12.5873,11.6491,1.6333,0.8811,2483547.4067,2483547.4067,245698315.40000004,False,0,0,False,False,32.99,28.32,0.29634507737898996,4.386566141192594,-7.6689906032131,False,5.94782608695652,1.410939133031408,37.39,18.05,574068751.12,99.1539,,,4940506445.87,54.1121,3.8837,0,2483547.4067,245698315.40000004,1.0,1.5,PASS,False,0.4444444444444444,37.39,18.05,1.0,37.39,,12.5873,1.6333,3.8837,0.3366488365873228,99.46392506573181,10.0,0.0,30.46,32.99,False,0,81.09965635738831,,0.6230886850152905,0,1,40.0,393,4.183511969701225,False,0.29634507737898996,,0.0038252193248525484,False,False,独立池,37.39,0.0,21.38704599490912,48.60730610619832,1.0,0.0,58.61,Tier2
600326.SH,600326,西藏天路,20010116,,主板,L,234028819.60000005,-3.264417845484213,未知,未知,,,8.89,,402.9427,3.0911,2.4328,1211230.872,1211230.872,257973557.39999998,True,0,0,False,False,9.79,8.85,-8.255933952528371,-17.379182156133822,-9.193054136874345,False,-3.264417845484213,1.410939133031408,29.7011,28.3544,-59965141.45,,,,-266170200.24,,-0.9439,0,1211230.872,257973557.39999998,1.0,1.5,PASS,False,0.4444444444444444,29.7011,28.3544,1.0,29.7011,,,3.0911,-0.9439,,99.46392506573181,0.0,0.0,8.89,9.79,False,0,72.16494845360825,,0.33562691131498473,0,0,5.0,393,-5.028731962739508,False,-8.255933952528371,,0.005535256964502216,False,False,独立池,29.7011,0.0,21.274709882994774,28.404426512681425,1.0,0.0,28.4,Other
600329.SH,600329,达仁堂,20010606,,主板,L,154977920.9,2.8406355320173216,未知,未知,,,42.72,15.4379,15.087,4.3734,0.9137,3289843.0888,2422605.7288,211566102.99999997,False,0,0,False,False,44.24,38.92,-0.2801120448179373,-8.970807585766039,-3.4358047016274984,False,2.8406355320173216,1.410939133031408,11.61,6.56,419303881.59,98.9384,,,2628982606.95,85.3959,5.7968,0,3289843.0888,211566102.99999997,1.0,1.5,PASS,False,0.4444444444444444,11.61,6.56,1.0,11.61,,15.4379,4.3734,5.7968,1.3297071490094747,99.46392506573181,10.0,0.0,42.72,44.24,False,0,73.25315005727376,,0.5336391437308868,0,0,5.0,393,1.076321414762027,False,-0.2801120448179373,,-0.025918995423037352,False,False,独立池,11.61,0.0,21.010395893444432,28.678024195871014,1.0,0.0,38.68,Other
600331.SH,600331,宏达股份,20011220,,主板,L,1200002972.9499998,7.092651757188495,未知,未知,,,16.76,,,14.2139,3.1285,4427321.6,3405632.0,1205349399.0,True,0,0,False,False,18.84,15.53,-5.364201016374926,-2.3878858474082665,-11.040339702760072,False,7.092651757188495,1.410939133031408,7.0307,-764.87,-34430851.36,,,,-248404024.42,,-1.0758,0,4427321.6,1205349399.0,1.0,1.5,PASS,False,0.4444444444444444,7.0307,-764.87,1.0,7.0307,ESP-Q,,14.2139,-1.0758,,99.46392506573181,0.0,0.0,16.76,18.84,False,0,72.16494845360825,,0.6475535168195719,0,1,55.0,393,5.328337639933201,True,-5.364201016374926,,0.0016471904329151143,False,False,独立池,7.0307,0.0,20.943491556375495,53.33818284735757,0.7,0.0,37.34,Other
600332.SH,600332,白云山,20010206,,主板,L,225896456.5,-3.0000000000000027,未知,未知,,,22.31,12.1589,12.3139,0.9168,0.739,3627139.6072,3136542.7072,255211946.2,True,0,0,False,False,23.16,22.22,-2.4912587412587395,-12.681017612524471,-3.670120898100182,False,-3.0000000000000027,1.410939133031408,1.72,0.29,1703381020.16,95.4941,,,9141695057.869999,-100.6911,4.6122,0,3627139.6072,255211946.2,1.0,1.5,PASS,False,0.4444444444444444,1.72,0.29,1.0,1.72,ESP-Q,12.1589,0.9168,4.6122,7.069127906976743,99.46392506573181,10.0,0.0,22.31,23.16,False,0,88.31615120274914,,0.3470948012232416,0,0,5.0,393,-4.764314117255298,False,-2.4912587412587395,,0.00011895995614311119,False,False,独立池,1.72,0.0,20.865901343270433,33.16802562947883,0.7,0.0,33.22,Other
600338.SH,600338,西藏珠峰,20001227,,主板,L,2566650506.95,11.795681937862046,未知,未知,,,21.23,37.9051,34.299,4.2968,8.3589,1940868.1867,1940868.1867,1820951131.0000002,False,3,1,False,True,28.28,18.46,-12.05468102734052,20.83096186681843,-24.92927864214993,False,11.795681937862046,1.410939133031408,42.58,100.58,179602915.32,99.8801,,,1431978184.52,41.2218,3.9993,0,1940868.1867,1820951131.0000002,1.0,1.5,PASS,False,0.4444444444444444,42.58,100.58,1.0,42.58,,37.9051,4.2968,3.9993,0.8902090183184593,99.46392506573181,0.0,0.0,21.23,28.28,True,0,65.75028636884306,,0.7400611620795107,1,1,75.0,393,10.031367820606752,True,-12.05468102734052,突破型,-0.0009638094904412941,False,False,独立池,42.58,0.0,21.46287276087505,61.51766046282793,1.0,0.0,61.52,Tier2
600339.SH,600339,中油工程,20001225,,主板,L,389162226.9499999,-5.6650246305418595,未知,未知,,,3.83,60.0258,57.3877,0.7947,1.2424,2138345.4814,2138345.4814,291530058.40000004,True,0,0,False,False,4.16,3.78,-2.5445292620865145,-2.2959183673469385,-7.932692307692313,False,-5.6650246305418595,1.410939133031408,28.95,-17.02,215074837.39,102.1487,,,1397884816.97,-1156.1238,0.7852,0,2138345.4814,291530058.40000004,1.0,1.5,PASS,False,0.4444444444444444,28.95,-17.02,1.0,28.95,ESP-Q,60.0258,0.7947,0.7852,2.0734300518134714,99.46392506573181,0.0,0.0,3.83,4.16,True,0,73.25315005727376,,0.24770642201834864,0,0,5.0,393,-7.4293387477971535,False,-2.5445292620865145,,0.00525444993593114,False,False,独立池,28.95,0.0,21.26373618667165,28.728692254516456,0.7,0.0,20.11,Other
600345.SH,600345,长江通信,20001222,,主板,L,1145906435.05,10.934353604510694,未知,未知,,,55.09,82.8499,72.3736,4.768,10.1367,1815833.2352,1165480.1672,1329253304.8,True,1,1,False,False,61.68,47.0,-4.968086941521466,35.82347140039448,-10.684176394293122,False,10.934353604510694,1.410939133031408,139.6563,-22.54,12360455.45,68.888,,,16049548.779999997,-1070.263,0.4716,0,1815833.2352,1329253304.8,1.0,1.5,PASS,False,0.4444444444444444,139.6563,-22.54,1.0,139.6563,ESP-Q,82.8499,4.768,0.4716,0.593241407655795,99.46392506573181,0.0,0.0,55.09,61.68,False,0,73.25315005727376,,0.7262996941896025,1,1,100.0,393,9.1700394872554,True,-4.968086941521466,,0.0017176334756117107,False,False,独立池,139.6563,0.0,22.88117370132565,76.55217975744725,0.7,0.0,53.59,Tier2
600346.SH,600346,恒力石化,20010820,,主板,L,967507455.95,-10.9375,未知,未知,,,21.09,20.9842,16.6171,2.0996,0.5819,14845461.4487,14845461.4487,877166584.8,True,0,0,False,False,25.11,20.02,-6.474501108647457,-15.335206744279406,-16.00955794504182,False,-10.9375,1.410939133031408,94.27,14.21,2407158000.0,61.5611,,,14838221600.0,85.917,5.6884,0,14845461.4487,877166584.8,1.0,1.5,PASS,False,0.4444444444444444,94.27,14.21,1.0,94.27,ESP-Q,20.9842,2.0996,5.6884,0.22259679643576963,99.46392506573181,10.0,0.0,21.09,25.11,False,0,73.25315005727376,,0.10015290519877676,0,0,5.0,393,-12.701814117255294,False,-6.474501108647457,,-0.0059273006722087036,False,False,独立池,94.27,0.0,22.218072285495285,28.919559474281186,0.7,0.0,30.24,Other
600348.SH,600348,华阳股份,20030821,,主板,L,533530079.3999999,2.8169014084507005,未知,未知,,,9.49,20.1025,21.5356,1.2288,1.2883,3423517.5,3423517.5,448649583.40000004,True,0,0,False,False,10.59,9.06,-5.289421157684626,0.3171247357293794,-10.387157695939564,False,2.8169014084507005,1.410939133031408,-24.11,-23.7,478730765.41,98.9918,,,4073803151.4,-44.2571,1.3626,0,3423517.5,448649583.40000004,1.0,1.5,PASS,False,0.4444444444444444,-24.11,-23.7,1.0,-25.11,ESP-Q,20.1025,1.2288,1.3626,,99.46392506573181,0.0,0.0,9.49,10.59,False,0,73.25315005727376,,0.5328746177370031,0,0,5.0,393,1.052587291195406,False,-5.289421157684626,,-0.01185910000669567,False,False,独立池,-25.11,0.0,20.473910566610325,28.570727130504192,0.7,0.0,20.0,Other
600351.SH,600351,亚宝药业,20020926,,主板,L,173778450.4,-4.099560761346998,未知,未知,,,6.55,14.1638,14.1907,1.589,2.7397,453260.0301,453260.0301,147309756.99999997,False,0,0,False,False,7.19,6.34,-5.890804597701149,-1.9461077844311392,-8.90125173852574,False,-4.099560761346998,1.410939133031408,10.67,7.48,111645838.17,104.6723,,,700351806.4100001,149.897,3.7186,0,453260.0301,147309756.99999997,1.0,1.5,PASS,False,0.4444444444444444,10.67,7.48,1.0,10.67,,14.1638,1.589,3.7186,1.3274414245548267,99.46392506573181,10.0,0.0,6.55,7.19,False,0,73.25315005727376,,0.3012232415902141,0,0,5.0,393,-5.863874878602292,False,-5.890804597701149,,-0.004095995837884961,False,False,独立池,10.67,0.0,20.99666233660282,28.675277484502693,1.0,0.0,38.68,Other
600352.SH,600352,浙江龙盛,20030801,,主板,L,576582947.35,-6.2695924764890165,未知,未知,,,11.96,21.2736,19.7489,1.174,1.2143,3890984.9046,3890984.9046,477159491.1999999,False,0,0,False,False,13.79,11.91,-4.7011952191235,-26.939523518631646,-13.270485859318338,False,-6.2695924764890165,1.410939133031408,4.74,-12.59,305743449.9,56.9214,,,3417473301.91,56.5855,1.6324,0,3890984.9046,477159491.1999999,1.0,1.5,PASS,False,0.4444444444444444,4.74,-12.59,1.0,4.74,ESP-Q,21.2736,1.174,1.6324,4.488101265822785,99.46392506573181,0.0,0.0,11.96,13.79,False,0,73.25315005727376,,0.22859327217125383,0,0,5.0,393,-8.03390659374431,False,-4.7011952191235,,0.002836221490638277,False,False,独立池,4.74,0.0,20.91002404716583,28.657949826615294,0.7,0.0,20.06,Other
600353.SH,600353,旭光电子,20021120,,主板,L,847971113.8999999,39.11609498680739,其他电子,未知,801082.SI,270000,21.09,108.186,106.0653,9.0652,10.5672,1747962.7343,1747962.7343,1665232117.2,False,0,0,False,False,21.98,15.08,12.780748663101615,8.992248062015484,-4.049135577798002,False,39.11609498680739,1.410939133031408,6.36,35.41,29398742.99,88.0949,,,303650016.2,-305.1518,1.7428,0,1747962.7343,1665232117.2,1.0,1.5,PASS,False,0.7777777777777778,6.36,35.41,,3.18,COV-LOW,108.186,9.0652,1.7428,17.010377358490565,108.186,0.0,0.0,21.09,21.98,False,0,79.15234822451318,CHASE,1.0,1,1,70.0,1,0.0,False,12.780748663101615,OVERHEAT,-0.004844183408036014,True,True,独立池,3.18,0.0,20.887232186875494,62.923150904729056,1.0,0.0,62.92,Tier2
600360.SH,600360,华微电子,20010316,,主板,L,250488842.50000003,21.61874334398295,未知,未知,,,11.42,63.4438,62.3662,3.1206,2.7911,1096657.2372,1096657.2372,295398282.40000004,False,0,0,False,False,11.84,9.26,-0.7819287576020795,29.039548022598872,-3.5472972972972916,False,21.61874334398295,1.410939133031408,-6.53,11.54,58276003.46,100.6461,,,428467447.84000003,16.2233,1.6615,0,1096657.2372,295398282.40000004,1.0,1.5,PASS,False,0.4444444444444444,-6.53,11.54,1.0,-7.53,,63.4438,3.1206,1.6615,,99.46392506573181,0.0,0.0,11.42,11.84,False,0,92.78350515463917,CHASE,0.8654434250764526,1,1,75.0,393,19.854429226727653,True,-0.7819287576020795,,0.005159982651219229,True,False,独立池,-7.53,0.0,20.73075729988221,69.48120300636819,1.0,0.0,69.48,Tier2
600361.SH,600361,创新新材,20011129,,主板,L,284881980.45000005,-0.9324009324009341,未知,未知,,,4.25,20.1953,18.7756,1.3912,1.6805,1586381.738,1586381.738,293302947.0,True,0,0,False,False,4.72,4.22,-4.49438202247191,-6.181015452538641,-9.957627118644064,False,-0.9324009324009341,1.410939133031408,29.31,-28.41,251369012.29,94.3752,,,1511093234.62,-392.2181,2.3594,0,1586381.738,293302947.0,1.0,1.5,PASS,False,0.4444444444444444,29.31,-28.41,1.0,29.31,ESP-Q,20.1953,1.3912,2.3594,0.6890242238143979,99.46392506573181,0.0,0.0,4.25,4.72,False,0,55.21191294387171,,0.41284403669724773,0,0,5.0,393,-2.6967150496562287,False,-4.49438202247191,,-0.012765537722496913,False,False,独立池,29.31,0.0,21.26899584673865,23.317373052509243,0.7,0.0,16.32,Other
600362.SH,600362,江西铜业,20020111,,主板,L,2378440054.9999995,-1.0667804565820393,未知,未知,,,46.37,22.5193,20.0826,1.909,2.843,16056676.251,9622922.217,3442719270.2000003,True,0,0,False,False,51.88,43.72,-3.936192251916315,-16.39019112874144,-10.620663068619907,False,-1.0667804565820393,1.410939133031408,26.3,11.3,3126322051.0,110.9584,,,22883640145.0,135.9642,3.4073,0,16056676.251,3442719270.2000003,1.0,1.5,PASS,False,0.4444444444444444,26.3,11.3,1.0,26.3,,22.5193,1.909,3.4073,0.8562471482889734,99.46392506573181,0.0,0.0,46.37,51.88,False,0,72.16494845360825,,0.4059633027522936,0,0,5.0,393,-2.831094573837334,False,-3.936192251916315,,0.002681447207627106,False,False,独立池,26.3,0.0,21.22501924451178,28.39448838498483,1.0,0.0,28.39,Other
600366.SH,600366,宁波韵升,20001030,,主板,L,366259184.4,7.056936647955081,金属非金属新材料,未知,801051.SI,240000,13.35,44.3503,35.7736,2.3089,3.0767,1467219.8031,1467219.8031,455686054.0,True,0,0,False,False,13.94,12.44,-4.025880661394687,-4.025880661394687,-4.232424677187952,False,7.056936647955081,1.410939133031408,703.22,185.27,99336176.17,85.2431,,,717995468.18,43.8,1.8538,0,1467219.8031,455686054.0,1.0,1.5,PASS,False,0.5555555555555556,703.22,185.27,,351.61,COV-LOW,44.3503,2.3089,1.8538,0.06306746110747703,44.3503,0.0,0.0,13.35,13.94,False,0,79.95418098510882,,1.0,1,1,100.0,1,0.0,False,-4.025880661394687,,-0.006050042567684484,False,False,独立池,351.61,0.0,25.97785262338988,79.18182482021062,1.0,0.0,79.18,Tier1
600367.SH,600367,红星发展,20010320,,主板,L,865888171.45,23.331685615422625,未知,未知,,,24.95,91.6863,92.3433,3.4191,12.6677,851121.6005,803323.0891,936732914.0000001,True,1,1,False,False,25.98,20.18,3.8285476487723624,30.833770319874134,-3.9645881447267217,False,23.331685615422625,1.410939133031408,-7.93,23.09,26524077.89,92.5802,,,301896214.55,0.6935,1.1581,0,851121.6005,936732914.0000001,1.0,1.5,PASS,False,0.4444444444444444,-7.93,23.09,1.0,-8.93,ESP-Q,91.6863,3.4191,1.1581,,99.46392506573181,0.0,0.0,24.95,25.98,False,0,45.47537227949599,,0.8738532110091743,1,1,100.0,393,21.56737149816733,True,3.8285476487723624,,0.002254324506345693,True,False,独立池,-8.93,0.0,20.710303066288315,67.78467229710645,0.7,0.0,47.45,Other
600372.SH,600372,中航机载,20010706,,主板,L,580899568.4,-6.41025641025641,未知,未知,,,12.41,56.2629,52.3775,1.5834,1.4161,6005070.7178,6005070.7178,764386022.9999999,False,0,0,False,False,13.81,12.36,-9.48212983223925,-19.883795997417685,-10.137581462708189,False,-6.41025641025641,1.410939133031408,165.69,5.91,159276558.69,88.4588,,,2530738888.03,-299.8361,0.4745,0,6005070.7178,764386022.9999999,1.0,1.5,PASS,False,0.4444444444444444,165.69,5.91,1.0,165.69,ESP-Q,56.2629,1.5834,0.4745,0.33956726416802463,99.46392506573181,0.0,0.0,12.41,13.81,False,0,72.16494845360825,,0.2213302752293578,0,0,5.0,393,-8.174570527511705,False,-9.48212983223925,,0.000779292096961892,False,False,独立池,165.69,0.0,23.261530402120886,28.80179061650665,0.7,0.0,20.16,Other
600376.SH,600376,首开股份,20010312,,主板,L,259073763.65,-4.184100418410042,未知,未知,,,4.58,,,5.0182,3.2637,1181440.8808,1181440.8808,366742089.6,True,0,0,False,False,4.9,4.21,-3.578947368421048,-18.06797853309481,-6.530612244897959,False,-4.184100418410042,1.410939133031408,31.5357,18.238,-751053735.6,,,,-12485650938.84,,-8.7359,0,1181440.8808,366742089.6,1.0,1.5,PASS,False,0.4444444444444444,31.5357,18.238,1.0,31.5357,,,5.0182,-8.7359,,99.46392506573181,0.0,0.0,4.58,4.9,False,0,72.16494845360825,,0.30045871559633025,0,0,5.0,393,-5.948414535665336,False,-3.578947368421048,,0.004680564480613615,False,False,独立池,31.5357,0.0,21.301513695102884,28.40978727510305,1.0,0.0,28.41,Other
600378.SH,600378,昊华科技,20010111,,主板,L,642702144.7,14.653834212977323,未知,未知,,,36.93,32.9808,30.3874,2.5638,3.4277,4763968.5967,3960983.8856,945021371.9999999,True,0,0,False,False,38.43,31.83,5.786307648238331,3.0988274706867713,-3.9032006245121043,False,14.653834212977323,1.410939133031408,78.81,121.61,306290751.55,99.4388,,,2951805483.25,-154.1685,1.6744,0,4763968.5967,945021371.9999999,1.0,1.5,PASS,False,0.4444444444444444,78.81,121.61,1.0,78.81,ESP-Q,32.9808,2.5638,1.6744,0.4184849638370765,99.46392506573181,0.0,0.0,36.93,38.43,False,0,92.78350515463917,,0.7874617737003058,1,1,100.0,393,12.889520095722029,True,5.786307648238331,,-0.00989487676876554,False,False,独立池,78.81,0.0,21.992199105951297,82.23349136758202,0.7,0.0,57.56,Tier2
600379.SH,600379,宝光股份,20020116,,主板,L,753800240.95,55.112219451371594,未知,未知,,,18.66,120.1107,147.4937,7.8256,24.7333,616156.1184,616156.1184,1574995088.4000003,True,6,5,False,True,20.8,11.41,1.2479652740097658,43.53846153846155,-10.288461538461547,False,55.112219451371594,1.410939133031408,-54.41,-43.75,8482464.12,91.976,,,139834619.6,-371.6741,1.1785,0,616156.1184,1574995088.4000003,1.0,1.5,PASS,False,0.4444444444444444,-54.41,-43.75,1.0,-55.41,ESP-Q,120.1107,7.8256,1.1785,,99.46392506573181,0.0,0.0,18.66,20.8,False,0,86.8270332187858,CHASE,0.9831804281345565,1,1,100.0,393,53.3479053341163,True,1.2479652740097658,突破型,0.030756229214657427,True,False,独立池,-55.41,0.0,20.03122251097107,80.05435446782995,0.7,0.0,56.04,Tier2
600380.SH,600380,健康元,20010608,,主板,L,159890214.74999997,-7.5770925110132055,未知,未知,,,10.49,14.3694,14.5969,1.2293,0.9454,1919096.6019,1919096.6019,203708249.20000002,True,0,0,False,False,11.4,10.44,-5.665467625899268,-10.341880341880339,-7.98245614035088,False,-7.5770925110132055,1.410939133031408,-4.18,-0.94,406044025.41,97.8487,,,3540903458.3199997,87.9157,2.6954,0,1919096.6019,203708249.20000002,1.0,1.5,PASS,False,0.4444444444444444,-4.18,-0.94,1.0,-5.18,,14.3694,1.2293,2.6954,,99.46392506573181,0.0,0.0,10.49,11.4,False,0,73.25315005727376,,0.19036697247706422,0,0,5.0,393,-9.3414066282685,False,-5.665467625899268,,0.025043216215189325,False,False,独立池,-5.18,0.0,20.765091191986244,28.628963255579375,1.0,0.0,28.63,Other
600383.SH,600383,金地集团,20010412,,主板,L,245582038.70000002,1.4134275618374659,未知,未知,,,2.87,,,0.2896,1.511,1295685.4852,1295685.4852,359244972.0,True,0,0,False,False,3.26,2.64,-9.177215189873422,-18.23361823361822,-11.963190184049067,False,1.4134275618374659,1.410939133031408,-4.4933,-180.5342,-672352597.16,,,,-20675517098.98,,-1.5037,0,1295685.4852,359244972.0,1.0,1.5,PASS,False,0.4444444444444444,-4.4933,-180.5342,1.0,-5.4933,,,0.2896,-1.5037,,99.46392506573181,0.0,0.0,2.87,3.26,False,0,85.56701030927834,,0.49311926605504586,0,0,5.0,393,-0.35088655541782865,False,-9.177215189873422,,-0.010497126793452398,False,False,独立池,-5.4933,0.0,20.760513826711264,32.322205858125756,1.0,0.0,32.32,Other
600388.SH,600388,龙净环保,20001229,,主板,L,335054927.95,1.1272141706924366,未知,未知,,,18.84,21.5121,20.4279,2.1325,1.2512,2392767.216,2392767.216,323229863.40000004,True,0,0,False,False,19.98,18.15,-1.5159435441714497,1.0187667560321856,-5.705705705705711,False,1.1272141706924366,1.410939133031408,30.49,37.18,224532784.84,91.9633,,,2423574505.91,-84.175,2.2,0,2392767.216,323229863.40000004,1.0,1.5,PASS,False,0.4444444444444444,30.49,37.18,1.0,30.49,ESP-Q,21.5121,2.1325,2.2,0.7055460806821909,99.46392506573181,0.0,0.0,18.84,19.98,False,0,81.09965635738831,,0.48700305810397554,0,0,5.0,393,-0.637099946562858,False,-1.5159435441714497,,-0.014676087041331482,False,False,独立池,30.49,0.0,21.286235843624933,31.08714407594148,0.7,0.0,21.76,Other
600389.SH,600389,江山股份,20010110,,主板,L,268462709.0,-10.120068610634647,未知,未知,,,26.2,21.1848,20.1569,2.6996,1.9267,1128303.0,1128303.0,206942437.8,False,0,0,False,False,30.4,26.03,-8.199018920812895,5.8158319870759145,-13.815789473684204,False,-10.120068610634647,1.410939133031408,-6.54,89.75,140583931.7,76.9629,,,1131509718.44,-14.0526,4.467,0,1128303.0,206942437.8,1.0,1.5,PASS,False,0.4444444444444444,-6.54,89.75,1.0,-7.54,ESP-Q,21.1848,2.6996,4.467,,99.46392506573181,10.0,0.0,26.2,30.4,True,0,73.25315005727376,,0.11467889908256881,0,0,5.0,393,-11.88438272788994,False,-8.199018920812895,,0.011997974509142468,False,False,独立池,-7.54,0.0,20.730611198213683,28.622067256824863,0.7,0.0,30.04,Other
600395.SH,600395,盘江股份,20010531,,主板,L,184328415.85000002,-7.597173144876324,未知,未知,,,5.23,34.0725,23.4188,1.048,1.3919,1122684.8196,1122684.8196,166785651.6,True,0,0,False,False,5.88,5.19,-4.212454212454208,-6.939501779359425,-11.054421768707478,False,-7.597173144876324,1.410939133031408,145.48,1053.31,56068625.6,123.7045,,,248892978.29999998,453.8667,0.4246,0,1122684.8196,166785651.6,1.0,1.5,PASS,False,0.4444444444444444,145.48,1053.31,1.0,145.48,,34.0725,1.048,0.4246,0.2342074511960407,99.46392506573181,0.0,0.0,5.23,5.88,False,0,73.25315005727376,,0.18960244648318042,0,0,5.0,393,-9.361487262131618,False,-4.212454212454208,,-0.0001639229459027879,False,False,独立池,145.48,0.0,22.966258930026186,29.069196803187364,1.0,0.0,29.07,Other
600398.SH,600398,海澜之家,20001228,,主板,L,220963568.59999996,-11.504424778761068,未知,未知,,,6.0,13.3041,13.2181,1.6667,0.5358,2881662.1776,2881662.1776,202930513.8,False,0,0,False,False,6.83,5.96,-2.4390243902439046,-4.610492845786962,-12.152269399707173,False,-11.504424778761068,1.410939133031408,2.14,5.3,945572757.62,99.6075,,,6449805942.08,136.5121,5.0519,0,2881662.1776,202930513.8,1.0,1.5,PASS,False,0.4444444444444444,2.14,5.3,1.0,2.14,,13.3041,1.6667,5.0519,6.216869158878504,99.46392506573181,10.0,0.0,6.0,6.83,False,0,88.31615120274914,,0.0871559633027523,0,0,5.0,393,-13.268738896016362,False,-2.4390243902439046,,0.00681159246031597,False,False,独立池,2.14,0.0,20.872037613348603,33.169252883494465,1.0,0.0,43.17,Other
600399.SH,600399,抚顺特钢,20001229,,主板,L,234251633.84999996,-11.111111111111105,未知,未知,,,5.2,,,1.9106,2.039,1025492.0,1025492.0,246672453.4,False,0,0,False,False,6.09,5.17,-8.450704225352101,-21.6867469879518,-14.614121510673229,False,-11.111111111111105,1.410939133031408,-28.0042,-954.71,-157382420.09,,,,-1851587056.75,,-2.692,0,1025492.0,246672453.4,1.0,1.5,PASS,False,0.4444444444444444,-28.0042,-954.71,1.0,-29.0042,,,1.9106,-2.692,,99.46392506573181,0.0,0.0,5.2,6.09,False,0,85.91065292096219,,0.09785932721712538,0,0,5.0,393,-12.8754252283664,False,-8.450704225352101,,0.0009699908891314144,False,False,独立池,-29.0042,0.0,20.417015654852225,32.356599007259106,1.0,0.0,32.36,Other
600400.SH,600400,红豆股份,20010108,,主板,L,252361687.80000004,49.00990099009901,未知,未知,,,3.01,,,4.9723,9.331,689702.9275,689702.9275,322798468.1999999,True,2,1,False,False,3.16,2.0,4.878048780487787,25.416666666666664,-4.746835443037989,False,49.00990099009901,1.410939133031408,122.6182,-61.08,7307199.08,130.4702,,,-790433275.28,1689.7548,0.4035,1,689702.9275,322798468.1999999,1.0,1.5,PASS,False,0.4444444444444444,122.6182,-61.08,1.0,122.6182,ESP-Q,,4.9723,0.4035,,99.46392506573181,0.0,0.0,3.01,3.16,False,10,73.25315005727376,CHASE,0.9717125382262997,1,1,100.0,393,47.24558687284372,True,4.878048780487787,,0.013452943554570424,True,False,独立池,122.6182,0.0,22.632244217471285,76.50239386067639,0.7,10.0,43.55,Other
600406.SH,600406,国电南瑞,20031016,,主板,L,3207118676.8000007,-1.4147431124348464,未知,未知,,,26.48,25.6893,25.5624,3.9758,1.846,21268090.3011,21205650.477,5494099045.2,True,0,0,False,False,28.48,25.86,-1.378026070763505,3.558858036761836,-7.02247191011236,False,-1.4147431124348464,1.410939133031408,5.39,8.04,641986345.23,89.0051,,,16067833926.150002,-173.157,1.3591,0,21268090.3011,5494099045.2,1.0,1.5,PASS,False,0.4444444444444444,5.39,8.04,1.0,5.39,ESP-Q,25.6893,3.9758,1.3591,4.766103896103896,99.46392506573181,0.0,0.0,26.48,28.48,False,0,72.16494845360825,,0.3929663608562691,0,0,5.0,393,-3.179057229690141,False,-1.378026070763505,,-0.001827062079731039,False,False,独立池,5.39,0.0,20.91952065562014,28.3333886672065,0.7,0.0,19.83,Other
600409.SH,600409,三友化工,20030618,,主板,L,366976959.4,11.988304093567258,未知,未知,,,7.66,176.6246,928.8384,1.1479,2.6162,1581291.6772,1581291.6772,412860897.0,False,0,0,False,False,8.03,6.75,4.3596730245231585,-0.5194805194805197,-4.607721046077195,False,11.988304093567258,1.410939133031408,-191.287,-98.91,-98004914.65,,,,21094538.450000003,,-0.6622,0,1581291.6772,412860897.0,1.0,1.5,PASS,False,0.4444444444444444,-191.287,-98.91,1.0,-192.287,,176.6246,1.1479,-0.6622,,99.46392506573181,0.0,0.0,7.66,8.03,False,0,73.25315005727376,,0.7446483180428135,1,1,75.0,393,10.223989976311964,True,4.3596730245231585,,-0.0008173697440801451,False,False,独立池,-192.287,0.0,18.031426702663005,63.08223035771473,1.0,0.0,63.08,Tier2
600415.SH,600415,小商品城,20020509,,主板,L,1640491240.6000001,12.520458265139101,未知,未知,,,13.75,17.937,17.1726,3.1589,3.5833,7539893.9358,7539893.9358,1797243020.1999998,True,0,0,False,False,14.2,12.05,4.324734446130507,-10.013089005235598,-3.169014084507038,False,12.520458265139101,1.410939133031408,18.87,30.5,945229245.65,95.435,,,9898037805.08,4.9854,4.2312,0,7539893.9358,1797243020.1999998,1.0,1.5,PASS,False,0.4444444444444444,18.87,30.5,1.0,18.87,,17.937,3.1589,4.2312,0.9505564387917329,99.46392506573181,10.0,0.0,13.75,14.2,False,0,88.31615120274914,,0.7553516819571865,1,1,100.0,393,10.756144147883807,True,4.324734446130507,,0.00394113644163082,False,False,独立池,18.87,0.0,21.11646570479562,80.71813850178387,1.0,0.0,90.72,Tier2
600416.SH,600416,湘电股份,20020718,,主板,L,300219289.90000004,-0.1626016260162677,未知,未知,,,12.28,80.6288,81.2183,1.8616,1.9397,1812260.7676,1812260.7676,328894214.2,False,0,0,False,False,13.3,12.19,-6.18792971734149,-15.601374570446747,-7.669172932330836,False,-0.1626016260162677,1.410939133031408,-29.14,-93.2,26657057.72,52.4196,,,209077655.62,-759.8819,0.5238,0,1812260.7676,328894214.2,1.0,1.5,PASS,False,0.4444444444444444,-29.14,-93.2,1.0,-30.14,ESP-Q,80.6288,1.8616,0.5238,,99.46392506573181,0.0,0.0,12.28,13.3,False,0,99.0836197021764,,0.44036697247706424,0,0,5.0,393,-1.9269157432715622,False,-6.18792971734149,,-0.015887115549228763,False,False,独立池,-30.14,0.0,20.400421427340838,36.30517019612109,0.7,0.0,25.41,Other
600418.SH,600418,江淮汽车,20010824,,主板,L,2222610563.9,0.8353484282259682,未知,未知,,,45.87,,,8.2167,2.2859,10339915.3805,10018052.9113,2565718726.8,True,1,0,False,False,52.75,44.21,-10.758754863813236,-13.93996247654784,-13.04265402843603,False,0.8353484282259682,1.410939133031408,-153.1628,8.8081,-726697455.53,,,,-5905409357.99,,-5.4412,0,10339915.3805,2565718726.8,1.0,1.5,PASS,False,0.4444444444444444,-153.1628,8.8081,1.0,-154.1628,,,8.2167,-5.4412,,99.46392506573181,0.0,0.0,45.87,52.75,False,0,73.25315005727376,,0.4785932721712538,0,0,5.0,393,-0.9289656890293263,False,-10.758754863813236,,0.003351127281793391,False,False,独立池,-154.1628,0.0,18.588427625791784,28.193630542340486,1.0,0.0,28.19,Other
600426.SH,600426,华鲁恒升,20020620,,主板,L,1003239520.9500002,-3.4880450070323366,未知,未知,,,34.31,21.8904,19.4827,2.1366,1.1545,7257734.2196,7256773.5327,917292664.9999998,False,0,0,False,False,39.7,33.53,-1.4646754738655843,-5.586130985140347,-13.576826196473558,False,-3.4880450070323366,1.410939133031408,58.27,-15.03,1112802620.71,99.6605,,,8316052367.65,63.5873,3.3208,0,7257734.2196,917292664.9999998,1.0,1.5,PASS,False,0.4444444444444444,58.27,-15.03,1.0,58.27,ESP-Q,21.8904,2.1366,3.3208,0.37567187231851723,99.46392506573181,0.0,0.0,34.31,39.7,False,0,73.25315005727376,,0.3287461773700306,0,0,5.0,393,-5.252359124287631,False,-1.4646754738655843,,0.005961641316470101,False,False,独立池,58.27,0.0,21.69210627879518,28.814366272941164,0.7,0.0,20.17,Other
600428.SH,600428,中远海特,20020418,,主板,L,338108565.34999996,-11.406423034330004,未知,未知,,,8.0,12.3324,11.9268,1.2836,2.0888,2195136.316,1956228.4664,334470718.0,False,0,0,False,False,9.33,7.94,-3.0303030303030276,4.03120936280883,-14.2550911039657,False,-11.406423034330004,1.410939133031408,11.1,34.65,387408734.35,95.4506,,,4310764339.51,271.392,2.3901,0,2195136.316,334470718.0,1.0,1.5,PASS,False,0.4444444444444444,11.1,34.65,1.0,11.1,,12.3324,1.2836,2.3901,1.111027027027027,99.46392506573181,0.0,0.0,8.0,9.33,False,0,73.25315005727376,,0.09021406727828746,0,0,5.0,393,-13.170737151585298,False,-3.0303030303030276,,0.0006045072700677103,False,False,独立池,11.1,0.0,21.002944708349514,28.67653395885203,1.0,0.0,28.68,Other
600433.SH,600433,冠豪高新,20030619,,主板,L,608881544.6500001,30.311614730878176,未知,未知,,,4.6,,,1.8247,6.8616,805128.4472,805128.4472,547941824.0,False,3,1,False,True,5.36,3.49,-5.544147843942515,32.94797687861271,-14.179104477611947,False,30.311614730878176,1.410939133031408,162.16,-647.9,330384.78,0.1835,,,-435360087.0500001,-45.6284,4.1664,0,805128.4472,547941824.0,1.0,1.5,PASS,False,0.4444444444444444,162.16,-647.9,1.0,162.16,ESP-Q,,1.8247,4.1664,,99.46392506573181,0.0,0.0,4.6,5.36,False,0,73.25315005727376,CHASE,0.918960244648318,1,1,75.0,393,28.54730061362288,True,-5.544147843942515,突破型,-0.004075943460058766,True,False,独立池,162.16,0.0,23.20995651313057,64.11793631980824,0.7,0.0,44.88,Other
600436.SH,600436,片仔癀,20030616,,主板,L,429523247.54999995,-9.175728285675921,未知,未知,,,135.31,37.8178,42.913,5.3663,0.47,8163485.1685,8163485.1685,423887491.99999994,True,0,0,False,False,149.48,135.1,-3.9673527324343483,-19.97752676089657,-9.479529033984468,False,-9.175728285675921,1.410939133031408,-27.73,-34.25,726329966.52,97.6928,,,6069466030.99,147.1003,4.9979,0,8163485.1685,423887491.99999994,1.0,1.5,PASS,False,0.4444444444444444,-27.73,-34.25,1.0,-28.73,,37.8178,5.3663,4.9979,,99.46392506573181,0.0,0.0,135.31,149.48,False,0,73.25315005727376,,0.14067278287461774,0,0,5.0,393,-10.940042402931216,False,-3.9673527324343483,,0.0019852438198929463,False,False,独立池,-28.73,0.0,20.42102176260326,28.560149369702778,1.0,0.0,28.56,Other
600438.SH,600438,通威股份,20040302,,主板,L,1158883631.4499998,-6.286043829296428,未知,未知,,,16.25,,,2.0925,1.914,7315734.4081,7315734.4081,1237089885.0,False,0,0,False,False,18.83,16.1,-5.632984901277583,-14.832285115303979,-13.701540095592135,False,-6.286043829296428,1.410939133031408,1.84,-39.92,-2559816031.49,,,,-22934202928.329998,,-6.4908,0,7315734.4081,1237089885.0,1.0,1.5,PASS,False,0.4444444444444444,1.84,-39.92,1.0,1.84,ESP-Q,,2.0925,-6.4908,,99.46392506573181,0.0,0.0,16.25,18.83,False,0,73.25315005727376,,0.22706422018348624,0,0,5.0,393,-8.050357946551722,False,-5.632984901277583,,-0.0009214528535307439,False,False,独立池,1.84,0.0,20.867654563292763,28.64947592984068,0.7,0.0,20.05,Other
600446.SH,600446,金证股份,20031224,,主板,L,335910267.3,1.7432646592709933,未知,未知,,,12.84,,,3.4174,2.3313,1208587.443,1208587.443,338056915.59999996,True,1,0,False,False,14.23,11.88,-7.758620689655171,-16.460637605725438,-9.768095572733671,False,1.7432646592709933,1.410939133031408,32.2262,17.399,-69352312.19,,,,-414482295.47,,-1.3741,0,1208587.443,338056915.59999996,1.0,1.5,PASS,False,0.4444444444444444,32.2262,17.399,1.0,32.2262,,,3.4174,-1.3741,,99.46392506573181,0.0,0.0,12.84,14.23,False,0,73.25315005727376,,0.49923547400611623,0,0,5.0,393,-0.021049457984301245,False,-7.758620689655171,,-0.020336662210316932,False,False,独立池,32.2262,0.0,21.311602015314733,28.738265420245074,1.0,0.0,28.74,Other
600452.SH,600452,涪陵电力,20040303,,主板,L,611293236.4499999,4.448105436573302,未知,未知,,,12.68,49.5414,45.1283,3.3909,6.4641,1948334.8173,1948334.8173,1075043273.8000002,True,0,0,False,False,13.63,11.35,4.5342126957955475,9.783549783549784,-6.969919295671323,False,4.448105436573302,1.410939133031408,49.47,-24.1,127720745.61,99.5366,,,957916254.87,143.008,2.259,0,1948334.8173,1075043273.8000002,1.0,1.5,PASS,False,0.4444444444444444,49.47,-24.1,1.0,49.47,ESP-Q,49.5414,3.3909,2.259,1.0014432989690722,99.46392506573181,0.0,0.0,12.68,13.63,False,0,81.09965635738831,,0.5802752293577982,0,1,55.0,393,2.6837913193180074,False,4.5342126957955475,,0.015170058731587836,False,False,独立池,49.47,0.0,21.56353681049071,56.14260426931463,0.7,0.0,39.3,Other
600459.SH,600459,贵研铂业,20030516,,主板,L,428925374.25,-5.970873786407771,未知,未知,,,19.37,24.896,24.1943,1.7498,3.3611,1594689.7165,1471551.0217,453410130.0,True,0,0,False,False,22.6,19.22,-9.823091247672256,-11.633211678832122,-14.292035398230086,False,-5.970873786407771,1.410939133031408,15.99,14.0,208712253.48,93.9586,,,1535055041.18,-777.5823,2.8712,0,1594689.7165,453410130.0,1.0,1.5,PASS,False,0.4444444444444444,15.99,14.0,1.0,15.99,ESP-Q,24.896,1.7498,2.8712,1.5569731081926204,99.46392506573181,0.0,0.0,19.37,22.6,False,0,73.25315005727376,,0.2408256880733945,0,0,5.0,393,-7.735187903663066,False,-9.823091247672256,,-0.0014828296190546161,False,False,独立池,15.99,0.0,21.074388424259613,28.69082270203405,0.7,0.0,20.08,Other
600460.SH,600460,士兰微,20030311,,主板,L,1558592029.1999998,16.440933032355165,未知,未知,,,30.95,129.2257,112.2505,4.2226,5.1407,5150302.3603,5150302.3603,2621310174.2,True,0,0,False,False,32.43,26.46,1.5753199868723256,-2.1498577300031574,-4.563675609004014,False,16.440933032355165,1.410939133031408,8.8,47.82,157535951.89,75.435,,,1094158868.67,13.5217,1.7284,0,5150302.3603,2621310174.2,1.0,1.5,PASS,False,0.4444444444444444,8.8,47.82,1.0,8.8,ESP-Q,129.2257,4.2226,1.7284,14.684738636363633,99.46392506573181,0.0,0.0,30.95,32.43,False,0,92.78350515463917,CHASE,0.8119266055045872,1,1,100.0,393,14.676618915099871,True,1.5753199868723256,,-0.016128835299181705,True,False,独立池,8.8,0.0,20.969341324588118,82.02891981130938,0.7,0.0,57.42,Tier2
600468.SH,600468,百利电气,20010615,,主板,L,307081365.75,-7.682775712515488,未知,未知,,,7.45,90.9942,98.0926,3.9746,3.0721,810362.8141,810362.8141,329569996.6,True,0,0,False,False,8.3,7.38,-4.487179487179482,0.6756756756756799,-10.240963855421692,False,-7.682775712515488,1.410939133031408,-28.12,170.1984,22490539.85,88.0897,,,239055906.95,-645.8332,1.2558,0,810362.8141,329569996.6,1.0,1.5,PASS,False,0.4444444444444444,-28.12,170.1984,1.0,-29.12,ESP-Q,90.9942,3.9746,1.2558,,99.46392506573181,0.0,0.0,7.45,8.3,False,0,96.33447880870561,,0.18577981651376146,0,0,5.0,393,-9.447089829770782,False,-4.487179487179482,,0.012544771219757332,False,False,独立池,-29.12,0.0,20.415323797530675,35.48340840211782,0.7,0.0,24.84,Other
600470.SH,600470,六国化工,20040305,,主板,L,216219060.14999998,-6.092124814264488,未知,未知,,,6.32,,,2.1633,6.7801,329651.2,329651.2,183632179.79999998,False,0,0,False,False,7.26,6.3,-5.3892215568862145,-5.952380952380942,-12.947658402203855,False,-6.092124814264488,1.410939133031408,-35.2106,-3885.9,-91213441.6,,,,-911634741.87,,-5.7653,0,329651.2,183632179.79999998,1.0,1.5,PASS,False,0.4444444444444444,-35.2106,-3885.9,1.0,-36.2106,,,2.1633,-5.7653,,99.46392506573181,0.0,0.0,6.32,7.26,False,0,90.95074455899199,,0.23470948012232415,0,0,5.0,393,-7.856438931519783,False,-5.3892215568862145,,0.0012441175881174678,False,False,独立池,-36.2106,0.0,20.311728948444348,33.84756915738646,1.0,0.0,33.85,Other
600475.SH,600475,华光环能,20030721,,主板,L,291920935.1500001,11.588235294117633,未知,未知,,,18.97,46.796,48.4043,2.0941,3.2451,1813466.9879,1788654.2279,557449486.2,True,1,1,False,False,20.22,16.82,8.648339060710185,-8.841902931283041,-6.181998021760638,False,11.588235294117633,1.410939133031408,-5.26,-16.34,110938932.26,95.5126,,,1001585876.3199999,-86.3853,1.3487,0,1813466.9879,557449486.2,1.0,1.5,PASS,False,0.4444444444444444,-5.26,-16.34,1.0,-6.26,ESP-Q,46.796,2.0941,1.3487,,99.46392506573181,0.0,0.0,18.97,20.22,False,0,95.30355097365405,,0.7331804281345565,1,1,100.0,393,9.823921176862338,True,8.648339060710185,OVERHEAT,0.023123852889344303,False,True,独立池,-6.26,0.0,20.74931221178524,82.74092773445327,0.7,0.0,57.92,Tier2
600478.SH,600478,科力远,20030918,,主板,L,455716769.15,-8.678237650200272,未知,未知,,,6.84,81.1557,80.1267,3.8855,2.1553,1139229.9865,1139229.9865,380492701.59999996,False,0,0,False,False,8.03,6.8,-6.043956043956045,-2.9787234042553234,-14.819427148194265,False,-8.678237650200272,1.410939133031408,7.23,1516.64,34220510.62,88.3094,,,262024202.2,512.1542,1.3292,0,1139229.9865,380492701.59999996,1.0,1.5,PASS,False,0.4444444444444444,7.23,1516.64,1.0,7.23,,81.1557,3.8855,1.3292,11.224854771784232,99.46392506573181,0.0,0.0,6.84,8.03,False,0,92.89805269186712,,0.154434250764526,0,0,5.0,393,-10.442551767455566,False,-6.043956043956045,,-0.0010926885349623937,False,False,独立池,7.23,0.0,20.946403362629255,34.558696480085985,1.0,0.0,34.56,Other
600481.SH,600481,双良节能,20030422,,主板,L,580468143.2,7.643312101910826,未知,未知,,,6.76,,,3.2143,15.2792,1395386.7359,1395386.7359,1209685585.6000004,True,1,1,False,False,7.0,5.91,4.643962848297201,-39.642857142857146,-3.4285714285714364,False,7.643312101910826,1.410939133031408,-168.55,47.21,-442695225.0,,,,-2820143600.9700003,,-9.7453,0,1395386.7359,1209685585.6000004,1.0,1.5,PASS,False,0.4444444444444444,-168.55,47.21,1.0,-169.55,,,3.2143,-9.7453,,99.46392506573181,0.0,0.0,6.76,7.0,False,0,73.25315005727376,,0.6597859327217125,0,1,55.0,393,5.878997984655532,True,4.643962848297201,,0.026156598693658883,False,False,独立池,-169.55,0.0,18.36361806639468,53.14866863046106,1.0,0.0,53.15,Tier2
600483.SH,600483,福能股份,20040531,,主板,L,306118853.75,6.5326633165829096,未知,未知,,,10.6,9.9654,10.3215,1.0578,1.4236,2946946.068,2946946.068,390465818.4,True,0,0,False,False,10.93,9.51,4.023552502453387,14.71861471861471,-3.019213174748403,False,6.5326633165829096,1.410939133031408,-12.48,6.58,649390429.72,99.94,,,6847759404.43,82.1375,2.342,0,2946946.068,390465818.4,1.0,1.5,PASS,False,0.4444444444444444,-12.48,6.58,1.0,-13.48,,9.9654,1.0578,2.342,,99.46392506573181,0.0,0.0,10.6,10.93,False,0,88.65979381443299,,0.6345565749235474,0,1,55.0,393,4.768349199327615,False,4.023552502453387,,0.012251725387896944,False,False,独立池,-13.48,0.0,20.643826807108166,58.22670350575153,1.0,0.0,58.23,Tier2
600487.SH,600487,亨通光电,20030822,,主板,L,12574665676.199999,33.89602915787453,未知,未知,,,69.8,64.2302,53.3175,5.312,6.4771,17215417.9539,17067364.2525,12988531667.4,False,1,0,False,False,79.9,50.89,-6.920922789705286,80.40837425691394,-12.640801001251578,False,33.89602915787453,1.410939133031408,107.68,-0.43,1133293686.59,102.5267,,,7608918453.28,-14.9653,3.4441,0,17215417.9539,12988531667.4,1.0,1.5,PASS,False,0.4444444444444444,107.68,-0.43,1.0,107.68,ESP-Q,64.2302,5.312,3.4441,0.596491456166419,99.46392506573181,0.0,0.0,69.8,79.9,False,0,73.25315005727376,CHASE,0.9327217125382263,1,1,75.0,393,32.131715040619234,True,-6.920922789705286,,-0.006404156551756297,True,False,独立池,107.68,0.0,22.413994622991076,63.95874394178034,0.7,0.0,44.77,Other
600488.SH,600488,津药药业,20010618,,主板,L,1005253982.2,2.4853801169590684,未知,未知,,,7.01,108.47,289.8675,2.5103,3.6817,765412.5627,765412.5627,1308237617.8000002,True,4,2,False,True,7.92,5.51,6.212121212121224,63.78504672897194,-11.489898989898995,False,2.4853801169590684,1.410939133031408,-75.64,26.07,13967489.25,100.5484,,,438097677.73,-51.8121,0.4567,0,765412.5627,1308237617.8000002,1.0,1.5,PASS,False,0.4444444444444444,-75.64,26.07,1.0,-76.64,ESP-Q,108.47,2.5103,0.4567,,99.46392506573181,0.0,0.0,7.01,7.92,False,0,83.73424971363116,,0.5214067278287462,0,0,5.0,393,0.7210659997037738,False,6.212121212121224,突破型,0.010382502462721628,False,False,独立池,-76.64,0.0,19.72104866868653,31.564484647826653,0.7,0.0,22.1,Other
600489.SH,600489,中金黄金,20030814,,主板,L,1648936989.95,-8.900523560209416,未知,未知,,,24.36,23.934,18.8157,3.6003,2.0203,11808053.4059,11808053.4059,1852758961.7999997,False,0,0,False,False,28.48,24.12,-9.944547134935311,-19.284294234592448,-14.466292134831459,False,-8.900523560209416,1.410939133031408,88.43,63.41,2388832404.43,100.3493,,,15331014754.66,-60.368,7.5424,0,11808053.4059,1852758961.7999997,1.0,1.5,PASS,False,0.4444444444444444,88.43,63.41,1.0,88.43,ESP-Q,23.934,3.6003,7.5424,0.2706547551735836,99.46392506573181,0.0,0.0,24.36,28.48,False,0,72.16494845360825,,0.14831804281345565,0,0,5.0,393,-10.66483767746471,False,-9.944547134935311,,0.0017455481634804787,False,False,独立池,88.43,0.0,22.132748911075048,28.57603431829748,0.7,0.0,20.0,Other
600490.SH,600490,鹏欣资源,20030626,,主板,L,522347571.7999999,0.9975062344139696,未知,未知,,,8.1,79.4943,78.6125,2.8162,3.4687,1792438.534,1614023.3227,660840877.8,True,0,0,False,False,9.46,8.01,-11.475409836065587,-9.294512877939532,-14.376321353065546,False,0.9975062344139696,1.410939133031408,6.38,303.5023,113767931.62,103.157,,,803826896.3499999,256.8654,1.737,0,1792438.534,660840877.8,1.0,1.5,PASS,False,0.4444444444444444,6.38,303.5023,1.0,6.38,,79.4943,2.8162,1.737,12.459921630094044,99.46392506573181,0.0,0.0,8.1,9.46,False,0,72.16494845360825,,0.48241590214067276,0,0,5.0,393,-0.766807882841325,False,-11.475409836065587,,0.0110150276277572,False,False,独立池,6.38,0.0,20.933984720804393,28.33628148024335,1.0,0.0,28.34,Other
600496.SH,600496,精工钢构,20020605,,主板,L,243793453.15000004,5.670103092783507,未知,未知,,,4.1,13.4876,12.9065,0.8728,1.8619,815951.3209,815951.3209,187720128.6,True,1,0,False,False,4.38,3.63,-3.9812646370023352,-11.062906724511945,-6.392694063926951,False,5.670103092783507,1.410939133031408,45.42,-5.06,160697451.91,106.1518,,,1374896497.23,-44.7433,1.6016,0,815951.3209,187720128.6,1.0,1.5,PASS,False,0.4444444444444444,45.42,-5.06,1.0,45.42,ESP-Q,13.4876,0.8728,1.6016,0.2969528841919859,99.46392506573181,0.0,0.0,4.1,4.38,True,0,75.60137457044674,,0.6169724770642202,0,1,55.0,393,3.9057889755282127,False,-3.9812646370023352,,-0.003299379246214165,False,False,独立池,45.42,0.0,21.50436563473695,54.48128549808141,0.7,0.0,38.14,Other
600497.SH,600497,驰宏锌锗,20040420,,主板,L,1764612222.25,21.193666260657707,未知,未知,,,9.95,48.4407,41.6959,2.9174,6.274,5015178.5806,5015178.5806,3012239200.6,True,0,0,False,False,11.38,8.18,-2.5465230166503594,11.79775280898876,-12.565905096660824,False,21.193666260657707,1.410939133031408,36.5,-23.98,661861617.53,100.002,,,3940083447.49,116.3517,3.9567,0,5015178.5806,3012239200.6,1.0,1.5,PASS,False,0.4444444444444444,36.5,-23.98,1.0,36.5,ESP-Q,48.4407,2.9174,3.9567,1.3271424657534245,99.46392506573181,0.0,0.0,9.95,11.38,False,0,72.16494845360825,CHASE,0.8577981651376146,1,1,100.0,393,19.42935214340241,True,-2.5465230166503594,,-0.004855547280021317,True,False,独立池,36.5,0.0,21.374042946410146,75.9242931253645,0.7,0.0,53.15,Tier2
600498.SH,600498,烽火通信,20010823,,主板,L,6362374302.7,11.984323432343235,未知,未知,,,54.29,169.181,175.9657,4.1961,10.5162,7373491.2598,6903632.8846,8218458043.199999,True,1,1,False,False,62.99,46.35,-7.370755843712673,26.727357609710545,-13.811716145419917,False,11.984323432343235,1.410939133031408,-35.68,-39.83,34697868.43,90.3767,,,1210558231.63,-1827.0513,0.2187,0,7373491.2598,8218458043.199999,1.0,1.5,PASS,False,0.4444444444444444,-35.68,-39.83,1.0,-36.68,ESP-Q,169.181,4.1961,0.2187,,99.46392506573181,0.0,0.0,54.29,62.99,False,0,73.25315005727376,,0.7438837920489296,1,1,100.0,393,10.22000931508794,True,-7.370755843712673,,-0.008485736567092403,False,False,独立池,-36.68,0.0,20.30487093612365,76.03691920440686,0.7,0.0,53.23,Tier2
600499.SH,600499,科达制造,20021010,,主板,L,696117705.9499999,-2.4157303370786476,未知,未知,,,17.37,25.452,21.5121,2.5325,1.2572,3331316.5512,3331316.5512,534391515.5999999,True,1,0,False,False,20.78,17.14,-6.108108108108102,1.2827988338192542,-16.410009624639077,False,-2.4157303370786476,1.410939133031408,76.57,30.2,570271200.0,97.2126,,,3530410700.0,76.1135,4.5568,0,3331316.5512,534391515.5999999,1.0,1.5,PASS,False,0.4444444444444444,76.57,30.2,1.0,76.57,,25.452,2.5325,4.5568,0.33240172391275963,99.46392506573181,0.0,0.0,17.37,20.78,True,0,73.25315005727376,,0.36085626911314983,0,0,5.0,393,-4.180044454333942,False,-6.108108108108102,,-0.00678961011188221,False,False,独立池,76.57,0.0,21.959472332201067,28.86783948362234,1.0,0.0,28.87,Other
600500.SH,600500,中化国际,20000301,,主板,L,351669383.5,31.627906976744203,未知,未知,,,5.66,,,1.9985,4.4912,2030981.3675,2030981.3675,815483521.4,False,1,1,False,False,6.1,4.16,9.477756286266924,25.4988913525499,-7.213114754098349,False,31.627906976744203,1.410939133031408,63.5833,43.1007,-153723594.5,,,,-4396247444.17,,-2.0878,0,2030981.3675,815483521.4,1.0,1.5,PASS,False,0.4444444444444444,63.5833,43.1007,1.0,63.5833,,,1.9985,-2.0878,,99.46392506573181,0.0,0.0,5.66,6.1,False,0,73.25315005727376,CHASE,0.9243119266055045,1,1,75.0,393,29.863592859488907,True,9.477756286266924,OVERHEAT,-0.010687021740022676,True,True,独立池,63.5833,0.0,21.769734478334062,63.829891912848936,1.0,0.0,63.83,Tier2
600502.SH,600502,安徽建工,20030415,,主板,L,243036001.45000002,-10.921501706484648,基础建设,未知,801723.SI,620000,5.22,5.8726,5.789,0.7344,1.6428,896030.7156,896030.7156,172646332.0,True,0,0,False,False,6.13,5.17,-3.3333333333333437,10.593220338983045,-14.845024469820556,False,-10.921501706484648,1.410939133031408,17.44,9.31,317772257.29,95.3669,,,2938404270.75,-515.9831,1.6535,0,896030.7156,172646332.0,1.0,1.5,PASS,False,0.1111111111111111,17.44,9.31,,8.72,COV-LOW,5.8726,0.7344,1.6535,0.3367316513761468,7.8939,0.0,0.0,5.22,6.13,True,0,75.60137457044674,,0.25,0,0,0.0,2,-20.019066392530714,False,-3.3333333333333437,TIER2_FORCED,0.00775348077193416,False,False,独立池,8.72,0.0,20.968172511239896,26.874046873382,1.0,0.0,26.87,Tier2
600509.SH,600509,天富能源,20020228,,主板,L,502593000.6499999,26.322418136020143,未知,未知,,,10.03,59.9135,61.359,1.7737,20.8786,1378520.5992,1378520.5992,1230232867.0,False,1,1,False,False,11.36,7.73,9.259259259259256,19.832735961768222,-11.707746478873238,False,26.322418136020143,1.410939133031408,-8.57,42.6,156421777.48,89.3146,,,982211752.3700001,80.0654,2.2805,0,1378520.5992,1230232867.0,1.0,1.5,PASS,False,0.4444444444444444,-8.57,42.6,1.0,-9.57,,59.9135,1.7737,2.2805,,99.46392506573181,0.0,0.0,10.03,11.36,False,0,75.71592210767469,CHASE,0.8960244648318043,1,1,75.0,393,24.558104018764848,True,9.259259259259256,OVERHEAT,0.001655019982883239,True,True,独立池,-9.57,0.0,20.70095255950254,64.35496714420292,1.0,0.0,64.35,Tier2
600511.SH,600511,国药股份,20021127,,主板,L,150320823.05,-4.623287671232868,未知,未知,,,27.85,10.5244,10.4446,1.1033,0.776,2101290.8494,1541069.7908,127495128.4,True,0,0,False,False,29.4,27.75,-2.4518388791593626,-4.459691252144071,-5.272108843537405,False,-4.623287671232868,1.410939133031408,,-1.28,,,,,4372178697.3,-592.3189,2.5233,0,2101290.8494,127495128.4,1.0,1.5,PASS,False,0.4444444444444444,,-1.28,1.0,0.0,DATA-INC,10.5244,1.1033,2.5233,,99.46392506573181,0.0,0.0,27.85,29.4,False,0,73.25315005727376,,0.28211009174311924,0,0,5.0,393,-6.387601788488162,False,-2.4518388791593626,,0.02541853552860639,False,False,独立池,0.0,0.0,20.84077185628365,28.644099388438857,1.0,0.0,28.64,Other
600513.SH,600513,联环药业,20030319,,主板,L,534654561.84999996,-15.578947368421048,未知,未知,,,20.05,,,4.4756,6.9158,572339.8214,572339.8214,422667088.2,False,0,0,False,False,24.2,19.92,-5.824330671676837,-5.290505432215409,-17.148760330578504,False,-15.578947368421048,1.410939133031408,-74.67,-165.68,5611567.53,87.3429,,,14664411.270000003,-718.8737,0.5038,0,572339.8214,422667088.2,1.0,1.5,PASS,False,0.4444444444444444,-74.67,-165.68,1.0,-75.67,ESP-Q,,4.4756,0.5038,,99.46392506573181,0.0,0.0,20.05,24.2,True,0,71.93585337915235,,0.03669724770642202,0,0,5.0,393,-17.343261485676344,False,-5.824330671676837,,-0.0009446442313247678,False,False,独立池,-75.67,0.0,19.73522053053373,28.02780011985245,0.7,0.0,19.62,Other
600515.SH,600515,海南机场,20020806,,主板,L,365654314.15,-9.392265193370175,未知,未知,,,3.28,171.4598,162.4882,1.5454,1.2987,3747501.5495,3009732.1026,391393827.6,False,0,0,False,False,3.71,3.27,-6.2857142857142945,-28.695652173913043,-11.590296495956876,False,-9.392265193370175,1.410939133031408,48.82,-16.2947,105786616.14,94.0663,,,-185628654.68000004,-41.4602,0.4704,0,3747501.5495,391393827.6,1.0,1.5,PASS,False,0.4444444444444444,48.82,-16.2947,1.0,48.82,ESP-Q,171.4598,1.5454,0.4704,3.5120811142974193,99.46392506573181,0.0,0.0,3.28,3.71,False,0,73.25315005727376,,0.13608562691131498,0,0,5.0,393,-11.15657931062547,False,-6.2857142857142945,,0.0060689509063300544,False,False,独立池,48.82,0.0,21.554040202036404,28.786753057589408,0.7,0.0,20.15,Other
600516.SH,600516,方大炭素,20020830,,主板,L,351283922.65,-2.517985611510787,未知,未知,,,5.42,234.5253,229.7892,1.3357,1.5468,2182075.9395,2182075.9395,371297811.6,True,0,0,False,False,5.9,5.31,-6.39032815198618,-5.902777777777779,-8.135593220338988,False,-2.517985611510787,1.410939133031408,-73.94,-361.56,10087518.26,113.8671,,,-116797108.58999999,-3272.3927,0.0546,0,2182075.9395,371297811.6,1.0,1.5,PASS,False,0.4444444444444444,-73.94,-361.56,1.0,-74.94,ESP-Q,234.5253,1.3357,0.0546,,99.46392506573181,0.0,0.0,5.42,5.9,False,0,73.25315005727376,,0.3570336391437309,0,0,5.0,393,-4.282299728766081,False,-6.39032815198618,,0.0037918352218534687,False,False,独立池,-74.94,0.0,19.745885952336263,28.42512220764938,0.7,0.0,19.9,Other
600517.SH,600517,国网英大,20031010,,主板,L,202082792.9,-12.191358024691358,未知,未知,,,5.69,12.8582,14.0458,1.3578,0.6569,3253789.9383,3253789.9383,236033199.79999998,True,0,0,False,False,6.59,5.67,-4.53020134228187,-14.692653673163413,-13.657056145675261,False,-12.191358024691358,1.410939133031408,-36.04,60.91,383805402.07,98.4791,,,6207173091.04,-285.8859,1.6435,0,3253789.9383,236033199.79999998,1.0,1.5,PASS,False,0.4444444444444444,-36.04,60.91,1.0,-37.04,ESP-Q,12.8582,1.3578,1.6435,,99.46392506573181,0.0,0.0,5.69,6.59,False,0,81.09965635738831,,0.07339449541284404,0,0,5.0,393,-13.955672141946652,False,-4.53020134228187,,0.003460487761891129,False,False,独立池,-37.04,0.0,20.299611276056652,30.889819162427823,0.7,0.0,21.62,Other
600518.SH,600518,康美药业,20010319,,主板,L,238066136.24999997,-8.47457627118644,未知,未知,,,1.62,2169.1341,,3.0801,1.4267,2240281.2638,2239221.0545,273955090.8,False,0,0,False,False,1.78,1.61,-5.263157894736836,-15.62499999999999,-8.98876404494382,False,-8.47457627118644,1.410939133031408,-640.2778,44.836,-19043853.23,,,,-354835069.32,,-0.2275,0,2240281.2638,273955090.8,1.0,1.5,PASS,False,0.4444444444444444,-640.2778,44.836,1.0,-641.2778,,2169.1341,3.0801,-0.2275,,99.46392506573181,0.0,0.0,1.62,1.78,False,0,62.88659793814433,,0.15634556574923547,0,0,5.0,393,-10.238890388441733,False,-5.263157894736836,,0.013446108504641797,False,False,独立池,-641.2778,0.0,11.471596199299508,23.6602986213032,1.0,0.0,23.66,Other
600519.SH,600519,贵州茅台,20010827,,主板,L,6451778437.949999,-9.168654173764901,未知,未知,,,1332.95,20.2771,20.1803,6.1619,0.4646,166921358.3084,166921358.3084,7501648583.400001,False,0,0,False,False,1477.41,1327.11,-2.0847259665180307,-12.591149931801493,-9.777922174616393,False,-9.168654173764901,1.410939133031408,1.45,-4.58,27239985194.41,99.9907,,,219603956904.68,71.689,10.5687,0,166921358.3084,7501648583.400001,1.0,1.5,PASS,False,0.4444444444444444,1.45,-4.58,1.0,0.44999999999999996,,20.2771,6.1619,10.5687,13.984206896551726,99.46392506573181,10.0,0.0,1332.95,1477.41,False,0,73.25315005727376,,0.14143730886850153,0,0,5.0,393,-10.932968291020195,False,-2.0847259665180307,,-0.010343455703856896,False,False,独立池,0.44999999999999996,0.0,20.8473464313674,28.645414303455606,1.0,0.0,38.65,Other
600521.SH,600521,华海药业,20030304,,主板,L,485116340.9999999,0.06056935190792423,未知,未知,,,16.52,92.8478,66.2822,2.5747,1.542,2473460.5287,2473460.5287,634514369.4,True,0,0,False,False,17.67,15.53,-5.383734249713634,2.672467371037901,-6.508205998868144,False,0.06056935190792423,1.410939133031408,-52.19,-86.05,136031977.67,33.6567,,,563634442.22,89.7542,4.1906,0,2473460.5287,634514369.4,1.0,1.5,PASS,False,0.4444444444444444,-52.19,-86.05,1.0,-53.19,ESP-Q,92.8478,2.5747,4.1906,,99.46392506573181,0.0,0.0,16.52,17.67,False,0,86.25429553264605,,0.44801223241590216,0,0,5.0,393,-1.7037447653473703,False,-5.383734249713634,,-0.005135013646184019,False,False,独立池,-53.19,0.0,20.063657081384243,32.389020076070665,0.7,0.0,22.67,Other
600522.SH,600522,中天科技,20021024,,主板,L,10310507416.55,47.446043165467636,未知,未知,,,40.99,48.2021,43.8049,3.6802,10.6989,13989680.6235,13989680.6235,16322143895.8,True,2,1,False,False,46.18,27.42,-6.543547651618786,74.7229326513214,-11.238631442182756,False,47.446043165467636,1.410939133031408,38.2,6.37,824931171.27,89.7685,,,7142684685.78,-171.8106,2.4331,0,13989680.6235,16322143895.8,1.0,1.5,PASS,False,0.4444444444444444,38.2,6.37,1.0,38.2,ESP-Q,48.2021,3.6802,2.4331,1.2618350785340313,99.46392506573181,0.0,0.0,40.99,46.18,False,0,77.54868270332189,CHASE,0.9671253822629969,1,1,100.0,393,45.68172904821234,True,-6.543547651618786,,-0.014229973201290023,True,False,独立池,38.2,0.0,21.398880230059873,77.54438085700855,0.7,0.0,54.28,Tier2
600527.SH,600527,江南高纤,20031127,,主板,L,497880523.1,7.835820895522394,未知,未知,,,2.89,237.294,228.5929,2.4133,7.0865,500478.9007,500478.9007,465339565.40000004,False,2,1,False,False,3.5,2.46,-7.66773162939296,25.108225108225103,-17.428571428571427,False,7.835820895522394,1.410939133031408,22.7,-45.1,6131350.66,78.1677,,,51099845.5,932.4414,0.3789,0,500478.9007,465339565.40000004,1.0,1.5,PASS,False,0.4444444444444444,22.7,-45.1,1.0,22.7,ESP-Q,237.294,2.4133,0.3789,10.453480176211455,99.46392506573181,0.0,10.0,2.89,3.5,False,0,94.04352806414661,,0.6643730886850153,0,1,40.0,393,6.0715067782671,True,-7.66773162939296,,0.006517906632444494,False,False,独立池,22.7,0.0,21.17242264384177,52.447542948012334,0.7,10.0,26.71,Other
600531.SH,600531,豫光金铅,20020730,,主板,L,1463565858.2999997,13.56560415122312,未知,未知,,,15.32,21.5394,20.4442,2.6082,9.1491,1852590.4533,1852590.4533,1839330960.6,True,0,0,False,False,17.5,13.43,-8.098380323935217,-9.669811320754718,-12.457142857142856,False,13.56560415122312,1.410939133031408,6.22,5.13,222187308.09,80.8304,,,1589847761.9900002,-125.7692,4.0291,1,1852590.4533,1839330960.6,1.0,1.5,PASS,False,0.4444444444444444,6.22,5.13,1.0,6.22,ESP-Q,21.5394,2.6082,4.0291,3.4629260450160775,99.46392506573181,10.0,0.0,15.32,17.5,False,10,73.25315005727376,,0.77217125382263,1,1,100.0,393,11.801290033967826,True,-8.098380323935217,,0.010061903215405604,False,False,独立池,6.22,0.0,20.931647094107944,76.16227443600371,0.7,10.0,53.31,Tier2
600535.SH,600535,天士力,20020823,,主板,L,175155133.85000002,2.2346368715083775,未知,未知,,,14.64,19.7938,18.8402,1.713,0.64,2187142.8073,2187142.8073,139654002.59999996,False,0,0,False,False,15.45,14.04,-2.399999999999991,-2.2696929238985253,-5.242718446601935,False,2.2346368715083775,1.410939133031408,54.23,-23.59,364316246.64,98.3996,,,2624905138.28,100.6611,2.9417,0,2187142.8073,139654002.59999996,1.0,1.5,PASS,False,0.4444444444444444,54.23,-23.59,1.0,54.23,ESP-Q,19.7938,1.713,2.9417,0.36499723400331924,99.46392506573181,10.0,0.0,14.64,15.45,True,0,73.25315005727376,,0.5160550458715596,0,0,5.0,393,0.470322754253083,False,-2.399999999999991,,-0.006924253181343462,False,False,独立池,54.23,0.0,21.633081204709946,28.802561258124115,0.7,0.0,30.16,Other
600536.SH,600536,中国软件,20020517,,主板,L,721569106.75,7.506702412868638,未知,未知,,,40.1,,,10.6517,2.1303,3744484.2018,3383060.139,1256657282.6000001,False,1,1,False,False,43.7,36.45,-5.156102175969723,-11.654549460233532,-8.23798627002289,False,7.506702412868638,1.410939133031408,-5.67,90.24,-86856564.79,,,,-326131104.27,,-2.0752,0,3744484.2018,1256657282.6000001,1.0,1.5,PASS,False,0.4444444444444444,-5.67,90.24,1.0,-6.67,,,10.6517,-2.0752,,99.46392506573181,0.0,0.0,40.1,43.7,False,0,73.25315005727376,,0.6574923547400612,0,1,40.0,393,5.742388295613344,True,-5.156102175969723,,0.017892109629985112,False,False,独立池,-6.67,0.0,20.7433220433756,46.124609425857244,1.0,0.0,46.12,Other
600540.SH,600540,新赛股份,20040107,,主板,L,165167107.65,18.279569892473102,未知,未知,,,5.5,,,8.3095,7.4114,319757.328,319757.328,243576653.60000002,True,1,1,False,False,5.99,4.6,-3.169014084507038,11.788617886178866,-8.180300500834726,False,18.279569892473102,1.410939133031408,368.43,60.128,26645304.01,63.7166,,,-202440368.95,3437.5923,11.4918,0,319757.328,243576653.60000002,1.0,1.5,PASS,False,0.4444444444444444,368.43,60.128,1.0,368.43,ESP-Q,,8.3095,11.4918,,99.46392506573181,0.0,0.0,5.5,5.99,False,0,71.01947308132875,CHASE,0.8302752293577982,1,1,100.0,393,16.515255775217806,True,-3.169014084507038,,-0.011476880070400841,True,False,独立池,368.43,0.0,26.223595629853648,76.55056105036935,0.7,0.0,53.59,Tier2
600545.SH,600545,卓郎智能,20031203,,主板,L,845000506.6500001,51.55875299760193,未知,未知,,,6.32,,,4.3106,12.0871,1129960.5243,1129960.5243,1334010790.8,False,4,3,False,True,6.9,4.08,4.290429042904309,141.22137404580153,-8.405797101449275,False,51.55875299760193,1.410939133031408,75.4893,-367.7609,-31348000.0,,,,-1095279000.0,,-1.1131,0,1129960.5243,1334010790.8,1.0,1.5,PASS,False,0.4444444444444444,75.4893,-367.7609,1.0,75.4893,ESP-Q,,4.3106,-1.1131,,99.46392506573181,0.0,0.0,6.32,6.9,False,0,73.25315005727376,CHASE,0.97782874617737,1,1,75.0,393,49.79443888034663,True,4.290429042904309,突破型,-0.010373251928494536,True,False,独立池,75.4893,0.0,21.943683124883268,63.864681642158786,0.7,0.0,44.71,Other
600546.SH,600546,山煤国际,20030731,,主板,L,438304487.45,14.983164983164986,未知,未知,,,13.66,23.2164,20.2087,1.6212,1.4578,2708035.0872,2708035.0872,371489047.59999996,True,0,0,False,False,14.34,11.46,-0.5822416302765698,23.285198555956676,-4.741980474198049,False,14.983164983164986,1.410939133031408,67.59,-48.75,450854350.2,105.2066,,,3473689022.02,108.8638,2.6076,0,2708035.0872,371489047.59999996,1.0,1.5,PASS,False,0.4444444444444444,67.59,-48.75,1.0,67.59,ESP-Q,23.2164,1.6212,2.6076,0.34348868175765646,99.46392506573181,0.0,0.0,13.66,14.34,False,0,73.25315005727376,,0.7912844036697247,1,1,100.0,393,13.218850865909692,True,-0.5822416302765698,,-0.015435663165962411,False,False,独立池,67.59,0.0,21.828273033863095,76.34159962395475,0.7,0.0,53.44,Tier2
600547.SH,600547,山东黄金,20030828,,主板,L,2019392801.2999997,-17.74110366168129,未知,未知,,,31.9,31.0286,28.5058,4.5948,2.0106,14705675.1848,11530074.2769,1962260144.3999999,False,0,0,False,False,40.28,31.5,-9.836065573770503,-29.967069154774972,-20.8043694141013,False,-17.74110366168129,1.410939133031408,41.94,66.91,1462557868.93,101.169,,,13209838537.400002,167.6198,3.1815,0,14705675.1848,1962260144.3999999,1.0,1.5,PASS,False,0.4444444444444444,41.94,66.91,1.0,41.94,,31.0286,4.5948,3.1815,0.7398330948974726,99.46392506573181,0.0,0.0,31.9,40.28,False,0,73.25315005727376,,0.02217125382262997,0,0,5.0,393,-19.505417778936586,False,-9.836065573770503,,-0.010266304393940821,False,False,独立池,41.94,0.0,21.453522254089272,28.766649467999983,1.0,0.0,28.77,Other
600552.SH,600552,凯盛科技,20021108,,主板,L,1281801915.4500003,29.47290274684484,未知,未知,,,17.44,128.034,124.1076,3.8166,11.4687,1647394.4231,1647394.4231,1780320812.0000002,False,1,0,False,False,18.87,13.19,3.0732860520094496,15.191545574636734,-7.578166401695807,False,29.47290274684484,1.410939133031408,89.4,38081.8153,22327823.52,79.9756,,,226511780.4,21.6801,0.6517,0,1647394.4231,1780320812.0000002,1.0,1.5,PASS,False,0.4444444444444444,89.4,38081.8153,1.0,89.4,ESP-Q,128.034,3.8166,0.6517,1.4321476510067113,99.46392506573181,0.0,0.0,17.44,18.87,False,0,94.27262313860251,CHASE,0.9136085626911316,1,1,75.0,393,27.708588629589546,True,3.0732860520094496,,0.0022227791380725432,True,False,独立池,89.4,0.0,22.146920772922247,70.2111710961652,0.7,0.0,49.15,Other
600556.SH,600556,天下秀,20010807,,主板,L,304036887.0,-3.104575163398704,未知,未知,,,5.93,347.3021,516.4351,2.7969,3.3904,1071994.3517,1071994.3517,360930929.2,False,0,0,False,False,6.42,5.83,-4.9679487179487225,-26.151930261519297,-7.632398753894087,False,-3.104575163398704,1.410939133031408,-77.95,-141.33,2857007.76,88.6203,,,52836999.11,,0.0841,0,1071994.3517,360930929.2,1.0,1.5,PASS,False,0.4444444444444444,-77.95,-141.33,1.0,-78.95,,347.3021,2.7969,0.0841,,99.46392506573181,0.0,0.0,5.93,6.42,False,0,95.87628865979381,,0.34174311926605505,0,0,5.0,393,-4.868889280653999,False,-4.9679487179487225,,0.005073491203788428,False,False,独立池,-78.95,0.0,19.68729918325661,35.20034643458947,1.0,0.0,35.2,Other
600559.SH,600559,老白干酒,20021029,,主板,L,162391979.4,-1.547531319086226,未知,未知,,,13.36,28.4355,27.5985,2.2317,1.4795,1222102.5852,1215104.6172,175159483.6,True,0,0,False,False,14.7,13.3,-2.3391812865497075,-16.60424469413233,-9.115646258503396,False,-1.547531319086226,1.410939133031408,12.43,,159426873.28,96.3572,,,522239141.76,160.8436,3.0687,0,1222102.5852,175159483.6,1.0,1.5,PASS,False,0.4444444444444444,12.43,,1.0,12.43,ESP-Q,28.4355,2.2317,3.0687,2.287650844730491,99.46392506573181,0.0,0.0,13.36,14.7,False,0,73.25315005727376,,0.38914373088685017,0,0,5.0,393,-3.3118454363415206,False,-2.3391812865497075,,0.00880049527442024,False,False,独立池,12.43,0.0,21.022376230263713,28.680420263234872,0.7,0.0,20.08,Other
600563.SH,600563,法拉电子,20021210,,主板,L,932897498.2500002,8.724233079045618,未知,未知,,,133.97,25.2841,25.2113,4.7865,4.417,3014325.0,3014325.0,1223454296.9999998,True,0,0,False,False,138.67,112.78,4.094794094794096,26.88956241712446,-3.3893416023653145,False,8.724233079045618,1.410939133031408,1.76,10.21,263016826.2,98.2372,,,2813959427.17,1.0503,4.3436,0,3014325.0,1223454296.9999998,1.0,1.5,PASS,False,0.4444444444444444,1.76,10.21,1.0,1.76,,25.2841,4.7865,4.3436,14.365965909090908,99.46392506573181,0.0,0.0,133.97,138.67,False,0,73.8831615120275,,0.6788990825688074,0,1,55.0,393,6.959918961790324,True,4.094794094794096,,-0.0022687320089831062,False,False,独立池,1.76,0.0,20.866485749944545,53.83824560359716,1.0,0.0,53.84,Tier2
600566.SH,600566,济川药业,20010822,,主板,L,186009880.94999996,11.699604743083004,未知,未知,,,28.26,14.6504,14.9892,1.7377,0.6498,2604617.5468,2595828.9694,251748783.0,True,0,0,False,False,29.6,24.58,-1.6359206404455207,4.666666666666663,-4.527027027027031,False,11.699604743083004,1.410939133031408,-8.87,-31.1,357359475.7,89.3082,,,3398503439.85,186.0997,2.7042,0,2604617.5468,251748783.0,1.0,1.5,PASS,False,0.4444444444444444,-8.87,-31.1,1.0,-9.87,,14.6504,1.7377,2.7042,,99.46392506573181,0.0,0.0,28.26,29.6,False,0,73.25315005727376,,0.7385321100917431,1,1,100.0,393,9.93529062582771,True,-1.6359206404455207,,-0.003922640502065573,False,False,独立池,-9.87,0.0,20.696569509446704,76.11525891907147,1.0,0.0,76.12,Tier2
600570.SH,600570,恒生电子,20031216,,主板,L,766052143.9,-1.1733535200605716,未知,未知,,,26.11,40.1591,36.9359,4.9578,1.7667,4944314.7766,4944314.7766,946065799.6000001,True,0,0,False,False,28.08,25.81,-6.783291681542314,-14.421501147164872,-7.01566951566951,False,-1.1733535200605716,1.410939133031408,625.41,21.46,72502943.44,52.2468,,,1569370502.99,-664.1681,1.4002,0,4944314.7766,946065799.6000001,1.0,1.5,PASS,False,0.4444444444444444,625.41,21.46,1.0,625.41,ESP-Q,40.1591,4.9578,1.4002,0.06421243664156315,99.46392506573181,0.0,0.0,26.11,28.08,False,0,73.25315005727376,,0.40061162079510704,0,0,5.0,393,-2.937667637315866,False,-6.783291681542314,,0.0008150278764965163,False,False,独立池,625.41,0.0,29.978116307681233,30.471568278718372,0.7,0.0,21.33,Other
600572.SH,600572,康恩贝,20040412,,主板,L,449579130.4499999,-10.208333333333341,未知,未知,,,4.31,23.0508,22.6191,1.5068,1.3621,1093444.1084,1090538.3698,219787061.20000002,True,1,0,False,False,5.17,4.29,-3.363228699551579,-5.066079295154191,-16.634429400386853,False,-10.208333333333341,1.410939133031408,28.74,-27.67,209188231.37,105.4111,,,1310137407.56,88.6983,2.7749,0,1093444.1084,219787061.20000002,1.0,1.5,PASS,False,0.4444444444444444,28.74,-27.67,1.0,28.74,ESP-Q,23.0508,1.5068,2.7749,0.8020459290187891,99.46392506573181,0.0,0.0,4.31,5.17,True,0,73.25315005727376,,0.11238532110091744,0,0,5.0,393,-11.972647450588635,False,-3.363228699551579,,0.02746317151413866,False,False,独立池,28.74,0.0,21.260668051632567,28.72807862750864,0.7,0.0,20.11,Other
600573.SH,600573,惠泉啤酒,20030226,,主板,L,182247535.25000003,16.695059625212938,未知,未知,,,13.7,42.8176,41.8203,2.5077,5.9182,342500.0,342500.0,192489307.6,True,0,0,False,False,14.5,11.55,-1.8624641833810962,13.316790736145578,-5.517241379310345,False,16.695059625212938,1.410939133031408,18.97,27.88,7262702.05,88.3062,,,218661147.53,-2.4497,0.604,0,342500.0,192489307.6,1.0,1.5,PASS,False,0.4444444444444444,18.97,27.88,1.0,18.97,ESP-Q,42.8176,2.5077,0.604,2.257121771217712,99.46392506573181,0.0,0.0,13.7,14.5,False,0,39.74799541809851,CAT-0,0.8157492354740061,1,1,100.0,393,14.930745507957644,True,-1.8624641833810962,,-0.014045248229382102,True,False,独立池,18.97,0.0,21.1179267214809,66.14798396972573,0.35,0.0,23.15,Other
600575.SH,600575,淮河能源,20030328,,主板,L,298584977.74999994,0.27173913043476716,未知,未知,,,3.69,15.5786,15.0664,1.1852,2.6261,2644546.3107,1434030.333,438324164.6000001,False,0,0,False,False,3.97,3.55,-1.8617021276595702,7.580174927113692,-7.0528967254408155,False,0.27173913043476716,1.410939133031408,33.52,-13.05,351803191.21,108.6423,,,2216072297.5,135.115,1.4623,0,2644546.3107,438324164.6000001,1.0,1.5,PASS,False,0.4444444444444444,33.52,-13.05,1.0,33.52,ESP-Q,15.5786,1.1852,1.4623,0.4647553699284009,99.46392506573181,0.0,0.0,3.69,3.97,False,0,98.96907216494846,,0.45642201834862384,0,0,5.0,393,-1.4925749868205274,False,-1.8617021276595702,,-0.014877436147830127,False,False,独立池,33.52,0.0,21.330504649188857,36.456822579322306,0.7,0.0,25.52,Other
600577.SH,600577,精达股份,20020911,,主板,L,794217361.55,14.01944894651541,未知,未知,,,14.07,50.5153,49.575,4.9619,5.4044,3026591.8567,3026591.8567,1031355964.1999999,True,0,0,False,False,14.49,12.15,2.5510204081632626,-0.07102272727272929,-2.898550724637683,False,14.01944894651541,1.410939133031408,10.76,11.34,130989416.91,95.8729,,,1414821835.3,-350.3392,2.1993,0,3026591.8567,1031355964.1999999,1.0,1.5,PASS,False,0.4444444444444444,10.76,11.34,1.0,10.76,ESP-Q,50.5153,4.9619,2.1993,4.694730483271376,99.46392506573181,0.0,0.0,14.07,14.49,False,0,73.25315005727376,,0.7790519877675841,1,1,100.0,393,12.255134829260117,True,2.5510204081632626,,-0.0024647939695855567,False,False,独立池,10.76,0.0,20.997977251619567,76.17554046750604,0.7,0.0,53.32,Tier2
600578.SH,600578,京能电力,20020510,,主板,L,462378757.75,34.2911877394636,未知,未知,,,7.01,13.2962,13.1536,1.8612,6.6241,4692929.3315,4692929.3315,1104805176.6000001,True,3,3,True,True,7.01,4.78,35.328185328185334,34.03441682600381,0.0,False,34.2911877394636,1.410939133031408,3.18,110.65,1091969409.9,99.1502,,,9715939318.41,182.6142,3.7799,0,4692929.3315,1104805176.6000001,1.0,1.5,PASS,False,0.4444444444444444,3.18,110.65,1.0,3.18,,13.2962,1.8612,3.7799,4.181194968553459,99.46392506573181,10.0,0.0,7.01,7.01,False,0,88.65979381443299,CHASE,0.9357798165137615,1,1,100.0,393,32.526873622208306,True,35.328185328185334,LOCK|突破型|OVERHEAT,0.014311274707580795,True,True,独立池,3.18,0.0,20.887232186875494,80.775384581705,1.0,0.0,90.78,Tier2
600580.SH,600580,卧龙电驱,20020606,,主板,L,1610588687.9499998,6.386333771353492,未知,未知,,,40.48,56.1508,55.7605,5.8119,5.6518,6323451.6845,6305296.4045,2324415102.2000003,True,0,0,False,False,42.42,36.48,-0.3937007874015852,-7.134663913741701,-4.5733144743045795,False,6.386333771353492,1.410939133031408,-7.56,29.58,217172228.45,78.6936,,,2239544622.65,76.1942,2.4947,0,6323451.6845,2324415102.2000003,1.0,1.5,PASS,False,0.4444444444444444,-7.56,29.58,1.0,-8.559999999999999,ESP-Q,56.1508,5.8119,2.4947,,99.46392506573181,0.0,0.0,40.48,42.42,False,0,74.1122565864834,,0.6299694189602446,0,1,55.0,393,4.622019654098198,False,-0.3937007874015852,,-0.00016569759921839154,False,False,独立池,-8.559999999999999,0.0,20.715708828023846,53.87681874154979,0.7,0.0,37.71,Other
600583.SH,600583,海油工程,20020205,,主板,L,343828971.65000004,-12.693935119887156,未知,未知,,,6.19,13.1298,13.8081,0.9432,0.8817,2736818.6212,2736818.6212,263566457.19999996,True,0,0,False,False,7.33,6.1,-3.881987577639756,-5.061349693251527,-15.5525238744884,False,-12.693935119887156,1.410939133031408,-23.82,2.0,363239300.0,82.8535,,,4572308900.0,96.7479,1.5772,0,2736818.6212,263566457.19999996,1.0,1.5,PASS,False,0.4444444444444444,-23.82,2.0,1.0,-24.82,,13.1298,0.9432,1.5772,,99.46392506573181,0.0,0.0,6.19,7.33,True,0,73.25315005727376,,0.06422018348623854,0,0,5.0,393,-14.45824923714245,False,-3.881987577639756,,-0.0018283434090969049,False,False,独立池,-24.82,0.0,20.478147514997634,28.571574520181656,1.0,0.0,28.57,Other
600584.SH,600584,长电科技,20030603,,主板,L,5917152708.749998,33.17274604267033,未知,未知,,,58.05,66.364,62.873,3.611,14.0314,10387551.5789,10387551.5789,11544287771.000002,True,1,1,False,False,59.73,43.09,3.9763567974207437,24.144568006843457,-2.812656956303361,False,33.17274604267033,1.410939133031408,37.03,-11.51,264565692.29,91.1438,,,2855281709.02,602.3179,1.0107,0,10387551.5789,11544287771.000002,1.0,1.5,PASS,False,0.4444444444444444,37.03,-11.51,1.0,37.03,ESP-Q,66.364,3.611,1.0107,1.7921685120172834,99.46392506573181,0.0,0.0,58.05,59.73,False,0,92.78350515463917,CHASE,0.9288990825688074,1,1,100.0,393,31.408431925415037,True,3.9763567974207437,OVERHEAT,0.0020366782662071497,True,True,独立池,37.03,0.0,21.38178633484212,82.11140881336017,0.7,0.0,57.48,Tier2
600585.SH,600585,海螺水泥,20020207,,主板,L,822211518.45,-9.17960088691796,未知,未知,,,20.48,13.3771,13.9669,0.5599,1.1537,10852971.6818,8191390.8818,914613493.6,True,0,0,False,False,22.83,20.35,-4.433037797480166,-18.145483613109516,-10.29347349978098,False,-9.17960088691796,1.410939133031408,-21.83,3.03,1300682456.0,88.6115,,,19023853420.0,18.7157,0.76,0,10852971.6818,914613493.6,1.0,1.5,PASS,False,0.4444444444444444,-21.83,3.03,1.0,-22.83,,13.3771,0.5599,0.76,,99.46392506573181,0.0,0.0,20.48,22.83,False,0,73.25315005727376,,0.13990825688073394,0,0,5.0,393,-10.943915004173254,False,-4.433037797480166,,0.013409085700730577,False,False,独立池,-22.83,0.0,20.507221747034666,28.57738936658906,1.0,0.0,28.58,Other
600586.SH,600586,金晶科技,20020815,,主板,L,299505498.4,5.313092979127143,未知,未知,,,5.55,,,1.5609,4.5606,786622.4235,786622.4235,345255148.4,True,0,0,False,False,6.09,5.22,-2.9720279720279685,-25.503355704697995,-8.866995073891626,False,5.313092979127143,1.410939133031408,-3562.0,-1768.15,-157418376.59,,,,-868072025.19,,-3.0462,0,786622.4235,345255148.4,1.0,1.5,PASS,False,0.4444444444444444,-3562.0,-1768.15,1.0,-3563.0,,,1.5609,-3.0462,,99.46392506573181,0.0,0.0,5.55,6.09,False,0,96.10538373424971,,0.6116207951070336,0,1,55.0,393,3.5487788618718485,False,-2.9720279720279685,,-0.009702301651135201,False,False,独立池,-1426.4568,0.0,0.0,56.33161512027491,1.0,0.0,56.33,Tier2
600588.SH,600588,用友网络,20010518,,主板,L,613119727.75,-5.345394736842113,未知,未知,,,11.51,,,5.7037,1.9665,3932964.0178,3932964.0178,810528401.6,False,0,0,False,False,12.88,11.5,-7.027463651050092,-21.807065217391308,-10.636645962732928,False,-5.345394736842113,1.410939133031408,7.7512,21.639,-732751781.0,,,,-4821162700.0,,-9.9708,0,3932964.0178,810528401.6,1.0,1.5,PASS,False,0.4444444444444444,7.7512,21.639,1.0,7.7512,,,5.7037,-9.9708,,99.46392506573181,0.0,0.0,11.51,12.88,False,0,88.31615120274914,,0.26146788990825687,0,0,5.0,393,-7.109708854097407,False,-7.027463651050092,,0.009419114391829542,False,False,独立池,7.7512,0.0,20.95401818159292,33.185648997143325,1.0,0.0,33.19,Other
600589.SH,600589,大位科技,20010612,,主板,L,2381640643.95,15.35008976660681,未知,未知,,,12.85,,,30.7183,16.3546,1907800.8087,1899833.8087,3957446995.0,True,2,2,False,False,14.58,9.42,-1.3056835637480835,23.4390009606148,-11.865569272976684,False,15.35008976660681,1.410939133031408,-131.1408,-36.7756,-39505935.12,,,,-226726837.85000002,,-5.0076,0,1907800.8087,3957446995.0,1.0,1.5,PASS,False,0.4444444444444444,-131.1408,-36.7756,1.0,-132.1408,,,30.7183,-5.0076,,99.46392506573181,0.0,0.0,12.85,14.58,False,0,72.73768613974799,CHASE,0.7981651376146789,1,1,100.0,393,13.585775649351516,True,-1.3056835637480835,,-0.004942820472245931,True,False,独立池,-132.1408,0.0,18.910172720223724,75.60334038596915,1.0,0.0,75.6,Tier2
600592.SH,600592,龙溪股份,20020805,,主板,L,174002702.14999998,-0.7466401194624162,未知,未知,,,19.94,47.2647,57.5256,3.0816,5.2761,796709.8206,796709.8206,238301734.4,True,0,0,False,False,20.96,18.25,-1.1403073872087277,-17.942386831275712,-4.866412213740457,False,-0.7466401194624162,1.410939133031408,10.56,49.69,42769060.82,,,,264001076.5,,-0.0094,0,796709.8206,238301734.4,1.0,1.5,PASS,False,0.4444444444444444,10.56,49.69,1.0,10.56,,47.2647,3.0816,-0.0094,4.475823863636363,99.46392506573181,0.0,0.0,19.94,20.96,False,0,73.25315005727376,,0.4197247706422018,0,0,5.0,393,-2.5109542367177107,False,-1.1403073872087277,,-6.659624334242093e-05,False,False,独立池,10.56,0.0,20.99505521824901,28.67495606083193,1.0,0.0,28.67,Other
600594.SH,600594,益佰制药,20040323,,主板,L,328028221.0,-17.647058823529406,未知,未知,,,3.92,,,1.4384,4.2454,310435.5408,310435.5408,160392661.2,True,1,0,False,False,5.04,3.87,-7.109004739336489,-4.622871046228716,-22.22222222222222,False,-17.647058823529406,1.410939133031408,-122.1832,-0.5947,-34801324.57,,,,-475411230.77,,-1.3587,0,310435.5408,160392661.2,1.0,1.5,PASS,False,0.4444444444444444,-122.1832,-0.5947,1.0,-123.1832,,,1.4384,-1.3587,,99.46392506573181,0.0,0.0,3.92,5.04,True,0,73.25315005727376,,0.023700305810397553,0,0,5.0,393,-19.4113729407847,False,-7.109004739336489,,0.01657837812393524,False,False,独立池,-123.1832,0.0,19.04104475082419,28.284153967346967,1.0,0.0,28.28,Other
600595.SH,600595,中孚实业,20020626,,主板,L,621446990.8000001,-10.97560975609756,未知,未知,,,7.3,18.0905,13.2486,1.6313,2.2868,2925770.7332,2925770.7332,603789048.6000001,False,0,0,False,False,8.91,7.2,-5.440414507772018,-10.866910866910862,-18.06958473625141,False,-10.97560975609756,1.410939133031408,379.5,169.82,877900215.52,106.8768,,,4237942945.15,-8.7386,4.6874,0,2925770.7332,603789048.6000001,1.0,1.5,PASS,False,0.4444444444444444,379.5,169.82,1.0,379.5,ESP-Q,18.0905,1.6313,4.6874,0.04766930171277997,99.46392506573181,10.0,0.0,7.3,8.91,False,0,66.66666666666666,,0.09938837920489296,0,0,5.0,393,-12.739923873352854,False,-5.440414507772018,,-0.007684024488883176,False,False,独立池,379.5,0.0,26.38533017691393,27.77706603538278,0.7,0.0,29.44,Other
600596.SH,600596,新安股份,20010906,,主板,L,316880363.6500001,-1.2427506213753103,未知,未知,,,11.92,109.5445,76.6037,1.2815,2.0423,1608719.6824,1608719.6824,353673028.40000004,True,0,0,False,False,12.8,11.82,-4.333868378812211,-6.436420722135006,-6.875000000000009,False,-1.2427506213753103,1.410939133031408,441.3901,32.1765,79441409.08,82.5103,,,-59916224.80000001,-96.188,0.7698,0,1608719.6824,353673028.40000004,1.0,1.5,PASS,False,0.4444444444444444,441.3901,32.1765,1.0,441.3901,ESP-Q,109.5445,1.2815,0.7698,0.24818069095795306,99.46392506573181,0.0,0.0,11.92,12.8,False,0,72.16494845360825,,0.39908256880733944,0,0,5.0,393,-3.007064738630605,False,-4.333868378812211,,-0.013370909283074254,False,False,独立池,441.3901,0.0,27.289554864449215,29.607395508972317,0.7,0.0,20.73,Other
600598.SH,600598,北大荒,20020329,,主板,L,401704910.7,-1.3656114214773307,未知,未知,,,15.89,24.2221,23.3752,3.2919,1.8421,2824733.3754,2824733.3754,389997601.8,False,0,0,False,False,17.1,15.67,-5.3039332538736605,2.4500322372662753,-7.076023391812869,False,-1.3656114214773307,1.410939133031408,8.11,-4.48,550788366.24,94.8178,,,3923664356.58,960.6042,7.0054,0,2824733.3754,389997601.8,1.0,1.5,PASS,False,0.4444444444444444,8.11,-4.48,1.0,8.11,ESP-Q,24.2221,3.2919,7.0054,2.9866954377311963,99.46392506573181,0.0,0.0,15.89,17.1,False,0,72.16494845360825,,0.39602446483180426,0,0,5.0,393,-3.1299255387326252,False,-5.3039332538736605,,0.006122242803545463,False,False,独立池,8.11,0.0,20.959260309459697,28.34133659797441,0.7,0.0,19.84,Other
600600.SH,600600,青岛啤酒,19930827,,主板,L,337318127.3000001,-0.3870967741935516,未知,未知,,,61.76,18.3633,18.0122,2.5971,0.8803,8425269.0673,4379561.824,410913619.59999996,True,0,0,False,False,63.83,61.41,-1.6247212488053608,-1.8124006359300449,-3.2429891900360386,False,-0.3870967741935516,1.410939133031408,6.42,4.53,1705809135.0,94.7786,,,14389171726.0,122.3653,5.7054,0,8425269.0673,410913619.59999996,1.0,1.5,PASS,False,0.4444444444444444,6.42,4.53,1.0,6.42,,18.3633,2.5971,5.7054,2.8603271028037383,99.46392506573181,10.0,0.0,61.76,63.83,False,0,73.25315005727376,,0.4319571865443425,0,0,5.0,393,-2.151410891448846,False,-1.6247212488053608,,0.004415842920952576,False,False,独立池,6.42,0.0,20.934569127478504,28.662858842677828,1.0,0.0,38.66,Other
600602.SH,600602,云赛智联,19901219,,主板,L,1489542764.8500001,-6.694560669456062,未知,未知,,,22.3,157.4336,155.4842,6.198,4.693,3049911.8047,2395695.6677,1518355325.6,True,0,0,False,False,24.95,21.32,-3.83786114704614,6.545628284758731,-10.62124248496994,False,-6.694560669456062,1.410939133031408,10.09,-5.44,42599595.68,95.6197,,,406675773.65999997,-519.9467,0.9095,0,3049911.8047,1518355325.6,1.0,1.5,PASS,False,0.4444444444444444,10.09,-5.44,1.0,10.09,ESP-Q,157.4336,6.198,0.9095,15.602933597621409,99.46392506573181,0.0,0.0,22.3,24.95,False,0,77.09049255441009,,0.20948012232415902,0,0,5.0,393,-8.458874786711357,False,-3.83786114704614,,-0.00265454330341408,False,False,独立池,10.09,0.0,20.988188439828203,29.82478545428867,0.7,0.0,20.88,Other
600605.SH,600605,汇通能源,19920327,,主板,L,260518287.55,2.2270337148159625,未知,未知,,,33.05,282.6852,293.8009,4.8016,2.4738,681763.4278,681763.4278,209312330.6,True,1,0,False,False,35.31,29.56,-2.3922031896042584,15.076601671309199,-6.4004531294251095,False,2.2270337148159625,1.410939133031408,0.83,2.13,8637962.47,99.449,,,61301247.4,161.4279,0.6101,0,681763.4278,209312330.6,1.0,1.5,PASS,False,0.4444444444444444,0.83,2.13,1.0,-0.17000000000000004,,282.6852,4.8016,0.6101,340.584578313253,99.46392506573181,0.0,10.0,33.05,35.31,False,0,84.65063001145475,,0.5152905198776758,0,0,5.0,393,0.46271959756066794,False,-2.3922031896042584,,0.010710930850995209,False,False,独立池,-0.17000000000000004,0.0,20.838288127918673,32.06284662902016,1.0,10.0,22.06,Other
600606.SH,600606,绿地控股,19920327,,主板,L,231970160.0,0.0,未知,未知,,,1.5,,,0.5468,0.9488,2108132.7471,2108132.7471,283048292.40000004,True,1,1,False,False,1.71,1.27,-8.536585365853655,-12.280701754385959,-12.280701754385959,False,0.0,1.410939133031408,-419.27,-92.24,-809209145.68,-396.2972,,,-30215707315.84,-482.9193,0.5317,0,2108132.7471,283048292.40000004,1.0,1.5,PASS,False,0.4444444444444444,-419.27,-92.24,1.0,-420.27,ESP-Q,,0.5468,0.5317,,99.46392506573181,0.0,0.0,1.5,1.71,False,0,73.25315005727376,,0.44533639143730885,0,0,5.0,393,-1.7643141172552945,False,-8.536585365853655,,-0.004521489315976532,False,False,独立池,-420.27,0.0,14.700557033065497,27.416056423795226,0.7,0.0,19.19,Other
600617.SH,600617,国新能源,19921013,,主板,L,180411529.4,13.58024691358024,未知,未知,,,3.68,,,2.2194,4.8983,709942.5736,653399.7096,226195752.79999998,True,0,0,False,False,3.83,3.15,3.9548022598870025,15.723270440251568,-3.9164490861618773,False,13.58024691358024,1.410939133031408,132.77,13.8,37406295.58,29.7569,,,-618618617.6400001,224.2904,3.2006,0,709942.5736,226195752.79999998,1.0,1.5,PASS,False,0.4444444444444444,132.77,13.8,1.0,132.77,ESP-Q,,2.2194,3.2006,,99.46392506573181,0.0,0.0,3.68,3.83,False,0,73.25315005727376,,0.7729357798165137,1,1,100.0,393,11.815932796324946,True,3.9548022598870025,,0.006803663622725409,False,False,独立池,132.77,0.0,22.780563709327346,76.5320577590476,0.7,0.0,53.57,Tier2
600618.SH,600618,氯碱化工,19921113,,主板,L,159767661.99999994,-0.07905138339920903,未知,未知,,,12.64,16.9444,17.466,1.5346,4.0644,1461689.5697,947797.7297,183938316.2,True,0,0,False,False,13.25,12.07,2.931596091205213,-18.870346598202826,-4.603773584905657,False,-0.07905138339920903,1.410939133031408,-9.38,8.45,200772197.71,97.5544,,,2101985402.52,60.7076,2.1837,0,1461689.5697,183938316.2,1.0,1.5,PASS,False,0.4444444444444444,-9.38,8.45,1.0,-10.38,,16.9444,1.5346,2.1837,,99.46392506573181,0.0,0.0,12.64,13.25,False,0,73.25315005727376,,0.4426605504587156,0,0,5.0,393,-1.8433655006545036,False,2.931596091205213,,-0.00942272387830878,False,False,独立池,-10.38,0.0,20.68911832435178,28.613768682052484,1.0,0.0,28.61,Other
600619.SH,600619,海立股份,19921116,,主板,L,506966033.54999995,6.395348837209314,未知,未知,,,18.3,273.4887,152.2725,3.1833,5.8971,1964220.263,1444189.8803,522255507.79999995,True,0,0,False,False,18.96,16.88,-0.32679738562090277,-1.5069967707211918,-3.4810126582278444,False,6.395348837209314,1.410939133031408,1001.19,258.4254,80296904.52,110.8629,,,206910643.24,187.2788,1.1782,0,1964220.263,522255507.79999995,1.0,1.5,PASS,False,0.4444444444444444,1001.19,258.4254,1.0,1001.19,,273.4887,3.1833,1.1782,0.2731636352740239,99.46392506573181,0.0,10.0,18.3,18.96,False,0,87.97250859106529,,0.6307339449541285,0,1,55.0,393,4.63103471995402,False,-0.32679738562090277,,-0.009336560182964833,False,False,独立池,1001.19,0.0,35.468324807619176,60.98541753884342,1.0,10.0,50.99,Tier2
600621.SH,600621,华鑫股份,19921202,,主板,L,184765260.25,-1.1299435028248594,未知,未知,,,14.0,23.3644,22.725,1.5879,1.6277,1485259.0088,1485259.0088,305125927.59999996,True,0,0,False,False,15.1,13.88,-3.6476256022023312,-17.257683215130037,-7.284768211920523,False,-1.1299435028248594,1.410939133031408,5.07,69.87,131845580.73,84.9124,,,1439840930.01,897.1467,1.674,0,1485259.0088,305125927.59999996,1.0,1.5,PASS,False,0.4444444444444444,5.07,69.87,1.0,5.07,,23.3644,1.5879,1.674,4.60836291913215,99.46392506573181,0.0,0.0,14.0,15.1,False,0,73.25315005727376,,0.404434250764526,0,0,5.0,393,-2.894257620080154,False,-3.6476256022023312,,0.001915504198545175,False,False,独立池,5.07,0.0,20.914845402227247,28.658914097627576,1.0,0.0,28.66,Other
600623.SH,600623,华谊集团,19921204,,主板,L,289369629.00000006,-2.8340080971660075,未知,未知,,,9.6,36.7383,35.1147,0.9039,2.0012,2037918.0288,1800993.3437,296875169.79999995,True,1,0,False,False,11.07,9.22,-1.2345679012345734,1.1591148577449806,-13.27913279132792,False,-2.8340080971660075,1.410939133031408,49.14,-3.17,196239382.7,116.9007,,,1385036952.51,1238.6706,0.7474,0,2037918.0288,296875169.79999995,1.0,1.5,PASS,False,0.4444444444444444,49.14,-3.17,1.0,49.14,ESP-Q,36.7383,0.9039,0.7474,0.7476251526251526,99.46392506573181,0.0,0.0,9.6,11.07,False,0,73.25315005727376,,0.35015290519877673,0,0,5.0,393,-4.598322214421302,False,-1.2345679012345734,,0.007267970330156935,False,False,独立池,49.14,0.0,21.558715455429294,28.787688108267986,0.7,0.0,20.15,Other
600633.SH,600633,浙数文化,19930304,,主板,L,808699878.65,2.6004728132387633,未知,未知,,,13.02,28.8338,28.0368,1.5864,4.356,1651032.9625,1651032.9625,712983532.0,False,1,0,False,False,15.09,12.66,-5.788712011577424,-14.172709294660512,-13.717693836978128,False,2.6004728132387633,1.410939133031408,-11.69,-4.28,90898714.17,56.8008,,,1022167408.03,-104.288,1.5496,0,1651032.9625,712983532.0,1.0,1.5,PASS,False,0.4444444444444444,-11.69,-4.28,1.0,-12.69,ESP-Q,28.8338,1.5864,1.5496,,99.46392506573181,0.0,0.0,13.02,15.09,False,0,88.31615120274914,,0.5267584097859327,0,0,5.0,393,0.8361586959834688,False,-5.788712011577424,,0.01888119351087955,False,False,独立池,-12.69,0.0,20.655368838921863,33.12591912860911,0.7,0.0,23.19,Other
600637.SH,600637,东方明珠,19930316,,主板,L,672355712.2,-0.20703933747411307,未知,未知,,,9.64,52.4872,58.0508,1.0824,1.6834,3240871.4236,3240871.4236,680079707.4,False,1,0,False,False,11.0,9.56,-8.884688090737235,-17.957446808510635,-12.363636363636354,False,-0.20703933747411307,1.410939133031408,-63.2,47.57,31690287.59,51.4111,,,1081475732.1,-249.1826,0.2059,0,3240871.4236,680079707.4,1.0,1.5,PASS,False,0.4444444444444444,-63.2,47.57,1.0,-64.2,ESP-Q,52.4872,1.0824,0.2059,,99.46392506573181,0.0,0.0,9.64,11.0,False,0,90.60710194730814,,0.4380733944954128,0,0,5.0,393,-1.9713534547294076,False,-8.884688090737235,,0.005521646866953293,False,False,独立池,-64.2,0.0,19.902799144335127,33.662690413059465,0.7,0.0,23.56,Other
600642.SH,600642,申能股份,19930416,,主板,L,292671564.25,3.93873085339167,未知,未知,,,9.5,11.5847,12.2657,1.2201,0.8908,4649375.4072,4649122.4982,402789378.0,False,0,0,False,False,9.91,8.83,-0.41928721174003813,13.500597371565126,-4.137235116044402,False,3.93873085339167,1.410939133031408,-11.74,2.42,768293399.25,97.5105,,,9384450491.460001,185.3461,1.8714,0,4649375.4072,402789378.0,1.0,1.5,PASS,False,0.4444444444444444,-11.74,2.42,1.0,-12.74,,11.5847,1.2201,1.8714,,99.46392506573181,0.0,0.0,9.5,9.91,False,0,88.65979381443299,,0.5634556574923547,0,1,40.0,393,2.1744167361363753,False,-0.41928721174003813,,0.027394490887520426,False,False,独立池,-12.74,0.0,20.65463833057922,50.72886581044574,1.0,0.0,50.73,Tier2
600645.SH,600645,中源协和,19930504,,主板,L,277795283.15,-20.802792321116925,未知,未知,,,22.69,93.2763,96.485,2.8549,3.0709,1061776.0314,1061370.5044,295869543.59999996,True,0,0,False,False,29.09,22.5,-9.817170111287755,-11.401796173369771,-22.00068752148504,False,-20.802792321116925,1.410939133031408,-39.61,-13.96,17149207.42,70.7332,,,272437881.23,75.1988,0.653,0,1061776.0314,295869543.59999996,1.0,1.5,PASS,False,0.4444444444444444,-39.61,-13.96,1.0,-40.61,ESP-Q,93.2763,2.8549,0.653,,99.46392506573181,0.0,0.0,22.69,29.09,False,0,91.92439862542955,,0.01452599388379205,0,0,5.0,393,-22.56710643837222,False,-9.817170111287755,,-0.011033950231311401,False,False,独立池,-40.61,0.0,20.247452980392225,34.126810183707306,0.7,0.0,23.89,Other
600654.SH,600654,中安科,19901219,,主板,L,910624728.1499999,-12.018140589569171,未知,未知,,,3.88,210.8204,153.4737,6.6247,4.1698,1116506.4282,899163.5473,570392886.1999999,False,1,1,False,False,4.76,3.65,-6.506024096385554,-1.0204081632653073,-18.487394957983195,False,-12.018140589569171,1.410939133031408,71.49,-33.69,14807531.55,52.1939,,,-127785641.32,-47.7073,1.7497,0,1116506.4282,570392886.1999999,1.0,1.5,PASS,False,0.4444444444444444,71.49,-33.69,1.0,71.49,ESP-Q,210.8204,6.6247,1.7497,2.948949503427053,99.46392506573181,0.0,10.0,3.88,4.76,True,0,68.95761741122566,,0.077217125382263,0,0,5.0,393,-13.782454706824465,False,-6.506024096385554,,-0.005709327828402633,False,False,独立池,71.49,0.0,21.885252684588945,27.564335760285484,0.7,10.0,9.3,Other
600660.SH,600660,福耀玻璃,19930610,,主板,L,897790970.2500002,-5.132983228866683,未知,未知,,,56.0,15.6938,16.2491,4.0585,0.7859,14614563.7792,11216723.4592,836105706.2,False,0,0,False,False,61.1,55.91,-5.72390572390572,-6.883937479215163,-8.346972176759415,False,-5.132983228866683,1.410939133031408,-17.32,23.08,1642761951.0,95.9815,,,22435762931.0,17.6882,4.4631,0,14614563.7792,836105706.2,1.0,1.5,PASS,False,0.4444444444444444,-17.32,23.08,1.0,-18.32,,15.6938,4.0585,4.4631,,99.46392506573181,10.0,0.0,56.0,61.1,False,0,73.25315005727376,,0.2691131498470948,0,0,5.0,393,-6.897297346121977,False,-5.72390572390572,,0.009669925935678373,False,False,独立池,-18.32,0.0,20.573113599540708,28.590567737090268,1.0,0.0,38.59,Other
600666.SH,600666,奥瑞德,19930712,,主板,L,2568986799.5499997,-7.5441412520064315,未知,未知,,,5.76,112.0873,113.1774,14.4551,12.2098,1584833.6989,1441297.9964,1714289472.8000002,False,3,2,False,True,7.57,5.2,0.6993006993007089,52.38095238095237,-23.910171730515195,False,-7.5441412520064315,1.410939133031408,-7.2545,26.9134,-10742970.21,,,,-202632493.31,,-0.9249,0,1584833.6989,1714289472.8000002,1.0,1.5,PASS,False,0.4444444444444444,-7.2545,26.9134,1.0,-8.2545,,112.0873,14.4551,-0.9249,,99.46392506573181,0.0,0.0,5.76,7.57,True,0,96.33447880870561,,0.191131498470948,0,0,5.0,393,-9.308455369261726,False,0.6993006993007089,突破型,0.013632464141164403,False,False,独立池,-8.2545,0.0,20.72017223399737,35.544378089411154,1.0,0.0,35.54,Other
600667.SH,600667,太极实业,19930728,,主板,L,1844531388.5500002,25.380710659898487,未知,未知,,,12.35,57.6431,56.2396,2.9545,11.7524,2583054.5898,2583054.5898,3626920098.3999996,True,1,1,False,False,13.63,9.35,10.762331838565009,24.99999999999998,-9.391049156272935,False,25.380710659898487,1.410939133031408,9.44,-21.62,125094376.9,96.879,,,1296424413.32,-187.3256,1.4862,0,2583054.5898,3626920098.3999996,1.0,1.5,PASS,False,0.4444444444444444,9.44,-21.62,1.0,9.44,ESP-Q,57.6431,2.9545,1.4862,6.106260593220339,99.46392506573181,0.0,0.0,12.35,13.63,False,0,92.78350515463917,CHASE,0.8922018348623854,1,1,100.0,393,23.61639654264319,True,10.762331838565009,OVERHEAT,0.0007516377345937153,True,True,独立池,9.44,0.0,20.9786918313739,82.03078991266653,0.7,0.0,57.42,Tier2
600673.SH,600673,东阳光,19930917,,主板,L,3235762643.85,9.31137724550899,未知,未知,,,36.51,398.8778,941.5206,11.0666,2.6911,10987885.5204,10958687.9915,4654112649.600001,True,2,2,False,False,42.83,31.57,-6.432598667350087,16.533673795084592,-14.756012141022644,False,9.31137724550899,1.410939133031408,-37.29,116.86,167536076.09,140.4607,,,2146143240.51,87.3725,1.2432,0,10987885.5204,4654112649.600001,1.0,1.5,PASS,False,0.4444444444444444,-37.29,116.86,1.0,-38.29,,398.8778,11.0666,1.2432,,99.46392506573181,0.0,0.0,36.51,42.83,False,0,73.25315005727376,,0.6934250764525994,0,1,55.0,393,7.547063128253695,True,-6.432598667350087,,-0.005473359125775882,False,False,独立池,-38.29,0.0,20.281348567490674,53.532214730680266,1.0,0.0,53.53,Tier2
600674.SH,600674,川投能源,19930924,,主板,L,487382364.6000001,2.390710382513661,未知,未知,,,14.99,15.3698,15.4545,1.5754,0.666,7307035.6352,7307035.6352,593841102.4,True,0,0,False,False,15.66,14.35,-1.96206671026814,6.161473087818714,-4.278416347381864,False,2.390710382513661,1.410939133031408,-1.92,5.73,1448418031.42,99.7086,,,12833848171.83,15.7506,3.1832,0,7307035.6352,593841102.4,1.0,1.5,PASS,False,0.4444444444444444,-1.92,5.73,1.0,-2.92,,15.3698,1.5754,3.1832,,99.46392506573181,10.0,0.0,14.99,15.66,False,0,89.69072164948454,,0.5191131498470948,0,0,5.0,393,0.6263962652583666,False,-1.96206671026814,,0.0036711166729430393,False,False,独立池,-2.92,0.0,20.798110169073528,33.56683852866007,1.0,0.0,43.57,Other
600686.SH,600686,金龙汽车,19931108,,主板,L,386880638.5,-8.417085427135673,未知,未知,,,14.58,22.3228,18.291,2.8767,2.1807,1045455.134,1045455.134,348577909.0,False,0,0,False,False,17.65,14.35,-3.57142857142857,-22.734499205087445,-17.393767705382434,False,-8.417085427135673,1.410939133031408,1085.4,,98088023.45,65.3945,,,194207493.94,13.7248,4.2157,0,1045455.134,348577909.0,1.0,1.5,PASS,False,0.4444444444444444,1085.4,,1.0,1085.4,ESP-Q,22.3228,2.8767,4.2157,0.020566427123641054,99.46392506573181,0.0,0.0,14.58,17.65,False,0,73.25315005727376,,0.15902140672782875,0,0,5.0,393,-10.181399544390967,False,-3.57142857142857,,-0.012885383356621769,False,False,独立池,1085.4,0.0,36.69864695829184,31.815674408840493,0.7,0.0,22.27,Other
600688.SH,600688,上海石化,19931108,,主板,L,184742897.1,4.195804195804209,未知,未知,,,2.98,,,1.3349,0.7502,3141700.015,2183986.423,219169691.00000003,True,0,0,False,False,3.23,2.75,-4.792332268370602,-6.289308176100638,-7.739938080495357,False,4.195804195804209,1.410939133031408,597.6446,-520.78,424038000.0,102.1357,,,-1831525000.0,-134.498,1.7793,0,3141700.015,219169691.00000003,1.0,1.5,PASS,False,0.4444444444444444,597.6446,-520.78,1.0,597.6446,ESP-Q,,1.3349,1.7793,,99.46392506573181,0.0,0.0,2.98,3.23,False,0,73.25315005727376,,0.5703363914373089,0,1,55.0,393,2.4314900785489146,False,-4.792332268370602,,0.014099669260821106,False,False,独立池,597.6446,0.0,29.572459180947043,55.39043685337154,0.7,0.0,38.77,Other
600690.SH,600690,海尔智家,19931119,,主板,L,1252535985.1,1.6627078384797933,未知,未知,,,21.4,10.2636,10.7214,1.603,1.2733,20068127.451,13381480.7995,1438571805.8000002,True,0,0,False,False,21.85,20.27,-0.4187994416007479,-17.565485362095533,-2.0594965675057364,False,1.6627078384797933,1.410939133031408,-17.2,4.49,4441374498.46,95.4803,,,39937334747.67,28.2183,3.8146,0,20068127.451,1438571805.8000002,1.0,1.5,PASS,False,0.4444444444444444,-17.2,4.49,1.0,-18.2,,10.2636,1.603,3.8146,,99.46392506573181,10.0,0.0,21.4,21.85,False,0,88.31615120274914,,0.49770642201834864,0,0,5.0,393,-0.10160627877550121,False,-0.4187994416007479,,0.013425078770137459,False,False,独立池,-18.2,0.0,20.574866819563038,33.10981872473735,1.0,0.0,43.11,Other
600691.SH,600691,潞化科技,19931119,,主板,L,200855931.85,-4.792332268370602,未知,未知,,,2.98,,,2.2765,2.1105,708042.6217,707924.6137,145105624.0,False,0,0,False,False,3.51,2.96,-4.792332268370602,-6.875000000000009,-15.099715099715095,False,-4.792332268370602,1.410939133031408,63.0185,-21.32,-57044965.38,,,,-1555056116.45,,-1.5551,0,708042.6217,145105624.0,1.0,1.5,PASS,False,0.4444444444444444,63.0185,-21.32,1.0,63.0185,ESP-Q,,2.2765,-1.5551,,99.46392506573181,0.0,0.0,2.98,3.51,True,0,73.25315005727376,,0.2759938837920489,0,0,5.0,393,-6.556646385625896,False,-4.792332268370602,,0.013826203711048276,False,False,独立池,63.0185,0.0,21.76148265609561,28.828241548401248,0.7,0.0,20.18,Other
600699.SH,600699,均胜电子,19931206,,主板,L,1851481032.3000004,18.864970645792557,未知,未知,,,30.37,35.2569,33.7018,2.6873,7.912,4709690.1998,4115297.9168,2076635695.0000002,True,1,0,False,False,30.53,25.41,4.977531973729699,8.697208303507509,-0.5240746806419949,False,18.864970645792557,1.410939133031408,13.23,16.72,362354723.87,90.1181,,,3686532101.5299997,157.1652,2.3076,0,4709690.1998,2076635695.0000002,1.0,1.5,PASS,False,0.4444444444444444,13.23,16.72,1.0,13.23,,35.2569,2.6873,2.3076,2.664920634920635,99.46392506573181,0.0,0.0,30.37,30.53,False,0,73.25315005727376,CHASE,0.8348623853211009,1,1,100.0,393,17.10065652853726,True,4.977531973729699,,-0.001677227265606711,True,False,独立池,13.23,0.0,21.034064363745937,76.18275788993131,1.0,0.0,76.18,Tier2
600702.SH,600702,舍得酒业,19960524,,主板,L,251558785.9,-8.996539792387548,未知,未知,,,42.08,62.7896,129.1339,1.958,2.0359,1400249.3628,1399660.2428,293094411.20000005,True,0,0,False,False,48.15,42.08,-5.882352941176472,-26.510653161019913,-12.60643821391485,False,-8.996539792387548,1.410939133031408,-34.91,-50.31,223468143.6,96.5107,,,1321387557.67,-33.6701,3.2987,0,1400249.3628,293094411.20000005,1.0,1.5,PASS,False,0.4444444444444444,-34.91,-50.31,1.0,-35.91,ESP-Q,62.7896,1.958,3.2987,,99.46392506573181,0.0,0.0,42.08,48.15,False,0,59.221076746849945,,0.1452599388379205,0,0,5.0,393,-10.760853909642842,False,-5.882352941176472,,0.003960874174357271,False,False,独立池,-35.91,0.0,20.316120764600292,24.32954717697504,0.7,0.0,17.03,Other
600704.SH,600704,物产中大,19960606,,主板,L,261584259.84999996,-5.482041587901698,未知,未知,,,5.0,7.1361,7.1614,0.6134,1.3956,2585589.945,2585589.945,298222545.4,True,0,0,False,False,5.31,4.97,-3.100775193798455,-12.587412587412583,-5.838041431261765,False,-5.482041587901698,1.410939133031408,-7.03,14.28,845908091.43,87.1211,,,8014887348.79,-440.1742,2.1577,0,2585589.945,298222545.4,1.0,1.5,PASS,False,0.4444444444444444,-7.03,14.28,1.0,-8.030000000000001,ESP-Q,7.1361,0.6134,2.1577,,99.46392506573181,0.0,0.0,5.0,5.31,False,0,73.25315005727376,,0.25496941896024466,0,0,5.0,393,-7.246355705156992,False,-3.100775193798455,,0.025283737794181357,False,False,独立池,-8.030000000000001,0.0,20.723452216455822,28.62063546047329,0.7,0.0,20.03,Other
600707.SH,600707,彩虹股份,19960520,,主板,L,1581889669.3500001,48.67872044506256,未知,未知,,,10.69,102.5013,667.5658,1.7598,7.1082,3835988.6235,3835218.9435,2216528642.8,False,5,2,False,True,11.72,6.72,16.83060109289616,58.37037037037036,-8.788395904436875,False,48.67872044506256,1.410939133031408,-106.22,-77.67,-19049173.74,-344.4203,,,939820619.72,930.8593,0.0254,0,3835988.6235,2216528642.8,1.0,1.5,PASS,False,0.4444444444444444,-106.22,-77.67,1.0,-107.22,ESP-Q,102.5013,1.7598,0.0254,,99.46392506573181,0.0,0.0,10.69,11.72,False,0,94.27262313860251,CHASE,0.9709480122324159,1,1,75.0,393,46.914406327807264,True,16.83060109289616,突破型|OVERHEAT,0.005414461933528344,True,True,独立池,-107.22,0.0,19.2742697663285,69.63664089484645,0.7,0.0,48.75,Other
600710.SH,600710,苏美达,19960701,,主板,L,240328335.00000006,-8.965517241379306,未知,未知,,,11.88,11.4517,11.3029,1.8125,1.3839,1552418.3276,1552418.3276,281252803.20000005,True,0,0,False,False,13.58,11.72,-4.270749395648665,1.192504258943794,-12.51840942562592,False,-8.965517241379306,1.410939133031408,3.92,19.23,286379000.0,92.112,,,3163712400.0,-10.9887,3.6406,0,1552418.3276,281252803.20000005,1.0,1.5,PASS,False,0.4444444444444444,3.92,19.23,1.0,3.92,ESP-Q,11.4517,1.8125,3.6406,2.921352040816327,99.46392506573181,10.0,0.0,11.88,13.58,False,0,73.25315005727376,,0.14602446483180428,0,0,5.0,393,-10.7298313586346,False,-4.270749395648665,,0.01861190227354878,False,False,独立池,3.92,0.0,20.89804371034655,28.655553759251436,0.7,0.0,30.06,Other
600711.SH,600711,盛屯矿业,19960531,,主板,L,1671783210.95,-9.460406447091795,未知,未知,,,12.92,20.358,14.8413,2.2846,5.6742,3993070.1239,3993070.1239,1893182438.3999999,True,0,0,False,False,14.97,12.73,-10.402219140083213,-17.338451695457458,-13.694054776219112,False,-9.460406447091795,1.410939133031408,145.45,38.54,1086719157.08,106.5129,,,6638394540.5,58.2563,6.0089,0,3993070.1239,1893182438.3999999,1.0,1.5,PASS,False,0.4444444444444444,145.45,38.54,1.0,145.45,,20.358,2.2846,6.0089,0.13996562392574768,99.46392506573181,10.0,0.0,12.92,14.97,False,0,5.612829324169531,CAT-0,0.13379204892966362,0,0,5.0,393,-11.22472056434709,False,-10.402219140083213,,0.0036950902434152587,False,False,独立池,145.45,0.0,22.965820625020605,8.77701292225498,0.5,0.0,14.39,Other
600713.SH,600713,南京医药,19960701,,主板,L,207418135.15000004,-18.281249999999993,未知,未知,,,5.23,10.9557,11.0049,0.9312,1.0083,684551.0118,674566.9544,104999439.19999999,True,0,0,False,False,6.42,5.19,-2.788104089219323,-6.440071556350613,-18.535825545171335,False,-18.281249999999993,1.410939133031408,-0.39,,168888007.4,96.7454,,,801699176.44,-1824.6699,2.4008,0,684551.0118,104999439.19999999,1.0,1.5,PASS,False,0.4444444444444444,-0.39,,1.0,-1.3900000000000001,ESP-Q,10.9557,0.9312,2.4008,,99.46392506573181,0.0,0.0,5.23,6.42,True,0,71.93585337915235,,0.020642201834862386,0,0,5.0,393,-20.04556411725529,False,-2.788104089219323,,0.006736607998729138,False,False,独立池,-1.3900000000000001,0.0,20.82046372435828,28.24484875861736,0.7,0.0,19.77,Other
600727.SH,600727,鲁北化工,19960702,,主板,L,240987538.74999997,23.478260869565215,未知,未知,,,8.52,117.6742,76.5637,1.3841,8.054,450352.831,450352.831,223441143.6,True,1,0,False,False,8.79,6.88,5.185185185185182,9.090909090909083,-3.0716723549487956,False,23.478260869565215,1.410939133031408,56.3,-90.13,55299235.25,97.778,,,122165983.74,19.8548,1.7533,0,450352.831,223441143.6,1.0,1.5,PASS,False,0.4444444444444444,56.3,-90.13,1.0,56.3,ESP-Q,117.6742,1.3841,1.7533,2.0901278863232684,99.46392506573181,0.0,0.0,8.52,8.79,False,0,86.8270332187858,CHASE,0.8761467889908257,1,1,100.0,393,21.71394675230992,True,5.185185185185182,,0.00030992502096972017,True,False,独立池,56.3,0.0,21.663324250095204,80.38077481565477,0.7,0.0,56.27,Tier2
600728.SH,600728,佳都科技,19960716,,主板,L,209806290.55000004,-3.9426523297490967,未知,未知,,,5.36,65.7468,173.7602,1.4471,1.5003,1143073.2039,1143073.2039,225550427.6,True,0,0,False,False,5.75,5.31,-4.964539007092183,-20.943952802359878,-6.78260869565217,False,-3.9426523297490967,1.410939133031408,8.13,19.88,11184861.5,90.7462,,,63084132.07,,0.1562,1,1143073.2039,225550427.6,1.0,1.5,PASS,False,0.4444444444444444,8.13,19.88,1.0,8.13,,65.7468,1.4471,0.1562,8.086937269372692,99.46392506573181,0.0,0.0,5.36,5.75,False,10,90.60710194730814,,0.3081039755351682,0,0,5.0,393,-5.706966447004391,False,-4.964539007092183,,0.009769521630304888,False,False,独立池,8.13,0.0,20.95955251279676,33.87404108675179,1.0,10.0,23.87,Other
600732.SH,600732,爱旭股份,19960816,,主板,L,685144877.8,-13.797549967762734,未知,未知,,,13.37,,,5.9698,3.9099,2830763.1471,2806978.9599,767739987.2,False,0,0,False,False,16.54,13.22,-9.232858112695187,-11.103723404255316,-19.16565900846433,False,-13.797549967762734,1.410939133031408,-4.8637,59.1842,-488913121.25,,,,-3983977713.63,,-8.9014,0,2830763.1471,767739987.2,1.0,1.5,PASS,False,0.4444444444444444,-4.8637,59.1842,1.0,-5.8637,,,5.9698,-8.9014,,99.46392506573181,0.0,0.0,13.37,16.54,False,0,95.87628865979381,,0.052752293577981654,0,0,5.0,393,-15.561864085018028,False,-9.232858112695187,,-0.006200484458273828,False,False,独立池,-5.8637,0.0,20.755102220909,35.413907042119945,1.0,0.0,35.41,Other
600733.SH,600733,北汽蓝谷,19960816,,主板,L,501726379.00000006,-3.477051460361613,未知,未知,,,6.94,,,7.3375,1.6018,4418804.8496,3394848.0732,551192430.8,False,0,0,False,False,7.53,6.7,-2.2535211267605493,-14.532019704433486,-7.835325365205836,False,-3.477051460361613,1.410939133031408,8.5642,34.3401,-878838102.1,,,,-11497196478.670002,,-24.97,0,4418804.8496,551192430.8,1.0,1.5,PASS,False,0.4444444444444444,8.5642,34.3401,1.0,8.5642,,,7.3375,-24.97,,99.46392506573181,0.0,0.0,6.94,7.53,False,0,73.99770904925545,,0.3302752293577982,0,0,5.0,393,-5.241365577616907,False,-2.2535211267605493,,-0.010336390517423851,False,False,独立池,8.5642,0.0,20.965896247244235,28.89249196422548,1.0,0.0,28.89,Other
600737.SH,600737,中粮糖业,19960731,,主板,L,502497738.05,11.680911680911677,未知,未知,,,15.68,35.2568,33.8683,2.8832,2.1743,3353714.0215,3353714.0215,780846900.6,True,1,1,False,False,16.6,13.86,2.9546946815495634,-3.150092649783831,-5.5421686746988,False,11.680911680911677,1.410939133031408,29.81,-52.02,195872763.69,90.6973,,,2152128599.0,-95.2222,1.8733,0,3353714.0215,780846900.6,1.0,1.5,PASS,False,0.4444444444444444,29.81,-52.02,1.0,29.81,ESP-Q,35.2568,2.8832,1.8733,1.1827172089902718,99.46392506573181,0.0,0.0,15.68,16.6,False,0,73.25315005727376,,0.7370030581039755,1,1,100.0,393,9.916597563656383,True,2.9546946815495634,,0.015364727117515868,False,False,独立池,29.81,0.0,21.27630093016504,76.23120520321514,0.7,0.0,53.36,Tier2
600740.SH,600740,山西焦化,19960808,,主板,L,188704684.3,-8.333333333333337,未知,未知,,,3.85,118.6529,72.9658,0.6478,1.5676,986416.6443,986416.6443,161273014.39999998,False,0,0,False,False,4.47,3.81,-3.508771929824561,-16.485900216919745,-13.870246085011184,False,-8.333333333333337,1.410939133031408,73.1342,-81.67,-20936712.66,,,,-131364694.73,,-0.1195,0,986416.6443,161273014.39999998,1.0,1.5,PASS,False,0.4444444444444444,73.1342,-81.67,1.0,73.1342,ESP-Q,118.6529,0.6478,-0.1195,1.6223996433952923,99.46392506573181,0.0,0.0,3.85,4.47,False,0,73.25315005727376,,0.16093272171253822,0,0,5.0,393,-10.097647450588632,False,-3.508771929824561,,0.014727635748079339,False,False,独立池,73.1342,0.0,21.909274720928284,28.857799961367785,0.7,0.0,20.2,Other
600744.SH,600744,华银电力,19960905,,主板,L,1861477127.5499997,8.74172185430464,未知,未知,,,8.21,204.4286,115.5379,12.9365,10.1864,1667553.029,1667553.029,2253532489.3999996,True,1,0,False,False,9.63,7.24,-7.440811724915431,28.683385579937326,-14.745586708203529,False,8.74172185430464,1.410939133031408,85.21,170.4178,136601857.76,98.6772,,,841544342.73,759.3756,8.0668,0,1667553.029,2253532489.3999996,1.0,1.5,PASS,False,0.4444444444444444,85.21,170.4178,1.0,85.21,,204.4286,12.9365,8.0668,2.3991151273324727,99.46392506573181,0.0,10.0,8.21,9.63,False,0,88.65979381443299,,0.6796636085626911,0,1,55.0,393,6.9774077370493455,True,-7.440811724915431,,-0.0040895572093107915,False,False,独立池,85.21,0.0,22.085704173809095,58.51507897909171,1.0,10.0,48.52,Other
600746.SH,600746,江苏索普,19960918,,主板,L,165168066.70000002,-21.599169262720675,未知,未知,,,7.55,99.7604,134.8252,1.618,1.2351,881721.3774,881721.3774,134294169.79999998,False,0,0,False,False,10.09,7.48,-4.06607369758577,-2.9562982005141403,-25.17343904856293,False,-21.599169262720675,1.410939133031408,-40.98,-72.15,33655717.47,98.7036,,,315671310.2,-521.4754,0.6277,0,881721.3774,134294169.79999998,1.0,1.5,PASS,False,0.4444444444444444,-40.98,-72.15,1.0,-41.98,ESP-Q,99.7604,1.618,0.6277,,99.46392506573181,0.0,0.0,7.55,10.09,False,0,86.8270332187858,,0.013761467889908258,0,0,5.0,393,-23.36348337997597,False,-4.06607369758577,,0.010202454075441559,False,False,独立池,-41.98,0.0,20.227437051803914,32.593597375996524,0.7,0.0,22.82,Other
600748.SH,600748,上实发展,19960925,,主板,L,176262838.34999996,-4.436229205175602,未知,未知,,,5.17,,,0.9231,2.7776,953639.0152,953639.0152,330729173.40000004,False,2,2,False,False,6.27,4.95,-14.2620232172471,-6.8468468468468435,-17.543859649122805,False,-4.436229205175602,1.410939133031408,-31.9281,-74.0949,-121818512.97,,,,-2195416499.27,,-1.1259,0,953639.0152,330729173.40000004,1.0,1.5,PASS,False,0.4444444444444444,-31.9281,-74.0949,1.0,-32.9281,,,0.9231,-1.1259,,99.46392506573181,0.0,0.0,5.17,6.27,False,0,73.25315005727376,,0.29128440366972475,0,0,5.0,393,-6.200543322430896,False,-14.2620232172471,,0.009955517078958679,False,False,独立池,-32.9281,0.0,20.3596868211386,28.54788238140985,1.0,0.0,28.55,Other
600749.SH,600749,西藏旅游,19961015,,主板,L,408037447.3,-11.423841059602646,未知,未知,,,16.05,156.5189,293.8205,3.5022,4.3166,364279.6548,364279.6548,158043044.6,False,1,0,False,False,22.0,15.67,-0.6806930693069257,-5.141843971631211,-27.04545454545454,False,-11.423841059602646,1.410939133031408,-16.6648,81.27,-21305086.18,,,,1360606.2999999989,,-1.9045,0,364279.6548,158043044.6,1.0,1.5,PASS,False,0.4444444444444444,-16.6648,81.27,1.0,-17.6648,,156.5189,3.5022,-1.9045,,99.46392506573181,0.0,0.0,16.05,22.0,True,0,51.08820160366552,,0.08868501529051988,0,0,5.0,393,-13.18815517685794,False,-0.6806930693069257,,-0.0033340917765185985,False,False,独立池,-17.6648,0.0,20.58268618086265,21.942997717272185,1.0,0.0,21.94,Other
600751.SH,600751,海航科技,19960909,,主板,L,181667023.55,-3.4574468085106336,未知,未知,,,3.63,102.3261,144.3342,1.3921,2.6736,1052459.6152,934067.6259,224903663.80000004,True,0,0,False,False,4.03,3.59,-6.923076923076921,-16.74311926605505,-9.925558312655092,False,-3.4574468085106336,1.410939133031408,-62.38,-46.74,10914015.68,83.6801,,,192745871.24,-1380.0958,0.1724,0,1052459.6152,224903663.80000004,1.0,1.5,PASS,False,0.4444444444444444,-62.38,-46.74,1.0,-63.38,ESP-Q,102.3261,1.3921,0.1724,,99.46392506573181,0.0,0.0,3.63,4.03,False,0,73.25315005727376,,0.3318042813455658,0,0,5.0,393,-5.221760925765928,False,-6.923076923076921,,0.0011143436552775137,False,False,独立池,-63.38,0.0,19.914779481154405,28.458900913413007,0.7,0.0,19.92,Other
600756.SH,600756,浪潮软件,19960923,,主板,L,194566095.29999998,-1.626506024096408,未知,未知,,,16.33,,,2.5542,2.5659,570943.7536,529253.2636,198238404.2,False,0,0,False,False,18.4,15.78,-5.168408826945415,-7.110352673492604,-11.250000000000004,False,-1.626506024096408,1.410939133031408,2.6112,-1886.51,-86684617.71,,,,-713480385.94,,-3.7883,0,570943.7536,198238404.2,1.0,1.5,PASS,False,0.4444444444444444,2.6112,-1886.51,1.0,2.6112,ESP-Q,,2.5542,-3.7883,,99.46392506573181,0.0,0.0,16.33,18.4,False,0,73.25315005727376,,0.3837920489296636,0,0,5.0,393,-3.3908201413517025,False,-5.168408826945415,,-0.0004053200386342884,False,False,独立池,2.6112,0.0,20.87892192396963,28.651729401976056,0.7,0.0,20.06,Other
600760.SH,600760,中航沈飞,19961011,,主板,L,1072577597.2500001,-6.652191077773384,未知,未知,,,47.29,38.1128,41.2255,5.6379,0.5723,13407162.9025,13380954.4866,1322316286.2,True,0,0,False,False,52.08,46.24,-4.213084869353856,-14.577312138728328,-9.197388632872505,False,-6.652191077773384,1.410939133031408,-61.72,2.19,161311841.14,97.7873,,,5981822917.86,3154.4288,0.697,0,13407162.9025,1322316286.2,1.0,1.5,PASS,False,0.4444444444444444,-61.72,2.19,1.0,-62.72,,38.1128,5.6379,0.697,,99.46392506573181,0.0,0.0,47.29,52.08,False,0,73.25315005727376,,0.2117737003058104,0,0,5.0,393,-8.416505195028678,False,-4.213084869353856,,0.007410315043772605,False,False,独立池,-62.72,0.0,19.92442219127724,28.460829455437576,1.0,0.0,28.46,Other
600761.SH,600761,安徽合力,19961009,,主板,L,349144352.05,12.978845054316768,未知,未知,,,19.76,14.3715,14.3277,1.578,1.9523,1760008.8957,1760008.8957,601748717.2,True,0,0,False,False,21.25,16.71,-2.5160335471139494,-12.13872832369941,-7.011764705882351,False,12.978845054316768,1.410939133031408,7.6,0.2,302705384.67,92.9714,,,3078965337.21,72.048,2.9615,0,1760008.8957,601748717.2,1.0,1.5,PASS,False,0.4444444444444444,7.6,0.2,1.0,7.6,ESP-Q,14.3715,1.578,2.9615,1.8909868421052631,99.46392506573181,10.0,0.0,19.76,21.25,False,0,73.25315005727376,,0.7599388379204893,1,1,100.0,393,11.214530937061474,True,-2.5160335471139494,,-0.01760691738571542,False,False,独立池,7.6,0.0,20.951809124364782,76.16630684205509,0.7,0.0,63.32,Tier2
600763.SH,600763,通策医疗,19961030,,主板,L,359896433.74999994,-3.819192651679959,未知,未知,,,39.79,35.4573,35.2501,4.0258,1.5383,1779763.3965,1779763.3965,380311165.00000006,False,0,0,False,False,44.5,39.25,-5.171591992373692,-18.895230330207912,-10.584269662921352,False,-3.819192651679959,1.410939133031408,1.37,-0.04,184827971.65,98.9048,,,1506987718.24,66.474,4.3183,0,1779763.3965,380311165.00000006,1.0,1.5,PASS,False,0.4444444444444444,1.37,-0.04,1.0,0.3700000000000001,,35.4573,4.0258,4.3183,25.881240875912404,99.46392506573181,0.0,0.0,39.79,44.5,False,0,78.57961053837343,,0.3165137614678899,0,0,5.0,393,-5.583506768935253,False,-5.171591992373692,,0.002428406255551381,False,False,独立池,0.3700000000000001,0.0,20.846177618019176,30.243118685115864,1.0,0.0,30.24,Other
600764.SH,600764,中国海防,19961104,,主板,L,153427714.10000005,-5.165289256198347,未知,未知,,,22.95,135.282,141.6421,1.9883,0.8628,1630894.4409,1630894.4409,155757135.79999998,True,0,0,False,False,25.15,22.9,-6.1733442354865105,-17.2972972972973,-8.747514910536779,False,-5.165289256198347,1.410939133031408,-23.87,-36.44,21103731.42,81.5443,,,292666049.35,-290.8588,0.316,0,1630894.4409,155757135.79999998,1.0,1.5,PASS,False,0.4444444444444444,-23.87,-36.44,1.0,-24.87,ESP-Q,135.282,1.9883,0.316,,99.46392506573181,0.0,0.0,22.95,25.15,False,0,92.78350515463917,,0.268348623853211,0,0,5.0,393,-6.9296033734536415,False,-6.1733442354865105,,0.008360321926773707,False,False,独立池,-24.87,0.0,20.477417006654992,34.43053494772275,0.7,0.0,24.1,Other
600765.SH,600765,中航重机,19961106,,主板,L,354745835.70000005,-6.634787806335929,未知,未知,,,15.62,39.831,42.6193,1.6903,1.5153,2424995.867,2424995.867,409168165.2,False,0,0,False,False,17.05,15.42,-5.790108564535579,-18.64583333333334,-8.387096774193559,False,-6.634787806335929,1.410939133031408,-17.46,-13.72,155067179.76,98.1578,,,1665265004.85,60.7312,1.1078,0,2424995.867,409168165.2,1.0,1.5,PASS,False,0.4444444444444444,-17.46,-13.72,1.0,-18.46,,39.831,1.6903,1.1078,,99.46392506573181,0.0,0.0,15.62,17.05,False,0,73.25315005727376,,0.21253822629969418,0,0,5.0,393,-8.399101923591223,False,-5.790108564535579,,0.0002066632019134597,False,False,独立池,-18.46,0.0,20.571068176181317,28.590158652418392,1.0,0.0,28.59,Other
600768.SH,600768,宁波富邦,19961111,,主板,L,172274944.60000002,14.061519146264922,未知,未知,,,18.17,41.4801,29.8224,5.3098,3.7267,243018.6624,243018.6624,98732366.79999998,False,1,0,False,False,19.78,15.9,-4.968619246861916,3.828571428571448,-8.139534883720923,False,14.061519146264922,1.410939133031408,505.45,158.6726,21241534.84,75.9014,,,49997656.019999996,-334.1355,6.3076,0,243018.6624,98732366.79999998,1.0,1.5,PASS,False,0.4444444444444444,505.45,158.6726,1.0,505.45,ESP-Q,41.4801,5.3098,6.3076,0.08206568404392126,99.46392506573181,0.0,0.0,18.17,19.78,True,0,98.28178694158075,,0.7805810397553516,1,1,75.0,393,12.297205029009628,True,-4.968619246861916,,-0.021215836182618093,False,False,独立池,505.45,0.0,28.22548069202166,72.62963222087856,0.7,0.0,50.84,Tier2
600769.SH,600769,祥龙电业,19961101,,主板,L,370265998.74999994,53.89182058047493,未知,未知,,,23.33,459.8206,454.7281,69.0248,6.904,874821.8076,874821.8076,664057982.0000001,True,1,1,False,False,24.0,14.42,19.152196118488263,89.3668831168831,-2.79166666666667,False,53.89182058047493,1.410939133031408,8.74,13.19,4488841.52,94.4929,,,19855220.1,77.6735,3.8198,0,874821.8076,664057982.0000001,1.0,1.5,PASS,False,0.4444444444444444,8.74,13.19,1.0,8.74,|VAL-X,459.8206,69.0248,3.8198,52.61105263157895,99.46392506573181,0.0,15.0,23.33,24.0,False,0,84.65063001145475,CHASE,0.9808868501529052,1,1,100.0,393,52.12750646321963,True,19.152196118488263,OVERHEAT,0.004281839903771048,True,True,独立池,8.74,0.0,20.968464714576953,79.58888194635182,1.0,15.0,64.59,Tier2
600770.SH,600770,综艺股份,19961120,,主板,L,1029075813.9000001,27.580071174377217,未知,未知,,,7.17,85.4223,71.3049,2.7419,8.5812,932100.0,932100.0,1268643064.8,True,4,1,False,True,8.78,5.59,-13.301088270858518,1.4144271570014189,-18.337129840546694,False,27.580071174377217,1.410939133031408,-818.7143,63.6882,-14324086.64,-94.7855,,,-43883801.5,43.3369,0.4426,0,932100.0,1268643064.8,1.0,1.5,PASS,False,0.4444444444444444,-818.7143,63.6882,1.0,-819.7143,ESP-Q,85.4223,2.7419,0.4426,,99.46392506573181,0.0,0.0,7.17,8.78,False,0,72.16494845360825,CHASE,0.904434250764526,1,1,100.0,393,25.81575705712192,True,-13.301088270858518,突破型,0.009651296396187222,True,False,独立池,-819.7143,0.0,8.864609161673302,73.42240636841713,0.7,0.0,51.4,Tier2
600780.SH,600780,通宝能源,19961205,,主板,L,266524543.45,9.657320872274155,未知,未知,,,7.04,12.4526,12.382,0.9419,4.1926,807137.7762,807137.7762,415185041.99999994,False,0,0,False,False,7.92,6.38,-2.4930747922437657,14.845024469820567,-11.111111111111105,False,9.657320872274155,1.410939133031408,0.93,30.98,168879179.77,98.1398,,,1597117532.72,162.6858,2.0308,0,807137.7762,415185041.99999994,1.0,1.5,PASS,False,0.4444444444444444,0.93,30.98,1.0,-0.06999999999999995,,12.4526,0.9419,2.0308,13.389892473118278,99.46392506573181,0.0,0.0,7.04,7.92,False,0,80.29782359679267,,0.6987767584097859,0,1,40.0,393,7.893006755018861,True,-2.4930747922437657,,-0.005855437091113053,False,False,独立池,-0.06999999999999995,0.0,20.839749144603957,48.25729690795859,1.0,0.0,48.26,Other
600782.SH,600782,新钢股份,19961225,,主板,L,168761543.29999998,-15.29745042492917,未知,未知,,,2.99,214.1776,,0.3748,1.2998,952022.6226,940549.9926,137045265.2,False,0,0,False,False,3.57,2.98,-5.678233438485791,-23.33333333333333,-16.24649859943976,False,-15.29745042492917,1.410939133031408,-985.3738,79.4098,-787466892.33,,,,-898098269.2,,-2.8353,0,952022.6226,137045265.2,1.0,1.5,PASS,False,0.4444444444444444,-985.3738,79.4098,1.0,-986.3738,,214.1776,0.3748,-2.8353,,99.46392506573181,0.0,0.0,2.99,3.57,False,0,73.25315005727376,,0.0389908256880734,0,0,5.0,393,-17.061764542184466,False,-5.678233438485791,,0.018482139625677,False,False,独立池,-986.3738,0.0,6.429686059072296,25.761882228996587,1.0,0.0,25.76,Other
600791.SH,600791,京能置业,19970130,,主板,L,330440353.04999995,35.214827295703465,未知,未知,,,16.05,,,,5.9356,726872.4,725963.4821,388344616.59999996,True,0,0,False,False,16.66,11.36,10.689655172413804,140.2694610778443,-3.6614645858343287,False,35.214827295703465,1.410939133031408,26.3692,-914.3282,-74891309.01,,,,-1705206212.2399998,,-5.1782,0,726872.4,388344616.59999996,1.0,1.5,PASS,False,0.4444444444444444,26.3692,-914.3282,1.0,26.3692,ESP-Q,,,-5.1782,,99.46392506573181,0.0,0.0,16.05,16.66,False,0,84.19243986254295,CHASE,0.9418960244648318,1,1,100.0,393,33.45051317844817,True,10.689655172413804,OVERHEAT,0.0068074069465719955,True,True,独立池,26.3692,0.0,21.226030268057997,79.50293801237449,0.7,0.0,55.65,Tier2
600795.SH,600795,国电电力,19970318,,主板,L,920215663.3499998,0.8196721311475308,未知,未知,,,4.92,12.2533,13.0025,1.4366,1.1625,8775124.5883,8775124.5883,1252926457.0,True,0,0,False,False,5.13,4.72,-0.60606060606061,5.128205128205132,-4.093567251461982,False,0.8196721311475308,1.410939133031408,-15.54,45.23,1357733815.87,97.1206,,,17968040863.22,286.1042,2.3193,0,8775124.5883,1252926457.0,1.0,1.5,PASS,False,0.4444444444444444,-15.54,45.23,1.0,-16.54,,12.2533,1.4366,2.3193,,99.46392506573181,0.0,0.0,4.92,5.13,False,0,88.65979381443299,,0.47782874617737003,0,0,5.0,393,-0.9446419861077637,False,-0.60606060606061,,-0.01139370106706179,False,False,独立池,-16.54,0.0,20.599119696538658,33.21776208363762,1.0,0.0,33.22,Other
600797.SH,600797,浙大网新,19970418,,主板,L,310939395.4,-1.748633879781425,未知,未知,,,8.99,,,2.7904,2.3226,923746.2066,923746.2066,327614281.2,True,0,0,False,False,9.68,8.67,-3.95299145299145,-14.299332697807433,-7.128099173553714,False,-1.748633879781425,1.410939133031408,11.748,27.0311,-35478518.47,,,,-231651279.3,,-1.4193,0,923746.2066,327614281.2,1.0,1.5,PASS,False,0.4444444444444444,11.748,27.0311,1.0,11.748,,,2.7904,-1.4193,,99.46392506573181,0.0,0.0,8.99,9.68,False,0,88.31615120274914,,0.37844036697247707,0,0,5.0,393,-3.5129479970367194,False,-3.95299145299145,,0.0023187938474844875,False,False,独立池,11.748,0.0,21.01241209647012,33.19732778011877,1.0,0.0,33.2,Other
600800.SH,600800,渤海化学,19931206,,主板,L,246003141.5,2.207505518763786,未知,未知,,,4.63,,,5.2518,4.2989,513950.935,513805.09,247165887.00000003,True,1,0,False,False,5.21,4.39,-3.9419087136929543,5.707762557077634,-11.13243761996161,False,2.207505518763786,1.410939133031408,15.1038,-11.9411,-142655516.94,,,,-1853916548.68,,-13.6129,0,513950.935,247165887.00000003,1.0,1.5,PASS,False,0.4444444444444444,15.1038,-11.9411,1.0,15.1038,ESP-Q,,5.2518,-13.6129,,99.46392506573181,0.0,0.0,4.63,5.21,False,0,73.25315005727376,,0.514525993883792,0,0,5.0,393,0.44319140150849146,False,-3.9419087136929543,,0.0029996858789732555,False,False,独立池,15.1038,0.0,21.06144089439468,28.688233196061063,0.7,0.0,20.08,Other
600801.SH,600801,华新建材,19940103,,主板,L,271802818.2,-12.28070175438597,未知,未知,,,20.0,14.5724,12.7956,1.2652,0.7816,4157991.298,2683395.298,293982613.0,True,0,0,False,False,23.38,19.87,-3.3349444175930443,-14.383561643835618,-14.456800684345595,False,-12.28070175438597,1.410939133031408,166.86,50.98,628869536.0,99.8012,,,6328597370.0,67.383,1.941,0,4157991.298,293982613.0,1.0,1.5,PASS,False,0.4444444444444444,166.86,50.98,1.0,166.86,,14.5724,1.2652,1.941,0.08733309361141076,99.46392506573181,0.0,0.0,20.0,23.38,False,0,73.25315005727376,,0.07033639143730887,0,0,5.0,393,-14.045015871641263,False,-3.3349444175930443,,0.0001422533121942135,False,False,独立池,166.86,0.0,23.27862429733864,29.131669876649855,1.0,0.0,29.13,Other
600803.SH,600803,新奥股份,19940103,,主板,L,220142917.04999998,0.4814636494944624,未知,未知,,,20.87,13.8015,14.819,2.6702,0.2392,6460903.5183,6410693.6375,181208564.4,True,0,0,False,False,21.58,19.56,2.6057030481809296,6.588355464759976,-3.2900834105653254,False,0.4814636494944624,1.410939133031408,-31.38,18.75,678800000.0,103.6368,,,10779720000.0,0.4042,2.6819,0,6460903.5183,181208564.4,1.0,1.5,PASS,False,0.4444444444444444,-31.38,18.75,1.0,-32.379999999999995,ESP-Q,13.8015,2.6702,2.6819,,99.46392506573181,0.0,0.0,20.87,21.58,False,0,73.25315005727376,,0.46636085626911317,0,0,5.0,393,-1.2828504677608321,False,2.6057030481809296,,-0.0011540294318342062,False,False,独立池,-32.379999999999995,0.0,20.367694653590608,28.54948394790025,0.7,0.0,19.98,Other
600808.SH,600808,马钢股份,19940106,,主板,L,233874802.9,-11.508951406649626,未知,未知,,,3.46,,,1.1071,1.5615,2664435.6904,2064841.9104,308533790.2,True,0,0,False,False,4.2,3.44,-10.129870129870133,-14.356435643564359,-17.619047619047624,False,-11.508951406649626,1.410939133031408,96.4297,94.679,-5547815.0,-13.0948,,,-274478366.0,1089.4473,0.1762,0,2664435.6904,308533790.2,1.0,1.5,PASS,False,0.4444444444444444,96.4297,94.679,1.0,96.4297,ESP-Q,,1.1071,0.1762,,99.46392506573181,0.0,0.0,3.46,4.2,False,0,77.54868270332189,,0.0863914373088685,0,0,5.0,393,-13.27326552390492,False,-10.129870129870133,,0.030078683766814766,False,False,独立池,96.4297,0.0,22.249625862847235,30.214529983566013,0.7,0.0,21.15,Other
600809.SH,600809,山西汾酒,19940106,,主板,L,1102899334.25,-5.494426465300261,未知,未知,,,131.41,13.0909,14.5989,3.5607,0.6168,16031549.8413,16031549.8413,1272158797.0,True,0,0,False,False,146.95,130.33,-6.38313029849683,-24.779622209502005,-10.575025518883974,False,-5.494426465300261,1.410939133031408,-19.18,0.06,5378987443.17,99.9337,,,37559518933.06,113.8451,12.7163,0,16031549.8413,1272158797.0,1.0,1.5,PASS,False,0.4444444444444444,-19.18,0.06,1.0,-20.18,,13.0909,3.5607,12.7163,,99.46392506573181,10.0,0.0,131.41,146.95,False,0,73.25315005727376,,0.25382262996941896,0,0,5.0,393,-7.258740582555555,False,-6.38313029849683,,-0.002861010770518662,False,False,独立池,-20.18,0.0,20.545938689194532,28.585132755021036,1.0,0.0,38.59,Other
600815.SH,600815,厦工股份,19940128,,主板,L,579143293.25,4.878048780487809,未知,未知,,,4.3,,,5.2472,4.3229,762860.6264,762860.6264,451629149.00000006,False,3,1,False,True,5.11,3.7,-10.788381742738595,32.71604938271604,-15.851272015655582,False,4.878048780487809,1.410939133031408,-49.8923,-94.1193,-15638950.96,,,,-212376278.78,,-0.5036,0,762860.6264,451629149.00000006,1.0,1.5,PASS,False,0.4444444444444444,-49.8923,-94.1193,1.0,-50.8923,,,5.2472,-0.5036,,99.46392506573181,0.0,0.0,4.3,5.11,True,0,83.61970217640321,,0.5932721712538226,0,1,40.0,393,3.1137346632325147,False,-10.788381742738595,突破型,-0.001123421702885623,False,False,独立池,-50.8923,0.0,20.09722686176188,49.10535602527334,1.0,0.0,49.11,Other
600816.SH,600816,建元信托,19940128,,主板,L,345040407.79999995,24.7058823529412,未知,未知,,,3.18,267.4804,28.2338,2.0469,2.0834,3130534.5448,1739185.8582,420726073.59999996,True,0,0,False,False,3.29,2.5,0.0,11.18881118881121,-3.3434650455926973,False,24.7058823529412,1.410939133031408,-7.44,176.26,40557251.09,3.9836,,,482130834.07,1003.021,6.8988,0,3130534.5448,420726073.59999996,1.0,1.5,PASS,False,0.4444444444444444,-7.44,176.26,1.0,-8.440000000000001,ESP-Q,267.4804,2.0469,6.8988,,99.46392506573181,0.0,10.0,3.18,3.29,False,0,62.88659793814433,,0.8853211009174312,1,1,100.0,393,22.941568235685903,True,0.0,,-0.009307979704610683,True,False,独立池,-8.440000000000001,0.0,20.71746204804618,73.00947179105253,0.7,10.0,41.11,Other
600835.SH,600835,上海机电,19940224,,主板,L,248390779.99999997,5.081749889527187,未知,未知,,,23.78,30.6898,31.6927,1.7198,2.1486,2432074.0744,1917867.2254,278341054.0,True,0,0,False,False,25.16,22.4,-3.52941176470587,-15.343538625845488,-5.4848966613672445,False,5.081749889527187,1.410939133031408,-10.1,-12.55,170127833.87,95.331,,,1923045745.26,-41.3646,1.2655,0,2432074.0744,278341054.0,1.0,1.5,PASS,False,0.4444444444444444,-10.1,-12.55,1.0,-11.1,ESP-Q,30.6898,1.7198,1.2655,,99.46392506573181,0.0,0.0,23.78,25.16,False,0,73.25315005727376,,0.6016819571865444,0,1,55.0,393,3.317435772271893,False,-3.52941176470587,,-0.015184393936302023,False,False,独立池,-11.1,0.0,20.678599004217784,53.61166481802569,0.7,0.0,37.53,Other
600839.SH,600839,四川长虹,19940311,,主板,L,1128576643.75,-8.128342245989305,未知,未知,,,8.59,40.0992,53.4502,2.5759,1.3446,3965353.7867,3964249.464,841256552.8,True,0,0,False,False,9.88,8.56,-1.9406392694063967,-11.534500514933066,-13.056680161943323,False,-8.128342245989305,1.410939133031408,,,,,,,356960840.25,-940.5906,0.6397,0,3965353.7867,841256552.8,1.0,1.5,PASS,False,0.4444444444444444,,,1.0,0.0,DATA-INC,40.0992,2.5759,0.6397,,99.46392506573181,0.0,0.0,8.59,9.88,True,0,90.60710194730814,,0.1659021406727829,0,0,5.0,393,-9.8926563632446,False,-1.9406392694063967,,-0.007278409724633702,False,False,独立池,0.0,0.0,20.84077185628365,33.85028495544917,1.0,0.0,33.85,Other
600844.SH,600844,金煤科技,19940311,,主板,L,195522277.15,-3.0470914127423754,未知,未知,,,3.5,,,67.9007,5.0378,355783.484,287955.7219,138305275.6,True,0,0,False,False,3.84,3.3,-3.0470914127423754,10.062893081761004,-8.854166666666663,False,-3.0470914127423754,1.410939133031408,68.9551,43.606,-11453244.73,,,,-347498861.13,,-19.5201,0,355783.484,138305275.6,1.0,1.5,PASS,False,0.4444444444444444,68.9551,43.606,1.0,68.9551,,,67.9007,-19.5201,,99.46392506573181,0.0,0.0,3.5,3.84,True,0,71.93585337915235,,0.34327217125382264,0,0,5.0,393,-4.8114055299976695,False,-3.0470914127423754,,-0.007385257798582645,False,False,独立池,68.9551,0.0,21.848217372633826,28.450399488272467,1.0,0.0,28.45,Other
600845.SH,600845,宝信软件,19940311,,主板,L,580538231.2,3.0734966592427693,未知,未知,,,23.14,50.9036,53.5017,6.1727,1.2353,6642982.1478,4938201.31,661428378.0,True,0,0,False,False,24.84,21.98,-4.459124690338556,-0.08635578583764403,-6.843800322061188,False,3.0734966592427693,1.410939133031408,-10.59,-44.84,377063552.25,98.8978,,,3283714129.41,125.6741,3.3944,0,6642982.1478,661428378.0,1.0,1.5,PASS,False,0.4444444444444444,-10.59,-44.84,1.0,-11.59,,50.9036,6.1727,3.3944,,99.46392506573181,0.0,0.0,23.14,24.84,False,0,73.25315005727376,,0.540519877675841,0,1,55.0,393,1.3091825419874747,False,-4.459124690338556,,0.0044893749494087296,False,False,独立池,-11.59,0.0,20.671440022459922,53.61023302167411,1.0,0.0,53.61,Tier2
600850.SH,600850,电科数字,19940324,,主板,L,235708590.65,-7.738095238095233,未知,未知,,,18.6,38.4773,41.6695,2.577,2.1764,1265169.6583,1265169.6583,265633272.80000004,False,0,0,False,False,21.1,18.53,-7.508702138239675,-33.09352517985611,-11.848341232227488,False,-7.738095238095233,1.410939133031408,-47.63,-42.54,25533532.45,101.177,,,688889328.0799999,-3974.7442,0.515,0,1265169.6583,265633272.80000004,1.0,1.5,PASS,False,0.4444444444444444,-47.63,-42.54,1.0,-48.63,ESP-Q,38.4773,2.577,0.515,,99.46392506573181,0.0,0.0,18.6,21.1,False,0,73.25315005727376,,0.1827217125382263,0,0,5.0,393,-9.502409355350528,False,-7.508702138239675,,0.0007101143618041576,False,False,独立池,-48.63,0.0,20.130279442232922,28.502000905628712,0.7,0.0,19.95,Other
600859.SH,600859,王府井,19940506,,主板,L,170013633.85,-5.374592833876224,未知,未知,,,11.62,,,0.672,1.2292,1306008.3147,1305888.2104,183204661.8,False,0,0,False,False,12.49,11.58,-4.440789473684214,-21.750841750841754,-6.965572457966385,False,-5.374592833876224,1.410939133031408,8.91,-153.1508,29416702.73,56.9634,,,-71512103.02000001,354.6451,0.2661,0,1306008.3147,183204661.8,1.0,1.5,PASS,False,0.4444444444444444,8.91,-153.1508,1.0,8.91,ESP-Q,,0.672,0.2661,,99.46392506573181,0.0,0.0,11.62,12.49,False,0,73.25315005727376,,0.2607033639143731,0,0,5.0,393,-7.138906951131519,False,-4.440789473684214,,0.009390481661328927,False,False,独立池,8.91,0.0,20.970948442941925,28.67013470577051,0.7,0.0,20.07,Other
600862.SH,600862,中航高科,19940520,,主板,L,456021590.35,-8.788706739526408,未知,未知,,,20.03,27.0685,30.1995,3.5187,1.2714,2790277.3613,2790277.3613,469768118.8,True,0,0,False,False,22.27,19.4,-6.1387066541705675,-22.961538461538456,-10.058374494836098,False,-8.788706739526408,1.410939133031408,-30.05,-10.07,246508508.71,98.2371,,,2670999753.79,148.629,3.2145,0,2790277.3613,469768118.8,1.0,1.5,PASS,False,0.4444444444444444,-30.05,-10.07,1.0,-31.05,,27.0685,3.5187,3.2145,,99.46392506573181,0.0,0.0,20.03,22.27,False,0,73.25315005727376,,0.1529051987767584,0,0,5.0,393,-10.553020856781702,False,-6.1387066541705675,,-0.0015893160902155702,False,False,独立池,-31.05,0.0,20.387126175504807,28.553370252283088,1.0,0.0,28.55,Other
600863.SH,600863,华能蒙电,19940520,,主板,L,402769121.15000004,2.325581395348819,未知,未知,,,4.84,15.2088,15.518,1.818,1.3167,3792231.747,3159013.7005,550814721.8000001,True,0,0,False,False,5.09,4.5,0.8333333333333304,-0.20618556701030855,-4.91159135559921,False,2.325581395348819,1.410939133031408,-6.82,-17.5,693857049.12,99.9266,,,6314734392.27,86.4729,3.6923,0,3792231.747,550814721.8000001,1.0,1.5,PASS,False,0.4444444444444444,-6.82,-17.5,1.0,-7.82,,15.2088,1.818,3.6923,,99.46392506573181,10.0,0.0,4.84,5.09,False,0,88.65979381443299,,0.5175840978593272,0,0,5.0,393,0.5612672780935246,False,0.8333333333333304,,0.005072758588323811,False,False,独立池,-7.82,0.0,20.726520351494905,33.24324221462888,1.0,0.0,43.24,Other
600864.SH,600864,哈投股份,19940809,,主板,L,535490310.10000014,-20.11095700416089,未知,未知,,,5.76,34.4634,38.8405,0.929,2.088,1198408.6195,1198408.6195,285214012.40000004,True,0,0,False,False,7.69,5.7,-6.645056726094001,-12.72727272727272,-25.09752925877764,False,-20.11095700416089,1.410939133031408,-29.03,10.92,75245171.21,94.6822,,,1261967623.6599998,187.7821,0.6142,0,1198408.6195,285214012.40000004,1.0,1.5,PASS,False,0.4444444444444444,-29.03,10.92,1.0,-30.03,,34.4634,0.929,0.6142,,99.46392506573181,0.0,0.0,5.76,7.69,True,0,73.25315005727376,,0.016055045871559634,0,0,5.0,393,-21.875271121416187,False,-6.645056726094001,,-0.006753209396929359,False,False,独立池,-30.03,0.0,20.402028545694645,28.556350726321057,1.0,0.0,28.56,Other
600866.SH,600866,星湖科技,19940818,,主板,L,195104052.2,-17.485549132947973,未知,未知,,,5.71,9.6916,20.7218,1.1608,1.6542,948700.8637,717044.284,211965675.8,True,0,0,False,False,7.02,5.69,-9.220985691573924,-21.45804676753782,-18.660968660968656,False,-17.485549132947973,1.410939133031408,-111.63,-18.72,-53726808.99,,,,2661367104.87,,-0.5721,0,948700.8637,211965675.8,1.0,1.5,PASS,False,0.4444444444444444,-111.63,-18.72,1.0,-112.63,,9.6916,1.1608,-0.5721,,99.46392506573181,0.0,0.0,5.71,7.02,False,0,94.04352806414661,,0.024464831804281346,0,0,5.0,393,-19.24986325020327,False,-9.220985691573924,,0.009193659010615219,False,False,独立池,-112.63,0.0,19.195228763654956,34.552104171974975,1.0,0.0,34.55,Other
600867.SH,600867,通化东宝,19940824,,主板,L,562711734.0499998,-16.77788369876072,未知,未知,,,8.73,14.0257,13.8257,2.3617,1.3705,1709807.8897,1709807.8897,296213903.59999996,True,0,0,False,False,10.67,8.67,-5.1086956521739,-1.7997750281214864,-18.181818181818176,False,-16.77788369876072,1.410939133031408,15.72,4177.6944,127262016.03,100.3648,,,1044398754.63,157.2579,1.7681,0,1709807.8897,296213903.59999996,1.0,1.5,PASS,False,0.4444444444444444,15.72,4177.6944,1.0,15.72,,14.0257,2.3617,1.7681,0.8922201017811705,99.46392506573181,0.0,0.0,8.73,10.67,True,0,73.25315005727376,,0.028287461773700305,0,0,5.0,393,-18.542197816016017,False,-5.1086956521739,,0.0029405780357280365,False,False,独立池,15.72,0.0,21.07044367920936,28.690033753024,1.0,0.0,28.69,Other
600868.SH,600868,梅雁吉祥,19940912,,主板,L,276885013.6,0.5763688760807018,未知,未知,,,3.49,,,3.424,4.4556,662453.889,662453.889,377987993.4,True,0,0,False,False,3.82,3.27,-2.785515320334253,-18.837209302325576,-8.638743455497377,False,0.5763688760807018,1.410939133031408,12.7261,-16.7771,-14698351.63,,,,-171843685.03,,-0.7721,0,662453.889,377987993.4,1.0,1.5,PASS,False,0.4444444444444444,12.7261,-16.7771,1.0,12.7261,ESP-Q,,3.424,-0.7721,,99.46392506573181,0.0,0.0,3.49,3.82,False,0,73.25315005727376,,0.4717125382262997,0,0,5.0,393,-1.1879452411745928,False,-2.785515320334253,,-0.001121887407966002,False,False,独立池,12.7261,0.0,21.026702300668823,28.681285477315893,0.7,0.0,20.08,Other
600871.SH,600871,石化油服,19950411,,主板,L,381961910.25000006,-6.273062730627299,未知,未知,,,2.54,73.0842,74.6248,5.0092,0.9505,4815089.6416,3440941.1372,319677242.4,False,0,0,False,False,2.78,2.5,-3.7878787878787956,-16.447368421052634,-8.633093525179847,False,-6.273062730627299,1.410939133031408,-7.5,237.9,202727000.0,99.0115,,,1625518000.0,169.6594,2.1705,0,4815089.6416,319677242.4,1.0,1.5,PASS,False,0.4444444444444444,-7.5,237.9,1.0,-8.5,,73.0842,5.0092,2.1705,,99.46392506573181,0.0,0.0,2.54,2.78,False,0,76.51775486827033,,0.22782874617737003,0,0,5.0,393,-8.037376847882593,False,-3.7878787878787956,,0.014661944653926558,False,False,独立池,-8.5,0.0,20.71658543803501,29.598643548088102,1.0,0.0,29.6,Other
600872.SH,600872,中炬高新,19950124,,主板,L,533176620.80000013,4.394481349003576,未知,未知,,,20.43,29.6145,25.7047,2.6773,2.0169,1590494.3528,1575128.3819,384056052.40000004,True,1,0,False,False,22.21,19.29,-1.447178002894356,9.07634810464495,-8.014407924358402,False,4.394481349003576,1.410939133031408,32.49,-20.08,238667053.87,90.8295,,,1421474198.68,110.918,4.4656,0,1590494.3528,384056052.40000004,1.0,1.5,PASS,False,0.4444444444444444,32.49,-20.08,1.0,32.49,ESP-Q,29.6145,2.6773,4.4656,0.9114958448753462,99.46392506573181,0.0,0.0,20.43,22.21,True,0,73.25315005727376,,0.5787461773700305,0,1,55.0,393,2.6301672317482816,False,-1.447178002894356,,0.005412959623317499,False,False,独立池,32.49,0.0,21.315456177330493,53.739036252648226,0.7,0.0,37.62,Other
600873.SH,600873,梅花生物,19950217,,主板,L,496282887.40000004,-15.784586815227474,未知,未知,,,9.07,7.7523,10.6863,1.5493,0.9959,2543447.1766,2543447.1766,352604754.20000005,True,0,0,False,False,10.99,9.04,-3.0982905982905873,-17.84420289855072,-17.470427661510467,False,-15.784586815227474,1.410939133031408,-91.13,-18.22,80256263.63,68.0594,,,5933554313.85,-829.7018,0.7198,0,2543447.1766,352604754.20000005,1.0,1.5,PASS,False,0.4444444444444444,-91.13,-18.22,1.0,-92.13,ESP-Q,7.7523,1.5493,0.7198,,99.46392506573181,0.0,0.0,9.07,10.99,True,0,72.16494845360825,,0.035168195718654434,0,0,5.0,393,-17.54890093248277,False,-3.0982905982905873,,-0.011286462002751288,False,False,独立池,-92.13,0.0,19.49473718413696,28.048431972909864,0.7,0.0,19.63,Other
600877.SH,600877,电科芯片,19951013,,主板,L,433798090.09999996,-1.5160703456640334,半导体,未知,801081.SI,270000,16.24,441.9776,643.9776,7.6811,2.2671,1922912.615,1922912.615,478466480.8,True,0,0,False,False,18.14,15.38,-8.764044943820238,-19.203980099502505,-10.474090407938274,False,-1.5160703456640334,1.410939133031408,-159.75,-30.65,-4165858.91,,,,5727005.550000002,-70193.554,-0.0483,0,1922912.615,478466480.8,1.0,1.5,PASS,False,0.6666666666666666,-159.75,-30.65,,0.0,COV-LOW,441.9776,7.6811,-0.0483,,188.8175666666667,0.0,0.0,16.24,18.14,False,0,38.258877434135165,CAT-0,0.3333333333333333,0,0,0.0,1,-25.955867178648795,False,-8.764044943820238,TIER2_FORCED,-0.01856008844256108,False,False,独立池,0.0,0.0,20.84077185628365,15.64581760149728,0.5,0.0,7.82,Tier2
600882.SH,600882,妙可蓝多,19951206,,主板,L,162442484.74999997,-0.26001040041602197,未知,未知,,,19.18,82.5599,87.6165,2.1046,1.3137,978282.8949,978282.8949,165418497.6,True,0,0,False,False,21.09,18.76,-3.618090452261302,-16.825672159583693,-9.056424845898537,False,-0.26001040041602197,1.410939133031408,-1.48,235.94,63981435.64,84.6786,,,443776263.33,63.9464,1.6408,0,978282.8949,165418497.6,1.0,1.5,PASS,False,0.4444444444444444,-1.48,235.94,1.0,-2.48,,82.5599,2.1046,1.6408,,99.46392506573181,0.0,0.0,19.18,21.09,False,0,84.65063001145475,,0.43425076452599387,0,0,5.0,393,-2.0243245176713165,False,-3.618090452261302,,-0.003796250576114587,False,False,独立池,-2.48,0.0,20.80453864248875,32.056096731934176,1.0,0.0,32.06,Other
600884.SH,600884,杉杉股份,19960130,,主板,L,2390013106.6,0.32808398950130435,未知,未知,,,15.29,75.1088,45.5049,1.5278,5.4329,3439352.2675,2805882.8016,1862159287.2,False,0,0,False,False,18.07,14.12,-7.445520581113807,-3.28905755850728,-15.384615384615385,False,0.32808398950130435,1.410939133031408,2011.12,148.5201,316034046.13,95.465,,,1080158180.16,31.3292,1.4888,0,3439352.2675,1862159287.2,1.0,1.5,PASS,False,0.4444444444444444,2011.12,148.5201,1.0,2011.12,,75.1088,1.5278,1.4888,0.03734675205855444,99.46392506573181,0.0,0.0,15.29,18.07,True,0,73.8831615120275,,0.4610091743119266,0,0,5.0,393,-1.4362301277539902,False,-7.445520581113807,,-0.0036674091398486044,False,False,独立池,1995.8175999999994,0.0,50.0,34.66494845360825,1.0,0.0,34.66,Other
600885.SH,600885,宏发股份,19960205,,主板,L,749972210.7999998,13.06256860592756,未知,未知,,,30.9,27.2091,26.1213,3.8089,1.1033,4782066.4272,4782066.4272,563590455.4,True,0,0,False,False,33.58,26.92,-4.9230769230769305,4.391891891891886,-7.980941036331146,False,13.06256860592756,1.410939133031408,18.22,8.44,449843502.64,92.8877,,,4429610063.639999,-116.7781,3.7655,0,4782066.4272,563590455.4,1.0,1.5,PASS,False,0.4444444444444444,18.22,8.44,1.0,18.22,ESP-Q,27.2091,3.8089,3.7655,1.493364434687157,99.46392506573181,0.0,0.0,30.9,33.58,True,0,74.1122565864834,,0.7607033639143731,1,1,100.0,393,11.298254488672265,True,-4.9230769230769305,,0.004420089012862282,False,False,独立池,18.22,0.0,21.106969096341313,76.45507079521329,0.7,0.0,53.52,Tier2
600887.SH,600887,伊利股份,19960312,,主板,L,1824560845.7,7.47372518489684,未知,未知,,,27.61,15.1008,14.4504,2.9308,0.768,17464320.8016,17377539.9597,1806913859.2,True,0,0,False,False,28.4,25.13,-1.603706343549538,1.9571639586410727,-2.7816901408450723,False,7.47372518489684,1.410939133031408,15.11,84.13,5328824365.82,98.7798,,,33516277054.46,58.1162,9.4441,0,17464320.8016,1806913859.2,1.0,1.5,PASS,False,0.4444444444444444,15.11,84.13,1.0,15.11,,15.1008,2.9308,9.4441,0.9993911317008604,99.46392506573181,10.0,0.0,27.61,28.4,False,0,73.25315005727376,,0.6559633027522935,0,1,55.0,393,5.709411067641545,True,-1.603706343549538,,0.0027993752994920178,False,False,独立池,15.11,0.0,21.061531477429163,53.68825131266796,1.0,0.0,63.69,Tier2
600888.SH,600888,新疆众和,19960215,,主板,L,281069922.59999996,-1.7857142857142905,未知,未知,,,8.25,19.3565,18.1701,1.0009,2.6595,1281295.9079,1281295.9079,301827129.79999995,False,0,0,False,False,9.24,8.2,-4.2923433874709875,-5.0632911392405,-10.71428571428572,False,-1.7857142857142905,1.410939133031408,16.18,-38.36,247164043.0,93.3921,,,1702346547.4299998,17.3998,2.1708,0,1281295.9079,301827129.79999995,1.0,1.5,PASS,False,0.4444444444444444,16.18,-38.36,1.0,16.18,ESP-Q,19.3565,1.0009,2.1708,1.1963226205191595,99.46392506573181,0.0,0.0,8.25,9.24,False,0,99.19816723940436,,0.3769113149847095,0,0,5.0,393,-3.550028402969585,False,-4.2923433874709875,,-0.003967668775677577,False,False,独立池,16.18,0.0,21.077164355961642,36.474883043013634,0.7,0.0,25.53,Other
600895.SH,600895,张江高科,19960422,,主板,L,1077824626.2500002,-4.2354235423542335,未知,未知,,,34.82,54.6843,69.5655,3.9456,3.7488,5392537.0131,5392537.0131,1506824265.3999999,False,0,0,False,False,39.1,34.57,-9.440832249674912,-15.259187150158194,-10.946291560102306,False,-4.2354235423542335,1.410939133031408,-72.15,-2.2,81882704.1,98.0472,,,1969727432.72,-774.0027,0.5217,0,5392537.0131,1506824265.3999999,1.0,1.5,PASS,False,0.4444444444444444,-72.15,-2.2,1.0,-73.15,ESP-Q,54.6843,3.9456,0.5217,,99.46392506573181,0.0,0.0,34.82,39.1,False,0,73.25315005727376,,0.2981651376146789,0,0,5.0,393,-5.9997376596095275,False,-9.440832249674912,,-0.012951782360128828,False,False,独立池,-73.15,0.0,19.77203815100274,28.430352647382676,0.7,0.0,19.9,Other
600900.SH,600900,长江电力,20031118,,主板,L,2600035173.8500004,1.8079096045197751,未知,未知,,,27.03,19.1688,18.3293,2.902,0.4853,66137592.4863,66137592.4863,3097197463.4,False,0,0,False,False,27.42,26.36,0.07404664938910344,2.154195011337867,-1.422319474835887,False,1.8079096045197751,1.410939133031408,19.2,2.89,6237332251.35,92.2545,,,81079647120.15,140.7585,3.01,0,66137592.4863,3097197463.4,1.0,1.5,PASS,False,0.4444444444444444,19.2,2.89,1.0,19.2,,19.1688,2.902,3.01,0.9983750000000001,99.46392506573181,10.0,0.0,27.03,27.42,False,0,89.69072164948454,,0.5015290519877675,0,0,5.0,393,0.04359548726448059,False,0.07404664938910344,,0.003634353338037724,False,False,独立池,19.2,0.0,21.12128705985704,33.631473906816765,1.0,0.0,43.63,Other
600963.SH,600963,岳阳林纸,20040525,,主板,L,155805921.35000002,-7.9999999999999964,未知,未知,,,4.37,,,1.0099,1.4993,768057.1522,768057.1522,139386378.20000002,False,0,0,False,False,5.08,4.33,-6.423982869379008,-24.78485370051634,-13.976377952755904,False,-7.9999999999999964,1.410939133031408,-65.49,-38.7359,12070656.38,93.4383,,,-7125100.270000011,206.3255,0.1698,0,768057.1522,139386378.20000002,1.0,1.5,PASS,False,0.4444444444444444,-65.49,-38.7359,1.0,-66.49,,,1.0099,0.1698,,99.46392506573181,0.0,0.0,4.37,5.08,False,0,73.25315005727376,,0.17010703363914373,0,0,5.0,393,-9.76431411725529,False,-6.423982869379008,,0.025085806440643163,False,False,独立池,-66.49,0.0,19.86934186224226,28.449813389630577,1.0,0.0,28.45,Other
600967.SH,600967,内蒙一机,20040518,,主板,L,303810461.74999994,-4.878048780487809,未知,未知,,,14.04,71.3611,83.2962,1.9998,1.0637,2389319.7125,2389319.7125,425394636.79999995,True,0,0,False,False,15.25,13.8,-2.7700831024930817,-17.119244391971677,-7.934426229508206,False,-4.878048780487809,1.410939133031408,-26.31,-32.43,136964101.2,99.0333,,,1134848773.17,901.0371,1.1645,0,2389319.7125,425394636.79999995,1.0,1.5,PASS,False,0.4444444444444444,-26.31,-32.43,1.0,-27.31,,71.3611,1.9998,1.1645,,99.46392506573181,0.0,0.0,14.04,15.25,False,0,77.54868270332189,,0.27370030581039756,0,0,5.0,393,-6.642362897743103,False,-2.7700831024930817,,0.002268576046804541,False,False,独立池,-27.31,0.0,20.44176819953421,29.852958450903408,1.0,0.0,29.85,Other
600988.SH,600988,赤峰黄金,20040414,,主板,L,2087668269.45,-13.071593533487292,未知,未知,,,37.64,23.2067,19.9408,5.006,3.8732,7153147.674,6262962.4268,2338573716.3999996,False,0,0,False,False,45.2,37.07,-10.466222645099899,1.3735523835173735,-16.725663716814164,False,-13.071593533487292,1.410939133031408,101.57,79.87,984169395.89,99.5878,,,7180314784.49,29.2084,7.1342,0,7153147.674,2338573716.3999996,1.0,1.5,PASS,False,0.4444444444444444,101.57,79.87,1.0,101.57,,23.2067,5.006,7.1342,0.22847986610219556,99.46392506573181,0.0,0.0,37.64,45.2,False,0,73.25315005727376,,0.0581039755351682,0,0,5.0,393,-14.835907650742586,False,-10.466222645099899,,-0.009987651661616408,False,False,独立池,101.57,0.0,22.324726503520584,28.940890317886243,1.0,0.0,28.94,Other
600995.SH,600995,南网储能,20040615,,主板,L,451031417.5000001,3.67491166077738,未知,未知,,,14.67,27.7675,26.514,2.0299,0.8926,4688540.5159,4688540.5159,524873405.3999999,True,0,0,False,False,15.65,13.81,-1.6096579476861161,9.559372666168775,-6.261980830670932,False,3.67491166077738,1.410939133031408,19.92,44.62,451291353.23,99.4432,,,2960888114.69,146.425,1.9849,0,4688540.5159,524873405.3999999,1.0,1.5,PASS,False,0.4444444444444444,19.92,44.62,1.0,19.92,,27.7675,2.0299,1.9849,1.3939508032128511,99.46392506573181,0.0,0.0,14.67,15.65,False,0,89.69072164948454,,0.5565749235474006,0,1,55.0,393,1.9105975435220857,False,-1.6096579476861161,,-0.003172688699445118,False,False,独立池,19.92,0.0,21.13180637999104,58.63357777084357,1.0,0.0,58.63,Tier2
002017.SZ,002017,东信和平,20040713,,主板,L,221494254.49999997,-1.4285714285714235,未知,未知,,,18.63,66.285,65.2926,5.7861,2.2583,1081344.6465,1080699.9982,232390045.40000004,False,0,0,False,False,20.3,18.46,-7.128614157527413,-19.140625,-8.226600985221689,False,-1.4285714285714235,1.410939133031408,4.92,-11.16,42635371.74,86.2753,,,375961045.81,-86.6368,2.6804,0,1081344.6465,232390045.40000004,1.0,1.5,PASS,False,0.4444444444444444,4.92,-11.16,1.0,4.92,ESP-Q,66.285,5.7861,2.6804,13.472560975609756,99.46392506573181,0.0,0.0,18.63,20.3,False,0,73.25315005727376,,0.3922018348623853,0,0,5.0,393,-3.192885545826718,False,-7.128614157527413,,-0.03977662721186916,False,False,独立池,4.92,0.0,20.91265387719933,28.658475792621992,0.7,0.0,20.06,Other
002004.SZ,002004,华邦健康,20040625,,主板,L,169238276.45000002,-8.795411089866167,未知,未知,,,4.77,13.2422,13.8138,0.9085,1.4312,944421.4541,898344.7986,139041152.0,True,0,0,False,False,5.5,4.74,-2.4539877300613466,-13.11475409836067,-13.27272727272728,False,-8.795411089866167,1.410939133031408,-16.05,290.35,143072719.71,92.4049,,,1686020602.46,66.6174,1.5021,0,944421.4541,139041152.0,1.0,1.5,PASS,False,0.4444444444444444,-16.05,290.35,1.0,-17.05,,13.2422,0.9085,1.5021,,99.46392506573181,0.0,0.0,4.77,5.5,False,0,73.25315005727376,,0.15061162079510704,0,0,5.0,393,-10.559725207121462,False,-2.4539877300613466,,0.027703519202009096,False,False,独立池,-17.05,0.0,20.59166851144374,28.594278719470875,1.0,0.0,28.59,Other
002006.SZ,002006,精工科技,20040625,,主板,L,188183559.39999998,3.159645232815955,未知,未知,,,18.61,52.1474,50.4155,3.8692,3.6776,967335.5918,967335.5918,266517376.40000007,True,0,0,False,False,18.88,16.94,1.306477953184526,-9.528439474963546,-1.4300847457627053,False,3.159645232815955,1.410939133031408,-0.51,11.86,37217702.5,74.6839,,,405866659.49,-211.4242,2.0138,0,967335.5918,266517376.40000007,1.0,1.5,PASS,False,0.4444444444444444,-0.51,11.86,1.0,-1.51,ESP-Q,52.1474,3.8692,2.0138,,99.46392506573181,0.0,0.0,18.61,18.88,False,0,96.79266895761741,,0.5451070336391437,0,1,55.0,393,1.3953311155606607,False,1.306477953184526,,-0.004474830121772911,False,False,独立池,-1.51,0.0,20.81871050433595,60.70154278815241,0.7,0.0,42.49,Other
002008.SZ,002008,大族激光,20040625,,主板,L,5875184593.849999,81.8758725726615,未知,未知,,,143.3,124.0179,106.8928,7.1386,5.7039,14754216.8366,13709903.3841,8203761875.200001,True,5,3,False,True,156.5,77.81,6.725255083041626,185.17412935323387,-8.434504792332264,False,81.8758725726615,1.410939133031408,467.81,82.28,408265775.87,115.3073,,,2048203477.95,-154.5338,1.8659,1,14754216.8366,8203761875.200001,1.0,1.5,PASS,False,0.4444444444444444,467.81,82.28,1.0,467.81,ESP-Q,124.0179,7.1386,1.8659,0.2651031401637417,99.46392506573181,0.0,0.0,143.3,156.5,False,10,96.33447880870561,CHASE,0.9969418960244648,1,1,100.0,393,80.11155845540621,True,6.725255083041626,突破型,-0.003384649677325821,True,False,独立池,467.81,0.0,27.675554011682994,84.43545444494828,0.7,10.0,49.1,Other
002009.SZ,002009,天奇股份,20040629,,主板,L,912766812.3000001,17.061021170610214,未知,未知,,,28.2,207.4318,306.6541,5.5241,24.3258,1134297.6437,998414.1446,1840210398.2000003,True,1,1,False,False,29.96,22.31,4.638218923933213,-13.549969343960754,-5.8744993324432615,False,17.061021170610214,1.410939133031408,87.72,72.75,21504413.14,87.3874,,,-22351784.75,244.3019,1.2056,0,1134297.6437,1840210398.2000003,1.0,1.5,PASS,False,0.4444444444444444,87.72,72.75,1.0,87.72,,207.4318,5.5241,1.2056,2.3647036023711814,99.46392506573181,0.0,10.0,28.2,29.96,False,0,88.65979381443299,CHASE,0.8203363914373089,1,1,100.0,393,15.29670705335492,True,4.638218923933213,,0.002112671452608498,True,False,独立池,87.72,0.0,22.122375692609573,81.0224132828518,1.0,10.0,71.02,Tier2
002011.SZ,002011,盾安环境,20040705,,主板,L,180293420.35,6.804979253112031,未知,未知,,,12.87,12.8312,13.0916,2.0266,3.3349,1383109.4779,1363652.8268,265141783.79999998,True,0,0,False,False,13.23,11.48,2.7955271565495154,2.1428571428571352,-2.721088435374164,False,6.804979253112031,1.410939133031408,-6.32,6.82,197267875.94,100.6127,,,2443336250.76,88.9873,2.9066,0,1383109.4779,265141783.79999998,1.0,1.5,PASS,False,0.4444444444444444,-6.32,6.82,1.0,-7.32,,12.8312,2.0266,2.9066,,99.46392506573181,10.0,0.0,12.87,13.23,False,0,77.54868270332189,,0.6406727828746177,0,1,55.0,393,5.040665135856736,True,2.7955271565495154,,-0.002393021575098403,False,False,独立池,-7.32,0.0,20.733825434921293,54.911369897980826,1.0,0.0,64.91,Tier2
002015.SZ,002015,协鑫能科,20040708,,主板,L,3858011194.450001,21.966292134831455,未知,未知,,,21.71,87.1937,80.3833,2.9155,15.4028,3524237.737,3524237.737,5075578394.400001,True,2,2,False,False,25.63,17.33,7.051282051282048,63.602110022607405,-15.294576667967219,False,21.966292134831455,1.410939133031408,31.01,11.82,253034573.36,87.8961,,,1722613092.65,113.4993,2.4091,0,3524237.737,5075578394.400001,1.0,1.5,PASS,False,0.4444444444444444,31.01,11.82,1.0,31.01,,87.1937,2.9155,2.4091,2.8117929700096744,99.46392506573181,0.0,0.0,21.71,25.63,False,0,95.30355097365405,CHASE,0.8685015290519877,1,1,100.0,393,20.20197801757616,True,7.051282051282048,,0.0011822416187374373,True,False,独立池,31.01,0.0,21.29383313038838,82.84983191817389,1.0,0.0,82.85,Tier2
002019.SZ,002019,亿帆医药,20040713,,主板,L,182532211.45,-14.251968503936997,未知,未知,,,10.89,32.9497,37.242,1.4891,1.221,1324648.8026,916729.353,140231313.4,True,0,0,False,False,12.92,10.68,-3.371783496007086,-10.591133004926101,-15.712074303405565,False,-14.251968503936997,1.410939133031408,9.16,30.92,104102343.54,97.4492,,,981504785.94,237.2322,1.205,0,1324648.8026,140231313.4,1.0,1.5,PASS,False,0.4444444444444444,9.16,30.92,1.0,9.16,,32.9497,1.4891,1.205,3.5971288209606986,99.46392506573181,0.0,0.0,10.89,12.92,True,0,73.25315005727376,,0.047400611620795105,0,0,5.0,393,-16.016282621192293,False,-3.371783496007086,,-0.036746488089397414,False,False,独立池,9.16,0.0,20.97460098465512,28.67086521411315,1.0,0.0,28.67,Other
002020.SZ,002020,京新药业,20040715,,主板,L,172068138.45000002,-12.361623616236173,未知,未知,,,14.25,16.1873,16.1466,2.0134,1.1338,1226966.5245,1031654.8774,171629900.39999998,True,0,0,False,False,16.38,14.15,-6.31163708086786,-16.861143523920653,-13.003663003663002,False,-12.361623616236173,1.410939133031408,5.9,10.06,155485411.11,94.1176,,,1766283841.97,93.6769,2.7703,0,1226966.5245,171629900.39999998,1.0,1.5,PASS,False,0.4444444444444444,5.9,10.06,1.0,5.9,,16.1873,2.0134,2.7703,2.743610169491525,99.46392506573181,10.0,0.0,14.25,16.38,False,0,73.25315005727376,,0.06880733944954129,0,0,5.0,393,-14.125937733491467,False,-6.31163708086786,,-0.0209323654600763,False,False,独立池,5.9,0.0,20.926971840715055,28.66133938532514,1.0,0.0,38.66,Other
002023.SZ,002023,海特高新,20040721,,主板,L,736370359.3,6.91823899371069,未知,未知,,,13.6,,,2.707,8.0546,1007569.9196,1007569.9196,783340607.0,True,0,0,False,False,14.24,12.02,-0.43923865300147247,13.617376775271506,-4.49438202247191,False,6.91823899371069,1.410939133031408,48.47,-1465.9,26198976.97,102.709,,,-404777015.25,-42.5549,0.6865,0,1007569.9196,783340607.0,1.0,1.5,PASS,False,0.4444444444444444,48.47,-1465.9,1.0,48.47,ESP-Q,,2.707,0.6865,,99.46392506573181,0.0,0.0,13.6,14.24,False,0,92.78350515463917,,0.6452599388379205,0,1,55.0,393,5.153924876455395,True,-0.43923865300147247,,0.011331124239017196,False,False,独立池,48.47,0.0,21.54892664363793,59.64483687511934,0.7,0.0,41.75,Other
002025.SZ,002025,航天电器,20040726,,主板,L,2449516355.6499996,-12.878122254298985,未知,未知,,,69.41,172.8588,167.6589,4.7504,4.5685,3160667.7808,3150320.6864,1807420170.0,True,0,0,False,False,83.63,67.44,-9.101623886851762,31.309118426031013,-17.003467655147674,False,-12.878122254298985,1.410939133031408,19.61,-52.73,44941359.19,86.0417,,,395557165.21999997,-950.7943,0.7878,0,3160667.7808,1807420170.0,1.0,1.5,PASS,False,0.4444444444444444,19.61,-52.73,1.0,19.61,ESP-Q,172.8588,4.7504,0.7878,8.814829168791434,99.46392506573181,0.0,0.0,69.41,83.63,True,0,73.25315005727376,,0.06039755351681957,0,0,5.0,393,-14.642436371554279,False,-9.101623886851762,,-0.04164159017877952,False,False,独立池,19.61,0.0,21.127277228266678,28.701400462835462,0.7,0.0,20.09,Other
002027.SZ,002027,分众传媒,20040804,,主板,L,893492609.0500001,-6.0317460317460325,未知,未知,,,5.92,29.0184,23.7447,5.5355,0.7158,8549782.2378,8549782.2378,975314044.0,False,0,0,False,False,6.48,5.89,-3.109656301145669,-19.015047879616965,-8.64197530864198,False,-6.0317460317460325,1.410939133031408,7.88,-41.74,1066120782.16,59.5746,,,10255004865.45,114.271,12.053,0,8549782.2378,975314044.0,1.0,1.5,PASS,False,0.4444444444444444,7.88,-41.74,1.0,7.88,ESP-Q,29.0184,5.5355,12.053,3.68253807106599,99.46392506573181,0.0,0.0,5.92,6.48,False,0,88.31615120274914,,0.23776758409785934,0,0,5.0,393,-7.7960601490013275,False,-3.109656301145669,,-0.04463839997060228,False,False,独立池,7.88,0.0,20.955899971083564,33.18602535504145,0.7,0.0,23.23,Other
002028.SZ,002028,思源电气,20040805,,主板,L,2750850229.7,-9.342494512835199,未知,未知,,,190.0,47.1933,45.6927,9.2238,2.919,14866572.458,11602983.859,2649911400.6,False,0,0,False,False,232.28,188.0,-3.1402936378466584,-5.940594059405946,-18.20216979507491,False,-9.342494512835199,1.410939133031408,12.79,57.13,492523178.25,89.5573,,,6716040133.95,-72.4778,3.4795,0,14866572.458,2649911400.6,1.0,1.5,PASS,False,0.4444444444444444,12.79,57.13,1.0,12.79,ESP-Q,47.1933,9.2238,3.4795,3.689859265050821,99.46392506573181,0.0,0.0,190.0,232.28,False,0,73.8831615120275,,0.13761467889908258,0,0,5.0,393,-11.106808630090493,False,-3.1402936378466584,,-0.012736689892826718,False,False,独立池,12.79,0.0,21.027635890330714,28.870475631674395,0.7,0.0,20.21,Other
002029.SZ,002029,七匹狼,20040806,,主板,L,224324181.34999996,11.632653061224474,未知,未知,,,10.94,23.1861,33.1072,1.1355,2.369,771295.7495,727954.1191,252099296.20000005,False,1,0,False,False,11.8,9.43,-6.25535561268209,-10.547833197056422,-7.288135593220346,False,11.632653061224474,1.410939133031408,302.63,-86.91,155597501.36,312.2961,,,205000207.57000002,358.7255,0.7361,0,771295.7495,252099296.20000005,1.0,1.5,PASS,False,0.4444444444444444,302.63,-86.91,1.0,302.63,ESP-Q,23.1861,1.1355,0.7361,0.07661533886263755,99.46392506573181,0.0,0.0,10.94,11.8,False,0,73.25315005727376,,0.7339449541284404,1,1,75.0,393,9.86833894396918,True,-6.25535561268209,,-0.0067932763153181605,False,False,独立池,302.63,0.0,25.26224665094068,64.52839434737027,0.7,0.0,45.17,Other
002031.SZ,002031,巨轮智能,20040816,,主板,L,948486106.25,37.479541734860874,未知,未知,,,8.4,,,9.5193,25.3022,1847492.3628,1607441.2838,2731273571.2000003,True,3,3,False,True,8.4,5.41,15.70247933884299,8.949416342412464,0.0,False,37.479541734860874,1.410939133031408,-17.34,-15.89,-38360528.83,,,,-449622382.34999996,,-1.8281,0,1847492.3628,2731273571.2000003,1.0,1.5,PASS,False,0.4444444444444444,-17.34,-15.89,1.0,-18.34,,,9.5193,-1.8281,,99.46392506573181,0.0,0.0,8.4,8.4,False,0,93.35624284077892,CHASE,0.9487767584097859,1,1,100.0,393,35.71522761760558,True,15.70247933884299,突破型|OVERHEAT,0.04941429594478263,True,True,独立池,-18.34,0.0,20.572821396203654,82.12143713147441,1.0,0.0,82.12,Tier2
002033.SZ,002033,丽江股份,20040825,,主板,L,608075981.5999999,-9.356136820925553,未知,未知,,,9.01,23.1918,20.1546,1.8856,3.4511,495091.1306,495081.6431,186965908.20000002,False,2,0,False,False,11.62,8.95,-2.0652173913043415,-8.62068965517241,-22.46127366609294,False,-9.356136820925553,1.410939133031408,94.12,0.99,65971724.13,98.9999,,,575426266.62,69.8746,2.5706,0,495091.1306,186965908.20000002,1.0,1.5,PASS,False,0.4444444444444444,94.12,0.99,1.0,94.12,ESP-Q,23.1918,1.8856,2.5706,0.2464067148321292,99.46392506573181,0.0,0.0,9.01,11.62,True,0,39.06071019473082,CAT-0,0.13685015290519878,0,0,5.0,393,-11.120450938180847,False,-2.0652173913043415,,-0.04273720044808166,False,False,独立池,94.12,0.0,22.215880760467368,18.66138921051272,0.35,0.0,6.53,Other
002034.SZ,002034,旺能环境,20040826,,主板,L,486228742.25,22.95782167645488,未知,未知,,,23.03,16.2404,16.229,1.4057,10.8251,1171239.2041,1166279.0304,875721274.3999999,True,1,1,False,False,23.8,16.72,21.65874273639725,33.73983739837401,-3.2352941176470584,False,22.95782167645488,1.410939133031408,-0.15,26.6,199642096.32,99.2459,,,1855769639.3799999,102.9189,2.7507,0,1171239.2041,875721274.3999999,1.0,1.5,PASS,False,0.4444444444444444,-0.15,26.6,1.0,-1.15,,16.2404,1.4057,2.7507,,99.46392506573181,10.0,0.0,23.03,23.8,False,0,81.09965635738831,CHASE,0.8723241590214067,1,1,100.0,393,21.193507559199585,True,21.65874273639725,OVERHEAT,0.04087144168306981,True,True,独立池,-1.15,0.0,20.82397016440295,78.49469094009709,1.0,0.0,88.49,Tier2
002036.SZ,002036,联创电子,20040903,,主板,L,319085399.95000005,-7.4033149171270685,未知,未知,,,8.38,,,9.1815,3.3456,886267.1709,884481.9955,445941280.3999999,True,0,0,False,False,9.35,7.61,-4.337899543378986,-23.18973418881759,-10.374331550802129,False,-7.4033149171270685,1.410939133031408,-467.44,-65.59,-116823832.09,,,,-1192289815.36,,-9.6155,0,886267.1709,445941280.3999999,1.0,1.5,PASS,False,0.4444444444444444,-467.44,-65.59,1.0,-468.44,,,9.1815,-9.6155,,99.46392506573181,0.0,0.0,8.38,9.35,False,0,92.78350515463917,,0.19418960244648317,0,0,5.0,393,-9.167629034382363,False,-4.337899543378986,,-0.014858459827577292,False,False,独立池,-468.44,0.0,13.99678529576705,33.13440860554516,1.0,0.0,33.13,Other
600143.SH,600143,金发科技,20040623,,主板,L,947031526.0999998,3.609467455621318,未知,未知,,,17.51,40.1224,38.18,2.3386,3.3973,4613580.375,4613580.375,1130179962.4,True,0,0,False,False,18.39,16.5,-1.3521126760563273,-6.663113006396593,-4.785209352909181,False,3.609467455621318,1.410939133031408,33.79,57.78,288349617.24,94.4982,,,2879529223.8,392.7362,1.5569,0,4613580.375,1130179962.4,1.0,1.5,PASS,False,0.4444444444444444,33.79,57.78,1.0,33.79,,40.1224,2.3386,1.5569,1.1874045575614087,99.46392506573181,0.0,0.0,17.51,18.39,False,0,73.25315005727376,,0.5535168195718655,0,1,55.0,393,1.8451533383660235,False,-1.3521126760563273,,-0.0046332531921154715,False,False,独立池,33.79,0.0,21.33444939423911,53.74283489602995,1.0,0.0,53.74,Tier2
600961.SH,600961,株冶集团,20040830,,主板,L,2197809673.7500005,60.328767123287676,工业金属,未知,801055.SI,240000,29.26,27.8985,15.7592,6.2121,11.3109,3139225.529,2199803.0765,2546848038.5999994,True,4,0,False,False,32.32,18.19,-3.5914332784184544,45.57213930348259,-9.46782178217821,False,60.328767123287676,1.410939133031408,323.42,99.71,1198066577.6,104.7554,,,4195024794.8,112.134,21.6451,1,3139225.529,2546848038.5999994,1.0,1.5,PASS,False,0.2222222222222222,323.42,99.71,-28.61,380.64000000000004,,27.8985,6.2121,21.6451,0.08626089914043658,25.102225,0.0,0.0,29.26,32.32,False,10,26.002290950744563,CAT-0,1.0,1,1,100.0,2,61.142183441441404,True,-3.5914332784184544,,0.008104500055309546,True,False,全市场,380.64000000000004,1.3171967446553925,68.0,71.40068728522337,0.5,10.0,25.7,Other
600962.SH,600962,国投中鲁,20040622,,主板,L,150066219.55,32.34819989253091,未知,未知,,,24.63,157.8201,355.4458,6.8197,3.8101,645823.23,645823.23,223907712.8,False,1,0,False,False,25.88,18.43,1.903185767480342,6.301251618472148,-4.829984544049459,False,32.34819989253091,1.410939133031408,-92.67,16.65,1830414.89,42.9767,,,83117954.99,4206.0753,0.4492,0,645823.23,223907712.8,1.0,1.5,PASS,False,0.4444444444444444,-92.67,16.65,1.0,-93.67,ESP-Q,157.8201,6.8197,0.4492,,99.46392506573181,0.0,0.0,24.63,25.88,False,0,78.12142038946163,CHASE,0.9258409785932722,1,1,75.0,393,30.58388577527561,True,1.903185767480342,,-0.020799909962899907,True,False,独立池,-93.67,0.0,19.47223752718368,64.83087362227522,0.7,0.0,45.38,Other
600973.SH,600973,宝胜股份,20040802,,主板,L,330107852.3,0.40760869565217295,未知,未知,,,7.39,,,2.9932,3.3048,1013439.6573,1013439.6573,466247538.0,True,0,0,False,False,8.06,7.14,-1.8592297476759723,2.354570637119102,-8.312655086848642,False,0.40760869565217295,1.410939133031408,90.27,86.3675,34229153.33,68.9327,,,72751336.78999999,-1463.0708,1.4104,0,1013439.6573,466247538.0,1.0,1.5,PASS,False,0.4444444444444444,90.27,86.3675,1.0,90.27,ESP-Q,,2.9932,1.4104,,99.46392506573181,0.0,0.0,7.39,8.06,False,0,77.54868270332189,,0.463302752293578,0,0,5.0,393,-1.3567054216031216,False,-1.8592297476759723,,-0.002837655661675853,False,False,独立池,90.27,0.0,22.159631618084163,30.196531134613398,0.7,0.0,21.14,Other
600979.SH,600979,广安爱众,20040906,,主板,L,563744102.35,12.27272727272728,未知,未知,,,4.94,,,1.5012,7.9521,623258.555,613393.1093,570509119.1999999,False,2,0,False,False,5.74,4.34,-5.182341650671773,6.695464362850978,-13.937282229965152,False,12.27272727272728,1.410939133031408,-8.92,-41.68,12998384.76,52.901,,,309188636.69,82.9694,0.594,0,623258.555,570509119.1999999,1.0,1.5,PASS,False,0.4444444444444444,-8.92,-41.68,1.0,-9.92,ESP-Q,,1.5012,0.594,,99.46392506573181,0.0,0.0,4.94,5.74,False,0,87.62886597938144,,0.7484709480122325,1,1,75.0,393,10.508413155471986,True,-5.182341650671773,,0.0029707850600042118,False,False,独立池,-9.92,0.0,20.695839001104062,67.92782759403525,0.7,0.0,47.55,Other
600984.SH,600984,建设机械,20040707,,主板,L,189918908.20000002,19.477434679334916,未知,未知,,,5.03,,,3.5346,11.2239,632293.0943,632293.0943,382013960.8,True,1,1,False,False,5.38,3.87,3.073770491803285,14.840182648401834,-6.505576208178432,False,19.477434679334916,1.410939133031408,-9.87,-119.29,-270661517.54,,,,-3862370504.02,,-9.5235,0,632293.0943,382013960.8,1.0,1.5,PASS,False,0.4444444444444444,-9.87,-119.29,1.0,-10.87,,,3.5346,-9.5235,,99.46392506573181,0.0,0.0,5.03,5.38,False,0,95.76174112256587,CHASE,0.8402140672782875,1,1,100.0,393,17.71312056207962,True,3.073770491803285,,0.010879680656704796,True,False,独立池,-10.87,0.0,20.681959342593924,82.86491420528854,1.0,0.0,82.86,Tier2
600027.SH,600027,华电国际,20050203,,主板,L,703636922.3,14.592274678111572,未知,未知,,,5.34,10.2148,10.4592,1.2403,1.9946,6200687.4143,4921171.6926,1071705170.0000001,False,0,0,False,False,5.52,4.58,2.1032504780114536,9.202453987730074,-3.2608695652173836,False,14.592274678111572,1.410939133031408,-5.55,6.4,1782633000.0,99.6663,,,17435733000.0,182.5499,2.5521,0,6200687.4143,1071705170.0000001,1.0,1.5,PASS,False,0.4444444444444444,-5.55,6.4,1.0,-6.55,,10.2148,1.2403,2.5521,,99.46392506573181,0.0,0.0,5.34,5.52,False,0,89.69072164948454,,0.7859327217125383,1,1,75.0,393,12.827960560856278,True,2.1032504780114536,,-0.035292645227163036,False,False,独立池,-6.55,0.0,20.745075263397936,68.55623154752494,1.0,0.0,68.56,Tier2
002039.SZ,002039,黔源电力,20050303,,主板,L,304950136.85,-1.4118792599805197,未知,未知,,,20.25,14.427,13.5811,1.9087,3.6012,865805.2052,865802.7752,338976537.4,False,0,0,False,False,22.49,20.01,-2.0319303338171335,16.64746543778801,-9.959982214317463,False,-1.4118792599805197,1.410939133031408,71.65,153.16,87996163.15,98.6246,,,1303143841.19,138.0614,1.9878,0,865805.2052,338976537.4,1.0,1.5,PASS,False,0.4444444444444444,71.65,153.16,1.0,71.65,,14.427,1.9087,1.9878,0.20135380321004884,99.46392506573181,0.0,0.0,20.25,22.49,False,0,89.69072164948454,,0.3937308868501529,0,0,5.0,393,-3.176193377235814,False,-2.0319303338171335,,0.006013631681225818,False,False,独立池,71.65,0.0,21.887590311285386,33.78473455710244,1.0,0.0,33.78,Other
002042.SZ,002042,华孚时尚,20050427,,主板,L,442090826.95,1.9108280254777066,未知,未知,,,4.8,142.2204,110.7493,1.3815,3.75,816327.0504,816327.0504,401133190.2,True,0,0,False,False,5.6,4.56,-6.06653620352251,8.597285067873294,-14.28571428571428,False,1.9108280254777066,1.410939133031408,-207.63,79.07,-14311279.57,-56.5151,,,-239015228.23999998,207.7755,0.4328,0,816327.0504,401133190.2,1.0,1.5,PASS,False,0.4444444444444444,-207.63,79.07,1.0,-208.63,ESP-Q,142.2204,1.3815,0.4328,,99.46392506573181,0.0,0.0,4.8,5.6,False,0,73.25315005727376,,0.503822629969419,0,0,5.0,393,0.14651390822241206,False,-6.06653620352251,,-0.024841050304487376,False,False,独立池,-208.63,0.0,17.792652745788008,28.03447556633973,0.7,0.0,19.62,Other
002044.SZ,002044,美年健康,20050518,,主板,L,1187692367.55,15.15711645101665,未知,未知,,,6.23,85.4661,79.7897,3.0897,7.6657,2438580.194,2413643.8116,1782538185.8000004,True,1,1,False,False,6.46,5.12,-2.351097178683381,-11.63120567375886,-3.5603715170278605,False,15.15711645101665,1.410939133031408,7.95,2.39,-259887341.08,,,,-227701729.73000002,,-3.1827,0,2438580.194,1782538185.8000004,1.0,1.5,PASS,False,0.4444444444444444,7.95,2.39,1.0,7.95,,85.4661,3.0897,-3.1827,10.750452830188678,99.46392506573181,0.0,0.0,6.23,6.46,False,0,88.31615120274914,CHASE,0.7951070336391437,1,1,100.0,393,13.392802333761356,True,-2.351097178683381,,0.004808682414869783,True,False,独立池,7.95,0.0,20.956922682763256,80.68622989737739,1.0,0.0,80.69,Tier2
002045.SZ,002045,国光电器,20050523,,主板,L,194738538.79999998,-4.729729729729737,未知,未知,,,11.28,,,1.498,2.5536,634480.9729,633625.6669,154210582.8,False,0,0,False,False,12.1,10.74,-2.674719585849872,-19.60085531004989,-6.776859504132238,False,-4.729729729729737,1.410939133031408,-362.34,-187.53,-39851494.24,,,,-208078052.28,,-0.6041,0,634480.9729,154210582.8,1.0,1.5,PASS,False,0.4444444444444444,-362.34,-187.53,1.0,-363.34,,,1.498,-0.6041,,99.46392506573181,0.0,0.0,11.28,12.1,True,0,79.95418098510882,,0.2790519877675841,0,0,5.0,393,-6.494043846985031,False,-2.674719585849872,,-0.025630412445841102,False,False,独立池,-363.34,0.0,15.532313831994305,29.59271706193151,1.0,0.0,29.59,Other
002046.SZ,002046,国机精工,20050526,,主板,L,953477968.9000001,12.383708910481705,未知,未知,,,54.36,111.9575,179.0598,6.6825,3.7093,2914733.4823,2874573.9343,1213285743.4,True,0,0,False,False,61.06,47.9,-7.0928046487779834,18.14822864594654,-10.972813625941702,False,12.383708910481705,1.410939133031408,-160.74,-22.58,-29080916.18,,,,447550868.05999994,-2225.6636,-0.208,0,2914733.4823,1213285743.4,1.0,1.5,PASS,False,0.4444444444444444,-160.74,-22.58,1.0,-161.74,ESP-Q,111.9575,6.6825,-0.208,,99.46392506573181,0.0,0.0,54.36,61.06,False,0,74.3413516609393,,0.7507645259938838,1,1,100.0,393,10.61939479322641,True,-7.0928046487779834,,-0.026941411401912727,False,False,独立池,-161.74,0.0,18.477723469514896,75.99795019218476,0.7,0.0,53.2,Tier2
002048.SZ,002048,宁波华翔,20050603,,主板,L,542916899.8499999,4.28418421992145,未知,未知,,,29.21,56.8469,54.6288,1.9823,4.7126,2377206.5494,2073324.2431,674756910.4,True,0,0,False,False,30.58,25.82,-1.6829350387075004,-9.003115264797511,-4.480052321778938,False,4.28418421992145,1.410939133031408,-19.79,46.43,184573962.8,67.63,,,3201958507.4,46.539,2.3248,0,2377206.5494,674756910.4,1.0,1.5,PASS,False,0.4444444444444444,-19.79,46.43,1.0,-20.79,ESP-Q,56.8469,1.9823,2.3248,,99.46392506573181,0.0,0.0,29.21,30.58,False,0,73.25315005727376,,0.5749235474006116,0,1,55.0,393,2.519870102666155,False,-1.6829350387075004,,-0.0002446066095121618,False,False,独立池,-20.79,0.0,20.53702648741434,53.583350314665,0.7,0.0,37.51,Other
002049.SZ,002049,紫光国微,20050606,,主板,L,2336724187.1499996,10.10259333143344,未知,未知,,,77.27,45.682,39.7366,4.7149,4.5016,6565077.9668,6564198.5415,3367398367.6,True,0,0,False,False,82.76,69.81,-5.6992921649987816,-0.935897435897437,-6.633639439342687,False,10.10259333143344,1.410939133031408,170.81,31.57,271836543.21,81.315,,,3305908434.98,-92.0224,2.4018,0,6565077.9668,3367398367.6,1.0,1.5,PASS,False,0.4444444444444444,170.81,31.57,1.0,170.81,ESP-Q,45.682,4.7149,2.4018,0.26744335811720626,99.46392506573181,0.0,0.0,77.27,82.76,False,0,92.78350515463917,,0.709480122324159,1,1,100.0,393,8.338279214178145,True,-5.6992921649987816,,-0.00275560802520787,False,False,独立池,170.81,0.0,23.33633445640712,82.50231843767318,0.7,0.0,57.75,Tier2
002050.SZ,002050,三花智控,20050607,,主板,L,6410215101.65,15.406783418310809,未知,未知,,,52.06,53.9195,53.6002,6.7142,7.8336,21906920.5456,19179932.3568,9199388355.2,True,0,0,False,False,53.88,43.78,1.659832064049982,0.9305932531989303,-3.3778767631774342,False,15.406783418310809,1.410939133031408,15.52,26.95,985709560.79,106.262,,,10037423039.2,98.3089,2.8819,0,21906920.5456,9199388355.2,1.0,1.5,PASS,False,0.4444444444444444,15.52,26.95,1.0,15.52,,53.9195,6.7142,2.8819,3.4741945876288662,99.46392506573181,0.0,0.0,52.06,53.88,False,0,73.25315005727376,CHASE,0.7996941896024465,1,1,100.0,393,13.642469301055515,True,1.659832064049982,,-0.0022351475139105173,True,False,独立池,15.52,0.0,21.067521645838806,76.18944934634989,1.0,0.0,76.19,Tier2
002051.SZ,002051,中工国际,20060619,,主板,L,965330175.95,-11.176470588235299,未知,未知,,,10.57,41.6247,50.0812,1.1249,3.6671,1307941.2464,1307865.9669,651710282.8,False,2,1,False,False,12.27,9.88,-9.889173060528556,22.337962962962955,-13.854930725346371,False,-11.176470588235299,1.410939133031408,-42.02,-6.27,77082661.61,98.6653,,,731152511.37,-250.9728,0.672,0,1307941.2464,651710282.8,1.0,1.5,PASS,False,0.4444444444444444,-42.02,-6.27,1.0,-43.02,ESP-Q,41.6247,1.1249,0.672,,99.46392506573181,0.0,0.0,10.57,12.27,True,0,73.25315005727376,,0.09480122324159021,0,0,5.0,393,-12.940784705490593,False,-9.889173060528556,,-0.030536729151130298,False,False,独立池,-43.02,0.0,20.212242478277023,28.518393512837534,0.7,0.0,19.96,Other
002052.SZ,002052,同洲电子,20060627,,主板,L,249347146.75,13.23529411764708,未知,未知,,,11.55,48.2225,142.4601,31.1996,2.6194,869067.8466,796242.164,283690286.99999994,True,1,1,False,False,12.23,8.9,-1.869158878504662,-1.952461799660432,-5.560098119378576,False,13.23529411764708,1.410939133031408,-94.36,134.18,7094888.45,109.3872,,,661583942.47,-220.04,2.3375,0,869067.8466,283690286.99999994,1.0,1.5,PASS,False,0.4444444444444444,-94.36,134.18,1.0,-95.36,ESP-Q,48.2225,31.1996,2.3375,,99.46392506573181,0.0,0.0,11.55,12.23,False,0,67.81214203894616,,0.7637614678899083,1,1,100.0,393,11.470980000391785,True,-1.869158878504662,,0.013974113880398988,False,False,独立池,-95.36,0.0,19.447546345202483,74.23315188072434,0.7,0.0,51.96,Tier2
002053.SZ,002053,云南能投,20060627,,主板,L,161719005.00000003,9.058295964125552,未知,未知,,,12.16,47.3812,50.5999,1.4682,1.4252,1119607.0282,1119599.0938,237965533.20000002,True,0,0,False,False,12.99,11.1,-0.5723630417007408,6.573181419807184,-6.389530408006161,False,9.058295964125552,1.410939133031408,-5.79,-68.2,205136565.23,99.5815,,,924535705.28,106.3959,2.7392,0,1119607.0282,237965533.20000002,1.0,1.5,PASS,False,0.4444444444444444,-5.79,-68.2,1.0,-6.79,,47.3812,1.4682,2.7392,,99.46392506573181,0.0,0.0,12.16,12.99,False,0,88.65979381443299,,0.6880733944954128,0,1,55.0,393,7.293981846870258,True,-0.5723630417007408,,0.007547437330632004,False,False,独立池,-6.79,0.0,20.74156882335327,58.24625190900055,1.0,0.0,58.25,Tier2
601001.SH,601001,晋控煤业,20060623,,主板,L,364733996.00000006,5.413444378346233,未知,未知,,,17.72,16.1935,17.8898,1.5172,1.589,2965796.4,2965796.4,350255403.2,True,0,0,False,False,19.95,16.07,-1.171221416620194,14.101738570508694,-11.177944862155387,False,5.413444378346233,1.410939133031408,-33.6,-34.5,337054064.63,99.5525,,,4318955912.809999,104.3985,1.7528,0,2965796.4,350255403.2,1.0,1.5,PASS,False,0.4444444444444444,-33.6,-34.5,1.0,-34.6,,16.1935,1.5172,1.7528,,99.46392506573181,0.0,0.0,17.72,19.95,False,0,73.25315005727376,,0.6123853211009175,0,1,55.0,393,3.649130261090938,False,-1.171221416620194,,-0.01687608527948463,False,False,独立池,-34.6,0.0,20.335260083177438,53.54299703381761,1.0,0.0,53.54,Tier2
601988.SH,601988,中国银行,20060705,,主板,L,1186926110.25,0.0,未知,未知,,,5.79,7.6767,7.6058,0.6825,0.1281,186560986.4403,122033233.0958,1371969197.8,True,0,0,False,False,5.97,5.61,1.9366197183098732,7.620817843866168,-3.015075376884413,False,0.0,1.410939133031408,3.64,2.5858,56603000000.0,99.9506,,,594555000000.0,262.454,1.8365,0,186560986.4403,1371969197.8,1.0,1.5,PASS,False,0.4444444444444444,3.64,2.5858,1.0,3.64,,7.6767,0.6825,1.8365,2.1089835164835167,99.46392506573181,0.0,0.0,5.79,5.97,False,0,73.25315005727376,,0.44533639143730885,0,0,5.0,393,-1.7643141172552945,False,1.9366197183098732,,-0.007400515934318962,False,False,独立池,3.64,0.0,20.89395286362777,28.65473558990768,1.0,0.0,28.65,Other
002056.SZ,002056,横店东磁,20060802,,主板,L,540895476.25,-0.7759958613553941,未知,未知,,,19.18,16.8543,17.538,2.8314,2.1953,3120033.7579,3116810.6261,638397221.8000001,True,0,0,False,False,20.39,18.32,-3.618090452261302,-5.841924398625431,-5.934281510544393,False,-0.7759958613553941,1.410939133031408,-30.58,5.34,317345900.0,82.2371,,,4615646040.92,94.9002,3.5653,0,3120033.7579,638397221.8000001,1.0,1.5,PASS,False,0.4444444444444444,-30.58,5.34,1.0,-31.58,,16.8543,2.8314,3.5653,,99.46392506573181,10.0,0.0,19.18,20.39,False,0,79.95418098510882,,0.4181957186544342,0,0,5.0,393,-2.5403099786106886,False,-3.618090452261302,,-0.01752421533177152,False,False,独立池,-31.58,0.0,20.379382787072835,30.562130852947213,1.0,0.0,40.56,Other
600048.SH,600048,保利发展,20060731,,主板,L,866185396.5500001,4.545454545454541,未知,未知,,,6.21,71.8436,,0.3832,0.8221,7433645.3626,7433645.3626,1235079887.8,True,0,0,False,False,6.86,5.69,-6.475903614457823,-12.288135593220339,-9.475218658892137,False,4.545454545454541,1.410939133031408,-51.91,-84.52,1010120800.0,110.3115,,,5987943600.0,400.7746,0.4745,0,7433645.3626,1235079887.8,1.0,1.5,PASS,False,0.4444444444444444,-51.91,-84.52,1.0,-52.91,,71.8436,0.3832,0.4745,,99.46392506573181,0.0,0.0,6.21,6.86,False,0,73.25315005727376,,0.5833333333333334,0,1,55.0,393,2.781140428199247,False,-6.475903614457823,,0.014553017869102899,False,False,独立池,-52.91,0.0,20.067747928103017,53.48949460280273,1.0,0.0,53.49,Tier2
601006.SH,601006,大秦铁路,20060801,,主板,L,619344443.1999998,3.632887189292533,未知,未知,,,5.42,18.5076,19.1126,0.6569,0.6628,10919770.3221,10919770.3221,760361454.0000001,True,0,0,False,False,5.54,5.21,0.743494423791824,6.483300589390972,-2.166064981949456,False,3.632887189292533,1.410939133031408,-6.91,-35.14,2385546444.0,100.0558,,,18534462979.0,21.651,1.4428,0,10919770.3221,760361454.0000001,1.0,1.5,PASS,False,0.4444444444444444,-6.91,-35.14,1.0,-7.91,,18.5076,0.6569,1.4428,,99.46392506573181,0.0,0.0,5.42,5.54,False,0,73.25315005727376,,0.5558103975535168,0,1,55.0,393,1.8685730720372384,False,0.743494423791824,,-0.019461374878414744,False,False,独立池,-7.91,0.0,20.725205436478152,53.62098610447776,1.0,0.0,53.62,Tier2
002060.SZ,002060,广东建工,20060810,,主板,L,197120158.89999998,-9.62962962962962,未知,未知,,,3.66,12.3917,12.7578,0.9484,3.0609,1374107.9266,571990.1656,159161527.20000002,True,0,0,False,False,4.11,3.63,-3.430079155672816,-3.937007874015741,-10.94890510948906,False,-9.62962962962962,1.410939133031408,-1.68,-15.59,117258859.39,104.8183,,,2000656007.6799998,-1358.5851,0.7741,0,1374107.9266,159161527.20000002,1.0,1.5,PASS,False,0.4444444444444444,-1.68,-15.59,1.0,-2.6799999999999997,ESP-Q,12.3917,0.9484,0.7741,,99.46392506573181,0.0,0.0,3.66,4.11,False,0,88.65979381443299,,0.12996941896024464,0,0,5.0,393,-11.393943746884915,False,-3.430079155672816,,-0.025228899548081732,False,False,独立池,-2.6799999999999997,0.0,20.801616609118195,33.258261466153535,0.7,0.0,23.28,Other
002062.SZ,002062,宏润建设,20060816,,主板,L,386201378.45000005,33.1967213114754,未知,未知,,,9.75,43.1305,46.076,2.428,3.0543,1206339.1168,1096583.436,388337249.2,True,1,0,False,False,10.58,7.23,-2.791625124626118,-2.791625124626118,-7.844990548204156,False,33.1967213114754,1.410939133031408,-20.74,0.18,71558948.23,97.0382,,,722637628.52,148.225,1.4948,0,1206339.1168,388337249.2,1.0,1.5,PASS,False,0.4444444444444444,-20.74,0.18,1.0,-21.74,,43.1305,2.428,1.4948,,99.46392506573181,0.0,0.0,9.75,10.58,False,0,93.35624284077892,CHASE,0.9296636085626911,1,1,100.0,393,31.432407194220104,True,-2.791625124626118,,-0.039456862831035056,True,False,独立池,-21.74,0.0,20.523146828904196,82.11150221801452,1.0,0.0,82.11,Tier2
002063.SZ,002063,远光软件,20060823,,主板,L,301273996.70000005,-0.9345794392523255,未知,未知,,,6.36,40.5916,40.3986,3.0518,2.8761,1217995.629,1124941.9895,350000367.8,True,0,0,False,False,6.73,6.25,-3.490136570561453,-2.4539877300613355,-5.4977711738484425,False,-0.9345794392523255,1.410939133031408,30.55,3.34,10823908.52,100.0205,,,505921355.90999997,-1926.7956,0.2723,0,1217995.629,350000367.8,1.0,1.5,PASS,False,0.4444444444444444,30.55,3.34,1.0,30.55,ESP-Q,40.5916,3.0518,0.2723,1.3286939443535188,99.46392506573181,0.0,0.0,6.36,6.73,False,0,80.41237113402062,,0.4120795107033639,0,0,5.0,393,-2.69889355650762,False,-3.490136570561453,,-0.0136156998919744,False,False,独立池,30.55,0.0,21.287112453636098,30.881133830933404,0.7,0.0,21.62,Other
002064.SZ,002064,华峰化学,20060823,,主板,L,508671979.35,4.936014625228524,未知,未知,,,11.48,30.6694,28.177,2.038,1.2741,5697000.3938,5684885.1767,567518890.0,True,0,0,False,False,12.15,10.66,3.423423423423433,-7.568438003220612,-5.514403292181069,False,4.936014625228524,1.410939133031408,59.16,-14.65,731790235.91,109.4474,,,4756792158.65,47.7119,2.4185,0,5697000.3938,567518890.0,1.0,1.5,PASS,False,0.4444444444444444,59.16,-14.65,1.0,59.16,ESP-Q,30.6694,2.038,2.4185,0.5184144692359702,99.46392506573181,0.0,0.0,11.48,12.15,False,0,77.20504009163804,,0.5963302752293578,0,1,55.0,393,3.1717005079732297,False,3.423423423423433,,0.02205880681579402,False,False,独立池,59.16,0.0,21.705109327294156,55.00253389295024,0.7,0.0,38.5,Other
002065.SZ,002065,东华软件,20060823,,主板,L,353842039.85,-0.8383233532934131,未知,未知,,,8.28,55.6084,54.8362,2.1434,1.3952,2654139.4065,2407759.1254,414628636.6,False,0,0,False,False,9.03,8.08,-5.045871559633042,-14.107883817427403,-8.30564784053156,False,-0.8383233532934131,1.410939133031408,1.85,1.62,55997742.06,90.3776,,,932344339.76,187.0701,0.5016,0,2654139.4065,414628636.6,1.0,1.5,PASS,False,0.4444444444444444,1.85,1.62,1.0,1.85,,55.6084,2.1434,0.5016,30.058594594594595,99.46392506573181,0.0,0.0,8.28,9.03,False,0,73.25315005727376,,0.4166666666666667,0,0,5.0,393,-2.6026374705487076,False,-5.045871559633042,,-0.03775315665603804,False,False,独立池,1.85,0.0,20.86780066496129,28.649505150174384,1.0,0.0,28.65,Other
002067.SZ,002067,景兴纸业,20060915,,主板,L,191388238.25,2.105263157894721,未知,未知,,,4.85,128.9811,71.4654,1.0698,3.2941,715304.1187,648737.8687,170723056.79999998,False,0,0,False,False,5.1,4.6,-2.020202020202033,-11.009174311926618,-4.90196078431373,False,2.105263157894721,1.410939133031408,159.61,-474.67,11728333.55,55.2948,,,-126456551.89999999,636.9711,0.3178,0,715304.1187,170723056.79999998,1.0,1.5,PASS,False,0.4444444444444444,159.61,-474.67,1.0,159.61,ESP-Q,128.9811,1.0698,0.3178,0.8081016227053442,99.46392506573181,0.0,0.0,4.85,5.1,False,0,73.25315005727376,,0.5084097859327217,0,0,5.0,393,0.34094904063942666,False,-2.020202020202033,,-0.023881486646442095,False,False,独立池,159.61,0.0,23.17270058765598,29.110485134713322,0.7,0.0,20.38,Other
002068.SZ,002068,黑猫股份,20060915,,主板,L,192968924.1,13.34093500570126,未知,未知,,,9.94,,,3.1342,5.3599,730933.1248,730569.4451,288169895.4,True,0,0,False,False,10.15,8.44,5.632306057385761,4.192872117400426,-2.0689655172413834,False,13.34093500570126,1.410939133031408,-132.9,-1600.67,-98774528.8,,,,-960707535.01,,-3.996,0,730933.1248,288169895.4,1.0,1.5,PASS,False,0.4444444444444444,-132.9,-1600.67,1.0,-133.9,,,3.1342,-3.996,,99.46392506573181,0.0,0.0,9.94,10.15,False,0,81.09965635738831,,0.7668195718654435,1,1,100.0,393,11.576620888445966,True,5.632306057385761,,0.008302324139255215,False,False,独立池,-133.9,0.0,18.88447051469631,78.10679101015576,1.0,0.0,78.11,Tier2
601699.SH,601699,潞安环能,20060922,,主板,L,506257380.29999995,13.313388182498143,未知,未知,,,15.15,40.64,38.5054,0.9777,1.5197,4531984.938,4531984.938,492339812.00000006,True,0,0,False,False,16.46,12.94,-2.759948652118094,14.253393665158365,-7.958687727825032,False,13.313388182498143,1.410939133031408,4.29,-63.68,700971247.51,97.4592,,,4056333383.0,401.6575,1.5692,0,4531984.938,492339812.00000006,1.0,1.5,PASS,False,0.4444444444444444,4.29,-63.68,1.0,4.29,ESP-Q,40.64,0.9777,1.5692,9.473193473193474,99.46392506573181,0.0,0.0,15.15,16.46,False,0,73.25315005727376,,0.7652905198776758,1,1,100.0,393,11.549074065242849,True,-2.759948652118094,,-0.005516494796551183,False,False,独立池,4.29,0.0,20.903449472082077,76.15663491159854,0.7,0.0,53.31,Tier2
002279.SZ,002279,久其软件,20090811,,主板,L,221986790.4,-5.940594059405946,未知,未知,,,7.6,146.4494,87.3829,4.6926,2.9872,655277.222,604579.4566,230024562.6,False,0,0,False,False,8.47,7.44,-6.056860321384427,-23.076923076923084,-10.271546635183004,False,-5.940594059405946,1.410939133031408,21.116,118.1525,-91481187.59,,,,-175764484.71,,-5.9571,0,655277.222,230024562.6,1.0,1.5,PASS,False,0.4444444444444444,21.116,118.1525,1.0,21.116,,146.4494,4.6926,-5.9571,6.935470733093389,99.46392506573181,0.0,0.0,7.6,8.47,False,0,94.84536082474226,,0.2423547400611621,0,0,5.0,393,-7.70490817666124,False,-6.056860321384427,,-0.028917263737045795,False,False,独立池,21.116,0.0,21.149280139546967,35.18346427533207,1.0,0.0,35.18,Other
601588.SH,601588,北辰实业,20061016,,主板,L,193743000.1,-1.0101010101010055,未知,未知,,,1.96,,,1.0073,2.4294,659935.92,521360.0,138458459.6,True,1,1,False,False,2.28,1.7,-7.109004739336489,2.617801047120416,-14.035087719298245,False,-1.0101010101010055,1.410939133031408,49.3725,-2.3803,-153836520.0,,,,-7013782218.0,,-2.2773,0,659935.92,138458459.6,1.0,1.5,PASS,False,0.4444444444444444,49.3725,-2.3803,1.0,49.3725,ESP-Q,,1.0073,-2.2773,,99.46392506573181,0.0,0.0,1.96,2.28,True,0,73.25315005727376,,0.4074923547400612,0,0,5.0,393,-2.7744151273563,False,-7.109004739336489,,0.00544445000568041,False,False,独立池,49.3725,0.0,21.562112319222564,28.78836748102664,0.7,0.0,20.15,Other
002073.SZ,002073,软控股份,20061018,,主板,L,159602611.70000002,-14.10788381742739,未知,未知,,,6.21,15.7793,17.7926,0.9983,2.4343,636057.7304,629616.4079,166040612.00000003,False,0,0,False,False,7.52,6.15,-8.136094674556215,-24.268292682926827,-17.420212765957444,False,-14.10788381742739,1.410939133031408,-61.72,-21.85,23455561.49,77.2078,,,782517320.21,172.9918,0.478,0,636057.7304,166040612.00000003,1.0,1.5,PASS,False,0.4444444444444444,-61.72,-21.85,1.0,-62.72,ESP-Q,15.7793,0.9983,0.478,,99.46392506573181,0.0,0.0,6.21,7.52,False,0,73.25315005727376,,0.04892966360856269,0,0,5.0,393,-15.872197934682685,False,-8.136094674556215,,-0.025077595460966648,False,False,独立池,-62.72,0.0,19.92442219127724,28.460829455437576,0.7,0.0,19.92,Other
002074.SZ,002074,国轩高科,20061018,,主板,L,2285253790.8,-6.689049586776852,未知,未知,,,36.13,27.5033,28.4529,2.2657,2.772,6554780.6681,6273010.2698,1819254126.6000004,True,0,0,False,False,41.49,35.5,-3.0847639484978484,-2.771797631862205,-12.918775608580379,False,-6.689049586776852,1.410939133031408,179.51,64.48,40776481.42,193.3158,,,630861629.74,,0.0727,0,6554780.6681,1819254126.6000004,1.0,1.5,PASS,False,0.4444444444444444,179.51,64.48,1.0,179.51,,27.5033,2.2657,0.0727,0.1532131914656565,99.46392506573181,0.0,0.0,36.13,41.49,True,0,73.25315005727376,,0.21024464831804282,0,0,5.0,393,-8.453363704032146,False,-3.0847639484978484,,-0.013855326447133998,False,False,独立池,179.51,0.0,23.463442908026312,29.16863359878739,1.0,0.0,29.17,Other
601398.SH,601398,工商银行,20061027,,主板,L,1951650932.4,-3.4666666666666623,未知,未知,,,7.24,7.0012,6.9487,0.6646,0.1023,258038130.1324,195199241.8782,2302303202.6,False,0,0,False,False,7.68,7.19,-3.07898259705488,-0.5494505494505475,-5.7291666666666625,False,-3.4666666666666623,1.410939133031408,3.49,1.0566,86795000000.0,99.8321,,,892041000000.0,1388.819,2.0286,0,258038130.1324,2302303202.6,1.0,1.5,PASS,False,0.4444444444444444,3.49,1.0566,1.0,3.49,ESP-Q,7.0012,0.6646,2.0286,2.006074498567335,99.46392506573181,0.0,0.0,7.24,7.68,False,0,73.25315005727376,,0.33103975535168195,0,0,5.0,393,-5.230980783921957,False,-3.07898259705488,,-0.003466563366053924,False,False,独立池,3.49,0.0,20.891761338599853,28.6542972849021,0.7,0.0,20.06,Other
002078.SZ,002078,太阳纸业,20061116,,主板,L,289686900.59999996,-5.975274725274737,未知,未知,,,13.69,11.7692,11.6962,1.225,0.8772,3825718.5779,3802198.2941,347472948.2,False,0,0,False,False,15.17,13.64,-6.361149110807107,-17.827130852340943,-9.756097560975608,False,-5.975274725274737,1.410939133031408,0.35,-1.33,886224289.61,97.7771,,,8312425242.72,80.0247,2.9364,0,3825718.5779,347472948.2,1.0,1.5,PASS,False,0.4444444444444444,0.35,-1.33,1.0,-0.65,,11.7692,1.225,2.9364,33.626285714285714,99.46392506573181,10.0,0.0,13.69,15.17,False,0,77.20504009163804,,0.2400611620795107,0,0,5.0,393,-7.739588842530031,False,-6.361149110807107,,0.006097682760829353,False,False,独立池,-0.65,0.0,20.83127524782934,29.82776707705728,1.0,0.0,39.83,Other
002077.SZ,002077,大港股份,20061116,,主板,L,399004912.6,8.427672955974842,未知,未知,,,17.24,188.282,131.8073,2.9564,4.4636,1000520.8364,1000520.8364,523696592.4000001,True,0,0,False,False,17.73,15.21,-1.8223234624145768,2.072232089994075,-2.763677382966734,False,8.427672955974842,1.410939133031408,25.96,28.05,20541862.92,53.4903,,,122630388.03,36.5335,1.1412,0,1000520.8364,523696592.4000001,1.0,1.5,PASS,False,0.4444444444444444,25.96,28.05,1.0,25.96,ESP-Q,188.282,2.9564,1.1412,7.252773497688752,99.46392506573181,0.0,0.0,17.24,17.73,False,0,92.78350515463917,,0.6720183486238532,0,1,55.0,393,6.663358838719548,True,-1.8223234624145768,,-0.008114621782359404,False,False,独立池,25.96,0.0,21.220051787781838,59.579061903948116,0.7,0.0,41.71,Other
600018.SH,600018,上港集团,20061026,,主板,L,240978587.39999992,2.2044088176352616,未知,未知,,,5.1,8.7528,8.6884,0.8173,0.275,11872779.857,11855826.3585,274480871.2,False,0,0,False,False,5.16,4.86,-0.1956947162426781,0.990099009900991,-1.1627906976744318,False,2.2044088176352616,1.410939133031408,3.42,-8.1,3925271571.8,97.9376,,,33987876383.39,63.1037,2.8006,0,11872779.857,274480871.2,1.0,1.5,PASS,False,0.4444444444444444,3.42,-8.1,1.0,3.42,ESP-Q,8.7528,0.8173,2.8006,2.5592982456140354,99.46392506573181,10.0,0.0,5.1,5.16,False,0,72.16494845360825,,0.5137614678899083,0,0,5.0,393,0.4400947003799671,False,-0.1956947162426781,,-0.01200098207208394,False,False,独立池,3.42,0.0,20.89073862692016,28.327632261466505,0.7,0.0,29.83,Other
002080.SZ,002080,中材科技,20061120,,主板,L,3114407885.95,33.53947639661927,未知,未知,,,64.78,59.8032,55.3747,5.3161,3.7884,10870884.5772,10870884.5772,3767649045.2000003,False,1,1,False,False,71.9,47.73,2.694990488268867,64.96052966641201,-9.902642559109875,False,33.53947639661927,1.410939133031408,79.74,234.52,451343799.43,88.9396,,,3739799285.61,-295.6507,2.5147,0,10870884.5772,3767649045.2000003,1.0,1.5,PASS,False,0.4444444444444444,79.74,234.52,1.0,79.74,ESP-Q,59.8032,5.3161,2.5147,0.7499774266365689,99.46392506573181,0.0,0.0,64.78,71.9,False,0,88.65979381443299,CHASE,0.9311926605504587,1,1,75.0,393,31.775162279363975,True,2.694990488268867,,-0.013267660833390746,True,False,独立池,79.74,0.0,22.00578656112438,68.49909545655477,0.7,0.0,47.95,Other
002081.SZ,002081,金螳螂,20061120,,主板,L,2286088421.2000003,132.9376854599406,未知,未知,,,7.85,46.9818,51.3778,1.4961,20.6431,2084429.0959,2075731.0407,4397392551.8,False,11,5,False,True,8.6,3.33,8.275862068965512,108.22281167108754,-8.720930232558144,False,132.9376854599406,1.410939133031408,-11.94,-20.29,157049405.53,89.1401,,,1159028618.83,-642.7071,1.2719,0,2084429.0959,4397392551.8,1.0,1.5,PASS,False,0.4444444444444444,-11.94,-20.29,1.0,-12.94,ESP-Q,46.9818,1.4961,1.2719,,99.46392506573181,0.0,0.0,7.85,8.6,False,0,75.60137457044674,CHASE,1.0,1,1,75.0,393,131.17337134268533,True,8.275862068965512,突破型|OVERHEAT,-0.012766151556034494,True,True,独立池,-12.94,0.0,20.651716297208665,64.31075563057576,0.7,0.0,45.02,Other
601666.SH,601666,平煤股份,20061123,,主板,L,273832197.75,-6.573957016434894,未知,未知,,,7.39,78.8917,91.3935,0.8275,1.851,1824859.9332,1824859.9332,318586469.00000006,False,0,0,False,False,8.84,7.31,-10.097323600973251,-12.23277909738718,-16.402714932126695,False,-6.573957016434894,1.410939133031408,-18.11,-85.85,144482349.86,120.2821,,,1086125688.78,150.4841,0.4829,0,1824859.9332,318586469.00000006,1.0,1.5,PASS,False,0.4444444444444444,-18.11,-85.85,1.0,-19.11,,78.8917,0.8275,0.4829,,99.46392506573181,0.0,0.0,7.39,8.84,False,0,73.25315005727376,,0.21406727828746178,0,0,5.0,393,-8.338271133690188,False,-10.097323600973251,,0.02410877649637789,False,False,独立池,-19.11,0.0,20.56157156772701,28.58825933072753,1.0,0.0,28.59,Other
002083.SZ,002083,孚日股份,20061124,,主板,L,612642108.0999999,-19.495412844036707,未知,未知,,,10.53,23.2667,20.7085,2.0407,2.5862,996810.8796,996478.3422,332497210.6,False,0,0,False,False,13.75,10.42,-4.7058823529411935,-12.758906379453194,-23.41818181818183,False,-19.495412844036707,1.410939133031408,33.43,33.07,181734764.61,100.7426,,,1176126883.0,129.8061,3.7631,0,996810.8796,332497210.6,1.0,1.5,PASS,False,0.4444444444444444,33.43,33.07,1.0,33.43,,23.2667,2.0407,3.7631,0.6959826503140891,99.46392506573181,0.0,0.0,10.53,13.75,True,0,63.57388316151202,,0.01834862385321101,0,0,5.0,393,-21.259726961292003,False,-4.7058823529411935,,-0.047452545694891955,False,False,独立池,33.43,0.0,21.32918973417211,25.838002895288028,1.0,0.0,25.84,Other
002085.SZ,002085,万丰奥威,20061128,,主板,L,418272183.75,-3.9381153305203975,未知,未知,,,13.66,29.3799,30.3646,3.7974,1.5736,2900424.4123,2900424.4123,463330785.00000006,False,0,0,False,False,14.89,13.51,-4.07303370786517,-12.548015364916765,-8.260577568838146,False,-3.9381153305203975,1.410939133031408,-14.27,57.37,158648407.74,65.2736,,,2025159947.27,-96.3163,3.1886,0,2900424.4123,463330785.00000006,1.0,1.5,PASS,False,0.4444444444444444,-14.27,57.37,1.0,-15.27,ESP-Q,29.3799,3.7974,3.1886,,99.46392506573181,0.0,0.0,13.66,14.89,False,0,73.25315005727376,,0.308868501529052,0,0,5.0,393,-5.7024294477756925,False,-4.07303370786517,,-0.05715290365226968,False,False,独立池,-15.27,0.0,20.61767460844169,28.599479938870466,0.7,0.0,20.02,Other
002091.SZ,002091,江苏国泰,20061208,,主板,L,410096674.4499999,-3.644158628081451,未知,未知,,,8.99,11.3092,11.5832,0.9142,1.8592,1463316.3244,1436773.4986,466064618.20000005,False,1,1,False,False,9.99,8.79,-5.567226890756293,1.8120045300113352,-10.010010010010006,False,-3.644158628081451,1.410939133031408,-40.74,-2.7,140317791.65,66.2413,,,2566274888.24,-95.6525,1.2935,0,1463316.3244,466064618.20000005,1.0,1.5,PASS,False,0.4444444444444444,-40.74,-2.7,1.0,-41.74,ESP-Q,11.3092,0.9142,1.2935,,99.46392506573181,0.0,0.0,8.99,9.99,False,0,73.8831615120275,,0.32492354740061163,0,0,5.0,393,-5.408472745336745,False,-5.567226890756293,,-0.035968229642995446,False,False,独立池,-41.74,0.0,20.23094349184858,28.711137151977965,0.7,0.0,20.1,Other
601991.SH,601991,大唐发电,20061220,,主板,L,2636528500.2999997,103.59897172236505,未知,未知,,,7.92,19.844,18.2275,3.9802,12.3037,14657314.7192,9817702.572,6729480768.8,False,7,7,False,True,8.11,3.84,30.04926108374384,111.76470588235294,-2.3427866831072675,False,103.59897172236505,1.410939133031408,,74.34,,,,,19030348000.0,,,0,14657314.7192,6729480768.8,1.0,1.5,PASS,False,0.4444444444444444,,74.34,1.0,0.0,DATA-INC,19.844,3.9802,,,99.46392506573181,0.0,0.0,7.92,8.11,False,0,88.65979381443299,CHASE,0.9992354740061162,1,1,75.0,393,101.83465760510975,True,30.04926108374384,突破型|OVERHEAT,0.001054573194305625,True,True,独立池,0.0,0.0,20.84077185628365,68.26609251558662,1.0,0.0,68.27,Tier2
002099.SZ,002099,海翔药业,20061226,,主板,L,193695050.3,-20.253164556962034,未知,未知,,,5.67,,,1.8575,1.2506,917811.5485,915909.3258,178363986.8,False,0,0,False,False,7.65,5.6,-7.954545454545459,-31.355932203389823,-25.882352941176478,False,-20.253164556962034,1.410939133031408,-763.81,59.85,-43244768.17,-163.5185,,,-155567200.14000002,-208.0406,0.53,0,917811.5485,178363986.8,1.0,1.5,PASS,False,0.4444444444444444,-763.81,59.85,1.0,-764.81,ESP-Q,,1.8575,0.53,,99.46392506573181,0.0,0.0,5.67,7.65,False,0,84.42153493699885,,0.01529051987767584,0,0,5.0,393,-22.01747867421733,False,-7.954545454545459,,-0.03013147102938536,False,False,独立池,-764.81,0.0,9.66677014560843,29.75981451022134,0.7,0.0,20.83,Other
002097.SZ,002097,山河智能,20061222,,主板,L,181359035.2,-3.1936127744511045,未知,未知,,,9.7,123.854,149.2019,2.2255,1.7925,1042378.7461,1040450.4162,247022969.60000002,True,0,0,False,False,10.46,9.65,-5.733722060252666,-17.164816396242543,-7.2657743785851,False,-3.1936127744511045,1.410939133031408,-362.45,-88.18,-23375924.03,-128.7135,,,-361179769.78999996,-5280.2688,0.3883,0,1042378.7461,247022969.60000002,1.0,1.5,PASS,False,0.4444444444444444,-362.45,-88.18,1.0,-363.45,ESP-Q,123.854,2.2255,0.3883,,99.46392506573181,0.0,0.0,9.7,10.46,False,0,72.39404352806415,,0.3379204892966361,0,0,5.0,393,-4.957926891706399,False,-5.733722060252666,,-0.012062560976103424,False,False,独立池,-363.45,0.0,15.530706713640496,27.32435440114734,0.7,0.0,19.13,Other
601333.SH,601333,广深铁路,20061222,,主板,L,192667037.70000002,0.3278688524590345,未知,未知,,,3.06,15.2025,14.1005,0.7491,1.1412,2167562.322,1729584.522,233334113.6,True,0,0,False,False,3.27,2.99,-2.547770700636942,-1.9230769230769273,-6.422018348623848,False,0.3278688524590345,1.410939133031408,37.16,3.85,570846183.0,98.4864,,,3794815706.0,-4.6681,2.0256,0,2167562.322,233334113.6,1.0,1.5,PASS,False,0.4444444444444444,37.16,3.85,1.0,37.16,ESP-Q,15.2025,0.7491,2.0256,0.4091092572658773,99.46392506573181,0.0,0.0,3.06,3.27,False,0,73.25315005727376,,0.4602446483180428,0,0,5.0,393,-1.43644526479626,False,-2.547770700636942,,0.032836390701728106,False,False,独立池,37.16,0.0,21.38368565653298,28.752682148488724,0.7,0.0,20.13,Other
002104.SZ,002104,恒宝股份,20070110,,主板,L,383155872.7,-10.826771653543311,未知,未知,,,13.59,163.8746,690.6529,4.5106,3.7583,962647.8593,814994.4499,300790493.4,False,0,0,False,False,15.65,13.54,-8.113590263691684,-25.778263244128887,-13.162939297124598,False,-10.826771653543311,1.410939133031408,-240.31,-42.55,-27665271.05,,,,52408237.56999999,,-0.972,0,962647.8593,300790493.4,1.0,1.5,PASS,False,0.4444444444444444,-240.31,-42.55,1.0,-241.31,,163.8746,4.5106,-0.972,,99.46392506573181,0.0,0.0,13.59,15.65,True,0,73.25315005727376,,0.10091743119266056,0,0,5.0,393,-12.591085770798605,False,-8.113590263691684,,-0.04420954119229164,False,False,独立池,-241.31,0.0,17.315192493039135,27.938983515789953,1.0,0.0,27.94,Other
002108.SZ,002108,沧州明珠,20070124,,主板,L,1012695418.65,15.44715447154472,未知,未知,,,5.68,60.9718,62.636,1.8581,8.8747,936403.781,935778.981,1016758827.1999999,False,2,1,False,False,6.44,4.91,-11.801242236024855,14.28571428571428,-11.801242236024855,False,15.44715447154472,1.410939133031408,4.58,33.19,38468763.57,86.995,,,364957579.08000004,-274.9159,0.8792,0,936403.781,1016758827.1999999,1.0,1.5,PASS,False,0.4444444444444444,4.58,33.19,1.0,4.58,ESP-Q,60.9718,1.8581,0.8792,13.312620087336244,99.46392506573181,0.0,0.0,5.68,6.44,False,0,73.25315005727376,CHASE,0.8012232415902141,1,1,75.0,393,13.682840354289427,True,-11.801242236024855,,-0.013531497793518081,True,False,独立池,4.58,0.0,20.907686420469386,63.657482301276005,0.7,0.0,44.56,Other
601002.SH,601002,晋亿实业,20070126,,主板,L,266394035.05,-8.180300500834726,未知,未知,,,5.5,21.6726,20.4524,1.2164,2.6078,524942.396,524942.396,174002712.60000002,False,0,0,False,False,6.81,5.47,-8.637873754152814,-3.508771929824561,-19.236417033773854,False,-8.180300500834726,1.410939133031408,24.23,79.81,71060154.27,98.6837,,,579592081.3,319.7961,1.6513,0,524942.396,174002712.60000002,1.0,1.5,PASS,False,0.4444444444444444,24.23,79.81,1.0,24.23,,21.6726,1.2164,1.6513,0.894453157243087,99.46392506573181,0.0,0.0,5.5,6.81,True,0,77.54868270332189,,0.1628440366972477,0,0,5.0,393,-9.94461461809002,False,-8.637873754152814,,-0.006230420562439546,False,False,独立池,24.23,0.0,21.194776199126526,30.00356005082187,1.0,0.0,30.0,Other
601628.SH,601628,中国人寿,20070109,,主板,L,1201185304.6,-6.20689655172415,未知,未知,,,35.36,6.4866,6.9031,1.6706,0.1463,99943996.88,73632002.08,1703616759.6,True,0,0,False,False,38.71,35.12,-6.824769433465095,-27.792526036348786,-8.654094549212088,False,-6.20689655172415,1.410939133031408,-32.3,44.0,19534000000.0,100.1487,,,382773000000.0,898.2642,3.2686,0,99943996.88,1703616759.6,1.0,1.5,PASS,False,0.4444444444444444,-32.3,44.0,1.0,-33.3,,6.4866,1.6706,3.2686,,99.46392506573181,10.0,0.0,35.36,38.71,False,0,73.25315005727376,,0.2301223241590214,0,0,5.0,393,-7.971210668979445,False,-6.824769433465095,,0.0018760381296084475,False,False,独立池,-33.3,0.0,20.35425330008605,28.546795677199338,1.0,0.0,38.55,Other
002107.SZ,002107,沃华医药,20070124,,主板,L,232889816.1,-10.31446540880504,未知,未知,,,7.13,42.9974,37.5831,6.0863,3.9889,411550.4448,407403.9334,143340110.0,True,0,0,False,False,8.47,7.07,-3.387533875338755,-2.060439560439564,-15.820543093270379,False,-10.31446540880504,1.410939133031408,62.05,168.2,35743706.1,97.5305,,,231856965.54999998,155.421,5.2355,0,411550.4448,143340110.0,1.0,1.5,PASS,False,0.4444444444444444,62.05,168.2,1.0,62.05,,42.9974,6.0863,5.2355,0.6929476228847704,99.46392506573181,0.0,0.0,7.13,8.47,True,0,68.38487972508591,,0.10932721712538226,0,0,5.0,393,-12.078779526060334,False,-3.387533875338755,,-0.027970119459235786,False,False,独立池,62.05,0.0,21.74733270949869,27.36493045942551,1.0,0.0,27.36,Other
002121.SZ,002121,科陆电子,20070306,,主板,L,240881955.9,-11.741935483870968,未知,未知,,,6.84,,,32.1151,3.4023,1139293.3058,960840.7605,244460524.39999995,True,0,0,False,False,8.04,6.51,-4.3356643356643465,-20.649651972157766,-14.925373134328346,False,-11.741935483870968,1.410939133031408,-208.31,66.26,-42012336.94,,,,109834521.56,,-11.3555,0,1139293.3058,244460524.39999995,1.0,1.5,PASS,False,0.4444444444444444,-208.31,66.26,1.0,-209.31,,,32.1151,-11.3555,,99.46392506573181,0.0,0.0,6.84,8.04,False,0,80.41237113402062,,0.07951070336391437,0,0,5.0,393,-13.506249601126262,False,-4.3356643356643465,,-0.030070255518979322,False,False,独立池,-209.31,0.0,17.782717832328117,30.18025490667181,1.0,0.0,30.18,Other
002120.SZ,002120,韵达股份,20070306,,主板,L,492091501.55,8.695652173913038,未知,未知,,,7.5,18.5617,16.259,1.0218,1.3388,2174400.9945,2111347.4348,294707018.2,True,1,0,False,False,8.34,6.78,-5.1833122629582835,7.604017216642767,-10.07194244604317,False,8.695652173913038,1.410939133031408,47.72,-30.35,455691941.13,93.5668,,,2707377292.13,91.5958,2.2795,0,2174400.9945,294707018.2,1.0,1.5,PASS,False,0.4444444444444444,47.72,-30.35,1.0,47.72,ESP-Q,18.5617,1.0218,2.2795,0.3889710813076278,99.46392506573181,0.0,0.0,7.5,8.34,True,0,88.31615120274914,,0.6773700305810397,0,1,55.0,393,6.931338056657744,True,-5.1833122629582835,,-0.03199336534342716,False,False,独立池,47.72,0.0,21.537969018498345,58.30243916452441,0.7,0.0,40.81,Other
601166.SH,601166,兴业银行,20070205,,主板,L,1729292394.4999998,-5.508021390374318,未知,未知,,,17.67,4.8271,4.8248,0.4492,0.4086,37394768.8367,37394768.8367,1619251564.7999997,True,0,0,False,False,18.79,17.58,-0.33840947546530664,-6.4088983050847315,-5.960617349654063,False,-5.508021390374318,1.410939133031408,0.09,0.38,23703000000.0,99.4587,,,206434000000.0,240.2206,2.6272,0,37394768.8367,1619251564.7999997,1.0,1.5,PASS,False,0.4444444444444444,0.09,0.38,1.0,-0.91,,4.8271,0.4492,2.6272,53.63444444444444,99.46392506573181,0.0,0.0,17.67,18.79,False,0,73.25315005727376,,0.2515290519877676,0,0,5.0,393,-7.272335507629613,False,-0.33840947546530664,,-0.004392504510154545,False,False,独立池,-0.91,0.0,20.827476604447618,28.64144033807165,1.0,0.0,28.64,Other
002124.SZ,002124,天邦食品,20070403,,主板,L,772955573.65,-5.414012738853502,未知,未知,,,2.97,,,3.9784,15.6957,659914.3481,585734.084,727577078.8000001,True,3,2,False,True,3.28,2.42,4.577464788732399,17.391304347826097,-9.451219512195108,False,-5.414012738853502,1.410939133031408,-911.11,-633.17,-828867117.8,,,,-1833199769.69,,-35.1569,0,659914.3481,727577078.8000001,1.0,1.5,PASS,False,0.4444444444444444,-911.11,-633.17,1.0,-912.11,,,3.9784,-35.1569,,99.46392506573181,0.0,0.0,2.97,3.28,False,0,73.25315005727376,,0.2591743119266055,0,0,5.0,393,-7.1783268561087965,False,4.577464788732399,突破型,0.05376016041846948,False,False,独立池,-912.11,0.0,7.51469256819383,25.978883530820895,1.0,0.0,25.98,Other
601318.SH,601318,中国平安,20070301,,主板,L,4779794279.549999,-5.4514480408858645,未知,未知,,,55.5,7.4565,7.5685,0.9869,1.1087,100497413.0723,59163361.2107,5548417755.000001,True,0,0,False,False,61.11,55.29,-7.65391014975042,-19.213973799126638,-9.180166912125676,False,-5.4514480408858645,1.410939133031408,-21.0,22.5,23912000000.0,95.5639,,,383313000000.0,372.5844,2.479,0,100497413.0723,5548417755.000001,1.0,1.5,PASS,False,0.4444444444444444,-21.0,22.5,1.0,-22.0,,7.4565,0.9869,2.479,,99.46392506573181,0.0,0.0,55.5,61.11,False,0,73.25315005727376,,0.2576452599388379,0,0,5.0,393,-7.215762158141159,False,-7.65391014975042,,-0.002469754561901027,False,False,独立池,-22.0,0.0,20.519348185522475,28.579814654286622,1.0,0.0,28.58,Other
002123.SZ,002123,梦网科技,20070328,,主板,L,176228022.54999995,-7.077856420626905,未知,未知,,,9.19,,,4.8642,2.1935,740183.3602,662168.9622,157767372.6,False,0,0,False,False,10.66,9.12,-7.171717171717185,-23.031825795644888,-13.78986866791745,False,-7.077856420626905,1.410939133031408,-3016.76,-1497.05,-44299182.63,,,,-390128854.37,,-2.8497,0,740183.3602,157767372.6,1.0,1.5,PASS,False,0.4444444444444444,-3016.76,-1497.05,1.0,-3017.76,,,4.8642,-2.8497,,99.46392506573181,0.0,0.0,9.19,10.66,False,0,90.60710194730814,,0.20030581039755352,0,0,5.0,393,-8.842170537882199,False,-7.171717171717185,,-0.047299894775453266,False,False,独立池,-1426.4568,0.0,0.0,29.68213058419244,1.0,0.0,29.68,Other
601007.SH,601007,金陵饭店,20070406,,主板,L,150822104.3,-10.012360939431398,未知,未知,,,7.28,44.7603,43.4705,1.7572,1.5116,283920.0,283920.0,63432469.599999994,False,0,0,False,False,9.08,7.25,-3.4482758620689613,-13.230035756853397,-19.823788546255507,False,-10.012360939431398,1.410939133031408,30.88,86.34,6816606.25,81.8522,,,121616621.3,854.4525,0.5168,0,283920.0,63432469.599999994,1.0,1.5,PASS,False,0.4444444444444444,30.88,86.34,1.0,30.88,,44.7603,1.7572,0.5168,1.449491580310881,99.46392506573181,0.0,0.0,7.28,9.08,True,0,71.93585337915235,,0.11926605504587157,0,0,5.0,393,-11.776675056686692,False,-3.4482758620689613,,0.001578687746945853,False,False,独立池,30.88,0.0,21.291933808697518,28.339142775485207,1.0,0.0,28.34,Other
002125.SZ,002125,湘潭电化,20070403,,主板,L,362888302.9000001,6.528189910979232,未知,未知,,,14.36,40.097,33.7976,2.6563,3.0497,903978.2742,903978.2742,316601478.1999999,False,0,0,False,False,16.12,13.44,-5.959397511460384,3.9073806078147477,-10.91811414392061,False,6.528189910979232,1.410939133031408,96.42,-15.51,89231584.38,99.8682,,,546942357.92,2.264,2.7104,0,903978.2742,316601478.1999999,1.0,1.5,PASS,False,0.4444444444444444,96.42,-15.51,1.0,96.42,ESP-Q,40.097,2.6563,2.7104,0.4158577058701514,99.46392506573181,0.0,0.0,14.36,16.12,False,0,81.09965635738831,,0.6337920489296636,0,1,40.0,393,4.763875793723937,False,-5.959397511460384,,-0.029801849637536456,False,False,独立池,96.42,0.0,22.249484144228767,48.779793736062246,0.7,0.0,34.15,Other
002130.SZ,002130,沃尔核材,20070420,,主板,L,1228763852.15,-10.75396825396826,未知,未知,,,22.49,27.5237,27.9911,3.4406,3.7764,3148346.6771,2579495.6192,1349460739.0,True,0,0,False,False,26.64,22.4,-4.297872340425535,-17.679355783308935,-15.578078078078084,False,-10.75396825396826,1.410939133031408,-8.2,36.92,221475754.12,95.7584,,,2648509033.93,15.8624,2.9562,0,3148346.6771,1349460739.0,1.0,1.5,PASS,False,0.4444444444444444,-8.2,36.92,1.0,-9.2,,27.5237,3.4406,2.9562,,99.46392506573181,0.0,0.0,22.49,26.64,False,0,88.65979381443299,,0.10397553516819572,0,0,5.0,393,-12.518282371223554,False,-4.297872340425535,,-0.03217107254011594,False,False,独立池,-9.2,0.0,20.706358321238067,33.23920980857751,1.0,0.0,33.24,Other
002129.SZ,002129,TCL中环,20070420,,主板,L,1110525503.25,13.248847926267281,未知,未知,,,9.83,,,1.9865,6.3231,3974382.8049,3971103.5434,2733244878.8,True,0,0,False,False,10.37,8.28,8.140814081408143,-15.839041095890405,-5.207328833172609,False,13.248847926267281,1.410939133031408,8.9,10.39,-1799737883.06,,,,-22076725727.96,,-7.8461,0,3974382.8049,2733244878.8,1.0,1.5,PASS,False,0.4444444444444444,8.9,10.39,1.0,8.9,,,1.9865,-7.8461,,99.46392506573181,0.0,0.0,9.83,10.37,False,0,92.78350515463917,,0.764525993883792,1,1,100.0,393,11.484533809011987,True,8.140814081408143,OVERHEAT,0.02112938003151265,False,True,独立池,8.9,0.0,20.970802341273398,82.02921201464643,1.0,0.0,82.03,Tier2
002127.SZ,002127,南极电商,20070418,,主板,L,183136426.29999998,15.412186379928317,未知,未知,,,3.22,,,2.0298,3.3159,790468.2698,642303.8138,310103394.8,True,1,0,False,False,3.34,2.74,0.31152647975078995,-0.9230769230769154,-3.59281437125748,False,15.412186379928317,1.410939133031408,261.2315,-15.5239,30293221.89,92.8244,,,-308033495.29999995,-1072.26,0.8416,0,790468.2698,310103394.8,1.0,1.5,PASS,False,0.4444444444444444,261.2315,-15.5239,1.0,261.2315,ESP-Q,,2.0298,0.8416,,99.46392506573181,0.0,0.0,3.22,3.34,False,0,73.25315005727376,CHASE,0.8004587155963303,1,1,100.0,393,13.647872262673022,True,0.31152647975078995,,0.029626309829153125,True,False,独立池,261.2315,0.0,24.657407658485834,76.9074265488793,0.7,0.0,53.84,Tier2
002131.SZ,002131,利欧股份,20070427,,主板,L,3396688969.1,-15.856777493606145,未知,未知,,,6.58,1320.4669,,3.4537,6.253,4455830.3866,3852457.3827,2454356979.7999997,False,0,0,False,False,8.45,6.36,-5.459770114942531,-24.193548387096776,-22.13017751479289,False,-15.856777493606145,1.410939133031408,-189.07,-75.47,-36306082.93,-116.1339,,,218221445.01999998,-941.1807,0.2434,0,4455830.3866,2454356979.7999997,1.0,1.5,PASS,False,0.4444444444444444,-189.07,-75.47,1.0,-190.07,ESP-Q,1320.4669,3.4537,0.2434,,99.46392506573181,0.0,0.0,6.58,8.45,True,0,73.25315005727376,,0.034403669724770644,0,0,5.0,393,-17.62109161086144,False,-5.459770114942531,,-0.06134965745691972,False,False,独立池,-190.07,0.0,18.06381744257562,28.08870850569725,0.7,0.0,19.66,Other
002132.SZ,002132,恒星科技,20070427,,主板,L,678499384.35,42.16867469879517,未知,未知,,,5.9,440.4498,118.5475,2.3394,13.7324,826911.3718,825519.9825,1008081122.1999998,False,1,1,False,False,6.37,4.13,4.982206405693956,52.4547803617571,-7.378335949764514,False,42.16867469879517,1.410939133031408,2314.6,-189.67,56035418.03,98.9163,,,34162099.7,98.79,1.6155,0,826911.3718,1008081122.1999998,1.0,1.5,PASS,False,0.4444444444444444,2314.6,-189.67,1.0,2314.6,ESP-Q,440.4498,2.3394,1.6155,0.1902919726950661,99.46392506573181,0.0,0.0,5.9,6.37,False,0,96.33447880870561,CHASE,0.9579510703363915,1,1,75.0,393,40.404360581539876,True,4.982206405693956,,0.022788623085867023,True,False,独立池,1995.8175999999994,0.0,50.0,76.40034364261169,0.7,0.0,53.48,Tier2
002134.SZ,002134,天津普林,20070516,,主板,L,372313823.24999994,34.81781376518218,未知,未知,,,29.97,1551.4529,466.3996,14.4229,5.2435,739209.7203,738730.2693,465824016.6,True,1,0,False,False,32.23,22.0,1.3870094722598036,27.69492969748615,-7.012100527458887,False,34.81781376518218,1.410939133031408,8501.72,-76.45,9746510.7,84.0839,,,37469201.519999996,37.5216,2.2904,1,739209.7203,465824016.6,1.0,1.5,PASS,False,0.4444444444444444,8501.72,-76.45,1.0,8501.72,ESP-Q,1551.4529,14.4229,2.2904,0.18248694381842734,99.46392506573181,0.0,0.0,29.97,32.23,False,10,85.2233676975945,CHASE,0.9403669724770642,1,1,100.0,393,33.053499647926884,True,1.3870094722598036,,-0.035920133696849744,True,False,独立池,1995.8175999999994,0.0,50.0,85.56701030927834,0.7,10.0,49.9,Other
002136.SZ,002136,安纳达,20070530,,主板,L,171738595.35,19.35742971887551,未知,未知,,,14.86,,,2.9338,4.8868,319519.72,318681.2594,159197546.6,False,1,1,False,False,15.86,12.4,-2.172481895984202,12.575757575757574,-6.305170239596469,False,19.35742971887551,1.410939133031408,156.18,-554.34,7006315.0,94.518,,,-152706194.09,-1573.4461,0.683,0,319519.72,159197546.6,1.0,1.5,PASS,False,0.4444444444444444,156.18,-554.34,1.0,156.18,ESP-Q,,2.9338,0.683,,99.46392506573181,0.0,0.0,14.86,15.86,False,0,84.65063001145475,CHASE,0.8386850152905199,1,1,75.0,393,17.593115601620212,True,-2.172481895984202,,-0.039393761989035755,True,False,独立池,156.18,0.0,23.122587715350942,67.51970654650661,0.7,0.0,47.26,Other
000338.SZ,000338,潍柴动力,20070430,,主板,L,3825093259.0500007,30.714285714285715,未知,未知,,,34.77,27.7142,26.7952,3.1765,2.1735,30293004.7028,17397145.2375,4000432346.8,True,1,1,False,False,35.85,26.15,3.6981807336713413,35.0815850815851,-3.0125523012552224,False,30.714285714285715,1.410939133031408,20.25,-8.22,2987911088.08,96.8383,,,25772628074.47,-56.9399,3.2727,0,30293004.7028,4000432346.8,1.0,1.5,PASS,False,0.4444444444444444,20.25,-8.22,1.0,20.25,ESP-Q,27.7142,3.1765,3.2727,1.3686024691358025,99.46392506573181,0.0,0.0,34.77,35.85,False,0,73.25315005727376,CHASE,0.9204892966360856,1,1,100.0,393,28.94997159703042,True,3.6981807336713413,,-0.002461836387795684,True,False,独立池,20.25,0.0,21.136627735052457,76.20327056419262,0.7,0.0,53.34,Tier2
002128.SZ,002128,电投能源,20070418,,主板,L,567561783.5500001,-7.535082367297141,未知,未知,,,30.31,12.5375,11.5919,1.7112,1.1623,6794209.2573,6794209.2573,579174123.4,False,0,0,False,False,34.23,30.01,-2.914798206278024,6.201822004204627,-11.451942740286292,False,-7.535082367297141,1.410939133031408,29.87,2.57,1982786830.86,99.0844,,,13964992210.46,84.1284,5.1374,0,6794209.2573,579174123.4,1.0,1.5,PASS,False,0.4444444444444444,29.87,2.57,1.0,29.87,,12.5375,1.7112,5.1374,0.4197355205892199,99.46392506573181,10.0,0.0,30.31,34.23,False,0,88.65979381443299,,0.1918960244648318,0,0,5.0,393,-9.299396484552435,False,-2.914798206278024,,-0.0015734819090328133,False,False,独立池,29.87,0.0,21.277177540176208,33.353373652365136,1.0,0.0,43.35,Other
601998.SH,601998,中信银行,20070427,,主板,L,403187797.75,-3.8004750593824244,未知,未知,,,8.1,6.3826,6.3298,0.6068,0.1046,45072581.4338,33018029.4225,396820840.4,False,0,0,False,False,8.6,8.08,-1.937046004842613,8.43373493975903,-5.813953488372093,False,-3.8004750593824244,1.410939133031408,3.52,2.58,20017000000.0,99.597,,,126171000000.0,798.8835,2.3976,0,45072581.4338,396820840.4,1.0,1.5,PASS,False,0.4444444444444444,3.52,2.58,1.0,3.52,,6.3826,0.6068,2.3976,1.8132386363636364,99.46392506573181,0.0,0.0,8.1,8.6,False,0,73.25315005727376,,0.3180428134556575,0,0,5.0,393,-5.564789176637719,False,-1.937046004842613,,-0.0004637105482519845,False,False,独立池,3.52,0.0,20.892199643605437,28.654384945903214,1.0,0.0,28.65,Other
002139.SZ,002139,拓邦股份,20070629,,主板,L,215895758.4,-10.985460420032322,未知,未知,,,11.02,37.7608,62.7756,1.9874,2.7379,1374012.1568,1180341.0114,238108137.00000003,True,0,0,False,False,12.55,10.65,-1.5192135835567444,-14.837712519319934,-12.191235059760963,False,-10.985460420032322,1.410939133031408,-75.76,-41.93,45302619.52,87.3066,,,1124222768.6399999,-736.0867,0.7422,0,1374012.1568,238108137.00000003,1.0,1.5,PASS,False,0.4444444444444444,-75.76,-41.93,1.0,-76.76,ESP-Q,37.7608,1.9874,0.7422,,99.46392506573181,0.0,0.0,11.02,12.55,False,0,88.31615120274914,,0.09862385321100918,0,0,5.0,393,-12.749774537287616,False,-1.5192135835567444,,-0.038521990952430654,False,False,独立池,-76.76,0.0,19.7192954486642,32.93870445055758,0.7,0.0,23.06,Other
601328.SH,601328,交通银行,20070515,,主板,L,973424350.4000001,-3.0303030303030276,未知,未知,,,6.72,6.2099,6.159,0.51,0.6111,59380462.9979,17520679.3904,1062894600.4000001,True,0,0,False,False,7.11,6.65,0.7496251874062887,-0.29673590504452063,-5.485232067510559,False,-3.0303030303030276,1.410939133031408,3.22,2.76,26098000000.0,99.7554,,,236854000000.0,398.5989,2.044,0,59380462.9979,1062894600.4000001,1.0,1.5,PASS,False,0.4444444444444444,3.22,2.76,1.0,3.22,,6.2099,0.51,2.044,1.9285403726708075,99.46392506573181,0.0,0.0,6.72,7.11,False,0,73.25315005727376,,0.34480122324159024,0,0,5.0,393,-4.794617147558322,False,0.7496251874062887,,-0.01287488936931911,False,False,独立池,3.22,0.0,20.8878165935496,28.65350833589205,1.0,0.0,28.65,Other
601600.SH,601600,中国铝业,20070430,,主板,L,2792756459.9,-11.138211382113827,未知,未知,,,10.93,14.7945,12.7871,2.325,2.5491,18750383.6604,14398488.1319,2919368293.2000003,False,0,0,False,False,12.8,10.84,-7.2156196943972795,-16.24521072796935,-14.609375000000002,False,-11.138211382113827,1.410939133031408,55.81,4.1,5362232000.0,97.0146,,,35483634000.0,91.4346,7.1058,0,18750383.6604,2919368293.2000003,1.0,1.5,PASS,False,0.4444444444444444,55.81,4.1,1.0,55.81,,14.7945,2.325,7.1058,0.26508690198889084,99.46392506573181,10.0,0.0,10.93,12.8,False,0,73.25315005727376,,0.0963302752293578,0,0,5.0,393,-12.902525499369121,False,-7.2156196943972795,,0.0042217763487456235,False,False,独立池,55.81,0.0,21.65616526833734,28.807178070849595,1.0,0.0,38.81,Other
002138.SZ,002138,顺络电子,20070613,,主板,L,1037078218.3500001,-0.22402688322598063,未知,未知,,,35.63,28.1378,29.7481,5.0272,3.8746,2872912.2953,2695408.5986,1205272381.8000002,True,0,0,False,False,38.52,33.34,-4.502814258911814,-6.87401986408781,-7.502596053997923,False,-0.22402688322598063,1.410939133031408,-24.19,25.23,166933684.74,93.8452,,,2340597372.11,42.1728,2.7089,0,2872912.2953,1205272381.8000002,1.0,1.5,PASS,False,0.4444444444444444,-24.19,25.23,1.0,-25.19,,28.1378,5.0272,2.7089,,99.46392506573181,0.0,0.0,35.63,38.52,False,0,73.25315005727376,,0.43654434250764523,0,0,5.0,393,-1.9883410004812752,False,-4.502814258911814,,0.0026648830809108607,False,False,独立池,-25.19,0.0,20.472741753262103,28.570493367834548,1.0,0.0,28.57,Other
002170.SZ,002170,芭田股份,20070919,,主板,L,376329831.0,-5.501858736059473,未知,未知,,,12.71,13.5303,12.1583,3.5278,2.7168,1233317.0196,1000441.6263,285630906.0,False,0,0,False,False,14.22,12.6,-6.818181818181812,-2.9029793735676046,-10.618846694796058,False,-5.501858736059473,1.410939133031408,60.06,124.0,273129070.25,99.8501,,,2319007699.83,106.7407,7.0074,0,1233317.0196,285630906.0,1.0,1.5,PASS,False,0.4444444444444444,60.06,124.0,1.0,60.06,,13.5303,3.5278,7.0074,0.2252797202797203,99.46392506573181,10.0,0.0,12.71,14.22,True,0,84.65063001145475,,0.2530581039755352,0,0,5.0,393,-7.266172853314767,False,-6.818181818181812,,-0.03716726596571777,False,False,独立池,60.06,0.0,21.718258477461656,32.238840698928755,1.0,0.0,42.24,Other
601919.SH,601919,中远海控,20070626,,主板,L,1231674999.45,-6.034482758620685,未知,未知,,,14.17,7.0293,8.6617,0.9206,0.8035,21698123.6534,17792192.2019,1432475945.8000002,True,0,0,False,False,15.25,13.93,0.8540925266903754,-2.3432115782219154,-7.081967213114759,False,-6.034482758620685,1.410939133031408,-49.66,-37.31,5860336405.33,99.7175,,,81017877849.23001,138.1203,2.5118,0,21698123.6534,1432475945.8000002,1.0,1.5,PASS,False,0.4444444444444444,-49.66,-37.31,1.0,-50.66,,7.0293,0.9206,2.5118,,99.46392506573181,0.0,0.0,14.17,15.25,False,0,73.25315005727376,,0.23700305810397554,0,0,5.0,393,-7.798796875875979,False,0.8540925266903754,,-0.010089056015837872,False,False,独立池,-50.66,0.0,20.100620803521778,28.496069177886483,1.0,0.0,28.5,Other
002142.SZ,002142,宁波银行,20070719,,主板,L,850092910.0499998,1.0152284263959421,未知,未知,,,31.84,7.168,6.986,0.9044,0.3187,21025833.0817,21012623.7769,716650161.9999999,True,0,0,False,False,33.88,30.86,-2.5703794369644983,-2.361238883777983,-6.021251475796941,False,1.0152284263959421,1.410939133031408,10.16,7.81,8188000000.0,100.0856,,,74882000000.0,671.2106,3.2423,0,21025833.0817,716650161.9999999,1.0,1.5,PASS,False,0.4444444444444444,10.16,7.81,1.0,10.16,,7.168,0.9044,3.2423,0.705511811023622,99.46392506573181,10.0,0.0,31.84,33.88,False,0,77.20504009163804,,0.4831804281345566,0,0,5.0,393,-0.7490856908593524,False,-2.5703794369644983,,-0.02744082311292338,False,False,独立池,10.16,0.0,20.989211151507902,29.859354257792994,1.0,0.0,39.86,Other
002150.SZ,002150,正泰电源,20070810,,主板,L,553402807.6499999,-6.36420919974795,未知,未知,,,29.72,38.1199,38.5676,4.9577,9.1112,1072502.0825,1065595.6746,580218050.5999999,True,0,0,False,False,32.81,26.7,1.6763599042080024,11.019798281658577,-9.417860408412082,False,-6.36420919974795,1.410939133031408,-28.54,53.56,12310716.67,81.8063,,,482766271.44,-185.5976,0.6938,0,1072502.0825,580218050.5999999,1.0,1.5,PASS,False,0.4444444444444444,-28.54,53.56,1.0,-29.54,ESP-Q,38.1199,4.9577,0.6938,,99.46392506573181,0.0,0.0,29.72,32.81,False,0,78.12142038946163,,0.22553516819571864,0,0,5.0,393,-8.128523317003244,False,1.6763599042080024,,0.014372441780679554,False,False,独立池,-29.54,0.0,20.409187527452506,30.01826362232899,0.7,0.0,21.01,Other
002152.SZ,002152,广电运通,20070813,,主板,L,268668440.9,-4.690117252931314,未知,未知,,,11.38,32.8289,33.3855,2.2228,1.2097,2826089.7379,2824668.1654,329835075.2,False,0,0,False,False,12.41,11.28,-6.028075970272495,-12.123552123552116,-8.29975825946817,False,-4.690117252931314,1.410939133031408,-1.43,4.25,206792510.16,91.3849,,,1908830308.8,-396.5667,1.7961,0,2826089.7379,329835075.2,1.0,1.5,PASS,False,0.4444444444444444,-1.43,4.25,1.0,-2.4299999999999997,ESP-Q,32.8289,2.2228,1.7961,,99.46392506573181,0.0,0.0,11.38,12.41,False,0,72.16494845360825,,0.2798165137614679,0,0,5.0,393,-6.454431370186608,False,-6.028075970272495,,-0.019940539984980382,False,False,独立池,-2.4299999999999997,0.0,20.80526915083139,28.31053836624875,0.7,0.0,19.82,Other
002157.SZ,002157,正邦科技,20070817,,主板,L,1166402243.8,-3.4285714285714364,未知,未知,,,3.38,,,2.9931,3.9502,3126554.9551,2632160.1571,1110477837.8000002,True,0,0,False,False,3.68,3.07,-3.9772727272727293,5.956112852664575,-8.15217391304348,False,-3.4285714285714364,1.410939133031408,-1400.43,-79.1,-342926367.41,,,,-1067201544.6200001,,-3.8844,0,3126554.9551,1110477837.8000002,1.0,1.5,PASS,False,0.4444444444444444,-1400.43,-79.1,1.0,-1401.43,,,2.9931,-3.8844,,99.46392506573181,0.0,0.0,3.38,3.68,False,0,73.25315005727376,,0.33256880733944955,0,0,5.0,393,-5.192885545826731,False,-3.9772727272727293,,-0.010150531142966969,False,False,独立池,-1401.43,0.0,0.36564572379117044,24.54907416194036,1.0,0.0,24.55,Other
002155.SZ,002155,湖南黄金,20070816,,主板,L,1618741484.4499998,-9.80123372172721,未知,未知,,,26.32,27.6405,23.486,4.7209,4.1548,4112898.2637,4112528.7072,1571032158.2,False,0,0,False,False,31.5,26.07,-11.76667784109956,-25.67071448743292,-16.44444444444444,False,-9.80123372172721,1.410939133031408,82.6,75.52,593866044.97,99.7178,,,2777739288.6,30.2515,7.0777,0,4112898.2637,1571032158.2,1.0,1.5,PASS,False,0.4444444444444444,82.6,75.52,1.0,82.6,,27.6405,4.7209,7.0777,0.3346307506053269,99.46392506573181,0.0,0.0,26.32,31.5,False,0,72.16494845360825,,0.12614678899082568,0,0,5.0,393,-11.565547838982503,False,-11.76667784109956,,-0.04958769240225044,False,False,独立池,82.6,0.0,22.047571638323333,28.55899886374714,1.0,0.0,28.56,Other
002145.SZ,002145,钛能化学,20070803,,主板,L,232068583.05,-0.6564551422319487,未知,未知,,,4.54,48.4346,52.9142,1.4253,1.3646,1728229.1711,1728139.3131,262365120.80000004,False,0,0,False,False,4.82,4.47,-3.6093418259023347,-11.154598825831707,-5.809128630705396,False,-0.6564551422319487,1.410939133031408,-25.58,-29.19,77311297.55,74.4194,,,880180703.93,13.0723,0.8606,0,1728229.1711,262365120.80000004,1.0,1.5,PASS,False,0.4444444444444444,-25.58,-29.19,1.0,-26.58,ESP-Q,48.4346,1.4253,0.8606,,99.46392506573181,0.0,0.0,4.54,4.82,False,0,73.25315005727376,,0.42507645259938837,0,0,5.0,393,-2.420769259487243,False,-3.6093418259023347,,-0.02989730836522496,False,False,独立池,-26.58,0.0,20.452433621336738,28.566431741449474,0.7,0.0,20.0,Other
002158.SZ,002158,汉钟精机,20070817,,主板,L,393537661.90000004,35.10204081632653,未知,未知,,,33.1,37.7595,37.4493,3.9676,3.8746,1769936.9001,1766106.1874,622591765.6000001,True,2,2,False,False,34.87,24.4,-0.6006006006005871,25.189107413010593,-5.0759965586463895,False,35.10204081632653,1.410939133031408,-1.84,-47.47,108799470.85,89.4859,,,788083469.3,42.6307,2.7527,0,1769936.9001,622591765.6000001,1.0,1.5,PASS,False,0.4444444444444444,-1.84,-47.47,1.0,-2.84,,37.7595,3.9676,2.7527,,99.46392506573181,0.0,0.0,33.1,34.87,False,0,92.78350515463917,CHASE,0.941131498470948,1,1,100.0,393,33.33772669907123,True,-0.6006006006005871,,0.008451236167982695,True,False,独立池,-2.84,0.0,20.799278982421754,81.9949073428761,1.0,0.0,81.99,Tier2
002161.SZ,002161,远望谷,20070821,,主板,L,169426355.6,-8.425414364640893,未知,未知,,,6.63,318.5771,3757.1591,3.2246,2.7058,490459.1562,490360.9991,157407631.20000002,False,0,0,False,False,7.59,6.38,-8.803301237964234,-25.169300225733625,-12.648221343873523,False,-8.425414364640893,1.410939133031408,-18.48,33.91,-20928618.98,,,,-110065154.56,,-2.4852,1,490459.1562,157407631.20000002,1.0,1.5,PASS,False,0.4444444444444444,-18.48,33.91,1.0,-19.48,,318.5771,3.2246,-2.4852,,99.46392506573181,0.0,0.0,6.63,7.59,False,10,77.09049255441009,,0.15825688073394495,0,0,5.0,393,-10.189728481896188,False,-8.803301237964234,,-0.022195106502751732,False,False,独立池,-19.48,0.0,20.55616580599148,29.738380927521323,1.0,10.0,19.74,Other
002254.SZ,002254,泰和新材,20080625,,主板,L,471840267.0499999,40.95427435387673,未知,未知,,,14.18,293.093,265.9054,1.7177,15.064,1215307.0855,1206216.1811,1055126236.8000001,False,2,2,False,False,15.03,9.98,17.871986699916874,14.262691377921023,-5.655355954757146,False,40.95427435387673,1.410939133031408,-261.34,-9992.99,-2796482.7,-17.7081,,,-148416728.2,-359.8579,0.2235,0,1215307.0855,1055126236.8000001,1.0,1.5,PASS,False,0.4444444444444444,-261.34,-9992.99,1.0,-262.34,ESP-Q,293.093,1.7177,0.2235,,99.46392506573181,0.0,0.0,14.18,15.03,False,0,77.54868270332189,CHASE,0.9548929663608563,1,1,75.0,393,39.18996023662143,True,17.871986699916874,OVERHEAT,0.028365951736732474,True,True,独立池,-262.34,0.0,17.00794068412516,64.1661929478216,0.7,0.0,44.92,Other
002154.SZ,002154,报喜鸟,20070816,,主板,L,220111149.70000002,26.388888888888886,未知,未知,,,4.55,19.4294,16.2643,1.3617,3.7765,663996.8467,536796.8642,239014944.39999998,True,1,0,False,False,4.7,3.59,0.8869179600886845,10.97560975609757,-3.191489361702138,False,26.388888888888886,1.410939133031408,5.71,-36.76,172831344.99,72.9543,,,791018789.36,61.5403,4.9794,0,663996.8467,239014944.39999998,1.0,1.5,PASS,False,0.4444444444444444,5.71,-36.76,1.0,5.71,ESP-Q,19.4294,1.3617,4.9794,3.4026970227670756,99.46392506573181,10.0,0.0,4.55,4.7,False,0,84.65063001145475,CHASE,0.8967889908256881,1,1,100.0,393,24.62457477163359,True,0.8869179600886845,,-0.027351932674328457,True,False,独立池,5.71,0.0,20.924195909013026,79.58002818523903,0.7,0.0,65.71,Tier2
002164.SZ,002164,宁波东力,20070823,,主板,L,209365946.35000002,11.206225680933857,未知,未知,,,14.29,38.8184,37.6783,4.7831,13.5651,760476.2016,685598.6793,375780427.40000004,True,0,0,False,False,14.32,12.3,3.47574221578566,1.275690999291279,-0.20949720670392358,False,11.206225680933857,1.410939133031408,27.83,46.76,19538170.13,89.7213,,,166812087.95,-215.5432,1.3783,0,760476.2016,375780427.40000004,1.0,1.5,PASS,False,0.4444444444444444,27.83,46.76,1.0,27.83,ESP-Q,38.8184,4.7831,1.3783,1.3948401006108515,99.46392506573181,0.0,0.0,14.29,14.32,False,0,88.65979381443299,,0.731651376146789,1,1,100.0,393,9.441911563678563,True,3.47574221578566,,0.040954288119793805,False,False,独立池,27.83,0.0,21.247372799796533,80.8474127042892,0.7,0.0,56.59,Tier2
002169.SZ,002169,智光电气,20070919,,主板,L,439689259.65000004,-5.3020134228187965,未知,未知,,,14.11,81.4944,56.5344,3.9499,4.4449,1104395.4766,1070488.9674,500024633.8000001,True,0,0,False,False,15.55,12.54,4.829123328380369,7.709923664122131,-9.260450160771716,False,-5.3020134228187965,1.410939133031408,161.6,49.72,22068277.86,96.8095,,,-239819450.69,-1010.5377,0.8081,0,1104395.4766,500024633.8000001,1.0,1.5,PASS,False,0.4444444444444444,161.6,49.72,1.0,161.6,ESP-Q,81.4944,3.9499,0.8081,0.5042970297029703,99.46392506573181,0.0,0.0,14.11,15.55,False,0,73.25315005727376,,0.26376146788990823,0,0,5.0,393,-7.0663275400740915,False,4.829123328380369,,0.007402534906978404,False,False,独立池,161.6,0.0,23.20177481969301,29.11629998112073,0.7,0.0,20.38,Other
002171.SZ,002171,楚江新材,20070921,,主板,L,463115794.05,4.895104895104896,未知,未知,,,12.0,50.8226,49.7306,2.1866,4.7499,1947525.4464,1936489.764,725187805.2,True,0,0,False,False,12.7,11.19,0.7556675062972307,-6.687402799377917,-5.5118110236220375,False,4.895104895104896,1.410939133031408,9.55,67.5,140530093.35,100.2618,,,1032449638.05,-1105.174,1.5916,0,1947525.4464,725187805.2,1.0,1.5,PASS,False,0.4444444444444444,9.55,67.5,1.0,9.55,ESP-Q,50.8226,2.1866,1.5916,5.321738219895288,99.46392506573181,0.0,0.0,12.0,12.7,False,0,73.25315005727376,,0.5948012232415902,0,1,55.0,393,3.1307907778496014,False,0.7556675062972307,,-0.014292987081512026,False,False,独立池,9.55,0.0,20.980298949727704,53.672004807127664,0.7,0.0,37.57,Other
002165.SZ,002165,红宝丽,20070913,,主板,L,529958023.5500001,1.1422637590861928,未知,未知,,,9.74,413.091,,3.5818,33.1862,716152.8212,708667.0069,953693959.8000001,True,1,1,False,False,10.23,8.43,8.705357142857139,-28.38235294117647,-4.789833822091893,False,1.1422637590861928,1.410939133031408,-2654.08,-130.99,-33604470.03,,,,-44131461.58,,-1.1933,0,716152.8212,953693959.8000001,1.0,1.5,PASS,False,0.4444444444444444,-2654.08,-130.99,1.0,-2655.08,,413.091,3.5818,-1.1933,,99.46392506573181,0.0,10.0,9.74,10.23,False,0,91.75257731958763,,0.4877675840978593,0,0,5.0,393,-0.6220503581691017,False,8.705357142857139,OVERHEAT,0.025715157632227363,False,True,独立池,-1426.4568,0.0,0.0,30.025773195876287,1.0,10.0,20.03,Other
002192.SZ,002192,融捷股份,20071205,,主板,L,3253273089.4000006,21.7587672688629,未知,未知,,,91.66,85.3766,44.3448,6.1419,11.0526,2379999.5907,2375072.6365,3244083664.1999993,True,3,2,False,True,115.0,74.62,-10.198883119427837,76.4728532922603,-20.295652173913048,False,21.7587672688629,1.410939133031408,1947.36,34.55,288335524.17,103.7282,,,742072665.44,-32.3678,7.5067,0,2379999.5907,3244083664.1999993,1.0,1.5,PASS,False,0.4444444444444444,1947.36,34.55,1.0,1947.36,ESP-Q,85.3766,6.1419,7.5067,0.043842227425848326,99.46392506573181,0.0,0.0,91.66,115.0,False,0,54.86827033218786,,0.8669724770642202,1,1,100.0,393,19.994453151607605,True,-10.198883119427837,突破型,-0.012251508951529324,True,False,独立池,1947.36,0.0,49.292026378714695,76.3188863753993,0.7,0.0,53.42,Tier2
002174.SZ,002174,游族网络,20070925,,主板,L,353731575.59999996,25.10460251046025,未知,未知,,,11.96,,,2.5823,7.6802,1171853.9165,1171193.8142,575454218.0000001,True,1,1,False,False,12.05,9.04,10.843373493975928,3.460207612456756,-0.7468879668049766,False,25.10460251046025,1.410939133031408,347.37,-68.61,46343531.25,44.6677,,,-220544080.57999998,-15.6337,2.3053,0,1171853.9165,575454218.0000001,1.0,1.5,PASS,False,0.4444444444444444,347.37,-68.61,1.0,347.37,ESP-Q,,2.5823,2.3053,,99.46392506573181,0.0,0.0,11.96,12.05,False,0,73.25315005727376,CHASE,0.8883792048929664,1,1,100.0,393,23.340288393204954,True,10.843373493975928,OVERHEAT,0.01825083496650697,True,True,独立池,347.37,0.0,25.915905515934085,77.15912612036894,0.7,0.0,54.01,Tier2
601169.SH,601169,北京银行,20070919,,主板,L,652807512.95,-4.387568555758669,未知,未知,,,5.23,5.5052,5.3909,0.3902,0.4642,11057780.7743,11057780.7743,512124027.79999995,False,0,0,False,False,5.52,5.22,-0.5703422053231821,-3.6832412523020164,-5.253623188405787,False,-4.387568555758669,1.410939133031408,5.69,-23.75,8112000000.0,100.1729,,,64371000000.0,670.8753,2.121,0,11057780.7743,512124027.79999995,1.0,1.5,PASS,False,0.4444444444444444,5.69,-23.75,1.0,5.69,ESP-Q,5.5052,0.3902,2.121,0.9675219683655536,99.46392506573181,0.0,0.0,5.23,5.52,True,0,73.25315005727376,,0.29510703363914376,0,0,5.0,393,-6.151882673013963,False,-0.5703422053231821,,0.009924509888747072,False,False,独立池,5.69,0.0,20.923903705675972,28.660725758317323,0.7,0.0,20.06,Other
002176.SZ,002176,江特电机,20071012,,主板,L,2917161524.8500004,23.39449541284402,未知,未知,,,13.45,,,7.7635,7.1613,2295007.9064,2291109.2612,2341436462.3999996,True,2,1,False,False,16.97,10.85,-12.148922273024176,45.72047670639219,-20.742486741308184,False,23.39449541284402,1.410939133031408,79.29,40.35,-11277354.45,,,,-727582891.14,,-6.0748,0,2295007.9064,2341436462.3999996,1.0,1.5,PASS,False,0.4444444444444444,79.29,40.35,1.0,79.29,,,7.7635,-6.0748,,99.46392506573181,0.0,0.0,13.45,16.97,False,0,99.0836197021764,CHASE,0.8753822629969419,1,1,100.0,393,21.630181295588724,True,-12.148922273024176,,-0.03852105797258723,True,False,独立池,79.29,0.0,21.99921198604063,84.12492830786104,1.0,0.0,84.12,Tier2
002179.SZ,002179,中航光电,20071101,,主板,L,1831865830.25,10.008363534987463,未知,未知,,,39.46,38.655,43.5188,3.3864,2.2927,8355369.1557,8272803.8014,3636890899.4000006,True,1,1,False,False,42.8,34.2,-2.831814823934986,13.390804597701166,-7.803738317757003,False,10.008363534987463,1.410939133031408,-38.95,-35.84,383654745.43,96.3251,,,5602594634.2,-464.4844,1.6276,0,8355369.1557,3636890899.4000006,1.0,1.5,PASS,False,0.4444444444444444,-38.95,-35.84,1.0,-39.95,ESP-Q,38.655,3.3864,1.6276,,99.46392506573181,0.0,0.0,39.46,42.8,False,0,73.25315005727376,,0.7087155963302753,1,1,100.0,393,8.24404941773217,True,-2.831814823934986,,0.0034728839691579748,False,False,独立池,-39.95,0.0,20.257095690515058,76.02736415528514,0.7,0.0,53.22,Tier2
002180.SZ,002180,奔图科技,20071113,,主板,L,347768229.05,1.0919540229885172,未知,未知,,,17.59,,,2.741,1.0954,2501085.0256,2392745.709,301705644.40000004,True,0,0,False,False,19.49,16.6,-6.585236325013266,-19.49656750572083,-9.748589020010257,False,1.0919540229885172,1.410939133031408,-59.12,-264.47,32733777.35,50.7138,,,-943607243.77,-137.199,0.7103,0,2501085.0256,301705644.40000004,1.0,1.5,PASS,False,0.4444444444444444,-59.12,-264.47,1.0,-60.12,ESP-Q,,2.741,0.7103,,99.46392506573181,0.0,0.0,17.59,19.49,False,0,92.78350515463917,,0.48547400611620795,0,0,5.0,393,-0.6723600942667773,False,-6.585236325013266,,-0.04715745296781814,False,False,独立池,-60.12,0.0,19.962408625094476,34.327533271410644,0.7,0.0,24.03,Other
601939.SH,601939,建设银行,20070925,,主板,L,852782745.7500001,3.8054968287526414,未知,未知,,,9.82,7.58,7.5148,0.7242,1.1261,256891574.5927,9420971.7691,856885866.0,True,0,0,False,False,10.0,9.3,2.2916666666666696,10.835214446952612,-1.8000000000000016,False,3.8054968287526414,1.410939133031408,3.47,1.03,86161000000.0,99.8493,,,843270000000.0,598.4124,2.3288,0,256891574.5927,856885866.0,1.0,1.5,PASS,False,0.4444444444444444,3.47,1.03,1.0,3.47,ESP-Q,7.58,0.7242,2.3288,2.184438040345821,99.46392506573181,0.0,0.0,9.82,10.0,False,0,73.25315005727376,,0.558868501529052,0,1,55.0,393,2.041182711497347,False,2.2916666666666696,,-0.0044738979188932645,False,False,独立池,3.47,0.0,20.8914691352628,53.65423884423468,0.7,0.0,37.56,Other
601808.SH,601808,中海油服,20070928,,主板,L,314563646.95,-7.9033311561071296,未知,未知,,,14.1,17.5127,17.6575,1.4161,0.5966,6727944.72,4174259.88,251135232.79999998,False,0,0,False,False,15.48,14.07,-2.219140083217752,-9.441233140655115,-8.914728682170548,False,-7.9033311561071296,1.410939133031408,-12.9,20.3,836200000.0,97.7223,,,9830200000.0,-195.1578,1.819,0,6727944.72,251135232.79999998,1.0,1.5,PASS,False,0.4444444444444444,-12.9,20.3,1.0,-13.9,ESP-Q,17.5127,1.4161,1.819,,99.46392506573181,0.0,0.0,14.1,15.48,True,0,73.25315005727376,,0.1743119266055046,0,0,5.0,393,-9.667645273362425,False,-2.219140083217752,,0.005366630559957684,False,False,独立池,-13.9,0.0,20.637690537029997,28.603483124588127,0.7,0.0,20.02,Other
002183.SZ,002183,怡亚通,20071113,,主板,L,1266033580.0999997,19.1029900332226,未知,未知,,,7.17,,,2.0546,10.2931,1862055.5182,1862044.7632,2168308721.3999996,True,2,2,False,False,7.93,5.52,-0.139275766016711,36.05313092979128,-9.583858764186626,False,19.1029900332226,1.410939133031408,-35.71,-563.05,12077209.0,71.8268,,,-442744671.0,898.9204,0.185,0,1862055.5182,2168308721.3999996,1.0,1.5,PASS,False,0.4444444444444444,-35.71,-563.05,1.0,-36.71,ESP-Q,,2.0546,0.185,,99.46392506573181,0.0,0.0,7.17,7.93,False,0,73.25315005727376,CHASE,0.8363914373088684,1,1,100.0,393,17.338675915967304,True,-0.139275766016711,,-0.002993369860204358,True,False,独立池,-36.71,0.0,20.30443263111807,76.03683154340574,0.7,0.0,53.23,Tier2
002185.SZ,002185,华天科技,20071120,,主板,L,2205426300.15,14.767255216693421,未知,未知,,,14.3,65.7521,57.2641,2.6073,7.802,4671743.7624,4670640.004,3625491399.8,True,0,0,False,False,14.88,12.34,-2.985074626865669,1.490418736692689,-3.897849462365588,False,14.767255216693421,1.410939133031408,113.77,499.77,11409181.13,13.1463,,,314362996.19,433.2181,0.4858,0,4671743.7624,3625491399.8,1.0,1.5,PASS,False,0.4444444444444444,113.77,499.77,1.0,113.77,ESP-Q,65.7521,2.6073,0.4858,0.577938823943043,99.46392506573181,0.0,0.0,14.3,14.88,False,0,92.78350515463917,,0.7882262996941896,1,1,100.0,393,13.002941099438127,True,-2.985074626865669,,0.0019428621562465164,False,False,独立池,113.77,0.0,22.50297053912451,82.33564565421665,0.7,0.0,57.63,Tier2
002182.SZ,002182,宝武镁业,20071113,,主板,L,359558011.3,-4.5482483097725845,未知,未知,,,15.53,,,2.9164,3.3035,1540252.2818,1344129.7542,379569975.2,False,0,0,False,False,16.89,15.09,-6.1064087061668655,-14.388092613009928,-8.052101835405567,False,-4.5482483097725845,1.410939133031408,-96.15,-138.92,865955.91,17.0159,,,78706637.31,39369.0937,0.0964,0,1540252.2818,379569975.2,1.0,1.5,PASS,False,0.4444444444444444,-96.15,-138.92,1.0,-97.15,ESP-Q,,2.9164,0.0964,,99.46392506573181,0.0,0.0,15.53,16.89,False,0,73.25315005727376,,0.286697247706422,0,0,5.0,393,-6.3125624270278795,False,-6.1064087061668655,,-0.03292064964991831,False,False,独立池,-97.15,0.0,19.421394146536,28.360223846489326,0.7,0.0,19.85,Other
601088.SH,601088,中国神华,20071009,,主板,L,1470630716.05,-0.283656993235859,未知,未知,,,45.7,18.7555,19.2217,1.979,0.2466,99120714.7693,75364043.4544,1398316679.6,True,0,0,False,False,48.7,44.53,1.1733451405800288,8.268182895048582,-6.160164271047231,False,-0.283656993235859,1.410939133031408,-8.5,-19.2,10712000000.0,100.4219,,,122317000000.0,104.3638,2.3971,0,99120714.7693,1398316679.6,1.0,1.5,PASS,False,0.4444444444444444,-8.5,-19.2,1.0,-9.5,,18.7555,1.979,2.3971,,99.46392506573181,0.0,0.0,45.7,48.7,False,0,73.25315005727376,,0.4334862385321101,0,0,5.0,393,-2.0479711104911535,False,1.1733451405800288,,0.029753660452983652,False,False,独立池,-9.5,0.0,20.70197527118223,28.616340071418573,1.0,0.0,28.62,Other
601857.SH,601857,中国石油,20071105,,主板,L,2085352550.2,-2.1258503401360596,未知,未知,,,11.51,13.3919,13.2633,1.2967,0.1443,210657145.4685,186372311.5685,2233445677.6,True,0,0,False,False,12.36,11.02,3.6003600360036137,7.069767441860453,-6.877022653721676,False,-2.1258503401360596,1.410939133031408,5.0,-6.7,49579000000.0,102.5801,,,422240000000.0,120.3768,3.0108,0,210657145.4685,2233445677.6,1.0,1.5,PASS,False,0.4444444444444444,5.0,-6.7,1.0,5.0,ESP-Q,13.3919,1.2967,3.0108,2.6783799999999998,99.46392506573181,10.0,0.0,11.51,12.36,False,0,75.71592210767469,,0.3662079510703364,0,0,5.0,393,-3.890164457391354,False,3.6003600360036137,,0.009018777698765332,False,False,独立池,5.0,0.0,20.91382269054755,29.397541170411916,0.7,0.0,30.58,Other
002196.SZ,002196,方正电机,20071212,,主板,L,507681778.05,8.321579689703796,未知,未知,,,15.36,362.5266,159.7617,5.3414,21.79,761659.2845,750198.3852,696792646.4,True,1,1,False,False,15.37,13.45,4.276985743380846,-7.190332326283999,-0.06506180871828082,False,8.321579689703796,1.410939133031408,155.12,158.54,9398410.83,80.8244,,,27561899.47,329.3512,0.8184,0,761659.2845,696792646.4,1.0,1.5,PASS,False,0.4444444444444444,155.12,158.54,1.0,155.12,|VAL-X,362.5266,5.3414,0.8184,2.337071944301186,99.46392506573181,0.0,15.0,15.36,15.37,False,0,99.0836197021764,,0.668960244648318,0,1,55.0,393,6.557265572448502,True,4.276985743380846,,0.043558439423240745,False,False,独立池,155.12,0.0,23.10710093848699,61.84650609835032,1.0,15.0,46.85,Other
002208.SZ,002208,合肥城建,20080128,,主板,L,795146364.6999999,69.19315403422985,未知,未知,,,20.76,,,2.8157,19.9873,1667633.9719,1667178.0263,1869317821.0,True,3,3,False,True,21.75,12.1,39.60995292535308,44.166666666666664,-4.551724137931023,False,69.19315403422985,1.410939133031408,-762.92,-458.82,-30268415.07,,,,-641031737.0400001,-41.6704,-0.4194,0,1667633.9719,1869317821.0,1.0,1.5,PASS,False,0.4444444444444444,-762.92,-458.82,1.0,-763.92,ESP-Q,,2.8157,-0.4194,,99.46392506573181,0.0,0.0,20.76,21.75,False,0,98.96907216494846,CHASE,0.9938837920489296,1,1,100.0,393,67.42883991697455,True,39.60995292535308,突破型|OVERHEAT,0.013443679540339705,True,True,独立池,-763.92,0.0,9.679773194107405,81.62667628830602,0.7,0.0,57.14,Tier2
601390.SH,601390,中国中铁,20071203,,主板,L,728422735.5500001,-5.482041587901698,未知,未知,,,5.0,5.392,5.8152,0.3839,0.7871,12343110.9645,10239415.9645,812421951.6,True,0,0,False,False,5.35,4.99,-3.100775193798455,-9.420289855072461,-6.542056074766345,False,-5.482041587901698,1.410939133031408,-29.91,-27.38,3892255000.0,89.2941,,,47026049000.0,-1329.7305,1.1696,0,12343110.9645,812421951.6,1.0,1.5,PASS,False,0.4444444444444444,-29.91,-27.38,1.0,-30.91,ESP-Q,5.392,0.3839,1.1696,,99.46392506573181,0.0,0.0,5.0,5.35,False,0,77.54868270332189,,0.25496941896024466,0,0,5.0,393,-7.246355705156992,False,-3.100775193798455,,0.007591572054709801,False,False,独立池,-30.91,0.0,20.389171598864195,29.842439130769407,0.7,0.0,20.89,Other
601918.SH,601918,新集能源,20071219,,主板,L,488483530.40000004,19.783197831978327,未知,未知,,,8.84,10.7207,10.6391,1.3111,2.1632,2290038.9512,2290038.9512,394525693.99999994,True,0,0,False,False,9.11,7.26,1.9607843137254832,24.331926863572416,-2.9637760702524663,False,19.783197831978327,1.410939133031408,2.38,-10.37,550455525.11,100.41,,,5107928444.940001,90.9822,3.1847,0,2290038.9512,394525693.99999994,1.0,1.5,PASS,False,0.4444444444444444,2.38,-10.37,1.0,2.38,ESP-Q,10.7207,1.3111,3.1847,4.504495798319328,99.46392506573181,10.0,0.0,8.84,9.11,False,0,73.25315005727376,CHASE,0.8432721712538226,1,1,100.0,393,18.01888371472303,True,1.9607843137254832,,0.008999160713695489,True,False,独立池,2.38,0.0,20.87554405339327,76.15105382786078,0.7,0.0,63.31,Tier2
002197.SZ,002197,证通电子,20071218,,主板,L,188118377.25000003,-0.5050505050505083,未知,未知,,,7.88,,,2.748,4.4732,484117.9873,420792.0095,200635244.20000002,True,0,0,False,False,8.76,7.31,-7.403055229142186,-12.444444444444446,-10.045662100456621,False,-0.5050505050505083,1.410939133031408,76.38,7.8,-1830013.65,-102.332,,,-407816753.51000005,320.1687,0.1016,0,484117.9873,200635244.20000002,1.0,1.5,PASS,False,0.4444444444444444,76.38,7.8,1.0,76.38,ESP-Q,,2.748,0.1016,,99.46392506573181,0.0,0.0,7.88,8.76,False,0,89.3470790378007,,0.42966360856269115,0,0,5.0,393,-2.269364622305803,False,-7.403055229142186,,-0.02737430100770921,False,False,独立池,76.38,0.0,21.95669640049904,33.69546299144002,0.7,0.0,23.59,Other
601866.SH,601866,中远海发,20071212,,主板,L,241879379.7,-5.415162454873645,未知,未知,,,2.62,21.4849,22.4225,1.111,1.5669,3457785.8248,2555019.7608,303069555.8,True,0,0,False,False,2.8,2.61,-2.9629629629629672,-1.872659176029956,-6.428571428571416,False,-5.415162454873645,1.410939133031408,-14.68,10.76,403218045.1,97.5937,,,4280819479.0199995,110.215,1.3346,0,3457785.8248,303069555.8,1.0,1.5,PASS,False,0.4444444444444444,-14.68,10.76,1.0,-15.68,,21.4849,1.111,1.3346,,99.46392506573181,0.0,0.0,2.62,2.8,False,0,73.25315005727376,,0.25840978593272174,0,0,5.0,393,-7.179476572128939,False,-2.9629629629629672,,0.0024737556931653387,False,False,独立池,-15.68,0.0,20.611684440032047,28.598281905188536,1.0,0.0,28.6,Other
002204.SZ,002204,大连重工,20080116,,主板,L,192260625.2,-6.3798219584569775,未知,未知,,,6.31,20.901,19.9102,1.5153,1.2534,1218694.4902,1218694.4902,200027189.2,False,0,0,False,False,6.98,6.29,-5.680119581464882,-14.149659863945574,-9.598853868194857,False,-6.3798219584569775,1.410939133031408,11.91,20.28,179915673.61,86.3092,,,1228152902.4,216.9781,2.6271,0,1218694.4902,200027189.2,1.0,1.5,PASS,False,0.4444444444444444,11.91,20.28,1.0,11.91,,20.901,1.5153,2.6271,1.754911838790932,99.46392506573181,0.0,0.0,6.31,6.98,False,0,88.65979381443299,,0.22477064220183487,0,0,5.0,393,-8.144136075712272,False,-5.680119581464882,,-0.01690510006113671,False,False,独立池,11.91,0.0,21.014778943500268,33.30089393302995,1.0,0.0,33.3,Other
601601.SH,601601,中国太保,20071225,,主板,L,1626943501.95,-9.08133719399843,未知,未知,,,34.54,6.2104,6.1627,1.0397,0.5616,33228659.3856,23642773.1856,2274024285.0,True,0,0,False,False,38.83,34.41,-7.622358919497197,-23.61786819991154,-11.048158640226625,False,-9.08133719399843,1.410939133031408,-1.1,16.5,9519000000.0,94.8013,,,132165000000.0,598.5638,3.2299,0,33228659.3856,2274024285.0,1.0,1.5,PASS,False,0.4444444444444444,-1.1,16.5,1.0,-2.1,,6.2104,1.0397,3.2299,,99.46392506573181,10.0,0.0,34.54,38.83,False,0,73.25315005727376,,0.14296636085626913,0,0,5.0,393,-10.845651311253723,False,-7.622358919497197,,-0.002095852713623172,False,False,独立池,-2.1,0.0,20.810090505892813,28.63796311836069,1.0,0.0,38.64,Other
002209.SZ,002209,达意隆,20080130,,主板,L,157750773.8,-7.000000000000006,未知,未知,,,13.95,22.8083,25.1485,3.2311,4.7415,277645.5248,218056.5276,123582903.39999999,False,1,0,False,False,17.51,13.58,-3.593642017968224,-15.607985480943753,-20.33123929183325,False,-7.000000000000006,1.410939133031408,-85.01,59.95,4395037.86,24.1921,,,308114512.02,207.9951,2.1383,0,277645.5248,123582903.39999999,1.0,1.5,PASS,False,0.4444444444444444,-85.01,59.95,1.0,-86.01,ESP-Q,22.8083,3.2311,2.1383,,99.46392506573181,0.0,0.0,13.95,17.51,True,0,93.35624284077892,,0.20107033639143732,0,0,5.0,393,-8.764314117255301,False,-3.593642017968224,,-0.027280398974388612,False,False,独立池,-86.01,0.0,19.58415140527598,34.42370313328887,0.7,0.0,24.1,Other
002210.SZ,002210,飞马国际,20080130,,主板,L,493465010.95000017,20.553359683794458,未知,未知,,,3.05,526.5161,292.1036,8.6598,4.2477,811675.9961,809856.6939,535455603.40000004,True,4,2,False,True,3.43,2.47,-4.088050314465419,-4.3887147335423204,-11.078717201166189,False,20.553359683794458,1.410939133031408,1471.46,262.49,11460245.32,98.7693,,,42541930.02,113.1567,1.2456,0,811675.9961,535455603.40000004,1.0,1.5,PASS,False,0.4444444444444444,1471.46,262.49,1.0,1471.46,,526.5161,8.6598,1.2456,0.35781883299580014,99.46392506573181,0.0,0.0,3.05,3.43,False,0,81.09965635738831,CHASE,0.8497706422018348,1,1,100.0,393,18.789045566539162,True,-4.088050314465419,突破型,-0.034187501851227195,True,False,独立池,1471.46,0.0,42.33904797347636,82.79770650191176,1.0,0.0,82.8,Tier2
002213.SZ,002213,大为股份,20080201,,主板,L,1434799594.1,16.61406025824963,未知,未知,,,40.64,,5095.7141,17.4921,9.8965,965138.7149,839768.7406,1203114839.8,True,1,0,False,False,46.3,33.63,-9.909111061848808,55.1145038167939,-12.224622030237576,False,16.61406025824963,1.410939133031408,851.58,83.09,18107567.84,115.8802,,,-6195649.210000001,-1513.7572,2.8507,0,965138.7149,1203114839.8,1.0,1.5,PASS,False,0.4444444444444444,851.58,83.09,1.0,851.58,ESP-Q,,17.4921,2.8507,,99.46392506573181,0.0,0.0,40.64,46.3,False,0,92.78350515463917,CHASE,0.8134556574923547,1,1,100.0,393,14.849746140994336,True,-9.909111061848808,,-0.029835490097574326,True,False,独立池,851.58,0.0,33.282497744774645,84.49155109534668,0.7,0.0,59.14,Tier2
601099.SH,601099,太平洋,20071228,,主板,L,388083035.8,-6.036745406824151,未知,未知,,,3.58,115.9052,146.1426,2.4564,1.7802,2440241.2605,2440241.2605,488564711.8,True,0,0,False,False,3.89,3.56,-5.29100529100528,-14.964370546318284,-7.969151670951158,False,-6.036745406824151,1.410939133031408,-66.46,0.2,22715773.43,93.1683,,,600161895.9200001,2097.178,0.2457,0,2440241.2605,488564711.8,1.0,1.5,PASS,False,0.4444444444444444,-66.46,0.2,1.0,-67.46,,115.9052,2.4564,0.2457,,99.46392506573181,0.0,0.0,3.58,3.89,False,0,73.25315005727376,,0.23623853211009174,0,0,5.0,393,-7.801059524079445,False,-5.29100529100528,,-0.0054991482705209465,False,False,独立池,-67.46,0.0,19.855170000395063,28.44697901726114,1.0,0.0,28.45,Other
002212.SZ,002212,天融信,20080201,,主板,L,242697451.59999996,-2.5469168900804307,未知,未知,,,7.27,115.5259,204.8003,0.8997,2.4145,857462.97,848295.5393,230224000.39999995,False,0,0,False,False,7.98,7.17,-5.215123859191662,-16.05080831408776,-8.897243107769437,False,-2.5469168900804307,1.410939133031408,-44.6,-40.76,-109601720.08,,,,-406276505.85,,-1.0519,0,857462.97,230224000.39999995,1.0,1.5,PASS,False,0.4444444444444444,-44.6,-40.76,1.0,-45.6,,115.5259,0.8997,-1.0519,,99.46392506573181,0.0,0.0,7.27,7.98,False,0,73.25315005727376,,0.3555045871559633,0,0,5.0,393,-4.311231007335725,False,-5.215123859191662,,-0.011413927801355547,False,False,独立池,-45.6,0.0,20.17454824779685,28.510854666741498,1.0,0.0,28.51,Other
601899.SH,601899,紫金矿业,20080425,,主板,L,10338258922.500004,-8.794041821827548,未知,未知,,,31.84,16.3517,13.7243,4.2917,2.1759,84664835.3564,65596109.3578,12008451235.8,True,0,0,False,False,36.0,31.5,-7.090749927049911,-17.57701268444215,-11.555555555555552,False,-8.794041821827548,1.410939133031408,86.81,60.05,18458909011.0,91.9296,,,124933044160.0,87.7861,10.4049,0,84664835.3564,12008451235.8,1.0,1.5,PASS,False,0.4444444444444444,86.81,60.05,1.0,86.81,,16.3517,4.2917,10.4049,0.18836193986867872,99.46392506573181,10.0,0.0,31.84,36.0,False,0,5.841924398625429,CAT-0,0.15137614678899083,0,0,5.0,393,-10.558355939082842,False,-7.090749927049911,,0.0014992174806875596,False,False,独立池,86.81,0.0,22.109080440773543,8.674393407742338,0.5,0.0,14.34,Other
002215.SZ,002215,诺普信,20080218,,主板,L,178460379.9,-1.650485436893201,未知,未知,,,10.13,15.6468,13.1139,2.0852,2.1807,1017694.0495,813431.5717,196828229.60000002,True,0,0,False,False,11.04,9.8,-5.327102803738304,-10.591350397175637,-8.242753623188392,False,-1.650485436893201,1.410939133031408,21.26,14.11,744274676.01,98.8999,,,2608475475.1099997,16.2352,16.6457,0,1017694.0495,196828229.60000002,1.0,1.5,PASS,False,0.4444444444444444,21.26,14.11,1.0,21.26,,15.6468,2.0852,16.6457,0.7359736594543744,99.46392506573181,10.0,0.0,10.13,11.04,False,0,73.25315005727376,,0.382262996941896,0,0,5.0,393,-3.4147995541484955,False,-5.327102803738304,,-0.027948938015649474,False,False,独立池,21.26,0.0,21.151384003573767,28.706221817896882,1.0,0.0,38.71,Other
002222.SZ,002222,福晶科技,20080319,,主板,L,4005352147.15,26.639540449976053,未知,未知,,,105.82,178.6304,169.3154,27.2197,10.2032,4976185.5,4953981.4375,6165779578.200001,True,1,1,False,False,124.6,82.17,-2.6405373079400163,49.590048063330514,-15.072231139646874,False,26.639540449976053,1.410939133031408,25.96,21.67,62168861.58,95.292,,,649954915.95,80.7637,3.6338,0,4976185.5,6165779578.200001,1.0,1.5,PASS,False,0.4444444444444444,25.96,21.67,1.0,25.96,,178.6304,27.2197,3.6338,6.880986132511556,99.46392506573181,0.0,0.0,105.82,124.6,False,0,88.77434135166094,CHASE,0.8990825688073395,1,1,100.0,393,24.875226332720757,True,-2.6405373079400163,,-0.014835168685733603,True,False,独立池,25.96,0.0,21.220051787781838,80.87631276305464,1.0,0.0,80.88,Tier2
601898.SH,601898,中煤能源,20080201,,主板,L,718347665.2,-0.7088009450679333,未知,未知,,,16.81,12.4627,12.5565,1.3589,0.6316,22287813.1754,15384512.6724,654362008.4,True,0,0,False,False,19.02,15.9,1.9405700424499628,19.559032716927447,-11.61934805467929,False,-0.7088009450679333,1.410939133031408,-2.4,-7.3,3847661000.0,100.0861,,,41607274000.0,100.9183,2.372,0,22287813.1754,654362008.4,1.0,1.5,PASS,False,0.4444444444444444,-2.4,-7.3,1.0,-3.4,,12.4627,1.3589,2.372,,99.46392506573181,0.0,0.0,16.81,19.02,False,0,73.25315005727376,,0.42201834862385323,0,0,5.0,393,-2.473115062323228,False,1.9405700424499628,,0.001869806009517677,False,False,独立池,-3.4,0.0,20.791097288984194,28.634164474978967,1.0,0.0,28.63,Other
002221.SZ,002221,东华能源,20080306,,主板,L,168567887.19999996,0.12484394506866447,未知,未知,,,8.02,,,1.2667,2.0991,1264054.4691,1171633.6693,180648121.79999998,True,0,0,False,False,8.4,7.51,3.217503217503226,-3.1400966183574908,-4.52380952380953,False,0.12484394506866447,1.410939133031408,43.22,-85.52,44751108.28,27.8313,,,142936138.8,-407.9256,1.6163,0,1264054.4691,180648121.79999998,1.0,1.5,PASS,False,0.4444444444444444,43.22,-85.52,1.0,43.22,ESP-Q,,1.2667,1.6163,,99.46392506573181,0.0,0.0,8.02,8.4,False,0,75.71592210767469,,0.4510703363914373,0,0,5.0,393,-1.63947017218663,False,3.217503217503226,,0.00942816448110995,False,False,独立池,43.22,0.0,21.47222326766083,29.509221285834574,0.7,0.0,20.66,Other
002219.SZ,002219,新里程,20080306,,主板,L,255429747.85000002,-2.5751072961373467,未知,未知,,,2.27,253.2366,304.233,3.7985,1.9036,783586.2379,742714.8123,181335059.4,False,0,0,False,False,2.54,2.26,-4.621848739495793,-5.809128630705396,-10.629921259842522,False,-2.5751072961373467,1.410939133031408,-17.06,-65.64,21993913.54,107.4701,,,36310184.82,-40.6822,1.0425,0,783586.2379,181335059.4,1.0,1.5,PASS,False,0.4444444444444444,-17.06,-65.64,1.0,-18.06,ESP-Q,253.2366,3.7985,1.0425,,99.46392506573181,0.0,0.0,2.27,2.54,True,0,80.64146620847652,,0.35397553516819574,0,0,5.0,393,-4.339421413392641,False,-4.621848739495793,,-0.012310856361099933,False,False,独立池,-18.06,0.0,20.57691224292243,30.807822311127442,0.7,0.0,21.57,Other
601186.SH,601186,中国铁建,20080310,,主板,L,361147830.05,-5.316091954022994,未知,未知,,,6.59,4.8734,5.0834,0.322,0.5639,8948917.8485,7580638.7845,379988828.8,False,0,0,False,False,6.99,6.58,-2.8023598820059004,-9.228650137741045,-5.7224606580829835,False,-5.316091954022994,1.410939133031408,-15.31,-24.98,4213557000.0,95.9286,,,43959494000.0,-1060.142,1.2735,0,8948917.8485,379988828.8,1.0,1.5,PASS,False,0.4444444444444444,-15.31,-24.98,1.0,-16.310000000000002,ESP-Q,4.8734,0.322,1.2735,,99.46392506573181,0.0,0.0,6.59,6.99,False,0,77.54868270332189,,0.26299694189602446,0,0,5.0,393,-7.080406071278288,False,-2.8023598820059004,,0.003825323071347209,False,False,独立池,-16.310000000000002,0.0,20.602480034914798,29.885100817979527,0.7,0.0,20.92,Other
002223.SZ,002223,鱼跃医疗,20080418,,主板,L,304018601.70000005,-12.038717483363593,未知,未知,,,29.08,19.6735,22.68,2.1357,0.8576,2915202.9095,2740189.5533,305884358.6,False,0,0,False,False,33.66,28.9,-3.644797879390327,-26.435618517581595,-13.606654783125371,False,-12.038717483363593,1.410939133031408,-20.0,-16.1,410114212.99,95.7476,,,3661712708.44,119.1143,3.1857,0,2915202.9095,305884358.6,1.0,1.5,PASS,False,0.4444444444444444,-20.0,-16.1,1.0,-21.0,,19.6735,2.1357,3.1857,,99.46392506573181,10.0,0.0,29.08,33.66,False,0,73.25315005727376,,0.07568807339449542,0,0,5.0,393,-13.803031600618887,False,-3.644797879390327,,-0.017991701177529983,False,False,独立池,-21.0,0.0,20.533958352375254,28.582736687657178,1.0,0.0,38.58,Other
002225.SZ,002225,濮耐股份,20080425,,主板,L,217791760.39999998,-22.28163992869875,未知,未知,,,4.36,58.3706,99.842,1.2239,4.5274,505428.2681,413599.2321,240060758.8,False,0,0,False,False,5.86,4.27,-7.822410147991543,-31.981279251170047,-25.597269624573382,False,-22.28163992869875,1.410939133031408,-66.15,-5.75,15406676.99,81.4995,,,214268906.22,-388.305,0.4585,0,505428.2681,240060758.8,1.0,1.5,PASS,False,0.4444444444444444,-66.15,-5.75,1.0,-67.15,ESP-Q,58.3706,1.2239,0.4585,,99.46392506573181,0.0,0.0,4.36,5.86,False,0,100.0,,0.010703363914373088,0,0,5.0,393,-24.045954045954044,False,-7.822410147991543,,-0.048413616268913905,False,False,独立池,-67.15,0.0,19.859699152119422,36.471939830423885,0.7,0.0,25.53,Other
002244.SZ,002244,滨江集团,20080529,,主板,L,414325863.0500001,5.807086614173218,未知,未知,,,10.75,15.8048,17.1422,1.1045,1.2432,3344802.1818,2964365.5405,616207458.6,True,0,0,False,False,12.04,9.09,-4.274265360641138,-11.157024793388427,-10.71428571428571,False,5.807086614173218,1.410939133031408,-18.03,-14.46,786501755.2,97.0028,,,7092237758.45,-122.8064,2.7137,0,3344802.1818,616207458.6,1.0,1.5,PASS,False,0.4444444444444444,-18.03,-14.46,1.0,-19.03,ESP-Q,15.8048,1.1045,2.7137,,99.46392506573181,10.0,0.0,10.75,12.04,False,0,73.25315005727376,,0.6200305810397554,0,1,55.0,393,4.042772496917923,False,-4.274265360641138,,-0.018870901656104652,False,False,独立池,-19.03,0.0,20.56274038107523,53.588493093397176,0.7,0.0,47.51,Other
002230.SZ,002230,科大讯飞,20080512,,主板,L,2258488744.6499996,-0.8413967185527893,未知,未知,,,47.14,134.9003,131.2223,4.9591,2.4121,11323404.3705,10320325.7878,2736136719.0,True,0,0,False,False,50.88,47.01,-6.282306163021866,-16.43325651480233,-7.350628930817615,False,-0.8413967185527893,1.410939133031408,-88.58,40.47,-429594090.14,,,,-867417803.04,,-0.9017,0,11323404.3705,2736136719.0,1.0,1.5,PASS,False,0.4444444444444444,-88.58,40.47,1.0,-89.58,,134.9003,4.9591,-0.9017,,99.46392506573181,0.0,0.0,47.14,50.88,False,0,72.16494845360825,,0.41590214067278286,0,0,5.0,393,-2.605710835808084,False,-6.282306163021866,,-0.05389778588182382,False,False,独立池,-89.58,0.0,19.53199310961155,28.055883158004782,1.0,0.0,28.06,Other
002237.SZ,002237,恒邦股份,20080520,,主板,L,722569359.1999999,1.4656895403064585,未知,未知,,,15.23,34.1541,32.813,1.6163,3.0975,2177844.9314,1815958.2002,487630330.8,False,1,0,False,False,18.74,14.96,-10.30624263839811,-12.77205040091638,-18.729989327641395,False,1.4656895403064585,1.410939133031408,-70.89,28.3,82993046.92,45.4984,,,1842041029.77,-774.107,1.3629,0,2177844.9314,487630330.8,1.0,1.5,PASS,False,0.4444444444444444,-70.89,28.3,1.0,-71.89,ESP-Q,34.1541,1.6163,1.3629,,99.46392506573181,0.0,0.0,15.23,18.74,True,0,72.16494845360825,,0.49464831804281345,0,0,5.0,393,-0.29862457694883604,False,-10.30624263839811,,-0.03521967142609854,False,False,独立池,-71.89,0.0,19.790446961237244,28.10757392832992,0.7,0.0,19.68,Other
002235.SZ,002235,安妮股份,20080516,,主板,L,565424847.8,21.097954790096885,未知,未知,,,11.25,,,8.9382,7.6506,652018.8195,622775.5898,545886094.2,False,1,1,False,False,12.68,9.1,-8.685064935064934,9.43579766536966,-11.277602523659302,False,21.097954790096885,1.410939133031408,-618.03,-488.36,-3484974.28,,,,-29732868.849999998,,-0.1001,0,652018.8195,545886094.2,1.0,1.5,PASS,False,0.4444444444444444,-618.03,-488.36,1.0,-619.03,,,8.9382,-0.1001,,99.46392506573181,0.0,0.0,11.25,12.68,False,0,73.25315005727376,CHASE,0.8562691131498471,1,1,75.0,393,19.33364067284159,True,-8.685064935064934,,-0.04988677766918166,True,False,独立池,-619.03,0.0,11.796640269406804,61.83527307106348,1.0,0.0,61.84,Tier2
002249.SZ,002249,大洋电机,20080619,,主板,L,428852899.00000006,5.876068376068377,未知,未知,,,9.91,22.5688,22.27,2.4082,6.1982,2443561.9306,1845178.0676,585600052.4000001,True,0,0,False,False,10.01,8.82,2.270381836945301,-9.082568807339452,-0.9990009990009985,False,5.876068376068377,1.410939133031408,5.3,13.19,295280159.39,98.764,,,2492848894.62,32.5581,2.9878,0,2443561.9306,585600052.4000001,1.0,1.5,PASS,False,0.4444444444444444,5.3,13.19,1.0,5.3,,22.5688,2.4082,2.9878,4.258264150943396,99.46392506573181,0.0,0.0,9.91,10.01,False,0,99.0836197021764,,0.6215596330275229,0,1,55.0,393,4.111754258813082,False,2.270381836945301,,-0.003534989391906831,False,False,独立池,5.3,0.0,20.918205740603383,61.4087270587736,1.0,0.0,61.41,Tier2
002229.SZ,002229,鸿博股份,20080508,,主板,L,1298365896.4999998,-5.334728033472802,未知,未知,,,18.1,,,8.3881,16.7607,898106.5933,892612.655,1376075151.1999998,True,1,1,False,False,20.18,15.57,-0.3303964757709221,10.298598415600257,-10.307234886025762,False,-5.334728033472802,1.410939133031408,-142.91,55.87,-36349197.56,,,,-85995566.37,,-2.9172,0,898106.5933,1376075151.1999998,1.0,1.5,PASS,False,0.4444444444444444,-142.91,55.87,1.0,-143.91,,,8.3881,-2.9172,,99.46392506573181,0.0,0.0,18.1,20.18,False,0,73.25315005727376,,0.2622324159021407,0,0,5.0,393,-7.099042150728096,False,-0.3303964757709221,,-0.0168197350961595,False,False,独立池,-143.91,0.0,18.738222744499975,28.223589566082122,1.0,0.0,28.22,Other
002236.SZ,002236,大华股份,20080520,,主板,L,923471420.9499999,-7.211028632025451,未知,未知,,,17.5,14.8298,14.6607,1.501,1.7697,5721208.6295,4184472.1888,874278573.0000001,True,0,0,False,False,19.38,17.44,-4.109589041095896,-6.4171122994652325,-9.70072239422084,False,-7.211028632025451,1.410939133031408,16.93,16.28,588773138.13,84.378,,,7670732067.6,-104.9348,1.8318,0,5721208.6295,874278573.0000001,1.0,1.5,PASS,False,0.4444444444444444,16.93,16.28,1.0,16.93,ESP-Q,14.8298,1.501,1.8318,0.8759480212640284,99.46392506573181,0.0,0.0,17.5,19.38,False,0,90.60710194730814,,0.19724770642201836,0,0,5.0,393,-8.975342749280745,False,-4.109589041095896,,-0.042742968390828855,False,False,独立池,16.93,0.0,21.088121981101228,33.89975498041268,0.7,0.0,23.73,Other
002265.SZ,002265,建设工业,20080806,,主板,L,289085065.70000005,3.911870503597137,未知,未知,,,23.11,102.5926,102.5594,6.1221,1.2041,2387356.3806,2387356.3806,471772703.4,True,0,0,False,False,26.3,21.88,-3.948462177888612,-5.248052480524812,-12.129277566539931,False,3.911870503597137,1.410939133031408,-7.8,10.23,25154965.94,72.9408,,,264004386.97,-426.6085,0.8885,0,2387356.3806,471772703.4,1.0,1.5,PASS,False,0.4444444444444444,-7.8,10.23,1.0,-8.8,ESP-Q,102.5926,6.1221,0.8885,,99.46392506573181,0.0,0.0,23.11,26.3,False,0,70.79037800687286,,0.5626911314984709,0,1,55.0,393,2.1475563863418423,False,-3.948462177888612,,-0.006623189374391748,False,False,独立池,-8.8,0.0,20.71220238797918,52.87955387965769,0.7,0.0,37.02,Other
002252.SZ,002252,上海莱士,20080623,,主板,L,164178700.1,-4.393673110720564,未知,未知,,,5.44,22.8981,27.2171,1.1103,0.4734,3611063.7513,3608776.3809,195927836.79999998,False,0,0,False,False,5.79,5.42,-4.056437389770718,-14.060031595576616,-6.0449050086355705,False,-4.393673110720564,1.410939133031408,-43.85,-24.25,319897563.11,101.2867,,,4405755048.95,42.1114,0.9721,0,3611063.7513,195927836.79999998,1.0,1.5,PASS,False,0.4444444444444444,-43.85,-24.25,1.0,-44.85,,22.8981,1.1103,0.9721,,99.46392506573181,0.0,0.0,5.44,5.79,False,0,73.25315005727376,,0.29434250764525993,0,0,5.0,393,-6.157987227975859,False,-4.056437389770718,,-0.04292437022483684,False,False,独立池,-44.85,0.0,20.185505872936435,28.513046191769416,1.0,0.0,28.51,Other
002239.SZ,002239,奥特佳,20080522,,主板,L,196803530.29999998,-5.685618729096998,未知,未知,,,2.82,50.8471,52.255,1.5817,2.4956,991243.7937,756427.1077,202179154.2,False,0,0,False,False,3.1,2.81,-2.083333333333337,-12.422360248447218,-9.03225806451614,False,-5.685618729096998,1.410939133031408,-18.02,49.44,36130379.7,87.1822,,,387990349.88,266.0429,0.7207,0,991243.7937,202179154.2,1.0,1.5,PASS,False,0.4444444444444444,-18.02,49.44,1.0,-19.02,,50.8471,1.5817,0.7207,,99.46392506573181,0.0,0.0,2.82,3.1,False,0,87.39977090492555,,0.24617737003058104,0,0,5.0,393,-7.449932846352292,False,-2.083333333333337,,-0.04793951305067806,False,False,独立池,-19.02,0.0,20.562886482743757,32.83250856802641,1.0,0.0,32.83,Other
002242.SZ,002242,九阳股份,20080528,,主板,L,301773835.65,8.997955010224956,未知,未知,,,10.66,69.1377,82.1545,2.4142,2.2271,813376.122,811956.9829,251177667.4,False,2,0,False,False,12.55,9.74,-4.9910873440285215,-0.1872659176029967,-15.059760956175305,False,8.997955010224956,1.410939133031408,-23.87,78.41,81085913.91,97.8729,,,672145963.74,-140.4694,2.3956,0,813376.122,251177667.4,1.0,1.5,PASS,False,0.4444444444444444,-23.87,78.41,1.0,-24.87,ESP-Q,69.1377,2.4142,2.3956,,99.46392506573181,0.0,0.0,10.66,12.55,False,0,73.25315005727376,,0.6857798165137615,0,1,40.0,393,7.233640892969662,True,-4.9910873440285215,,-0.03163406205655143,False,False,独立池,-24.87,0.0,20.477417006654992,46.07142841851312,0.7,0.0,32.25,Other
002245.SZ,002245,蔚蓝锂芯,20080605,,主板,L,1802356728.6999996,36.08193277310925,未知,未知,,,25.91,42.0699,39.0956,3.8156,13.7406,2989523.1014,2812635.1168,2802112565.0,False,1,1,False,False,27.39,19.0,13.74012291483757,54.41001191895112,-5.403431909456002,False,36.08193277310925,1.410939133031408,32.35,68.4,195249411.49,99.7238,,,1813854231.3200002,74.1103,2.53,0,2989523.1014,2802112565.0,1.0,1.5,PASS,False,0.4444444444444444,32.35,68.4,1.0,32.35,,42.0699,3.8156,2.53,1.3004605873261204,99.46392506573181,0.0,0.0,25.91,27.39,False,0,98.28178694158075,CHASE,0.9441896024464832,1,1,75.0,393,34.317618655853956,True,13.74012291483757,OVERHEAT,0.035525642458214005,True,True,独立池,32.35,0.0,21.313410753971105,71.24721823326844,1.0,0.0,71.25,Tier2
002241.SZ,002241,歌尔股份,20080522,,主板,L,2421571464.7500005,5.103734439834007,未知,未知,,,25.33,22.8194,22.6234,2.4057,4.1727,8991570.2191,7960188.72,3227328367.0,True,0,0,False,False,26.24,23.82,-1.5546055188496055,-4.270597127739995,-3.4679878048780477,False,5.103734439834007,1.410939133031408,19.57,-38.17,349464356.39,69.4762,,,4929701920.46,-100.9051,1.3635,0,8991570.2191,3227328367.0,1.0,1.5,PASS,False,0.4444444444444444,19.57,-38.17,1.0,19.57,ESP-Q,22.8194,2.4057,1.3635,1.166039856923863,99.46392506573181,0.0,0.0,25.33,26.24,False,0,73.25315005727376,,0.6039755351681957,0,1,55.0,393,3.3394203225787122,False,-1.5546055188496055,,-0.010508970825528657,False,False,独立池,19.57,0.0,21.126692821592567,53.70128358150064,0.7,0.0,37.59,Other
002248.SZ,002248,华东数控,20080612,,主板,L,241478483.15000004,3.0792917628945427,未知,未知,,,13.39,121.9923,121.3992,35.8909,5.8364,411736.6084,411736.6084,225424701.8,True,0,0,False,False,14.05,11.75,-2.048280907095823,8.24575586095393,-4.697508896797153,False,3.0792917628945427,1.410939133031408,-1.94,560.28,7295860.89,89.7607,,,69965809.27,-100.1943,7.357,0,411736.6084,225424701.8,1.0,1.5,PASS,False,0.4444444444444444,-1.94,560.28,1.0,-2.94,ESP-Q,121.9923,35.8909,7.357,,99.46392506573181,0.0,0.0,13.39,14.05,False,0,78.80870561282933,,0.5412844036697247,0,1,55.0,393,1.3149776456392481,False,-2.048280907095823,,-0.031976352548041424,False,False,独立池,-2.94,0.0,20.797817965736474,55.302175276996095,0.7,0.0,38.71,Other
002263.SZ,002263,大东南,20080728,,主板,L,1080046626.6999998,-16.170212765957448,未知,未知,,,3.94,400.8511,408.3321,2.6642,5.5623,740073.8794,740067.9694,517870645.6,False,1,0,False,False,5.35,3.9,-6.855791962174951,11.931818181818187,-26.355140186915882,False,-16.170212765957448,1.410939133031408,-95.29,0.7,116606.33,2.6989,,,25109123.55,-319.1824,0.1557,0,740073.8794,517870645.6,1.0,1.5,PASS,False,0.4444444444444444,-95.29,0.7,1.0,-96.29,ESP-Q,400.8511,2.6642,0.1557,,99.46392506573181,0.0,0.0,3.94,5.35,True,0,86.5979381443299,,0.03287461773700306,0,0,5.0,393,-17.934526883212744,False,-6.855791962174951,,-0.050677731978052816,False,False,独立池,-96.29,0.0,19.433958890029395,32.36617322130485,0.7,0.0,22.66,Other
002274.SZ,002274,华昌化工,20080925,,主板,L,168083065.85,4.658901830282858,未知,未知,,,6.29,,,1.135,2.4681,599037.3623,589907.1028,121389806.59999998,False,0,0,False,False,7.06,5.99,-1.2558869701726816,-1.1006289308176154,-10.906515580736542,False,4.658901830282858,1.410939133031408,85.37,-144.79,40147832.81,82.9083,,,-193954230.28,41.1712,0.9218,0,599037.3623,121389806.59999998,1.0,1.5,PASS,False,0.4444444444444444,85.37,-144.79,1.0,85.37,ESP-Q,,1.135,0.9218,,99.46392506573181,0.0,0.0,6.29,7.06,True,0,73.25315005727376,,0.5863914373088684,0,1,40.0,393,2.8945877130275632,False,-1.2558869701726816,,-0.007611349159706863,False,False,独立池,85.37,0.0,22.088041800505536,46.39355337728323,0.7,0.0,32.48,Other
002251.SZ,002251,步步高,20080619,,主板,L,245748154.55,-9.738717339667458,未知,未知,,,3.8,90.5647,92.6966,1.2026,3.2876,1021705.8818,817939.4052,280573489.2,False,0,0,False,False,4.39,3.78,-7.317073170731703,-25.92592592592593,-13.439635535307515,False,-9.738717339667458,1.410939133031408,100.38,83.34,85099963.05,73.0791,,,-93986965.65,254.3571,1.3814,0,1021705.8818,280573489.2,1.0,1.5,PASS,False,0.4444444444444444,100.38,83.34,1.0,100.38,ESP-Q,90.5647,1.2026,1.3814,0.9022185694361428,99.46392506573181,0.0,0.0,3.8,4.39,False,0,73.25315005727376,,0.12691131498470948,0,0,5.0,393,-11.503031456922752,False,-7.317073170731703,,-0.042970456187464916,False,False,独立池,100.38,0.0,22.307340404965778,28.937413098175284,0.7,0.0,20.26,Other
002255.SZ,002255,海陆重工,20080625,,主板,L,247304492.39999995,0.2759889604415866,未知,未知,,,10.9,21.7259,20.279,1.9758,3.315,905660.35,695389.7449,264716175.99999997,False,0,0,False,False,11.53,10.51,-4.63692038495187,-11.883589329021815,-5.464006938421506,False,0.2759889604415866,1.410939133031408,51.73,5.11,102096944.47,98.6535,,,974934316.35,67.58,2.3373,0,905660.35,264716175.99999997,1.0,1.5,PASS,False,0.4444444444444444,51.73,5.11,1.0,51.73,,21.7259,1.9758,2.3373,0.41998646820027064,99.46392506573181,0.0,0.0,10.9,11.53,False,0,92.66895761741122,,0.45718654434250766,0,0,5.0,393,-1.488325156813708,False,-4.63692038495187,,-0.039398156946879585,False,False,独立池,51.73,0.0,21.596555787577994,34.61999844273896,1.0,0.0,34.62,Other
002259.SZ,002259,升达林业,20080716,,主板,L,291298762.65000004,4.466019417475708,未知,未知,,,5.38,30.7012,20.5052,8.8338,4.204,404752.6076,404752.6076,258912226.99999994,True,2,1,False,False,6.26,4.92,-9.579831932773109,-5.281690140845063,-14.057507987220442,False,4.466019417475708,1.410939133031408,-118.96,-43.3,-3229169.48,-4.198,,,86954353.94,-9.9658,18.3527,0,404752.6076,258912226.99999994,1.0,1.5,PASS,False,0.4444444444444444,-118.96,-43.3,1.0,-119.96,ESP-Q,30.7012,8.8338,18.3527,,99.46392506573181,0.0,0.0,5.38,6.26,False,0,71.1340206185567,,0.581039755351682,0,1,55.0,393,2.701705300220414,False,-9.579831932773109,,-0.02327997136945158,False,False,独立池,-119.96,0.0,19.088136240624074,52.65783343369182,0.7,0.0,36.86,Other
002262.SZ,002262,恩华药业,20080723,,主板,L,280853968.55,-7.82000873743992,未知,未知,,,21.1,20.2709,19.9555,2.5593,1.1752,2143309.6901,1865085.7126,258766448.40000004,False,0,0,False,False,23.01,20.86,-3.1221303948576695,-9.597257926306767,-8.300738809213382,False,-7.82000873743992,1.410939133031408,6.15,-7.5,318264144.09,100.2678,,,3184192832.5699997,44.1877,3.8634,0,2143309.6901,258766448.40000004,1.0,1.5,PASS,False,0.4444444444444444,6.15,-7.5,1.0,6.15,ESP-Q,20.2709,2.5593,3.8634,3.2960813008130083,99.46392506573181,10.0,0.0,21.1,23.01,False,0,73.25315005727376,,0.17813455657492355,0,0,5.0,393,-9.584322854695214,False,-3.1221303948576695,,-0.020264025726673598,False,False,独立池,6.15,0.0,20.93062438242825,28.662069893667777,0.7,0.0,30.06,Other
002264.SZ,002264,新华都,20080731,,主板,L,150383210.59999996,-7.515151515151519,未知,未知,,,7.63,32.4075,34.3004,2.6359,6.1469,549216.0219,499599.284,182886182.8,False,0,0,False,False,8.75,7.56,-12.096774193548388,-35.557432432432435,-12.8,False,-7.515151515151519,1.410939133031408,1.8,-18.28,85300752.44,101.8597,,,559749960.21,287.049,4.1031,0,549216.0219,182886182.8,1.0,1.5,PASS,False,0.4444444444444444,1.8,-18.28,1.0,1.8,ESP-Q,32.4075,2.6359,4.1031,18.004166666666666,99.46392506573181,0.0,0.0,7.63,8.75,False,0,88.31615120274914,,0.1926605504587156,0,0,5.0,393,-9.279465632406813,False,-12.096774193548388,,-0.04985866890412423,False,False,独立池,1.8,0.0,20.867070156618652,33.16825939214847,0.7,0.0,23.22,Other
002268.SZ,002268,电科网安,20080811,,主板,L,166435968.35000005,-13.063583815028911,未知,未知,,,15.04,220.6319,348.3415,2.3135,1.4959,1271836.6688,1271262.7424,184914393.4,False,0,0,False,False,17.65,14.98,-8.068459657701709,-24.46007031642391,-14.787535410764875,False,-13.063583815028911,1.410939133031408,-13.69,-67.64,-161370642.76,,,,-546390673.75,,-2.7948,0,1271836.6688,184914393.4,1.0,1.5,PASS,False,0.4444444444444444,-13.69,-67.64,1.0,-14.69,,220.6319,2.3135,-2.7948,,99.46392506573181,0.0,0.0,15.04,17.65,False,0,73.25315005727376,,0.058868501529051986,0,0,5.0,393,-14.827897932284205,False,-8.068459657701709,,-0.04775636468785746,False,False,独立池,-14.69,0.0,20.6261485052163,28.601174718225387,1.0,0.0,28.6,Other
002396.SZ,002396,星网锐捷,20100623,,主板,L,895501729.0,11.12691077141843,未知,未知,,,31.26,44.78,45.3225,2.6083,6.2118,1830882.8763,1823334.149,1617367054.6,True,1,1,False,False,33.7,25.71,-1.7290160326941084,9.876977152899835,-7.240356083086052,False,11.12691077141843,1.410939133031408,-69.36,-8.12,9042531.11,24.2899,,,526477314.22,-1873.063,0.5321,0,1830882.8763,1617367054.6,1.0,1.5,PASS,False,0.4444444444444444,-69.36,-8.12,1.0,-70.36,ESP-Q,44.78,2.6083,0.5321,,99.46392506573181,0.0,0.0,31.26,33.7,False,0,87.2852233676976,,0.7293577981651376,1,1,100.0,393,9.362596654163136,True,-1.7290160326941084,,-0.016950370361824226,False,False,独立池,-70.36,0.0,19.812800516522,80.14812711361368,0.7,0.0,56.1,Tier2
601766.SH,601766,中国中车,20080818,,主板,L,1324146415.0500002,-3.5541195476575194,未知,未知,,,5.97,12.9984,12.6853,0.9754,0.9513,17133221.8605,14523695.4347,2072194552.9999998,True,0,0,False,False,6.26,5.86,-0.16722408026756952,-7.00934579439253,-4.63258785942492,False,-3.5541195476575194,1.410939133031408,12.7,8.2,3162843000.0,93.6217,,,29894542000.0,-189.6585,1.9428,0,17133221.8605,2072194552.9999998,1.0,1.5,PASS,False,0.4444444444444444,12.7,8.2,1.0,12.7,ESP-Q,12.9984,0.9754,1.9428,1.0234960629921261,99.46392506573181,0.0,0.0,5.97,6.26,False,0,88.65979381443299,,0.327217125382263,0,0,5.0,393,-5.318433664912813,False,-0.16722408026756952,,0.012270720370967486,False,False,独立池,12.7,0.0,21.026320975313965,33.30320233939268,0.7,0.0,23.31,Other
601788.SH,601788,光大证券,20090818,,主板,L,470830393.8500001,-3.982016698779711,未知,未知,,,14.95,18.5091,16.9318,1.1084,0.8482,6893127.5203,5840514.7643,548112184.2,True,0,0,False,False,15.77,14.67,-4.2280589365791155,-11.851415094339634,-5.199746353836399,False,-3.982016698779711,1.410939133031408,50.07,18.24,1030974323.67,88.4064,,,8672684481.17,-19.2236,1.5854,0,6893127.5203,548112184.2,1.0,1.5,PASS,False,0.4444444444444444,50.07,18.24,1.0,50.07,ESP-Q,18.5091,1.1084,1.5854,0.36966446974236067,99.46392506573181,0.0,0.0,14.95,15.77,False,0,73.25315005727376,,0.3058103975535168,0,0,5.0,393,-5.746330816035005,False,-4.2280589365791155,,-0.0036331066388635962,False,False,独立池,50.07,0.0,21.572302910602378,28.790405599302602,0.7,0.0,20.15,Other
002276.SZ,002276,万马股份,20090710,,主板,L,334280429.74999994,-6.232492997198868,未知,未知,,,13.39,39.0025,41.2101,2.2105,2.1647,1353830.0222,1348494.375,307324035.2,False,0,0,False,False,14.79,12.88,-3.041274438812458,-22.241579558652724,-9.465855307640291,False,-6.232492997198868,1.410939133031408,-36.71,-2.47,38372667.99,60.6845,,,910618397.5799999,-632.817,1.0308,0,1353830.0222,307324035.2,1.0,1.5,PASS,False,0.4444444444444444,-36.71,-2.47,1.0,-37.71,ESP-Q,39.0025,2.2105,1.0308,,99.46392506573181,0.0,0.0,13.39,14.79,False,0,73.25315005727376,,0.22935779816513763,0,0,5.0,393,-7.996807114454162,False,-3.041274438812458,,-0.03845058410166181,False,False,独立池,-37.71,0.0,20.289822464265285,28.533909510035183,0.7,0.0,19.97,Other
002283.SZ,002283,天润工业,20090821,,主板,L,521203179.2,18.846153846153847,未知,未知,,,12.36,38.2903,33.9543,2.348,5.2912,1408369.072,1239493.5898,743776769.6,True,2,2,False,False,13.24,10.27,12.261580381471383,48.02395209580838,-6.646525679758319,False,18.846153846153847,1.410939133031408,33.2,12.08,119950557.26,82.4702,,,914255723.64,26.6266,2.3565,0,1408369.072,743776769.6,1.0,1.5,PASS,False,0.4444444444444444,33.2,12.08,1.0,33.2,,38.2903,2.348,2.3565,1.1533222891566264,99.46392506573181,0.0,0.0,12.36,13.24,False,0,93.35624284077892,CHASE,0.8340978593272171,1,1,100.0,393,17.08183972889855,True,12.261580381471383,OVERHEAT,0.005366973211599499,True,True,独立池,33.2,0.0,21.32582939579597,82.27203873139287,1.0,0.0,82.27,Tier2
002277.SZ,002277,友阿股份,20090717,,主板,L,170701505.95000002,14.938488576449904,未知,未知,,,6.54,,,1.4262,5.6557,911789.0112,911789.0112,276364813.4,True,1,1,False,False,6.74,5.62,4.472843450479247,-12.8,-2.9673590504451064,False,14.938488576449904,1.410939133031408,13.07,-12799.52,38973842.06,91.9363,,,-222720512.29999998,183.8964,0.6667,0,911789.0112,276364813.4,1.0,1.5,PASS,False,0.4444444444444444,13.07,-12799.52,1.0,13.07,ESP-Q,,1.4262,0.6667,,99.46392506573181,0.0,0.0,6.54,6.74,False,0,73.25315005727376,,0.7897553516819572,1,1,100.0,393,13.17417445919461,True,4.472843450479247,,0.03517278484189067,False,False,独立池,13.07,0.0,21.031726737049492,76.18229036459203,0.7,0.0,53.33,Tier2
601727.SH,601727,上海电气,20081205,,主板,L,1856781010.3499997,9.701492537313449,未知,未知,,,8.82,113.631,105.8934,2.497,2.8289,13706387.283,11126994.159,4887642176.599999,True,0,0,False,False,9.33,7.85,-0.8988764044943864,0.34129692832765013,-5.466237942122188,False,9.701492537313449,1.410939133031408,39.75,132.5616,287178000.0,75.4863,,,1642413000.0,-84.5581,0.6943,0,13706387.283,4887642176.599999,1.0,1.5,PASS,False,0.4444444444444444,39.75,132.5616,1.0,39.75,ESP-Q,113.631,2.497,0.6943,2.858641509433962,99.46392506573181,0.0,0.0,8.82,9.33,False,0,88.65979381443299,,0.7003058103975535,1,1,100.0,393,7.937178420058155,True,-0.8988764044943864,,0.0036442356677504548,False,False,独立池,39.75,0.0,21.421525988681683,80.88224334206623,0.7,0.0,56.62,Tier2
002278.SZ,002278,神开股份,20090811,,主板,L,192359413.85000002,-8.318584070796476,未知,未知,,,10.36,72.0054,114.1213,2.8632,2.0548,402608.1589,344731.9485,151718019.8,True,0,0,False,False,12.69,10.27,-7.085201793721985,-27.042253521126757,-18.36091410559496,False,-8.318584070796476,1.410939133031408,-126.04,137.37,-4139238.0,,,,100941859.96000001,-7704.1498,-0.1537,0,402608.1589,151718019.8,1.0,1.5,PASS,False,0.4444444444444444,-126.04,137.37,1.0,-127.04,ESP-Q,72.0054,2.8632,-0.1537,,99.46392506573181,0.0,0.0,10.36,12.69,True,0,75.71592210767469,,0.1620795107033639,0,0,5.0,393,-10.08289818805177,False,-7.085201793721985,,-0.03640134027568508,False,False,独立池,-127.04,0.0,18.98469625930639,29.011715884163685,0.7,0.0,20.31,Other
002285.SZ,002285,世联行,20090828,,主板,L,202533892.4,1.3029315960912058,未知,未知,,,3.11,,,2.8301,2.2653,619769.8308,614299.1583,217447034.4,True,0,0,False,False,3.42,2.89,-5.757575757575761,8.362369337979093,-9.064327485380119,False,1.3029315960912058,1.410939133031408,14.92,-138.01,-14208203.85,,,,-737283061.05,-1632.64,-0.1842,0,619769.8308,217447034.4,1.0,1.5,PASS,False,0.4444444444444444,14.92,-138.01,1.0,14.92,ESP-Q,,2.8301,-0.1842,,99.46392506573181,0.0,0.0,3.11,3.42,False,0,73.25315005727376,,0.4908256880733945,0,0,5.0,393,-0.46138252116408873,False,-5.757575757575761,,0.0012494995908199128,False,False,独立池,14.92,0.0,21.058755545727138,28.687696126327555,0.7,0.0,20.08,Other
002281.SZ,002281,光迅科技,20090821,,主板,L,11280195854.9,84.15182755388942,未知,未知,,,196.49,167.4947,152.9861,15.3286,11.6467,15850371.851,15316371.371,16398143375.199999,False,3,2,False,True,212.8,105.6,-1.1569998490869704,180.49964311206287,-7.6644736842105265,False,84.15182755388942,1.410939133031408,61.23,45.37,227777420.56,94.9343,,,2181628088.92,72.2302,2.3491,0,15850371.851,16398143375.199999,1.0,1.5,PASS,False,0.4444444444444444,61.23,45.37,1.0,61.23,,167.4947,15.3286,2.3491,2.7355005716152214,99.46392506573181,0.0,0.0,196.49,212.8,False,0,73.25315005727376,CHASE,0.9977064220183486,1,1,75.0,393,82.38751343663412,True,-1.1569998490869704,突破型,-0.02456588352172703,True,False,独立池,61.23,0.0,21.73535237267941,63.82301549171801,1.0,0.0,63.82,Tier2
002290.SZ,002290,禾盛新材,20090903,,主板,L,1337699506.3,29.280465825592692,未知,未知,,,93.25,141.6176,148.7628,22.882,9.2308,2313647.4773,2305103.2129,1810661480.4000003,True,3,2,False,True,108.91,69.2,-2.9454621149042404,57.756724750465224,-14.378844917822054,False,29.280465825592692,1.410939133031408,-15.64,64.45,42995777.75,99.748,,,447177616.95,81.395,4.3559,0,2313647.4773,1810661480.4000003,1.0,1.5,PASS,False,0.4444444444444444,-15.64,64.45,1.0,-16.64,,141.6176,22.882,4.3559,,99.46392506573181,0.0,0.0,93.25,108.91,False,0,76.97594501718214,CHASE,0.9120795107033639,1,1,100.0,393,27.516151708337397,True,-2.9454621149042404,突破型,-0.014565080140241148,True,False,独立池,-16.64,0.0,20.597658679853375,77.21231524112531,1.0,0.0,77.21,Tier2
002291.SZ,002291,遥望科技,20090903,,主板,L,234697775.6,6.583072100313481,未知,未知,,,6.8,,,2.1373,9.7665,635888.64,591005.1836,284349303.6,True,0,0,False,False,7.05,6.06,-0.5847953216374324,-23.337091319052984,-3.546099290780147,False,6.583072100313481,1.410939133031408,-5.73,36.72,-96370537.81,-42.3769,,,-1418104484.36,-8.658,7.9468,0,635888.64,284349303.6,1.0,1.5,PASS,False,0.4444444444444444,-5.73,36.72,1.0,-6.73,ESP-Q,,2.1373,7.9468,,99.46392506573181,0.0,0.0,6.8,7.05,False,0,73.25315005727376,,0.636085626911315,0,1,55.0,393,4.818757983058186,False,-0.5847953216374324,,-0.004701682216262964,False,False,独立池,-6.73,0.0,20.742445433364434,53.624434103855016,0.7,0.0,37.54,Other
002292.SZ,002292,奥飞娱乐,20090910,,主板,L,240283685.05000004,0.6410256410256387,未知,未知,,,7.85,161.5002,149.795,3.904,3.1513,1160779.2621,799026.6916,254960093.2,False,0,0,False,False,8.39,7.77,-3.4440344403444123,-20.626895854398384,-6.4362336114422,False,0.6410256410256387,1.410939133031408,-21.48,119.07,36107840.85,65.989,,,170703935.1,-51.351,1.8487,0,1160779.2621,254960093.2,1.0,1.5,PASS,False,0.4444444444444444,-21.48,119.07,1.0,-22.48,ESP-Q,161.5002,3.904,1.8487,,99.46392506573181,0.0,0.0,7.85,8.39,False,0,73.25315005727376,,0.47477064220183485,0,0,5.0,393,-1.1232884762296558,False,-3.4440344403444123,,-0.04678528680981299,False,False,独立池,-22.48,0.0,20.512335305433137,28.578412078268755,0.7,0.0,20.0,Other
600999.SH,600999,招商证券,20091117,,主板,L,679914584.4499999,-0.3785488958990557,未知,未知,,,15.79,11.1193,10.315,1.1046,0.5359,13731815.8267,11719346.3245,798111832.4,True,0,0,False,False,16.38,15.25,-2.3500309214595116,-8.037274315666876,-3.6019536019536003,False,-0.3785488958990557,1.410939133031408,41.7,18.52,3268808625.57,99.9463,,,29606914149.35,515.5243,2.3418,0,13731815.8267,798111832.4,1.0,1.5,PASS,False,0.4444444444444444,41.7,18.52,1.0,41.7,,11.1193,1.1046,2.3418,0.2666498800959233,99.46392506573181,0.0,0.0,15.79,16.38,False,0,73.25315005727376,,0.4327217125382263,0,0,5.0,393,-2.1428630131543502,False,-2.3500309214595116,,0.002246815377483542,False,False,独立池,41.7,0.0,21.450015814044605,28.76594817999105,1.0,0.0,28.77,Other
002297.SZ,002297,博云新材,20090929,,主板,L,3664118984.2500005,76.81258549931601,未知,未知,,,25.85,239.5134,76.6897,6.5562,24.0439,1481475.9571,1481475.9571,3922701635.4,True,5,0,False,False,27.24,14.62,2.7833001988071704,101.01088646967344,-5.1027900146842775,False,76.81258549931601,1.410939133031408,4411.66,140.91,127515799.22,96.3787,,,181103001.53,4.2575,6.0318,1,1481475.9571,3922701635.4,1.0,1.5,PASS,False,0.4444444444444444,4411.66,140.91,1.0,4411.66,,239.5134,6.5562,6.0318,0.054290992506222144,99.46392506573181,0.0,0.0,25.85,27.24,False,10,73.25315005727376,CHASE,0.996177370030581,1,1,100.0,393,75.04827138206072,True,2.7833001988071704,,-0.004572833148599237,True,False,独立池,1995.8175999999994,0.0,50.0,81.97594501718213,1.0,10.0,71.98,Tier2
601633.SH,601633,长城汽车,20110928,,主板,L,275423961.55,-8.791208791208794,未知,未知,,,19.09,16.5601,18.0329,1.8522,0.2173,16336978.3467,11853445.7766,281341167.0,False,0,0,False,False,21.3,19.0,-3.5858585858585923,-9.051929490233434,-10.375586854460096,False,-8.791208791208794,1.410939133031408,-67.19,-37.5,482039098.04,50.9847,,,15597634306.130001,271.3918,1.0718,0,16336978.3467,281341167.0,1.0,1.5,PASS,False,0.4444444444444444,-67.19,-37.5,1.0,-68.19,ESP-Q,16.5601,1.8522,1.0718,,99.46392506573181,0.0,0.0,19.09,21.3,False,0,73.25315005727376,,0.15214067278287463,0,0,5.0,393,-10.555522908464088,False,-3.5858585858585923,,0.006551938578770344,False,False,独立池,-68.19,0.0,19.84450457859253,28.444845932900634,0.7,0.0,19.91,Other
002467.SZ,002467,二六三,20100908,,主板,L,868075711.8000001,-11.664482306684143,未知,未知,,,6.74,,,5.9298,3.5984,927000.6424,921229.0672,531225877.6,True,0,0,False,False,8.09,6.52,-4.802259887005644,-9.164420485175196,-16.687268232385655,False,-11.664482306684143,1.410939133031408,-90.77,-610.21,1298679.26,,,,-219390332.35999998,,-0.7737,0,927000.6424,531225877.6,1.0,1.5,PASS,False,0.4444444444444444,-90.77,-610.21,1.0,-91.77,,,5.9298,-0.7737,,99.46392506573181,0.0,0.0,6.74,8.09,True,0,73.25315005727376,,0.08256880733944955,0,0,5.0,393,-13.428796423939437,False,-4.802259887005644,,-0.029991365819915117,False,False,独立池,-91.77,0.0,19.499996844203963,28.37594438602292,1.0,0.0,28.38,Other
002446.SZ,002446,盛路通信,20100713,,主板,L,486146671.8,4.016064257028096,未知,未知,,,10.36,136.2027,136.3369,3.7259,5.4334,948370.6901,878297.2787,634040013.8000001,True,0,0,False,False,11.35,9.68,-8.15602836879432,-10.303030303030313,-8.722466960352426,False,4.016064257028096,1.410939133031408,-10.54,105.92,17325435.11,69.2777,,,176717366.61,-164.8033,0.9856,0,948370.6901,634040013.8000001,1.0,1.5,PASS,False,0.4444444444444444,-10.54,105.92,1.0,-11.54,ESP-Q,136.2027,3.7259,0.9856,,99.46392506573181,0.0,0.0,10.36,11.35,False,0,92.78350515463917,,0.5642201834862385,0,1,55.0,393,2.2517501397728013,False,-8.15602836879432,,-0.016606476455948413,False,False,独立池,-11.54,0.0,20.67217053080256,59.469485652552265,0.7,0.0,41.63,Other
002298.SZ,002298,中电鑫龙,20090929,,主板,L,551638060.6,9.565217391304358,未知,未知,,,11.34,,,4.498,10.4477,839285.7617,749298.4233,1002205947.8,True,1,1,False,False,11.86,9.52,-0.4389815627743654,6.080449017773626,-4.384485666104554,False,9.565217391304358,1.410939133031408,-38.42,54.36,24765600.01,57.6641,,,-663235936.0500001,-57.8764,2.3295,0,839285.7617,1002205947.8,1.0,1.5,PASS,False,0.4444444444444444,-38.42,54.36,1.0,-39.42,ESP-Q,,4.498,2.3295,,99.46392506573181,0.0,0.0,11.34,11.86,False,0,77.20504009163804,,0.6957186544342507,0,1,55.0,393,7.800903274049064,True,-0.4389815627743654,,0.0008306476411424941,False,False,独立池,-39.42,0.0,20.26483907894703,54.71447984328082,0.7,0.0,38.3,Other
002506.SZ,002506,协鑫集成,20101118,,主板,L,2301875020.3999996,6.864988558352403,未知,未知,,,4.67,,,29.0183,19.9683,2732097.7714,2729352.2667,3103403534.200001,True,1,1,False,False,5.1,4.05,5.895691609977316,-7.341269841269849,-8.4313725490196,False,6.864988558352403,1.410939133031408,6.01,-62655.96,-195249325.95,,,,-2329472171.87,,-18.046,0,2732097.7714,3103403534.200001,1.0,1.5,PASS,False,0.4444444444444444,6.01,-62655.96,1.0,6.01,ESP-Q,,29.0183,-18.046,,99.46392506573181,0.0,0.0,4.67,5.1,False,0,92.78350515463917,,0.6429663608562691,0,1,55.0,393,5.100674441097109,True,5.895691609977316,,0.012680361897118957,False,False,独立池,6.01,0.0,20.92857895906886,59.52076733820552,0.7,0.0,41.66,Other
601888.SH,601888,中国中免,20091015,,主板,L,1826803921.6000001,-13.717461245978345,未知,未知,,,59.0,34.184,30.6734,2.1152,2.1274,12259000.1996,11519605.7096,2311319643.8,False,0,0,False,False,69.77,58.92,-5.886106237039401,-39.23789907312049,-15.436433997420085,False,-13.717461245978345,1.410939133031408,20.76,-14.47,2337473944.03,99.5391,,,11513417684.19,139.2905,4.1407,0,12259000.1996,2311319643.8,1.0,1.5,PASS,False,0.4444444444444444,20.76,-14.47,1.0,20.76,ESP-Q,34.184,2.1152,4.1407,1.6466281310211943,99.46392506573181,0.0,0.0,59.0,69.77,False,0,73.25315005727376,,0.053516819571865444,0,0,5.0,393,-15.48177536323364,False,-5.886106237039401,,-0.003660696622644546,False,False,独立池,20.76,0.0,21.144078920147376,28.704760801211602,0.7,0.0,20.09,Other
002299.SZ,002299,圣农发展,20091021,,主板,L,211497917.3,-3.1483457844183604,未知,未知,,,18.15,16.3489,15.1893,1.9665,1.1808,2256247.7736,2212371.8983,270998971.2,True,0,0,False,False,19.4,17.93,0.05512679162071876,-1.3586956521739135,-6.443298969072164,False,-3.1483457844183604,1.410939133031408,55.31,22.27,264384642.54,104.5337,,,2116980491.01,19.2355,2.2299,0,2256247.7736,270998971.2,1.0,1.5,PASS,False,0.4444444444444444,55.31,22.27,1.0,55.31,,16.3489,1.9665,2.2299,0.2955866931838727,99.46392506573181,0.0,0.0,18.15,19.4,False,0,77.09049255441009,,0.3394495412844037,0,0,5.0,393,-4.9126599016736545,False,0.05512679162071876,,0.008800365551204878,False,False,独立池,55.31,0.0,21.648860184910948,29.95691980330522,1.0,0.0,29.96,Other
002301.SZ,002301,齐心集团,20091021,,主板,L,170446543.79999998,20.82717872968982,未知,未知,,,8.18,73.1532,79.1903,1.8905,8.1024,590029.8892,587316.0024,250460988.6,True,1,0,False,False,8.64,6.57,10.840108401084002,4.071246819338414,-5.3240740740740815,False,20.82717872968982,1.410939133031408,-9.81,27.89,39693551.56,92.9225,,,329726482.37,-47.3701,1.3767,0,590029.8892,250460988.6,1.0,1.5,PASS,False,0.4444444444444444,-9.81,27.89,1.0,-10.81,ESP-Q,73.1532,1.8905,1.3767,,99.46392506573181,0.0,0.0,8.18,8.64,False,0,73.25315005727376,CHASE,0.8524464831804281,1,1,100.0,393,19.062864612434524,True,10.840108401084002,OVERHEAT,0.011512770451287815,True,True,独立池,-10.81,0.0,20.682835952605092,76.11251220770315,0.7,0.0,53.28,Tier2
002489.SZ,002489,浙江永强,20101021,,主板,L,196936948.20000005,16.56976744186045,未知,未知,,,4.01,18.7001,34.9941,1.8928,7.9385,869775.5415,767121.5974,433016873.5999999,True,0,0,False,False,4.12,3.24,3.350515463917514,5.804749340369386,-2.669902912621369,False,16.56976744186045,1.410939133031408,-16.57,14.19,209147082.18,134.9348,,,924142646.69,185.1048,3.4215,1,869775.5415,433016873.5999999,1.0,1.5,PASS,False,0.4444444444444444,-16.57,14.19,1.0,-17.57,,18.7001,1.8928,3.4215,,99.46392506573181,10.0,0.0,4.01,4.12,False,10,73.25315005727376,CHASE,0.8126911314984709,1,1,100.0,393,14.805453324605155,True,3.350515463917514,,0.043238198935801296,True,False,独立池,-17.57,0.0,20.584071224680294,76.0927592621182,1.0,10.0,76.09,Tier2
002304.SZ,002304,洋河股份,20091106,,主板,L,268690672.84999996,-9.045922406967533,未知,未知,,,45.95,31.3777,68.1639,1.4058,0.4491,6922115.115,6921951.7628,350600022.2,True,0,0,False,False,50.88,45.91,-4.845723752329667,-17.44520301832554,-9.689465408805031,False,-9.045922406967533,1.410939133031408,-32.88,-68.77,2427861532.48,99.2361,,,12551052873.75,58.9585,5.0949,0,6922115.115,350600022.2,1.0,1.5,PASS,False,0.4444444444444444,-32.88,-68.77,1.0,-33.88,,31.3777,1.4058,5.0949,,99.46392506573181,0.0,0.0,45.95,50.88,False,0,73.25315005727376,,0.1444954128440367,0,0,5.0,393,-10.810236524222827,False,-4.845723752329667,,-0.04274834447380648,False,False,独立池,-33.88,0.0,20.345779403311436,28.545100897844414,1.0,0.0,28.55,Other
002315.SZ,002315,焦点科技,20091209,,主板,L,327591453.6999999,-24.658203125,未知,未知,,,30.86,25.273,25.9976,4.7934,3.03,1272686.8571,811350.342,274647514.2,False,0,0,False,False,44.42,29.8,-4.635352286773797,-36.50205761316872,-30.526789734353898,False,-24.658203125,1.410939133031408,-11.96,12.41,95963113.99,97.9835,,,1278412405.71,-49.7453,3.4864,0,1272686.8571,274647514.2,1.0,1.5,PASS,False,0.4444444444444444,-11.96,12.41,1.0,-12.96,ESP-Q,25.273,4.7934,3.4864,,99.46392506573181,0.0,0.0,30.86,44.42,False,0,71.1340206185567,,0.008409785932721712,0,0,5.0,393,-26.422517242255296,False,-4.635352286773797,,-0.06223271421612379,False,False,独立池,-12.96,0.0,20.651424093871608,27.97049100434133,0.7,0.0,19.58,Other
002309.SZ,002309,中利集团,20091127,,主板,L,1762883948.0499997,15.384615384615397,未知,未知,,,4.65,,392.2159,7.461,29.458,1398564.404,1118851.5232,1904229546.5999997,False,2,1,False,False,5.34,3.96,1.9736842105263275,35.56851311953353,-12.921348314606728,False,15.384615384615397,1.410939133031408,61.69,86.05,-30023787.81,-192.2703,,,-642549905.63,-5209.854,0.8438,0,1398564.404,1904229546.5999997,1.0,1.5,PASS,False,0.4444444444444444,61.69,86.05,1.0,61.69,ESP-Q,,7.461,0.8438,,99.46392506573181,0.0,0.0,4.65,5.34,False,0,86.71248568155785,CHASE,0.7989296636085627,1,1,75.0,393,13.620301267360103,True,1.9736842105263275,,-0.013571966820617494,True,False,独立池,61.69,0.0,21.742073049431692,67.8621603143537,0.7,0.0,47.5,Other
002311.SZ,002311,海大集团,20091127,,主板,L,564611429.9999999,-3.9548022598870025,未知,未知,,,47.6,18.2977,20.1591,3.2059,0.7666,7832018.4818,7826170.0269,801624047.0,True,0,0,False,False,51.1,44.9,2.564102564102577,-11.524163568773227,-6.849315068493156,False,-3.9548022598870025,1.410939133031408,-55.51,-5.72,569826788.15,64.2333,,,11680619416.07,2.1909,3.5714,0,7832018.4818,801624047.0,1.0,1.5,PASS,False,0.4444444444444444,-55.51,-5.72,1.0,-56.51,ESP-Q,18.2977,3.2059,3.5714,,99.46392506573181,10.0,0.0,47.6,51.1,False,0,73.25315005727376,,0.3065749235474006,0,0,5.0,393,-5.7191163771422975,False,2.564102564102577,,0.00420049751748354,False,False,独立池,-56.51,0.0,20.01515132743301,28.478975282668728,0.7,0.0,29.94,Other
002312.SZ,002312,川发龙蟒,20091203,,主板,L,412674868.20000005,-9.074889867841406,未知,未知,,,10.32,47.0554,48.535,2.0086,1.3195,1948115.9398,1944101.4123,373097252.2,True,0,0,False,False,11.76,10.31,-5.753424657534234,-12.393887945670624,-12.244897959183664,False,-9.074889867841406,1.410939133031408,2.45,-16.95,106019724.86,116.9687,,,1212585070.2,-120.9266,0.9387,0,1948115.9398,373097252.2,1.0,1.5,PASS,False,0.4444444444444444,2.45,-16.95,1.0,2.45,ESP-Q,47.0554,2.0086,0.9387,19.206285714285713,99.46392506573181,0.0,0.0,10.32,11.76,False,0,77.20504009163804,,0.1437308868501529,0,0,5.0,393,-10.8392039850967,False,-5.753424657534234,,-0.029552911472813054,False,False,独立池,2.45,0.0,20.876566765072962,29.836825380506006,0.7,0.0,20.89,Other
601618.SH,601618,中国中冶,20090921,,主板,L,287497851.3,-3.3444816053511683,未知,未知,,,2.89,45.3115,44.4537,0.5804,0.6517,5989125.9401,5159406.9401,352289252.2,False,0,0,False,False,3.01,2.88,-2.6936026936026924,-5.555555555555558,-3.9867109634551423,False,-3.3444816053511683,1.410939133031408,-7.19,-91.17,1491341000.0,91.3413,,,7318856000.0,-1090.0091,1.0431,0,5989125.9401,352289252.2,1.0,1.5,PASS,False,0.4444444444444444,-7.19,-91.17,1.0,-8.190000000000001,ESP-Q,45.3115,0.5804,1.0431,,99.46392506573181,0.0,0.0,2.89,3.01,False,0,72.39404352806415,,0.3333333333333333,0,0,5.0,393,-5.108795722606462,False,-2.6936026936026924,,0.012205594567214621,False,False,独立池,-8.190000000000001,0.0,20.721114589759374,28.362435976371117,0.7,0.0,19.85,Other
002313.SZ,002313,日海智能,20091203,,主板,L,213234585.85,19.591346153846146,未知,未知,,,9.95,,,48.5763,4.2638,372528.0,372501.8066,182928683.6,True,2,0,False,False,10.54,8.26,-2.5465230166503594,-0.698602794411185,-5.597722960151796,False,19.591346153846146,1.410939133031408,113.65,-70.55,3789290.03,38.4321,,,-311514757.99,-790.911,14.0864,0,372528.0,182928683.6,1.0,1.5,PASS,False,0.4444444444444444,113.65,-70.55,1.0,113.65,ESP-Q,,48.5763,14.0864,,99.46392506573181,0.0,0.0,9.95,10.54,False,0,73.25315005727376,CHASE,0.841743119266055,1,1,100.0,393,17.82703203659085,True,-2.5465230166503594,,-0.03738620566373673,True,False,独立池,113.65,0.0,22.501217319102178,76.47618848100257,0.7,0.0,53.53,Tier2
601117.SH,601117,中国化学,20100107,,主板,L,865555749.8000001,-6.682027649769584,未知,未知,,,8.1,7.6853,7.5421,0.7185,1.7612,4946399.5912,4931334.5632,877255966.4,True,0,0,False,False,8.85,8.08,-4.142011834319526,-4.817861339600471,-8.47457627118644,False,-6.682027649769584,1.410939133031408,8.81,10.44,1536204097.09,98.0329,,,14643031786.35,-67.9271,2.3039,0,4946399.5912,877255966.4,1.0,1.5,PASS,False,0.4444444444444444,8.81,10.44,1.0,8.81,ESP-Q,7.6853,0.7185,2.3039,0.872338251986379,99.46392506573181,0.0,0.0,8.1,8.85,False,0,73.25315005727376,,0.21100917431192662,0,0,5.0,393,-8.446341767024878,False,-4.142011834319526,,-0.006929664930867727,False,False,独立池,8.81,0.0,20.96948742625665,28.669842502433458,0.7,0.0,20.07,Other
002318.SZ,002318,久立特材,20091211,,主板,L,345973104.65,-5.5055055055055035,未知,未知,,,28.32,18.3344,18.2673,3.0351,1.2813,2767347.479,2703678.8204,390078521.59999996,False,0,0,False,False,30.98,27.18,-3.738953093133923,-16.998827667057437,-8.58618463524855,False,-5.5055055055055035,1.410939133031408,-54.84,-14.18,177815629.73,45.053,,,3467593230.03,-31.974,4.4524,0,2767347.479,390078521.59999996,1.0,1.5,PASS,False,0.4444444444444444,-54.84,-14.18,1.0,-55.84,ESP-Q,18.3344,3.0351,4.4524,,99.46392506573181,10.0,0.0,28.32,30.98,False,0,73.25315005727376,,0.25229357798165136,0,0,5.0,393,-7.269819622760798,False,-3.738953093133923,,-0.023475246805425384,False,False,独立池,-55.84,0.0,20.024940139224377,28.480933045027,0.7,0.0,29.94,Other
002317.SZ,002317,众生药业,20091211,,主板,L,1024370863.0000001,12.414876898899951,未知,未知,,,21.46,66.1439,62.2581,4.3843,6.2694,1823950.8036,1634430.9533,2159702822.4,False,2,2,False,False,23.22,17.7,-3.507194244604306,9.155645981688721,-7.579672695951755,False,12.414876898899951,1.410939133031408,30.9,207.97,102671532.63,102.8536,,,815886984.0600001,126.1561,2.4293,0,1823950.8036,2159702822.4,1.0,1.5,PASS,False,0.4444444444444444,30.9,207.97,1.0,30.9,,66.1439,4.3843,2.4293,2.14057928802589,99.46392506573181,0.0,0.0,21.46,23.22,False,0,73.25315005727376,,0.7515290519877675,1,1,75.0,393,10.650562781644657,True,-3.507194244604306,,-0.018834822839190437,False,False,独立池,30.9,0.0,21.292226012034572,63.734390219589045,1.0,0.0,63.73,Tier2
002474.SZ,002474,榕基软件,20100915,,主板,L,245534817.20000002,9.733333333333348,未知,未知,,,8.23,,,3.8826,13.8056,512070.6,435228.8652,545944962.2,False,1,1,False,False,8.55,6.82,-0.6038647342995085,-9.560439560439548,-3.7426900584795364,False,9.733333333333348,1.410939133031408,25.16,14.44,-8774571.56,,,,-152236098.75,,-0.5889,0,512070.6,545944962.2,1.0,1.5,PASS,False,0.4444444444444444,25.16,14.44,1.0,25.16,,,3.8826,-0.5889,,99.46392506573181,0.0,0.0,8.23,8.55,False,0,73.25315005727376,,0.7018348623853211,1,1,75.0,393,7.969019216078054,True,-0.6038647342995085,,0.021096834417038468,False,False,独立池,25.16,0.0,21.208363654299614,63.71761774804205,1.0,0.0,63.72,Tier2
002331.SZ,002331,皖通科技,20100106,,主板,L,282526535.2,17.15328467153285,未知,未知,,,9.63,,,2.8583,5.2745,412579.7743,381205.6156,366607372.4,True,2,0,False,False,10.74,8.1,-1.3319672131147486,2.012711864406791,-10.33519553072625,False,17.15328467153285,1.410939133031408,-86.01,-1966.88,-29820316.8,,,,-468484914.38,,-1.9881,0,412579.7743,366607372.4,1.0,1.5,PASS,False,0.4444444444444444,-86.01,-1966.88,1.0,-87.01,,,2.8583,-1.9881,,99.46392506573181,0.0,0.0,9.63,10.74,False,0,92.78350515463917,CHASE,0.8211009174311926,1,1,100.0,393,15.388970554277558,True,-1.3319672131147486,,-0.006633309271259573,True,False,独立池,-87.01,0.0,19.5695412384232,81.7489597940764,1.0,0.0,81.75,Tier2
002320.SZ,002320,海峡股份,20091216,,主板,L,159573196.45,-6.198830409356737,未知,未知,,,8.02,103.5629,101.9003,4.4454,1.2267,1793109.9856,1793109.9856,243767523.4,True,0,0,False,False,8.72,7.95,-5.20094562647756,-25.39534883720931,-8.02752293577983,False,-6.198830409356737,1.410939133031408,5.42,-48.04,122267090.6,100.1475,,,388228849.14,125.7516,3.0073,0,1793109.9856,243767523.4,1.0,1.5,PASS,False,0.4444444444444444,5.42,-48.04,1.0,5.42,ESP-Q,103.5629,4.4454,3.0073,19.107546125461255,99.46392506573181,0.0,0.0,8.02,8.72,False,0,73.25315005727376,,0.231651376146789,0,0,5.0,393,-7.963144526612032,False,-5.20094562647756,,-0.0077303565519838986,False,False,独立池,5.42,0.0,20.91995896062572,28.659936809307272,0.7,0.0,20.06,Other
601877.SH,601877,正泰电器,20100121,,主板,L,1177211806.1000001,-6.2900407687827675,未知,未知,,,32.18,15.3627,15.0166,1.5201,2.6223,6915382.1648,6915382.1648,1630053055.8,False,0,0,False,False,35.15,31.29,-2.8088190878888586,4.889178617992185,-8.449502133712661,False,-6.2900407687827675,1.410939133031408,11.27,9.44,1209860721.94,95.4872,,,11573429841.26,177.5887,2.8157,0,6915382.1648,1630053055.8,1.0,1.5,PASS,False,0.4444444444444444,11.27,9.44,1.0,11.27,,15.3627,1.5201,2.8157,1.3631499556344278,99.46392506573181,10.0,0.0,32.18,35.15,False,0,73.25315005727376,,0.22629969418960244,0,0,5.0,393,-8.054354886038062,False,-2.8088190878888586,,-0.0012555787678198592,False,False,独立池,11.27,0.0,21.00542843671449,28.677030704525023,1.0,0.0,38.68,Other
002326.SZ,002326,永太科技,20091222,,主板,L,1296458947.0000002,-4.5841784989858025,未知,未知,,,23.52,,453.4439,7.8268,8.8403,2175900.1999,1900790.0668,981956700.4000001,True,0,0,False,False,27.7,22.0,0.42698548249358037,-9.154113557358057,-15.09025270758123,False,-4.5841784989858025,1.410939133031408,558.81,90.02,83156660.12,79.4509,,,54812313.34,75.8465,3.8396,0,2175900.1999,981956700.4000001,1.0,1.5,PASS,False,0.4444444444444444,558.81,90.02,1.0,558.81,ESP-Q,,7.8268,3.8396,,99.46392506573181,0.0,0.0,23.52,27.7,True,0,94.95990836197021,,0.28440366972477066,0,0,5.0,393,-6.3484926162410975,False,0.42698548249358037,,-0.029671949591341982,False,False,独立池,558.81,0.0,29.005079195286037,36.78898834764827,0.7,0.0,25.75,Other
002329.SZ,002329,皇氏集团,20100106,,主板,L,162061763.85,13.90887290167866,未知,未知,,,4.75,,,7.9358,6.0545,395391.8929,309506.6389,202211608.59999996,True,0,0,False,False,4.92,3.79,4.625550660792954,20.558375634517766,-3.455284552845528,False,13.90887290167866,1.410939133031408,-462.12,4.05,-8638349.8,-212.1517,,,-590428685.88,247.9321,0.8349,0,395391.8929,202211608.59999996,1.0,1.5,PASS,False,0.4444444444444444,-462.12,4.05,1.0,-463.12,ESP-Q,,7.9358,0.8349,,99.46392506573181,0.0,0.0,4.75,4.92,False,0,71.1340206185567,,0.7775229357798165,1,1,100.0,393,12.144558784423365,True,4.625550660792954,,0.0224093957809841,False,False,独立池,-463.12,0.0,14.074511383423843,74.15510846225177,0.7,0.0,51.91,Tier2
002334.SZ,002334,英威腾,20100113,,主板,L,425854780.7,5.484247374562412,未知,未知,,,9.04,35.7017,51.9392,2.4327,7.7913,743757.5024,664450.933,803586305.2,True,1,1,False,False,9.36,7.66,-1.2021857923497414,-8.779011099899103,-3.4188034188034178,False,5.484247374562412,1.410939133031408,-226.87,-30.25,-33650330.01,,,,381607983.57000005,,-0.9913,0,743757.5024,803586305.2,1.0,1.5,PASS,False,0.4444444444444444,-226.87,-30.25,1.0,-227.87,,35.7017,2.4327,-0.9913,,99.46392506573181,0.0,0.0,9.04,9.36,False,0,99.0836197021764,,0.613914373088685,0,1,55.0,393,3.7199332573071175,False,-1.2021857923497414,,0.0180352131194274,False,False,独立池,-227.87,0.0,17.51155313554051,60.727396537761024,1.0,0.0,60.73,Tier2
002338.SZ,002338,奥普光电,20100115,,主板,L,607357298.15,21.199999999999996,未知,未知,,,63.63,189.6447,156.134,10.5654,3.3589,1527120.0,1527120.0,459767683.59999996,True,1,0,False,False,65.58,52.06,0.7122507122507171,15.880531779275199,-2.9734675205855376,False,21.199999999999996,1.410939133031408,163.58,20.89,29410766.25,94.578,,,139883286.03,-390.5706,2.1748,0,1527120.0,459767683.59999996,1.0,1.5,PASS,False,0.4444444444444444,163.58,20.89,1.0,163.58,ESP-Q,189.6447,10.5654,2.1748,1.1593391612666584,99.46392506573181,0.0,0.0,63.63,65.58,True,0,78.46506300114548,CHASE,0.8585626911314985,1,1,100.0,393,19.4356858827447,True,0.7122507122507171,,-0.0022859155053645028,True,False,独立池,163.58,0.0,23.230702950061517,78.18565949035595,0.7,0.0,54.73,Tier2
002340.SZ,002340,格林美,20100122,,主板,L,2036585473.7500002,3.4229828850855792,未知,未知,,,8.46,27.3145,27.1229,1.9786,3.2084,4316596.2732,4294280.6722,1682302415.3999999,True,0,0,False,False,9.69,8.16,-6.7254685777287655,-2.5345622119815503,-12.693498452012374,False,3.4229828850855792,1.410939133031408,6.71,5.87,475599326.62,91.0327,,,3372042352.0299997,31.9247,2.4186,0,4316596.2732,1682302415.3999999,1.0,1.5,PASS,False,0.4444444444444444,6.71,5.87,1.0,6.71,,27.3145,1.9786,2.4186,4.070715350223547,99.46392506573181,0.0,0.0,8.46,9.69,False,0,72.16494845360825,,0.5489296636085627,0,1,55.0,393,1.6586687678302847,False,-6.7254685777287655,,-0.06354966859703702,False,False,独立池,6.71,0.0,20.938806075865806,53.33724575125564,1.0,0.0,53.34,Tier2
002339.SZ,002339,积成电子,20100122,,主板,L,220231698.25,-8.167141500474829,未知,未知,,,9.67,241.765,598.5199,2.7909,4.9804,487457.229,462922.7032,282408771.0,True,0,0,False,False,10.79,9.57,-5.009823182711193,-25.328185328185327,-10.37998146431881,False,-8.167141500474829,1.410939133031408,-25.5,-55.31,-79409226.83,,,,-213803689.8,,-4.115,0,487457.229,282408771.0,1.0,1.5,PASS,False,0.4444444444444444,-25.5,-55.31,1.0,-26.5,,241.765,2.7909,-4.115,,99.46392506573181,0.0,0.0,9.67,10.79,False,0,84.87972508591065,,0.1636085626911315,0,0,5.0,393,-9.931455617730123,False,-5.009823182711193,,0.012093249647080742,False,False,独立池,-26.5,0.0,20.45360243468496,32.054638012710186,1.0,0.0,32.05,Other
002345.SZ,002345,潮宏基,20100128,,主板,L,195283315.35000002,-8.732394366197182,未知,未知,,,9.72,17.3765,15.1071,2.1468,1.8252,863634.3512,842946.9428,167932451.2,False,0,0,False,False,11.66,9.6,-4.70588235294116,-30.719885958660008,-16.638078902229836,False,-8.732394366197182,1.410939133031408,39.94,176.84,263077229.59,99.8168,,,1425016242.39,102.7967,6.7694,0,863634.3512,167932451.2,1.0,1.5,PASS,False,0.4444444444444444,39.94,176.84,1.0,39.94,,17.3765,2.1468,6.7694,0.4350650976464697,99.46392506573181,10.0,0.0,9.72,11.66,False,0,71.1340206185567,,0.1536697247706422,0,0,5.0,393,-10.496708483452476,False,-4.70588235294116,,-0.038062153927028865,False,False,独立池,39.94,0.0,21.424301920383712,28.125066569643753,1.0,0.0,38.13,Other
002347.SZ,002347,泰尔股份,20100128,,主板,L,175434108.90000004,2.4271844660194164,未知,未知,,,8.44,,,3.8582,5.3048,425968.7209,416415.1684,155695689.0,True,0,0,False,False,8.66,7.59,-0.8225616921269108,-15.175879396984925,-2.5404157043879994,False,2.4271844660194164,1.410939133031408,10.57,-211.32,-8800991.0,,,,-205175445.28,,-0.6891,0,425968.7209,155695689.0,1.0,1.5,PASS,False,0.4444444444444444,10.57,-211.32,1.0,10.57,ESP-Q,,3.8582,-0.6891,,99.46392506573181,0.0,0.0,8.44,8.66,False,0,93.35624284077892,,0.5206422018348624,0,0,5.0,393,0.6628703487641219,False,-0.8225616921269108,,0.0004993073347117015,False,False,独立池,10.57,0.0,20.995201319917538,34.70591311621718,0.7,0.0,24.29,Other
002348.SZ,002348,高乐股份,20100203,,主板,L,341357657.5,46.26865671641791,未知,未知,,,13.72,,,32.6655,3.372,1299558.4,1239647.2746,405168605.2,True,2,2,False,False,13.72,9.28,4.1761579347000755,119.52000000000002,0.0,False,46.26865671641791,1.410939133031408,7.74,-10.54,-14147632.57,,,,-138532352.39,,-3.4553,0,1299558.4,405168605.2,1.0,1.5,PASS,False,0.4444444444444444,7.74,-10.54,1.0,7.74,ESP-Q,,32.6655,-3.4553,,99.46392506573181,0.0,0.0,13.72,13.72,False,0,78.12142038946163,CHASE,0.9640672782874617,1,1,100.0,393,44.50434259916261,True,4.1761579347000755,OVERHEAT,-0.017330858018302153,True,True,独立池,7.74,0.0,20.95385454772417,77.62719702638333,0.7,0.0,54.34,Tier2
601678.SH,601678,滨化股份,20100223,,主板,L,331400241.5499999,14.595660749506889,未知,未知,,,5.81,53.0458,43.341,1.0223,4.8204,1195021.8764,1187178.3764,429682862.4,True,1,1,False,False,5.81,4.93,14.595660749506889,7.592592592592573,0.0,False,14.595660749506889,1.410939133031408,79.84,-49.33,119408939.33,81.5392,,,325907127.36,82.9693,1.2619,1,1195021.8764,429682862.4,1.0,1.5,PASS,False,0.4444444444444444,79.84,-49.33,1.0,79.84,ESP-Q,53.0458,1.0223,1.2619,0.6644013026052104,99.46392506573181,0.0,0.0,5.81,5.81,False,10,73.25315005727376,,0.786697247706422,1,1,100.0,393,12.831346632251595,True,14.595660749506889,OVERHEAT,0.038974210862732825,False,True,独立池,79.84,0.0,22.00724757780966,76.37739453274406,0.7,10.0,43.46,Other
002591.SZ,002591,恒大高新,20110621,,主板,L,204828392.85,33.9820359281437,未知,未知,,,8.95,,,4.2002,9.1957,268678.5382,200043.6535,291289570.4,True,2,2,False,False,9.41,6.6,-0.444938820912133,12.862547288776781,-4.8884165781084015,False,33.9820359281437,1.410939133031408,672.93,-21.87,5412149.55,87.0511,,,-58079237.27,392.265,0.9767,0,268678.5382,291289570.4,1.0,1.5,PASS,False,0.4444444444444444,672.93,-21.87,1.0,672.93,ESP-Q,,4.2002,0.9767,,99.46392506573181,0.0,0.0,8.95,9.41,False,0,81.09965635738831,CHASE,0.9334862385321101,1,1,100.0,393,32.217721810888406,True,-0.444938820912133,,-0.018258635213063073,True,False,独立池,672.93,0.0,30.67239143652537,80.46437519452157,0.7,0.0,56.33,Tier2
002355.SZ,002355,兴民智通,20100209,,主板,L,166766133.70000002,8.360655737704924,未知,未知,,,6.61,,,5.399,5.1313,441865.941,408608.1557,191897253.8,True,1,1,False,False,6.77,5.62,0.0,-9.078404401650609,-2.3633677991137247,False,8.360655737704924,1.410939133031408,-3256.04,51.86,-44827377.86,,,,-188390458.88,,-18.8444,0,441865.941,191897253.8,1.0,1.5,PASS,False,0.4444444444444444,-3256.04,51.86,1.0,-3257.04,,,5.399,-18.8444,,99.46392506573181,0.0,0.0,6.61,6.77,False,0,73.25315005727376,,0.6712538226299695,0,1,55.0,393,6.59634162044963,True,0.0,,-0.01908453811448973,False,False,独立池,-1426.4568,0.0,0.0,49.47594501718213,1.0,0.0,49.48,Other
002354.SZ,002354,天娱数科,20100209,,主板,L,585265517.6500001,14.590747330960863,未知,未知,,,6.44,,,7.7483,6.298,1065553.2681,1046946.7937,794877015.0,True,1,1,False,False,6.75,5.38,1.098901098901095,-12.141882673942694,-4.592592592592581,False,14.590747330960863,1.410939133031408,459.04,40.07,30749599.02,101.681,,,-29804252.790000007,123.8457,2.3601,0,1065553.2681,794877015.0,1.0,1.5,PASS,False,0.4444444444444444,459.04,40.07,1.0,459.04,,,7.7483,2.3601,,99.46392506573181,0.0,0.0,6.44,6.75,False,0,69.5303550973654,,0.7851681957186545,1,1,100.0,393,12.826433213705569,True,1.098901098901095,,0.0033933679069856715,False,False,独立池,459.04,0.0,27.547422848384105,76.36859109888644,1.0,0.0,76.37,Tier2
002549.SZ,002549,凯美特气,20110218,,主板,L,1166537321.3000002,5.052631578947375,未知,未知,,,19.96,202.4507,291.9643,6.689,10.7911,1387914.4104,1381949.6139,1053095199.4000001,True,0,0,False,False,21.23,18.25,1.9407558733401498,-4.81640438721983,-5.982100800753654,False,5.052631578947375,1.410939133031408,-72.08,3719.55,7986101.53,74.4136,,,175966820.03,-77.5618,0.5189,1,1387914.4104,1053095199.4000001,1.0,1.5,PASS,False,0.4444444444444444,-72.08,3719.55,1.0,-73.08,ESP-Q,202.4507,6.689,0.5189,,99.46392506573181,0.0,0.0,19.96,21.23,False,10,95.30355097365405,,0.6001529051987767,0,1,55.0,393,3.2883174616920807,False,1.9407558733401498,,0.01345786237479502,False,False,独立池,-73.08,0.0,19.773060862682435,60.0456774646327,0.7,10.0,32.03,Other
002455.SZ,002455,百川股份,20100803,,主板,L,784993990.2000002,-14.310197086546705,未知,未知,,,10.0,,,2.6347,8.2985,722462.5,660811.973,532121866.3999999,False,0,0,False,False,12.28,9.84,-2.7237354085603016,-18.36734693877551,-18.56677524429967,False,-14.310197086546705,1.410939133031408,-91.98,-256.53,3278706.06,17.6814,,,-101098110.61,177.1832,0.8181,0,722462.5,532121866.3999999,1.0,1.5,PASS,False,0.4444444444444444,-91.98,-256.53,1.0,-92.98,ESP-Q,,2.6347,0.8181,,99.46392506573181,0.0,0.0,10.0,12.28,True,0,92.21076746849943,,0.045871559633027525,0,0,5.0,393,-16.074511203802,False,-2.7237354085603016,,-0.027456925514334728,False,False,独立池,-92.98,0.0,19.482318542312097,34.05969394901224,0.7,0.0,23.84,Other
002370.SZ,002370,亚太药业,20100316,,主板,L,269625437.3000001,-15.026595744680849,未知,未知,,,6.39,49.4749,46.9331,4.263,2.1414,476481.5517,476481.5517,176077923.0,True,0,0,False,False,7.75,6.35,-6.304985337243407,-11.495844875346261,-17.5483870967742,False,-15.026595744680849,1.410939133031408,42.24,-129.94,-4368585.08,,,,-174503937.94,,-0.2312,0,476481.5517,176077923.0,1.0,1.5,PASS,False,0.4444444444444444,42.24,-129.94,1.0,42.24,ESP-Q,49.4749,4.263,-0.2312,1.1712807765151514,99.46392506573181,0.0,0.0,6.39,7.75,True,0,73.25315005727376,,0.039755351681957186,0,0,5.0,393,-16.790909861936143,False,-6.304985337243407,,-0.019112671404908996,False,False,独立池,42.24,0.0,21.457905304145104,28.767526078011148,0.7,0.0,20.14,Other
601688.SH,601688,华泰证券,20100226,,主板,L,2089866676.8999999,-1.8547959724430352,未知,未知,,,18.52,10.204,9.5304,0.9386,1.8268,16717751.7317,13532116.0123,3118555958.1999993,True,0,0,False,False,19.92,18.45,-4.388229220443995,-18.736287845546297,-7.028112449799206,False,-1.8547959724430352,1.410939133031408,32.86,80.08,4801848057.26,100.0281,,,33709378415.82,611.4136,2.295,0,16717751.7317,3118555958.1999993,1.0,1.5,PASS,False,0.4444444444444444,32.86,80.08,1.0,32.86,,10.204,0.9386,2.295,0.3105295191722459,99.46392506573181,0.0,0.0,18.52,19.92,False,0,88.31615120274914,,0.3730886850152905,0,0,5.0,393,-3.6191100896983297,False,-4.388229220443995,,0.012619940288004321,False,False,独立池,32.86,0.0,21.32086193906602,33.259017748637945,1.0,0.0,33.26,Other
002364.SZ,002364,中恒电气,20100305,,主板,L,3420035368.2500005,10.253456221198153,未知,未知,,,47.85,213.3861,205.8219,10.783,10.5951,2696658.3336,2670526.4916,2988462124.3999996,True,2,2,False,False,53.13,38.85,6.975184439973181,52.24307986000636,-9.937888198757761,False,10.253456221198153,1.410939133031408,20.06,38.73,21968894.7,88.1023,,,251252335.56,-669.3062,1.0021,0,2696658.3336,2988462124.3999996,1.0,1.5,PASS,False,0.4444444444444444,20.06,38.73,1.0,20.06,ESP-Q,213.3861,10.783,1.0021,10.637392821535395,99.46392506573181,0.0,10.0,47.85,53.13,False,0,88.31615120274914,,0.7140672782874617,1,1,100.0,393,8.489142103942859,True,6.975184439973181,,-0.00571867380978775,False,False,独立池,20.06,0.0,21.133851803350428,80.72161572149483,0.7,10.0,46.51,Other
002366.SZ,002366,融发核电,20100312,,主板,L,407189204.0,5.117565698478543,未知,未知,,,7.6,,,3.4065,2.9538,1581512.6064,1406271.187,536698274.0,True,0,0,False,False,7.99,6.98,-0.9126466753585416,-1.170351105331613,-4.881101376720909,False,5.117565698478543,1.410939133031408,39.83,-254.27,1471823.42,14.5845,,,-206313631.72,-21.3429,0.2193,0,1581512.6064,536698274.0,1.0,1.5,PASS,False,0.4444444444444444,39.83,-254.27,1.0,39.83,ESP-Q,,3.4065,0.2193,,99.46392506573181,0.0,0.0,7.6,7.99,False,0,99.0836197021764,,0.6047400611620795,0,1,55.0,393,3.353251581223249,False,-0.9126466753585416,,-0.002803232594912183,False,False,独立池,39.83,0.0,21.422694802029906,61.509624871058904,0.7,0.0,43.06,Other
002368.SZ,002368,太极股份,20100312,,主板,L,239111644.2,-17.78115501519756,未知,未知,,,16.23,,,2.5422,2.5319,1011504.3772,1006613.6322,272970363.0,True,0,0,False,False,21.24,15.93,-6.56303972366149,-27.18707940780619,-23.587570621468924,False,-17.78115501519756,1.410939133031408,-45398.87,-504.26,-122427915.42,,,,-914602505.45,,-2.9625,0,1011504.3772,272970363.0,1.0,1.5,PASS,False,0.4444444444444444,-45398.87,-504.26,1.0,-45399.87,,,2.5422,-2.9625,,99.46392506573181,0.0,0.0,16.23,21.24,False,0,88.31615120274914,,0.021406727828746176,0,0,5.0,393,-19.545469132452855,False,-6.56303972366149,,-0.017043313121129625,False,False,独立池,-1426.4568,0.0,0.0,28.99484536082474,1.0,0.0,28.99,Other
002371.SZ,002371,北方华创,20100316,,主板,L,6870032767.449999,24.631578947368425,未知,未知,,,592.0,77.7076,76.9546,10.9202,3.217,42910090.8672,42875793.2288,8455294318.799998,True,0,0,False,False,620.84,445.0,3.281634362078889,22.314049586776854,-4.6453192448940195,False,24.631578947368425,1.410939133031408,3.6,-4.22,1626678172.85,99.5069,,,15245652309.95,41.6765,4.245,0,42910090.8672,8455294318.799998,1.0,1.5,PASS,False,0.4444444444444444,3.6,-4.22,1.0,3.6,ESP-Q,77.7076,10.9202,4.245,21.585444444444445,99.46392506573181,0.0,0.0,592.0,620.84,False,0,92.78350515463917,CHASE,0.8845565749235474,1,1,100.0,393,22.86726483011313,True,3.281634362078889,,-0.006738255107217254,True,False,独立池,3.6,0.0,20.89336845695366,82.01372523778248,0.7,0.0,57.41,Tier2
002373.SZ,002373,千方科技,20100318,,主板,L,255098285.89999995,-10.355648535564853,未知,未知,,,8.57,50.4483,264.5226,1.1759,1.8158,1354221.3003,1180592.2527,239468754.00000003,False,0,0,False,False,10.07,8.53,-7.04989154013016,-31.330128205128204,-14.895729890764642,False,-10.355648535564853,1.410939133031408,-84.15,108.11,-40298130.78,-1078.6805,,,122586891.89,-3091.558,0.0324,0,1354221.3003,239468754.00000003,1.0,1.5,PASS,False,0.4444444444444444,-84.15,108.11,1.0,-85.15,ESP-Q,50.4483,1.1759,0.0324,,99.46392506573181,0.0,0.0,8.57,10.07,False,0,88.31615120274914,,0.10856269113149847,0,0,5.0,393,-12.119962652820147,False,-7.04989154013016,,-0.04981773819979495,False,False,独立池,-85.15,0.0,19.59671614876937,32.91418859057862,0.7,0.0,23.04,Other
002380.SZ,002380,科远智慧,20100331,,主板,L,392461875.49999994,27.58620689655171,未知,未知,,,42.18,72.8809,65.6305,4.1598,23.7217,1012284.7755,599816.4298,680961110.8,True,0,0,False,False,42.44,32.5,20.239452679589508,37.61827079934748,-0.6126295947219584,False,27.58620689655171,1.410939133031408,29.45,-54.14,71473721.17,93.7378,,,504445962.05,23.4865,3.1832,0,1012284.7755,680961110.8,1.0,1.5,PASS,False,0.4444444444444444,29.45,-54.14,1.0,29.45,ESP-Q,72.8809,4.1598,3.1832,2.4747334465195245,99.46392506573181,0.0,0.0,42.18,42.44,False,0,98.51088201603666,CHASE,0.9051987767584098,1,1,100.0,393,25.821892779296416,True,20.239452679589508,OVERHEAT,0.027057550259880492,True,True,独立池,29.45,0.0,21.271041270098042,83.80747285883061,0.7,0.0,58.67,Tier2
002383.SZ,002383,合众思壮,20100402,,主板,L,157012801.5,-7.499999999999984,未知,未知,,,8.88,,,4.3793,2.2872,657439.9508,657439.9508,151708118.0,True,0,0,False,False,10.4,8.82,-9.202453987730053,-22.580645161290324,-14.615384615384608,False,-7.499999999999984,1.410939133031408,-192.05,26.39,-1264390.71,-298.7357,,,-222607439.07,-3078.9829,0.0281,0,657439.9508,151708118.0,1.0,1.5,PASS,False,0.4444444444444444,-192.05,26.39,1.0,-193.05,ESP-Q,,4.3793,0.0281,,99.46392506573181,0.0,0.0,8.88,10.4,False,0,73.25315005727376,,0.19342507645259938,0,0,5.0,393,-9.264314117255278,False,-9.202453987730053,,-0.03997618057151732,False,False,独立池,-193.05,0.0,18.02027914535433,28.080000846252993,0.7,0.0,19.66,Other
002379.SZ,002379,宏桥控股,20100331,,主板,L,630581725.95,-25.256455606650164,未知,未知,,,21.13,15.4139,11.158,5.6173,3.2697,27534752.7608,2401157.7401,697715919.0,True,0,0,False,False,29.46,20.9,-8.76511226252159,-29.566666666666674,-28.27562797012899,False,-25.256455606650164,1.410939133031408,11536.5041,-327.93,6795854852.29,100.5636,,,6123631624.1,107.3101,13.8129,0,27534752.7608,697715919.0,1.0,1.5,PASS,False,0.4444444444444444,11536.5041,-327.93,1.0,11536.5041,ESP-Q,15.4139,5.6173,13.8129,0.0013360979952323686,99.46392506573181,10.0,0.0,21.13,29.46,False,0,51.08820160366552,,0.006880733944954129,0,0,5.0,393,-27.02076972390546,False,-8.76511226252159,,-0.042103026234690255,False,False,独立池,1995.8175999999994,0.0,50.0,27.826460481099655,0.7,0.0,29.48,Other
002382.SZ,002382,蓝帆医疗,20100402,,主板,L,234018200.9,-9.973404255319151,未知,未知,,,6.77,,,0.9873,1.7735,681858.7058,675225.122,165436390.79999998,True,0,0,False,False,7.99,6.68,-4.647887323943667,12.458471760797352,-15.269086357947437,False,-9.973404255319151,1.410939133031408,82.46,-73.79,-9496791.42,-986.326,,,-1417581793.3500001,120.6724,0.0135,0,681858.7058,165436390.79999998,1.0,1.5,PASS,False,0.4444444444444444,82.46,-73.79,1.0,82.46,ESP-Q,,0.9873,0.0135,,99.46392506573181,0.0,0.0,6.77,7.99,True,0,77.20504009163804,,0.12079510703363915,0,0,5.0,393,-11.737718372574445,False,-4.647887323943667,,-0.015405317742083086,False,False,独立池,82.46,0.0,22.04552621496395,30.070617270484203,0.7,0.0,21.05,Other
002421.SZ,002421,达实智能,20100603,,主板,L,255284077.85,21.590909090909083,未知,未知,,,3.21,,,2.5067,11.4523,680706.7061,643084.0767,299623828.2,True,2,1,False,False,3.21,2.64,5.940594059405946,8.813559322033893,0.0,False,21.590909090909083,1.410939133031408,57.47,-25795.11,-19003668.8,,,,-705695098.9399999,,-0.5956,0,680706.7061,299623828.2,1.0,1.5,PASS,False,0.4444444444444444,57.47,-25795.11,1.0,57.47,ESP-Q,,2.5067,-0.5956,,99.46392506573181,0.0,0.0,3.21,3.21,False,0,73.25315005727376,CHASE,0.8646788990825688,1,1,100.0,393,19.826594973653787,True,5.940594059405946,,0.08515174695735121,True,False,独立池,57.47,0.0,21.680418145312956,76.31202864624473,0.7,0.0,53.42,Tier2
002392.SZ,002392,北京利尔,20100423,,主板,L,413012737.59999996,47.55244755244756,未知,未知,,,10.55,31.3229,31.0187,2.1089,4.3392,1255967.8351,1221211.6324,537843584.8000001,False,0,0,False,False,11.33,7.1,5.500000000000016,28.97310513447433,-6.884377758164161,False,47.55244755244756,1.410939133031408,-12.22,-15.88,59352519.59,45.5131,,,638477740.22,-148.1364,2.2137,0,1255967.8351,537843584.8000001,1.0,1.5,PASS,False,0.4444444444444444,-12.22,-15.88,1.0,-13.22,ESP-Q,31.3229,2.1089,2.2137,,99.46392506573181,0.0,0.0,10.55,11.33,False,0,72.73768613974799,CHASE,0.9678899082568807,1,1,75.0,393,45.788133435192265,True,5.500000000000016,,0.0055667111114325535,True,False,独立池,-13.22,0.0,20.647625450489887,63.45083093202237,0.7,0.0,44.42,Other
002385.SZ,002385,大北农,20100409,,主板,L,244376661.65,-7.901234567901227,未知,未知,,,3.73,,,2.1623,1.8894,1603929.3047,1291921.8328,237490156.8,False,0,0,False,False,4.07,3.71,-2.864583333333326,-7.444168734491319,-8.353808353808356,False,-7.901234567901227,1.410939133031408,-373.18,-451.93,-171996042.27,,,,-599055321.98,,-2.3198,0,1603929.3047,237490156.8,1.0,1.5,PASS,False,0.4444444444444444,-373.18,-451.93,1.0,-374.18,,,2.1623,-2.3198,,99.46392506573181,0.0,0.0,3.73,4.07,False,0,73.25315005727376,,0.17507645259938837,0,0,5.0,393,-9.665548685156521,False,-2.864583333333326,,-0.0497855616237373,False,False,独立池,-374.18,0.0,15.373939623310159,27.55073294184416,1.0,0.0,27.55,Other
002384.SZ,002384,东山精密,20100409,,主板,L,17412594061.1,39.47187928669409,未知,未知,,,203.35,268.7153,182.5685,16.453,7.3561,37245739.1632,28190852.2372,18897313897.2,True,2,1,False,False,230.0,143.6,-6.848373797526353,171.45908423441463,-11.586956521739133,False,39.47187928669409,1.410939133031408,166.99,7.5,1059278407.74,95.4397,,,3753184585.99,85.0721,5.0337,0,37245739.1632,18897313897.2,1.0,1.5,PASS,False,0.4444444444444444,166.99,7.5,1.0,166.99,,268.7153,16.453,5.0337,1.6091700101802504,99.46392506573181,0.0,10.0,203.35,230.0,False,0,92.78350515463917,CHASE,0.9533639143730887,1,1,100.0,393,37.707565169438794,True,-6.848373797526353,,-0.038677207493153024,True,False,独立池,166.99,0.0,23.2805236190295,82.49115627019765,1.0,10.0,72.49,Tier2
002386.SZ,002386,天原股份,20100409,,主板,L,405324805.70000005,4.700162074554304,未知,未知,,,6.46,95.7895,54.9649,1.0987,2.1134,840864.0092,840707.3309,270551832.2,False,0,0,False,False,7.44,6.12,-0.9202453987730008,7.13101160862355,-13.172043010752699,False,4.700162074554304,1.410939133031408,492.67,77.63,74606929.29,97.439,,,-37890007.68999999,-285.6024,1.0057,0,840864.0092,270551832.2,1.0,1.5,PASS,False,0.4444444444444444,492.67,77.63,1.0,492.67,ESP-Q,95.7895,1.0987,1.0057,0.19442933403698215,99.46392506573181,0.0,0.0,6.46,7.44,True,0,93.24169530355097,,0.5894495412844036,0,1,40.0,393,2.9358479572990093,False,-0.9202453987730008,,-0.019765083846220208,False,False,独立池,492.67,0.0,28.038762759643127,53.58026114299391,0.7,0.0,37.51,Other
002377.SZ,002377,国创高新,20100323,,主板,L,170567874.20000002,2.1341463414634276,未知,未知,,,3.35,155.4148,125.8496,7.7222,3.389,306968.9423,292261.5948,115634532.39999999,False,0,0,False,False,3.77,3.14,-7.9670329670329725,-3.735632183908044,-11.14058355437666,False,2.1341463414634276,1.410939133031408,371.34,98.23,6626476.32,97.0402,,,-23056862.96,-589.7453,1.7328,0,306968.9423,115634532.39999999,1.0,1.5,PASS,False,0.4444444444444444,371.34,98.23,1.0,371.34,ESP-Q,155.4148,7.7222,1.7328,0.4185242634782141,99.46392506573181,0.0,0.0,3.35,3.77,True,0,99.42726231386025,,0.511085626911315,0,0,5.0,393,0.3698322242081331,False,-7.9670329670329725,,-0.014796788676048818,False,False,独立池,371.34,0.0,26.266111215395238,37.58140093723712,0.7,0.0,26.31,Other
002407.SZ,002407,多氟多,20100518,,主板,L,4754178430.150001,21.404793608521967,未知,未知,,,36.47,204.0327,82.9192,4.9502,14.3097,4341507.5791,3934264.5072,4122232101.7999997,True,2,1,False,False,39.0,29.53,2.7903043968432906,22.547043010752677,-6.487179487179495,False,21.404793608521967,1.410939133031408,1724.01,124.45,380151002.68,101.2308,,,450740969.78000003,-138.4745,4.3749,0,4341507.5791,4122232101.7999997,1.0,1.5,PASS,False,0.4444444444444444,1724.01,124.45,1.0,1724.01,ESP-Q,204.0327,4.9502,4.3749,0.11834774740285729,99.46392506573181,0.0,0.0,36.47,39.0,False,0,73.25315005727376,CHASE,0.8623853211009175,1,1,100.0,393,19.64047949126667,True,2.7903043968432906,,0.022222843999714085,True,False,独立池,1724.01,0.0,46.02884561214613,81.18171413961136,0.7,0.0,56.83,Tier2
002395.SZ,002395,双象股份,20100429,,主板,L,171962222.7,18.8446438586652,未知,未知,,,21.19,28.1259,34.6045,3.6607,4.4897,568334.871,568285.617,177148736.60000002,True,1,1,False,False,21.19,17.54,3.1645569620253333,7.291139240506328,0.0,False,18.8446438586652,1.410939133031408,-65.33,67.86,20948463.62,69.2413,,,485719822.22,42.6488,1.968,0,568334.871,177148736.60000002,1.0,1.5,PASS,False,0.4444444444444444,-65.33,67.86,1.0,-66.33,ESP-Q,28.1259,3.6607,1.968,,99.46392506573181,0.0,0.0,21.19,21.19,False,0,95.1890034364261,CHASE,0.8333333333333334,1,1,100.0,393,17.080329741409905,True,3.1645569620253333,,-0.008246855156858577,True,False,独立池,-66.33,0.0,19.871679488938703,82.53103692871557,0.7,0.0,57.77,Tier2
002389.SZ,002389,航天彩虹,20100413,,主板,L,550709932.0,-4.402515723270439,未知,未知,,,21.28,778.151,131.8928,2.5835,2.1606,2095901.2927,2095571.7825,593288368.0,False,0,0,False,False,23.16,21.12,-6.420404573438865,-10.437710437710434,-8.117443868739205,False,-4.402515723270439,1.410939133031408,-84.89,-795.37,-61403500.84,-60.7412,,,-143803780.01,-149.3629,1.2541,0,2095901.2927,593288368.0,1.0,1.5,PASS,False,0.4444444444444444,-84.89,-795.37,1.0,-85.89,ESP-Q,778.151,2.5835,1.2541,,99.46392506573181,0.0,0.0,21.28,23.16,False,0,73.25315005727376,,0.29357798165137616,0,0,5.0,393,-6.166829840525734,False,-6.420404573438865,,-0.04492306237054778,False,False,独立池,-85.89,0.0,19.585904625298312,28.393125942241788,0.7,0.0,19.88,Other
601101.SH,601101,昊华能源,20100331,,主板,L,460680735.75,29.404617253948963,未知,未知,,,10.65,29.9288,27.5999,1.2455,2.9128,1533597.7912,1533597.7912,406735944.79999995,True,2,0,False,False,11.88,8.08,-5.2491103202847,38.49154746423926,-10.35353535353536,False,29.404617253948963,1.410939133031408,17.84,-52.91,322140364.15,100.7378,,,1814990014.9099998,180.6593,2.6422,0,1533597.7912,406735944.79999995,1.0,1.5,PASS,False,0.4444444444444444,17.84,-52.91,1.0,17.84,ESP-Q,29.9288,1.2455,2.6422,1.6776233183856502,99.46392506573181,0.0,0.0,10.65,11.88,False,0,73.25315005727376,CHASE,0.9128440366972477,1,1,100.0,393,27.640303136693667,True,-5.2491103202847,,-0.017868177130642128,True,False,独立池,17.84,0.0,21.101417232937255,76.19622846376959,0.7,0.0,53.34,Tier2
002410.SZ,002410,广联达,20100525,,主板,L,406660680.70000005,-9.920983318700616,未知,未知,,,10.26,41.8375,41.3918,2.9734,3.2574,1694894.8949,1610941.4989,451316821.2,False,0,0,False,False,11.74,10.22,-8.228980322003576,-25.054784514243977,-12.60647359454855,False,-9.920983318700616,1.410939133031408,24.08,99.68,23587159.47,68.9702,,,860408979.4200001,-683.7748,0.5641,0,1694894.8949,451316821.2,1.0,1.5,PASS,False,0.4444444444444444,24.08,99.68,1.0,24.08,ESP-Q,41.8375,2.9734,0.5641,1.737437707641196,99.46392506573181,0.0,0.0,10.26,11.74,False,0,73.25315005727376,,0.12385321100917432,0,0,5.0,393,-11.68529743595591,False,-8.228980322003576,,-0.03383649649928847,False,False,独立池,24.08,0.0,21.192584674098608,28.714461952001848,0.7,0.0,20.1,Other
002408.SZ,002408,齐翔腾达,20100518,,主板,L,303575364.7,-14.558823529411768,未知,未知,,,5.81,,,1.5071,1.3812,1651697.4809,1598387.2547,215282339.2,False,0,0,False,False,6.98,5.77,-3.005008347245419,0.3454231433505983,-16.76217765042981,False,-14.558823529411768,1.410939133031408,-1766.92,-3905.64,-92400315.01,,,,-797210220.8199999,,-0.8304,0,1651697.4809,215282339.2,1.0,1.5,PASS,False,0.4444444444444444,-1766.92,-3905.64,1.0,-1767.92,,,1.5071,-0.8304,,99.46392506573181,0.0,0.0,5.81,6.98,True,0,91.75257731958763,,0.04204892966360856,0,0,5.0,393,-16.323137646667064,False,-3.005008347245419,,-0.025693331435670163,False,False,独立池,-1426.4568,0.0,0.0,30.025773195876287,1.0,0.0,30.03,Other
002406.SZ,002406,远东传动,20100518,,主板,L,331773243.40000004,10.921052631578942,未知,未知,,,8.43,39.4054,35.6151,1.4949,12.2408,615579.7441,507665.473,358233375.2,True,1,0,False,False,8.63,7.54,3.182374541003674,3.308823529411753,-2.3174971031286296,False,10.921052631578942,1.410939133031408,76.88,55.13,35592728.81,79.0545,,,274775244.43,49.3722,1.0994,0,615579.7441,358233375.2,1.0,1.5,PASS,False,0.4444444444444444,76.88,55.13,1.0,76.88,ESP-Q,39.4054,1.4949,1.0994,0.512557232049948,99.46392506573181,0.0,0.0,8.43,8.63,False,0,80.52691867124857,,0.7255351681957186,1,1,100.0,393,9.156738514323647,True,3.182374541003674,,-0.008668007580085636,False,False,独立池,76.88,0.0,21.964001483925433,78.55087589815966,0.7,0.0,54.99,Tier2
002405.SZ,002405,四维图新,20100518,,主板,L,534481016.8999999,-0.5567928730512373,未知,未知,,,8.93,204.4701,189.775,2.4022,3.4152,2116989.3909,2103538.2132,669328465.2,True,0,0,False,False,9.72,8.68,-5.000000000000004,-17.16141001855287,-8.127572016460915,False,-0.5567928730512373,1.410939133031408,8.15,-32.44,-139531419.57,,,,-2657903336.96,,-1.6263,0,2116989.3909,669328465.2,1.0,1.5,PASS,False,0.4444444444444444,8.15,-32.44,1.0,8.15,ESP-Q,204.4701,2.4022,-1.6263,25.08835582822086,99.46392506573181,0.0,10.0,8.93,9.72,False,0,73.25315005727376,,0.42737003058103973,0,0,5.0,393,-2.321106990306532,False,-5.000000000000004,,-0.022614516567410974,False,False,独立池,8.15,0.0,20.959844716133812,28.66791396040889,0.7,10.0,10.07,Other
002402.SZ,002402,和而泰,20100511,,主板,L,1241143529.3999999,0.09578544061303873,未知,未知,,,31.35,43.6931,43.655,4.2025,5.286,2898741.0235,2566201.601,1370792958.8,True,0,0,False,False,33.92,30.58,-6.3620071684587725,-14.577656675749317,-7.576650943396224,False,0.09578544061303873,1.410939133031408,1.71,85.82,164511669.91,96.7856,,,1714849877.97,-16.3189,2.4977,0,2898741.0235,1370792958.8,1.0,1.5,PASS,False,0.4444444444444444,1.71,85.82,1.0,1.71,ESP-Q,43.6931,4.2025,2.4977,25.55152046783626,99.46392506573181,0.0,0.0,31.35,33.92,False,0,73.25315005727376,,0.44954128440366975,0,0,5.0,393,-1.6685286766422558,False,-6.3620071684587725,,-0.03738852729445007,False,False,独立池,1.71,0.0,20.865755241601907,28.64909606550251,0.7,0.0,20.05,Other
002409.SZ,002409,雅克科技,20100525,,主板,L,1638150849.7,24.822859797885922,未知,未知,,,107.46,51.127,50.8011,6.313,12.0119,5114318.8278,3422845.4393,2992937584.6000004,True,1,1,False,False,114.8,80.25,13.654151242728707,18.884832392963812,-6.39372822299652,False,24.822859797885922,1.410939133031408,-3.81,5.91,244385624.22,91.6373,,,2521716206.29,-11.9372,3.3401,0,5114318.8278,2992937584.6000004,1.0,1.5,PASS,False,0.4444444444444444,-3.81,5.91,1.0,-4.8100000000000005,ESP-Q,51.127,6.313,3.3401,,99.46392506573181,0.0,0.0,107.46,114.8,False,0,73.25315005727376,CHASE,0.8876146788990825,1,1,100.0,393,23.058545680630626,True,13.654151242728707,OVERHEAT,0.0050257145858208065,True,True,独立池,-4.8100000000000005,0.0,20.770496953721775,76.13004440792648,0.7,0.0,53.29,Tier2
002416.SZ,002416,爱施德,20100528,,主板,L,499286638.9,-6.929955290611023,未知,未知,,,12.49,41.3441,41.1416,2.5867,2.5555,1547862.9757,1528656.4757,388331417.59999996,False,0,0,False,False,14.5,12.39,-8.698830409356717,-7.822878228782293,-13.862068965517238,False,-6.929955290611023,1.410939133031408,-1.47,-24.94,114951714.26,89.8386,,,980125546.51,-866.6662,2.161,0,1547862.9757,388331417.59999996,1.0,1.5,PASS,False,0.4444444444444444,-1.47,-24.94,1.0,-2.4699999999999998,ESP-Q,41.3441,2.5867,2.161,,99.46392506573181,0.0,0.0,12.49,14.5,True,0,88.31615120274914,,0.20336391437308868,0,0,5.0,393,-8.694269407866317,False,-8.698830409356717,,-0.06557246900083438,False,False,独立池,-2.4699999999999998,0.0,20.80468474415728,33.155782309656196,0.7,0.0,23.21,Other
002415.SZ,002415,海康威视,20100528,,主板,L,2464607783.9500003,-0.2409638554217053,未知,未知,,,33.12,21.3831,20.3202,3.5269,0.6837,30354054.5736,29961684.0168,2608399418.0,False,0,0,False,False,37.09,32.75,-6.334841628959287,1.782421634910869,-10.703693717983299,False,-0.2409638554217053,1.410939133031408,37.44,15.98,2647647238.1,95.199,,,30810777414.54,-57.505,3.2833,0,30354054.5736,2608399418.0,1.0,1.5,PASS,False,0.4444444444444444,37.44,15.98,1.0,37.44,ESP-Q,21.3831,3.5269,3.2833,0.5711298076923077,99.46392506573181,10.0,0.0,33.12,37.09,False,0,90.60710194730814,,0.43577981651376146,0,0,5.0,393,-2.005277972677,False,-6.334841628959287,,-0.04721950520906035,False,False,独立池,37.44,0.0,21.38777650325176,33.95968588484279,0.7,0.0,33.77,Other
002414.SZ,002414,高德红外,20100716,,主板,L,1469961367.4500003,6.8807339449541205,未知,未知,,,13.98,87.0089,61.6437,8.0603,2.2313,5970489.079,4751260.1785,1278533465.8,False,0,0,False,False,15.52,12.77,-6.363027461486936,-15.985576923076927,-9.922680412371133,False,6.8807339449541205,1.410939133031408,430.69,225.07,351779124.36,96.1404,,,1656946057.6100001,-25.0006,5.0649,0,5970489.079,1278533465.8,1.0,1.5,PASS,False,0.4444444444444444,430.69,225.07,1.0,430.69,ESP-Q,87.0089,8.0603,5.0649,0.2020221040655692,99.46392506573181,0.0,0.0,13.98,15.52,False,0,73.25315005727376,,0.6437308868501529,0,1,40.0,393,5.1164198276988255,True,-6.363027461486936,,-0.06126405170499021,False,False,独立池,430.69,0.0,27.133224618107775,47.40258994080368,0.7,0.0,33.18,Other
002413.SZ,002413,雷科防务,20100528,,主板,L,1703346167.7499998,-6.157270029673589,未知,未知,,,12.65,,,5.0749,4.7354,1668966.0171,1638719.5787,1276610462.0,False,0,0,False,False,15.5,12.48,-8.53217642805495,-17.85714285714286,-18.387096774193544,False,-6.157270029673589,1.410939133031408,51.75,75.0,-19087887.3,,,,-278754726.53,,-0.4844,0,1668966.0171,1276610462.0,1.0,1.5,PASS,False,0.4444444444444444,51.75,75.0,1.0,51.75,,,5.0749,-0.4844,,99.46392506573181,0.0,0.0,12.65,15.5,True,0,73.25315005727376,,0.23318042813455658,0,0,5.0,393,-7.921584146928884,False,-8.53217642805495,,-0.059888424697002514,False,False,独立池,51.75,0.0,21.596847990915048,28.795314615365136,1.0,0.0,28.8,Other
002422.SZ,002422,科伦药业,20100603,,主板,L,579606524.85,-12.100840336134466,未知,未知,,,31.38,29.3306,31.7672,2.1008,0.7775,4991871.4307,4075053.3711,485742074.0,True,0,0,False,False,36.15,31.03,-5.453449834287428,-1.6609213412723367,-13.195020746887964,False,-12.100840336134466,1.410939133031408,-32.42,-44.99,381454885.0,84.0763,,,4110415014.0,70.0189,1.857,0,4991871.4307,485742074.0,1.0,1.5,PASS,False,0.4444444444444444,-32.42,-44.99,1.0,-33.42,,29.3306,2.1008,1.857,,99.46392506573181,0.0,0.0,31.38,36.15,False,0,73.25315005727376,,0.07415902140672782,0,0,5.0,393,-13.86515445338976,False,-5.453449834287428,,-0.015255689094420013,False,False,独立池,-33.42,0.0,20.352500080063717,28.54644503319487,1.0,0.0,28.55,Other
002428.SZ,002428,云南锗业,20100608,,主板,L,8305539762.900001,58.05774278215223,未知,未知,,,90.33,2928.4395,3096.3157,40.1556,18.1627,5899632.96,5898870.8006,10517793257.000002,True,5,2,False,True,105.17,55.51,-2.0281995661605268,157.6440387906446,-14.110487781686798,False,58.05774278215223,1.410939133031408,-32.14,-126.02,4846970.85,53.2218,,,7961547.22,250.3565,0.622,0,5899632.96,10517793257.000002,1.0,1.5,PASS,False,0.4444444444444444,-32.14,-126.02,1.0,-33.14,ESP-Q,2928.4395,40.1556,0.622,,99.46392506573181,0.0,0.0,90.33,105.17,False,0,73.25315005727376,CHASE,0.9870030581039755,1,1,100.0,393,56.293428664896936,True,-2.0281995661605268,突破型,-0.026526379926201386,True,False,独立池,-33.14,0.0,20.356590926782495,76.04726320253863,0.7,0.0,53.23,Tier2
002426.SZ,002426,胜利精密,20100608,,主板,L,626144272.5500001,2.7027027027026973,未知,未知,,,3.8,,,7.876,8.2587,1292997.8481,1292987.9586,761756537.7999998,True,0,0,False,False,4.16,3.52,-3.797468354430389,-6.4039408866995,-8.653846153846157,False,2.7027027027026973,1.410939133031408,-136.39,16.34,-77989644.96,,,,-889364566.2099999,,-4.4992,0,1292997.8481,761756537.7999998,1.0,1.5,PASS,False,0.4444444444444444,-136.39,16.34,1.0,-137.39,,,7.876,-4.4992,,99.46392506573181,0.0,0.0,3.8,4.16,False,0,88.43069873997709,,0.5290519877675841,0,0,5.0,393,0.9383885854474028,False,-3.797468354430389,,-0.031986637095363826,False,False,独立池,-137.39,0.0,18.83348103238011,32.795905828469145,1.0,0.0,32.8,Other
002456.SZ,002456,欧菲光,20100803,,主板,L,634646404.75,-6.4171122994652325,未知,未知,,,8.75,705.7407,,7.8361,2.0895,2938296.0688,2902721.4221,634943221.1999999,True,0,0,False,False,9.65,8.36,-2.777777777777779,-11.437246963562764,-9.32642487046632,False,-6.4171122994652325,1.410939133031408,-194.44,-134.95,-253466762.56,,,,-569281847.23,,-6.3659,0,2938296.0688,634943221.1999999,1.0,1.5,PASS,False,0.4444444444444444,-194.44,-134.95,1.0,-195.44,,705.7407,7.8361,-6.3659,,99.46392506573181,0.0,0.0,8.75,9.65,False,0,90.60710194730814,,0.22018348623853212,0,0,5.0,393,-8.181426416720527,False,-2.777777777777779,,-0.010605373166899152,False,False,独立池,-195.44,0.0,17.985360846576185,33.279202753507676,1.0,0.0,33.28,Other
002430.SZ,002430,杭氧股份,20100610,,主板,L,877915112.4000002,6.616862326574169,未知,未知,,,29.97,30.9019,29.681,2.9118,2.2936,2932141.2307,2930878.8943,890198519.0000001,True,0,0,False,False,33.43,27.54,-3.197674418604657,-3.6644165863066513,-10.349985043374222,False,6.616862326574169,1.410939133031408,13.04,5.68,251578025.2,94.8971,,,2351000166.32,137.0247,2.6433,0,2932141.2307,890198519.0000001,1.0,1.5,PASS,False,0.4444444444444444,13.04,5.68,1.0,13.04,,30.9019,2.9118,2.6433,2.3697776073619634,99.46392506573181,0.0,0.0,29.97,33.43,False,0,95.30355097365405,,0.6376146788990825,0,1,55.0,393,4.852548209318874,False,-3.197674418604657,,-0.012214275118736172,False,False,独立池,13.04,0.0,21.031288432043908,60.297322978504994,1.0,0.0,60.3,Tier2
002459.SZ,002459,晶澳科技,20100810,,主板,L,595354777.35,-4.511970534069986,未知,未知,,,10.37,,,1.6519,3.0933,3432172.3561,3428092.5565,863730652.8000001,False,0,0,False,False,11.39,10.28,-5.898366606170602,-18.41070023603463,-8.95522388059703,False,-4.511970534069986,1.410939133031408,-1.37,-17.75,-1425222988.86,,,,-12191009861.8,,-4.8893,0,3432172.3561,863730652.8000001,1.0,1.5,PASS,False,0.4444444444444444,-1.37,-17.75,1.0,-2.37,,,1.6519,-4.8893,,99.46392506573181,0.0,0.0,10.37,11.39,False,0,77.20504009163804,,0.2874617737003058,0,0,5.0,393,-6.27628465132528,False,-5.898366606170602,,-0.007905369664783474,False,False,独立池,-2.37,0.0,20.806145760842558,29.822741179659925,1.0,0.0,29.82,Other
002432.SZ,002432,九安医疗,20100610,,主板,L,2590454892.9,-1.5877216194760568,未知,未知,,,74.38,15.262,15.0807,1.6003,5.7587,3459500.4527,3454877.282,2579995570.7999997,True,1,0,False,False,94.94,68.62,1.7231947483588472,74.84720263281616,-21.655782599536554,False,-1.5877216194760568,1.410939133031408,49.85,36.39,345084121.26,117.5622,,,5096018717.0,-23.7233,1.3511,0,3459500.4527,2579995570.7999997,1.0,1.5,PASS,False,0.4444444444444444,49.85,36.39,1.0,49.85,ESP-Q,15.262,1.6003,1.3511,0.30615847542627883,99.46392506573181,0.0,0.0,74.38,94.94,False,0,84.65063001145475,,0.3853211009174312,0,0,5.0,393,-3.3520357367313514,False,1.7231947483588472,,-0.007778633601823977,False,False,独立池,49.85,0.0,21.569088673894765,32.20900673821538,0.7,0.0,22.55,Other
002434.SZ,002434,万里扬,20100618,,主板,L,169170069.55,-5.797101449275354,未知,未知,,,7.8,42.6428,50.1318,1.7287,2.3518,1023828.0,1022829.834,200384449.99999997,True,0,0,False,False,8.37,7.06,0.25706940874035134,-20.24539877300613,-6.810035842293905,False,-5.797101449275354,1.410939133031408,-52.87,-141.67,43801435.79,60.9127,,,359278313.81,-12.1276,1.2216,0,1023828.0,200384449.99999997,1.0,1.5,PASS,False,0.4444444444444444,-52.87,-141.67,1.0,-53.87,ESP-Q,42.6428,1.7287,1.2216,,99.46392506573181,0.0,0.0,7.8,8.37,False,0,77.20504009163804,,0.24388379204892965,0,0,5.0,393,-7.561415566530648,False,0.25706940874035134,,-0.0004731405292746167,False,False,独立池,-53.87,0.0,20.053722167924352,29.672256461076284,0.7,0.0,20.77,Other
002436.SZ,002436,兴森科技,20100618,,主板,L,4332736021.500001,27.489878542510127,未知,未知,,,31.49,396.6232,370.8658,10.0281,9.0283,5352272.0499,4779962.9272,4768226487.200001,True,1,1,False,False,34.74,24.57,-5.064817606270733,40.76888690210101,-9.355210132412218,False,27.489878542510127,1.410939133031408,308.32,172.03,28173909.69,150.3034,,,364630152.78999996,,0.3508,0,5352272.0499,4768226487.200001,1.0,1.5,PASS,False,0.4444444444444444,308.32,172.03,1.0,308.32,,396.6232,10.0281,0.3508,1.2864011416709913,99.46392506573181,0.0,0.0,31.49,34.74,False,0,92.78350515463917,CHASE,0.9029051987767585,1,1,100.0,393,25.72556442525483,True,-5.064817606270733,,-0.007075024659745126,True,False,独立池,308.32,0.0,25.345378500333,82.90412724645836,1.0,0.0,82.9,Tier2
002440.SZ,002440,闰土股份,20100706,,主板,L,443005803.29999995,-14.944491887275834,未知,未知,,,9.96,16.725,13.9018,1.1058,3.5175,1119503.9054,942573.9903,326429415.00000006,False,0,0,False,False,12.65,9.88,-5.592417061611377,-31.452167928423947,-21.26482213438735,False,-14.944491887275834,1.410939133031408,236.83,68.32,148670706.56,80.9209,,,834991402.2,6.6378,1.8314,0,1119503.9054,326429415.00000006,1.0,1.5,PASS,False,0.4444444444444444,236.83,68.32,1.0,236.83,,16.725,1.1058,1.8314,0.07062027614744754,99.46392506573181,0.0,0.0,9.96,12.65,True,0,77.20504009163804,,0.04128440366972477,0,0,5.0,393,-16.70880600453113,False,-5.592417061611377,,-0.021379168496566965,False,False,独立池,236.83,0.0,24.300897672027705,30.521691561896954,1.0,0.0,30.52,Other
002437.SZ,002437,誉衡药业,20100623,,主板,L,434999868.85,-19.437340153452688,未知,未知,,,3.15,18.6362,17.0662,2.9414,3.0002,702408.4597,661548.4631,235726522.40000004,True,0,0,False,False,3.99,3.13,-5.97014925373135,-9.221902017291072,-21.052631578947377,False,-19.437340153452688,1.410939133031408,26.56,8.64,62942231.17,66.3066,,,546905319.69,67.7832,4.0552,0,702408.4597,235726522.40000004,1.0,1.5,PASS,False,0.4444444444444444,26.56,8.64,1.0,26.56,ESP-Q,18.6362,2.9414,4.0552,0.701664156626506,99.46392506573181,10.0,0.0,3.15,3.99,True,0,72.16494845360825,,0.0191131498470948,0,0,5.0,393,-21.201654270707984,False,-5.97014925373135,,-0.02548690853650698,False,False,独立池,26.56,0.0,21.228817887893502,28.39524811366117,0.7,0.0,29.88,Other
002443.SZ,002443,金洲管道,20100706,,主板,L,422281084.65,35.643564356435654,未知,未知,,,12.33,46.5968,42.3931,1.8318,7.7815,641820.2962,639998.535,396889663.6,True,1,0,False,False,12.54,9.0,2.750000000000008,43.87397899649941,-1.674641148325351,False,35.643564356435654,1.410939133031408,45.89,-31.98,35305024.33,88.4492,,,305240198.44,52.1921,1.146,0,641820.2962,396889663.6,1.0,1.5,PASS,False,0.4444444444444444,45.89,-31.98,1.0,45.89,ESP-Q,46.5968,1.8318,1.146,1.0154020483765527,99.46392506573181,0.0,0.0,12.33,12.54,False,0,74.45589919816724,CHASE,0.9434250764525994,1,1,100.0,393,33.87925023918036,True,2.750000000000008,OVERHEAT,0.019386898158024704,True,True,独立池,45.89,0.0,21.511232413157757,76.63901624208172,0.7,0.0,53.65,Tier2
002613.SZ,002613,北玻股份,20110830,,主板,L,244302417.54999998,5.277044854881274,未知,未知,,,3.99,140.0359,415.6556,1.9893,6.2902,439126.9081,308695.0945,242356184.59999996,False,1,0,False,False,4.6,3.75,-7.20930232558139,-4.316546762589923,-13.260869565217382,False,5.277044854881274,1.410939133031408,-103.31,-66.56,-669936.55,-38.8651,,,61561824.849999994,7585.3161,0.0781,0,439126.9081,242356184.59999996,1.0,1.5,PASS,False,0.4444444444444444,-103.31,-66.56,1.0,-104.31,ESP-Q,140.0359,1.9893,0.0781,,99.46392506573181,0.0,0.0,3.99,4.6,False,0,96.10538373424971,,0.6093272171253823,0,1,40.0,393,3.5127307376259798,False,-7.20930232558139,,-0.023837683858525915,False,False,独立池,-104.31,0.0,19.316785351870095,52.69497219064893,0.7,0.0,36.89,Other
002439.SZ,002439,启明星辰,20100623,,主板,L,835335142.75,6.11295681063122,未知,未知,,,15.97,,,1.7764,6.5608,1934606.1274,1163572.924,876675140.5999999,True,0,0,False,False,17.15,14.4,-2.7405602923264327,11.36680613668062,-6.880466472303192,False,6.11295681063122,1.410939133031408,236.11,-294.68,70056074.71,143.8149,,,-900183005.6800001,-76.0649,0.4483,0,1934606.1274,876675140.5999999,1.0,1.5,PASS,False,0.4444444444444444,236.11,-294.68,1.0,236.11,ESP-Q,,1.7764,0.4483,,99.46392506573181,0.0,0.0,15.97,17.15,False,0,72.16494845360825,,0.6269113149847095,0,1,55.0,393,4.3486426933759255,False,-2.7405602923264327,,-0.035185221855721344,False,False,独立池,236.11,0.0,24.290378351893704,54.007560206461214,0.7,0.0,37.81,Other
603002.SH,603002,宏昌电子,20120518,,主板,L,1356967559.9,17.546583850931686,未知,未知,,,15.14,485.4155,584.3185,4.9685,10.1337,1716994.8626,1716994.8626,1380580922.4,True,1,1,False,False,17.53,12.51,-1.1103853690398457,62.272240085744926,-13.633770678836289,False,17.546583850931686,1.410939133031408,-112.88,-29.51,-795763.89,-169.8421,,,65072574.44,,0.0136,0,1716994.8626,1380580922.4,1.0,1.5,PASS,False,0.4444444444444444,-112.88,-29.51,1.0,-113.88,ESP-Q,485.4155,4.9685,0.0136,,99.46392506573181,0.0,0.0,15.14,17.53,False,0,93.92898052691866,CHASE,0.8264525993883792,1,1,100.0,393,15.782269733676392,True,-1.1103853690398457,,0.006296820281299981,True,False,独立池,-113.88,0.0,19.17696605508898,82.0140873690934,0.7,0.0,57.41,Tier2
601012.SH,601012,隆基绿能,20120411,,主板,L,2383164955.8999996,-10.241657077100108,未知,未知,,,15.6,,,2.3422,3.2431,11821783.0598,11821771.2881,3207794614.0,False,0,0,False,False,17.8,15.55,-6.080674292594823,-18.665276329509904,-12.35955056179776,False,-10.241657077100108,1.410939133031408,-7.6273,15.8366,-2134583913.86,,,,-17254555245.12,,-3.6495,0,11821783.0598,3207794614.0,1.0,1.5,PASS,False,0.4444444444444444,-7.6273,15.8366,1.0,-8.6273,,,2.3422,-3.6495,,99.46392506573181,0.0,0.0,15.6,17.8,False,0,74.3413516609393,,0.11162079510703364,0,0,5.0,393,-12.005971194355402,False,-6.080674292594823,,-0.005712597683155883,False,False,独立池,-8.6273,0.0,20.71472556379465,28.94535061104072,1.0,0.0,28.95,Other
002444.SZ,002444,巨星科技,20100713,,主板,L,486747058.44999987,12.589227774172617,未知,未知,,,34.7,16.5152,16.163,2.1674,1.0228,4144839.2915,3979149.7272,503834460.2,False,0,0,False,False,36.85,30.7,-2.060400790290706,-3.2887402452619785,-5.834464043419263,False,12.589227774172617,1.410939133031408,9.31,0.94,505437476.46,98.0685,,,6120930936.93,12.445,2.717,0,4144839.2915,503834460.2,1.0,1.5,PASS,False,0.4444444444444444,9.31,0.94,1.0,9.31,ESP-Q,16.5152,2.1674,2.717,1.773920515574651,99.46392506573181,10.0,0.0,34.7,36.85,False,0,73.25315005727376,,0.7576452599388379,1,1,75.0,393,10.824913656917323,True,-2.060400790290706,,-0.012766553809497119,False,False,独立池,9.31,0.0,20.976792509683037,63.67130351911874,0.7,0.0,54.57,Tier2
002466.SZ,002466,天齐锂业,20100831,,主板,L,7001982819.65,11.82847896440129,未知,未知,,,69.11,255.9317,52.9904,2.5544,4.7449,11840051.8164,10198086.0967,5890612080.400001,True,0,0,False,False,82.49,61.5,-10.675972599198658,37.259185700099295,-16.220147896714753,False,11.82847896440129,1.410939133031408,3987.18,104.53,1815751653.83,96.787,,,2247503625.95,6.9364,4.2273,0,11840051.8164,5890612080.400001,1.0,1.5,PASS,False,0.4444444444444444,3987.18,104.53,1.0,3987.18,,255.9317,2.5544,4.2273,0.06418864962203864,99.46392506573181,0.0,0.0,69.11,82.49,False,0,73.25315005727376,,0.7408256880733946,1,1,100.0,393,10.064164847145996,True,-10.675972599198658,,-0.050649952152340694,False,False,独立池,1995.8175999999994,0.0,50.0,81.97594501718213,1.0,0.0,81.98,Tier2
002445.SZ,002445,中南文化,20100713,,主板,L,715197635.0,26.488095238095234,未知,未知,,,4.25,135.2749,192.6069,4.4209,17.4913,1010058.2007,1005680.0385,898559659.4,True,0,0,False,False,4.27,3.31,9.819121447028412,51.7857142857143,-0.4683840749414414,False,26.488095238095234,1.410939133031408,-77.78,-25.55,2727947.57,10.3591,,,114631354.18,-265.8471,1.1594,0,1010058.2007,898559659.4,1.0,1.5,PASS,False,0.4444444444444444,-77.78,-25.55,1.0,-78.78,ESP-Q,135.2749,4.4209,1.1594,,99.46392506573181,0.0,0.0,4.25,4.27,False,0,72.39404352806415,CHASE,0.8983180428134556,1,1,100.0,393,24.723781120839938,True,9.819121447028412,OVERHEAT,0.02359516090901342,True,True,独立池,-78.78,0.0,19.689782911621585,75.65616964074356,0.7,0.0,52.96,Tier2
601118.SH,601118,海南橡胶,20110107,,主板,L,392195601.5499999,9.256449165402136,未知,未知,,,7.2,,,3.221,1.6655,3081188.0138,3081188.0138,513901137.79999995,True,0,0,False,False,7.95,6.45,-3.0955585464333746,4.046242774566489,-9.433962264150942,False,9.256449165402136,1.410939133031408,-122.3425,-58.45,-220806856.65,,,,-1752969561.71,,-1.3246,0,3081188.0138,513901137.79999995,1.0,1.5,PASS,False,0.4444444444444444,-122.3425,-58.45,1.0,-123.3425,,,3.221,-1.3246,,99.46392506573181,0.0,0.0,7.2,7.95,False,0,73.25315005727376,,0.6926605504587156,0,1,55.0,393,7.492135048146842,True,-3.0955585464333746,,0.0017293597858389581,False,False,独立池,-123.3425,0.0,19.038717351244543,53.283688487431036,1.0,0.0,53.28,Tier2
002458.SZ,002458,益生股份,20100810,,主板,L,235923363.4,-9.217046580773037,未知,未知,,,9.16,79.2512,46.5147,2.9566,3.2154,1310972.8237,885209.1849,223895816.79999998,True,0,0,False,False,12.11,8.86,-20.27850304612707,-6.0512820512820475,-24.360033030553254,False,-9.217046580773037,1.410939133031408,812.53,-66.08,102528565.08,99.299,,,314525912.71,149.8121,2.3561,0,1310972.8237,223895816.79999998,1.0,1.5,PASS,False,0.4444444444444444,812.53,-66.08,1.0,812.53,ESP-Q,79.2512,2.9566,2.3561,0.09753633711986019,99.46392506573181,0.0,0.0,9.16,12.11,False,0,73.25315005727376,,0.13914373088685014,0,0,5.0,393,-10.98136069802833,False,-20.27850304612707,,-0.007378386965866526,False,False,独立池,812.53,0.0,32.711970729173565,31.01833916301684,0.7,0.0,21.71,Other
002457.SZ,002457,青龙管业,20100803,,主板,L,263596768.54999998,9.990917347865569,未知,未知,,,12.11,31.1544,31.3906,1.5906,9.7867,403852.5148,403590.3926,337271959.4,True,0,0,False,False,12.39,10.53,2.627118644067794,-7.345065034429998,-2.25988700564973,False,9.990917347865569,1.410939133031408,14.06,-51.25,-6463581.32,,,,166155684.53,,-0.2494,0,403852.5148,337271959.4,1.0,1.5,PASS,False,0.4444444444444444,14.06,-51.25,1.0,14.06,ESP-Q,31.1544,1.5906,-0.2494,2.215817923186344,99.46392506573181,0.0,0.0,12.11,12.39,False,0,35.39518900343643,CAT-0,0.7079510703363915,1,1,100.0,393,8.226603230610275,True,2.627118644067794,,-0.0021511127103480587,False,False,独立池,14.06,0.0,21.046190802233745,64.82779486147768,0.35,0.0,22.69,Other
601000.SH,601000,唐山港,20100705,,主板,L,198657113.05,-4.583333333333329,未知,未知,,,4.58,13.5815,12.9995,1.2381,0.7968,2714075.3052,2714075.3052,215278620.8,False,0,0,False,False,4.95,4.52,-4.781704781704777,7.511737089201875,-7.4747474747474785,False,-4.583333333333329,1.410939133031408,23.62,1.33,470332183.03,99.8862,,,4662300453.63,79.7562,2.1697,0,2714075.3052,215278620.8,1.0,1.5,PASS,False,0.4444444444444444,23.62,1.33,1.0,23.62,ESP-Q,13.5815,1.2381,2.1697,0.575,99.46392506573181,0.0,0.0,4.58,4.95,False,0,73.25315005727376,,0.2851681957186544,0,0,5.0,393,-6.347647450588623,False,-4.781704781704777,,0.005053822339271562,False,False,独立池,23.62,0.0,21.185863997346328,28.713117816651394,0.7,0.0,20.1,Other
002452.SZ,002452,长高电新,20100720,,主板,L,291357805.59999996,-1.5496809480401108,未知,未知,,,10.8,19.5533,18.3148,2.4153,5.6163,669958.6518,556466.0256,388200242.6,True,0,0,False,False,11.67,10.54,-4.424778761061942,6.719367588932812,-7.455012853470433,False,-1.5496809480401108,1.410939133031408,79.83,0.44,54558125.98,96.3578,,,588532704.27,106.2304,2.0521,0,669958.6518,388200242.6,1.0,1.5,PASS,False,0.4444444444444444,79.83,0.44,1.0,79.83,ESP-Q,19.5533,2.4153,2.0521,0.24493674057371917,99.46392506573181,0.0,0.0,10.8,11.67,False,0,85.6815578465063,,0.38837920489296635,0,0,5.0,393,-3.3139950652954053,False,-4.424778761061942,,-0.020414593778061402,False,False,独立池,79.83,0.0,22.007101476141134,32.60588764918012,0.7,0.0,22.82,Other
002453.SZ,002453,华软科技,20100720,,主板,L,186993559.19999996,28.838174273858908,未知,未知,,,6.21,,,6.7613,6.0401,504479.9852,374245.8705,271431178.59999996,True,2,2,False,False,6.77,4.7,-4.461538461538462,1.4705882352941124,-8.27178729689807,False,28.838174273858908,1.410939133031408,-52.81,5.98,-38268472.45,,,,-511225662.13,,-5.0039,0,504479.9852,271431178.59999996,1.0,1.5,PASS,False,0.4444444444444444,-52.81,5.98,1.0,-53.81,,,6.7613,-5.0039,,99.46392506573181,0.0,0.0,6.21,6.77,False,0,87.7434135166094,CHASE,0.9090214067278287,1,1,100.0,393,27.07386015660361,True,-4.461538461538462,,-0.02094162351269863,True,False,独立池,-53.81,0.0,20.05459877793552,80.33394381056992,1.0,0.0,80.33,Tier2
002460.SZ,002460,赣锋锂业,20100810,,主板,L,6431143030.55,-5.001825483753198,未知,未知,,,78.06,101.4692,43.0017,3.5229,4.6052,16366796.5176,9454768.0046,4851297648.599999,True,0,0,False,False,91.67,78.0,-8.35876966424044,19.779039435323,-14.846732846078325,False,-5.001825483753198,1.410939133031408,685.83,56.56,1418844330.93,77.2255,,,-821417745.0399998,35.102,4.0113,0,16366796.5176,4851297648.599999,1.0,1.5,PASS,False,0.4444444444444444,685.83,56.56,1.0,685.83,ESP-Q,101.4692,3.5229,4.0113,0.14795094994386362,99.46392506573181,0.0,0.0,78.06,91.67,True,0,72.16494845360825,,0.2714067278287462,0,0,5.0,393,-6.766139601008492,False,-8.35876966424044,,-0.04815562884229284,False,False,独立池,685.83,0.0,30.860862588926246,30.32165705386772,0.7,0.0,21.23,Other
601717.SH,601717,中创智领,20100803,,主板,L,408865717.65,-9.655172413793112,未知,未知,,,18.34,7.6267,7.9928,1.3071,1.3787,3274423.4716,2828331.9488,423384726.8,True,0,0,False,False,20.76,17.98,0.10917030567685337,-25.628548256285487,-11.657032755298658,False,-9.655172413793112,1.410939133031408,-35.6,0.64,637809216.8,71.495,,,9554958587.99,14.9164,3.6237,0,3274423.4716,423384726.8,1.0,1.5,PASS,False,0.4444444444444444,-35.6,0.64,1.0,-36.6,ESP-Q,7.6267,1.3071,3.6237,,99.46392506573181,10.0,0.0,18.34,20.76,False,0,73.25315005727376,,0.12920489296636087,0,0,5.0,393,-11.419486531048406,False,0.10917030567685337,,0.008888770792996211,False,False,独立池,-36.6,0.0,20.30603974947188,28.5371529670765,0.7,0.0,29.98,Other
002463.SZ,002463,沪电股份,20100818,,主板,L,7583292199.65,11.004526837680517,未知,未知,,,102.99,51.8509,46.0701,12.5217,3.2639,19819020.0676,19803025.1953,7341806452.8,True,0,0,False,False,114.46,91.91,-5.235553919764458,43.8608744238022,-10.020968023763754,False,11.004526837680517,1.410939133031408,56.02,,1162681935.0,93.6075,,,5482915096.0,36.6726,7.7867,0,19819020.0676,7341806452.8,1.0,1.5,PASS,False,0.4444444444444444,56.02,,1.0,56.02,ESP-Q,51.8509,12.5217,7.7867,0.9255783648696894,99.46392506573181,0.0,0.0,102.99,114.46,False,0,77.20504009163804,,0.72782874617737,1,1,100.0,393,9.240212720425223,True,-5.235553919764458,,-0.03946496437535479,False,False,独立池,56.02,0.0,21.659233403376422,77.4933587081667,0.7,0.0,54.25,Tier2
601018.SH,601018,宁波港,20100928,,主板,L,205102358.29999998,-6.39386189258312,未知,未知,,,3.66,13.7764,13.7891,0.8688,0.4374,7120306.154,7120306.154,250514017.79999998,False,0,0,False,False,3.94,3.64,-2.399999999999991,-10.94890510948906,-7.106598984771573,False,-6.39386189258312,1.410939133031408,3.7,,1134989000.0,97.0129,,,7012302000.0,-70.1482,1.438,0,7120306.154,250514017.79999998,1.0,1.5,PASS,False,0.4444444444444444,3.7,,1.0,3.7,ESP-Q,13.7764,0.8688,1.438,3.723351351351351,99.46392506573181,0.0,0.0,3.66,3.94,False,0,73.25315005727376,,0.22362385321100917,0,0,5.0,393,-8.158176009838414,False,-2.399999999999991,,0.016095148374941127,False,False,独立池,3.7,0.0,20.894829473638936,28.654910911909916,0.7,0.0,20.06,Other
002484.SZ,002484,江海股份,20100929,,主板,L,1984236384.5,43.15975286849072,未知,未知,,,48.66,61.3502,60.4552,6.4409,7.9352,4138649.4969,3992418.0415,2389878747.0,True,1,0,False,False,49.55,32.09,5.484500325167985,66.18852459016391,-1.7961654894046442,False,43.15975286849072,1.410939133031408,12.57,6.3,154429209.68,95.3222,,,1667360157.78,101.8929,2.5524,0,4138649.4969,2389878747.0,1.0,1.5,PASS,False,0.4444444444444444,12.57,6.3,1.0,12.57,,61.3502,6.4409,2.5524,4.880684168655529,99.46392506573181,0.0,0.0,48.66,49.55,False,0,84.65063001145475,CHASE,0.959480122324159,1,1,100.0,393,41.395438751235424,True,5.484500325167985,OVERHEAT,-0.0073081490624422,True,True,独立池,12.57,0.0,21.0244216536231,79.60007333416104,1.0,0.0,79.6,Tier2
601288.SH,601288,农业银行,20100715,,主板,L,2253305184.9999995,-4.02877697841727,未知,未知,,,6.67,8.0208,7.9321,0.8394,0.1199,233438683.5933,212935888.5883,2453570869.0,True,0,0,False,False,7.29,6.62,-2.05580029368575,-0.5961251862891204,-8.504801097393688,False,-4.02877697841727,1.410939133031408,3.99,3.4824,74867000000.0,99.577,,,726451000000.0,1503.3332,2.3014,0,233438683.5933,2453570869.0,1.0,1.5,PASS,False,0.4444444444444444,3.99,3.4824,1.0,3.99,,8.0208,0.8394,2.3014,2.010225563909774,99.46392506573181,0.0,0.0,6.67,7.29,False,0,73.25315005727376,,0.30351681957186544,0,0,5.0,393,-5.793091095672564,False,-2.05580029368575,,-0.002170550721327028,False,False,独立池,3.99,0.0,20.899066422026245,28.655758301587376,1.0,0.0,28.66,Other
002468.SZ,002468,申通快递,20100908,,主板,L,561149999.45,-5.2471018913971985,未知,未知,,,15.53,17.3702,14.9407,2.0864,1.5348,2377335.7638,2273756.927,341571310.2,False,2,0,False,False,18.08,15.3,-3.8390092879256876,19.186492709132775,-14.103982300884955,False,-5.2471018913971985,1.410939133031408,101.29,37.22,464442019.31,101.2765,,,3054292990.88,104.4701,4.1098,0,2377335.7638,341571310.2,1.0,1.5,PASS,False,0.4444444444444444,101.29,37.22,1.0,101.29,,17.3702,2.0864,4.1098,0.17148978181459176,99.46392506573181,10.0,0.0,15.53,18.08,True,0,88.31615120274914,,0.2652905198776758,0,0,5.0,393,-7.011416008652493,False,-3.8390092879256876,,0.0009546469507244791,False,False,独立池,101.29,0.0,22.32063565680181,33.458972492185104,1.0,0.0,43.46,Other
002470.SZ,002470,金正大,20100908,,主板,L,744940473.9,1.0752688172043001,未知,未知,,,2.82,267.8561,248.8787,4.3464,4.8739,926659.8232,926577.5286,837288887.0,True,0,0,False,False,3.17,2.71,-7.540983606557372,38.23529411764706,-11.041009463722396,False,1.0752688172043001,1.410939133031408,1250.14,95.06,4455233.62,38.9401,,,-102721029.88999999,514.0723,0.5385,0,926659.8232,837288887.0,1.0,1.5,PASS,False,0.4444444444444444,1250.14,95.06,1.0,1250.14,ESP-Q,267.8561,4.3464,0.5385,0.2142608827811285,99.46392506573181,0.0,0.0,2.82,3.17,False,0,71.8213058419244,,0.48394495412844035,0,0,5.0,393,-0.6890453000509944,False,-7.540983606557372,,0.00011033228793549917,False,False,独立池,1250.14,0.0,39.105525845618935,31.867496921701104,0.7,0.0,22.31,Other
601177.SH,601177,杭齿前进,20101011,,主板,L,203671008.1,16.23287671232876,未知,未知,,,16.97,27.2907,26.3437,2.3758,6.0453,691889.8095,678901.82,281349964.0,True,1,0,False,False,17.9,14.3,-0.8182349503214503,1.5559545182525225,-5.1955307262569805,False,16.23287671232876,1.410939133031408,19.16,3.33,59846540.59,95.3664,,,569885192.65,-41.8404,2.1833,0,691889.8095,281349964.0,1.0,1.5,PASS,False,0.4444444444444444,19.16,3.33,1.0,19.16,ESP-Q,27.2907,2.3758,2.1833,1.424358037578288,99.46392506573181,0.0,0.0,16.97,17.9,False,0,84.65063001145475,CHASE,0.8096330275229358,1,1,100.0,393,14.468562595073466,True,-0.8182349503214503,,0.00012162788293981659,True,False,独立池,19.16,0.0,21.120702653182928,79.61932953407302,0.7,0.0,55.73,Tier2
601377.SH,601377,兴业证券,20101013,,主板,L,506254924.1000001,-2.1594684385382035,未知,未知,,,5.89,17.7211,16.2008,0.8981,1.1536,5086596.5162,5086596.5162,587025927.2,True,0,0,False,False,6.21,5.85,-3.9151712887438905,-15.494978479196552,-5.152979066022545,False,-2.1594684385382035,1.410939133031408,42.65,39.98,718658400.56,91.47,,,6028739418.47,882.8996,1.2675,0,5086596.5162,587025927.2,1.0,1.5,PASS,False,0.4444444444444444,42.65,39.98,1.0,42.65,,17.7211,0.8981,1.2675,0.4155005861664713,99.46392506573181,0.0,0.0,5.89,6.21,False,0,73.25315005727376,,0.363914373088685,0,0,5.0,393,-3.923782555793498,False,-3.9151712887438905,,0.008603163553663857,False,False,独立池,42.65,0.0,21.463895472554746,28.768724111693075,1.0,0.0,28.77,Other
302132.SZ,302132,中航成飞,20100827,,创业板,L,573466241.8000001,-1.3738250180766465,未知,未知,,,68.2,53.0948,52.54,8.5068,1.3873,18223663.1843,3996993.9832,973741995.2,True,0,0,False,False,75.55,65.88,-2.2922636103151817,-11.829347123464762,-9.728656518861678,False,-1.3738250180766465,1.410939133031408,43.77,3391.33,185726095.11,96.3622,,,6455001335.49,988.2742,0.9042,0,18223663.1843,973741995.2,1.0,1.5,PASS,False,0.4444444444444444,43.77,3391.33,1.0,43.77,,53.0948,8.5068,0.9042,1.2130408955905871,99.46392506573181,0.0,0.0,68.2,75.55,False,0,50.0,COV-LOW,0.3952599388379205,0,0,5.0,393,-3.138139135331941,False,-2.2922636103151817,,0.005820227474831832,False,False,独立池,43.77,0.0,21.48025885942986,21.79605177188597,1.0,0.0,21.8,Other
002478.SZ,002478,常宝股份,20100921,,主板,L,402141566.9,-25.479452054794514,未知,未知,,,8.16,15.2415,16.7835,1.2107,3.4531,735056.25,589742.7334,261601260.2,True,0,0,False,False,11.69,8.09,-5.990783410138246,-18.80597014925374,-30.196749358426,False,-25.479452054794514,1.410939133031408,-28.0,-11.68,67567321.21,100.9803,,,1088132952.1399999,97.594,1.1084,0,735056.25,261601260.2,1.0,1.5,PASS,False,0.4444444444444444,-28.0,-11.68,1.0,-29.0,,15.2415,1.2107,1.1084,,99.46392506573181,0.0,0.0,8.16,11.69,True,0,78.80870561282933,,0.0061162079510703364,0,0,5.0,393,-27.24376617204981,False,-5.990783410138246,,-0.045195996181517005,False,False,独立池,-29.0,0.0,20.41707701755301,30.2260270873594,1.0,0.0,30.23,Other
002527.SZ,002527,新时达,20101224,,主板,L,160598974.70000002,2.923538230884559,未知,未知,,,13.73,1652.9193,1485.8718,7.3191,5.2082,910383.1525,726164.0931,196768793.20000002,True,0,0,False,False,14.38,12.41,0.14587892049597873,-17.587034813925573,-4.520166898470102,False,2.923538230884559,1.410939133031408,-63.32,82.2,-23784392.86,,,,-122286152.57000001,,-0.6019,0,910383.1525,196768793.20000002,1.0,1.5,PASS,False,0.4444444444444444,-63.32,82.2,1.0,-64.32,,1652.9193,7.3191,-0.6019,,99.46392506573181,0.0,10.0,13.73,14.38,False,0,93.35624284077892,,0.5351681957186545,0,1,55.0,393,1.1592241136292647,False,0.14587892049597873,,-0.018327702359317136,False,False,独立池,-64.32,0.0,19.901045924312793,59.48708203709623,1.0,10.0,49.49,Other
002530.SZ,002530,金财互联,20101231,,主板,L,169410647.15,-4.357298474945537,未知,未知,,,8.78,105.4841,101.6121,5.1516,2.6536,684135.9977,610318.2873,161920928.4,False,0,0,False,False,9.43,8.7,-4.252998909487459,-15.98086124401914,-6.892895015906686,False,-4.357298474945537,1.410939133031408,17.64,398.28,14304694.27,88.7462,,,174188820.92,-48.6366,1.2028,0,684135.9977,161920928.4,1.0,1.5,PASS,False,0.4444444444444444,17.64,398.28,1.0,17.64,ESP-Q,105.4841,5.1516,1.2028,5.979824263038548,99.46392506573181,0.0,0.0,8.78,9.43,False,0,95.53264604810997,,0.2958715596330275,0,0,5.0,393,-6.121612592200831,False,-4.252998909487459,,-0.03097104247116171,False,False,独立池,17.64,0.0,21.098495199566702,35.37949285434633,0.7,0.0,24.77,Other
002472.SZ,002472,双环传动,20100910,,主板,L,832701578.55,10.677083333333348,未知,未知,,,42.5,28.6339,28.4516,3.5052,6.3756,3612221.591,3181261.7055,1321039871.6000001,True,0,0,False,False,43.62,36.3,0.1649776101814826,1.2145748987854255,-2.5676295277395678,False,10.677083333333348,1.410939133031408,-4.04,20.32,258063286.19,90.8384,,,2864667779.93,164.6805,2.7958,0,3612221.591,1321039871.6000001,1.0,1.5,PASS,False,0.4444444444444444,-4.04,20.32,1.0,-5.04,,28.6339,3.5052,2.7958,,99.46392506573181,0.0,0.0,42.5,43.62,False,0,93.35624284077892,,0.7209480122324159,1,1,100.0,393,8.912769216078054,True,0.1649776101814826,,-0.018533830950403757,False,False,独立池,-5.04,0.0,20.767136615345635,82.16030017530281,1.0,0.0,82.16,Tier2
002595.SZ,002595,豪迈科技,20110628,,主板,L,419221207.3,-27.13456073149636,未知,未知,,,58.97,28.5816,28.6335,5.8299,0.4646,6840520.0,6793217.9221,381883597.59999996,True,1,0,False,False,98.5,57.42,-0.40533693632832657,-31.67651488819372,-40.131979695431475,False,-27.13456073149636,1.410939133031408,-0.94,20.16,496506491.99,96.3503,,,5647123900.08,19.7288,4.1963,0,6840520.0,381883597.59999996,1.0,1.5,PASS,False,0.4444444444444444,-0.94,20.16,1.0,-1.94,,28.5816,5.8299,4.1963,,99.46392506573181,0.0,0.0,58.97,98.5,False,0,88.65979381443299,,0.00382262996941896,0,0,5.0,393,-28.898874848751657,False,-0.40533693632832657,,-0.015269574688977865,False,False,独立池,-1.94,0.0,20.812428132589254,33.260423770847744,1.0,0.0,33.26,Other
601818.SH,601818,光大银行,20100818,,主板,L,436029730.2499999,-3.1152647975077885,未知,未知,,,3.11,4.7328,4.8586,0.3643,0.4054,18375606.38,14432519.6395,482328931.3999999,True,0,0,False,False,3.21,3.1,-1.2698412698412764,-6.606606606606613,-3.1152647975077885,False,-3.1152647975077885,1.410939133031408,-9.05,-6.46,11490000000.0,100.2705,,,112976000000.0,-246.695,1.9435,0,18375606.38,482328931.3999999,1.0,1.5,PASS,False,0.4444444444444444,-9.05,-6.46,1.0,-10.05,ESP-Q,4.7328,0.3643,1.9435,,99.46392506573181,0.0,0.0,3.11,3.21,False,0,73.25315005727376,,0.3409785932721712,0,0,5.0,393,-4.8795789147630835,False,-1.2698412698412764,,-0.0028305786503293874,False,False,独立池,-10.05,0.0,20.693939679413205,28.614732953064767,0.7,0.0,20.03,Other
002488.SZ,002488,金固股份,20101021,,主板,L,302488439.59999996,8.088888888888901,未知,未知,,,12.16,291.2273,212.2448,3.4893,2.2187,1210453.903,1118822.1428,304181612.20000005,False,0,0,False,False,13.25,11.13,-6.245181187355442,-10.059171597633132,-8.226415094339623,False,8.088888888888901,1.410939133031408,288.7,114.09,24237926.0,104.447,,,118963472.42,-435.5507,0.6657,0,1210453.903,304181612.20000005,1.0,1.5,PASS,False,0.4444444444444444,288.7,114.09,1.0,288.7,ESP-Q,291.2273,3.4893,0.6657,1.0087540699688258,99.46392506573181,0.0,0.0,12.16,13.25,False,0,88.31615120274914,,0.6681957186544343,0,1,40.0,393,6.324574771633607,True,-6.245181187355442,,-0.05419183625203377,False,False,独立池,288.7,0.0,25.058727026681442,51.506590766161025,0.7,0.0,36.05,Other
002487.SZ,002487,大金重工,20101015,,主板,L,1584304501.0000002,-0.1290322580645098,未知,未知,,,77.4,44.7402,37.7678,5.706,3.5891,4936179.9613,4883322.8588,1374279812.4,True,1,0,False,False,94.18,74.76,-8.94117647058823,23.26803631151457,-17.816946273094068,False,-0.1290322580645098,1.410939133031408,73.86,148.68,426949053.83,98.231,,,2962226309.71,83.2296,5.1174,0,4936179.9613,1374279812.4,1.0,1.5,PASS,False,0.4444444444444444,73.86,148.68,1.0,73.86,,44.7402,5.706,5.1174,0.6057432981316003,99.46392506573181,0.0,0.0,77.4,94.18,False,0,88.65979381443299,,0.441131498470948,0,0,5.0,393,-1.8933463753198043,False,-8.94117647058823,,-0.023076058232305945,False,False,独立池,73.86,0.0,21.91987878003003,33.4819139003359,1.0,0.0,33.48,Other
600998.SH,600998,九州通,20101102,,主板,L,187608190.14999998,-8.333333333333337,未知,未知,,,4.95,11.0695,12.3678,0.9073,0.658,2496022.7658,2496022.7658,168185236.79999998,True,0,0,False,False,5.48,4.91,-1.7857142857142794,-5.353728489483755,-9.671532846715337,False,-8.333333333333337,1.410939133031408,7.12,-3.63,543272348.99,74.1001,,,4712892349.24,-390.4611,2.5353,0,2496022.7658,168185236.79999998,1.0,1.5,PASS,False,0.4444444444444444,7.12,-3.63,1.0,7.12,ESP-Q,11.0695,0.9073,2.5353,1.5547050561797753,99.46392506573181,0.0,0.0,4.95,5.48,False,0,73.25315005727376,,0.16093272171253822,0,0,5.0,393,-10.097647450588632,False,-1.7857142857142794,,0.028708168963469616,False,False,独立池,7.12,0.0,20.944796244275445,28.664904266037215,0.7,0.0,20.07,Other
002493.SZ,002493,荣盛石化,20101102,,主板,L,793308804.55,6.89089417555373,未知,未知,,,13.03,153.4366,42.3265,2.8065,0.5626,13016243.257,12167501.632,741096671.8,False,0,0,False,False,14.11,11.58,-0.22970903522205877,-11.780636425186186,-7.6541459957476965,False,6.89089417555373,1.410939133031408,389.9,18.58,3029323370.99,107.6026,,,5757272830.44,144.4925,6.2581,0,13016243.257,741096671.8,1.0,1.5,PASS,False,0.4444444444444444,389.9,18.58,1.0,389.9,,153.4366,2.8065,6.2581,0.3935280841241344,99.46392506573181,0.0,0.0,13.03,14.11,False,0,77.20504009163804,,0.6444954128440367,0,1,40.0,393,5.126580058298435,True,-0.22970903522205877,,-0.020714503808059153,False,False,独立池,389.9,0.0,26.53727591218285,48.46896720992798,1.0,0.0,48.47,Other
601996.SH,601996,丰林集团,20110929,,主板,L,201636211.14999995,20.553359683794458,未知,未知,,,3.05,,,1.3938,7.6805,341878.8969,341878.8969,239345914.99999997,True,2,2,False,False,3.2,2.41,-2.5559105431309903,21.513944223107572,-4.687500000000011,False,20.553359683794458,1.410939133031408,24.8528,-3.0567,-29449145.44,,,,-281283795.97,,-1.1202,0,341878.8969,239345914.99999997,1.0,1.5,PASS,False,0.4444444444444444,24.8528,-3.0567,1.0,24.8528,ESP-Q,,1.3938,-1.1202,,99.46392506573181,0.0,0.0,3.05,3.2,False,0,73.25315005727376,CHASE,0.8497706422018348,1,1,100.0,393,18.789045566539162,True,-2.5559105431309903,,0.025415809277877368,True,False,独立池,24.8528,0.0,21.203875411042436,76.21672009939061,0.7,0.0,53.35,Tier2
002643.SZ,002643,万润股份,20111220,,主板,L,285072705.8,9.77534911961142,未知,未知,,,18.08,58.6582,57.0631,2.3335,5.0019,1668710.2788,1644042.189,442849285.8,True,0,0,False,False,18.4,16.16,4.448295782784517,6.91898285038437,-1.7391304347826098,False,9.77534911961142,1.410939133031408,9.0,29.81,82852408.7,94.3364,,,846092493.78,105.7641,1.2295,0,1668710.2788,442849285.8,1.0,1.5,PASS,False,0.4444444444444444,9.0,29.81,1.0,9.0,,58.6582,2.3335,1.2295,6.5175777777777775,99.46392506573181,0.0,0.0,18.08,18.4,False,0,94.27262313860251,,0.7033639143730887,1,1,100.0,393,8.011035002356126,True,4.448295782784517,,0.01775692212386398,False,False,独立池,9.0,0.0,20.972263357958674,82.47623961317248,1.0,0.0,82.48,Tier2
002510.SZ,002510,天汽模,20101125,,主板,L,185524476.15,4.39093484419264,未知,未知,,,7.37,113.6036,125.0421,2.9511,8.8357,748157.2278,740572.1992,317543847.59999996,True,0,0,False,False,7.37,6.53,7.434402332361523,-4.6571798188874585,0.0,False,4.39093484419264,1.410939133031408,5.02,-92.33,13235320.49,90.1166,,,23100820.68,205.8064,0.581,0,748157.2278,317543847.59999996,1.0,1.5,PASS,False,0.4444444444444444,5.02,-92.33,1.0,5.02,ESP-Q,113.6036,2.9511,0.581,22.630199203187253,99.46392506573181,0.0,0.0,7.37,7.37,False,0,90.37800687285224,,0.5779816513761468,0,1,55.0,393,2.6266207269373454,False,7.434402332361523,,0.0029433095707396715,False,False,独立池,5.02,0.0,20.91411489388461,58.79622504063259,0.7,0.0,41.16,Other
601777.SH,601777,千里科技,20101125,,主板,L,608922075.2,19.62151394422311,其他交运设备,未知,801881.SI,280000,12.01,643.2835,481.6519,5.247,2.0837,5429841.1853,5429841.1853,1022979008.6,True,0,0,False,False,12.8,9.88,6.566104702750675,15.14860977948227,-6.171875000000004,False,19.62151394422311,1.410939133031408,-96.75,-275.312,749706.5,1.5499,,,-564042653.41,,0.4688,0,5429841.1853,1022979008.6,1.0,1.5,PASS,False,1.0,-96.75,-275.312,,0.0,COV-LOW,643.2835,5.247,0.4688,,643.2835,0.0,0.0,12.01,12.8,False,0,63.91752577319587,,1.0,1,1,100.0,1,0.0,False,6.566104702750675,,-0.01939080785076497,True,False,独立池,0.0,0.0,20.84077185628365,73.34341210321548,1.0,0.0,73.34,Tier2
601880.SH,601880,辽港股份,20101206,,主板,L,178985994.5,-1.8292682926829174,未知,未知,,,1.61,29.041,25.9625,0.9321,0.8623,3795054.5213,2964501.2455,196708293.60000002,False,0,0,False,False,1.68,1.59,-2.4242424242424176,-2.4242424242424176,-4.166666666666652,False,-1.8292682926829174,1.410939133031408,65.86,43.01,326471256.15,90.8923,,,3849081074.17,78.9759,0.8862,0,3795054.5213,196708293.60000002,1.0,1.5,PASS,False,0.4444444444444444,65.86,43.01,1.0,65.86,,29.041,0.9321,0.8862,0.4409505010628606,99.46392506573181,0.0,0.0,1.61,1.68,False,0,73.25315005727376,,0.3746177370030581,0,0,5.0,393,-3.593582409938212,False,-2.4242424242424176,,0.006747097097580525,False,False,独立池,65.86,0.0,21.802997445207787,28.836544506223685,1.0,0.0,28.84,Other
002515.SZ,002515,金字火腿,20101203,,主板,L,569251467.8499999,15.254237288135574,未知,未知,,,6.8,325.3445,593.644,3.1338,7.145,823217.6315,749257.2683,577873655.2,True,0,0,False,False,7.8,5.83,-10.526315789473683,13.144758735440941,-12.82051282051282,False,15.254237288135574,1.410939133031408,-48.44,-2.66,12551077.26,97.2848,,,79731052.4,212.3925,0.4923,0,823217.6315,577873655.2,1.0,1.5,PASS,False,0.4444444444444444,-48.44,-2.66,1.0,-49.44,,325.3445,3.1338,0.4923,,99.46392506573181,0.0,0.0,6.8,7.8,False,0,84.65063001145475,CHASE,0.7974006116207951,1,1,100.0,393,13.48992317088028,True,-10.526315789473683,,-0.03529037939851351,True,False,独立池,-49.44,0.0,20.118445207082168,79.41887804485286,1.0,0.0,79.42,Tier2
002520.SZ,002520,日发精机,20101210,,主板,L,291564371.7,26.923076923076916,未知,未知,,,6.93,,,17.5634,13.9496,519919.9035,497186.0385,553875609.4000001,True,2,2,False,False,7.15,5.18,4.52488687782806,13.606557377049189,-3.076923076923088,False,26.923076923076916,1.410939133031408,100.43,-92.07,212314.32,0.6277,,,-2022638544.21,51.9268,12.0675,0,519919.9035,553875609.4000001,1.0,1.5,PASS,False,0.4444444444444444,100.43,-92.07,1.0,100.43,ESP-Q,,17.5634,12.0675,,99.46392506573181,0.0,0.0,6.93,7.15,False,0,93.35624284077892,CHASE,0.900611620795107,1,1,100.0,393,25.15876280582162,True,4.52488687782806,,-0.0024101801485716303,True,False,独立池,100.43,0.0,22.308070913308416,82.46848703489536,0.7,0.0,57.73,Tier2
002517.SZ,002517,恺英网络,20101207,,主板,L,1080846728.0499997,-2.270210409745299,未知,未知,,,17.65,19.8086,17.4087,3.6418,2.3165,3770822.308,3334237.9778,1005950293.0,False,0,0,False,False,19.32,16.61,-3.867102396514166,-22.621657167908815,-8.643892339544523,False,-2.270210409745299,1.410939133031408,5.75,15.21,545472473.6,69.8815,,,4847225303.13,57.4371,7.7069,0,3770822.308,1005950293.0,1.0,1.5,PASS,False,0.4444444444444444,5.75,15.21,1.0,5.75,ESP-Q,19.8086,3.6418,7.7069,3.4449739130434778,99.46392506573181,10.0,0.0,17.65,19.32,False,0,73.25315005727376,,0.36314984709480125,0,0,5.0,393,-4.034524527000594,False,-3.867102396514166,,-0.04266169056922286,False,False,独立池,5.75,0.0,20.924780315687137,28.660901080319555,0.7,0.0,30.06,Other
002522.SZ,002522,浙江众成,20101210,,主板,L,450776156.8,13.509060955518937,未知,未知,,,6.89,107.1174,105.8493,2.6779,11.3693,624081.9976,623558.6966,919880169.5999999,False,2,2,False,False,7.82,5.83,-1.9914651493598945,13.322368421052634,-11.892583120204614,False,13.509060955518937,1.410939133031408,8.42,-27.3,14283209.85,93.4442,,,133289270.9,238.2265,0.6579,0,624081.9976,919880169.5999999,1.0,1.5,PASS,False,0.4444444444444444,8.42,-27.3,1.0,8.42,ESP-Q,107.1174,2.6779,0.6579,12.721781472684086,99.46392506573181,0.0,0.0,6.89,7.82,False,0,73.25315005727376,,0.7714067278287462,1,1,75.0,393,11.744746838263643,True,-1.9914651493598945,,-0.010921542333531169,False,False,独立池,8.42,0.0,20.963789461184064,63.66870290941894,0.7,0.0,44.57,Other
002532.SZ,002532,天山铝业,20101231,,主板,L,1107380338.8999999,-16.910569105691053,未知,未知,,,15.33,14.7283,11.8689,2.3517,1.9568,7095854.4572,6295812.4739,1019851522.3999999,False,0,0,False,False,19.76,15.18,-7.034566403881126,-14.833333333333332,-22.41902834008098,False,-16.910569105691053,1.410939133031408,111.78,8.15,2198816692.98,99.1001,,,12019321534.5,89.333,7.288,0,7095854.4572,1019851522.3999999,1.0,1.5,PASS,False,0.4444444444444444,111.78,8.15,1.0,111.78,,14.7283,2.3517,7.288,0.13176149579531224,99.46392506573181,10.0,0.0,15.33,19.76,False,0,77.20504009163804,,0.026758409785932722,0,0,5.0,393,-18.67488322294635,False,-7.034566403881126,,-0.024867864591350233,False,False,独立池,111.78,0.0,22.473896307087475,30.156291288908907,1.0,0.0,40.16,Other
002534.SZ,002534,西子洁能,20110110,,主板,L,205735171.79999998,-5.524861878453036,未知,未知,,,17.1,32.7422,32.2605,2.5222,1.2354,1429449.1527,1411370.2974,213846132.4,True,0,0,False,False,19.19,16.92,-4.201680672268903,-12.48720573183213,-10.89108910891089,False,-5.524861878453036,1.410939133031408,-25.5,78.52,35360815.66,58.7657,,,570420395.11,98.4382,1.0673,0,1429449.1527,213846132.4,1.0,1.5,PASS,False,0.4444444444444444,-25.5,78.52,1.0,-26.5,ESP-Q,32.7422,2.5222,1.0673,,99.46392506573181,0.0,0.0,17.1,19.19,False,0,86.71248568155785,,0.25,0,0,5.0,393,-7.28917599570833,False,-4.201680672268903,,-0.026802684098266537,False,False,独立池,-26.5,0.0,20.45360243468496,32.60446619140434,0.7,0.0,22.82,Other
002531.SZ,002531,天顺风能,20101231,,主板,L,714007362.0000001,4.890387858347389,未知,未知,,,12.44,,,2.5785,7.6062,2235317.0506,2222760.912,848445454.4,True,0,0,False,False,13.24,11.12,9.991158267020328,32.76414087513342,-6.042296072507558,False,4.890387858347389,1.410939133031408,8.65,-228.78,33195090.46,80.1726,,,-111115985.12,-435.6851,0.478,0,2235317.0506,848445454.4,1.0,1.5,PASS,False,0.4444444444444444,8.65,-228.78,1.0,8.65,ESP-Q,,2.5785,0.478,,99.46392506573181,0.0,0.0,12.44,13.24,False,0,88.65979381443299,,0.5940366972477065,0,1,55.0,393,3.1260737410920947,False,9.991158267020328,OVERHEAT,0.006047012143833025,False,True,独立池,8.65,0.0,20.967149799560204,58.29136810424194,0.7,0.0,40.8,Other
601933.SH,601933,永辉超市,20101215,,主板,L,563921015.4,-6.39386189258312,未知,未知,,,3.66,,,15.5196,1.1555,3321463.5394,3321463.5394,398439481.99999994,True,0,0,False,False,4.32,3.65,-1.8766756032171594,-20.261437908496728,-15.277777777777779,False,-6.39386189258312,1.410939133031408,79.55,-41.7509,246580893.41,85.957,,,-5474218095.62,158.8616,14.3455,0,3321463.5394,398439481.99999994,1.0,1.5,PASS,False,0.4444444444444444,79.55,-41.7509,1.0,79.55,ESP-Q,,15.5196,14.3455,,99.46392506573181,0.0,0.0,3.66,4.32,True,0,73.25315005727376,,0.22362385321100917,0,0,5.0,393,-8.158176009838414,False,-1.8766756032171594,,-0.0017980395568702576,False,False,独立池,79.55,0.0,22.003010629422352,28.8765471430666,0.7,0.0,20.21,Other
002536.SZ,002536,飞龙股份,20110111,,主板,L,1875975200.0,24.106145251396647,未知,未知,,,44.43,80.5802,101.2925,7.2715,6.4182,2553773.7004,2418773.9762,2052346759.0,True,2,1,False,False,48.1,35.0,-0.15730337078652123,49.84822934232716,-7.629937629937633,False,24.106145251396647,1.410939133031408,-54.2,-6.98,56259389.17,97.2757,,,903184770.25,-212.813,1.6512,0,2553773.7004,2052346759.0,1.0,1.5,PASS,False,0.4444444444444444,-54.2,-6.98,1.0,-55.2,ESP-Q,80.5802,7.2715,1.6512,,99.46392506573181,0.0,0.0,44.43,48.1,False,0,85.79610538373424,CHASE,0.8799694189602446,1,1,100.0,393,22.34183113414135,True,-0.15730337078652123,,-0.008340003786592038,True,False,独立池,-55.2,0.0,20.034290646010152,79.7456897443223,0.7,0.0,55.82,Tier2
002557.SZ,002557,洽洽食品,20110302,,主板,L,274973217.25,-3.7505648441030215,未知,未知,,,21.3,33.8353,26.3145,1.9755,2.3147,1077471.5845,1075167.5103,214587716.2,False,0,0,False,False,25.99,21.08,-6.167400881057262,-11.213005418924539,-18.045402077722194,False,-3.7505648441030215,1.410939133031408,156.47,-67.68,148971180.76,88.5359,,,513228755.96999997,20.1441,3.09,0,1077471.5845,214587716.2,1.0,1.5,PASS,False,0.4444444444444444,156.47,-67.68,1.0,156.47,ESP-Q,33.8353,1.9755,3.09,0.21624145203553394,99.46392506573181,0.0,0.0,21.3,25.99,True,0,73.25315005727376,,0.3211009174311927,0,0,5.0,393,-5.514878961358316,False,-6.167400881057262,,-0.05636795059847786,False,False,独立池,156.47,0.0,23.126824663738248,29.101309949929778,0.7,0.0,20.37,Other
002539.SZ,002539,云图控股,20110118,,主板,L,376812208.75,-2.1320495185694566,未知,未知,,,14.23,20.779,19.599,1.769,3.1051,1718590.9133,1266176.3284,337908889.2,True,0,0,False,False,15.85,13.78,-4.7523427041499255,-2.9331514324693053,-10.220820189274448,False,-2.1320495185694566,1.410939133031408,2.45,11.99,255801492.73,84.268,,,2216440457.82,-136.7766,3.1761,0,1718590.9133,337908889.2,1.0,1.5,PASS,False,0.4444444444444444,2.45,11.99,1.0,2.45,ESP-Q,20.779,1.769,3.1761,8.481224489795919,99.46392506573181,10.0,0.0,14.23,15.85,False,0,68.15578465063001,,0.3646788990825688,0,0,5.0,393,-3.896363635824751,False,-4.7523427041499255,,-0.011658674522669447,False,False,独立池,2.45,0.0,20.876566765072962,27.122048748203596,0.7,0.0,28.99,Other
002533.SZ,002533,金杯电工,20101231,,主板,L,238698432.20000002,2.1229868228404003,未知,未知,,,13.95,17.0666,17.2042,2.2662,3.3874,1023847.7815,889515.379,279790096.8000001,True,0,0,False,False,14.4,13.11,0.7947976878612595,-1.8987341772152,-3.125000000000011,False,2.1229868228404003,1.410939133031408,-7.49,2.36,114221512.22,86.7861,,,1333548925.96,-1315.3316,2.895,0,1023847.7815,279790096.8000001,1.0,1.5,PASS,False,0.4444444444444444,-7.49,2.36,1.0,-8.49,ESP-Q,17.0666,2.2662,2.895,,99.46392506573181,10.0,0.0,13.95,14.4,False,0,78.80870561282933,,0.5091743119266054,0,0,5.0,393,0.3586727055851058,False,0.7947976878612595,,-0.01390034737822956,False,False,独立池,-8.49,0.0,20.716731539703538,30.285957991789505,0.7,0.0,31.2,Other
002537.SZ,002537,海联金汇,20110110,,主板,L,192809861.89999998,-7.948717948717954,未知,未知,,,7.18,28.0581,27.9334,1.9203,2.1853,842944.0229,839485.4169,194283084.8,False,0,0,False,False,7.9,7.13,-3.753351206434319,-21.701199563794983,-9.113924050632916,False,-7.948717948717954,1.410939133031408,21.02,16.14,28055006.84,53.9696,,,421582371.6,-373.624,1.1917,0,842944.0229,194283084.8,1.0,1.5,PASS,False,0.4444444444444444,21.02,16.14,1.0,21.02,ESP-Q,28.0581,1.9203,1.1917,1.3348287345385348,99.46392506573181,0.0,0.0,7.18,7.9,False,0,73.25315005727376,,0.1720183486238532,0,0,5.0,393,-9.713032065973248,False,-3.753351206434319,,-0.03228531108909169,False,False,独立池,21.02,0.0,21.1478775635291,28.70552052988795,0.7,0.0,20.09,Other
002545.SZ,002545,东方铁塔,20110211,,主板,L,609352595.9999999,12.615101289134456,未知,未知,,,24.46,25.2268,21.7006,2.9787,1.4421,3042975.855,2764380.4298,667812344.0,True,0,0,False,False,26.75,20.75,3.2939189189189255,-6.712433257055672,-8.560747663551393,False,12.615101289134456,1.410939133031408,95.87,111.14,399547259.66,99.4234,,,2856591848.01,101.7911,4.0239,0,3042975.855,667812344.0,1.0,1.5,PASS,False,0.4444444444444444,95.87,111.14,1.0,95.87,,25.2268,2.9787,4.0239,0.2631354959841452,99.46392506573181,0.0,0.0,24.46,26.75,False,0,88.65979381443299,,0.7584097859327217,1,1,100.0,393,10.850787171879162,True,3.2939189189189255,,-0.032714954024359595,False,False,独立池,95.87,0.0,22.241448552459733,81.04622785482184,1.0,0.0,81.05,Tier2
601116.SH,601116,三江购物,20110302,,主板,L,180572004.34999996,-7.686832740213523,未知,未知,,,12.97,37.9051,40.1823,2.1213,3.1581,710338.8848,710338.8848,279728202.2,True,0,0,False,False,14.65,12.91,-9.490579204466155,-28.85353812397148,-11.467576791808876,False,-7.686832740213523,1.410939133031408,-2.57,,51914570.44,86.3173,,,208536553.95,149.9371,1.8124,0,710338.8848,279728202.2,1.0,1.5,PASS,False,0.4444444444444444,-2.57,,1.0,-3.57,,37.9051,2.1213,1.8124,,99.46392506573181,0.0,0.0,12.97,14.65,False,0,88.31615120274914,,0.18501529051987767,0,0,5.0,393,-9.451146857468817,False,-9.490579204466155,,0.015454787897680681,False,False,独立池,-3.57,0.0,20.788613560619222,33.15256807294858,1.0,0.0,33.15,Other
601137.SH,601137,博威合金,20110127,,主板,L,400288810.75000006,0.6916996047430901,未知,未知,,,20.38,149.8764,,1.9949,3.7657,1871879.0535,1870493.2135,526474031.00000006,False,0,0,False,False,21.26,17.33,5.54117037804247,6.981627296587911,-4.139228598306688,False,0.6916996047430901,1.410939133031408,-124.06,-89.99,-73606658.04,,,,1595119521.0,,-1.0013,0,1871879.0535,526474031.00000006,1.0,1.5,PASS,False,0.4444444444444444,-124.06,-89.99,1.0,-125.06,,149.8764,1.9949,-1.0013,,99.46392506573181,0.0,0.0,20.38,21.26,False,0,73.25315005727376,,0.47706422018348627,0,0,5.0,393,-1.0726145125122044,False,5.54117037804247,,0.01618395118178953,False,False,独立池,-125.06,0.0,19.013624389674895,28.278669895117105,1.0,0.0,28.28,Other
601519.SH,601519,大智慧,20110128,,主板,L,357083259.6999999,0.2838221381267658,未知,未知,,,10.6,,,16.254,1.7389,2108509.6,2108509.6,414941920.0,True,0,0,False,False,11.54,9.7,-6.772207563764288,-15.73926868044515,-8.145580589254763,False,0.2838221381267658,1.410939133031408,-1.5866,61.1047,-30672827.89,,,,-208548035.76,,-2.2469,0,2108509.6,414941920.0,1.0,1.5,PASS,False,0.4444444444444444,-1.5866,61.1047,1.0,-2.5866,,,16.254,-2.2469,,99.46392506573181,0.0,0.0,10.6,11.54,False,0,73.25315005727376,,0.45795107033639143,0,0,5.0,393,-1.4804919791285287,False,-6.772207563764288,,-0.004277297410683408,False,False,独立池,-2.5866,0.0,20.802981198702245,28.636541256922577,1.0,0.0,28.64,Other
002552.SZ,002552,宝鼎科技,20110225,,主板,L,664147887.5999999,57.80943025540277,未知,未知,,,32.13,100.3396,72.3423,7.9606,10.6391,1246596.8685,1184001.0676,1518359126.8,True,4,4,False,True,36.69,19.63,5.621301775147924,53.43839541547277,-12.428454619787399,False,57.80943025540277,1.410939133031408,249.55,593.32,70035013.87,106.039,,,272681525.86,48.9552,4.3114,0,1246596.8685,1518359126.8,1.0,1.5,PASS,False,0.4444444444444444,249.55,593.32,1.0,249.55,,100.3396,7.9606,4.3114,0.4020821478661591,99.46392506573181,0.0,0.0,32.13,36.69,False,0,72.73768613974799,CHASE,0.9862385321100917,1,1,100.0,393,56.04511613814748,True,5.621301775147924,突破型,-0.013972372834005523,True,False,独立池,249.55,0.0,24.486738994395076,76.71865364080341,1.0,0.0,76.72,Tier2
002546.SZ,002546,新联电子,20110211,,主板,L,209328742.7,-11.410118406889113,未知,未知,,,8.23,11.8696,12.2104,1.8135,2.7188,686422.406,659414.015,245341627.6,True,0,0,False,False,9.5,8.0,-2.948113207547165,-9.659714599341374,-13.368421052631573,False,-11.410118406889113,1.410939133031408,0.34,0.05,40355903.17,44.2728,,,254505198.62,14.0583,2.374,0,686422.406,245341627.6,1.0,1.5,PASS,False,0.4444444444444444,0.34,0.05,1.0,-0.6599999999999999,ESP-Q,11.8696,1.8135,2.374,34.910588235294114,99.46392506573181,0.0,0.0,8.23,9.5,False,0,80.41237113402062,,0.08944954128440367,0,0,5.0,393,-13.174432524144407,False,-2.948113207547165,,-0.015995450914710236,False,False,独立池,-0.6599999999999999,0.0,20.831129146160812,30.789937169438346,0.7,0.0,21.55,Other
002558.SZ,002558,巨人网络,20110302,,主板,L,1823711653.05,-6.021840873634932,未知,未知,,,30.12,32.6272,23.0172,3.5086,3.3606,5724492.6567,5724492.6567,2009396501.0000002,True,0,0,False,False,34.29,29.7,-8.25464514163874,-26.59029978064831,-12.16097987751531,False,-6.021840873634932,1.410939133031408,179.72,31.1,1013521069.07,93.8098,,,5431998659.51,101.7229,6.8145,0,5724492.6567,2009396501.0000002,1.0,1.5,PASS,False,0.4444444444444444,179.72,31.1,1.0,179.72,,32.6272,3.5086,6.8145,0.18154462497217896,99.46392506573181,0.0,0.0,30.12,34.29,False,0,73.25315005727376,,0.2392966360856269,0,0,5.0,393,-7.786154990890227,False,-8.25464514163874,,-0.060190095379630285,False,False,独立池,179.72,0.0,23.4665110430654,29.169247225795207,1.0,0.0,29.17,Other
002555.SZ,002555,三七互娱,20110302,,主板,L,1011207666.3500001,-6.9407603890362495,未知,未知,,,21.05,16.0565,14.4425,3.2124,2.2277,4656760.3185,3341390.3771,872133350.8000002,False,0,0,False,False,23.38,20.32,-4.274670304683936,-17.805544709098008,-9.96578272027373,False,-6.9407603890362495,1.410939133031408,13.68,9.81,609855320.43,69.8328,,,7102852624.37,33.8936,6.2311,0,4656760.3185,872133350.8000002,1.0,1.5,PASS,False,0.4444444444444444,13.68,9.81,1.0,13.68,ESP-Q,16.0565,3.2124,6.2311,1.1737207602339181,99.46392506573181,10.0,0.0,21.05,23.38,False,0,73.25315005727376,,0.20259938837920488,0,0,5.0,393,-8.705074506291544,False,-4.274670304683936,,-0.02941442383782251,False,False,独立池,13.68,0.0,21.04063893882969,28.684072804948066,0.7,0.0,30.08,Other
002706.SZ,002706,良信股份,20140121,,主板,L,824260460.3499999,17.210682492581597,未知,未知,,,11.85,50.1824,60.8918,3.0763,9.9771,1330903.1487,1083541.7102,1151557533.4,True,2,0,False,False,12.99,9.88,-2.146985962014858,10.747663551401864,-8.775981524249431,False,17.210682492581597,1.410939133031408,-53.53,-11.43,46691566.77,82.6409,,,774780869.47,46.3369,1.3166,0,1330903.1487,1151557533.4,1.0,1.5,PASS,False,0.4444444444444444,-53.53,-11.43,1.0,-54.53,,50.1824,3.0763,1.3166,,99.46392506573181,0.0,0.0,11.85,12.99,False,0,87.62886597938144,CHASE,0.823394495412844,1,1,100.0,393,15.446368375326303,True,-2.146985962014858,,-0.0042468221279400595,True,False,独立池,-54.53,0.0,20.044079457801516,80.29747568537474,1.0,0.0,80.3,Tier2
002559.SZ,002559,亚威股份,20110303,,主板,L,352594861.8,9.248554913294793,未知,未知,,,11.34,59.0131,61.1883,3.5105,10.535,623433.5372,571541.6802,736721713.4,False,0,0,False,False,12.6,10.26,2.5316455696202445,8.309455587392534,-9.999999999999998,False,9.248554913294793,1.410939133031408,-8.97,95.14,29852834.47,92.8605,,,281059920.63,12.2684,1.8121,1,623433.5372,736721713.4,1.0,1.5,PASS,False,0.4444444444444444,-8.97,95.14,1.0,-9.97,,59.0131,3.5105,1.8121,,99.46392506573181,0.0,0.0,11.34,12.6,False,10,93.35624284077892,,0.6918960244648318,0,1,40.0,393,7.484240796039499,True,2.5316455696202445,,0.007758655676899443,False,False,独立池,-9.97,0.0,20.695108492761424,52.14589455078596,1.0,10.0,42.15,Other
601216.SH,601216,君正集团,20110222,,主板,L,452428569.25,3.1423290203327126,未知,未知,,,5.58,14.1928,15.552,1.577,1.206,4708413.7036,4708413.7036,493887812.6,True,0,0,False,False,5.75,5.18,0.540540540540535,-2.447552447552437,-2.9565217391304355,False,3.1423290203327126,1.410939133031408,-24.86,19.78,710613093.01,99.0563,,,8258837046.23,127.1851,2.4265,0,4708413.7036,493887812.6,1.0,1.5,PASS,False,0.4444444444444444,-24.86,19.78,1.0,-25.86,,14.1928,1.577,2.4265,,99.46392506573181,0.0,0.0,5.58,5.75,False,0,88.31615120274914,,0.5443425076452599,0,1,55.0,393,1.378014903077418,False,0.540540540540535,,0.015735718457858774,False,False,独立池,-25.86,0.0,20.462952941470743,58.08743594911889,1.0,0.0,58.09,Tier2
002553.SZ,002553,南方精工,20110225,,主板,L,220903739.4,-13.958990536277604,未知,未知,,,21.82,22.3126,30.3171,4.9069,4.6572,771139.8323,547245.6,200156009.99999997,True,0,0,False,False,26.29,21.09,-4.340201665935983,-19.215105516475383,-17.002662609357166,False,-13.958990536277604,1.410939133031408,-16.56,-6.85,25180828.62,9735.6343,,,289960152.92,,0.0165,0,771139.8323,200156009.99999997,1.0,1.5,PASS,False,0.4444444444444444,-16.56,-6.85,1.0,-17.56,,22.3126,4.9069,0.0165,,99.46392506573181,0.0,0.0,21.82,26.29,False,0,92.78350515463917,,0.04969418960244648,0,0,5.0,393,-15.723304653532898,False,-4.340201665935983,,-0.041205453565400944,False,False,独立池,-17.56,0.0,20.58421732634882,34.45189501166151,1.0,0.0,34.45,Other
002563.SZ,002563,森马服饰,20110311,,主板,L,161744063.7,12.115384615384617,未知,未知,,,5.83,17.6,15.8747,1.39,0.7466,1570654.5633,1286735.0966,120820103.39999999,True,0,0,False,False,6.18,5.12,-2.345058626465657,3.0035335689045928,-5.663430420711968,False,12.115384615384617,1.410939133031408,54.08,-22.22,298216130.12,95.7786,,,1952737926.1399999,79.5777,2.6964,0,1570654.5633,120820103.39999999,1.0,1.5,PASS,False,0.4444444444444444,54.08,-22.22,1.0,54.08,ESP-Q,17.6,1.39,2.6964,0.3254437869822486,99.46392506573181,0.0,0.0,5.83,6.18,True,0,73.25315005727376,,0.746177370030581,1,1,100.0,393,10.351070498129323,True,-2.345058626465657,,-0.036602764225260175,False,False,独立池,54.08,0.0,21.630889679682028,76.30212295311853,0.7,0.0,53.41,Tier2
002562.SZ,002562,兄弟科技,20110310,,主板,L,159188554.5,-0.1697792869269965,未知,未知,,,5.88,70.6562,61.4117,1.8257,4.7022,671979.2872,478349.346,173071714.6,True,0,0,False,False,6.06,5.42,-1.8363939899833093,-22.324966974900928,-2.970297029702962,False,-0.1697792869269965,1.410939133031408,62.51,169.2,30425736.99,86.3762,,,277688613.43,75.544,0.9561,0,671979.2872,173071714.6,1.0,1.5,PASS,False,0.4444444444444444,62.51,169.2,1.0,62.51,,70.6562,1.8257,0.9561,1.1303183490641497,99.46392506573181,0.0,0.0,5.88,6.06,False,0,89.8052691867125,,0.4396024464831804,0,0,5.0,393,-1.934093404182291,False,-1.8363939899833093,,-0.004250666299034811,False,False,独立池,62.51,0.0,21.75405338625097,33.792391433263944,1.0,0.0,33.79,Other
002568.SZ,002568,百润股份,20110325,,主板,L,198281222.04999998,2.4898668210770136,未知,未知,,,17.7,28.9238,27.4154,3.6576,1.6452,1843673.9508,1350653.9382,239524383.6,True,1,1,False,False,19.44,16.44,-3.2786885245901676,-16.62741403674046,-8.950617283950624,False,2.4898668210770136,1.410939133031408,17.41,-10.16,208720199.31,96.4345,,,1685814035.45,62.8345,4.2704,0,1843673.9508,239524383.6,1.0,1.5,PASS,False,0.4444444444444444,17.41,-10.16,1.0,17.41,ESP-Q,28.9238,3.6576,4.2704,1.6613325674899484,99.46392506573181,0.0,0.0,17.7,19.44,False,0,73.25315005727376,,0.52217125382263,0,0,5.0,393,0.7255527038217191,False,-3.2786885245901676,,0.0009639101888538294,False,False,独立池,17.41,0.0,21.095134861190562,28.69497198942024,0.7,0.0,20.09,Other
603328.SH,603328,依顿电子,20140701,,主板,L,528661309.04999995,-5.520504731861198,未知,未知,,,11.98,25.6861,30.9005,2.7636,3.1587,1196134.248,1196134.248,440978770.4,True,0,0,False,False,14.72,11.42,-6.552262090483618,3.0981067125645634,-18.614130434782606,False,-5.520504731861198,1.410939133031408,-68.15,5.66,34339585.6,91.1565,,,1081217981.93,369.5092,0.8717,0,1196134.248,440978770.4,1.0,1.5,PASS,False,0.4444444444444444,-68.15,5.66,1.0,-69.15,,25.6861,2.7636,0.8717,,99.46392506573181,0.0,0.0,11.98,14.72,False,0,79.95418098510882,,0.25076452599388377,0,0,5.0,393,-7.284818849116492,False,-6.552262090483618,,-0.003492050116334392,False,False,独立池,-69.15,0.0,19.83047881841386,30.45235005921542,1.0,0.0,30.45,Other
002579.SZ,002579,中京电子,20110506,,主板,L,699242923.35,2.7537372147915073,未知,未知,,,13.06,292.3313,305.0461,3.3298,7.529,800079.9177,761935.9336,775950922.8000001,True,0,0,False,False,13.98,11.82,-2.9717682020802383,12.006861063464846,-6.580829756795426,False,2.7537372147915073,1.410939133031408,203.82,121.77,4012549.03,71.3994,,,49371051.17,5982.464,0.2337,0,800079.9177,775950922.8000001,1.0,1.5,PASS,False,0.4444444444444444,203.82,121.77,1.0,203.82,ESP-Q,292.3313,3.3298,0.2337,1.4342620940045139,99.46392506573181,0.0,0.0,13.06,13.98,False,0,94.27262313860251,,0.5305810397553516,0,0,5.0,393,0.9894230975362128,False,-2.9717682020802383,,0.004296972637252391,False,False,独立池,203.82,0.0,23.818616064217412,35.545510154424235,0.7,0.0,24.88,Other
601218.SH,601218,吉鑫科技,20110506,,主板,L,496126638.25,1.675041876046901,未知,未知,,,6.07,43.5228,37.1468,1.962,6.7164,588203.3418,588203.3418,439363093.2,True,0,0,False,False,6.89,5.89,-5.007824726134579,10.163339382940118,-11.901306240928877,False,1.675041876046901,1.410939133031408,-14.48,743.2,24482172.68,37.5442,,,314572276.6,144.9895,2.1742,0,588203.3418,439363093.2,1.0,1.5,PASS,False,0.4444444444444444,-14.48,743.2,1.0,-15.48,ESP-Q,43.5228,1.962,2.1742,,99.46392506573181,0.0,0.0,6.07,6.89,False,0,88.65979381443299,,0.4984709480122324,0,0,5.0,393,-0.0892722412083935,False,-5.007824726134579,,-0.0030183237062158213,False,False,独立池,-15.48,0.0,20.614606473402603,33.22085943901041,0.7,0.0,23.25,Other
002575.SZ,002575,群兴玩具,20110422,,主板,L,508614488.4,13.21044546850998,未知,未知,,,7.37,,,5.388,18.3818,454360.5,430647.8935,686340011.4,True,1,0,False,False,8.16,6.02,4.6875,-8.104738154613456,-9.681372549019606,False,13.21044546850998,1.410939133031408,91.23,-11.32,-1337511.46,,,,-70921485.01,,-0.1057,0,454360.5,686340011.4,1.0,1.5,PASS,False,0.4444444444444444,91.23,-11.32,1.0,91.23,ESP-Q,,5.388,-0.1057,,99.46392506573181,0.0,0.0,7.37,8.16,False,0,69.87399770904925,,0.7629969418960245,1,1,100.0,393,11.446131351254685,True,4.6875,,0.00849932977824403,False,False,独立池,91.23,0.0,22.173657378262835,75.39693078836734,0.7,0.0,52.78,Tier2
601233.SH,601233,桐昆股份,20110518,,主板,L,932964499.15,1.2382367508667613,未知,未知,,,20.44,23.9211,14.6489,1.209,1.7717,4862679.0456,4853830.0177,930378834.3999999,True,1,1,False,False,24.45,19.19,-7.21743077621425,-6.195502524093611,-16.40081799591001,False,1.2382367508667613,1.410939133031408,193.18,70.31,1757946491.43,92.6366,,,5706417701.95,-180.7044,4.832,0,4862679.0456,930378834.3999999,1.0,1.5,PASS,False,0.4444444444444444,193.18,70.31,1.0,193.18,ESP-Q,23.9211,1.209,4.832,0.12382803602857438,99.46392506573181,0.0,0.0,20.44,24.45,False,0,73.25315005727376,,0.4892966360856269,0,0,5.0,393,-0.5260773663885332,False,-7.21743077621425,,-0.007864849894212439,False,False,独立池,193.18,0.0,23.663163888903828,29.208577794962892,0.7,0.0,20.45,Other
002584.SZ,002584,西陇科学,20110602,,主板,L,152198254.00000003,8.322324966974893,未知,未知,,,8.2,,,2.1933,5.9043,479877.466,384109.7521,169451264.6,True,0,0,False,False,8.41,7.51,0.24449877750609694,-7.761529808773915,-2.497027348394776,False,8.322324966974893,1.410939133031408,105.83,-28.19,12287917.69,102.566,,,158371826.6,-1150.5263,0.5499,0,479877.466,169451264.6,1.0,1.5,PASS,False,0.4444444444444444,105.83,-28.19,1.0,105.83,ESP-Q,,2.1933,0.5499,,99.46392506573181,0.0,0.0,8.2,8.41,False,0,63.91752577319587,,0.6697247706422018,0,1,55.0,393,6.558010849719599,True,0.24449877750609694,,-0.011874268521311846,False,False,独立池,105.83,0.0,22.38696581431343,51.15265089482145,0.7,0.0,35.81,Other
002582.SZ,002582,好想你,20110520,,主板,L,423283924.55,-0.8986928104575131,未知,未知,,,12.13,6.2704,2.803,1.062,5.2988,543069.6718,417562.6081,330890948.8,True,0,0,False,False,13.16,11.5,-0.7364975450081857,-5.308352849336451,-7.826747720364735,False,-0.8986928104575131,1.410939133031408,17.24,16.89,34197760.16,3.0777,,,-6294371.540000003,4.605,24.4021,0,543069.6718,330890948.8,1.0,1.5,PASS,False,0.4444444444444444,17.24,16.89,1.0,17.24,ESP-Q,6.2704,1.062,24.4021,0.36371229698375873,99.46392506573181,10.0,0.0,12.13,13.16,True,0,79.26689576174113,,0.4151376146788991,0,0,5.0,393,-2.6630069277128077,False,-0.7364975450081857,,-0.010314878039736177,False,False,独立池,17.24,0.0,21.092651132825587,30.498598955087456,0.7,0.0,31.35,Other
601222.SH,601222,林洋能源,20110808,,主板,L,185867291.95000002,-1.1308562197092087,未知,未知,,,6.12,51.1444,69.0735,0.8332,1.6677,1249226.7355,1249226.7355,208829480.60000002,True,0,0,False,False,6.47,5.81,-2.2364217252396124,-2.079999999999993,-5.409582689335391,False,-1.1308562197092087,1.410939133031408,-64.53,-58.9,43120074.03,71.6117,,,1062580015.6099999,-596.1623,0.3961,0,1249226.7355,208829480.60000002,1.0,1.5,PASS,False,0.4444444444444444,-64.53,-58.9,1.0,-65.53,ESP-Q,51.1444,0.8332,0.3961,,99.46392506573181,0.0,0.0,6.12,6.47,False,0,73.25315005727376,,0.4036697247706422,0,0,5.0,393,-2.895170336964503,False,-2.2364217252396124,,-0.0029614591310834592,False,False,独立池,-65.53,0.0,19.883367622420927,28.45261854166631,0.7,0.0,19.92,Other
002583.SZ,002583,海能达,20110527,,主板,L,266732915.85000005,-11.224489795918357,未知,未知,,,9.57,,,8.5469,2.1725,1740418.7476,1227563.9061,325358175.0,False,0,0,False,False,10.98,9.54,-4.586241276171476,-12.92083712465878,-12.841530054644812,False,-11.224489795918357,1.410939133031408,-171.34,66.98,-11738346.21,,,,540436660.58,,-1.5081,0,1740418.7476,325358175.0,1.0,1.5,PASS,False,0.4444444444444444,-171.34,66.98,1.0,-172.34,,,8.5469,-1.5081,,99.46392506573181,0.0,0.0,9.57,10.98,False,0,73.25315005727376,,0.09403669724770643,0,0,5.0,393,-12.988803913173651,False,-4.586241276171476,,-0.019610820248726516,False,False,独立池,-172.34,0.0,18.322855700875422,28.14051615735721,1.0,0.0,28.14,Other
002585.SZ,002585,双星新材,20110602,,主板,L,538124511.65,17.34265734265734,未知,未知,,,8.39,,,1.1503,8.6769,957569.6715,743988.8998,873545013.5999999,True,1,1,False,False,9.29,6.96,-3.3410138248847865,16.852367688022298,-9.687836383207738,False,17.34265734265734,1.410939133031408,65.73,-24.17,-19356642.71,-477.0013,,,-1042640004.7900001,2310.8139,0.0488,0,957569.6715,873545013.5999999,1.0,1.5,PASS,False,0.4444444444444444,65.73,-24.17,1.0,65.73,ESP-Q,,1.1503,0.0488,,99.46392506573181,0.0,0.0,8.39,9.29,False,0,94.27262313860251,CHASE,0.8241590214067278,1,1,100.0,393,15.578343225402046,True,-3.3410138248847865,,0.0015254279275628408,True,False,独立池,65.73,0.0,21.801098123516926,82.64200656628414,0.7,0.0,57.85,Tier2
601311.SH,601311,骆驼股份,20110602,,主板,L,491396662.4,-7.944389275074482,未知,未知,,,9.27,12.98,14.3014,1.0623,1.9653,1087506.4514,1087506.4514,283804473.59999996,False,0,0,False,False,11.28,9.21,-5.311542390194068,-4.037267080745344,-17.819148936170215,False,-7.944389275074482,1.410939133031408,-19.08,-5.42,165872353.99,104.1488,,,1608686512.71,-133.789,1.5677,0,1087506.4514,283804473.59999996,1.0,1.5,PASS,False,0.4444444444444444,-19.08,-5.42,1.0,-20.08,ESP-Q,12.98,1.0623,1.5677,,99.46392506573181,0.0,0.0,9.27,11.28,True,0,73.25315005727376,,0.172782874617737,0,0,5.0,393,-9.708703392329776,False,-5.311542390194068,,0.011850412363131568,False,False,独立池,-20.08,0.0,20.547399705879812,28.58542495835809,0.7,0.0,20.01,Other
002589.SZ,002589,瑞康医药,20110610,,主板,L,290849408.75,-15.598885793871863,未知,未知,,,3.03,283.6925,371.5094,0.8576,1.9133,455927.2727,413774.239,123659664.8,True,1,0,False,False,3.95,3.02,-5.607476635514019,-10.882352941176476,-23.291139240506343,False,-15.598885793871863,1.410939133031408,-7.78,53.12,9145523.65,88.1733,,,-45470879.44,13.4759,0.1954,0,455927.2727,123659664.8,1.0,1.5,PASS,False,0.4444444444444444,-7.78,53.12,1.0,-8.780000000000001,,283.6925,0.8576,0.1954,,99.46392506573181,0.0,0.0,3.03,3.95,True,0,73.25315005727376,,0.035932721712538224,0,0,5.0,393,-17.363199911127158,False,-5.607476635514019,,-0.03887597620760076,False,False,独立池,-8.780000000000001,0.0,20.712494591316236,28.618443935445374,1.0,0.0,28.62,Other
603156.SH,603156,养元饮品,20180212,,主板,L,480020254.0,49.17091836734695,未知,未知,,,46.78,46.7959,41.3587,5.9487,1.4206,5895578.4537,5895578.4537,789958964.4000001,False,1,1,False,False,48.5,31.1,9.786435109129311,53.57846355876559,-3.546391752577316,False,49.17091836734695,1.410939133031408,33.02,-17.57,739271291.09,91.5281,,,3529760734.0699997,-38.2301,8.5341,0,5895578.4537,789958964.4000001,1.0,1.5,PASS,False,0.4444444444444444,33.02,-17.57,1.0,33.02,ESP-Q,46.7959,5.9487,8.5341,1.417198667474258,99.46392506573181,0.0,0.0,46.78,48.5,False,0,73.25315005727376,CHASE,0.9724770642201835,1,1,75.0,393,47.406604250091654,True,9.786435109129311,OVERHEAT,0.009566560146788387,True,True,独立池,33.02,0.0,21.32319956576247,63.74058493033462,0.7,0.0,44.62,Other
002588.SZ,002588,史丹利,20110610,,主板,L,279670163.6499999,-2.7237354085603016,未知,未知,,,10.0,11.1492,10.601,1.4578,2.1585,1151891.98,858636.57,200114218.39999998,False,1,0,False,False,12.1,9.98,-5.482041587901698,-6.8901303538175025,-17.355371900826444,False,-2.7237354085603016,1.410939133031408,18.78,30.7,315011593.49,92.213,,,2575070895.68,-87.8095,4.4219,0,1151891.98,200114218.39999998,1.0,1.5,PASS,False,0.4444444444444444,18.78,30.7,1.0,18.78,ESP-Q,11.1492,1.4578,4.4219,0.5936741214057508,99.46392506573181,10.0,0.0,10.0,12.1,True,0,73.25315005727376,,0.35244648318042815,0,0,5.0,393,-4.488049525815596,False,-5.482041587901698,,-0.02378376709061456,False,False,独立池,18.78,0.0,21.11515078977887,28.698975175137903,0.7,0.0,30.09,Other
002594.SZ,002594,比亚迪,20110630,,主板,L,4946875929.0,-6.532078035523636,未知,未知,,,96.3,26.9164,31.8705,3.7858,1.3372,87798612.551,33576088.005,4135582093.7999997,False,0,0,False,False,105.97,96.26,-4.121863799283155,6.928714190539642,-9.12522412003397,False,-6.532078035523636,1.410939133031408,-49.24,-20.38,4147574000.0,101.543,,,67683510000.0,59.4202,1.6464,0,87798612.551,4135582093.7999997,1.0,1.5,PASS,False,0.4444444444444444,-49.24,-20.38,1.0,-50.24,,26.9164,3.7858,1.6464,,99.46392506573181,0.0,0.0,96.3,105.97,False,0,72.16494845360825,,0.21636085626911314,0,0,5.0,393,-8.29639215277893,False,-4.121863799283155,,-0.05621140236531296,False,False,独立池,-50.24,0.0,20.106757073599944,28.170835950802463,1.0,0.0,28.17,Other
002734.SZ,002734,利民股份,20150127,,主板,L,418291122.95,-0.7571345369831284,未知,未知,,,17.04,16.9006,16.0945,1.9794,3.1733,810830.7193,740125.2347,300219029.4,False,0,0,False,False,18.74,16.59,-3.6743923120407085,-14.672008012018022,-9.071504802561359,False,-0.7571345369831284,1.410939133031408,40.18,786.88,133876403.17,101.3058,,,1221258539.6100001,41.8101,3.2803,0,810830.7193,300219029.4,1.0,1.5,PASS,False,0.4444444444444444,40.18,786.88,1.0,40.18,,16.9006,1.9794,3.2803,0.42062220009955203,99.46392506573181,10.0,0.0,17.04,18.74,True,0,59.90836197021764,,0.41896024464831805,0,0,5.0,393,-2.521448654238423,False,-3.6743923120407085,,-0.04895239156050861,False,False,独立池,40.18,0.0,21.42780836042838,24.75807026315097,1.0,0.0,34.76,Other
002600.SZ,002600,领益智造,20110715,,主板,L,2790036552.85,24.742268041237114,未知,未知,,,16.94,54.1153,58.5573,5.075,8.1311,12380088.5639,12196299.9278,5509368883.800001,True,0,0,False,False,17.88,13.46,11.154855643044638,13.08411214953271,-5.257270693512295,False,24.742268041237114,1.410939133031408,-33.15,7.41,239005515.99,61.0265,,,4094576388.21,183.6342,1.6172,0,12380088.5639,5509368883.800001,1.0,1.5,PASS,False,0.4444444444444444,-33.15,7.41,1.0,-34.15,ESP-Q,54.1153,5.075,1.6172,,99.46392506573181,0.0,0.0,16.94,17.88,False,0,94.27262313860251,CHASE,0.886085626911315,1,1,100.0,393,22.97795392398182,True,11.154855643044638,OVERHEAT,0.04601568636663095,True,True,独立池,-34.15,0.0,20.341834658261185,82.35015387323298,0.7,0.0,57.65,Tier2
002601.SZ,002601,龙佰集团,20110715,,主板,L,526915489.2500001,-0.45377197958025306,未知,未知,,,17.55,33.621,56.132,1.8317,1.3073,4184355.3383,3488242.8894,645081096.2,True,0,0,False,False,18.19,16.33,3.113983548766175,-16.903409090909093,-3.5184167124793886,False,-0.45377197958025306,1.410939133031408,-73.28,-44.18,175891530.9,94.0589,,,4310521142.08,153.5897,0.8179,0,4184355.3383,645081096.2,1.0,1.5,PASS,False,0.4444444444444444,-73.28,-44.18,1.0,-74.28,,33.621,1.8317,0.8179,,99.46392506573181,0.0,0.0,17.55,18.19,False,0,73.25315005727376,,0.4304281345565749,0,0,5.0,393,-2.2180860968355476,False,3.113983548766175,,0.04701591784350837,False,False,独立池,-74.28,0.0,19.7555286624591,28.427050749673946,1.0,0.0,28.43,Other
002597.SZ,002597,金禾实业,20110707,,主板,L,205565017.5,8.340688437775823,未知,未知,,,24.55,40.2012,69.3949,1.7647,2.2824,1395225.3005,1392590.9406,286652143.2,True,0,0,False,False,24.7,21.9,7.2052401746725,2.9781879194630934,-0.6072874493927016,False,8.340688437775823,1.410939133031408,-53.6,-40.7,105503187.75,109.9698,,,1072540899.89,-24.9835,1.2214,0,1395225.3005,286652143.2,1.0,1.5,PASS,False,0.4444444444444444,-53.6,-40.7,1.0,-54.6,ESP-Q,40.2012,1.7647,1.2214,,99.46392506573181,0.0,0.0,24.55,24.7,False,0,73.25315005727376,,0.6704892966360856,0,1,55.0,393,6.576374320520529,True,7.2052401746725,,0.03242710834114131,False,False,独立池,-54.6,0.0,20.043056746121824,53.484556366406494,0.7,0.0,37.44,Other
601901.SH,601901,方正证券,20110810,,主板,L,393492994.0,-1.8207282913165201,未知,未知,,,7.01,14.5356,13.543,1.1009,0.8473,5770703.0779,5770703.0779,431369823.00000006,True,0,0,False,False,7.33,6.92,-3.708791208791218,-10.01283697047497,-4.365620736698506,False,-1.8207282913165201,1.410939133031408,22.86,29.1,1458479334.74,98.1461,,,11204504404.55,424.1166,2.8796,0,5770703.0779,431369823.00000006,1.0,1.5,PASS,False,0.4444444444444444,22.86,29.1,1.0,22.86,,14.5356,1.1009,2.8796,0.6358530183727035,99.46392506573181,10.0,0.0,7.01,7.33,False,0,73.25315005727376,,0.3753822629969419,0,0,5.0,393,-3.5850424085718147,False,-3.708791208791218,,-0.004680902557388117,False,False,独立池,22.86,0.0,21.174760270538215,28.71089707128977,1.0,0.0,38.71,Other
002603.SZ,002603,以岭药业,20110728,,主板,L,312927245.15,-2.131438721136769,未知,未知,,,16.53,21.4669,20.1674,2.4229,1.1222,2761675.9865,2275410.6756,347757168.4,True,0,0,False,False,17.78,16.15,-6.820744081172481,-8.62354892205638,-7.03037120359955,False,-2.131438721136769,1.410939133031408,25.19,254.16,406950828.35,99.5359,,,3236483543.43,122.2052,3.6525,0,2761675.9865,347757168.4,1.0,1.5,PASS,False,0.4444444444444444,25.19,254.16,1.0,25.19,,21.4669,2.4229,3.6525,0.8521992854307264,99.46392506573181,10.0,0.0,16.53,17.78,False,0,73.25315005727376,,0.3654434250764526,0,0,5.0,393,-3.8957528383920637,False,-6.820744081172481,,-0.029610573975479858,False,False,独立池,25.19,0.0,21.208801959305195,28.717705409043166,1.0,0.0,38.72,Other
603456.SH,603456,九洲药业,20141010,,主板,L,271947425.85,-25.643961076130505,未知,未知,,,12.99,15.8257,17.7219,1.2996,1.6151,1155390.3904,1155390.3904,262930511.4,True,0,0,False,False,17.79,12.95,-7.214285714285717,-27.632311977715872,-26.98145025295109,False,-25.643961076130505,1.410939133031408,-32.67,22.83,168770734.87,98.0745,,,2169584143.85,61.8395,1.9539,0,1155390.3904,262930511.4,1.0,1.5,PASS,False,0.4444444444444444,-32.67,22.83,1.0,-33.67,,15.8257,1.2996,1.9539,,99.46392506573181,0.0,0.0,12.99,17.79,False,0,73.25315005727376,,0.005351681957186544,0,0,5.0,393,-27.4082751933858,False,-7.214285714285717,,0.000250408349308072,False,False,独立池,-33.67,0.0,20.34884753835052,28.54571452485223,1.0,0.0,28.55,Other
002627.SZ,002627,三峡旅游,20111103,,主板,L,166256703.7,-11.342894393741854,未知,未知,,,6.8,77.0783,80.1634,1.5933,1.4354,492728.937,487614.9399,108540060.99999999,True,1,1,False,False,8.0,6.69,-4.628330995792429,-27.58253461128861,-15.000000000000002,False,-11.342894393741854,1.410939133031408,-30.16,-23.26,9902076.84,69.7888,,,234899836.99,38.8493,0.4599,0,492728.937,108540060.99999999,1.0,1.5,PASS,False,0.4444444444444444,-30.16,-23.26,1.0,-31.16,ESP-Q,77.0783,1.5933,0.4599,,99.46392506573181,0.0,0.0,6.8,8.0,True,0,98.96907216494846,,0.09174311926605505,0,0,5.0,393,-13.107208510997149,False,-4.628330995792429,,-0.036691061346382156,False,False,独立池,-31.16,0.0,20.385519057151,36.267825460914736,0.7,0.0,25.39,Other
002608.SZ,002608,江苏国信,20110810,,主板,L,227424158.85,0.995024875621886,未知,未知,,,8.12,8.8534,9.0736,0.8559,1.1125,3067800.7196,3067800.7196,424194328.79999995,True,0,0,False,False,8.66,7.51,2.26700251889167,4.639175257731942,-6.235565819861444,False,0.995024875621886,1.410939133031408,-9.39,10.2,724171344.47,92.8113,,,9253325262.51,91.4697,2.1737,0,3067800.7196,424194328.79999995,1.0,1.5,PASS,False,0.4444444444444444,-9.39,10.2,1.0,-10.39,,8.8534,0.8559,2.1737,,99.46392506573181,0.0,0.0,8.12,8.66,False,0,89.69072164948454,,0.4808868501529052,0,0,5.0,393,-0.7692892416334085,False,2.26700251889167,,0.0036446265727018818,False,False,独立池,-10.39,0.0,20.688972222683255,33.54501093938201,1.0,0.0,33.55,Other
601636.SH,601636,旗滨集团,20110812,,主板,L,640912204.0500001,10.189982728842839,未知,未知,,,6.38,30.4923,116.4657,1.2634,3.1454,1887621.0785,1887621.0785,691162146.4000001,True,0,0,False,False,7.06,5.77,-2.7439024390243816,-14.131897711978459,-9.631728045325772,False,10.189982728842839,1.410939133031408,-1653.22,-64.3,-53962555.2,-411.4734,,,820313925.01,-947.214,0.088,0,1887621.0785,691162146.4000001,1.0,1.5,PASS,False,0.4444444444444444,-1653.22,-64.3,1.0,-1654.22,ESP-Q,30.4923,1.2634,0.088,,99.46392506573181,0.0,0.0,6.38,7.06,False,0,73.25315005727376,,0.7110091743119266,1,1,100.0,393,8.425668611587545,True,-2.7439024390243816,,0.0001722027218129012,False,False,独立池,-1426.4568,0.0,0.0,71.97594501718213,0.7,0.0,50.38,Tier2
601908.SH,601908,京运通,20110908,,主板,L,507931371.0,-2.517162471395884,未知,未知,,,4.26,,,1.3893,10.4284,1028620.8188,1028620.8188,750523642.0,True,0,0,False,False,4.68,3.86,5.707196029776673,1.6706443914080937,-8.974358974358976,False,-2.517162471395884,1.410939133031408,-47.3295,47.4942,-155410296.61,,,,-1846156682.99,,-2.0038,0,1028620.8188,750523642.0,1.0,1.5,PASS,False,0.4444444444444444,-47.3295,47.4942,1.0,-48.3295,,,1.3893,-2.0038,,99.46392506573181,0.0,0.0,4.26,4.68,False,0,88.65979381443299,,0.3577981651376147,0,0,5.0,393,-4.281476588651179,False,5.707196029776673,,0.023736773335033844,False,False,独立池,-48.3295,0.0,20.134669797372183,33.124872103804336,1.0,0.0,33.12,Other
002611.SZ,002611,东方精工,20110830,,主板,L,732775887.3,6.608695652173924,未知,未知,,,18.39,30.8661,50.86,3.9577,5.5244,2238589.5793,1842499.9572,983746076.8,True,0,0,False,False,19.67,16.3,-4.862907397827199,1.9401330376940251,-6.5073716319267945,False,6.608695652173924,1.410939133031408,-70.73,-1.49,38017849.25,,,,1162624697.34,-1067.2149,-0.1641,0,2238589.5793,983746076.8,1.0,1.5,PASS,False,0.4444444444444444,-70.73,-1.49,1.0,-71.73,ESP-Q,30.8661,3.9577,-0.1641,,99.46392506573181,0.0,0.0,18.39,19.67,False,0,77.20504009163804,,0.6368501529051988,0,1,55.0,393,4.844381534918629,False,-4.862907397827199,,-0.0010687107497161226,False,False,独立池,-71.73,0.0,19.79278458793369,54.620068945078145,0.7,0.0,38.23,Other
601677.SH,601677,明泰铝业,20110919,,主板,L,708056466.25,-0.7001166861143604,未知,未知,,,17.02,10.7986,9.5236,1.0682,3.2796,2116477.2132,2073047.2792,655804479.8000001,True,0,0,False,False,18.86,16.9,-5.601774819744875,5.256648113790963,-9.756097560975608,False,-0.7001166861143604,1.410939133031408,74.08,17.53,659327951.21,93.9152,,,4363089473.69,20.8387,3.6076,0,2116477.2132,655804479.8000001,1.0,1.5,PASS,False,0.4444444444444444,74.08,17.53,1.0,74.08,,10.7986,1.0682,3.6076,0.1457694384449244,99.46392506573181,10.0,0.0,17.02,18.86,False,0,85.6815578465063,,0.422782874617737,0,0,5.0,393,-2.464430803369655,False,-5.601774819744875,,0.006509561621966833,False,False,独立池,74.08,0.0,21.923093016737642,32.58908595729942,1.0,0.0,42.59,Other
002624.SZ,002624,完美世界,20111028,,主板,L,1804438352.3,-17.141377524598646,未知,未知,,,16.0,42.4699,58.4164,4.3061,3.7877,3103949.4464,2924372.8656,1616414017.8,False,1,1,False,False,21.35,15.1,-4.875148632580261,-25.685090571295866,-25.058548009367687,False,-17.141377524598646,1.410939133031408,-62.4,143.0,61389059.75,59.7853,,,1427124170.56,-121.3498,1.4324,0,3103949.4464,1616414017.8,1.0,1.5,PASS,False,0.4444444444444444,-62.4,143.0,1.0,-63.4,ESP-Q,42.4699,4.3061,1.4324,,99.46392506573181,0.0,0.0,16.0,21.35,False,0,73.25315005727376,,0.02599388379204893,0,0,5.0,393,-18.90569164185394,False,-4.875148632580261,,-0.023716820072085518,False,False,独立池,-63.4,0.0,19.91448727781735,28.458842472745598,0.7,0.0,19.92,Other
002745.SZ,002745,木林森,20150217,,主板,L,507213853.75000006,15.10107015457789,未知,未知,,,9.68,,,1.2113,5.1084,1436673.0742,1030038.1559,659944858.2,True,0,0,False,False,10.2,8.29,0.8333333333333304,4.648648648648646,-5.098039215686267,False,15.10107015457789,1.410939133031408,-16.22,-574.55,108620430.9,25.9399,,,-1019074402.3699999,63.6789,3.5756,0,1436673.0742,659944858.2,1.0,1.5,PASS,False,0.4444444444444444,-16.22,-574.55,1.0,-17.22,ESP-Q,,1.2113,3.5756,,99.46392506573181,0.0,0.0,9.68,10.2,False,0,89.3470790378007,CHASE,0.7928134556574924,1,1,100.0,393,13.336756037322596,True,0.8333333333333304,,-0.032833151654016214,True,False,独立池,-17.22,0.0,20.589184783078764,80.92196066795596,0.7,0.0,56.65,Tier2
002617.SZ,002617,露笑科技,20110920,,主板,L,944309318.0000002,22.51308900523561,未知,未知,,,9.36,84.279,96.6549,2.7744,26.6481,1786986.82,1757454.016,2309742684.7999997,False,1,1,False,False,10.24,7.41,13.180169286577993,3.88457269700333,-8.59375000000001,False,22.51308900523561,1.410939133031408,-28.6,21.38,65418079.6,92.2486,,,710093271.16,135.4112,1.1074,0,1786986.82,2309742684.7999997,1.0,1.5,PASS,False,0.4444444444444444,-28.6,21.38,1.0,-29.6,,84.279,2.7744,1.1074,,99.46392506573181,0.0,0.0,9.36,10.24,False,0,96.33447880870561,CHASE,0.8707951070336392,1,1,75.0,393,20.748774887980314,True,13.180169286577993,OVERHEAT,0.015022790200830605,True,True,独立池,-29.6,0.0,20.40831091744134,70.48200582609995,1.0,0.0,70.48,Tier2
601669.SH,601669,中国电建,20111018,,主板,L,1763414308.9500003,1.4084507042253502,基础建设,未知,801723.SI,620000,5.76,9.9152,10.6432,0.6742,2.1804,9922267.7764,7529198.8896,2354316647.0,True,0,0,False,False,6.15,5.58,-2.2071307300509324,3.971119133573997,-6.341463414634152,False,1.4084507042253502,1.410939133031408,-27.04,-24.1,1895618702.8,97.1556,,,21668394319.03,-1277.0576,1.158,0,9922267.7764,2354316647.0,1.0,1.5,PASS,False,0.1111111111111111,-27.04,-24.1,,0.0,COV-LOW,9.9152,0.6742,1.158,,7.8939,0.0,0.0,5.76,6.15,False,0,88.65979381443299,,0.5,0,0,0.0,2,-7.689113981820716,False,-2.2071307300509324,TIER2_FORCED,-0.0018479884676854618,False,False,独立池,0.0,0.0,20.84077185628365,30.766092515586625,1.0,0.0,30.77,Tier2
601100.SH,601100,恒立液压,20111028,,主板,L,1355232576.55,11.665062560153983,未知,未知,,,116.02,56.8965,56.1873,8.6974,1.3769,15556205.1492,15556205.1492,1216143600.3999999,True,0,0,False,False,118.74,94.15,1.977674255076023,-4.800196931156153,-2.290719218460502,False,11.665062560153983,1.410939133031408,-18.33,9.21,557398389.25,85.4654,,,6511523692.61,70.5399,3.7092,0,15556205.1492,1216143600.3999999,1.0,1.5,PASS,False,0.4444444444444444,-18.33,9.21,1.0,-19.33,,56.8965,8.6974,3.7092,,99.46392506573181,0.0,0.0,116.02,118.74,False,0,73.25315005727376,,0.7362385321100917,1,1,100.0,393,9.900748442898688,True,1.977674255076023,,0.008565797587013597,False,False,独立池,-19.33,0.0,20.558357331019398,76.087616483386,1.0,0.0,76.09,Tier2
002628.SZ,002628,成都路桥,20111103,,主板,L,246740627.5,18.089430894308943,未知,未知,,,5.81,,,1.5586,7.1219,439875.3411,437948.97,340508118.20000005,False,2,1,False,False,6.47,4.89,-1.0221465076661107,24.67811158798281,-10.200927357032462,False,18.089430894308943,1.410939133031408,222.11,-32.93,13023904.9,96.6673,,,-134460844.37,97.3938,0.478,0,439875.3411,340508118.20000005,1.0,1.5,PASS,False,0.4444444444444444,222.11,-32.93,1.0,222.11,ESP-Q,,1.5586,0.478,,99.46392506573181,0.0,0.0,5.81,6.47,False,0,84.65063001145475,CHASE,0.8295107033639144,1,1,75.0,393,16.325116777053648,True,-1.0221465076661107,,0.032817544345713226,True,False,独立池,222.11,0.0,24.085836015954776,67.71235620662738,0.7,0.0,47.4,Other
002625.SZ,002625,光启技术,20111103,,主板,L,1198297256.7000003,1.0782347041123463,未知,未知,,,40.31,126.4311,121.8836,8.8829,1.3198,8685143.6717,8685114.9508,1447575400.2,True,0,0,False,False,43.08,37.82,-4.229033024471374,-13.812272824460125,-6.429897864438249,False,1.0782347041123463,1.410939133031408,19.24,9.05,172178993.61,97.7443,,,1839373643.3899999,24.5522,1.8156,0,8685143.6717,1447575400.2,1.0,1.5,PASS,False,0.4444444444444444,19.24,9.05,1.0,19.24,,126.4311,8.8829,1.8156,6.5712629937629945,99.46392506573181,0.0,0.0,40.31,43.08,False,0,94.04352806414661,,0.4847094801223242,0,0,5.0,393,-0.6860794131429482,False,-4.229033024471374,,-0.025885311218432464,False,False,独立池,19.24,0.0,21.12187146653115,34.93743271255021,1.0,0.0,34.94,Other
603686.SH,603686,福龙马,20150126,,主板,L,308769034.2,0.43266630611142887,未知,未知,,,18.57,49.7161,49.1458,2.2037,5.022,771454.2602,771454.2602,420528032.8,False,0,0,False,False,20.28,18.2,-5.3034166241713425,-26.860968885387948,-8.431952662721898,False,0.43266630611142887,1.410939133031408,-1.87,20.71,61495092.74,94.1865,,,412043306.81,-28.4994,1.8827,0,771454.2602,420528032.8,1.0,1.5,PASS,False,0.4444444444444444,-1.87,20.71,1.0,-2.87,ESP-Q,49.7161,2.2037,1.8827,,99.46392506573181,0.0,0.0,18.57,20.28,False,0,81.09965635738831,,0.46406727828746175,0,0,5.0,393,-1.3316478111438657,False,-5.3034166241713425,,-0.004275814758987297,False,False,独立池,-2.87,0.0,20.79884067741617,30.989665042699727,0.7,0.0,21.69,Other
002623.SZ,002623,亚玛顿,20111013,,主板,L,203174251.49999997,5.282498851630701,未知,未知,,,22.92,,,1.6671,8.8054,456251.25,455273.9985,486221113.0,False,1,1,False,False,25.99,19.89,-5.795314426633769,-25.992896351307703,-11.812235475182753,False,5.282498851630701,1.410939133031408,-1357.76,5.07,-42958778.23,,,,-298828984.55,,-1.4044,0,456251.25,486221113.0,1.0,1.5,PASS,False,0.4444444444444444,-1357.76,5.07,1.0,-1358.76,,,1.6671,-1.4044,,99.46392506573181,0.0,0.0,22.92,25.99,False,0,96.10538373424971,,0.6100917431192661,0,1,40.0,393,3.518184734375407,False,-5.795314426633769,,0.031001863144153964,False,False,独立池,-1358.76,0.0,0.9890615433993246,49.029427428954776,1.0,0.0,49.03,Other
002637.SZ,002637,赞宇科技,20111125,,主板,L,302988557.7,11.194653299916446,未知,未知,,,13.31,34.3303,31.1729,1.6589,8.1274,626103.731,619433.4125,434150528.59999996,True,0,0,False,False,13.51,11.71,11.101836393989984,-2.7757487216946597,-1.4803849000740166,False,11.194653299916446,1.410939133031408,35.93,60.98,100824868.2,99.6406,,,502589088.79999995,-27.5907,2.7038,0,626103.731,434150528.59999996,1.0,1.5,PASS,False,0.4444444444444444,35.93,60.98,1.0,35.93,ESP-Q,34.3303,1.6589,2.7038,0.9554773170052882,99.46392506573181,0.0,0.0,13.31,13.51,False,0,92.89805269186712,,0.7308868501529052,1,1,100.0,393,9.430339182661152,True,11.101836393989984,OVERHEAT,0.009638799259842021,False,True,独立池,35.93,0.0,21.36571515130406,82.14255883782094,0.7,0.0,57.5,Tier2
002636.SZ,002636,金安国纪,20111125,,主板,L,2087419413.0,14.491593274619685,未知,未知,,,42.9,103.8446,65.1701,8.1886,4.7164,3123120.0,3107313.1389,1685910394.4,True,1,0,False,False,50.22,36.43,-11.546391752577323,76.54320987654319,-14.575866188769416,False,14.491593274619685,1.410939133031408,699.9,422.86,215140164.67,106.5893,,,705194530.9,-2.8332,5.4355,0,3123120.0,1685910394.4,1.0,1.5,PASS,False,0.4444444444444444,699.9,422.86,1.0,699.9,ESP-Q,103.8446,8.1886,5.4355,0.1483706243749107,99.46392506573181,0.0,0.0,42.9,50.22,False,0,93.92898052691866,,0.7844036697247706,1,1,100.0,393,12.727279157364391,True,-11.546391752577323,,-0.04424821667423933,False,False,独立池,699.9,0.0,31.066427636544873,84.39197968538457,0.7,0.0,59.07,Tier2
601555.SH,601555,东吴证券,20111212,,主板,L,413336209.75000006,-2.035928143712573,未知,未知,,,8.18,11.4421,12.0474,0.9291,1.0896,4064398.9207,4064398.9207,552520919.2000002,True,0,0,False,False,8.73,7.91,-4.327485380116968,-14.165792235047213,-6.300114547537239,False,-2.035928143712573,1.410939133031408,-17.86,50.59,798627002.4,99.6871,,,9203409311.210001,938.9802,1.8413,0,4064398.9207,552520919.2000002,1.0,1.5,PASS,False,0.4444444444444444,-17.86,50.59,1.0,-18.86,,11.4421,0.9291,1.8413,,99.46392506573181,0.0,0.0,8.18,8.73,False,0,73.25315005727376,,0.367737003058104,0,0,5.0,393,-3.8002422609678677,False,-4.327485380116968,,0.0042940275328222435,False,False,独立池,-18.86,0.0,20.565224109440205,28.58898983907017,1.0,0.0,28.59,Other
002640.SZ,002640,跨境通,20111208,,主板,L,572509608.05,25.217391304347835,未知,未知,,,4.32,,,10.4517,14.575,673073.8546,668849.1862,1312317340.6000001,True,3,3,False,True,4.66,3.21,-4.8458149779735615,6.930693069306937,-7.296137339055786,False,25.217391304347835,1.410939133031408,-0.35,25.84,-3698027.27,-2.3524,,,-317942135.67999995,-291.7697,28.6403,0,673073.8546,1312317340.6000001,1.0,1.5,PASS,False,0.4444444444444444,-0.35,25.84,1.0,-1.35,ESP-Q,,10.4517,28.6403,,99.46392506573181,0.0,0.0,4.32,4.66,False,0,73.25315005727376,CHASE,0.8899082568807339,1,1,100.0,393,23.45307718709254,True,-4.8458149779735615,突破型,0.013768270094603737,True,False,独立池,-1.35,0.0,20.821048131032395,76.1401546433886,0.7,0.0,53.3,Tier2
002631.SZ,002631,德尔未来,20111111,,主板,L,278798897.34999996,12.326869806094187,未知,未知,,,8.11,,,3.196,2.6989,646596.4165,643587.1775,321721703.8,True,0,0,False,False,9.2,7.06,-9.888888888888891,37.9251700680272,-11.847826086956525,False,12.326869806094187,1.410939133031408,-2.41,-86.21,-21628202.67,,,,-361966409.64,,-0.6918,0,646596.4165,321721703.8,1.0,1.5,PASS,False,0.4444444444444444,-2.41,-86.21,1.0,-3.41,,,3.196,-0.6918,,99.46392506573181,0.0,0.0,8.11,9.2,False,0,73.25315005727376,,0.75,1,1,100.0,393,10.562555688838893,True,-9.888888888888891,,0.002912330840982463,False,False,独立池,-3.41,0.0,20.790951187315663,76.13413525464526,1.0,0.0,76.13,Tier2
601800.SH,601800,中国交建,20120309,,主板,L,292920166.05,-12.089356110381077,未知,未知,,,6.69,7.3808,8.133,0.3738,0.3712,10887736.9865,7883316.0557,342108244.2,True,0,0,False,False,7.65,6.66,-3.183791606367581,-18.01470588235293,-12.549019607843137,False,-12.089356110381077,1.410939133031408,-21.97,-43.48,4112696295.0,100.2481,,,35116557570.0,-822.8764,1.3141,0,10887736.9865,342108244.2,1.0,1.5,PASS,False,0.4444444444444444,-21.97,-43.48,1.0,-22.97,ESP-Q,7.3808,0.3738,1.3141,,99.46392506573181,0.0,0.0,6.69,7.65,False,0,77.54868270332189,,0.07492354740061162,0,0,5.0,393,-13.853670227636371,False,-3.183791606367581,,-0.014633584972989841,False,False,独立池,-22.97,0.0,20.505176323675276,29.865640075731623,0.7,0.0,20.91,Other
002635.SZ,002635,安洁科技,20111125,,主板,L,395227248.7,5.74132492113566,未知,未知,,,16.76,99.4163,96.2301,1.9264,6.3843,1105635.0366,662913.4907,414169351.4,False,0,0,False,False,18.15,15.34,1.0856453558504509,18.86524822695037,-7.658402203856729,False,5.74132492113566,1.410939133031408,-41.6,-84.12,14684075.02,42.0829,,,129492245.55,219.7067,0.5985,0,1105635.0366,414169351.4,1.0,1.5,PASS,False,0.4444444444444444,-41.6,-84.12,1.0,-42.6,ESP-Q,99.4163,1.9264,0.5985,,99.46392506573181,0.0,0.0,16.76,18.15,False,0,73.25315005727376,,0.6185015290519877,0,1,40.0,393,3.9770108038803653,False,1.0856453558504509,,-0.005833362467952728,False,False,独立池,-42.6,0.0,20.218378748355192,46.019620766853166,0.7,0.0,32.21,Other
002632.SZ,002632,道明光学,20111122,,主板,L,161248393.49999997,-7.750000000000002,未知,未知,,,11.07,31.1956,32.74,3.2605,2.2717,691431.1926,635889.3174,207492707.6,True,0,0,False,False,12.35,10.96,-6.345177664974622,-11.15569823434992,-10.364372469635619,False,-7.750000000000002,1.410939133031408,-9.97,39.38,38749895.78,94.5217,,,493593854.01,116.9814,1.8585,0,691431.1926,207492707.6,1.0,1.5,PASS,False,0.4444444444444444,-9.97,39.38,1.0,-10.97,,31.1956,3.2605,1.8585,,99.46392506573181,0.0,0.0,11.07,12.35,False,0,89.3470790378007,,0.1819571865443425,0,0,5.0,393,-9.514314117255296,False,-6.345177664974622,,-0.012368098365296641,False,False,独立池,-10.97,0.0,20.680498325908644,33.440223376521935,1.0,0.0,33.44,Other
002648.SZ,002648,卫星化学,20111228,,主板,L,1647116982.4499998,0.5730659025787732,未知,未知,,,28.08,17.8116,16.144,2.6681,2.2079,9459157.0975,9453082.8179,1652967963.1999998,False,0,0,False,False,30.2,25.78,4.5420699925539765,24.8,-7.019867549668879,False,0.5730659025787732,1.410939133031408,15.47,4.02,1953892611.64,92.2952,,,15379237604.83,90.4783,6.1356,0,9459157.0975,1652967963.1999998,1.0,1.5,PASS,False,0.4444444444444444,15.47,4.02,1.0,15.47,,17.8116,2.6681,6.1356,1.1513639301874594,99.46392506573181,10.0,0.0,28.08,30.2,False,0,73.25315005727376,,0.4709480122324159,0,0,5.0,393,-1.1912482146765213,False,4.5420699925539765,,0.0084672300093026,False,False,独立池,15.47,0.0,21.066791137496168,28.689303244681362,1.0,0.0,38.69,Other
002639.SZ,002639,雪人集团,20111205,,主板,L,1067843463.7499999,-12.58278145695364,未知,未知,,,17.16,362.8959,439.6131,5.1706,10.808,1325785.3374,1121029.5199,1123826176.8,True,0,0,False,False,20.36,17.01,-6.33187772925764,-19.018404907975462,-15.717092337917482,False,-12.58278145695364,1.410939133031408,-149.01,3.1,-3404484.59,-94.9661,,,84504041.42,,0.1401,0,1325785.3374,1123826176.8,1.0,1.5,PASS,False,0.4444444444444444,-149.01,3.1,1.0,-150.01,ESP-Q,362.8959,5.1706,0.1401,,99.46392506573181,0.0,0.0,17.16,20.36,False,0,90.83619702176404,,0.06498470948012232,0,0,5.0,393,-14.347095574208934,False,-6.33187772925764,,-0.03427746303505283,False,False,独立池,-150.01,0.0,18.649100726698016,33.480679251868814,0.7,0.0,23.44,Other
002645.SZ,002645,华宏科技,20111220,,主板,L,1169933385.3999999,29.218677762367086,未知,未知,,,27.95,85.8576,45.0223,4.1106,5.6991,1754143.0062,1562202.505,1368707817.8,True,2,2,False,False,30.12,20.53,-7.111997341309406,81.02331606217616,-7.204515272244361,False,29.218677762367086,1.410939133031408,696.5,140.26,211383947.89,97.6634,,,619055624.28,160.9556,5.209,0,1754143.0062,1368707817.8,1.0,1.5,PASS,False,0.4444444444444444,696.5,140.26,1.0,696.5,,85.8576,4.1106,5.209,0.12327006460875808,99.46392506573181,0.0,0.0,27.95,30.12,False,0,81.09965635738831,CHASE,0.9113149847094801,1,1,100.0,393,27.45436364511179,True,-7.111997341309406,,-8.60665792061697e-06,True,False,独立池,696.5,0.0,31.016753069245418,80.53324752106558,1.0,0.0,80.53,Tier2
002673.SZ,002673,西部证券,20120503,,主板,L,208371460.3,-5.177111716621252,未知,未知,,,6.96,17.7391,17.8057,1.0191,0.9957,3110828.8667,3110828.8667,255861210.8,True,0,0,False,False,7.41,6.9,-4.395604395604402,-12.672521957340022,-6.072874493927127,False,-5.177111716621252,1.410939133031408,-2.97,25.36,276817870.12,97.3002,,,4017327645.59,-4.3271,0.9379,0,3110828.8667,255861210.8,1.0,1.5,PASS,False,0.4444444444444444,-2.97,25.36,1.0,-3.97,ESP-Q,17.7391,1.0191,0.9379,,99.46392506573181,0.0,0.0,6.96,7.41,False,0,77.20504009163804,,0.26758409785932724,0,0,5.0,393,-6.941425833876547,False,-4.395604395604402,,-0.03044967349484798,False,False,独立池,-3.97,0.0,20.78276949387811,29.818065926267035,0.7,0.0,20.87,Other
002647.SZ,002647,仁东控股,20111228,,主板,L,846262170.4999998,20.882352941176485,未知,未知,,,12.33,38.7591,,22.3931,4.5228,1393649.6131,1251854.6131,736952052.8,False,3,1,False,True,14.0,9.8,-8.3271375464684,35.94266813671445,-11.928571428571432,False,20.882352941176485,1.410939133031408,206.5,129.14,21638223.87,46.015,,,105979879.33000001,-20.7705,7.9426,0,1393649.6131,736952052.8,1.0,1.5,PASS,False,0.4444444444444444,206.5,129.14,1.0,206.5,ESP-Q,38.7591,22.3931,7.9426,0.1876953995157385,99.46392506573181,0.0,0.0,12.33,14.0,False,0,73.25315005727376,CHASE,0.8539755351681957,1,1,75.0,393,19.11803882392119,True,-8.3271375464684,突破型,-0.0332000157513638,True,False,独立池,206.5,0.0,23.857771311382866,64.24749927945871,0.7,0.0,44.97,Other
002642.SZ,002642,荣联科技,20111220,,主板,L,240513652.5999999,9.517766497461944,未知,未知,,,8.63,285.2471,286.2533,4.805,4.3212,570943.8101,570943.8101,522008504.59999996,False,1,1,False,False,9.59,7.58,-4.746136865342166,0.465657741559955,-10.010427528675692,False,9.517766497461944,1.410939133031408,-97.0,128.18,27198.8,3.3343,,,22777910.01,-96357.7121,0.0686,0,570943.8101,522008504.59999996,1.0,1.5,PASS,False,0.4444444444444444,-97.0,128.18,1.0,-98.0,ESP-Q,285.2471,4.805,0.0686,,99.46392506573181,0.0,0.0,8.63,9.59,False,0,84.87972508591065,,0.694954128440367,0,1,40.0,393,7.7534523802066495,True,-4.746136865342166,,-0.01085786875662488,False,False,独立池,-98.0,0.0,19.40897550471114,49.345712626715425,0.7,0.0,34.54,Other
601360.SH,601360,三六零,20120116,,主板,L,1056152369.3499998,1.1981566820276512,未知,未知,,,10.98,292.2104,119.0731,2.632,1.4085,7685514.5511,7685514.5511,1203727167.8,True,0,0,False,False,12.1,10.71,-5.9931506849315035,-14.94965143299768,-9.256198347107436,False,1.1981566820276512,1.410939133031408,,102.9617,,,,,-400805000.0,-38.0379,0.373,0,7685514.5511,1203727167.8,1.0,1.5,PASS,False,0.4444444444444444,,102.9617,1.0,0.0,DATA-INC,292.2104,2.632,0.373,,99.46392506573181,0.0,0.0,10.98,12.1,False,0,73.25315005727376,,0.48853211009174313,0,0,5.0,393,-0.5661574352276433,False,-5.9931506849315035,,-0.006283766112880887,False,False,独立池,0.0,0.0,20.84077185628365,28.644099388438857,1.0,0.0,28.64,Other
601336.SH,601336,新华保险,20111216,,主板,L,1406274293.8000004,-0.7135906584495588,未知,未知,,,61.22,5.2634,5.1752,1.5457,0.8391,19097864.2852,12767059.6395,1497295840.9999998,True,0,0,False,False,67.16,60.8,-7.045247494685702,-24.466378778531773,-8.84455032757594,False,-0.7135906584495588,1.410939133031408,,29.2,,,,,65743000000.0,544.2296,5.5304,0,19097864.2852,1497295840.9999998,1.0,1.5,PASS,False,0.4444444444444444,,29.2,1.0,0.0,DATA-INC,5.2634,1.5457,5.5304,,99.46392506573181,10.0,0.0,61.22,67.16,False,0,73.25315005727376,,0.42048929663608564,0,0,5.0,393,-2.4779047757048533,False,-7.045247494685702,,-0.0013640190171102034,False,False,独立池,0.0,0.0,20.84077185628365,28.644099388438857,1.0,0.0,38.64,Other
002652.SZ,002652,扬子新材,20120119,,主板,L,248573611.90000004,31.48936170212764,未知,未知,,,6.18,,,13.4766,5.9299,316455.552,316455.552,235785523.20000002,False,2,1,False,False,6.77,4.66,-4.334365325077405,46.099290780141835,-8.714918759231905,False,31.48936170212764,1.410939133031408,28.41,23.73,-3635800.97,,,,-59034708.12,,-1.3593,0,316455.552,235785523.20000002,1.0,1.5,PASS,False,0.4444444444444444,28.41,23.73,1.0,28.41,,,13.4766,-1.3593,,99.46392506573181,0.0,0.0,6.18,6.77,False,0,90.26345933562429,CHASE,0.9235474006116208,1,1,75.0,393,29.725047584872343,True,-4.334365325077405,,-0.04462932714194434,True,False,独立池,28.41,0.0,21.25584669657115,68.83020714000152,1.0,0.0,68.83,Tier2
601388.SH,601388,怡球资源,20120423,,主板,L,367910435.1,-6.41025641025641,未知,未知,,,3.65,47.3075,38.5602,1.7132,2.8014,803446.2548,803446.2548,269127374.6,False,0,0,False,False,4.4,3.62,-7.828282828282829,-10.539215686274517,-17.045454545454554,False,-6.41025641025641,1.410939133031408,247.12,1316.66,64155873.85,106.9826,,,323231594.92,-102.5862,1.2785,0,803446.2548,269127374.6,1.0,1.5,PASS,False,0.4444444444444444,247.12,1316.66,1.0,247.12,ESP-Q,47.3075,1.7132,1.2785,0.1914353350598899,99.46392506573181,0.0,0.0,3.65,4.4,True,0,81.09965635738831,,0.2213302752293578,0,0,5.0,393,-8.174570527511705,False,-7.828282828282829,,0.006728412397133272,False,False,独立池,247.12,0.0,24.45123628894282,31.72014416500506,0.7,0.0,22.2,Other
601515.SH,601515,衢州东峰,20120216,,主板,L,207847763.20000002,2.417582417582431,未知,未知,,,4.66,,,1.8303,2.2471,896803.3327,896803.3327,285003729.6,True,0,0,False,False,5.2,4.38,-5.284552845528456,1.969365426695835,-10.384615384615381,False,2.417582417582431,1.410939133031408,,22.1131,,,,,-476894027.68,,-0.2154,0,896803.3327,285003729.6,1.0,1.5,PASS,False,0.4444444444444444,,22.1131,1.0,0.0,DATA-INC,,1.8303,-0.2154,,99.46392506573181,0.0,0.0,4.66,5.2,False,0,90.83619702176404,,0.5198776758409785,0,0,5.0,393,0.6532683003271367,False,-5.284552845528456,,-0.002151621189479286,False,False,独立池,0.0,0.0,20.84077185628365,33.91901347778594,1.0,0.0,33.92,Other
002657.SZ,002657,中科金财,20120228,,主板,L,191916535.89999998,-8.05580558055805,未知,未知,,,20.43,,,4.0798,2.2589,694726.2258,686708.3599,177376554.6,True,0,0,False,False,22.7,19.13,-6.49885583524028,-27.321237993596583,-9.999999999999998,False,-8.05580558055805,1.410939133031408,-19.55,-100.3,-47572570.0,,,,-367752749.26,,-2.005,0,694726.2258,177376554.6,1.0,1.5,PASS,False,0.4444444444444444,-19.55,-100.3,1.0,-20.55,,,4.0798,-2.005,,99.46392506573181,0.0,0.0,20.43,22.7,False,0,83.96334478808706,,0.16819571865443425,0,0,5.0,393,-9.820119697813345,False,-6.49885583524028,,-0.044647277219001046,False,False,独立池,-20.55,0.0,20.540532927459008,31.797110021917916,1.0,0.0,31.8,Other
002669.SZ,002669,康达新材,20120416,,主板,L,201256239.45,5.944319036869827,未知,未知,,,14.08,34.0551,33.9219,1.5397,11.8136,427187.2,426226.6624,267601202.4,True,0,0,False,False,15.4,13.22,-2.2222222222222254,-2.8295376121463045,-8.571428571428575,False,5.944319036869827,1.410939133031408,33.48,105.43,4490057.29,65.4109,,,94800979.8,-567.425,0.2458,0,427187.2,267601202.4,1.0,1.5,PASS,False,0.4444444444444444,33.48,105.43,1.0,33.48,ESP-Q,34.0551,1.5397,0.2458,1.0171774193548389,99.46392506573181,0.0,0.0,14.08,15.4,False,0,92.78350515463917,,0.6223241590214067,0,1,55.0,393,4.180004919614532,False,-2.2222222222222254,,0.013687606270539667,False,False,独立池,33.48,0.0,21.329920242514746,59.6010355948947,0.7,0.0,41.72,Other
002658.SZ,002658,雪迪龙,20120309,,主板,L,207285264.09999996,19.76190476190476,未知,未知,,,10.06,42.3738,41.2313,2.4965,14.5036,639575.4895,360712.868,347091434.0,True,1,1,False,False,10.35,8.34,10.915104740904091,-4.734848484848486,-2.801932367149751,False,19.76190476190476,1.410939133031408,65.26,-6.1,8666443.84,60.8068,,,300062349.85,27.505,0.5356,0,639575.4895,347091434.0,1.0,1.5,PASS,False,0.4444444444444444,65.26,-6.1,1.0,65.26,ESP-Q,42.3738,2.4965,0.5356,0.6493073858412504,99.46392506573181,0.0,0.0,10.06,10.35,False,0,95.30355097365405,CHASE,0.8425076452599388,1,1,100.0,393,17.997590644649463,True,10.915104740904091,OVERHEAT,0.033321970332772836,True,True,独立池,65.26,0.0,21.79423134509612,82.94991156111544,0.7,0.0,58.06,Tier2
002670.SZ,002670,国盛证券,20120416,,主板,L,240911317.25000003,-14.482758620689651,未知,未知,,,12.4,87.9072,117.6017,2.1166,0.8961,2399504.9697,2012954.7862,208102118.79999998,True,0,0,False,False,14.78,12.23,-4.024767801857587,-25.256178420735374,-16.102841677943157,False,-14.482758620689651,1.410939133031408,-95.89,75.92,2767048.88,188.4062,,,722148299.15,19005.2709,0.013,0,2399504.9697,208102118.79999998,1.0,1.5,PASS,False,0.4444444444444444,-95.89,75.92,1.0,-96.89,,87.9072,2.1166,0.013,,99.46392506573181,0.0,0.0,12.4,14.78,False,0,77.20504009163804,,0.04281345565749235,0,0,5.0,393,-16.247072737944947,False,-4.024767801857587,,-0.03939363432814124,False,False,独立池,-96.89,0.0,19.425192789917727,29.546550585474957,1.0,0.0,29.55,Other
603123.SH,603123,翠微股份,20120503,,主板,L,296911617.3,-10.793650793650789,未知,未知,,,11.24,,,5.5114,2.6788,897780.0115,733158.1667,224711129.60000002,False,0,0,False,False,12.99,11.19,-5.7046979865771785,-15.678919729932483,-13.471901462663583,False,-10.793650793650789,1.410939133031408,11.41,22.54,-80608636.33,,,,-1122279121.11,,-1.8474,0,897780.0115,224711129.60000002,1.0,1.5,PASS,False,0.4444444444444444,11.41,22.54,1.0,11.41,,,5.5114,-1.8474,,99.46392506573181,0.0,0.0,11.24,12.99,True,0,84.19243986254295,,0.10244648318042814,0,0,5.0,393,-12.557964910906083,False,-5.7046979865771785,,-0.012459417899797938,False,False,独立池,11.41,0.0,21.007473860073876,31.95922673077766,1.0,0.0,31.96,Other
601965.SH,601965,中国汽研,20120611,,主板,L,201624346.19999996,0.6432748538011568,未知,未知,,,17.21,16.3212,16.5323,2.1569,1.7825,1726257.4605,1718256.2562,371561246.40000004,True,0,0,False,False,18.32,15.6,3.425480769230771,-9.84808800419067,-6.0589519650654955,False,0.6432748538011568,1.410939133031408,-9.95,15.39,149302528.09,90.7158,,,2155844579.61,-20.8419,2.0782,0,1726257.4605,371561246.40000004,1.0,1.5,PASS,False,0.4444444444444444,-9.95,15.39,1.0,-10.95,ESP-Q,16.3212,2.1569,2.0782,,99.46392506573181,0.0,0.0,17.21,18.32,False,0,73.99770904925545,,0.47553516819571867,0,0,5.0,393,-1.1210392634541377,False,3.425480769230771,,0.0030109169355478868,False,False,独立池,-10.95,0.0,20.680790529245698,28.835470820625776,0.7,0.0,20.18,Other
002675.SZ,002675,东诚药业,20120525,,主板,L,200236436.74999997,-14.334470989761094,未知,未知,,,12.55,52.8995,50.6462,2.4521,1.1565,1034867.6098,932946.9125,139090074.6,True,0,0,False,False,14.66,12.5,-4.417364813404423,-7.652685798381153,-14.392905866302863,False,-14.334470989761094,1.410939133031408,56.36,126.51,29927987.91,89.5099,,,423653499.94,-64.6265,0.7743,0,1034867.6098,139090074.6,1.0,1.5,PASS,False,0.4444444444444444,56.36,126.51,1.0,56.36,ESP-Q,52.8995,2.4521,0.7743,0.9386000709723209,99.46392506573181,0.0,0.0,12.55,14.66,True,0,73.25315005727376,,0.04510703363914373,0,0,5.0,393,-16.09878510701639,False,-4.417364813404423,,-0.022362991117913733,False,False,独立池,56.36,0.0,21.66420086010637,28.8087851892034,0.7,0.0,20.17,Other
002685.SZ,002685,华东重机,20120612,,主板,L,751289809.0500001,7.920792079207928,未知,未知,,,8.72,131.6913,101.5933,5.3274,4.961,878706.239,878588.4536,721653268.8,False,1,1,False,False,9.98,7.83,-7.430997876857736,21.448467966573826,-12.625250501002006,False,7.920792079207928,1.410939133031408,56.92,141.45,52257054.01,96.53,,,172298908.36,-69.2974,3.3367,0,878706.239,721653268.8,1.0,1.5,PASS,False,0.4444444444444444,56.92,141.45,1.0,56.92,ESP-Q,131.6913,5.3274,3.3367,2.313620871398454,99.46392506573181,0.0,0.0,8.72,9.98,False,0,78.69415807560138,,0.6651376146788991,0,1,40.0,393,6.156477961952634,True,-7.430997876857736,,-0.03455637406806696,False,False,独立池,56.92,0.0,21.67238255354393,47.9427239333892,0.7,0.0,33.56,Other
603077.SH,603077,和邦生物,20120731,,主板,L,821588163.5500001,-8.47457627118644,未知,未知,,,2.7,,,1.3443,2.0219,2384558.5216,2384558.5216,574866527.4,False,0,0,False,False,3.29,2.69,-5.923344947735187,8.43373493975903,-17.93313069908814,False,-8.47457627118644,1.410939133031408,1919.23,-2340.63,171310111.83,98.6872,,,-218340423.97999996,11.0116,0.9649,0,2384558.5216,574866527.4,1.0,1.5,PASS,False,0.4444444444444444,1919.23,-2340.63,1.0,1919.23,ESP-Q,,1.3443,0.9649,,99.46392506573181,0.0,0.0,2.7,3.29,True,0,73.25315005727376,,0.15634556574923547,0,0,5.0,393,-10.238890388441733,False,-5.923344947735187,,0.002748307554943366,False,False,独立池,1919.23,0.0,48.88104238514598,34.25215349421133,0.7,0.0,23.98,Other
002692.SZ,002692,远程股份,20120808,,主板,L,324184037.25000006,-16.641452344931928,未知,未知,,,5.51,2231.2125,,3.4634,3.2591,395698.446,395471.4478,145288117.0,False,1,0,False,False,7.26,5.3,-2.3049645390070927,-2.131438721136769,-24.10468319559229,False,-16.641452344931928,1.410939133031408,-316.5,-142.59,-37376526.06,,,,2386736.5999999978,,-3.1857,0,395698.446,145288117.0,1.0,1.5,PASS,False,0.4444444444444444,-316.5,-142.59,1.0,-317.5,,2231.2125,3.4634,-3.1857,,99.46392506573181,0.0,0.0,5.51,7.26,True,0,78.80870561282933,,0.02981651376146789,0,0,5.0,393,-18.405766462187223,False,-2.3049645390070927,,-0.04533750527400387,False,False,独立池,-317.5,0.0,16.20204388052577,29.383020459953954,1.0,0.0,29.38,Other
002851.SZ,002851,麦格米特,20170306,,主板,L,2777291462.45,21.34671843924614,未知,未知,,,128.13,511.3053,486.499,8.3074,5.4294,7452394.3363,5869530.8869,3378307304.5999994,False,2,2,False,False,144.8,102.73,2.503999999999995,7.762825904121096,-11.512430939226526,False,21.34671843924614,1.410939133031408,-56.23,-92.96,40246491.48,35.0922,,,323576982.15,18.1835,1.5103,0,7452394.3363,3378307304.5999994,1.0,1.5,PASS,False,0.4444444444444444,-56.23,-92.96,1.0,-57.23,ESP-Q,511.3053,8.3074,1.5103,,99.46392506573181,0.0,0.0,128.13,144.8,False,0,85.2233676975945,CHASE,0.8616207951070336,1,1,75.0,393,19.582404321990843,True,2.503999999999995,,-0.005697285095728692,True,False,独立池,-57.23,0.0,20.00463200729901,67.06793671073815,0.7,0.0,46.95,Other
002701.SZ,002701,奥瑞金,20121011,,主板,L,163781650.95000002,-3.888888888888886,未知,未知,,,5.19,13.1968,15.4615,1.2964,0.9471,1328515.6834,1327292.3573,121669405.4,False,0,0,False,False,5.6,5.15,-2.990654205607468,-10.05199306759097,-7.321428571428557,False,-3.888888888888886,1.410939133031408,68.6,-33.89,319186899.0,61.7234,,,1791624559.0,-6.3193,5.1791,0,1328515.6834,121669405.4,1.0,1.5,PASS,False,0.4444444444444444,68.6,-33.89,1.0,68.6,ESP-Q,13.1968,1.2964,5.1791,0.1923731778425656,99.46392506573181,10.0,0.0,5.19,5.6,True,0,73.25315005727376,,0.31345565749235477,0,0,5.0,393,-5.653203006144181,False,-2.990654205607468,,-0.009130396868037741,False,False,独立池,68.6,0.0,21.843029302384405,28.84455087765901,0.7,0.0,30.19,Other
002698.SZ,002698,博实股份,20120911,,主板,L,202911528.39999998,4.775481111903068,未知,未知,,,14.7,26.6634,30.5455,3.5575,3.3155,1503165.5153,1235151.1757,295112743.8,True,1,1,False,False,15.4,12.66,-1.2096774193548487,-10.365853658536583,-4.545454545454552,False,4.775481111903068,1.410939133031408,-50.95,7.32,68791432.53,87.7324,,,1258096356.01,3.7758,1.8615,0,1503165.5153,295112743.8,1.0,1.5,PASS,False,0.4444444444444444,-50.95,7.32,1.0,-51.95,,26.6634,3.5575,1.8615,,99.46392506573181,0.0,0.0,14.7,15.4,False,0,73.25315005727376,,0.591743119266055,0,1,55.0,393,3.0111669946477737,False,-1.2096774193548487,,-0.024611102027953722,False,False,独立池,-51.95,0.0,20.08177368828169,53.49229975483847,1.0,0.0,53.49,Tier2
002752.SZ,002752,昇兴股份,20150422,,主板,L,311526478.7,14.803149606299225,未知,未知,,,7.29,23.1868,19.4698,1.9334,1.9521,712173.5632,711159.0511,179048302.8,False,1,0,False,False,7.85,6.15,-3.3156498673740042,6.734992679355778,-7.133757961783438,False,14.803149606299225,1.410939133031408,78.62,-31.49,148067277.01,97.7049,,,757386995.13,179.8138,4.1906,0,712173.5632,179048302.8,1.0,1.5,PASS,False,0.4444444444444444,78.62,-31.49,1.0,78.62,ESP-Q,23.1868,1.9334,4.1906,0.29492241160010174,99.46392506573181,0.0,0.0,7.29,7.85,True,0,80.29782359679267,,0.7889908256880734,1,1,75.0,393,13.038835489043931,True,-3.3156498673740042,,-0.05431679001511995,False,False,独立池,78.62,0.0,21.989423174249268,65.98723171388765,0.7,0.0,46.19,Other
002681.SZ,002681,奋达科技,20120605,,主板,L,184821563.9,6.1776061776061875,未知,未知,,,5.5,,,4.6318,3.4002,987058.7276,863095.6499,256740010.0,True,0,0,False,False,5.65,4.94,0.36496350364962904,-13.793103448275856,-2.6548672566371723,False,6.1776061776061875,1.410939133031408,-155.2,-244.66,-19945051.96,,,,-110552773.88,,-0.7403,0,987058.7276,256740010.0,1.0,1.5,PASS,False,0.4444444444444444,-155.2,-244.66,1.0,-156.2,,,4.6318,-0.7403,,99.46392506573181,0.0,0.0,5.5,5.65,False,0,88.43069873997709,,0.6276758409785933,0,1,55.0,393,4.4132920603508925,False,0.36496350364962904,,0.019927591340360224,False,False,独立池,-156.2,0.0,18.5586637938793,57.740942380768985,1.0,0.0,57.74,Tier2
002686.SZ,002686,亿利达,20120703,,主板,L,274812084.00000006,6.241519674355489,未知,未知,,,7.83,145.387,235.9302,2.7479,4.9054,443365.2411,409296.6958,223272842.00000003,True,1,0,False,False,8.47,7.19,-1.7565872020075202,12.33859397417505,-7.556080283353017,False,6.241519674355489,1.410939133031408,-99.98,-307.54,2382.39,0.1462,,,702857.2599999979,-321.3177,0.1011,0,443365.2411,223272842.00000003,1.0,1.5,PASS,False,0.4444444444444444,-99.98,-307.54,1.0,-100.98,ESP-Q,145.387,2.7479,0.1011,,99.46392506573181,0.0,0.0,7.83,8.47,False,0,71.1340206185567,,0.6292048929663608,0,1,55.0,393,4.477205557100195,False,-1.7565872020075202,,-0.013941597195610543,False,False,独立池,-100.98,0.0,19.36543720748985,52.71329362706498,0.7,0.0,36.9,Other
603993.SH,603993,洛阳钼业,20121009,,主板,L,5010309995.6,-5.458187280921378,未知,未知,,,18.88,19.8599,16.7237,4.5453,2.0351,40392457.6123,32966070.0283,6231882197.599999,True,0,0,False,False,21.45,18.17,-5.647176411794119,-15.789473684210542,-11.981351981351985,False,-5.458187280921378,1.410939133031408,90.58,55.56,7485958752.45,96.4679,,,51154016764.68,92.8471,9.0447,0,40392457.6123,6231882197.599999,1.0,1.5,PASS,False,0.4444444444444444,90.58,55.56,1.0,90.58,,19.8599,4.5453,9.0447,0.21925259439169795,99.46392506573181,10.0,0.0,18.88,21.45,False,0,7.789232531500573,CAT-0,0.25688073394495414,0,0,5.0,393,-7.222501398176673,False,-5.647176411794119,,-0.0008641161427347305,False,False,独立池,90.58,0.0,22.164160769808525,9.269601913411876,0.5,0.0,14.63,Other
002716.SZ,002716,湖南白银,20140128,,主板,L,2087436329.75,-7.872696817420433,未知,未知,,,11.0,91.2855,66.3932,7.6488,9.3148,3105397.5106,2557339.653,2444803421.2,True,0,0,False,False,13.3,10.82,-11.504424778761058,-22.09631728045325,-17.29323308270677,False,-7.872696817420433,1.410939133031408,497.06,173.64,155858750.72,100.2138,,,680568929.69,-590.1036,4.0954,0,3105397.5106,2444803421.2,1.0,1.5,PASS,False,0.4444444444444444,497.06,173.64,1.0,497.06,ESP-Q,91.2855,7.6488,4.0954,0.18365086709853942,99.46392506573181,0.0,0.0,11.0,13.3,False,0,51.08820160366552,,0.17660550458715596,0,0,5.0,393,-9.637010934675727,False,-11.504424778761058,,-0.03228481236219471,False,False,独立池,497.06,0.0,28.102901392126828,23.44704075952502,0.7,0.0,16.41,Other
002709.SZ,002709,天赐材料,20140123,,主板,L,7733636943.249999,19.875,未知,未知,,,57.54,86.1277,40.9177,6.3499,8.9238,11729884.275,8682849.4033,7069889678.200001,True,1,1,False,False,64.98,47.47,-3.3915379449294902,39.153567110036256,-11.449676823638043,False,19.875,1.410939133031408,1062.23,256.32,1560155731.93,94.3032,,,3527650686.28,-1.1044,8.9589,0,11729884.275,7069889678.200001,1.0,1.5,PASS,False,0.4444444444444444,1062.23,256.32,1.0,1062.23,ESP-Q,86.1277,6.3499,8.9589,0.08108196906508007,99.46392506573181,0.0,0.0,57.54,64.98,False,0,73.25315005727376,CHASE,0.8440366972477065,1,1,100.0,393,18.110685882744704,True,-3.3915379449294902,,-0.025526095620773525,True,False,独立池,1062.23,0.0,36.360129392312906,79.24797089564471,0.7,0.0,55.47,Tier2
002725.SZ,002725,跃岭股份,20140129,,主板,L,189448969.29999998,4.622111180512167,未知,未知,,,16.75,294.3579,1937.5056,4.393,4.0994,428800.0,359051.8811,191905354.2,True,0,0,False,False,18.15,15.8,-4.0664375715922185,10.342555994729906,-7.713498622589521,False,4.622111180512167,1.410939133031408,-200.72,-33.71,-6373125.49,,,,14323274.95,,-0.5491,0,428800.0,191905354.2,1.0,1.5,PASS,False,0.4444444444444444,-200.72,-33.71,1.0,-201.72,,294.3579,4.393,-0.5491,,99.46392506573181,0.0,0.0,16.75,18.15,False,0,83.04696449026346,,0.5856269113149847,0,1,55.0,393,2.8577970632568728,False,-4.0664375715922185,,-0.024754231734109376,False,False,独立池,-201.72,0.0,17.893608998740724,55.99281114682718,1.0,0.0,55.99,Tier2
002708.SZ,002708,光洋股份,20140121,,主板,L,400444352.34999996,18.36890243902438,未知,未知,,,15.53,86.4483,81.1336,4.935,6.5362,872938.1428,802367.6237,584357782.3999999,True,0,0,False,False,16.07,12.84,1.3707571801566454,12.945454545454549,-3.3602986932171786,False,18.36890243902438,1.410939133031408,-44.29,135.1,13423741.41,41.8747,,,207403569.5,-207.2856,1.8307,0,872938.1428,584357782.3999999,1.0,1.5,PASS,False,0.4444444444444444,-44.29,135.1,1.0,-45.29,ESP-Q,86.4483,4.935,1.8307,,99.46392506573181,0.0,0.0,15.53,16.07,False,0,84.65063001145475,CHASE,0.8325688073394495,1,1,100.0,393,16.604588321769086,True,1.3707571801566454,,-0.01395487490712024,True,False,独立池,-45.29,0.0,20.179077399521212,79.43100448334067,0.7,0.0,55.6,Tier2
002714.SZ,002714,牧原股份,20140128,,主板,L,1996072931.3999996,-7.709011943539624,未知,未知,,,42.5,15.8426,25.0847,2.8443,1.1878,24535227.6748,16150806.7988,2264463693.0,True,0,0,False,False,46.67,41.7,-4.106498194945852,-8.896034297963551,-8.935076065995284,False,-7.709011943539624,1.410939133031408,-125.32,-14.71,-1141499294.73,,,,40997122372.33,,-1.4728,0,24535227.6748,2264463693.0,1.0,1.5,PASS,False,0.4444444444444444,-125.32,-14.71,1.0,-126.32,,15.8426,2.8443,-1.4728,,99.46392506573181,0.0,0.0,42.5,46.67,False,0,73.25315005727376,,0.18425076452599387,0,0,5.0,393,-9.473326060794918,False,-4.106498194945852,,0.0016897334308769323,False,False,独立池,-126.32,0.0,18.995215579440387,28.274988133070206,1.0,0.0,28.27,Other
002815.SZ,002815,崇达技术,20161012,,主板,L,651809342.7500001,4.200000000000004,未知,未知,,,15.63,59.5413,79.9899,2.1689,5.5872,1928978.5194,1214672.9679,886263219.1999999,True,0,0,False,False,17.06,13.74,-3.399258343634115,5.966101694915249,-8.382180539273143,False,4.200000000000004,1.410939133031408,-69.81,17.88,33737353.76,104.0633,,,881416238.0,188.3665,0.3653,0,1928978.5194,886263219.1999999,1.0,1.5,PASS,False,0.4444444444444444,-69.81,17.88,1.0,-70.81,,59.5413,2.1689,0.3653,,99.46392506573181,0.0,0.0,15.63,17.06,False,0,85.79610538373424,,0.5711009174311926,0,1,55.0,393,2.435685882744709,False,-3.399258343634115,,0.001674694304143768,False,False,独立池,-70.81,0.0,19.806225941438246,57.200076803407924,1.0,0.0,57.2,Tier2
603699.SH,603699,纽威股份,20140117,,主板,L,514051040.8000001,27.54303599374024,未知,未知,,,65.2,31.5749,30.0277,10.1071,1.3212,5054844.5015,4943090.5866,449778557.4,True,1,0,False,False,67.17,49.78,-0.7912355447352359,14.647441533321626,-2.9328569301771634,False,27.54303599374024,1.410939133031408,40.12,38.32,343770813.96,99.5902,,,3624849403.07,70.4238,7.1618,0,5054844.5015,449778557.4,1.0,1.5,PASS,False,0.4444444444444444,40.12,38.32,1.0,40.12,,31.5749,10.1071,7.1618,0.7870114656031905,99.46392506573181,0.0,0.0,65.2,67.17,False,0,75.71592210767469,CHASE,0.9036697247706422,1,1,100.0,393,25.778721876484944,True,-0.7912355447352359,OVERHEAT,-0.0011063667021552408,True,True,独立池,40.12,0.0,21.42693175041721,77.00016298238585,1.0,0.0,77.0,Tier2
603777.SH,603777,来伊份,20161012,,主板,L,379818341.00000006,20.15738498789348,未知,未知,,,19.85,,,4.2596,6.5983,663831.9695,663831.9695,435544095.79999995,False,1,1,False,False,21.68,14.9,7.123583378305454,46.49446494464944,-8.440959409594084,False,20.15738498789348,1.410939133031408,-511.95,-132.3,-22022283.74,,,,-424048251.84000003,,-0.8974,0,663831.9695,435544095.79999995,1.0,1.5,PASS,False,0.4444444444444444,-511.95,-132.3,1.0,-512.95,,,4.2596,-0.8974,,99.46392506573181,0.0,0.0,19.85,21.68,False,0,78.35051546391753,CHASE,0.8463302752293578,1,1,75.0,393,18.393070870638184,True,7.123583378305454,,0.009610233012700652,True,False,独立池,-512.95,0.0,13.346486769149779,63.67445199300521,1.0,0.0,63.67,Tier2
603989.SH,603989,艾华集团,20150515,,主板,L,185764998.24999997,2.249488752556239,元件,未知,801083.SI,270000,20.0,30.0941,30.4067,2.0181,2.0831,797559.72,797559.72,203812972.20000002,True,0,0,False,False,21.69,18.98,-6.191369606003749,9.769484083424818,-7.7916090364223205,False,2.249488752556239,1.410939133031408,-13.88,39.76,59059493.55,85.8143,,,641809503.44,7.0236,1.7567,0,797559.72,203812972.20000002,1.0,1.5,PASS,False,0.8888888888888888,-13.88,39.76,,0.0,COV-LOW,30.0941,2.0181,1.7567,,220.3882,10.0,0.0,20.0,21.69,False,0,73.25315005727376,,0.5,0,0,0.0,1,-51.23253002519518,False,-6.191369606003749,TIER2_FORCED,-0.01685574687147011,False,False,独立池,0.0,0.0,20.84077185628365,26.144099388438857,1.0,0.0,36.14,Tier2
603806.SH,603806,福斯特,20140905,,主板,L,998779366.3499998,-3.88732394366198,未知,未知,,,17.06,57.8233,65.416,2.7502,4.0524,4450518.7738,4450518.7738,1214729925.2,False,0,0,False,False,19.7,16.91,-11.192087454450817,-12.512820512820522,-13.401015228426393,False,-3.88732394366198,1.410939133031408,-31.16,-47.65,259959441.86,83.3768,,,2010293097.58,-35.4043,1.8841,0,4450518.7738,1214729925.2,1.0,1.5,PASS,False,0.4444444444444444,-31.16,-47.65,1.0,-32.16,ESP-Q,57.8233,2.7502,1.8841,,99.46392506573181,0.0,0.0,17.06,19.7,False,0,73.25315005727376,,0.31422018348623854,0,0,5.0,393,-5.651638060917275,False,-11.192087454450817,,-0.005699349014162794,False,False,独立池,-32.16,0.0,20.37090889029822,28.550126795241773,0.7,0.0,19.99,Other
603009.SH,603009,北特科技,20140718,,主板,L,405575139.9499999,4.095563139931735,未知,未知,,,51.85,150.2341,145.2315,8.7358,3.1616,1796031.1908,1754650.5095,465434132.4,True,0,0,False,False,53.28,44.8,-0.9929348863853327,1.8263943440691266,-2.683933933933935,False,4.095563139931735,1.410939133031408,16.11,99.39,24038298.75,88.4474,,,269813262.85,-51.1337,1.4307,0,1796031.1908,465434132.4,1.0,1.5,PASS,False,0.4444444444444444,16.11,99.39,1.0,16.11,ESP-Q,150.2341,8.7358,1.4307,9.325518311607699,99.46392506573181,0.0,0.0,51.85,53.28,False,0,90.49255441008019,,0.5672782874617737,0,1,55.0,393,2.3312490226764404,False,-0.9929348863853327,,-0.021122817099811734,False,False,独立池,16.11,0.0,21.076141644281947,58.86299465188044,0.7,0.0,41.2,Other
603688.SH,603688,石英股份,20141031,,主板,L,1959654076.3500001,34.22779922779924,未知,未知,,,69.53,245.6295,274.202,6.4341,6.7395,3766289.1434,3766289.1434,3008719725.5999994,True,2,2,False,False,76.44,48.96,4.399399399399417,63.86990337025691,-9.03976975405546,False,34.22779922779924,1.410939133031408,-3.34,-71.7,25224626.86,68.6016,,,239633525.16,12.8808,0.6301,0,3766289.1434,3008719725.5999994,1.0,1.5,PASS,False,0.4444444444444444,-3.34,-71.7,1.0,-4.34,ESP-Q,245.6295,6.4341,0.6301,,99.46392506573181,0.0,0.0,69.53,76.44,False,0,93.58533791523482,CHASE,0.9350152905198776,1,1,100.0,393,32.46348511054394,True,4.399399399399417,,0.0026771253875576993,True,False,独立池,-4.34,0.0,20.777363732142582,82.23107412099895,0.7,0.0,57.56,Tier2
002782.SZ,002782,可立克,20151222,,主板,L,398651713.45000005,15.2242863615768,未知,未知,,,25.43,42.0917,49.4444,5.8893,8.5464,1261236.4851,1237172.5516,839967342.8,True,2,2,False,False,26.95,18.48,13.425512934879569,17.351176742039677,-5.640074211502776,False,15.2242863615768,1.410939133031408,-66.82,21.92,21045910.2,82.6505,,,650801726.8299999,325.2541,1.1424,0,1261236.4851,839967342.8,1.0,1.5,PASS,False,0.4444444444444444,-66.82,21.92,1.0,-67.82,,42.0917,5.8893,1.1424,,99.46392506573181,0.0,0.0,25.43,26.95,False,0,87.62886597938144,CHASE,0.7966360856269113,1,1,100.0,393,13.459972244321506,True,13.425512934879569,OVERHEAT,0.05522983917993383,True,True,独立池,-67.82,0.0,19.849910340328062,80.25864186188005,1.0,0.0,80.26,Tier2
601579.SH,601579,会稽山,20140825,,主板,L,183828461.29999998,-7.8865979381443125,未知,未知,,,17.87,35.0227,31.6337,2.2046,2.2902,856801.1119,856801.1119,215389459.6,True,0,0,False,False,19.6,17.11,2.5832376578645233,-17.383263985205723,-8.826530612244898,False,-7.8865979381443125,1.410939133031408,24.08,32.06,114874109.63,95.7664,,,546686715.3,74.576,3.1348,0,856801.1119,215389459.6,1.0,1.5,PASS,False,0.4444444444444444,24.08,32.06,1.0,24.08,,35.0227,2.2046,3.1348,1.4544310631229238,99.46392506573181,0.0,0.0,17.87,19.6,False,0,84.65063001145475,,0.17584097859327216,0,0,5.0,393,-9.650912055399607,False,2.5832376578645233,,-0.002244167483597736,False,False,独立池,24.08,0.0,21.192584674098608,32.13370593825614,1.0,0.0,32.13,Other
002705.SZ,002705,新宝股份,20140121,,主板,L,631645094.5500001,-22.26066897347174,未知,未知,,,13.48,10.951,13.1652,1.2612,1.9913,1094408.5514,1088686.3777,255239334.4,False,1,0,False,False,19.68,13.4,-6.128133704735372,-6.323835997220295,-31.50406504065041,False,-22.26066897347174,1.410939133031408,-72.25,-9.26,68028164.74,86.3394,,,2397966866.33,-142.6528,0.9106,0,1094408.5514,255239334.4,1.0,1.5,PASS,False,0.4444444444444444,-72.25,-9.26,1.0,-73.25,ESP-Q,10.951,1.2612,0.9106,,99.46392506573181,0.0,0.0,13.48,19.68,True,0,77.20504009163804,,0.011467889908256881,0,0,5.0,393,-24.024983090727037,False,-6.128133704735372,,-0.07047749494738957,False,False,独立池,-73.25,0.0,19.77057713431746,29.615627454354904,0.7,0.0,20.73,Other
002838.SZ,002838,道恩股份,20170106,,主板,L,279738229.0,36.336559940431854,未知,未知,,,36.62,92.7402,66.433,4.6617,2.3552,1751894.9481,1540353.3733,419191923.59999996,False,0,0,False,False,38.19,26.6,2.6633024950939,28.852920478536227,-4.111023828227289,False,36.336559940431854,1.410939133031408,103.49,46.82,75246570.36,63.1849,,,448430987.69,114.527,3.2194,0,1751894.9481,419191923.59999996,1.0,1.5,PASS,False,0.4444444444444444,103.49,46.82,1.0,103.49,ESP-Q,92.7402,4.6617,3.2194,0.896127162044642,99.46392506573181,0.0,0.0,36.62,38.19,False,0,73.25315005727376,CHASE,0.9457186544342507,1,1,75.0,393,34.57224582317656,True,2.6633024950939,,-0.019736069315083097,True,False,独立池,103.49,0.0,22.352778023877924,63.94650062195771,0.7,0.0,44.76,Other
603005.SH,603005,晶方科技,20140210,,主板,L,1447315280.3500001,11.058664868509771,未知,未知,,,32.94,58.121,58.1084,4.6097,10.8106,2148253.5996,2148253.5996,1842349125.0,True,0,0,False,False,34.28,29.44,0.06075334143376132,4.57142857142856,-3.90898483080514,False,11.058664868509771,1.410939133031408,11.63,51.6,61393570.51,93.8215,,,786520043.45,131.7859,1.412,0,2148253.5996,1842349125.0,1.0,1.5,PASS,False,0.4444444444444444,11.63,51.6,1.0,11.63,,58.121,4.6097,1.412,4.997506448839209,99.46392506573181,0.0,0.0,32.94,34.28,False,0,92.78350515463917,,0.7285932721712538,1,1,100.0,393,9.294350751254477,True,0.06075334143376132,,-0.002044840470245288,False,False,独立池,11.63,0.0,21.01068809678149,82.03718916574805,1.0,0.0,82.04,Tier2
601865.SH,601865,福莱特,20190215,,主板,L,294224617.05,-9.544159544159548,未知,未知,,,12.7,30.344,32.6045,1.3505,2.0244,2975458.0153,2414302.1653,335048652.40000004,False,0,0,False,False,15.09,12.61,-8.303249097472932,-28.851540616246506,-15.838303512259778,False,-9.544159544159548,1.410939133031408,-70.47,1.75,30177066.55,79.1083,,,1916568509.04,639.8387,0.1694,0,2975458.0153,335048652.40000004,1.0,1.5,PASS,False,0.4444444444444444,-70.47,1.75,1.0,-71.47,ESP-Q,30.344,1.3505,0.1694,,99.46392506573181,0.0,0.0,12.7,15.09,False,0,73.25315005727376,,0.13149847094801223,0,0,5.0,393,-11.308473661414842,False,-8.303249097472932,,0.0073709297850007615,False,False,独立池,-71.47,0.0,19.79658323131541,28.43526166344521,0.7,0.0,19.9,Other
002773.SZ,002773,康弘药业,20150626,,主板,L,261243177.04999998,-19.906069364161837,未知,未知,,,22.17,17.5634,19.0817,2.1262,1.0933,2042568.555,1522564.4543,241377999.60000005,False,0,0,False,False,27.88,22.1,-7.893643539675943,-24.127310061601637,-20.480631276900997,False,-19.906069364161837,1.410939133031408,-21.97,-5.55,304666792.77,99.0844,,,3168825433.7,95.8365,3.2528,0,2042568.555,241377999.60000005,1.0,1.5,PASS,False,0.4444444444444444,-21.97,-5.55,1.0,-22.97,,17.5634,2.1262,3.2528,,99.46392506573181,10.0,0.0,22.17,27.88,False,0,73.25315005727376,,0.017584097859327217,0,0,5.0,393,-21.670383481417133,False,-7.893643539675943,,-0.02013750300928432,False,False,独立池,-22.97,0.0,20.505176323675276,28.576980281917184,1.0,0.0,38.58,Other
603099.SH,603099,长白山,20140822,,主板,L,219255675.25,5.048814504881438,未知,未知,,,37.66,79.2973,77.0911,6.8103,2.167,1025692.1688,1025692.1688,271047664.0,True,0,0,False,False,38.35,33.02,3.77514466795259,-11.513157894736858,-1.7992177314211322,False,5.048814504881438,1.410939133031408,81.31,-15.63,7973154.24,98.4773,,,283840872.79,73.0852,0.5393,0,1025692.1688,271047664.0,1.0,1.5,PASS,False,0.4444444444444444,81.31,-15.63,1.0,81.31,ESP-Q,79.2973,6.8103,0.5393,0.9752465871356537,99.46392506573181,0.0,0.0,37.66,38.35,False,0,94.84536082474226,,0.599388379204893,0,1,55.0,393,3.2845003876261436,False,3.77514466795259,,0.0014176472567483246,False,False,独立池,81.31,0.0,22.02872452308325,60.359353152039326,0.7,0.0,42.25,Other
000333.SZ,000333,美的集团,20130918,,主板,L,2516178935.3,6.555684604465095,未知,未知,,,82.57,14.2963,14.2147,2.7005,0.6221,62825816.5168,56623195.6944,3150673701.0,True,0,0,False,False,83.3,76.2,2.355274575430766,4.307731177362295,-0.8763505402160865,False,6.555684604465095,1.410939133031408,-14.02,15.46,10961722000.0,86.486,,,115604434000.0,96.5298,5.5648,0,62825816.5168,3150673701.0,1.0,1.5,PASS,False,0.4444444444444444,-14.02,15.46,1.0,-15.02,,14.2963,2.7005,5.5648,,99.46392506573181,10.0,0.0,82.57,83.3,False,0,73.25315005727376,,0.6353211009174312,0,1,55.0,393,4.7913704872098,False,2.355274575430766,,0.015118036501209249,False,False,独立池,-15.02,0.0,20.621327150154883,53.6002104472131,1.0,0.0,63.6,Tier2
600023.SH,600023,浙能电力,20131219,,主板,L,435066463.70000005,9.566787003610111,未知,未知,,,6.07,10.8117,10.9976,1.0548,0.7112,8139100.7786,8139100.7786,500477873.8,True,0,0,False,False,6.18,5.44,2.533783783783794,21.88755020080322,-1.7799352750809017,False,9.566787003610111,1.410939133031408,-3.37,-0.26,928096430.09,97.9844,,,17539107923.36,511.7747,1.2327,0,8139100.7786,500477873.8,1.0,1.5,PASS,False,0.4444444444444444,-3.37,-0.26,1.0,-4.37,,10.8117,1.0548,1.2327,,99.46392506573181,0.0,0.0,6.07,6.18,False,0,73.25315005727376,,0.6964831804281345,0,1,55.0,393,7.802472886354817,True,2.533783783783794,,-0.00712191344488246,False,False,独立池,-4.37,0.0,20.776925427136998,53.631330102609525,1.0,0.0,53.63,Tier2
603979.SH,603979,金诚信,20150630,,主板,L,625615576.5000001,0.3187250996016022,未知,未知,,,62.95,16.7903,15.5932,3.4301,1.869,3926751.1759,3926751.1759,831111499.0000001,True,0,0,False,False,70.0,59.76,-3.1538461538461515,-13.184388360226173,-10.071428571428564,False,0.3187250996016022,1.410939133031408,46.15,47.79,597750144.92,99.3813,,,5746175176.27,92.2387,5.2814,0,3926751.1759,831111499.0000001,1.0,1.5,PASS,False,0.4444444444444444,46.15,47.79,1.0,46.15,,16.7903,3.4301,5.2814,0.3638201516793066,99.46392506573181,10.0,0.0,62.95,70.0,False,0,57.73195876288659,,0.45871559633027525,0,0,5.0,393,-1.4455890176536923,False,-3.1538461538461515,,-0.007726857161118398,False,False,独立池,46.15,0.0,21.51503105653948,24.122593840173874,1.0,0.0,34.12,Other
603997.SH,603997,继峰股份,20150302,,主板,L,210198790.10000002,6.823529411764695,未知,未知,,,13.62,38.2025,36.0418,3.2037,1.9339,1732824.7448,1732824.7448,351220155.0,True,1,1,False,False,13.82,11.9,5.581395348837193,-7.661016949152543,-1.447178002894367,False,6.823529411764695,1.410939133031408,25.96,175.0372,111530725.2,84.7289,,,981550194.6,-359.473,2.4456,0,1732824.7448,351220155.0,1.0,1.5,PASS,False,0.4444444444444444,25.96,175.0372,1.0,25.96,ESP-Q,38.2025,3.2037,2.4456,1.4715909090909092,99.46392506573181,0.0,0.0,13.62,13.82,False,0,80.29782359679267,,0.6422018348623854,0,1,55.0,393,5.0592152945094,True,5.581395348837193,,0.012968304552904925,False,False,独立池,25.96,0.0,21.220051787781838,55.83335743659417,0.7,0.0,39.08,Other
002802.SZ,002802,洪汇新材,20160629,,主板,L,198648495.9,5.991124260355041,未知,未知,,,14.33,63.0404,60.9694,3.9759,3.9674,259725.3604,214496.0356,127132658.4,True,2,0,False,False,17.02,13.23,-3.1102096010818037,1.9928825622775648,-15.804935370152762,False,5.991124260355041,1.410939133031408,-10.81,-29.96,9064753.79,70.9074,,,92837186.95,18.3732,1.9768,1,259725.3604,127132658.4,1.0,1.5,PASS,False,0.4444444444444444,-10.81,-29.96,1.0,-11.81,ESP-Q,63.0404,3.9759,1.9768,,99.46392506573181,0.0,0.0,14.33,17.02,True,10,78.12142038946163,,0.6238532110091743,0,1,55.0,393,4.226810143099746,False,-3.1102096010818037,,-0.018718005371868622,False,False,独立池,-11.81,0.0,20.66822578575231,55.07007127398895,0.7,10.0,28.55,Other
603010.SH,603010,万盛股份,20141010,,主板,L,234710690.1,16.680032076984762,化学制品,未知,801034.SI,220000,14.55,,,3.3504,2.1869,851219.0763,830482.4163,338171853.6,True,0,0,False,False,15.98,12.25,-8.432976714915041,20.847176079734233,-8.948685857321648,False,16.680032076984762,1.410939133031408,-209.51,-1103.79,-9388778.77,-66.8188,,,-964923120.8799999,234.1718,0.5385,0,851219.0763,338171853.6,1.0,1.5,PASS,False,,-209.51,-1103.79,,0.0,COV-LOW,,3.3504,0.5385,,,0.0,0.0,14.55,15.98,False,0,84.65063001145475,CHASE,1.0,1,1,100.0,1,0.0,False,-8.432976714915041,,-0.011022648214631425,True,False,独立池,0.0,0.0,20.84077185628365,79.56334337469315,1.0,0.0,79.56,Tier2
002739.SZ,002739,儒意电影,20150122,,主板,L,380415455.25,-7.72357723577236,未知,未知,,,9.08,37.3038,,2.5175,1.3577,1917495.0669,1906720.5028,333262867.6000001,False,0,0,False,False,10.46,9.02,-4.921465968586391,-27.993655828707375,-13.19311663479924,False,-7.72357723577236,1.410939133031408,-92.54,128.3139,60854290.59,70.0161,,,1463632964.72,138.9404,1.1499,0,1917495.0669,333262867.6000001,1.0,1.5,PASS,False,0.4444444444444444,-92.54,128.3139,1.0,-93.54,ESP-Q,37.3038,2.5175,1.1499,,99.46392506573181,0.0,0.0,9.08,10.46,False,0,88.31615120274914,,0.1834862385321101,0,0,5.0,393,-9.487891353027655,False,-4.921465968586391,,-0.08561482582336512,False,False,独立池,-93.54,0.0,19.47413684887454,32.88967273059965,0.7,0.0,23.02,Other
002757.SZ,002757,南兴股份,20150527,,主板,L,858926020.7,54.198841698841704,未知,未知,,,31.95,78.6547,78.5038,4.5854,6.7407,943981.642,901160.0411,1004634128.5999998,True,2,1,False,False,32.8,20.63,2.1093000958772867,42.889087656529526,-2.591463414634143,False,54.198841698841704,1.410939133031408,-10.09,158.05,37414257.37,86.156,,,285436934.25,234.7645,2.1326,0,943981.642,1004634128.5999998,1.0,1.5,PASS,False,0.4444444444444444,-10.09,158.05,1.0,-11.09,,78.6547,4.5854,2.1326,,99.46392506573181,0.0,0.0,31.95,32.8,False,0,81.78694158075601,CHASE,0.9824159021406728,1,1,100.0,393,52.43452758158641,True,2.1093000958772867,OVERHEAT,0.002463344565681258,True,True,独立池,-11.09,0.0,20.67874510588631,78.67183149540406,1.0,0.0,78.67,Tier2
600909.SH,600909,华安证券,20161206,,主板,L,346187384.5,-0.17482517482516613,未知,未知,,,5.71,13.6071,14.2229,1.0875,1.8304,2868823.4977,2868823.4977,566959285.8,True,0,0,False,False,6.09,5.45,-1.721170395869187,-13.746223564954684,-6.239737274220037,False,-0.17482517482516613,1.410939133031408,-17.09,40.92,430426398.79,99.3258,,,5418079207.81,599.919,1.7267,0,2868823.4977,566959285.8,1.0,1.5,PASS,False,0.4444444444444444,-17.09,40.92,1.0,-18.09,,13.6071,1.0875,1.7267,,99.46392506573181,0.0,0.0,5.71,6.09,False,0,73.25315005727376,,0.43883792048929665,0,0,5.0,393,-1.9391392920804607,False,-1.721170395869187,,-0.001499931273727578,False,False,独立池,-18.09,0.0,20.576473937916848,28.591239804765497,1.0,0.0,28.59,Other
601211.SH,601211,国泰海通,20150626,,主板,L,2092868142.9500003,-9.442815249266868,未知,未知,,,15.44,9.7878,12.3973,0.8338,1.0087,27219061.48,20839229.338,2498492896.4,True,0,0,False,False,17.42,15.39,-4.51453308596167,-23.526498266468554,-11.366245694603915,False,-9.442815249266868,1.410939133031408,73.43,71.93,5710848828.0,89.3931,,,50683161136.0,649.0173,1.916,0,27219061.48,2498492896.4,1.0,1.5,PASS,False,0.4444444444444444,73.43,71.93,1.0,73.43,,9.7878,0.8338,1.916,0.13329429388533295,99.46392506573181,0.0,0.0,15.44,17.42,False,0,73.25315005727376,,0.1353211009174312,0,0,5.0,393,-11.207129366522162,False,-4.51453308596167,,0.010742003580534462,False,False,独立池,73.43,0.0,21.913596408283336,28.858664298838796,1.0,0.0,28.86,Other
002779.SZ,002779,中坚科技,20151209,,主板,L,294349730.95,-22.03372189841799,未知,未知,,,74.91,80.2194,87.0605,14.7175,1.7549,1384336.8,1242070.2375,312584959.99999994,True,0,0,False,False,99.0,71.0,-3.6031398790374425,-24.226178434149304,-24.33333333333334,False,-22.03372189841799,1.410939133031408,-29.8,-22.04,28250114.24,98.6066,,,136196652.56,-492.4598,3.0933,0,1384336.8,312584959.99999994,1.0,1.5,PASS,False,0.4444444444444444,-29.8,-22.04,1.0,-30.8,ESP-Q,80.2194,14.7175,3.0933,,99.46392506573181,0.0,0.0,74.91,99.0,False,0,50.0,COV-LOW,0.012996941896024464,0,0,5.0,393,-23.798036015673286,False,-3.6031398790374425,,0.0013094040516026275,False,False,独立池,-30.8,0.0,20.390778717218,21.578155743443602,0.7,0.0,15.1,Other
600958.SH,600958,东方证券,20150323,,主板,L,889492737.1500001,6.415929203539816,未知,未知,,,9.62,14.5091,14.1292,0.999,1.2194,8173772.7709,7185642.5152,1565844911.3999999,True,0,0,False,False,10.14,8.85,0.7329842931937058,-7.5888568683957764,-5.128205128205144,False,6.415929203539816,1.410939133031408,,69.85,,,,,10528334773.18,561.0313,1.895,0,8173772.7709,1565844911.3999999,1.0,1.5,PASS,False,0.4444444444444444,,69.85,1.0,0.0,DATA-INC,14.5091,0.999,1.895,,99.46392506573181,0.0,0.0,9.62,10.14,False,0,73.25315005727376,,0.6314984709480123,0,1,55.0,393,4.651615086284522,False,0.7329842931937058,,0.02169737217654991,False,False,独立池,0.0,0.0,20.84077185628365,53.64409938843886,1.0,0.0,53.64,Tier2
601198.SH,601198,东兴证券,20150226,,主板,L,211772233.2,-1.1655011655011593,未知,未知,,,12.72,19.5629,19.8144,1.3353,0.7126,4111670.7014,4111670.7014,225101110.39999998,False,0,0,False,False,13.49,12.65,-3.9999999999999925,-10.79943899018232,-5.70793180133432,False,-1.1655011655011593,1.410939133031408,,32.99,,,,,4534555889.96,1548.6571,1.0537,0,4111670.7014,225101110.39999998,1.0,1.5,PASS,False,0.4444444444444444,,32.99,1.0,0.0,DATA-INC,19.5629,1.3353,1.0537,,99.46392506573181,0.0,0.0,12.72,13.49,False,0,73.25315005727376,,0.40214067278287463,0,0,5.0,393,-2.929815282756454,False,-3.9999999999999925,,-0.008270460848884265,False,False,独立池,0.0,0.0,20.84077185628365,28.644099388438857,1.0,0.0,28.64,Other
601689.SH,601689,拓普集团,20150319,,主板,L,2511368769.6,18.284844384303135,未知,未知,,,69.93,43.7293,43.9454,4.9425,5.439,12152684.2109,12152684.2109,3456993625.8,True,0,0,False,False,71.59,56.0,4.435483870967771,-3.8101788170563866,-2.3187596032965496,False,18.284844384303135,1.410939133031408,-2.77,-4.3,473133166.14,85.7436,,,6062225142.639999,80.1019,2.2668,0,12152684.2109,3456993625.8,1.0,1.5,PASS,False,0.4444444444444444,-2.77,-4.3,1.0,-3.77,,43.7293,4.9425,2.2668,,99.46392506573181,0.0,0.0,69.93,71.59,False,0,73.25315005727376,CHASE,0.831039755351682,1,1,100.0,393,16.52053026704784,True,4.435483870967771,,-0.0014170983589576508,True,False,独立池,-3.77,0.0,20.785691527248666,76.13308332263186,1.0,0.0,76.13,Tier2
601226.SH,601226,华电科工,20141211,,主板,L,199157521.95000002,-7.104413347685668,未知,未知,,,8.63,64.0019,53.6686,2.3068,2.0206,1002999.0531,1002999.0531,232091576.59999996,True,0,0,False,False,9.65,8.56,-5.88876772082878,-21.829710144927528,-10.569948186528489,False,-7.104413347685668,1.410939133031408,36.74,89.11,-52365670.12,,,,269476025.02,,-1.1939,0,1002999.0531,232091576.59999996,1.0,1.5,PASS,False,0.4444444444444444,36.74,89.11,1.0,36.74,,64.0019,2.3068,-1.1939,1.742022318998367,99.46392506573181,0.0,0.0,8.63,9.65,False,0,88.65979381443299,,0.19877675840978593,0,0,5.0,393,-8.868727464940962,False,-5.88876772082878,,0.004051547587512449,False,False,独立池,36.74,0.0,21.37754938645481,33.37344802162086,1.0,0.0,33.37,Other
603227.SH,603227,雪峰科技,20150515,,主板,L,191945853.1,-11.155778894472357,未知,未知,,,8.84,18.8094,19.5661,1.8134,3.7013,947376.3371,947376.3371,166578062.4,True,0,0,False,False,10.12,8.5,1.3761467889908063,2.196531791907508,-12.648221343873512,False,-11.155778894472357,1.410939133031408,-35.08,-25.24,39181282.73,85.7699,,,1129882492.3700001,-115.4257,0.8795,0,947376.3371,166578062.4,1.0,1.5,PASS,False,0.4444444444444444,-35.08,-25.24,1.0,-36.08,ESP-Q,18.8094,1.8134,0.8795,,99.46392506573181,0.0,0.0,8.84,10.12,False,0,61.16838487972509,,0.095565749235474,0,0,5.0,393,-12.920093011727651,False,1.3761467889908063,,-0.010455877508013054,False,False,独立池,-36.08,0.0,20.31363703623532,24.913242871164588,0.7,0.0,17.44,Other
603030.SH,603030,全筑股份,20150320,,主板,L,160812051.40000004,24.786324786324787,未知,未知,,,2.92,,,5.5001,2.9959,384544.5878,384544.5878,171161670.79999998,False,2,1,False,False,3.15,2.3,-3.311258278145701,0.0,-7.301587301587298,False,24.786324786324787,1.410939133031408,102.12,-187.68,440874.4,19.6171,,,-372219270.67999995,-18.0029,0.3222,0,384544.5878,171161670.79999998,1.0,1.5,PASS,False,0.4444444444444444,102.12,-187.68,1.0,102.12,ESP-Q,,5.5001,0.3222,,99.46392506573181,0.0,0.0,2.92,3.15,False,0,82.7033218785796,CHASE,0.8868501529051988,1,1,75.0,393,23.02201066906949,True,-3.311258278145701,,-0.0029487915633432792,True,False,独立池,102.12,0.0,22.332762095289613,66.7775489826318,0.7,0.0,46.74,Other
603369.SH,603369,今世缘,20140703,,主板,L,354061148.15,4.87528344671202,未知,未知,,,27.75,13.2883,14.757,1.9278,1.0224,3459870.1027,3459870.1027,433570384.99999994,True,0,0,False,False,29.49,25.34,-4.0124524386025655,-16.716686674669866,-5.900305188199384,False,4.87528344671202,1.410939133031408,-15.74,-23.22,1380976821.52,99.7146,,,8744507546.71,115.0069,8.0262,0,3459870.1027,433570384.99999994,1.0,1.5,PASS,False,0.4444444444444444,-15.74,-23.22,1.0,-16.740000000000002,,13.2883,1.9278,8.0262,,99.46392506573181,10.0,0.0,27.75,29.49,False,0,73.25315005727376,,0.5925076452599388,0,1,55.0,393,3.1109693294567253,False,-4.0124524386025655,,0.0016175458099181581,False,False,独立池,-16.740000000000002,0.0,20.596197663168102,53.59518454981575,1.0,0.0,63.6,Tier2
603011.SH,603011,合锻智能,20141107,,主板,L,390033492.1,-1.2195121951219634,未知,未知,,,21.06,,,5.5857,3.5092,1041236.8043,1041236.8043,449947673.40000004,True,0,0,False,False,22.65,19.58,-5.305755395683454,-22.28782287822879,-7.019867549668879,False,-1.2195121951219634,1.410939133031408,-620.57,-166.9,-30514691.47,,,,-336625767.31,,-1.528,0,1041236.8043,449947673.40000004,1.0,1.5,PASS,False,0.4444444444444444,-620.57,-166.9,1.0,-621.57,,,5.5857,-1.528,,99.46392506573181,0.0,0.0,21.06,22.65,False,0,78.69415807560138,,0.39984709480122327,0,0,5.0,393,-2.983826312377258,False,-5.305755395683454,,-0.010258948329281311,False,False,独立池,-621.57,0.0,11.75953044560074,28.460153511800563,1.0,0.0,28.46,Other
601021.SH,601021,春秋航空,20150121,,主板,L,283500877.6999999,-5.214659685863876,未知,未知,,,45.26,19.1073,16.8806,2.3753,0.4777,4427937.0725,4427937.0725,279146065.79999995,False,0,0,False,False,49.05,45.13,-3.4968017057569356,-23.791884155581755,-7.7268093781855285,False,-5.214659685863876,1.410939133031408,43.62,1.75,968052889.0,98.4965,,,6724062930.0,126.9908,5.3408,0,4427937.0725,279146065.79999995,1.0,1.5,PASS,False,0.4444444444444444,43.62,1.75,1.0,43.62,,19.1073,2.3753,5.3408,0.4380398899587345,99.46392506573181,10.0,0.0,45.26,49.05,False,0,73.25315005727376,,0.26605504587155965,0,0,5.0,393,-6.978973803119171,False,-3.4968017057569356,,0.00031929518766660587,False,False,独立池,43.62,0.0,21.478067334401942,28.771558484062517,1.0,0.0,38.77,Other
603726.SH,603726,朗迪集团,20160421,,主板,L,151783031.29999998,16.39065817409766,未知,未知,,,27.41,28.6939,22.3815,3.4017,4.2885,508869.9392,506279.6942,215471120.39999998,True,2,1,False,False,27.86,21.83,2.8132033008251955,3.9044730856709675,-1.615218951902364,False,16.39065817409766,1.410939133031408,-15.38,-16.13,28511497.93,32.6132,,,359093625.75,14.6388,6.0218,0,508869.9392,215471120.39999998,1.0,1.5,PASS,False,0.4444444444444444,-15.38,-16.13,1.0,-16.380000000000003,ESP-Q,28.6939,3.4017,6.0218,,99.46392506573181,0.0,0.0,27.41,27.86,False,0,92.78350515463917,CHASE,0.8111620795107034,1,1,100.0,393,14.626344056842365,True,2.8132033008251955,,-0.002192776664712819,True,False,独立池,-16.380000000000003,0.0,20.6014573232351,81.95534301103876,0.7,0.0,57.37,Tier2
002768.SZ,002768,国恩股份,20150630,,主板,L,260323908.04999998,25.543916196615623,未知,未知,,,62.32,22.3156,19.0239,2.7223,5.136,1877390.0,1101494.315,398251601.3999999,True,0,0,False,False,65.55,49.17,2.940204823257342,23.921256711075767,-4.927536231884055,False,25.543916196615623,1.410939133031408,149.38,55.15,255460570.52,99.5483,,,2009408666.79,43.2877,4.0642,0,1877390.0,398251601.3999999,1.0,1.5,PASS,False,0.4444444444444444,149.38,55.15,1.0,149.38,,22.3156,2.7223,4.0642,0.14938813763556033,99.46392506573181,0.0,0.0,62.32,65.55,False,0,77.20504009163804,CHASE,0.8929663608562691,1,1,100.0,393,23.779602079360327,True,2.940204823257342,,-0.029296378739058965,True,False,独立池,149.38,0.0,23.023238580752032,77.76615974364182,1.0,0.0,77.77,Tier2
600959.SH,600959,江苏有线,20150428,,主板,L,275297513.65000004,-6.829268292682922,未知,未知,,,3.82,73.927,87.8557,0.84,1.2012,1910274.1561,1910274.1561,235483756.8,False,0,0,False,False,4.26,3.79,-5.210918114143926,-12.98405466970387,-10.328638497652587,False,-6.829268292682922,1.410939133031408,-1823.3242,-18.5019,-115389305.55,-182.2365,,,-391075108.8,,0.2788,1,1910274.1561,235483756.8,1.0,1.5,PASS,False,0.4444444444444444,-1823.3242,-18.5019,1.0,-1824.3242,ESP-Q,73.927,0.84,0.2788,,99.46392506573181,0.0,0.0,3.82,4.26,False,10,73.25315005727376,,0.20565749235474007,0,0,5.0,393,-8.593582409938216,False,-5.210918114143926,,0.003962354090250384,False,False,独立池,-1426.4568,0.0,0.0,24.475945017182127,0.7,10.0,7.13,Other
002771.SZ,002771,真视通,20150629,,主板,L,363152665.2,-13.47305389221557,未知,未知,,,14.45,,,5.1187,4.8399,303109.1245,252173.6765,140156324.2,False,1,0,False,False,20.21,14.32,-5.121470781352599,-9.176618478944064,-28.50074220682831,False,-13.47305389221557,1.410939133031408,14.31,-2704.72,-13350797.45,,,,-168376808.6,,-2.2112,1,303109.1245,140156324.2,1.0,1.5,PASS,False,0.4444444444444444,14.31,-2704.72,1.0,14.31,ESP-Q,,5.1187,-2.2112,,99.46392506573181,0.0,0.0,14.45,20.21,True,10,86.94158075601375,,0.054281345565749234,0,0,5.0,393,-15.237368009470863,False,-5.121470781352599,,-0.026832180894006005,False,False,独立池,14.31,0.0,21.04984334394694,32.79244289559351,0.7,10.0,12.95,Other
603101.SH,603101,汇嘉时代,20160506,,主板,L,318996846.65000004,-11.853448275862066,未知,未知,,,8.18,50.0401,45.5589,2.6848,2.8822,384787.2,384787.2,162087392.6,False,0,0,False,False,11.38,8.12,-7.882882882882891,-16.274309109518935,-28.119507908611606,False,-11.853448275862066,1.410939133031408,8.09,172.66,58146607.21,90.2462,,,270586006.94,181.1101,4.5239,0,384787.2,162087392.6,1.0,1.5,PASS,False,0.4444444444444444,8.09,172.66,1.0,8.09,,50.0401,2.6848,4.5239,6.1854264524103835,99.46392506573181,0.0,0.0,8.18,11.38,True,0,61.28293241695304,,0.0779816513761468,0,0,5.0,393,-13.61776239311736,False,-7.882882882882891,,0.01592030175328887,False,False,独立池,8.09,0.0,20.958968106122644,25.07667334631044,1.0,0.0,25.08,Other
002735.SZ,002735,王子新材,20141203,,主板,L,150378449.79999998,-3.6813922356090933,未知,未知,,,14.39,,,3.4554,4.5326,539991.014,410200.3917,184746692.79999998,True,0,0,False,False,15.72,14.12,-6.619078520441269,-21.963123644251624,-8.46055979643766,False,-3.6813922356090933,1.410939133031408,30.51,-148.17,10083378.06,100.004,,,-121090814.64999999,,0.644,0,539991.014,184746692.79999998,1.0,1.5,PASS,False,0.4444444444444444,30.51,-148.17,1.0,30.51,ESP-Q,,3.4554,0.644,,99.46392506573181,0.0,0.0,14.39,15.72,False,0,84.65063001145475,,0.32262996941896027,0,0,5.0,393,-5.445706352864388,False,-6.619078520441269,,-0.024474971649018448,False,False,独立池,30.51,0.0,21.28652804696199,32.152494612828825,0.7,0.0,22.51,Other
603885.SH,603885,吉祥航空,20150527,,主板,L,205534666.1,-6.876553438276723,未知,未知,,,11.24,23.6123,21.6252,2.3725,0.9189,2454821.9212,2454821.9212,249037328.79999995,True,0,0,False,False,12.53,11.18,-2.175805047867707,-26.822916666666664,-10.295291300877885,False,-6.876553438276723,1.410939133031408,75.4,11.66,460825606.63,104.6071,,,2740970853.29,351.0452,3.9173,0,2454821.9212,249037328.79999995,1.0,1.5,PASS,False,0.4444444444444444,75.4,11.66,1.0,75.4,,23.6123,2.3725,3.9173,0.3131604774535809,99.46392506573181,0.0,0.0,11.24,12.53,False,0,73.25315005727376,,0.20412844036697247,0,0,5.0,393,-8.640867555532017,False,-2.175805047867707,,-0.018003005252506126,False,False,独立池,75.4,0.0,21.942378436983315,28.86442070457879,1.0,0.0,28.86,Other
002741.SZ,002741,光华科技,20150216,,主板,L,580592477.05,21.54666666666667,未知,未知,,,22.79,101.9949,88.4352,5.4763,6.6813,1059785.8445,971670.372,741370816.2,True,1,0,False,False,23.99,18.68,-0.30621172353455517,9.672762271414804,-5.002084201750723,False,21.54666666666667,1.410939133031408,96.62,162.75,39776424.51,96.6736,,,285609052.71,-348.8594,2.1002,0,1059785.8445,741370816.2,1.0,1.5,PASS,False,0.4444444444444444,96.62,162.75,1.0,96.62,ESP-Q,101.9949,5.4763,2.1002,1.0556292693024218,99.46392506573181,0.0,0.0,22.79,23.99,False,0,92.78350515463917,CHASE,0.863914373088685,1,1,100.0,393,19.782352549411375,True,-0.30621172353455517,,-0.010716674821380227,True,False,独立池,96.62,0.0,22.252406177599322,82.28553278191161,0.7,0.0,57.6,Tier2
603017.SH,603017,中衡设计,20141231,,主板,L,447432842.0999999,12.158054711246201,未知,未知,,,14.76,83.1028,83.8219,2.7305,4.8612,407656.8725,407656.8725,337934155.79999995,False,4,1,False,True,17.8,12.46,-8.322981366459636,15.58339859044635,-17.078651685393265,False,12.158054711246201,1.410939133031408,-0.58,32.92,17945335.71,85.6453,,,136374537.46,102.9141,1.413,0,407656.8725,337934155.79999995,1.0,1.5,PASS,False,0.4444444444444444,-0.58,32.92,1.0,-1.58,,83.1028,2.7305,1.413,,99.46392506573181,0.0,0.0,14.76,17.8,True,0,75.60137457044674,,0.7469418960244648,1,1,75.0,393,10.393740593990907,True,-8.322981366459636,突破型,-0.0009300627989173203,False,False,独立池,-1.58,0.0,20.817687792656255,64.34394992966527,1.0,0.0,64.34,Tier2
603798.SH,603798,康普顿,20160406,,主板,L,189701375.74999997,13.840623127621331,未知,未知,,,19.0,95.4753,112.8107,3.9238,3.8747,487254.335,487254.335,273236667.59999996,True,0,0,False,False,20.4,16.16,3.825136612021862,13.230035756853397,-6.8627450980392135,False,13.840623127621331,1.410939133031408,-9.58,-10.45,46456835.94,100.0177,,,187765481.32999998,232.6199,3.8117,0,487254.335,273236667.59999996,1.0,1.5,PASS,False,0.4444444444444444,-9.58,-10.45,1.0,-10.58,,95.4753,3.9238,3.8117,,99.46392506573181,0.0,0.0,19.0,20.4,False,0,74.68499427262314,,0.7767584097859327,1,1,100.0,393,12.076309010366037,True,3.825136612021862,,-0.004867721273732352,False,False,独立池,-10.58,0.0,20.68619629098123,76.5427375399832,1.0,0.0,76.54,Tier2
002733.SZ,002733,雄韬股份,20141203,,主板,L,958530136.1,-10.112732095490717,未知,未知,,,27.11,130.6789,130.4191,3.8325,4.2997,1041606.6291,999986.9396,594391855.4,False,1,0,False,False,32.82,26.68,-6.031195840554604,35.21197007481296,-17.397928092626447,False,-10.112732095490717,1.410939133031408,55.71,-10.2,16104123.43,76.1216,,,237508002.45999998,-63.2778,0.7795,0,1041606.6291,594391855.4,1.0,1.5,PASS,False,0.4444444444444444,55.71,-10.2,1.0,55.71,ESP-Q,130.6789,3.8325,0.7795,2.34569915634536,99.46392506573181,0.0,0.0,27.11,32.82,True,0,74.45589919816724,,0.1154434250764526,0,0,5.0,393,-11.877046212746011,False,-6.031195840554604,,-0.021667507722388856,False,False,独立池,55.71,0.0,21.654704251652063,29.16771060978059,0.7,0.0,20.42,Other
002747.SZ,002747,埃斯顿,20150320,,主板,L,564585771.8000001,22.731660231660243,未知,未知,,,25.43,547.2517,189.0561,7.6012,11.2661,2461111.466,1989654.969,1101149785.2,True,0,0,False,False,26.11,20.25,4.952538175815113,5.914202415660141,-2.6043661432401333,False,22.731660231660243,1.410939133031408,364.53,100.87,19358592.41,19.7866,,,11094877.349999998,-122.6879,3.7636,0,2461111.466,1101149785.2,1.0,1.5,PASS,False,0.4444444444444444,364.53,100.87,1.0,364.53,ESP-Q,547.2517,7.6012,3.7636,1.5012528461306343,99.46392506573181,0.0,10.0,25.43,26.11,False,0,73.25315005727376,CHASE,0.8715596330275229,1,1,100.0,393,20.967346114404947,True,4.952538175815113,OVERHEAT,0.017088974035848227,True,True,独立池,364.53,0.0,26.1666159791278,77.20926821300769,0.7,10.0,44.05,Other
603031.SH,603031,安孚科技,20160822,,主板,L,932288687.65,-3.5748792270531404,未知,未知,,,49.9,82.5456,64.6681,6.6223,6.6002,1865491.2905,1568807.9413,1403680697.0,True,2,1,False,False,59.48,39.53,2.0032706459525595,-15.993265993265993,-16.106254203093474,False,-3.5748792270531404,1.410939133031408,83.86,30.54,127860423.15,95.6683,,,510763968.79,63.3256,4.7791,1,1865491.2905,1403680697.0,1.0,1.5,PASS,False,0.4444444444444444,83.86,30.54,1.0,83.86,,82.5456,6.6223,4.7791,0.9843262580491294,99.46392506573181,0.0,0.0,49.9,59.48,False,10,51.08820160366552,,0.3264525993883792,0,0,5.0,393,-5.339193344308435,False,2.0032706459525595,,0.0016774398907101647,False,False,独立池,83.86,0.0,22.065980448557838,22.239656570811224,1.0,10.0,12.24,Other
002755.SZ,002755,奥赛康,20150515,,主板,L,302548965.95,3.8985148514851353,未知,未知,,,16.79,65.8654,58.5112,4.7211,1.3591,1558381.2293,1558364.6072,267207848.0,False,0,0,False,False,18.1,14.98,-4.764605785592735,4.6105919003115226,-7.237569060773497,False,3.8985148514851353,1.410939133031408,74.8,55.75,76906938.45,91.0484,,,600288238.55,169.0132,2.5925,0,1558381.2293,267207848.0,1.0,1.5,PASS,False,0.4444444444444444,74.8,55.75,1.0,74.8,,65.8654,4.7211,2.5925,0.8805534759358288,99.46392506573181,0.0,0.0,16.79,18.1,False,0,77.20504009163804,,0.5619266055045872,0,1,40.0,393,2.134200734229841,False,-4.764605785592735,,-0.033951097097218635,False,False,独立池,74.8,0.0,21.933612336871647,47.54823449486574,1.0,0.0,47.55,Other
601985.SH,601985,中国核电,20150610,,主板,L,1237767521.5,4.218928164196134,未知,未知,,,9.14,20.205,22.8377,1.5669,0.7209,18799153.8956,17259322.3684,1311642648.6,True,0,0,False,False,9.32,8.66,-0.5440696409140244,5.909617612977991,-1.931330472102999,False,4.218928164196134,1.410939133031408,-34.99,6.75,2036928966.29,98.6685,,,24773936424.45,154.6523,1.7225,0,18799153.8956,1311642648.6,1.0,1.5,PASS,False,0.4444444444444444,-34.99,6.75,1.0,-35.99,,20.205,1.5669,1.7225,,99.46392506573181,0.0,0.0,9.14,9.32,False,0,73.25315005727376,,0.5718654434250765,0,1,55.0,393,2.4546140469408395,False,-0.5440696409140244,,-0.010223988980535215,False,False,独立池,-35.99,0.0,20.314951951252073,53.53893540743255,1.0,0.0,53.54,Tier2
601015.SH,601015,陕西黑猫,20141105,,主板,L,220841942.29999998,-6.483790523690769,未知,未知,,,3.75,,,1.5921,1.9988,765936.6146,765936.6146,167361807.8,False,0,0,False,False,4.14,3.7,-3.8461538461538436,-26.470588235294112,-9.420289855072461,False,-6.483790523690769,1.410939133031408,-4.88,-4.39,-320960972.62,,,,-2852255886.81,,-6.3093,0,765936.6146,167361807.8,1.0,1.5,PASS,False,0.4444444444444444,-4.88,-4.39,1.0,-5.88,,,1.5921,-6.3093,,99.46392506573181,0.0,0.0,3.75,4.14,True,0,90.14891179839634,,0.21865443425076453,0,0,5.0,393,-8.248104640946064,False,-3.8461538461538436,,-0.008767949059830428,False,False,独立池,-5.88,0.0,20.754864075189296,33.69564635455676,1.0,0.0,33.7,Other
603025.SH,603025,大豪科技,20150422,,主板,L,296750056.5,13.177762525737812,未知,未知,,,16.49,25.9305,23.6173,7.4777,1.2262,1841363.7207,1829029.2007,319560680.8,True,1,0,False,False,17.88,14.56,-6.62514156285392,0.6101281269066394,-7.7740492170022435,False,13.177762525737812,1.410939133031408,35.4,23.9,233098476.77,97.9841,,,1974716448.34,40.552,8.3667,1,1841363.7207,319560680.8,1.0,1.5,PASS,False,0.4444444444444444,35.4,23.9,1.0,35.4,,25.9305,7.4777,8.3667,0.7325,99.46392506573181,0.0,0.0,16.49,17.88,False,10,73.25315005727376,,0.7622324159021406,1,1,100.0,393,11.413448408482518,True,-6.62514156285392,,-0.0006016072567635263,False,False,独立池,35.4,0.0,21.35797176287209,76.24753936975654,1.0,10.0,66.25,Tier2
603969.SH,603969,银龙股份,20150227,,主板,L,188537242.05,10.231023102310232,未知,未知,,,10.02,23.8828,24.1481,3.0842,3.2515,873276.8676,851306.0136,264265793.39999998,True,0,0,False,False,10.23,8.73,5.807814149947199,0.6024096385542022,-2.052785923753675,False,10.231023102310232,1.410939133031408,-11.18,55.33,62426246.81,95.1401,,,599765995.47,-59.7588,2.3444,0,873276.8676,264265793.39999998,1.0,1.5,PASS,False,0.4444444444444444,-11.18,55.33,1.0,-12.18,ESP-Q,23.8828,3.0842,2.3444,,99.46392506573181,0.0,0.0,10.02,10.23,False,0,78.80870561282933,,0.713302752293578,1,1,100.0,393,8.466708985054938,True,5.807814149947199,,-0.01583345133320685,False,False,独立池,-12.18,0.0,20.662820024016778,77.77517568865215,0.7,0.0,54.44,Tier2
603667.SH,603667,五洲新春,20161025,,主板,L,2229502620.950001,20.287790283516195,未知,未知,,,84.43,353.9724,383.549,8.1062,21.8816,3234951.6774,3091849.9871,4475829942.400001,True,1,1,False,False,85.5,62.3,6.630462237938883,-4.078618495796393,-1.2514619883040812,False,20.287790283516195,1.410939133031408,-19.01,9.84,26222788.49,85.1389,,,267946712.94,128.2998,1.029,0,3234951.6774,4475829942.400001,1.0,1.5,PASS,False,0.4444444444444444,-19.01,9.84,1.0,-20.01,,353.9724,8.1062,1.029,,99.46392506573181,0.0,10.0,84.43,85.5,False,0,83.04696449026346,CHASE,0.8470948012232415,1,1,100.0,393,18.5234761662609,True,6.630462237938883,,0.0027640169965081804,True,False,独立池,-20.01,0.0,20.548422417559507,79.02377383059094,1.0,10.0,69.02,Tier2
603660.SH,603660,苏州科达,20161201,,主板,L,447110067.74999994,29.585798816568044,未知,未知,,,13.14,,,10.5935,7.6727,756582.8644,750941.4025,612069141.6,True,0,0,False,False,14.2,9.98,-5.057803468208089,27.20232333010648,-7.464788732394356,False,29.585798816568044,1.410939133031408,-130.9324,-138.3093,-165225249.06,,,,-1249764911.06,,-20.6109,0,756582.8644,612069141.6,1.0,1.5,PASS,False,0.4444444444444444,-130.9324,-138.3093,1.0,-131.9324,,,10.5935,-20.6109,,99.46392506573181,0.0,0.0,13.14,14.2,False,0,90.60710194730814,CHASE,0.9151376146788991,1,1,100.0,393,27.821484699312748,True,-5.057803468208089,,-0.009521146737134086,True,False,独立池,-131.9324,0.0,18.913217478995843,80.9647740799916,1.0,0.0,80.96,Tier2
002763.SZ,002763,汇洁股份,20150610,,主板,L,150499738.3,3.007518796992481,未知,未知,,,8.22,61.4701,48.4836,2.1575,6.9557,336957.528,249570.8724,211199914.59999996,True,1,1,False,False,10.3,7.93,-16.5482233502538,-0.6045949214026458,-20.19417475728156,False,3.007518796992481,1.410939133031408,17.42,-19.35,87980631.7,95.928,,,371663045.93,95.0957,4.9726,0,336957.528,211199914.59999996,1.0,1.5,PASS,False,0.4444444444444444,17.42,-19.35,1.0,17.42,ESP-Q,61.4701,2.1575,4.9726,3.5287083811710676,99.46392506573181,0.0,0.0,8.22,10.3,False,0,50.0,COV-LOW,0.5389908256880734,0,1,55.0,393,1.2432046797371865,False,-16.5482233502538,,0.012093282813736306,False,False,独立池,17.42,0.0,21.09528096285909,46.71905619257182,0.7,0.0,32.7,Other
603421.SH,603421,鼎信通讯,20161011,,主板,L,150752741.6,0.0,未知,未知,,,8.32,,,2.2546,2.6323,542622.5052,542622.5052,167975575.79999998,True,0,0,False,False,9.07,7.83,-4.03690888119953,1.8359853121175052,-8.269018743109147,False,0.0,1.410939133031408,32.2541,-160.8115,-94154429.12,,,,-1294241549.52,,-3.8184,1,542622.5052,167975575.79999998,1.0,1.5,PASS,False,0.4444444444444444,32.2541,-160.8115,1.0,32.2541,ESP-Q,,2.2546,-3.8184,,99.46392506573181,0.0,0.0,8.32,9.07,False,10,84.87972508591065,,0.44533639143730885,0,0,5.0,393,-1.7643141172552945,False,-4.03690888119953,,-0.009716055733580775,False,False,独立池,32.2541,0.0,21.312009638969926,32.22631945356718,0.7,10.0,12.56,Other
603816.SH,603816,顾家家居,20161014,,主板,L,236430721.20000002,3.753263707571808,未知,未知,,,31.79,14.5884,14.7767,2.3559,0.8482,2611394.3789,2581876.4483,239681387.2,True,0,0,False,False,33.65,28.33,0.728770595690742,-11.374407582938383,-5.527488855869245,False,3.753263707571808,1.410939133031408,-10.64,25.13,409913801.12,82.6017,,,4327202822.17,18.1055,4.5797,0,2611394.3789,239681387.2,1.0,1.5,PASS,False,0.4444444444444444,-10.64,25.13,1.0,-11.64,,14.5884,2.3559,4.5797,,99.46392506573181,10.0,0.0,31.79,33.65,False,0,73.25315005727376,,0.5581039755351682,0,1,55.0,393,1.9889495903165133,False,0.728770595690742,,0.008640345058064582,False,False,独立池,-11.64,0.0,20.67070951411728,53.610086920005585,1.0,0.0,63.61,Tier2
603612.SH,603612,索通发展,20170718,,主板,L,415798380.59999996,-12.575528700906347,未知,未知,,,23.15,15.4435,16.2731,1.9516,4.0322,1153111.8226,1153111.8226,468237082.59999996,True,0,0,False,False,28.25,23.02,-8.714511041009466,-24.296926095487247,-18.053097345132752,False,-12.575528700906347,1.410939133031408,-12.85,365.19,208138097.11,100.8584,,,2109229273.23,-288.4815,3.5541,0,1153111.8226,468237082.59999996,1.0,1.5,PASS,False,0.4444444444444444,-12.85,365.19,1.0,-13.85,ESP-Q,15.4435,1.9516,3.5541,,99.46392506573181,10.0,0.0,23.15,28.25,False,0,84.65063001145475,,0.06651376146788991,0,0,5.0,393,-14.33984281816164,False,-8.714511041009466,,0.020260015300796564,False,False,独立池,-13.85,0.0,20.638421045372638,32.02287321251095,0.7,0.0,32.42,Other
603160.SH,603160,汇顶科技,20161017,,主板,L,429004888.9,-5.041648399824639,未知,未知,,,64.98,36.1646,39.8889,3.2282,1.6943,3027332.3289,3027332.3289,474876925.6,True,0,0,False,False,72.03,63.61,-3.361094586555613,-16.8096274484701,-9.787588504789667,False,-5.041648399824639,1.410939133031408,-25.08,31.05,98828514.69,84.3321,,,1742121810.83,-34.0826,1.2499,0,3027332.3289,474876925.6,1.0,1.5,PASS,False,0.4444444444444444,-25.08,31.05,1.0,-26.08,ESP-Q,36.1646,3.2282,1.2499,,99.46392506573181,0.0,0.0,64.98,72.03,False,0,92.78350515463917,,0.2706422018348624,0,0,5.0,393,-6.805962517079934,False,-3.361094586555613,,-0.005220552617706653,False,False,独立池,-26.08,0.0,20.45973870476313,34.42699928734437,0.7,0.0,24.1,Other
603012.SH,603012,创力集团,20150320,,主板,L,224740139.64999998,7.76470588235294,未知,未知,,,9.16,55.848,64.609,1.5413,3.8359,592194.0,592194.0,368820691.0,True,1,1,False,False,10.05,8.4,-7.661290322580639,9.17759237187128,-8.855721393034832,False,7.76470588235294,1.410939133031408,-44.95,-63.44,16171014.8,69.51,,,234991832.79999998,-43.1527,0.6072,0,592194.0,368820691.0,1.0,1.5,PASS,False,0.4444444444444444,-44.95,-63.44,1.0,-45.95,ESP-Q,55.848,1.5413,0.6072,,99.46392506573181,0.0,0.0,9.16,10.05,False,0,73.25315005727376,,0.6636085626911316,0,1,55.0,393,6.000391765097646,True,-7.661290322580639,,0.014999129794033002,False,False,独立池,-45.95,0.0,20.169434689398376,53.5098319550618,0.7,0.0,37.46,Other
603618.SH,603618,杭电股份,20150217,,主板,L,2681326805.4500003,68.36262719703976,未知,未知,,,36.4,,,9.3021,7.3058,2516607.2422,2516607.2422,3569308312.6000004,True,4,3,False,True,41.24,21.4,-2.4128686327077764,141.3793103448276,-11.736178467507285,False,68.36262719703976,1.410939133031408,329.85,-410.61,76706086.42,94.8841,,,-433726911.52000004,-345.6362,2.9836,1,2516607.2422,3569308312.6000004,1.0,1.5,PASS,False,0.4444444444444444,329.85,-410.61,1.0,329.85,ESP-Q,,9.3021,2.9836,,99.46392506573181,0.0,0.0,36.4,41.24,False,10,73.25315005727376,CHASE,0.9931192660550459,1,1,100.0,393,66.59831307978446,True,-2.4128686327077764,突破型,-0.0012904545154882173,True,False,独立池,329.85,0.0,25.659935392673365,77.1079320957168,0.7,10.0,43.98,Other
002760.SZ,002760,凤形股份,20150611,,主板,L,157672923.40000004,12.920018930430665,未知,未知,,,23.86,127.7378,108.3274,3.0775,12.0407,257661.0525,257661.0525,312741964.0,False,1,1,False,False,25.81,20.92,1.01608806096527,-0.8312551953449709,-7.555211158465713,False,12.920018930430665,1.410939133031408,286.41,115.45,5594672.59,83.9832,,,28539853.71,-1427.3291,0.7989,0,257661.0525,312741964.0,1.0,1.5,PASS,False,0.4444444444444444,286.41,115.45,1.0,286.41,ESP-Q,127.7378,3.0775,0.7989,0.44599629901190596,99.46392506573181,0.0,0.0,23.86,25.81,False,0,98.51088201603666,,0.7591743119266054,1,1,75.0,393,11.15570481317537,True,1.01608806096527,,0.011810310851136792,False,False,独立池,286.41,0.0,25.025269744588574,72.05831855372871,0.7,0.0,50.44,Tier2
603118.SH,603118,共进股份,20150225,,主板,L,1285454240.1999998,16.617862371888712,未知,未知,,,15.93,161.2351,156.8966,2.4718,17.6254,1254131.3148,1254131.3148,1650029816.6,False,2,1,False,False,17.7,13.45,-0.06273525721455231,33.86554621848739,-9.999999999999998,False,16.617862371888712,1.410939133031408,45.12,142.2141,18961280.82,77.5515,,,193862083.82999998,-225.1592,0.4828,0,1254131.3148,1650029816.6,1.0,1.5,PASS,False,0.4444444444444444,45.12,142.2141,1.0,45.12,ESP-Q,161.2351,2.4718,0.4828,3.5734729609929077,99.46392506573181,0.0,0.0,15.93,17.7,False,0,73.25315005727376,CHASE,0.8142201834862385,1,1,75.0,393,14.853548254633418,True,-0.06273525721455231,,0.011659946848718161,True,False,独立池,45.12,0.0,21.499982584681113,63.775941534118346,0.7,0.0,44.64,Other
002793.SZ,002793,罗欣药业,20160415,,主板,L,222581169.70000002,-1.724137931034475,未知,未知,,,5.13,,,5.073,2.3093,557932.8933,557083.9465,182567639.20000002,True,1,0,False,False,5.75,4.94,-7.567567567567568,1.5841584158415856,-10.782608695652174,False,-1.724137931034475,1.410939133031408,492.65,62.5,3964563.56,16.4164,,,-276863797.28999996,338.0913,2.1336,0,557932.8933,182567639.20000002,1.0,1.5,PASS,False,0.4444444444444444,492.65,62.5,1.0,492.65,ESP-Q,,5.073,2.1336,,99.46392506573181,0.0,0.0,5.13,5.75,False,0,77.20504009163804,,0.37920489296636084,0,0,5.0,393,-3.4884520482897696,False,-7.567567567567568,,-0.052405456542323516,False,False,独立池,492.65,0.0,28.038470556306073,31.269206138752626,0.7,0.0,21.89,Other
002787.SZ,002787,华源控股,20151231,,主板,L,662248004.4999999,60.5515587529976,未知,未知,,,26.78,79.1004,76.7496,4.857,9.3568,897602.9321,671803.3853,744844058.2,False,5,2,False,True,28.24,15.18,15.281962978906583,110.86614173228351,-5.169971671388096,False,60.5515587529976,1.410939133031408,7.85,86.63,24324327.31,95.0128,,,262195072.5,-489.8226,1.3849,0,897602.9321,744844058.2,1.0,1.5,PASS,False,0.4444444444444444,7.85,86.63,1.0,7.85,ESP-Q,79.1004,4.857,1.3849,10.07648407643312,99.46392506573181,0.0,0.0,26.78,28.24,False,0,47.30813287514318,,0.9877675840978594,1,1,75.0,393,58.787244635742304,True,15.281962978906583,突破型|OVERHEAT,0.006503669956048646,True,True,独立池,7.85,0.0,20.955461666077976,55.88353219575855,0.7,0.0,39.12,Other
002821.SZ,002821,凯莱英,20161118,,主板,L,1067703226.2999997,0.10182435299108672,未知,未知,,,117.97,37.5892,38.3437,2.3714,2.7005,4257242.0211,3739648.2096,1069538702.5999999,True,1,0,False,False,132.98,110.0,-9.309655596555977,14.445091191307725,-11.287411640848244,False,0.10182435299108672,1.410939133031408,-10.88,22.01,271925058.17,89.3546,,,2602574914.17,156.6659,1.7103,0,4257242.0211,1069538702.5999999,1.0,1.5,PASS,False,0.4444444444444444,-10.88,22.01,1.0,-11.88,,37.5892,2.3714,1.7103,,99.46392506573181,0.0,0.0,117.97,132.98,False,0,73.25315005727376,,0.4503058103975535,0,0,5.0,393,-1.6624897642642078,False,-9.309655596555977,,-0.016872358306177757,False,False,独立池,-11.88,0.0,20.667203074072614,28.609385631996652,1.0,0.0,28.61,Other
002832.SZ,002832,比音勒芬,20161223,,主板,L,280234093.20000005,20.59326868225897,未知,未知,,,21.14,21.9083,19.9251,2.1061,4.2627,1206474.7756,823230.2524,314259086.8,True,1,1,False,False,22.1,16.96,2.1256038647343045,36.82847896440131,-4.343891402714939,False,20.59326868225897,1.410939133031408,17.88,-32.79,377614356.68,97.7666,,,1846173587.47,90.4057,6.9572,0,1206474.7756,314259086.8,1.0,1.5,PASS,False,0.4444444444444444,17.88,-32.79,1.0,17.88,ESP-Q,21.9083,2.1061,6.9572,1.2252964205816557,99.46392506573181,0.0,0.0,21.14,22.1,False,0,77.20504009163804,CHASE,0.8516819571865444,1,1,100.0,393,18.828954565003674,True,2.1256038647343045,,0.005877475175022001,True,False,独立池,17.88,0.0,21.10200163961137,77.38191235541369,0.7,0.0,54.17,Tier2
002979.SZ,002979,雷赛智能,20200408,,主板,L,678874969.6500001,52.51211425656719,未知,未知,,,59.8,83.6144,77.9746,10.0592,9.3853,1884435.7553,1321279.7801,1519968881.2,True,2,2,False,False,59.8,39.12,10.92561676868855,49.612209156867635,0.0,False,52.51211425656719,1.410939133031408,30.83,10.53,70154795.1,97.2746,,,558333488.02,-63.164,3.964,0,1884435.7553,1519968881.2,1.0,1.5,PASS,False,0.4444444444444444,30.83,10.53,1.0,30.83,ESP-Q,83.6144,10.0592,3.964,2.7121115796302306,99.46392506573181,0.0,0.0,59.8,59.8,False,0,86.02520045819016,CHASE,0.9793577981651376,1,1,100.0,393,50.74780013931189,True,10.92561676868855,OVERHEAT,0.003574560003001124,True,True,独立池,30.83,0.0,21.291203300354876,80.06580079752803,0.7,0.0,56.05,Tier2
002795.SZ,002795,永和智控,20160428,,主板,L,295776335.15000004,25.283018867924547,未知,未知,,,9.96,,,9.8638,8.9816,439920.6773,432691.2312,330876667.20000005,True,1,0,False,False,10.45,7.8,5.063291139240511,37.75933609958506,-4.688995215310987,False,25.283018867924547,1.410939133031408,53.24,60.74,-8380748.35,-12.3225,,,-212069501.32,-16.0358,16.4831,0,439920.6773,330876667.20000005,1.0,1.5,PASS,False,0.4444444444444444,53.24,60.74,1.0,53.24,ESP-Q,,9.8638,16.4831,,99.46392506573181,0.0,0.0,9.96,10.45,False,0,78.12142038946163,CHASE,0.8914373088685015,1,1,100.0,393,23.51870475066925,True,5.063291139240511,,-0.019509292706877977,True,False,独立池,53.24,0.0,21.618617139525696,77.76014954474363,0.7,0.0,54.43,Tier2
603799.SH,603799,华友钴业,20150129,,主板,L,5683261933.250001,-6.548757170172081,未知,未知,,,58.65,18.2056,15.1237,2.2024,3.9858,11124306.7699,11070816.2104,5125420617.599999,False,0,0,False,False,70.85,58.1,-9.546576187538559,-17.31284364866771,-17.219477769936475,False,-6.548757170172081,1.410939133031408,68.76,52.64,2070367801.44,82.905,,,14462800004.16,31.8424,5.055,0,11124306.7699,5125420617.599999,1.0,1.5,PASS,False,0.4444444444444444,68.76,52.64,1.0,68.76,,18.2056,2.2024,5.055,0.2647702152414194,99.46392506573181,10.0,0.0,58.65,70.85,False,0,72.16494845360825,,0.21559633027522937,0,0,5.0,393,-8.313071287427375,False,-9.546576187538559,,-0.01677329072901199,False,False,独立池,68.76,0.0,21.84536692908085,28.51855792189864,1.0,0.0,38.52,Other
600936.SH,600936,北投科技,20160815,,主板,L,329340871.00000006,33.41463414634147,未知,未知,,,5.47,,,9.1948,7.4578,914051.3527,914051.3527,928089430.0,False,2,2,False,False,5.9,3.91,7.25490196078431,23.476297968397297,-7.288135593220346,False,33.41463414634147,1.410939133031408,111.8171,49.8121,24819175.83,99.4263,,,-1331465236.95,-315.9817,2.543,0,914051.3527,928089430.0,1.0,1.5,PASS,False,0.4444444444444444,111.8171,49.8121,1.0,111.8171,ESP-Q,,9.1948,2.543,,99.46392506573181,0.0,0.0,5.47,5.9,False,0,73.25315005727376,CHASE,0.9304281345565749,1,1,75.0,393,31.650320029086174,True,7.25490196078431,,-0.003557943687432276,True,False,独立池,111.8171,0.0,22.474438344277715,63.97083268603767,0.7,0.0,44.78,Other
603690.SH,603690,至纯科技,20170113,,主板,L,475596240.9000001,12.436048799685162,未知,未知,,,28.57,,,3.1493,15.2218,1094128.8623,1094128.8623,942672727.0,False,0,0,False,False,30.44,23.67,7.811320754716977,2.1816881258941434,-6.143232588699088,False,12.436048799685162,1.410939133031408,-160.0648,-274.031,-84429944.25,,,,-1034015194.14,,-2.2621,0,1094128.8623,942672727.0,1.0,1.5,PASS,False,0.4444444444444444,-160.0648,-274.031,1.0,-161.0648,,,3.1493,-2.2621,,99.46392506573181,0.0,0.0,28.57,30.44,False,0,92.78350515463917,,0.7530581039755352,1,1,75.0,393,10.671734682429868,True,7.811320754716977,,0.012008388489451316,False,False,独立池,-161.0648,0.0,18.487588254173893,69.03256919722654,1.0,0.0,69.03,Tier2
601606.SH,601606,长城军工,20180806,,主板,L,644719064.15,-4.002013591744269,未知,未知,,,38.14,3309.5337,3988.2613,12.6581,1.9538,2762207.1176,2762207.1176,900053248.8,True,0,0,False,False,42.44,36.66,-1.3195342820181089,-14.694699172444647,-10.131950989632422,False,-4.002013591744269,1.410939133031408,,96.5973,,,,,-82299486.44999999,,-2.5198,0,2762207.1176,900053248.8,1.0,1.5,PASS,False,0.4444444444444444,,96.5973,1.0,0.0,DATA-INC,3309.5337,12.6581,-2.5198,,99.46392506573181,0.0,0.0,38.14,42.44,False,0,78.92325315005728,,0.30428134556574926,0,0,5.0,393,-5.7663277089995635,False,-1.3195342820181089,,-0.005786946365963437,False,False,独立池,0.0,0.0,20.84077185628365,30.345130316273913,1.0,0.0,30.35,Other
603317.SH,603317,天味食品,20190416,,主板,L,311850266.5,21.520912547528525,未知,未知,,,15.98,29.8645,22.8351,4.0744,1.1156,1701414.2408,1701414.2408,285215173.8,True,2,1,False,False,17.3,12.9,0.8838383838383868,11.748251748251736,-7.630057803468205,False,21.520912547528525,1.410939133031408,360.06,-10.22,233803750.62,93.4805,,,1261700201.75,78.6113,5.3796,0,1701414.2408,285215173.8,1.0,1.5,PASS,False,0.4444444444444444,360.06,-10.22,1.0,360.06,ESP-Q,29.8645,4.0744,5.3796,0.08294312059101261,99.46392506573181,0.0,0.0,15.98,17.3,False,0,68.15578465063001,,0.8631498470948012,1,1,100.0,393,19.75659843027323,True,0.8838383838383868,,-0.011327307333361429,True,False,独立池,360.06,0.0,26.101308533295875,75.66699710184818,0.7,0.0,52.97,Tier2
601212.SH,601212,白银有色,20170215,,主板,L,1049629229.0499997,-11.772151898734185,未知,未知,,,6.97,,,3.247,2.613,5161127.8342,5161127.8342,1485022632.0,False,0,0,False,False,8.54,6.92,-13.41614906832299,-32.78688524590163,-18.38407494145199,False,-11.772151898734185,1.410939133031408,302.2954,-407.74,137166992.04,91.4559,,,-644517916.1800001,-21.7439,0.9864,0,5161127.8342,1485022632.0,1.0,1.5,PASS,False,0.4444444444444444,302.2954,-407.74,1.0,302.2954,ESP-Q,,3.247,0.9864,,99.46392506573181,0.0,0.0,6.97,8.54,False,0,72.16494845360825,,0.07874617737003058,0,0,5.0,393,-13.536466015989479,False,-13.41614906832299,,0.006452245021313307,False,False,独立池,302.2954,0.0,25.257358089111737,29.20095615390482,0.7,0.0,20.44,Other
002797.SZ,002797,第一创业,20160511,,主板,L,1302702512.5500002,-3.8659793814432963,未知,未知,,,7.46,37.2588,34.0526,1.7735,3.4798,3134990.4,3134990.4,1355438102.6,True,0,0,False,False,8.08,7.22,-4.968152866242037,7.647907647907659,-7.6732673267326685,False,-3.8659793814432963,1.410939133031408,70.54,-5.45,195079236.52,98.9121,,,2280871300.52,268.4844,1.1281,0,3134990.4,1355438102.6,1.0,1.5,PASS,False,0.4444444444444444,70.54,-5.45,1.0,70.54,ESP-Q,37.2588,1.7735,1.1281,0.5281939325205557,99.46392506573181,0.0,0.0,7.46,8.08,False,0,73.25315005727376,,0.3149847094801223,0,0,5.0,393,-5.630293498698591,False,-4.968152866242037,,-0.021730420592426896,False,False,独立池,70.54,0.0,21.8713730260788,28.850219622397887,0.7,0.0,20.2,Other
603315.SH,603315,福鞍股份,20150424,,主板,L,567292328.25,23.775310254735448,未知,未知,,,18.95,127.3919,147.0005,3.4914,9.4203,607094.0703,607094.0703,600358839.2,True,4,1,False,True,20.6,15.18,-0.7333682556312282,25.830013280212484,-8.009708737864084,False,23.775310254735448,1.410939133031408,-12.73,-38.55,22984207.26,114.4953,,,184465032.74,145.7246,1.1537,0,607094.0703,600358839.2,1.0,1.5,PASS,False,0.4444444444444444,-12.73,-38.55,1.0,-13.73,,127.3919,3.4914,1.1537,,99.46392506573181,0.0,0.0,18.95,20.6,False,0,81.09965635738831,CHASE,0.8776758409785933,1,1,100.0,393,22.010996137480152,True,-0.7333682556312282,突破型,0.0030282721742171297,True,False,独立池,-13.73,0.0,20.64017426539497,78.45793176029548,1.0,0.0,78.46,Tier2
603936.SH,603936,博敏电子,20151209,,主板,L,1086371343.65,48.244382022471896,未知,未知,,,21.11,2012.7437,,3.0947,10.7738,1330770.1864,1330770.1864,1834903345.8,True,3,3,False,True,22.68,14.01,4.401582591493569,73.74485596707818,-6.92239858906526,False,48.244382022471896,1.410939133031408,-189.38,90.4629,-19301433.46,,,,907028.6999999993,,-0.252,0,1330770.1864,1834903345.8,1.0,1.5,PASS,False,0.4444444444444444,-189.38,90.4629,1.0,-190.38,,2012.7437,3.0947,-0.252,,99.46392506573181,0.0,0.0,21.11,22.68,False,0,92.78350515463917,CHASE,0.9701834862385321,1,1,100.0,393,46.4800679052166,True,4.401582591493569,突破型,0.017680031933670896,True,False,独立池,-190.38,0.0,18.059288290851256,81.446909204562,1.0,0.0,81.45,Tier2
603338.SH,603338,浙江鼎力,20150325,,主板,L,376892248.95,14.968731087351216,未知,未知,,,56.99,15.1941,15.0024,2.4364,1.7787,2885676.5624,2885676.5624,392235293.4,True,1,0,False,False,59.28,49.0,-0.9902710215427435,-1.6905295842677193,-3.8630229419703066,False,14.968731087351216,1.410939133031408,1.56,11.36,437511506.13,96.6021,,,4867742843.59,-34.3652,3.8958,0,2885676.5624,392235293.4,1.0,1.5,PASS,False,0.4444444444444444,1.56,11.36,1.0,1.56,ESP-Q,15.1941,2.4364,3.8958,9.739807692307693,99.46392506573181,10.0,0.0,56.99,59.28,False,0,73.25315005727376,,0.790519877675841,1,1,100.0,393,13.204416970095922,True,-0.9902710215427435,,-0.01973180334019392,False,False,独立池,1.56,0.0,20.863563716573985,76.14865776049692,0.7,0.0,63.3,Tier2
603222.SH,603222,济民健康,20150217,,主板,L,272097664.8500001,-4.218600191754551,未知,未知,,,9.99,,,4.7135,3.3994,524565.5244,524565.5244,221932114.60000002,True,0,0,False,False,10.77,9.13,-1.2845849802371467,10.264900662251652,-7.242339832869071,False,-4.218600191754551,1.410939133031408,-91.0711,-274.474,-25888474.77,,,,-375410377.52000004,,-2.2228,0,524565.5244,221932114.60000002,1.0,1.5,PASS,False,0.4444444444444444,-91.0711,-274.474,1.0,-92.0711,,,4.7135,-2.2228,,99.46392506573181,0.0,0.0,9.99,10.77,False,0,44.7880870561283,,0.2989296636085627,0,0,5.0,393,-5.982914309009846,False,-1.2845849802371467,,-0.0134774086113624,False,False,独立池,-92.0711,0.0,19.49559772296459,19.835545661431407,1.0,0.0,19.84,Other
603108.SH,603108,润达医疗,20150527,,主板,L,234290742.30000004,3.117692907248637,未知,未知,,,13.23,,,2.172,3.5502,798699.5201,798699.5201,221872209.8,True,1,0,False,False,14.4,12.67,-3.6416605972323324,-17.36414740787009,-8.125000000000004,False,3.117692907248637,1.410939133031408,29.99,-1898.75,-53161947.11,,,,-931405579.91,,-1.4264,0,798699.5201,221872209.8,1.0,1.5,PASS,False,0.4444444444444444,29.99,-1898.75,1.0,29.99,ESP-Q,,2.172,-1.4264,,99.46392506573181,0.0,0.0,13.23,14.4,False,0,73.25315005727376,,0.5435779816513762,0,1,55.0,393,1.3533787899933425,False,-3.6416605972323324,,0.0026536897072418388,False,False,独立池,29.99,0.0,21.27893076019854,53.73173116922183,0.7,0.0,37.61,Other
601611.SH,601611,中国核建,20160606,,主板,L,582645047.05,-9.603340292275565,未知,未知,,,12.99,29.6803,33.4454,1.7386,1.3861,3914970.6414,3914970.6414,608743891.6,True,0,0,False,False,14.72,12.75,-6.005788712011572,-17.6284083703234,-11.752717391304346,False,-9.603340292275565,1.410939133031408,-29.21,-30.91,372565116.17,92.4762,,,3553733704.63,-1144.0223,1.2061,0,3914970.6414,608743891.6,1.0,1.5,PASS,False,0.4444444444444444,-29.21,-30.91,1.0,-30.21,ESP-Q,29.6803,1.7386,1.2061,,99.46392506573181,0.0,0.0,12.99,14.72,False,0,73.25315005727376,,0.13073394495412843,0,0,5.0,393,-11.367654409530859,False,-6.005788712011572,,-0.01108692907391296,False,False,独立池,-30.21,0.0,20.399398715661142,28.555824760314355,0.7,0.0,19.99,Other
603508.SH,603508,思维列控,20151224,,主板,L,150831179.1,10.662824207492804,未知,未知,,,26.88,18.428,17.3718,2.4597,2.3713,1024865.5254,1024865.5254,177133658.6,True,1,1,False,False,27.29,23.63,0.5611672278338808,1.7796289284361944,-1.5023818248442677,False,10.662824207492804,1.410939133031408,26.08,0.59,159654709.26,99.3966,,,1407700928.01,71.3131,3.9315,0,1024865.5254,177133658.6,1.0,1.5,PASS,False,0.4444444444444444,26.08,0.59,1.0,26.08,ESP-Q,18.428,2.4597,3.9315,0.70659509202454,99.46392506573181,10.0,0.0,26.88,27.29,False,0,77.54868270332189,,0.7186544342507645,1,1,100.0,393,8.89851009023751,True,0.5611672278338808,,-0.006748577331136956,False,False,独立池,26.08,0.0,21.221805007804168,77.50896581255739,0.7,0.0,64.26,Tier2
603929.SH,603929,亚翔集成,20161230,,主板,L,1103597703.7499998,2.9308576671884135,未知,未知,,,190.7,45.6056,38.4526,16.1079,2.7853,4068775.2,4068775.2,1155744680.0,False,0,0,False,False,214.75,178.74,-7.5169738118331715,27.755074696858028,-11.199068684516888,False,2.9308576671884135,1.410939133031408,202.36,37.89,246919168.47,99.5834,,,1725524361.23,-78.7296,10.2673,0,4068775.2,1155744680.0,1.0,1.5,PASS,False,0.4444444444444444,202.36,37.89,1.0,202.36,ESP-Q,45.6056,16.1079,10.2673,0.22536864993081637,99.46392506573181,0.0,0.0,190.7,214.75,False,0,98.3963344788087,,0.5359327217125383,0,1,40.0,393,1.166543549933119,False,-7.5169738118331715,,-0.009635778642426636,False,False,独立池,202.36,0.0,23.79728522061236,54.27835738776508,0.7,0.0,37.99,Other
603085.SH,603085,天成自控,20150630,,主板,L,166845847.29999998,21.682567215958382,未知,未知,,,14.03,65.6238,62.5351,5.7585,3.2955,557131.3,557131.3,230966411.6,True,0,0,False,False,14.52,11.14,-1.543859649122814,16.722129783693852,-3.374655647382918,False,21.682567215958382,1.410939133031408,71.87,563.9455,26263007.61,104.5817,,,160631047.42000002,-207.9323,2.6443,0,557131.3,230966411.6,1.0,1.5,PASS,False,0.4444444444444444,71.87,563.9455,1.0,71.87,ESP-Q,65.6238,5.7585,2.6443,0.9130903019340476,99.46392506573181,0.0,0.0,14.03,14.52,False,0,73.25315005727376,CHASE,0.8662079510703364,1,1,100.0,393,19.918253098703087,True,-1.543859649122814,,0.00705466158004,True,False,独立池,71.87,0.0,21.890804547993,76.35410592678073,0.7,0.0,53.45,Tier2
603268.SH,603268,松发股份,20150319,,主板,L,1402605989.5500002,42.610277398817644,未知,未知,,,156.8,57.3411,40.3875,14.4346,2.1181,15221803.791,3657356.7386,1084680165.6000001,True,1,0,False,False,168.53,109.02,-2.9102167182662453,83.60655737704919,-6.960185130243868,False,42.610277398817644,1.410939133031408,5180.163,2694.8882,1092102400.0,99.8756,,,3928805282.8,302.4845,10.936,0,15221803.791,1084680165.6000001,1.0,1.5,PASS,False,0.4444444444444444,5180.163,2694.8882,1.0,5180.163,,57.3411,14.4346,10.936,0.011069362103084401,99.46392506573181,0.0,0.0,156.8,168.53,True,0,95.99083619702176,CHASE,0.9587155963302753,1,1,100.0,393,40.84596328156235,True,-2.9102167182662453,,-0.009671800216723776,True,False,独立池,1995.8175999999994,0.0,50.0,88.79725085910653,1.0,0.0,88.8,Tier2
603198.SH,603198,迎驾贡酒,20150528,,主板,L,298415474.4,-1.5075376884422065,未知,未知,,,35.28,14.214,14.1708,2.4607,0.7512,2822400.0,2822400.0,283173100.99999994,False,1,0,False,False,40.88,34.01,-7.8129082832505965,-15.476760900814568,-13.698630136986301,False,-1.5075376884422065,1.410939133031408,0.18,-25.49,817506078.61,97.9547,,,5296952893.33,103.0628,7.551,0,2822400.0,283173100.99999994,1.0,1.5,PASS,False,0.4444444444444444,0.18,-25.49,1.0,-0.8200000000000001,,14.214,2.4607,7.551,78.96666666666667,99.46392506573181,10.0,0.0,35.28,40.88,False,0,73.25315005727376,,0.38990825688073394,0,0,5.0,393,-3.271851805697501,False,-7.8129082832505965,,-0.00022721082328680035,False,False,独立池,-0.8200000000000001,0.0,20.82879151946437,28.641703321075003,1.0,0.0,38.64,Other
603958.SH,603958,哈森股份,20160629,,主板,L,271511058.8999999,-0.24262029923169948,未知,未知,,,24.67,,,8.3114,5.1418,541161.12,541161.12,252468404.79999998,True,0,0,False,False,27.49,22.46,6.9354139575205975,14.265863825845315,-10.258275736631495,False,-0.24262029923169948,1.410939133031408,210.07,38.729,16762929.74,97.3865,,,-48289481.17999999,124.0129,2.6558,0,541161.12,252468404.79999998,1.0,1.5,PASS,False,0.4444444444444444,210.07,38.729,1.0,210.07,,,8.3114,2.6558,,99.46392506573181,0.0,0.0,24.67,27.49,False,0,81.32875143184421,,0.4350152905198777,0,0,5.0,393,-2.006934416486994,False,6.9354139575205975,,0.0004059517943631749,False,False,独立池,210.07,0.0,23.909929607047292,31.68061135096272,1.0,0.0,31.68,Other
603738.SH,603738,泰晶科技,20160928,,主板,L,2353157510.4499993,104.71454880294661,元件,未知,801083.SI,270000,55.58,410.6823,322.1335,11.7947,18.7328,2144762.6805,2144762.6805,3163830182.6,True,6,4,False,True,58.28,26.8,7.484045639141357,240.98159509202452,-4.632807137954709,False,104.71454880294661,1.410939133031408,5040.95,-38.94,15290105.09,66.3504,,,88538986.44,255.7435,1.283,0,2144762.6805,3163830182.6,1.0,1.5,PASS,False,0.8888888888888888,5040.95,-38.94,,2520.475,COV-LOW,410.6823,11.7947,1.283,0.08146922703061923,220.3882,0.0,0.0,55.58,58.28,False,0,94.50171821305841,CHASE,1.0,1,1,100.0,1,51.23253002519519,True,7.484045639141357,突破型,0.0036473101495775595,True,False,独立池,1995.8175999999994,0.0,50.0,88.35051546391752,1.0,0.0,88.35,Tier2
002803.SZ,002803,吉宏股份,20160712,,主板,L,355349820.5,37.56872327428222,未知,未知,,,22.52,36.64,34.9721,3.663,5.1138,1014312.7086,650116.9896,358114128.8,True,1,0,False,False,23.72,16.25,1.670428893905207,18.463966333508665,-5.059021922428331,False,37.56872327428222,1.410939133031408,21.75,50.87,70339692.37,97.2044,,,630904869.82,12.3877,2.6471,0,1014312.7086,358114128.8,1.0,1.5,PASS,False,0.4444444444444444,21.75,50.87,1.0,21.75,,36.64,3.663,2.6471,1.6845977011494253,99.46392506573181,0.0,0.0,22.52,23.72,False,0,77.20504009163804,CHASE,0.9495412844036697,1,1,100.0,393,35.804409157026925,True,1.670428893905207,,0.030399555314937023,True,False,独立池,21.75,0.0,21.15854298533163,77.39322062455774,1.0,0.0,77.39,Tier2
603939.SH,603939,益丰药房,20150217,,主板,L,272997184.25000006,-0.5613126079447306,未知,未知,,,23.03,16.6349,16.1532,2.3439,0.887,2792139.5383,2792139.5383,346606016.0,True,0,0,False,False,24.9,22.1,-0.303030303030305,-9.402045633359556,-7.5100401606425615,False,-0.5613126079447306,1.410939133031408,12.57,7.65,493053446.12,98.6996,,,4149655905.66,145.1728,4.2035,0,2792139.5383,346606016.0,1.0,1.5,PASS,False,0.4444444444444444,12.57,7.65,1.0,12.57,,16.6349,2.3439,4.2035,1.3233810660302305,99.46392506573181,10.0,0.0,23.03,24.9,False,0,73.25315005727376,,0.42660550458715596,0,0,5.0,393,-2.325626725200025,False,-0.303030303030305,,0.005491191569355652,False,False,独立池,12.57,0.0,21.0244216536231,28.680829347906748,1.0,0.0,38.68,Other
603306.SH,603306,华懋科技,20140926,,主板,L,1869223922.1000001,5.033164260632073,未知,未知,,,107.68,162.9283,248.0443,11.0389,5.3895,3548005.8857,3548005.8857,1989587051.3999999,True,1,1,False,False,112.76,90.0,0.49463369108726507,38.60213669712964,-4.50514366796736,False,5.033164260632073,1.410939133031408,-91.59,-36.06,6856275.15,58.6191,,,441007009.18,882.05,0.3388,0,3548005.8857,1989587051.3999999,1.0,1.5,PASS,False,0.4444444444444444,-91.59,-36.06,1.0,-92.59,ESP-Q,162.9283,11.0389,0.3388,,99.46392506573181,0.0,0.0,107.68,112.76,False,0,83.04696449026346,,0.5986238532110092,0,1,55.0,393,3.268850143376778,False,0.49463369108726507,,0.012779209571256455,False,False,独立池,-92.59,0.0,19.488016507384685,56.311692648555976,0.7,0.0,39.42,Other
603169.SH,603169,兰石重装,20141009,,主板,L,220685533.95,-11.345381526104426,未知,未知,,,8.83,,,4.3377,1.3744,1153455.6576,1153455.6576,227512257.4,True,0,0,False,False,10.2,7.94,-0.4509582863585049,-18.841911764705888,-13.431372549019605,False,-11.345381526104426,1.410939133031408,0.362,-805.44,-42378565.91,,,,-816805466.4399999,,-1.4866,0,1153455.6576,227512257.4,1.0,1.5,PASS,False,0.4444444444444444,0.362,-805.44,1.0,-0.638,,,4.3377,-1.4866,,99.46392506573181,0.0,0.0,8.83,10.2,False,0,73.25315005727376,,0.09097859327217125,0,0,5.0,393,-13.10969564335972,False,-0.4509582863585049,,-0.0007342900993555226,False,False,独立池,-0.638,0.0,20.831450569831574,28.642235131148443,1.0,0.0,28.64,Other
603859.SH,603859,能科科技,20161021,,主板,L,256712778.2,7.43155149934811,未知,未知,,,41.2,44.6864,44.6692,3.1872,4.6329,1008154.5281,1008154.5281,292180895.79999995,True,0,0,False,False,43.39,37.46,-1.7409968995945602,-10.70654529692241,-5.047245909195663,False,7.43155149934811,1.410939133031408,,14.19,,,,,438980465.65999997,-178.5884,1.5637,0,1008154.5281,292180895.79999995,1.0,1.5,PASS,False,0.4444444444444444,,14.19,1.0,0.0,DATA-INC,44.6864,3.1872,1.5637,,99.46392506573181,0.0,0.0,41.2,43.39,False,0,86.94158075601375,,0.654434250764526,0,1,55.0,393,5.667237382092816,True,-1.7409968995945602,,-0.004039483896431417,False,False,独立池,0.0,0.0,20.84077185628365,57.75062859806086,1.0,0.0,57.75,Tier2
603878.SH,603878,武进不锈,20161219,,主板,L,158689357.45000002,3.457446808510656,未知,未知,,,7.78,54.8319,137.5337,1.6857,3.3032,436565.4675,436565.4675,201504925.4,False,2,1,False,False,8.79,7.5,-6.826347305389213,-11.990950226244335,-11.49032992036404,False,3.457446808510656,1.410939133031408,-189.4,-44.04,-25372019.37,,,,180392959.37,,-0.6706,0,436565.4675,201504925.4,1.0,1.5,PASS,False,0.4444444444444444,-189.4,-44.04,1.0,-190.4,,54.8319,1.6857,-0.6706,,99.46392506573181,0.0,0.0,7.78,8.79,False,0,50.0,COV-LOW,0.5504587155963303,0,1,40.0,393,1.6931326912553613,False,-6.826347305389213,,-0.019723489616208352,False,False,独立池,-190.4,0.0,18.0589960875142,38.61179921750284,1.0,0.0,38.61,Other
002772.SZ,002772,众兴菌业,20150626,,主板,L,220295279.39999998,-12.827663134411594,未知,未知,,,15.63,17.4862,13.0316,1.6111,1.6756,585722.5791,580841.0081,146654201.20000002,False,0,0,False,False,19.32,15.46,-4.811205846528632,-13.16666666666666,-19.099378881987572,False,-12.827663134411594,1.410939133031408,254.15,231.5,161686488.29,99.3776,,,704325201.26,94.0613,4.5438,0,585722.5791,146654201.20000002,1.0,1.5,PASS,False,0.4444444444444444,254.15,231.5,1.0,254.15,,17.4862,1.6111,4.5438,0.06880267558528429,99.46392506573181,10.0,0.0,15.63,19.32,True,0,84.65063001145475,,0.06192660550458716,0,0,5.0,393,-14.591977251666888,False,-4.811205846528632,,-0.04802903701360069,False,False,独立池,254.15,0.0,24.55394576191787,32.80597815582,1.0,0.0,42.81,Other
002828.SZ,002828,贝肯能源,20161208,,主板,L,173021270.04999998,-7.768595041322312,未知,未知,,,11.16,101.4693,,3.429,5.0597,224302.1616,224302.1616,98863001.0,False,0,0,False,False,12.45,11.03,-3.9586919104991347,-11.778656126482211,-10.361445783132528,False,-7.768595041322312,1.410939133031408,-1107.42,-76.44,-36581951.91,,,,-2873554.5099999956,,-10.9357,0,224302.1616,98863001.0,1.0,1.5,PASS,False,0.4444444444444444,-1107.42,-76.44,1.0,-1108.42,,101.4693,3.429,-10.9357,,99.46392506573181,0.0,0.0,11.16,12.45,True,0,75.71592210767469,,0.1811926605504587,0,0,5.0,393,-9.532909158577606,False,-3.9586919104991347,,-0.032894207135126384,False,False,独立池,-1108.42,0.0,4.646570713324447,26.144090774967296,1.0,0.0,26.14,Other
603027.SH,603027,千禾味业,20160307,,主板,L,181719243.60000002,-11.696522655426755,未知,未知,,,8.38,32.1414,33.3348,3.1794,1.1195,1117159.0953,1047177.6775,147190153.99999997,False,0,0,False,False,10.14,8.32,-5.310734463276823,-23.119266055045863,-17.357001972386588,False,-11.696522655426755,1.410939133031408,-9.48,-31.53,143602656.94,96.9348,,,915893727.45,260.8862,4.307,0,1117159.0953,147190153.99999997,1.0,1.5,PASS,False,0.4444444444444444,-9.48,-31.53,1.0,-10.48,,32.1414,3.1794,4.307,,99.46392506573181,0.0,0.0,8.38,10.14,False,0,73.25315005727376,,0.08103975535168195,0,0,5.0,393,-13.460836772682049,False,-5.310734463276823,,0.015088986259541567,False,False,独立池,-10.48,0.0,20.687657307666505,28.613476478715427,1.0,0.0,28.61,Other
603678.SH,603678,火炬电子,20150126,,主板,L,394564074.0,-2.9598308668076,未知,未知,,,32.13,47.7846,60.4513,2.483,2.0557,1527995.5854,1527995.5854,390447275.59999996,True,0,0,False,False,36.03,31.75,-6.977417486971616,-19.795307039440836,-10.82431307243963,False,-2.9598308668076,1.410939133031408,-70.72,75.42,29676091.9,74.8218,,,885996841.6700001,-692.5876,0.6464,0,1527995.5854,390447275.59999996,1.0,1.5,PASS,False,0.4444444444444444,-70.72,75.42,1.0,-71.72,ESP-Q,47.7846,2.483,0.6464,,99.46392506573181,0.0,0.0,32.13,36.03,False,0,83.50515463917526,,0.34785932721712537,0,0,5.0,393,-4.724144984062894,False,-6.977417486971616,,-0.006530766960197582,False,False,独立池,-71.72,0.0,19.792930689602215,31.510132529673022,0.7,0.0,22.06,Other
601127.SH,601127,赛力斯,20160615,,主板,L,1904682487.1499999,-5.729166666666652,未知,未知,,,83.26,24.3483,24.3211,3.5109,1.3983,14503767.826,12965275.4418,2075810121.3999999,True,0,0,False,False,95.94,82.88,-6.648727435811185,-24.977473418633988,-13.216593704398571,False,-5.729166666666652,1.410939133031408,-73.87,-7.84,102900401.65,13.6389,,,12480821690.43,-2600.7183,1.835,0,14503767.826,2075810121.3999999,1.0,1.5,PASS,False,0.4444444444444444,-73.87,-7.84,1.0,-74.87,ESP-Q,24.3483,3.5109,1.835,,99.46392506573181,0.0,0.0,83.26,95.94,False,0,88.31615120274914,,0.24541284403669725,0,0,5.0,393,-7.493480783921946,False,-6.648727435811185,,-0.007043515068290391,False,False,独立池,-74.87,0.0,19.746908664015958,32.94422709362793,0.7,0.0,23.06,Other
603568.SH,603568,伟明环保,20150528,,主板,L,212804174.85,-16.64631664631665,未知,未知,,,20.48,15.8227,18.0818,2.2857,0.3033,3502342.2648,3496026.2328,117918776.4,True,0,0,False,False,25.15,19.23,-2.615311459819314,-21.980952380952377,-18.56858846918489,False,-16.64631664631665,1.410939133031408,-40.3,-19.89,402101862.26,91.5107,,,5944726149.95,113.8569,2.8897,0,3502342.2648,117918776.4,1.0,1.5,PASS,False,0.4444444444444444,-40.3,-19.89,1.0,-41.3,,15.8227,2.2857,2.8897,,99.46392506573181,10.0,0.0,20.48,25.15,True,0,81.09965635738831,,0.0290519877675841,0,0,5.0,393,-18.410630763571945,False,-2.615311459819314,,0.006155254685514,False,False,独立池,-41.3,0.0,20.237371965263804,30.877371300269253,1.0,0.0,40.88,Other
603444.SH,603444,吉比特,20170104,,主板,L,975263710.5,-2.562668429348647,未知,未知,,,383.26,15.3933,13.6153,4.5975,1.6723,2761047.2369,2761047.2369,653415834.5999999,False,1,0,False,False,423.21,369.99,-2.5775292323334975,-12.140662968227044,-9.439758039743861,False,-2.562668429348647,1.410939133031408,91.39,97.39,525579624.86,101.5526,,,4116134890.01,77.7454,8.9882,0,2761047.2369,653415834.5999999,1.0,1.5,PASS,False,0.4444444444444444,91.39,97.39,1.0,91.39,,15.3933,4.5975,8.9882,0.1684352773826458,99.46392506573181,10.0,0.0,383.26,423.21,True,0,73.25315005727376,,0.3547400611620795,0,0,5.0,393,-4.326982546603942,False,-2.5775292323334975,,-0.010167981390962007,False,False,独立池,91.39,0.0,22.17599500495928,28.911144018173985,1.0,0.0,38.91,Other
603007.SH,603007,顺景科技,20160826,,主板,L,379673309.25,21.12879884225758,未知,未知,,,8.37,,,31.59,37.2889,740448.7865,581789.5173,854187499.2,False,2,2,False,False,9.26,5.6,20.43165467625898,40.672268907563016,-9.611231101511885,False,21.12879884225758,1.410939133031408,,1.47,,,,,-439732727.25,,-2.3273,0,740448.7865,854187499.2,1.0,1.5,PASS,False,0.4444444444444444,,1.47,1.0,0.0,DATA-INC,,31.59,-2.3273,,99.46392506573181,0.0,0.0,8.37,9.26,False,0,75.60137457044674,CHASE,0.8570336391437309,1,1,75.0,393,19.364484725002285,True,20.43165467625898,OVERHEAT,-0.01697511338025637,True,True,独立池,0.0,0.0,20.84077185628365,64.34856674239074,1.0,0.0,64.35,Tier2
603819.SH,603819,神力股份,20161125,,主板,L,159899957.25,5.187319884726227,未知,未知,,,14.6,161.2312,121.5696,3.9139,4.972,317886.073,317886.073,130283979.19999999,True,1,0,False,False,15.62,13.6,-3.7574159525379014,14.151681000781856,-6.530089628681179,False,5.187319884726227,1.410939133031408,770.49,132.9356,5317815.35,77.177,,,30578118.53,-51.3583,0.852,0,317886.073,130283979.19999999,1.0,1.5,PASS,False,0.4444444444444444,770.49,132.9356,1.0,770.49,ESP-Q,161.2312,3.9139,0.852,0.20925800464639385,99.46392506573181,0.0,0.0,14.6,15.62,False,0,88.65979381443299,,0.6070336391437309,0,1,55.0,393,3.4230057674709324,False,-3.7574159525379014,,-0.009953718788274566,False,False,独立池,770.49,0.0,32.09775931468266,60.51749000726643,0.7,0.0,42.36,Other
603026.SH,603026,石大胜华,20150529,,主板,L,2470150614.9500003,2.0273694880892146,未知,未知,,,100.65,1473.1829,71.8348,4.5049,7.8522,2342135.7059,2342135.7059,1798057728.4,True,1,1,False,False,122.16,94.06,-3.8314542327536727,51.970406160350294,-17.608055009823175,False,2.0273694880892146,1.410939133031408,1044.7626,150.61,279985486.86,99.4241,,,170326614.43,-256.0771,5.571,0,2342135.7059,1798057728.4,1.0,1.5,PASS,False,0.4444444444444444,1044.7626,150.61,1.0,1044.7626,ESP-Q,1473.1829,4.5049,5.571,1.4100647362376868,99.46392506573181,0.0,0.0,100.65,122.16,True,0,73.25315005727376,,0.5061162079510704,0,0,5.0,393,0.26305537083392005,False,-3.8314542327536727,,0.002820109690360767,False,False,独立池,1044.7626,0.0,36.10492776382865,31.696930569947856,0.7,0.0,22.19,Other
600977.SH,600977,中国电影,20160809,,主板,L,612264006.65,2.8490028490028463,未知,未知,,,14.44,231.326,188.1277,2.4537,2.075,2695948.0,2695948.0,590715380.3999999,True,0,0,False,False,15.4,13.36,1.6901408450704203,-23.395225464190993,-6.233766233766236,False,2.8490028490028463,1.410939133031408,20.9,-87.7,-153490699.8,,,,-620037857.29,,-1.0321,0,2695948.0,590715380.3999999,1.0,1.5,PASS,False,0.4444444444444444,20.9,-87.7,1.0,20.9,ESP-Q,231.326,2.4537,-1.0321,11.06822966507177,99.46392506573181,0.0,10.0,14.44,15.4,False,0,73.25315005727376,,0.5344036697247706,0,1,55.0,393,1.0846887317475518,False,1.6901408450704203,,0.004185382885838918,False,False,独立池,20.9,0.0,21.146124343506767,53.70516988588348,0.7,10.0,27.59,Other
603300.SH,603300,海南华铁,20150529,,主板,L,471872671.54999995,-2.954209748892156,未知,未知,,,6.57,24.8587,29.4175,1.9641,3.5688,1310435.2763,1310435.2763,533387310.1999999,True,0,0,False,False,7.22,6.54,-2.6666666666666616,-10.123119015047866,-9.002770083102485,False,-2.954209748892156,1.410939133031408,-38.99,-11.31,103648139.5,95.1906,,,1367849164.92,703.7038,1.6496,0,1310435.2763,533387310.1999999,1.0,1.5,PASS,False,0.4444444444444444,-38.99,-11.31,1.0,-39.99,,24.8587,1.9641,1.6496,,99.46392506573181,0.0,0.0,6.57,7.22,False,0,78.69415807560138,,0.3486238532110092,0,0,5.0,393,-4.71852386614745,False,-2.6666666666666616,,-0.0011515647260442825,False,False,独立池,-39.99,0.0,20.256511283840947,30.159549679448602,1.0,0.0,30.16,Other
603019.SH,603019,中科曙光,20141106,,主板,L,6599620897.200001,6.98833389964888,未知,未知,,,94.46,63.5052,62.3205,6.1273,5.4921,13820591.6957,13816729.0373,8222141186.0,True,0,0,False,False,105.0,88.03,-5.587206396801603,3.5405020278417076,-10.038095238095245,False,6.98833389964888,1.410939133031408,53.3,33.97,164129860.91,72.0361,,,2759160727.4700003,-503.5188,1.0174,0,13820591.6957,8222141186.0,1.0,1.5,PASS,False,0.4444444444444444,53.3,33.97,1.0,53.3,ESP-Q,63.5052,6.1273,1.0174,1.1914671669793622,99.46392506573181,0.0,0.0,94.46,105.0,False,0,72.16494845360825,,0.6460244648318043,0,1,55.0,393,5.224019782393585,True,-5.587206396801603,,-0.0032308858953077704,False,False,独立池,53.3,0.0,21.61949374953686,53.47338328598984,0.7,0.0,37.43,Other
002785.SZ,002785,万里石,20151223,,主板,L,527268509.59999996,31.135878586672973,未知,未知,,,55.3,,,15.7582,4.8136,1253206.9134,1070027.4772,544913763.5999999,True,2,1,False,False,57.25,38.95,-2.12389380530974,15.81151832460732,-3.406113537117905,False,31.135878586672973,1.410939133031408,-56.94,-34.65,310080.45,51.6098,,,-86607969.21,,0.0755,0,1253206.9134,544913763.5999999,1.0,1.5,PASS,False,0.4444444444444444,-56.94,-34.65,1.0,-57.94,ESP-Q,,15.7582,0.0755,,99.46392506573181,0.0,0.0,55.3,57.25,False,0,63.34478808705612,,0.9212538226299695,1,1,100.0,393,29.371564469417677,True,-2.12389380530974,,-0.0033821130381397066,True,False,独立池,-57.94,0.0,19.994258788833534,73.00228818388354,0.7,0.0,51.1,Tier2
603067.SH,603067,振华股份,20160913,,主板,L,1309360587.4,10.532212885154046,未知,未知,,,39.46,45.2373,44.9484,7.0661,4.9971,2981303.2442,2981303.2442,1271801332.8000002,True,1,1,False,False,41.99,34.12,-1.5469061876247414,11.784702549575087,-6.0252441057394694,False,10.532212885154046,1.410939133031408,7.41,10.31,123437900.85,101.4968,,,1364786613.82,-85.0477,3.2085,0,2981303.2442,1271801332.8000002,1.0,1.5,PASS,False,0.4444444444444444,7.41,10.31,1.0,7.41,ESP-Q,45.2373,7.0661,3.2085,6.1048987854251004,99.46392506573181,0.0,0.0,39.46,41.99,False,0,66.20847651775486,,0.7171253822629969,1,1,100.0,393,8.767898767898751,True,-1.5469061876247414,,0.000838605789215289,False,False,独立池,7.41,0.0,20.949033192662757,74.052349593859,0.7,0.0,51.84,Tier2
601878.SH,601878,浙商证券,20170626,,主板,L,312272084.8,-1.1375387797311176,未知,未知,,,9.56,18.1251,16.7659,1.1599,0.7197,4372549.5869,4372549.5869,370146415.4,True,0,0,False,False,10.1,9.32,-3.726082578046319,-10.904007455731591,-5.346534653465341,False,-1.1375387797311176,1.410939133031408,35.89,24.94,753970691.01,100.3745,,,6141949048.16,660.2717,2.0169,0,4372549.5869,370146415.4,1.0,1.5,PASS,False,0.4444444444444444,35.89,24.94,1.0,35.89,,18.1251,1.1599,2.0169,0.5050181108943995,99.46392506573181,0.0,0.0,9.56,10.1,False,0,73.25315005727376,,0.4029051987767584,0,0,5.0,393,-2.901852896986412,False,-3.726082578046319,,-0.00615672559640789,False,False,独立池,35.89,0.0,21.36513074462995,28.748971166108117,1.0,0.0,28.75,Other
603682.SH,603682,锦和商管,20200421,,主板,L,195132428.84999996,28.999999999999982,未知,未知,,,9.03,,,7.8097,4.0664,426667.5,426667.5,241012377.59999993,False,1,1,False,False,9.73,6.63,3.9125431530494748,28.449502133712645,-7.194244604316557,False,28.999999999999982,1.410939133031408,38.7691,-127.1269,-1430620.32,-15.6996,,,-217726541.35999998,,1.3061,0,426667.5,241012377.59999993,1.0,1.5,PASS,False,0.4444444444444444,38.7691,-127.1269,1.0,38.7691,ESP-Q,,7.8097,1.3061,,99.46392506573181,0.0,0.0,9.03,9.73,False,0,86.02520045819016,CHASE,0.9097859327217125,1,1,75.0,393,27.235685882744686,True,3.9125431530494748,,0.029081786510866094,True,False,独立池,38.7691,0.0,21.40719487601579,67.5889991126602,0.7,0.0,47.31,Other
002736.SZ,002736,国信证券,20141229,,主板,L,478979428.3500001,-14.462809917355369,未知,未知,,,10.35,9.5732,9.7711,1.0569,0.4112,10600204.0671,9948864.4052,416497960.59999996,True,0,0,False,False,12.35,10.3,-4.255319148936176,-17.66109785202864,-16.194331983805665,False,-14.462809917355369,1.410939133031408,-9.62,35.04,2101755000.0,99.8597,,,27656589000.0,378.5063,1.5494,0,10600204.0671,416497960.59999996,1.0,1.5,PASS,False,0.4444444444444444,-9.62,35.04,1.0,-10.62,,9.5732,1.0569,1.5494,,99.46392506573181,0.0,0.0,10.35,12.35,False,0,77.20504009163804,,0.04357798165137615,0,0,5.0,393,-16.227124034610664,False,-4.255319148936176,,0.011447930946698255,False,False,独立池,-10.62,0.0,20.68561188430712,29.798634404352836,1.0,0.0,29.8,Other
603345.SH,603345,安井食品,20170222,,主板,L,586626649.45,5.7489451476793185,未知,未知,,,100.25,24.5816,21.8685,2.0812,1.8824,3341221.5433,2940274.6758,540413422.5999999,False,1,1,False,False,112.5,91.61,-2.7643064985450994,7.1390402906914785,-10.888888888888893,False,5.7489451476793185,1.410939133031408,53.04,-8.49,524970309.8,93.2188,,,3239782900.2599998,142.972,3.5703,0,3341221.5433,540413422.5999999,1.0,1.5,PASS,False,0.4444444444444444,53.04,-8.49,1.0,53.04,ESP-Q,24.5816,2.0812,3.5703,0.4634539969834088,99.46392506573181,0.0,0.0,100.25,112.5,False,0,73.25315005727376,,0.6192660550458715,0,1,40.0,393,3.984631030424024,False,-2.7643064985450994,,0.009131989590562559,False,False,独立池,53.04,0.0,21.615695106155137,46.299084038413156,0.7,0.0,32.41,Other
603016.SH,603016,新宏泰,20160701,,主板,L,363982231.7,12.43500866551126,未知,未知,,,51.9,120.749,138.7039,9.0864,5.2475,768950.4,768950.4,270024028.1999999,True,3,1,False,True,61.36,43.5,-1.25570776255709,46.52738565782042,-15.41720990873533,False,12.43500866551126,1.410939133031408,-50.91,-18.19,6512768.32,98.4246,,,135270908.15,-191.2197,0.7845,0,768950.4,270024028.1999999,1.0,1.5,PASS,False,0.4444444444444444,-50.91,-18.19,1.0,-51.91,ESP-Q,120.749,9.0864,0.7845,,99.46392506573181,0.0,0.0,51.9,61.36,True,0,85.6815578465063,,0.7522935779816514,1,1,100.0,393,10.670694548255966,True,-1.25570776255709,突破型,0.012665614439249311,False,False,独立池,-51.91,0.0,20.0823580949558,79.72093897294305,0.7,0.0,55.8,Tier2
601858.SH,601858,中国科传,20170118,,主板,L,381310930.8000001,32.50352278064821,未知,未知,,,28.21,46.0822,45.8221,3.9077,3.5354,2230000.5,2230000.5,637432898.8,True,1,1,False,False,31.3,20.92,1.4383315354189241,32.31707317073172,-9.87220447284345,False,32.50352278064821,1.410939133031408,-14.78,5.74,29871212.55,79.6411,,,983885628.55,-922.3331,0.659,0,2230000.5,637432898.8,1.0,1.5,PASS,False,0.4444444444444444,-14.78,5.74,1.0,-15.78,ESP-Q,46.0822,3.9077,0.659,,99.46392506573181,0.0,0.0,28.21,31.3,False,0,73.25315005727376,CHASE,0.926605504587156,1,1,100.0,393,30.739208663392915,True,1.4383315354189241,,0.012175587804632857,True,False,独立池,-15.78,0.0,20.610223423346767,76.09798970185147,0.7,0.0,53.27,Tier2
603239.SH,603239,浙江仙通,20161230,,主板,L,156382905.6,-1.581356637536424,未知,未知,,,23.65,28.8526,31.3383,4.6527,2.8556,640252.8,640252.8,180012283.8,True,0,0,False,False,26.48,22.51,-5.889375248706729,-4.328478964401294,-10.687311178247738,False,-1.581356637536424,1.410939133031408,-25.25,31.79,48966049.28,99.7535,,,522810277.88,-62.0965,3.6335,0,640252.8,180012283.8,1.0,1.5,PASS,False,0.4444444444444444,-25.25,31.79,1.0,-26.25,ESP-Q,28.8526,4.6527,3.6335,,99.46392506573181,0.0,0.0,23.65,26.48,False,0,50.0,COV-LOW,0.386085626911315,0,0,5.0,393,-3.3456707547917186,False,-5.889375248706729,,0.004097998203233701,False,False,独立池,-26.25,0.0,20.457254976398154,21.59145099527963,0.7,0.0,15.11,Other
603186.SH,603186,华正新材,20170103,,主板,L,1382154906.85,38.51750171585451,未知,未知,,,100.91,57.1773,54.7022,6.8156,11.8475,1582173.1171,1582173.1171,1842894716.2,False,1,1,False,False,110.98,66.5,13.369284350073007,39.474775397373875,-9.073706974229601,False,38.51750171585451,1.410939133031408,102.89,155.3676,29184725.4,94.3849,,,178790671.88,193.5797,1.5185,0,1582173.1171,1842894716.2,1.0,1.5,PASS,False,0.4444444444444444,102.89,155.3676,1.0,102.89,,57.1773,6.8156,1.5185,0.555712897268928,99.46392506573181,0.0,0.0,100.91,110.98,False,0,93.92898052691866,CHASE,0.9510703363914373,1,1,75.0,393,36.75318759859921,True,13.369284350073007,OVERHEAT,0.0073428123302822865,True,True,独立池,102.89,0.0,22.344011923766256,70.14749654282885,1.0,0.0,70.15,Tier2
603716.SH,603716,塞力医疗,20161031,,主板,L,268883999.1499999,-13.443983402489634,未知,未知,,,20.86,,,4.2715,4.5111,470999.5462,470999.5462,228870938.79999998,False,0,0,False,False,24.5,20.35,-1.8814675446848672,-7.040998217468819,-14.857142857142858,False,-13.443983402489634,1.410939133031408,37.7837,-62.0582,-17708792.54,,,,-339160668.26,,-1.7777,0,470999.5462,228870938.79999998,1.0,1.5,PASS,False,0.4444444444444444,37.7837,-62.0582,1.0,37.7837,ESP-Q,,4.2715,-1.7777,,99.46392506573181,0.0,0.0,20.86,24.5,False,0,53.379152348224515,,0.05504587155963303,0,0,5.0,393,-15.208297519744928,False,-1.8814675446848672,,0.0012543312067930675,False,False,独立池,37.7837,0.0,21.39279801759906,22.792305307987167,0.7,0.0,15.95,Other
603888.SH,603888,新华网,20161028,,主板,L,201969323.9,-0.5991013479780372,未知,未知,,,19.91,40.8054,40.7169,3.5304,1.8261,1343403.6925,1343403.6925,233621020.8,False,0,0,False,False,21.18,19.74,-4.918815663801346,-19.55555555555556,-5.996222851746924,False,-0.5991013479780372,1.410939133031408,44.77,-24.62,31894873.01,81.0091,,,497561651.1,-222.7601,1.0406,0,1343403.6925,233621020.8,1.0,1.5,PASS,False,0.4444444444444444,44.77,-24.62,1.0,44.77,ESP-Q,40.8054,3.5304,1.0406,0.9114451641724368,99.46392506573181,0.0,0.0,19.91,21.18,False,0,88.31615120274914,,0.4258409785932722,0,0,5.0,393,-2.3634154652333317,False,-4.918815663801346,,0.019437931641861896,False,False,独立池,44.77,0.0,21.494869026282643,33.29381916608127,0.7,0.0,23.31,Other
603416.SH,603416,信捷电气,20161221,,主板,L,194995803.1,30.09334415584415,未知,未知,,,64.11,39.6361,38.3741,3.6557,7.5148,1007415.7762,892699.695,405223093.2,True,0,0,False,False,64.88,49.08,-0.24894974327057673,14.420845975370344,-1.1868064118372268,False,30.09334415584415,1.410939133031408,9.92,16.4,44505205.55,81.8596,,,564203779.7,-40.687,1.9887,0,1007415.7762,405223093.2,1.0,1.5,PASS,False,0.4444444444444444,9.92,16.4,1.0,9.92,ESP-Q,39.6361,3.6557,1.9887,3.9955745967741936,99.46392506573181,0.0,0.0,64.11,64.88,False,0,84.65063001145475,CHASE,0.9174311926605505,1,1,100.0,393,28.329030038588854,True,-0.24894974327057673,OVERHEAT,0.014633025609843071,True,True,独立池,9.92,0.0,20.985704711463235,79.59232994572908,0.7,0.0,55.71,Tier2
603505.SH,603505,金石资源,20170503,,主板,L,316562372.3000001,15.67291311754686,未知,未知,,,20.37,52.6297,53.5513,9.0402,5.6673,1714479.3721,1714479.3721,457592738.0,True,1,1,False,False,20.37,16.89,6.4819654992158915,6.315240083507301,0.0,False,15.67291311754686,1.410939133031408,-9.49,23.63,62348152.08,101.7767,,,742491216.22,173.1532,3.2843,0,1714479.3721,457592738.0,1.0,1.5,PASS,False,0.4444444444444444,-9.49,23.63,1.0,-10.49,,52.6297,9.0402,3.2843,,99.46392506573181,0.0,0.0,20.37,20.37,False,0,94.95990836197021,CHASE,0.8035168195718655,1,1,100.0,393,13.908599000291566,True,6.4819654992158915,,0.05366533419374897,True,False,独立池,-10.49,0.0,20.68751120599798,82.62547474979065,1.0,0.0,82.63,Tier2
002824.SZ,002824,和胜股份,20170112,,主板,L,683630732.0,-12.862930452397038,未知,未知,,,25.81,51.8601,47.9656,3.4408,4.372,803152.5809,583760.5915,498415421.40000004,True,2,1,False,False,31.83,24.73,-8.669497523000713,11.106328024106759,-18.912975180647184,False,-12.862930452397038,1.410939133031408,160.02,103.07,22439092.1,91.2522,,,297118948.34000003,1054.165,1.0597,0,803152.5809,498415421.40000004,1.0,1.5,PASS,False,0.4444444444444444,160.02,103.07,1.0,160.02,,51.8601,3.4408,1.0597,0.3240851143607049,99.46392506573181,0.0,0.0,25.81,31.83,True,0,88.43069873997709,,0.06116207951070336,0,0,5.0,393,-14.627244569652332,False,-8.669497523000713,,-0.008495262165423196,False,False,独立池,160.02,0.0,23.178690756065617,33.66494777320625,1.0,0.0,33.66,Other
603203.SH,603203,快克智能,20161108,,主板,L,490576472.7499999,53.167788349965186,未知,未知,,,66.0,120.9723,112.2797,11.1697,8.1555,1674163.3788,1644411.8988,941460450.4000001,True,3,2,False,True,68.96,42.66,29.793510324483762,74.28043306047003,-4.2923433874709875,False,53.167788349965186,1.410939133031408,31.04,-26.77,76728233.47,99.5547,,,493755114.84000003,61.4577,5.2968,0,1674163.3788,941460450.4000001,1.0,1.5,PASS,False,0.4444444444444444,31.04,-26.77,1.0,31.04,ESP-Q,120.9723,11.1697,5.2968,3.8973034793814434,99.46392506573181,0.0,0.0,66.0,68.96,False,0,93.35624284077892,CHASE,0.9801223241590215,1,1,100.0,393,51.40347423270989,True,29.793510324483762,突破型|OVERHEAT,0.012768194216037511,True,True,独立池,31.04,0.0,21.29427143539396,82.26572713931247,0.7,0.0,57.59,Tier2
601229.SH,601229,上海银行,20161116,,主板,L,502657040.7999999,-3.9473684210526327,未知,未知,,,9.49,5.5736,5.564,0.5329,0.346,13484357.9529,13484357.9529,550539362.0,True,0,0,False,False,9.97,9.18,2.8169014084507005,-3.850050658561288,-4.81444332998997,False,-3.9473684210526327,1.410939133031408,1.11,2.56,6333184000.0,99.9931,,,61909765000.0,-1.761,2.4396,0,13484357.9529,550539362.0,1.0,1.5,PASS,False,0.4444444444444444,1.11,2.56,1.0,0.1100000000000001,ESP-Q,5.5736,0.5329,2.4396,5.021261261261261,99.46392506573181,0.0,0.0,9.49,9.97,False,0,73.25315005727376,,0.3073394495412844,0,0,5.0,393,-5.711682538307928,False,2.8169014084507005,,-0.017959078930177143,False,False,独立池,0.1100000000000001,0.0,20.842378974637455,28.64442081210962,0.7,0.0,20.05,Other
600919.SH,600919,江苏银行,20160802,,主板,L,880995435.55,2.100456621004576,未知,未知,,,11.18,5.9467,5.8116,0.7765,0.4395,20516780.7496,20516780.7496,856766003.1999999,True,0,0,False,False,11.46,10.79,-1.5845070422535135,7.190795781399806,-2.443280977312401,False,2.100456621004576,1.410939133031408,8.53,9.41,10522407000.0,99.4363,,,95617449000.0,2282.9471,3.1026,0,20516780.7496,856766003.1999999,1.0,1.5,PASS,False,0.4444444444444444,8.53,9.41,1.0,8.53,,5.9467,0.7765,3.1026,0.6971512309495898,99.46392506573181,10.0,0.0,11.18,11.46,False,0,73.25315005727376,,0.5068807339449541,0,0,5.0,393,0.33614250374928156,False,-1.5845070422535135,,0.019398563675512757,False,False,独立池,8.53,0.0,20.965396579537867,28.669024333089702,1.0,0.0,38.67,Other
002807.SZ,002807,江阴银行,20160902,,主板,L,175806332.15,-3.05010893246187,未知,未知,,,4.45,5.3444,5.3212,0.5488,1.3319,1095319.7911,1093584.9426,116509890.4,False,0,0,False,False,4.82,4.42,-0.6696428571428603,-5.720338983050843,-7.676348547717849,False,-3.05010893246187,1.410939133031408,2.22,1.25,362497000.0,98.9321,,,4421928000.0,-394.1831,1.8527,0,1095319.7911,116509890.4,1.0,1.5,PASS,False,0.4444444444444444,2.22,1.25,1.0,2.22,ESP-Q,5.3444,0.5488,1.8527,2.4073873873873874,99.46392506573181,0.0,0.0,4.45,4.82,True,0,77.20504009163804,,0.3425076452599388,0,0,5.0,393,-4.814423049717165,False,-0.6696428571428603,,-0.007038544109860548,False,False,独立池,2.22,0.0,20.87320642669682,29.836153312830778,0.7,0.0,20.89,Other
601128.SH,601128,常熟银行,20160930,,主板,L,322690120.74999994,0.5610098176718203,未知,未知,,,7.17,5.6358,5.4795,0.7422,1.4457,2377945.9133,2377945.9133,313218902.59999996,True,0,0,False,False,7.54,7.08,0.2797202797202747,-2.5815217391304435,-4.907161803713533,False,0.5610098176718203,1.410939133031408,13.74,10.02,1207617000.0,100.2906,,,10700949000.0,-375.4745,3.7548,0,2377945.9133,313218902.59999996,1.0,1.5,PASS,False,0.4444444444444444,13.74,10.02,1.0,13.74,ESP-Q,5.6358,0.7422,3.7548,0.41017467248908296,99.46392506573181,10.0,0.0,7.17,7.54,False,0,73.25315005727376,,0.4694189602446483,0,0,5.0,393,-1.2033042995834742,False,0.2797202797202747,,0.013165585255729612,False,False,独立池,13.74,0.0,21.041515548840856,28.684248126950298,0.7,0.0,30.08,Other
601997.SH,601997,贵阳银行,20160816,,主板,L,329037352.9,2.586206896551735,未知,未知,,,5.95,4.1443,4.1175,0.3296,1.5953,2175437.8552,2175437.8552,278338233.8,False,0,0,False,False,6.37,5.76,-0.5016722408026753,1.018675721561979,-6.593406593406592,False,2.586206896551735,1.410939133031408,3.89,3.82,1493829000.0,101.13,,,13144134000.0,846.8051,2.1056,0,2175437.8552,278338233.8,1.0,1.5,PASS,False,0.4444444444444444,3.89,3.82,1.0,3.89,,4.1443,0.3296,2.1056,1.0653727506426736,99.46392506573181,0.0,0.0,5.95,6.37,False,0,73.25315005727376,,0.5252293577981652,0,0,5.0,393,0.8218927792964403,False,-0.5016722408026753,,-0.008637980080493431,False,False,独立池,3.89,0.0,20.897605405340965,28.655466098250322,1.0,0.0,28.66,Other
600926.SH,600926,杭州银行,20161027,,主板,L,479804267.6,-4.456018518518512,未知,未知,,,16.51,6.2893,6.0947,0.8547,0.3544,11968103.2067,11968103.2067,492978613.8000001,True,0,0,False,False,17.59,16.45,-1.8430439952437538,0.6093845216331495,-6.1398521887436,False,-4.456018518518512,1.410939133031408,10.85,12.36,6615750000.0,99.8017,,,52757549000.0,-480.3575,3.9787,0,11968103.2067,492978613.8000001,1.0,1.5,PASS,False,0.4444444444444444,10.85,12.36,1.0,10.85,ESP-Q,6.2893,0.8547,3.9787,0.5796589861751152,99.46392506573181,10.0,0.0,16.51,17.59,False,0,73.25315005727376,,0.2897553516819572,0,0,5.0,393,-6.220332635773806,False,-1.8430439952437538,,0.01239161319358719,False,False,独立池,10.85,0.0,20.99929216663632,28.67580345050939,0.7,0.0,30.07,Other
601838.SH,601838,成都银行,20180131,,主板,L,419756116.75000006,7.6480736055204,未知,未知,,,18.72,5.9731,5.9087,0.8626,0.3962,7934350.9864,7934350.9864,340117511.59999996,True,0,0,False,False,19.25,17.12,-1.6806722689075682,13.661202185792343,-2.753246753246763,False,7.6480736055204,1.410939133031408,5.12,3.23,3145992000.0,99.6607,,,32443072000.0,1879.3863,3.1203,0,7934350.9864,340117511.59999996,1.0,1.5,PASS,False,0.4444444444444444,5.12,3.23,1.0,5.12,,5.9731,0.8626,3.1203,1.16662109375,99.46392506573181,10.0,0.0,18.72,19.25,False,0,73.25315005727376,,0.6605504587155964,0,1,55.0,393,5.883759488265106,True,-1.6806722689075682,,-0.011040507735106016,False,False,独立池,5.12,0.0,20.915575910569885,53.65906019929611,1.0,0.0,63.66,Tier2
603322.SH,603322,超讯通信,20160728,,主板,L,446409095.84999996,8.464805825242717,未知,未知,,,35.75,,,21.412,4.4938,563372.7957,563372.7957,305968300.8,True,1,0,False,False,39.7,30.84,-1.7587249244297887,-4.026845637583898,-9.949622166246863,False,8.464805825242717,1.410939133031408,-17.35,24.6232,41239059.9,98.98,,,124271432.77000001,-115.8194,17.1968,0,563372.7957,305968300.8,1.0,1.5,PASS,False,0.4444444444444444,-17.35,24.6232,1.0,-18.35,ESP-Q,,21.412,17.1968,,99.46392506573181,0.0,0.0,35.75,39.7,True,0,83.96334478808706,,0.672782874617737,0,1,55.0,393,6.700491707987423,True,-1.7587249244297887,,-0.0042251761301685085,False,False,独立池,-18.35,0.0,20.572675294535124,56.80353849533314,0.7,0.0,39.76,Other
603336.SH,603336,宏辉果蔬,20161124,,主板,L,291028506.79999995,30.65380493033225,未知,未知,,,12.19,416.5665,454.753,5.164,2.2978,742028.394,742028.394,203088334.20000002,True,1,0,False,False,13.26,9.2,-2.166934189406111,26.059979317476724,-8.069381598793369,False,30.65380493033225,1.410939133031408,-32.18,-44.68,2983132.64,99.1449,,,30410059.160000004,1738.3737,0.2095,0,742028.394,203088334.20000002,1.0,1.5,PASS,False,0.4444444444444444,-32.18,-44.68,1.0,-33.18,,416.5665,5.164,0.2095,,99.46392506573181,0.0,0.0,12.19,13.26,True,0,73.76861397479955,CHASE,0.9197247706422018,1,1,100.0,393,28.889490813076954,True,-2.166934189406111,,-0.007039891404903758,True,False,独立池,-33.18,0.0,20.356006520108384,76.20178549646154,1.0,0.0,76.2,Tier2
002833.SZ,002833,弘亚数控,20161228,,主板,L,164392724.5,21.268237934904597,未知,未知,,,21.61,21.2912,20.6675,3.0686,2.9832,916765.9095,622863.3163,207568727.0,True,0,0,False,False,22.52,17.77,-2.0842772995015912,17.190889370932737,-4.040852575488452,False,21.268237934904597,1.410939133031408,8.82,-20.84,116504736.0,80.2521,,,1020521178.38,90.3639,4.8777,0,916765.9095,207568727.0,1.0,1.5,PASS,False,0.4444444444444444,8.82,-20.84,1.0,8.82,ESP-Q,21.2912,3.0686,4.8777,2.413968253968254,99.46392506573181,10.0,0.0,21.61,22.52,False,0,78.69415807560138,CHASE,0.8608562691131498,1,1,100.0,393,19.5039238176493,True,-2.0842772995015912,,-0.01265214598306083,True,False,独立池,8.82,0.0,20.969633527925176,77.80217412826545,0.7,0.0,64.46,Tier2
603585.SH,603585,苏利股份,20161214,,主板,L,225884707.7,-27.19263115738887,未知,未知,,,18.18,18.4561,19.7477,1.286,1.9926,355683.7862,348129.9962,91033466.8,True,0,0,False,False,27.44,18.04,-4.164470216130733,-11.79039301310043,-33.7463556851312,False,-27.19263115738887,1.410939133031408,-33.76,1570.9951,22573025.3,104.8546,,,419013874.92,288.2548,0.7923,0,355683.7862,91033466.8,1.0,1.5,PASS,False,0.4444444444444444,-33.76,1570.9951,1.0,-34.76,,18.4561,1.286,0.7923,,99.46392506573181,0.0,0.0,18.18,27.44,True,0,54.86827033218786,,0.0030581039755351682,0,0,5.0,393,-28.956945274644166,False,-4.164470216130733,,-0.006197500765377829,False,False,独立池,-34.76,0.0,20.332922456480993,23.02706559095256,1.0,0.0,23.03,Other
002831.SZ,002831,裕同科技,20161216,,主板,L,485306365.04999995,14.116675839295523,未知,未知,,,41.47,23.9731,23.9027,3.0949,1.6189,3817369.4845,2119047.3636,584129554.2,True,0,0,False,False,44.88,35.92,0.8511673151750943,36.279986855077226,-7.598039215686281,False,14.116675839295523,1.410939133031408,1.46,0.75,249916858.64,101.6817,,,3519413416.7,214.092,2.01,0,3817369.4845,584129554.2,1.0,1.5,PASS,False,0.4444444444444444,1.46,0.75,1.0,0.45999999999999996,,23.9731,3.0949,2.01,16.419931506849316,99.46392506573181,0.0,0.0,41.47,44.88,False,0,77.20504009163804,,0.7821100917431193,1,1,100.0,393,12.352361722040229,True,0.8511673151750943,,3.911803468940378e-05,False,False,独立池,0.45999999999999996,0.0,20.847492533035926,77.3310105340986,1.0,0.0,77.33,Tier2
603990.SH,603990,麦迪科技,20161208,,主板,L,228434369.80000004,9.162821357943308,未知,未知,,,16.56,129.5265,261.3276,6.0469,6.9612,507204.2025,507204.2025,281846710.59999996,True,0,0,False,False,16.75,14.38,2.4118738404452555,10.547396528704933,-1.134328358208958,False,9.162821357943308,1.410939133031408,26.27,102.2452,3190418.77,82.9475,,,22168044.009999998,-157.3603,0.4596,0,507204.2025,281846710.59999996,1.0,1.5,PASS,False,0.4444444444444444,26.27,102.2452,1.0,26.27,ESP-Q,129.5265,6.0469,0.4596,4.93058622002284,99.46392506573181,0.0,0.0,16.56,16.75,False,0,80.52691867124857,,0.6903669724770642,0,1,55.0,393,7.398507240688014,True,2.4118738404452555,,0.0063507220893741926,False,False,独立池,26.27,0.0,21.2245809395062,55.90299178927581,0.7,0.0,39.13,Other
603966.SH,603966,法兰泰克,20170125,,主板,L,162879389.14999998,-4.642857142857149,未知,未知,,,13.35,22.7782,21.0004,2.5064,2.8058,534418.1434,533151.4286,147623161.20000002,False,0,0,False,False,14.9,13.01,-7.612456747404838,2.142310635042066,-10.402684563758392,False,-4.642857142857149,1.410939133031408,75.44,27.83,51096497.73,94.1751,,,516223587.09,-153.4223,2.5827,0,534418.1434,147623161.20000002,1.0,1.5,PASS,False,0.4444444444444444,75.44,27.83,1.0,75.44,ESP-Q,22.7782,2.5064,2.5827,0.30193796394485684,99.46392506573181,0.0,0.0,13.35,14.9,False,0,84.65063001145475,,0.28134556574923547,0,0,5.0,393,-6.4071712601124435,False,-7.612456747404838,,0.008854641623257711,False,False,独立池,75.44,0.0,21.942962843657426,32.28378157216791,0.7,0.0,22.6,Other
603833.SH,603833,欧派家居,20170328,,主板,L,153847859.0,-9.81363996827913,未知,未知,,,45.49,13.8776,15.0305,1.4979,1.0251,2771036.392,2771036.392,196090728.20000002,False,0,0,False,False,51.42,44.22,-6.206185567010303,-25.91205211726384,-11.53247763516142,False,-9.81363996827913,1.410939133031408,-59.2,-25.29,108495396.3,70.0934,,,4493178503.81,-198.3856,0.8212,0,2771036.392,196090728.20000002,1.0,1.5,PASS,False,0.4444444444444444,-59.2,-25.29,1.0,-60.2,ESP-Q,13.8776,1.4979,0.8212,,99.46392506573181,0.0,0.0,45.49,51.42,False,0,73.25315005727376,,0.12538226299694188,0,0,5.0,393,-11.577954085534424,False,-6.206185567010303,,0.0023537063684754486,False,False,独立池,-60.2,0.0,19.96123981174625,28.468192979531377,0.7,0.0,19.93,Other
002837.SZ,002837,英维克,20161229,,主板,L,5787344868.049999,-4.57696325135315,未知,未知,,,100.49,188.1974,203.5449,28.3736,5.0403,9822300.3985,8710018.744,5569317561.4,True,0,0,False,False,121.74,92.16,-1.6346906812842565,-3.207474475052974,-17.45523246262527,False,-4.57696325135315,1.410939133031408,-87.1,17.22,5392856.48,62.2904,,,1094847838.71,-6099.3714,0.2507,0,9822300.3985,5569317561.4,1.0,1.5,PASS,False,0.4444444444444444,-87.1,17.22,1.0,-88.1,ESP-Q,188.1974,28.3736,0.2507,,99.46392506573181,0.0,0.0,100.49,121.74,False,0,80.52691867124857,,0.28593272171253825,0,0,5.0,393,-6.341277368608445,False,-1.6346906812842565,,-0.02265100334474913,False,False,独立池,-88.1,0.0,19.55361615655367,30.568798832685303,0.7,0.0,21.4,Other
002841.SZ,002841,视源股份,20170119,,主板,L,238057913.75,11.719197707736395,未知,未知,,,38.99,26.7776,24.7067,2.074,1.2046,2713768.509,2025143.5554,253224408.0,True,0,0,False,False,39.98,34.2,-0.38323965252937686,0.9580528223718465,-2.476238119059515,False,11.719197707736395,1.410939133031408,82.52,-10.07,190248141.16,77.0548,,,1909308135.4099998,-395.9011,1.8342,0,2713768.509,253224408.0,1.0,1.5,PASS,False,0.4444444444444444,82.52,-10.07,1.0,82.52,ESP-Q,26.7776,2.074,1.8342,0.3244983034415899,99.46392506573181,0.0,0.0,38.99,39.98,False,0,90.60710194730814,,0.7392966360856269,1,1,100.0,393,9.954883590481101,True,-0.38323965252937686,,0.0021450539521467964,False,False,独立池,82.52,0.0,22.046402824975114,81.59141114918746,0.7,0.0,57.11,Tier2
603637.SH,603637,镇海股份,20170208,,主板,L,232774083.55,21.861777150916794,未知,未知,,,17.28,62.3793,70.7338,3.9512,3.9131,412449.1955,412449.1955,172850594.60000002,False,1,0,False,False,18.8,13.84,-4.793388429752055,31.00833965125096,-8.085106382978724,False,21.861777150916794,1.410939133031408,,-30.85,,,,,124730486.13,,-0.1802,0,412449.1955,172850594.60000002,1.0,1.5,PASS,False,0.4444444444444444,,-30.85,1.0,0.0,DATA-INC,62.3793,3.9512,-0.1802,,99.46392506573181,0.0,0.0,17.28,18.8,True,0,86.8270332187858,CHASE,0.867737003058104,1,1,75.0,393,20.097463033661498,True,-4.793388429752055,,-0.0002716218514717323,True,False,独立池,0.0,0.0,20.84077185628365,67.71626433689246,1.0,0.0,67.72,Tier2
603218.SH,603218,日月股份,20161228,,主板,L,211814590.95000002,-10.63829787234043,未知,未知,,,12.6,23.4615,25.0887,1.2446,1.5873,1298229.975,1295325.675,240749278.4,True,0,0,False,False,14.86,12.4,-2.5522041763341052,-9.221902017291072,-15.208613728129205,False,-10.63829787234043,1.410939133031408,-28.95,56.77,74793612.24,88.1097,,,1259808150.79,60.5896,0.8172,0,1298229.975,240749278.4,1.0,1.5,PASS,False,0.4444444444444444,-28.95,56.77,1.0,-29.95,,23.4615,1.2446,0.8172,,99.46392506573181,0.0,0.0,12.6,14.86,False,0,88.65979381443299,,0.10474006116207951,0,0,5.0,393,-12.402611989595725,False,-2.5522041763341052,,0.012660762129639154,False,False,独立池,-29.95,0.0,20.403197359042867,33.17857761613847,1.0,0.0,33.18,Other
603823.SH,603823,百合花,20161220,,主板,L,158374736.55000004,35.5350066050198,未知,未知,,,20.52,51.1816,52.0707,3.4116,4.5592,854386.5286,854386.5286,314105008.8,False,0,0,False,False,21.72,15.11,13.495575221238942,11.582381729200652,-5.524861878453036,False,35.5350066050198,1.410939133031408,-10.63,0.81,39849658.77,92.8064,,,422813473.55,133.9827,1.7294,0,854386.5286,314105008.8,1.0,1.5,PASS,False,0.4444444444444444,-10.63,0.81,1.0,-11.63,,51.1816,3.4116,1.7294,,99.46392506573181,0.0,0.0,20.52,21.72,False,0,50.0,COV-LOW,0.9426605504587156,1,1,75.0,393,33.77069248776451,True,13.495575221238942,OVERHEAT,-0.007094856137770219,True,True,独立池,-11.63,0.0,20.670855615785808,56.63417112315716,1.0,0.0,56.63,Tier2
002960.SZ,002960,青鸟智控,20190809,,主板,L,202878616.8,-19.999999999999996,未知,未知,,,9.8,32.3091,32.7431,1.6777,2.0301,1032659.9335,948856.5124,189833108.0,True,0,0,False,False,12.68,9.71,-4.854368932038833,-14.634146341463417,-22.71293375394321,False,-19.999999999999996,1.410939133031408,-25.6,-8.68,47454730.2,73.3359,,,724000511.23,-349.8696,1.0196,0,1032659.9335,189833108.0,1.0,1.5,PASS,False,0.4444444444444444,-25.6,-8.68,1.0,-26.6,ESP-Q,32.3091,1.6777,1.0196,,99.46392506573181,0.0,0.0,9.8,12.68,False,0,77.20504009163804,,0.016819571865443424,0,0,5.0,393,-21.764314117255292,False,-4.854368932038833,,-0.018248132886400422,False,False,独立池,-26.6,0.0,20.452141417999684,29.75194031109135,0.7,0.0,20.83,Other
603638.SH,603638,艾迪精密,20170120,,主板,L,234005388.09999996,29.1646070192783,未知,未知,,,26.13,55.1631,49.0147,5.9619,1.945,2171635.0605,2171635.0605,279908596.0,True,0,0,False,False,26.86,20.16,2.270058708414857,12.387096774193541,-2.717795979151161,False,29.1646070192783,1.410939133031408,46.53,13.32,127519890.36,84.2052,,,970725135.62,5.0329,4.0409,0,2171635.0605,279908596.0,1.0,1.5,PASS,False,0.4444444444444444,46.53,13.32,1.0,46.53,,55.1631,5.9619,4.0409,1.185538362346873,99.46392506573181,0.0,0.0,26.13,26.86,False,0,73.25315005727376,CHASE,0.9105504587155964,1,1,100.0,393,27.400292902023004,True,2.270058708414857,OVERHEAT,-0.026770920232988937,True,True,独立池,46.53,0.0,21.520582919943536,76.28006160117084,1.0,0.0,76.28,Tier2
601020.SH,601020,华钰矿业,20160316,,主板,L,1128258254.5,-5.131761442441052,工业金属,未知,801055.SI,240000,27.36,25.7648,26.2195,5.2171,3.6017,2243423.4137,2243423.4137,924152824.8,False,0,0,False,False,34.08,27.1,-9.403973509933772,-12.53196930946292,-19.718309859154925,False,-5.131761442441052,1.410939133031408,-28.61,78.72,33216155.86,108.7002,,,1026033106.12,-459.3285,0.7084,0,2243423.4137,924152824.8,1.0,1.5,PASS,False,0.2222222222222222,-28.61,78.72,-28.61,-14.305,ESP-Q,25.7648,5.2171,0.7084,,25.102225,0.0,0.0,27.36,34.08,False,0,72.16494845360825,,0.5,0,0,0.0,2,-4.318345124287326,False,-9.403973509933772,TIER2_FORCED,-0.0029930006273962417,False,False,全市场,-14.305,-0.7673218135002852,22.0,26.049484536082474,0.7,0.0,18.23,Tier2
603039.SH,603039,DR泛微网,20170113,,主板,L,499631308.1,8.064516129032251,未知,未知,,,46.9,41.6484,37.029,4.5409,4.7484,1202356.329,1202356.329,470428029.6,True,0,0,False,False,49.99,41.89,-5.538771399798592,-9.98080614203456,-6.181236247249455,False,8.064516129032251,1.410939133031408,109.45,60.52,49863193.45,80.2552,,,461246303.53,-222.6362,2.4492,0,1202356.329,470428029.6,1.0,1.5,PASS,False,0.4444444444444444,109.45,60.52,1.0,109.45,ESP-Q,41.6484,4.5409,2.4492,0.3805244403837369,99.46392506573181,0.0,0.0,46.9,49.99,False,0,84.65063001145475,,0.6674311926605505,0,1,55.0,393,6.300202011776957,True,-5.538771399798592,,0.009239330402994921,False,False,独立池,109.45,0.0,22.4398546183205,57.38315992710052,0.7,0.0,40.17,Other
603037.SH,603037,凯众股份,20170120,,主板,L,151673123.95000002,4.141208418194164,未知,未知,,,15.34,55.6448,58.0077,4.1216,9.7054,409457.2742,408266.6448,279323596.59999996,True,1,1,False,False,15.62,13.33,8.028169014084519,-11.12398609501739,-1.7925736235595346,False,4.141208418194164,1.410939133031408,-17.85,-18.98,9970381.18,104.6762,,,149744826.89,-254.9091,0.9317,1,409457.2742,279323596.59999996,1.0,1.5,PASS,False,0.4444444444444444,-17.85,-18.98,1.0,-18.85,ESP-Q,55.6448,4.1216,0.9317,,99.46392506573181,0.0,0.0,15.34,15.62,False,10,50.0,COV-LOW,0.5680428134556575,0,1,55.0,393,2.37689430093887,False,8.028169014084519,OVERHEAT,0.03441718024665158,False,True,独立池,-18.85,0.0,20.565370211108732,46.61307404222175,0.7,10.0,22.63,Other
603626.SH,603626,科森科技,20170209,,主板,L,1013454589.8500001,6.016597510373445,未知,未知,,,25.55,,110.9438,6.2254,8.0826,1417717.608,1417717.608,1047912601.0000001,True,0,0,False,False,28.84,21.88,-7.494569152787833,-4.127579737335829,-11.407766990291258,False,6.016597510373445,1.410939133031408,6.4273,0.7023,-87584451.48,-22.7213,,,-844043966.88,-13.9918,18.4742,0,1417717.608,1047912601.0000001,1.0,1.5,PASS,False,0.4444444444444444,6.4273,0.7023,1.0,6.4273,ESP-Q,,6.2254,18.4742,,99.46392506573181,0.0,0.0,25.55,28.84,False,0,88.43069873997709,,0.6253822629969419,0,1,55.0,393,4.25228339311815,False,-7.494569152787833,,-0.014850704152235574,False,False,独立池,6.4273,0.0,20.934675781696527,58.216144778332435,0.7,0.0,40.75,Other
002850.SZ,002850,科达利,20170302,,主板,L,1195600278.95,4.077046548956664,未知,未知,,,194.52,30.407,29.1856,3.9234,3.5405,5363890.3227,3872480.3897,1115387651.2,True,1,0,False,False,215.99,182.33,-0.8966782147951879,8.615779775531852,-9.94027501273207,False,4.077046548956664,1.410939133031408,27.19,19.96,448908745.72,97.3486,,,4029944524.37,43.5007,3.3842,0,5363890.3227,1115387651.2,1.0,1.5,PASS,False,0.4444444444444444,27.19,19.96,1.0,27.19,,30.407,3.9234,3.3842,1.1183155571901433,99.46392506573181,0.0,0.0,194.52,215.99,False,0,87.39977090492555,,0.5665137614678899,0,1,55.0,393,2.3127324317013698,False,-0.8966782147951879,,-0.011780137393844418,False,False,独立池,27.19,0.0,21.238022293010758,57.96753573007982,1.0,0.0,57.97,Tier2
603040.SH,603040,新坐标,20170209,,主板,L,176110271.8,3.0966297724163816,未知,未知,,,82.9,42.3909,42.5004,7.2739,2.7999,1131219.3778,1125318.9703,208464165.79999998,True,1,1,False,False,87.18,74.0,1.7552473303056315,-22.15231477134002,-4.909382885983026,False,3.0966297724163816,1.410939133031408,0.15,31.63,62181248.17,94.0301,,,641641168.56,70.393,4.3292,0,1131219.3778,208464165.79999998,1.0,1.5,PASS,False,0.4444444444444444,0.15,31.63,1.0,-0.85,,42.3909,7.2739,4.3292,282.60600000000005,99.46392506573181,0.0,0.0,82.9,87.18,False,0,31.958762886597935,CAT-0,0.5420489296636085,0,1,55.0,393,1.332315655161087,False,1.7552473303056315,,0.0009419845090870492,False,False,独立池,-0.85,0.0,20.828353214458787,41.25329950887114,0.5,0.0,20.63,Other
002867.SZ,002867,周大生,20170427,,主板,L,199055921.44999996,-3.218390804597704,未知,未知,,,12.63,12.4268,11.9784,2.0235,0.9146,1370953.5269,1362899.2635,126663877.39999999,False,1,1,False,False,13.97,12.11,-4.53514739229025,-2.244582043343646,-9.591982820329271,False,-3.218390804597704,1.410939133031408,16.14,7.52,280896916.37,95.7341,,,2776691804.41,-52.7976,4.4264,0,1370953.5269,126663877.39999999,1.0,1.5,PASS,False,0.4444444444444444,16.14,7.52,1.0,16.14,ESP-Q,12.4268,2.0235,4.4264,0.7699380421313506,99.46392506573181,10.0,0.0,12.63,13.97,True,0,80.29782359679267,,0.3363914373088685,0,0,5.0,393,-4.982704921852998,False,-4.53514739229025,,0.002607373357532806,False,False,独立池,16.14,0.0,21.07657994928753,30.80466306889531,0.7,0.0,31.56,Other
603032.SH,603032,德新科技,20170105,,主板,L,432133623.0500001,12.512413108242292,未知,未知,,,22.66,124.1843,76.8827,4.5186,6.2523,528493.2884,524948.4486,438333002.2,False,1,0,False,False,26.48,19.45,-14.16666666666666,18.4526921066388,-14.425981873111782,False,12.512413108242292,1.410939133031408,1790.5064,121.9633,24917498.04,99.2396,,,113609526.75999999,82.5977,2.1718,0,528493.2884,438333002.2,1.0,1.5,PASS,False,0.4444444444444444,1790.5064,121.9633,1.0,1790.5064,,124.1843,4.5186,2.1718,0.06935708244326856,99.46392506573181,0.0,0.0,22.66,26.48,False,0,73.25315005727376,,0.7545871559633027,1,1,75.0,393,10.748098990986998,True,-14.16666666666666,,-0.013414869210968164,False,False,独立池,1790.5064,0.0,47.00036911125538,68.8760188394332,1.0,0.0,68.88,Tier2
000166.SZ,000166,申万宏源,20150126,,主板,L,379097477.0,-4.421052631578948,未知,未知,,,4.54,11.9574,11.4993,0.9917,0.5819,11368134.8302,10231120.3215,496653764.00000006,True,0,0,False,False,4.82,4.52,-4.821802935010478,-11.154598825831707,-5.809128630705396,False,-4.421052631578948,1.410939133031408,19.21,85.99,2325276776.03,98.6933,,,23924788385.1,273.2933,2.0829,0,11368134.8302,496653764.00000006,1.0,1.5,PASS,False,0.4444444444444444,19.21,85.99,1.0,19.21,,11.9574,0.9917,2.0829,0.6224570536179073,99.46392506573181,0.0,0.0,4.54,4.82,False,0,73.25315005727376,,0.29281345565749234,0,0,5.0,393,-6.185366748834243,False,-4.821802935010478,,-0.015606123356317196,False,False,独立池,19.21,0.0,21.121433161525566,28.70023164948724,1.0,0.0,28.7,Other
002847.SZ,002847,盐津铺子,20170208,,主板,L,186779921.74999997,1.6518424396442022,未知,未知,,,56.0,20.4055,19.067,7.0374,1.1508,1527174.2024,1376039.0728,192393115.8,True,1,1,False,False,61.2,53.63,-0.1070281840884757,-18.236238866987875,-8.496732026143794,False,1.6518424396442022,1.410939133031408,30.45,25.86,203847025.41,88.3438,,,1806631327.27,125.2097,10.7253,0,1527174.2024,192393115.8,1.0,1.5,PASS,False,0.4444444444444444,30.45,25.86,1.0,30.45,,20.4055,7.0374,10.7253,0.6701313628899835,99.46392506573181,10.0,0.0,56.0,61.2,False,0,84.65063001145475,,0.4969418960244648,0,0,5.0,393,-0.11247167761109234,False,-0.1070281840884757,,0.004860880427487202,False,False,独立池,30.45,0.0,21.285651436950822,32.15231929082659,1.0,0.0,42.15,Other
603217.SH,603217,元利科技,20190620,,主板,L,169546832.1,26.73692427790788,未知,未知,,,32.47,34.9863,32.6029,1.9512,4.8416,675660.4372,675660.4372,184675137.79999998,True,0,0,False,False,33.24,25.45,10.367097212780418,24.025974025974016,-2.3164861612515186,False,26.73692427790788,1.410939133031408,30.53,-6.57,58327759.25,96.0704,,,498529663.57000005,-144.618,1.7692,0,675660.4372,184675137.79999998,1.0,1.5,PASS,False,0.4444444444444444,30.53,-6.57,1.0,30.53,ESP-Q,34.9863,1.9512,1.7692,1.1459646249590567,99.46392506573181,0.0,0.0,32.47,33.24,False,0,50.0,COV-LOW,0.8998470948012233,1,1,100.0,393,24.972610160652586,True,10.367097212780418,OVERHEAT,-0.0007183965618332215,True,True,独立池,30.53,0.0,21.286820250299044,69.2573640500598,0.7,0.0,48.48,Other
600996.SH,600996,贵广网络,20161226,,主板,L,276168173.4499999,-9.51859956236325,未知,未知,,,8.27,,,6.5716,1.959,1031103.4793,1031103.4793,230027182.20000002,False,0,0,False,False,9.83,8.15,-3.0480656506447823,-9.419496166484132,-15.86978636826043,False,-9.51859956236325,1.410939133031408,-1.39,-19.0158,-281453457.09,,,,-3169764038.83,,-15.6143,0,1031103.4793,230027182.20000002,1.0,1.5,PASS,False,0.4444444444444444,-1.39,-19.0158,1.0,-2.3899999999999997,,,6.5716,-15.6143,,99.46392506573181,0.0,0.0,8.27,9.83,False,0,90.60710194730814,,0.13226299694189603,0,0,5.0,393,-11.282913679618543,False,-3.0480656506447823,,0.008828303399410872,False,False,独立池,-2.3899999999999997,0.0,20.8058535575055,33.843301295693536,1.0,0.0,33.84,Other
603393.SH,603393,新天然气,20160912,,主板,L,322476177.4,-6.511770100886583,未知,未知,,,30.58,16.0662,22.5607,1.3761,2.2956,1296351.418,1294210.8302,293778184.40000004,False,0,0,False,False,34.56,29.23,0.8907951171230666,5.703422053231932,-11.51620370370371,False,-6.511770100886583,1.410939133031408,-58.96,-36.9,146926441.82,101.2425,,,2189332308.42,197.8538,1.5615,0,1296351.418,293778184.40000004,1.0,1.5,PASS,False,0.4444444444444444,-58.96,-36.9,1.0,-59.96,,16.0662,1.3761,1.5615,,99.46392506573181,0.0,0.0,30.58,34.56,False,0,73.25315005727376,,0.21712538226299694,0,0,5.0,393,-8.276084218141877,False,0.8907951171230666,,-0.002294213954215378,False,False,独立池,-59.96,0.0,19.964746251790917,28.46889426754031,1.0,0.0,28.47,Other
603960.SH,603960,克来机电,20170314,,主板,L,307681655.04999995,-4.605263157894745,未知,未知,,,23.2,220.5386,287.0284,5.403,3.9891,608299.128,608299.128,280029729.4,True,0,0,False,False,25.0,21.5,-1.6115351993214566,3.942652329749108,-7.200000000000006,False,-4.605263157894745,1.410939133031408,-62.26,-56.25,2305956.89,81.5987,,,53902802.75,968.8013,0.2513,0,608299.128,280029729.4,1.0,1.5,PASS,False,0.4444444444444444,-62.26,-56.25,1.0,-63.26,,220.5386,5.403,0.2513,,99.46392506573181,0.0,0.0,23.2,25.0,False,0,93.35624284077892,,0.28363914373088683,0,0,5.0,393,-6.369577275150039,False,-1.6115351993214566,,0.003999682176625885,False,False,独立池,-63.26,0.0,19.916532701176738,34.49017939246902,1.0,0.0,34.49,Other
603991.SH,603991,至正股份,20170308,,主板,L,347316753.09999996,14.280516645442965,未知,未知,,,125.64,,1031.7932,5.4581,3.7556,1918644.7964,936457.7149,343171280.4,True,0,0,False,False,129.87,105.64,-1.8820773135494018,47.51673124339555,-3.2571032571032554,False,14.280516645442965,1.410939133031408,446.2196,-170.9962,51191927.28,100.4481,,,-99432436.94,94.3882,1.4535,0,1918644.7964,343171280.4,1.0,1.5,PASS,False,0.4444444444444444,446.2196,-170.9962,1.0,446.2196,ESP-Q,,5.4581,1.4535,,99.46392506573181,0.0,0.0,125.64,129.87,False,0,78.80870561282933,,0.7836391437308868,1,1,100.0,393,12.516202528187671,True,-1.8820773135494018,,-0.022217562418023817,False,False,独立池,446.2196,0.0,27.360114665264717,79.11463461690174,0.7,0.0,55.38,Tier2
002875.SZ,002875,安奈儿,20170601,,主板,L,276988329.65000004,25.209643605870035,未知,未知,,,23.89,,,8.2381,4.5141,508897.3072,435844.3271,190815221.0,False,2,1,False,False,26.8,18.9,-5.38613861386138,35.430839002267575,-10.85820895522388,False,25.209643605870035,1.410939133031408,259.09,9.71,14062929.86,93.6576,,,-186306801.06,24.2476,2.4606,0,508897.3072,190815221.0,1.0,1.5,PASS,False,0.4444444444444444,259.09,9.71,1.0,259.09,,,8.2381,2.4606,,99.46392506573181,0.0,0.0,23.89,26.8,True,0,69.87399770904925,,0.8891437308868502,1,1,75.0,393,23.44532948861474,True,-5.38613861386138,,-0.023124360834528845,True,False,独立池,259.09,0.0,24.626119986170604,63.38742330994889,1.0,0.0,63.39,Tier2
603178.SH,603178,圣龙股份,20170328,,主板,L,549146471.4499999,43.326885880077384,未知,未知,,,22.23,,,4.5912,15.4214,525543.6115,525543.6115,555693477.1999999,True,4,1,False,True,23.19,15.46,10.432190760059612,26.522481502561178,-4.139715394566624,False,43.326885880077384,1.410939133031408,137.9126,-556.84,14218560.39,75.3201,,,-365170994.96,-77.1243,1.6516,0,525543.6115,555693477.1999999,1.0,1.5,PASS,False,0.4444444444444444,137.9126,-556.84,1.0,137.9126,ESP-Q,,4.5912,1.6516,,99.46392506573181,0.0,0.0,22.23,23.19,False,0,80.29782359679267,CHASE,0.9610091743119266,1,1,100.0,393,41.56257176282209,True,10.432190760059612,突破型|OVERHEAT,0.000925834165371784,True,True,独立池,137.9126,0.0,22.855697953384457,78.66048666971469,0.7,0.0,55.06,Tier2
603078.SH,603078,江化微,20170410,,主板,L,633657791.0499998,33.14260563380282,未知,未知,,,30.25,111.2991,109.2551,5.847,12.7791,1166552.6752,1166552.6752,1029211526.0,True,1,1,False,False,30.25,22.66,5.732261447046483,21.730382293762563,0.0,False,33.14260563380282,1.410939133031408,10.07,5.19,26474436.88,92.0002,,,237749136.8,112.897,1.4537,0,1166552.6752,1029211526.0,1.0,1.5,PASS,False,0.4444444444444444,10.07,5.19,1.0,10.07,,111.2991,5.847,1.4537,11.052542204568024,99.46392506573181,0.0,0.0,30.25,30.25,False,0,98.3963344788087,CHASE,0.9281345565749235,1,1,100.0,393,31.378291516547527,True,5.732261447046483,OVERHEAT,0.032335500869636595,True,True,独立池,10.07,0.0,20.98789623649115,83.71647959094084,1.0,0.0,83.72,Tier2
603396.SH,603396,金辰股份,20171018,,主板,L,157084090.54999998,3.8308740068104363,未知,未知,,,36.59,90.6914,93.5115,1.9353,4.9291,506872.042,506872.042,206145630.00000003,True,0,0,False,False,39.14,33.87,-2.5306339904102138,-21.949658703071673,-6.515074092999484,False,3.8308740068104363,1.410939133031408,6.95,-24.35,22050399.18,101.1635,,,119773782.47,-161.6231,0.8358,0,506872.042,206145630.00000003,1.0,1.5,PASS,False,0.4444444444444444,6.95,-24.35,1.0,6.95,ESP-Q,90.6914,1.9353,0.8358,13.049122302158274,99.46392506573181,0.0,0.0,36.59,39.14,False,0,95.64719358533792,,0.5603975535168195,0,1,55.0,393,2.066559889555142,False,-2.5306339904102138,,-0.007441632764256649,False,False,独立池,6.95,0.0,20.942312515910473,60.382620578783474,0.7,0.0,42.27,Other
002961.SZ,002961,瑞达期货,20190905,,主板,L,247569285.45000002,8.008658008658,未知,未知,,,24.95,21.756,17.7737,2.8961,2.6295,1189948.9153,1189943.3016,310516277.0,False,0,0,False,False,27.21,22.82,-4.406130268199238,2.8865979381443196,-8.305769937522978,False,8.008658008658,1.410939133031408,139.98,45.52,194238720.92,95.3996,,,1351330022.6599998,-314.6808,5.2507,0,1189948.9153,310516277.0,1.0,1.5,PASS,False,0.4444444444444444,139.98,45.52,1.0,139.98,ESP-Q,21.756,2.8961,5.2507,0.1554222031718817,99.46392506573181,0.0,0.0,24.95,27.21,False,0,84.65063001145475,,0.6659021406727829,0,1,40.0,393,6.244343891402705,True,-4.406130268199238,,-0.018126649651778345,False,False,独立池,139.98,0.0,22.88590301233589,49.9723696059036,0.7,0.0,34.98,Other
603179.SH,603179,新泉股份,20170317,,主板,L,1639699547.5,13.641229545802114,未知,未知,,,74.31,46.5096,47.0722,5.015,7.6872,3790864.4069,3790864.4069,2230831635.0000005,True,1,1,False,False,76.98,56.52,4.367977528089884,-12.194257355547666,-3.468433359314105,False,13.641229545802114,1.410939133031408,-4.29,-16.5,200394542.54,98.4746,,,2040902739.4,43.7132,2.7185,0,3790864.4069,2230831635.0000005,1.0,1.5,PASS,False,0.4444444444444444,-4.29,-16.5,1.0,-5.29,,46.5096,5.015,2.7185,,99.46392506573181,0.0,0.0,74.31,76.98,False,0,83.04696449026346,,0.7744648318042814,1,1,100.0,393,11.87691542854682,True,4.367977528089884,,0.014510422734144216,False,False,独立池,-5.29,0.0,20.76348407363244,79.06678616180552,1.0,0.0,79.07,Tier2
601952.SH,601952,苏垦农发,20170515,,主板,L,202844834.2,-8.064516129032262,未知,未知,,,9.12,22.9391,24.4234,1.7747,1.0927,1256736.0,1256736.0,151563599.6,False,0,0,False,False,10.37,9.05,-5.785123966942152,-2.771855010660995,-12.054001928640313,False,-8.064516129032262,1.410939133031408,-40.32,-28.0,38266979.55,77.8954,,,934533871.4300001,174.8029,0.6961,0,1256736.0,151563599.6,1.0,1.5,PASS,False,0.4444444444444444,-40.32,-28.0,1.0,-41.32,ESP-Q,22.9391,1.7747,0.6961,,99.46392506573181,0.0,0.0,9.12,10.37,True,0,73.25315005727376,,0.16743119266055045,0,0,5.0,393,-9.828830246287556,False,-5.785123966942152,,0.01584912522184586,False,False,独立池,-41.32,0.0,20.23707976192675,28.523360969567477,0.7,0.0,19.97,Other
603920.SH,603920,世运电路,20170426,,主板,L,2911388657.3499994,19.454307606054954,未知,未知,,,63.92,67.3437,85.1793,7.074,7.7769,4606026.0903,4606026.0903,3898341195.2,True,1,0,False,False,69.35,50.68,1.1712567268122864,-2.3376623376623384,-7.829848594087951,False,19.454307606054954,1.410939133031408,-75.82,-7.79,41247260.63,112.5979,,,1541956450.56,740.0405,0.5619,0,4606026.0903,3898341195.2,1.0,1.5,PASS,False,0.4444444444444444,-75.82,-7.79,1.0,-76.82,,67.3437,7.074,0.5619,,99.46392506573181,0.0,0.0,63.92,69.35,False,0,80.29782359679267,CHASE,0.8394495412844036,1,1,100.0,393,17.689993488799658,True,1.1712567268122864,,-0.004901587360024862,True,False,独立池,-76.82,0.0,19.718418838653033,78.03303084676841,1.0,0.0,78.03,Tier2
603803.SH,603803,瑞斯康达,20170420,,主板,L,955789935.3499999,5.090206185567014,未知,未知,,,16.31,,,4.51,10.2623,692985.0815,692985.0815,955282320.7999998,True,2,2,False,False,17.71,13.2,-1.8061408789885602,57.432432432432435,-7.905138339920958,False,5.090206185567014,1.410939133031408,126.8461,38.2922,5671177.43,82.8857,,,-190702360.75,-1161.238,0.4459,0,692985.0815,955282320.7999998,1.0,1.5,PASS,False,0.4444444444444444,126.8461,38.2922,1.0,126.8461,ESP-Q,,4.51,0.4459,,99.46392506573181,0.0,0.0,16.31,17.71,False,0,73.25315005727376,,0.6032110091743119,0,1,55.0,393,3.32589206831172,False,-1.8061408789885602,,-0.004900394365100249,False,False,独立池,126.8461,0.0,22.694014541908157,54.01474792556376,0.7,0.0,37.81,Other
002906.SZ,002906,华阳集团,20171013,,主板,L,275736667.20000005,1.5097976228718446,未知,未知,,,31.6,21.2222,20.9468,2.406,2.1424,1658744.1696,1657775.7623,252798302.6,True,0,0,False,False,33.22,30.0,-0.3154574132492094,2.364755425979914,-4.876580373269112,False,1.5097976228718446,1.410939133031408,5.89,19.1,158753729.72,95.7752,,,1774348739.6799998,91.8129,2.3423,0,1658744.1696,252798302.6,1.0,1.5,PASS,False,0.4444444444444444,5.89,19.1,1.0,5.89,,21.2222,2.406,2.3423,3.6030899830220715,99.46392506573181,0.0,0.0,31.6,33.22,False,0,89.3470790378007,,0.4954128440366973,0,0,5.0,393,-0.2545164943834499,False,-0.3154574132492094,,-0.023066966826912994,False,False,独立池,5.89,0.0,20.926825739046528,33.48948885914952,1.0,0.0,33.49,Other
002882.SZ,002882,金龙羽,20170717,,主板,L,200020126.75,-7.3571428571428505,未知,未知,,,25.94,104.9533,144.9671,5.2893,1.5483,1122942.6,640153.9347,113132360.8,False,0,0,False,False,30.99,25.5,-3.74768089053803,-18.11868686868686,-16.29557921910293,False,-7.3571428571428505,1.410939133031408,-78.36,-24.89,7302511.82,95.6337,,,270160484.81,-2002.9165,0.3603,0,1122942.6,113132360.8,1.0,1.5,PASS,False,0.4444444444444444,-78.36,-24.89,1.0,-79.36,ESP-Q,104.9533,5.2893,0.3603,,99.46392506573181,0.0,0.0,25.94,30.99,True,0,50.0,COV-LOW,0.19495412844036697,0,0,5.0,393,-9.121456974398145,False,-3.74768089053803,,-0.02947387830080124,False,False,独立池,-79.36,0.0,19.681309014846974,21.436261802969394,0.7,0.0,15.01,Other
603232.SH,603232,格尔软件,20170421,,主板,L,166653306.5,-7.669902912621362,未知,未知,,,19.02,,,3.4231,2.8645,445224.3349,439932.5905,146842239.0,True,0,0,False,False,22.0,17.71,-4.613841524573726,-32.5292656970557,-13.54545454545455,False,-7.669902912621362,1.410939133031408,26.5981,-770.36,-38123922.09,,,,-299214828.87,,-2.172,0,445224.3349,146842239.0,1.0,1.5,PASS,False,0.4444444444444444,26.5981,-770.36,1.0,26.5981,ESP-Q,,3.4231,-2.172,,99.46392506573181,0.0,0.0,19.02,22.0,False,0,56.3573883161512,,0.18807339449541285,0,0,5.0,393,-9.434217029876656,False,-4.613841524573726,,-0.024067254208699866,False,False,独立池,26.5981,0.0,21.229374535250596,23.65309140189548,0.7,0.0,16.56,Other
603269.SH,603269,海鸥股份,20170517,,主板,L,474585236.2,37.128399746995576,未知,未知,,,21.68,57.8644,56.1845,6.4848,12.4836,669373.833,669373.833,769577436.8,False,3,3,False,True,22.0,14.22,16.81034482758621,68.32298136645963,-1.4545454545454528,False,37.128399746995576,1.410939133031408,26.44,22.33,21138777.07,94.3502,,,216900002.48999998,-293.4888,2.1834,0,669373.833,769577436.8,1.0,1.5,PASS,False,0.4444444444444444,26.44,22.33,1.0,26.44,ESP-Q,57.8644,6.4848,2.1834,2.188517397881997,99.46392506573181,0.0,0.0,21.68,22.0,False,0,78.80870561282933,CHASE,0.9472477064220184,1,1,75.0,393,35.36408562974028,True,16.81034482758621,突破型|OVERHEAT,0.017436569279800338,True,True,独立池,26.44,0.0,21.227064667871172,65.38802461742304,0.7,0.0,45.77,Other
603826.SH,603826,坤彩科技,20170414,,主板,L,490666072.25,11.851851851851848,未知,未知,,,34.73,,,12.164,1.7863,2275509.6,2275509.6,463479481.3999999,True,1,0,False,False,38.0,29.07,0.6374963778614795,75.58139534883719,-8.605263157894749,False,11.851851851851848,1.410939133031408,234.19,-389.86,72383707.31,97.4336,,,76374410.58,179.0021,4.0507,0,2275509.6,463479481.3999999,1.0,1.5,PASS,False,0.4444444444444444,234.19,-389.86,1.0,234.19,ESP-Q,,12.164,4.0507,,99.46392506573181,0.0,0.0,34.73,38.0,False,0,66.20847651775486,,0.7415902140672783,1,1,100.0,393,10.087537734596554,True,0.6374963778614795,,0.005725452674272489,False,False,独立池,234.19,0.0,24.262326831536367,74.71500832163373,0.7,0.0,52.3,Tier2
002859.SZ,002859,洁美科技,20170407,,主板,L,635479996.5,22.293447293447286,未知,未知,,,51.51,101.0481,94.9874,7.2244,3.0134,2221248.0518,2090787.8352,696369796.0,True,1,0,False,False,54.8,41.9,0.21400778210116655,37.28678038379529,-6.00364963503649,False,22.293447293447286,1.410939133031408,47.97,7.96,46678805.54,97.7507,,,527744271.29,54.7533,1.5156,0,2221248.0518,696369796.0,1.0,1.5,PASS,False,0.4444444444444444,47.97,7.96,1.0,47.97,,101.0481,7.2244,1.5156,2.106485303314572,99.46392506573181,0.0,0.0,51.51,54.8,False,0,92.78350515463917,CHASE,0.8700305810397554,1,1,100.0,393,20.52913317619199,True,0.21400778210116655,,0.007839153626732402,True,False,独立池,47.97,0.0,21.541621560211542,82.14337585843406,1.0,0.0,82.14,Tier2
603127.SH,603127,昭衍新药,20170825,,主板,L,1422582773.15,1.7570664629488197,未知,未知,,,39.96,100.5367,60.4833,3.4995,10.3203,2994395.4871,2518890.6439,1654648441.6,True,0,0,False,False,41.75,36.0,-0.42362322452030865,7.13136729222521,-4.287425149700597,False,1.7570664629488197,1.410939133031408,747.11,1221.3,217391315.27,91.2042,,,580963713.39,49.8638,2.8238,0,2994395.4871,1654648441.6,1.0,1.5,PASS,False,0.4444444444444444,747.11,1221.3,1.0,747.11,,100.5367,3.4995,2.8238,0.13456746663811217,99.46392506573181,0.0,0.0,39.96,41.75,False,0,86.25429553264605,,0.5,0,0,5.0,393,-0.007247654306474782,False,-0.42362322452030865,,0.007951646816286845,False,False,独立池,747.11,0.0,31.75617361366465,34.72752338252675,1.0,0.0,34.73,Other
002870.SZ,002870,香山股份,20170515,,主板,L,201644146.29999998,15.762996087199554,未知,未知,,,41.42,57.6265,88.4894,3.3433,4.375,547057.2843,537352.4043,366879968.99999994,True,1,1,False,False,44.92,35.39,1.420176297747311,4.332493702770779,-7.791629563668745,False,15.762996087199554,1.410939133031408,-162.54,-64.95,-12585667.1,,,,175382159.27999997,,-0.6352,0,547057.2843,366879968.99999994,1.0,1.5,PASS,False,0.4444444444444444,-162.54,-64.95,1.0,-163.54,,57.6265,3.3433,-0.6352,,99.46392506573181,0.0,0.0,41.42,44.92,False,0,91.63802978235968,CHASE,0.8058103975535168,1,1,100.0,393,13.99868196994426,True,1.420176297747311,,0.010221299631628824,True,False,独立池,-163.54,0.0,18.451425169179892,81.18169396854388,1.0,0.0,81.18,Tier2
002902.SZ,002902,铭普光磁,20170929,,主板,L,1472500111.7000003,32.885906040268466,未知,未知,,,39.6,,,15.3358,31.1922,930635.8855,703422.9022,2300705792.8,True,3,1,False,True,43.03,25.77,4.210526315789487,85.74108818011257,-7.971182895654194,False,32.885906040268466,1.410939133031408,53.83,15.53,-22277194.22,,,,-485428352.06,,-3.7075,0,930635.8855,2300705792.8,1.0,1.5,PASS,False,0.4444444444444444,53.83,15.53,1.0,53.83,,,15.3358,-3.7075,,99.46392506573181,0.0,0.0,39.6,43.03,False,0,94.50171821305841,CHASE,0.9273700305810397,1,1,100.0,393,31.12159192301317,True,4.210526315789487,突破型,-0.0019705517936641098,True,False,独立池,53.83,0.0,21.627237137968834,82.67596289151129,1.0,0.0,82.68,Tier2
603926.SH,603926,铁流股份,20170510,,主板,L,239546770.7,43.26160815402038,未知,未知,,,25.3,76.6483,73.7257,3.3938,7.2969,593833.0258,584021.6858,315275875.2,True,1,0,False,False,26.18,17.47,6.7510548523206815,3.4341782502044227,-3.361344537815125,False,43.26160815402038,1.410939133031408,5.24,-33.34,25199172.59,84.9996,,,189860997.48000002,29.6203,1.7078,0,593833.0258,315275875.2,1.0,1.5,PASS,False,0.4444444444444444,5.24,-33.34,1.0,5.24,ESP-Q,76.6483,3.3938,1.7078,14.627538167938932,99.46392506573181,0.0,0.0,25.3,26.18,False,0,50.0,COV-LOW,0.9602446483180428,1,1,100.0,393,41.49729403676508,True,6.7510548523206815,,-0.011363824870972542,True,False,独立池,5.24,0.0,20.91732913059222,69.18346582611844,0.7,0.0,48.43,Other
002860.SZ,002860,星帅尔,20170412,,主板,L,212984895.89999998,7.2519083969465825,未知,未知,,,14.05,25.3293,26.2671,2.185,4.1169,505396.085,493913.8658,245997355.6,True,0,0,False,False,14.54,12.4,3.843311160384344,-3.568977350720659,-3.3700137551581744,False,7.2519083969465825,1.410939133031408,-11.39,35.9,51989099.16,90.9289,,,493749110.85,180.0104,2.4648,0,505396.085,245997355.6,1.0,1.5,PASS,False,0.4444444444444444,-11.39,35.9,1.0,-12.39,,25.3293,2.185,2.4648,,99.46392506573181,0.0,0.0,14.05,14.54,False,0,80.87056128293241,,0.650611620795107,0,1,55.0,393,5.487594279691288,True,3.843311160384344,,0.012371107367078455,False,False,独立池,-12.39,0.0,20.659751888977695,55.893118762675265,1.0,0.0,55.89,Tier2
603501.SH,603501,豪威集团,20170504,,主板,L,3103158105.6,9.836420756147767,未知,未知,,,101.39,31.6081,34.7241,3.8925,3.4418,12786778.3857,12272314.3728,3647637292.4,True,1,0,False,False,106.95,91.62,0.0098638784770122,-13.349286385778992,-5.198690977092102,False,9.836420756147767,1.410939133031408,-27.44,27.91,615527525.46,122.3836,,,9536486834.029999,121.1751,1.6422,0,12786778.3857,3647637292.4,1.0,1.5,PASS,False,0.4444444444444444,-27.44,27.91,1.0,-28.44,,31.6081,3.8925,1.6422,,99.46392506573181,0.0,0.0,101.39,106.95,False,0,92.78350515463917,,0.7048929663608563,1,1,100.0,393,8.072106638892473,True,0.0098638784770122,,-0.0005489992140885364,False,False,独立池,-28.44,0.0,20.425258710990565,81.92010328858987,1.0,0.0,81.92,Tier2
603139.SH,603139,康惠股份,20170421,,主板,L,216114793.75,30.121703853955385,未知,未知,,,38.49,,,7.0436,5.006,384438.12,384438.12,204881918.2,True,1,1,False,False,40.99,27.16,-2.3592085235920823,60.375,-6.0990485484264445,False,30.121703853955385,1.410939133031408,16.18,-215.76,-15435941.29,-73.9276,,,-406161019.02,137.0219,3.9001,0,384438.12,204881918.2,1.0,1.5,PASS,False,0.4444444444444444,16.18,-215.76,1.0,16.18,ESP-Q,,7.0436,3.9001,,99.46392506573181,0.0,0.0,38.49,40.99,False,0,89.8052691867125,CHASE,0.9181957186544343,1,1,100.0,393,28.35738973670009,True,-2.3592085235920823,,-0.0020018360820630745,True,False,独立池,16.18,0.0,21.077164355961642,81.15701362720608,0.7,0.0,56.81,Tier2
002926.SZ,002926,华西证券,20180205,,主板,L,171109819.8,-3.132250580046403,未知,未知,,,8.35,14.9074,14.0242,0.8688,0.8141,2191875.0,2191875.0,187259272.6,True,0,0,False,False,8.85,8.3,-4.571428571428571,-8.039647577092513,-5.649717514124298,False,-3.132250580046403,1.410939133031408,30.57,109.18,389355171.52,98.9192,,,3432819136.04,555.1582,1.5742,0,2191875.0,187259272.6,1.0,1.5,PASS,False,0.4444444444444444,30.57,109.18,1.0,30.57,,14.9074,0.8688,1.5742,0.48764802093555776,99.46392506573181,0.0,0.0,8.35,8.85,False,0,77.20504009163804,,0.34021406727828746,0,0,5.0,393,-4.896564697301697,False,-4.571428571428571,,-0.03634656037837592,False,False,独立池,30.57,0.0,21.287404656973155,29.918992958886044,1.0,0.0,29.92,Other
603496.SH,603496,恒为科技,20170607,,主板,L,788438994.1,4.677754677754686,未知,未知,,,30.21,276.8765,198.8245,6.9372,6.0046,967352.1231,967352.1231,666969077.4000001,True,1,0,False,False,32.77,28.33,-4.640151515151514,4.677754677754686,-7.812023191943862,False,4.677754677754686,1.410939133031408,16.4248,33.37,-6618538.12,-113.7794,,,72612141.25,531.3125,0.418,0,967352.1231,666969077.4000001,1.0,1.5,PASS,False,0.4444444444444444,16.4248,33.37,1.0,16.4248,ESP-Q,276.8765,6.9372,0.418,16.857222005747406,99.46392506573181,0.0,10.0,30.21,32.77,False,0,81.78694158075601,,0.5886850152905199,0,1,55.0,393,2.913440560499392,False,-4.640151515151514,,-0.004855907190541611,False,False,独立池,16.4248,0.0,21.080740924807202,56.25223065918824,0.7,10.0,29.38,Other
002876.SZ,002876,三利谱,20170525,,主板,L,231380807.05,2.6980283638879277,未知,未知,,,29.69,109.6408,101.6843,2.1344,3.4896,516264.3631,442207.6638,202058601.20000002,True,0,0,False,False,31.99,28.45,-4.3800322061191554,10.907732536421367,-7.189746795873697,False,2.6980283638879277,1.410939133031408,80.43,-21.15,55736881.75,167.2918,,,188619352.26999998,-268.382,1.3874,0,516264.3631,202058601.20000002,1.0,1.5,PASS,False,0.4444444444444444,80.43,-21.15,1.0,80.43,ESP-Q,109.6408,2.1344,1.3874,1.3631828919557378,99.46392506573181,0.0,0.0,29.69,31.99,False,0,92.55441008018327,,0.5282874617737003,0,0,5.0,393,0.9337142466326331,False,-4.3800322061191554,,-0.03043162037464581,False,False,独立池,80.43,0.0,22.015867576252806,34.66949653930554,0.7,0.0,24.27,Other
603335.SH,603335,迪生力,20170620,,主板,L,251380440.49999994,24.448217317487277,未知,未知,,,7.33,64.733,61.1921,11.1167,3.106,313829.9918,313829.9918,132623099.2,True,1,0,False,False,7.83,5.85,-3.298153034300788,16.34920634920636,-6.385696040868449,False,24.448217317487277,1.410939133031408,12.1742,22.3666,-19845234.76,,,,-292281287.33,,-6.7559,0,313829.9918,132623099.2,1.0,1.5,PASS,False,0.4444444444444444,12.1742,22.3666,1.0,12.1742,,64.733,11.1167,-6.7559,5.317228236762991,99.46392506573181,0.0,0.0,7.33,7.83,True,0,84.65063001145475,CHASE,0.8830275229357798,1,1,100.0,393,22.68390320023198,True,-3.298153034300788,,0.014420035844431649,True,False,独立池,12.1742,0.0,21.018638949582773,79.59891679335298,1.0,0.0,79.6,Tier2
603316.SH,603316,诚邦股份,20170619,,主板,L,364571922.0500001,26.598639455782312,基础建设,未知,801723.SI,620000,18.61,,,8.8989,6.8941,491795.304,491795.304,467101492.6,True,1,1,False,False,20.0,14.0,-3.1233732431025563,31.892274982282064,-6.950000000000001,False,26.598639455782312,1.410939133031408,808.81,-8.7,23071531.28,98.2075,,,-111367538.41,-159.5829,4.3432,0,491795.304,467101492.6,1.0,1.5,PASS,False,0.1111111111111111,808.81,-8.7,,404.405,COV-LOW,,8.8989,4.3432,,7.8939,0.0,0.0,18.61,20.0,False,0,81.09965635738831,CHASE,1.0,1,1,100.0,2,17.501074769736245,True,-3.1233732431025563,,-0.01677339935752723,True,False,独立池,404.405,0.0,26.749196382382433,79.67973618369298,1.0,0.0,79.68,Tier2
603331.SH,603331,百达精工,20170705,,主板,L,174253754.8,5.089226701916716,未知,未知,,,15.9,,,3.0855,13.3613,321459.2612,321459.2612,366728321.79999995,False,1,1,False,False,16.28,13.47,7.432432432432434,-11.073825503355694,-2.3341523341523396,False,5.089226701916716,1.410939133031408,-98.84,-824.26,244329.72,40.2803,,,-121871465.03999999,-2822.7111,0.0582,1,321459.2612,366728321.79999995,1.0,1.5,PASS,False,0.4444444444444444,-98.84,-824.26,1.0,-99.84,ESP-Q,,3.0855,0.0582,,99.46392506573181,0.0,0.0,15.9,16.28,False,10,50.0,COV-LOW,0.6024464831804281,0,1,40.0,393,3.3249125846614214,False,7.432432432432434,,0.025782875223973722,False,False,独立池,-99.84,0.0,19.382092797702025,38.876418559540404,0.7,10.0,17.21,Other
002965.SZ,002965,祥鑫科技,20191025,,主板,L,279658005.29999995,17.442622950819665,未知,未知,,,35.82,61.334,182.746,2.2413,8.637,950592.4459,682069.0732,507412863.40000004,True,1,1,False,False,36.5,28.86,1.8481660506113107,3.5260115606936315,-1.8630136986301338,False,17.442622950819665,1.410939133031408,-125.27,-62.02,-20924047.34,,,,363203421.18,,-0.4014,0,950592.4459,507412863.40000004,1.0,1.5,PASS,False,0.4444444444444444,-125.27,-62.02,1.0,-126.27,,61.334,2.2413,-0.4014,,99.46392506573181,0.0,0.0,35.82,36.5,False,0,82.0160366552119,CHASE,0.8249235474006116,1,1,100.0,393,15.67830883356437,True,1.8481660506113107,,0.03345993241085771,True,False,独立池,-126.27,0.0,18.99594608778303,78.40400021412017,1.0,0.0,78.4,Tier2
603093.SH,603093,南华期货,20190830,,主板,L,291500307.1499999,20.103092783505172,未知,未知,,,23.3,34.3908,27.6282,2.9048,3.945,1672299.0007,1421453.5307,553959052.5999999,True,2,2,False,False,25.98,19.27,6.198723792160443,27.811300054854637,-10.315627405696691,False,20.103092783505172,1.410939133031408,139.1,7.67,204787124.87,100.0118,,,1277827710.8,2253.752,3.6072,0,1672299.0007,553959052.5999999,1.0,1.5,PASS,False,0.4444444444444444,139.1,7.67,1.0,139.1,,34.3908,2.9048,3.6072,0.24723795830337886,99.46392506573181,0.0,0.0,23.3,25.98,False,0,36.19702176403207,CAT-0,0.845565749235474,1,1,100.0,393,18.338778666249876,True,6.198723792160443,,0.01395511144569664,True,False,独立池,139.1,0.0,22.873046065505445,65.43371574231071,0.5,0.0,32.72,Other
605303.SH,605303,园林股份,20210301,,主板,L,181144472.04999998,16.786678667866784,基础建设,未知,801723.SI,620000,25.95,,,4.9448,4.0893,418411.0738,418411.0738,166828982.4,True,1,1,False,False,27.1,21.67,1.2880562060889833,41.10929853181076,-4.243542435424363,False,16.786678667866784,1.410939133031408,19.4886,-6.4523,-13077385.67,,,,-338097216.16,,-1.3593,0,418411.0738,166828982.4,1.0,1.5,PASS,False,0.1111111111111111,19.4886,-6.4523,,9.7443,COV-LOW,,4.9448,-1.3593,,7.8939,0.0,0.0,25.95,27.1,False,0,53.493699885452465,,0.75,1,1,100.0,2,7.689113981820718,True,1.2880562060889833,,-0.014392761450347357,True,False,独立池,9.7443,0.0,20.9831377051472,70.24473750666517,1.0,0.0,70.24,Tier2
002886.SZ,002886,沃特股份,20170627,,主板,L,221188730.24999997,25.22893772893773,未知,未知,,,27.35,111.7847,100.974,3.8863,15.98,719861.7503,571828.7785,374108841.8000001,True,0,0,False,False,27.71,21.26,10.237807335751725,18.449545257687316,-1.2991699747383567,False,25.22893772893773,1.410939133031408,129.42,38.7,10386315.29,79.8542,,,81017973.56,342.2293,0.7046,0,719861.7503,374108841.8000001,1.0,1.5,PASS,False,0.4444444444444444,129.42,38.7,1.0,129.42,ESP-Q,111.7847,3.8863,0.7046,0.8637358986246331,99.46392506573181,0.0,0.0,27.35,27.71,False,0,85.2233676975945,CHASE,0.8906727828746177,1,1,100.0,393,23.464623611682434,True,10.237807335751725,OVERHEAT,0.03147687829604905,True,True,独立池,129.42,0.0,22.73161965037053,80.11333423935245,0.7,0.0,56.08,Tier2
603387.SH,603387,基蛋生物,20170717,,主板,L,185185392.55,-6.496062992125983,未知,未知,,,9.5,21.8342,20.7084,1.7027,2.3473,481795.8412,481795.8412,165755941.99999997,True,0,0,False,False,10.2,8.96,-6.31163708086786,7.954545454545436,-6.8627450980392135,False,-6.496062992125983,1.410939133031408,8.8,-8.96,65836884.88,86.2832,,,477533140.86,89.4983,2.7337,0,481795.8412,165755941.99999997,1.0,1.5,PASS,False,0.4444444444444444,8.8,-8.96,1.0,8.8,ESP-Q,21.8342,1.7027,2.7337,2.481159090909091,99.46392506573181,0.0,0.0,9.5,10.2,False,0,73.25315005727376,,0.21788990825688073,0,0,5.0,393,-8.260377109381277,False,-6.31163708086786,,0.009201599194285435,False,False,独立池,8.8,0.0,20.969341324588118,28.669813282099753,0.7,0.0,20.07,Other
002879.SZ,002879,长缆科技,20170707,,主板,L,172805615.3,-16.58856607310215,未知,未知,,,17.8,25.6968,25.9103,2.0386,5.1955,343731.5992,244080.7574,183484295.60000002,True,0,0,False,False,23.09,17.59,-3.05010893246187,-20.464700625558528,-22.910350801212644,False,-16.58856607310215,1.410939133031408,-71.84,88.32,348640.4,25.7294,,,189539632.72,-617.4646,0.0772,0,343731.5992,183484295.60000002,1.0,1.5,PASS,False,0.4444444444444444,-71.84,88.32,1.0,-72.84,ESP-Q,25.6968,2.0386,0.0772,,99.46392506573181,0.0,0.0,17.8,23.09,False,0,69.41580756013745,,0.03058103975535168,0,0,5.0,393,-18.352880190357446,False,-3.05010893246187,,-0.02472053467244881,False,False,独立池,-72.84,0.0,19.776567302727102,27.280055728586653,0.7,0.0,19.1,Other
603196.SH,603196,璞源材料,20170531,,主板,L,201758866.1,-7.985888389993578,未知,未知,,,28.69,667.7557,351.8187,6.0262,1.6017,1201214.2654,679919.3811,130447083.99999999,True,0,0,False,False,35.35,27.86,-1.2732278045423207,12.553942722636346,-18.84016973125884,False,-7.985888389993578,1.410939133031408,252.36,84.8,21674668.7,91.5606,,,212035.31999999785,94.9278,1.2396,0,1201214.2654,130447083.99999999,1.0,1.5,PASS,False,0.4444444444444444,252.36,84.8,1.0,252.36,|VAL-X,667.7557,6.0262,1.2396,2.646044143287367,99.46392506573181,0.0,15.0,28.69,35.35,True,0,63.91752577319587,,0.1712538226299694,0,0,5.0,393,-9.750202507248872,False,-1.2732278045423207,,0.008650942382296694,False,False,独立池,252.36,0.0,24.527793563251393,26.580816444609038,1.0,15.0,11.58,Other
603978.SH,603978,深圳新星,20170807,,主板,L,505163025.99999994,34.52380952380951,未知,未知,,,33.9,,,4.3145,12.5287,715609.6736,715609.6736,789702375.6,True,1,1,False,False,34.68,24.01,10.1364522417154,34.577213179833244,-2.249134948096887,False,34.52380952380951,1.410939133031408,3933.4,73.3422,18312651.14,101.509,,,-155956930.95,557.6938,1.095,0,715609.6736,789702375.6,1.0,1.5,PASS,False,0.4444444444444444,3933.4,73.3422,1.0,3933.4,,,4.3145,1.095,,99.46392506573181,0.0,0.0,33.9,34.68,False,0,93.69988545246277,CHASE,0.9388379204892966,1,1,100.0,393,32.759495406554215,True,10.1364522417154,OVERHEAT,-0.00949077827246203,True,True,独立池,1995.8175999999994,0.0,50.0,88.10996563573883,1.0,0.0,88.11,Tier2
601108.SH,601108,财通证券,20171024,,主板,L,442393547.54999995,-1.4354066985645786,未知,未知,,,8.24,14.5368,12.9287,1.0034,1.2846,3826461.6489,3826461.6489,700742342.4,True,0,0,False,False,9.01,8.13,-4.519119351100819,-8.950276243093924,-8.546059933407324,False,-1.4354066985645786,1.410939133031408,118.75,14.77,585936354.08,94.9531,,,6220629974.04,-61.7022,1.6139,0,3826461.6489,700742342.4,1.0,1.5,PASS,False,0.4444444444444444,118.75,14.77,1.0,118.75,ESP-Q,14.5368,1.0034,1.6139,0.12241515789473684,99.46392506573181,0.0,0.0,8.24,9.01,False,0,73.25315005727376,,0.39143730886850153,0,0,5.0,393,-3.199720815819873,False,-4.519119351100819,,0.003162032198451718,False,False,独立池,118.75,0.0,22.57572917005136,28.9910908511924,0.7,0.0,20.29,Other
001332.SZ,001332,锡装股份,20220920,,主板,L,160190887.35000002,24.387507013278476,未知,未知,,,66.51,32.3307,26.9962,2.7639,6.9094,734868.99,319271.2852,204686116.8,True,1,0,False,False,69.3,52.88,0.8950242718446688,16.174672489082976,-4.02597402597401,False,24.387507013278476,1.410939133031408,104.59,-13.16,88525061.25,96.9685,,,606728307.39,-59.5974,3.4969,0,734868.99,204686116.8,1.0,1.5,PASS,False,0.4444444444444444,104.59,-13.16,1.0,104.59,ESP-Q,32.3307,2.7639,3.4969,0.30911846256812314,99.46392506573181,0.0,0.0,66.51,69.3,False,0,50.0,COV-LOW,0.882262996941896,1,1,100.0,393,22.62319289602318,True,0.8950242718446688,,-0.0057666345801383415,True,False,独立池,104.59,0.0,22.368849207415984,69.4737698414832,0.7,0.0,48.63,Other
603042.SH,603042,华脉科技,20170602,,主板,L,354399296.8,1.7715617715617693,未知,未知,,,21.83,,,4.2035,10.4711,350567.6207,350567.6207,478716614.59999996,True,0,0,False,False,24.2,19.13,-5.086956521739139,11.891337775499732,-9.79338842975207,False,1.7715617715617693,1.410939133031408,66.402,-643.8373,-4229824.61,,,,-155854739.41,-597.7951,-0.2624,0,350567.6207,478716614.59999996,1.0,1.5,PASS,False,0.4444444444444444,66.402,-643.8373,1.0,66.402,ESP-Q,,4.2035,-0.2624,,99.46392506573181,0.0,0.0,21.83,24.2,False,0,73.25315005727376,,0.5007645259938838,0,0,5.0,393,0.007247654306474782,False,-5.086956521739139,,-0.023301447593389327,False,False,独立池,66.402,0.0,21.810916155641994,28.838128248310525,0.7,0.0,20.19,Other
603985.SH,603985,恒润股份,20170505,,主板,L,1434156451.2,21.246077991931877,未知,未知,,,27.05,142.8475,100.4418,3.5698,9.5542,1192520.8981,1192520.8981,1114443906.6,True,2,1,False,False,29.6,20.99,-2.8027308659719696,61.011904761904766,-8.614864864864868,False,21.246077991931877,1.410939133031408,124.6,165.1885,63484989.29,97.4593,,,257251510.51,7.1427,1.9705,0,1192520.8981,1114443906.6,1.0,1.5,PASS,False,0.4444444444444444,124.6,165.1885,1.0,124.6,,142.8475,3.5698,1.9705,1.1464486356340289,99.46392506573181,0.0,0.0,27.05,29.6,True,0,88.65979381443299,CHASE,0.8600917431192661,1,1,100.0,393,19.48176387467658,True,-2.8027308659719696,,-0.0015855979972217331,True,False,独立池,124.6,0.0,22.661198646140125,81.13017787355793,1.0,0.0,81.13,Tier2
603619.SH,603619,中曼石油,20171117,,主板,L,688104422.0,-16.90585533869117,未知,未知,,,28.95,26.2695,42.9792,3.0663,3.5346,1338469.8446,1338469.8446,414339853.1999999,True,0,0,False,False,35.35,28.42,-0.6861063464837058,-8.790170132325137,-18.104667609618108,False,-16.90585533869117,1.410939133031408,,-24.06,,,,,957297319.14,-55.3537,0.7291,0,1338469.8446,414339853.1999999,1.0,1.5,PASS,False,0.4444444444444444,,-24.06,1.0,0.0,DATA-INC,26.2695,3.0663,0.7291,,99.46392506573181,0.0,0.0,28.95,35.35,True,0,78.12142038946163,,0.027522935779816515,0,0,5.0,393,-18.670169455946464,False,-0.6861063464837058,,-0.0050803462384636155,False,False,独立池,0.0,0.0,20.84077185628365,30.10458048809522,1.0,0.0,30.1,Other
603938.SH,603938,三孚股份,20170628,,主板,L,792537482.05,48.05718475073313,未知,未知,,,40.39,192.4582,167.712,6.0836,10.9246,1545420.3434,1545420.3434,1371435705.0,False,2,2,False,False,45.28,26.01,13.678581480439057,56.187161639597846,-10.79946996466431,False,48.05718475073313,1.410939133031408,55.11,72.96,37174047.49,95.6835,,,195426963.01000002,16.2075,1.5414,0,1545420.3434,1371435705.0,1.0,1.5,PASS,False,0.4444444444444444,55.11,72.96,1.0,55.11,,192.4582,6.0836,1.5414,3.4922554890219564,99.46392506573181,0.0,0.0,40.39,45.28,False,0,93.58533791523482,CHASE,0.9686544342507645,1,1,75.0,393,46.29287063347783,True,13.678581480439057,OVERHEAT,-0.0003044765379160406,True,True,独立池,55.11,0.0,21.645938151540392,69.90478900487852,1.0,0.0,69.9,Tier2
603767.SH,603767,中马传动,20170613,,主板,L,156480073.59999996,16.972972972972975,未知,未知,,,21.64,,,4.887,4.7357,667878.566,667878.566,193055351.79999998,True,1,1,False,False,21.64,18.27,6.4436792916871655,0.4176334106728463,0.0,False,16.972972972972975,1.410939133031408,4.54,-42.3,5927062.64,97.6397,,,62518788.26,330.0092,0.4452,0,667878.566,193055351.79999998,1.0,1.5,PASS,False,0.4444444444444444,4.54,-42.3,1.0,4.54,ESP-Q,,4.887,0.4452,,99.46392506573181,0.0,0.0,21.64,21.64,False,0,77.31958762886599,CHASE,0.8188073394495413,1,1,100.0,393,15.208658855717681,True,6.4436792916871655,,0.06433263828223357,True,False,独立池,4.54,0.0,20.907102013795274,77.37729669141885,0.7,0.0,54.16,Tier2
601155.SH,601155,新城控股,20151204,,主板,L,256819905.20000002,4.577464788732399,未知,未知,,,14.85,49.2511,48.7332,0.5411,0.6232,3349599.9412,3349599.9412,327132138.79999995,True,0,0,False,False,16.65,13.9,-7.591785936527695,-16.149068322981375,-10.8108108108108,False,4.577464788732399,1.410939133031408,14.97,-29.34,344195189.0,110.4437,,,2914331624.0,33.3943,0.5047,0,3349599.9412,327132138.79999995,1.0,1.5,PASS,False,0.4444444444444444,14.97,-29.34,1.0,14.97,ESP-Q,49.2511,0.5411,0.5047,3.2899866399465596,99.46392506573181,0.0,0.0,14.85,16.65,False,0,75.60137457044674,,0.5848623853211009,0,1,55.0,393,2.813150671477105,False,-7.591785936527695,,0.0013073616062304373,False,False,独立池,14.97,0.0,21.059486054069776,54.39230958194798,0.7,0.0,38.07,Other
603110.SH,603110,东方材料,20171013,,主板,L,400647465.50000006,46.89572031344185,未知,未知,,,24.37,,4411.6805,7.0369,7.2824,490389.5459,490389.5459,383783861.99999994,False,2,1,False,False,27.58,16.55,1.120331950207465,38.702333523050655,-11.638868745467724,False,46.89572031344185,1.410939133031408,423.56,-157.82,10078029.24,96.6564,,,4923016.74,-33.2387,1.5075,0,490389.5459,383783861.99999994,1.0,1.5,PASS,False,0.4444444444444444,423.56,-157.82,1.0,423.56,ESP-Q,,7.0369,1.5075,,99.46392506573181,0.0,0.0,24.37,27.58,False,0,51.08820160366552,,0.9655963302752294,1,1,75.0,393,45.13140619618655,True,1.120331950207465,,0.004947445942752989,True,False,独立池,423.56,0.0,27.02905412844745,58.232271306789144,0.7,0.0,40.76,Other
603226.SH,603226,菲林格尔,20170615,,主板,L,166331921.1,21.037832310838468,未知,未知,,,47.35,,,19.766,1.2955,1683253.531,1683253.531,174312934.59999996,True,1,1,False,False,48.67,37.15,2.8006947459835008,64.23864030523761,-2.712143003903844,False,21.037832310838468,1.410939133031408,1.7169,-98.5888,-14992034.19,,,,-164808419.35999998,,-1.6651,0,1683253.531,174312934.59999996,1.0,1.5,PASS,False,0.4444444444444444,1.7169,-98.5888,1.0,1.7169,ESP-Q,,19.766,-1.6651,,99.46392506573181,0.0,0.0,47.35,48.67,False,0,80.29782359679267,CHASE,0.8555045871559633,1,1,100.0,393,19.273518193583172,True,2.8006947459835008,,-0.007886218436438613,True,False,独立池,1.7169,0.0,20.865856051753187,78.26251828938844,0.7,0.0,54.78,Tier2
603916.SH,603916,苏博特,20171110,,主板,L,252049813.95000002,40.543071161048694,未知,未知,,,15.01,52.8849,50.4424,1.5017,5.8811,639872.9843,630912.0143,503959903.6,True,0,0,False,False,15.62,10.44,12.350299401197606,10.448859455481973,-3.90524967989756,False,40.543071161048694,1.410939133031408,20.37,25.54,26303766.22,87.1362,,,257995948.24,325.9283,0.6934,0,639872.9843,503959903.6,1.0,1.5,PASS,False,0.4444444444444444,20.37,25.54,1.0,20.37,,52.8849,1.5017,0.6934,2.5962150220913105,99.46392506573181,0.0,0.0,15.01,15.62,False,0,90.03436426116839,CHASE,0.9541284403669725,1,1,100.0,393,38.7787570437934,True,12.350299401197606,OVERHEAT,0.015358225008087442,True,True,独立池,20.37,0.0,21.13838095507479,81.23798546936547,1.0,0.0,81.24,Tier2
603683.SH,603683,晶华新材,20171020,,主板,L,376476453.95,0.3192621496984849,未知,未知,,,28.28,92.1835,85.6892,4.8692,3.4981,823428.3556,814943.3375,351814154.8,False,0,0,False,False,30.35,27.1,0.17711654268508514,11.955661124307193,-6.820428336079076,False,0.3192621496984849,1.410939133031408,41.38,39.88,26271391.8,102.7809,,,215379697.70999998,144.9123,1.531,0,823428.3556,351814154.8,1.0,1.5,PASS,False,0.4444444444444444,41.38,39.88,1.0,41.38,,92.1835,4.8692,1.531,2.2277307878202026,99.46392506573181,0.0,0.0,28.28,30.35,False,0,84.65063001145475,,0.459480122324159,0,0,5.0,393,-1.4450519675568096,False,0.17711654268508514,,0.03426695308301672,False,False,独立池,41.38,0.0,21.445340560651715,32.184257115566766,1.0,0.0,32.18,Other
603933.SH,603933,睿能科技,20170706,,主板,L,359158317.15000004,18.07760141093475,未知,未知,,,26.78,159.0358,98.6417,4.1511,8.6424,555804.3719,555804.3719,359264582.00000006,True,2,1,False,False,27.42,21.09,-0.4460966542750855,14.054514480408864,-2.334062727935815,False,18.07760141093475,1.410939133031408,170.57,3.82,33573113.35,97.2847,,,134385107.63,53.9984,2.6053,0,555804.3719,359264582.00000006,1.0,1.5,PASS,False,0.4444444444444444,170.57,3.82,1.0,170.57,,159.0358,4.1511,2.6053,0.9323784956322917,99.46392506573181,0.0,0.0,26.78,27.42,False,0,80.29782359679267,CHASE,0.8287461773700305,1,1,100.0,393,16.313287293679455,True,-0.4460966542750855,,-0.011683338686862001,True,False,独立池,170.57,0.0,23.332828016362456,78.7559126823103,1.0,0.0,78.76,Tier2
603286.SH,603286,日盈电子,20170627,,主板,L,315144510.35,11.976535766661245,未知,未知,,,68.72,,,9.9372,6.2067,808227.4718,794613.3526,354312095.4,True,0,0,False,False,71.6,59.79,0.5707595492463025,-1.5895746813690437,-4.02234636871508,False,11.976535766661245,1.410939133031408,28.0828,-2283.76,-6486632.52,,,,-108110536.96,,-0.6874,1,808227.4718,354312095.4,1.0,1.5,PASS,False,0.4444444444444444,28.0828,-2283.76,1.0,28.0828,ESP-Q,,9.9372,-0.6874,,99.46392506573181,0.0,0.0,68.72,71.6,False,10,85.79610538373424,,0.7431192660550459,1,1,100.0,393,10.21222164940595,True,0.5707595492463025,,-0.00476774545561692,False,False,独立池,28.0828,0.0,21.25106624997692,79.98904486511566,0.7,10.0,45.99,Other
601162.SH,601162,天风证券,20181019,,主板,L,519579843.7,-3.9999999999999925,未知,未知,,,3.6,232.7283,274.9607,1.3236,1.6914,3626634.6842,3095269.3706,593932684.9999999,True,0,0,False,False,3.9,3.56,-6.005221932114879,-13.875598086124397,-7.692307692307687,False,-3.9999999999999925,1.410939133031408,-218.61,1245.85,-34316229.02,-15350.3148,,,335118331.46,,0.0008,0,3626634.6842,593932684.9999999,1.0,1.5,PASS,False,0.4444444444444444,-218.61,1245.85,1.0,-219.61,ESP-Q,232.7283,1.3236,0.0008,,99.46392506573181,0.0,0.0,3.6,3.9,False,0,73.25315005727376,,0.30504587155963303,0,0,5.0,393,-5.764314117255287,False,-6.005221932114879,,-0.0066752175793654755,False,False,独立池,-219.61,0.0,17.632233113744476,28.002391639931023,0.7,0.0,19.6,Other
001979.SZ,001979,招商蛇口,20151230,,主板,L,574024620.0,6.206088992974257,未知,未知,,,9.07,79.8756,132.4377,0.8381,0.6352,8177541.1791,7631120.2653,731966882.2,True,0,0,False,False,10.03,8.31,-6.68724279835391,-15.233644859813078,-9.571286141575264,False,6.206088992974257,1.410939133031408,-197.09,-93.1,-374921698.66,-958.4224,,,2723590292.5,-752.3679,0.0401,0,8177541.1791,731966882.2,1.0,1.5,PASS,False,0.4444444444444444,-197.09,-93.1,1.0,-198.09,ESP-Q,79.8756,0.8381,0.0401,,99.46392506573181,0.0,0.0,9.07,10.03,False,0,73.25315005727376,,0.6284403669724771,0,1,55.0,393,4.441774875718963,False,-6.68724279835391,,0.01099023770037248,False,False,独立池,-198.09,0.0,17.94664390441632,53.06527379806539,0.7,0.0,37.15,Other
603757.SH,603757,大元泵业,20170711,,主板,L,840128279.75,6.772633033863151,未知,未知,,,61.8,79.6657,98.5704,5.4326,9.2353,1152862.0606,1152862.0606,952592043.0,True,1,1,False,False,63.81,46.87,2.2332506203473823,51.6564417177914,-3.149976492712747,False,6.772633033863151,1.410939133031408,-69.08,-38.52,11051708.54,96.4459,,,359347394.84000003,-237.2159,0.5414,0,1152862.0606,952592043.0,1.0,1.5,PASS,False,0.4444444444444444,-69.08,-38.52,1.0,-70.08,ESP-Q,79.6657,5.4326,0.5414,,99.46392506573181,0.0,0.0,61.8,63.81,False,0,54.86827033218786,,0.6391437308868502,0,1,55.0,393,5.008318916607857,True,2.2332506203473823,,0.018538702045001344,False,False,独立池,-70.08,0.0,19.816891363240778,47.92385937230452,0.7,0.0,33.55,Other
603458.SH,603458,勘设股份,20170809,,主板,L,219404819.9,17.19298245614034,未知,未知,,,13.36,,,1.5865,6.4276,408982.3507,408982.3507,251331576.8,True,0,0,False,False,13.86,10.99,-0.37285607755407346,22.568807339449528,-3.6075036075036038,False,17.19298245614034,1.410939133031408,17.8065,-27.449,-16620522.31,,,,-642055737.06,,-0.6161,0,408982.3507,251331576.8,1.0,1.5,PASS,False,0.4444444444444444,17.8065,-27.449,1.0,17.8065,ESP-Q,,1.5865,-0.6161,,99.46392506573181,0.0,0.0,13.36,13.86,False,0,66.32302405498281,,0.8226299694189603,1,1,100.0,393,15.428668338885045,True,-0.37285607755407346,,0.010155349763660788,True,False,独立池,17.8065,0.0,21.100927792347687,74.11709277496438,0.7,0.0,51.88,Tier2
601619.SH,601619,嘉泽新能,20170720,,主板,L,570046375.3000001,5.063291139240489,未知,未知,,,5.81,23.6943,27.928,2.1241,3.1962,1692321.6266,1414552.7025,452527191.1999999,False,1,0,False,False,6.44,5.38,-3.005008347245419,-1.358234295415961,-9.782608695652184,False,5.063291139240489,1.410939133031408,-44.51,12.64,133331339.95,101.5124,,,1914051028.07,151.4878,1.6476,1,1692321.6266,452527191.1999999,1.0,1.5,PASS,False,0.4444444444444444,-44.51,12.64,1.0,-45.51,,23.6943,2.1241,1.6476,,99.46392506573181,0.0,0.0,5.81,6.44,True,10,88.65979381443299,,0.6009174311926605,0,1,40.0,393,3.2989770219851944,False,-3.005008347245419,,-0.0005992126395416251,False,False,独立池,-45.51,0.0,20.1758631628136,50.633110776892615,1.0,10.0,40.63,Other
603882.SH,603882,金域医学,20170908,,主板,L,164221373.99999997,-4.481998530492282,未知,未知,,,26.0,,,1.8972,1.0786,1204471.515,1196349.9002,188221300.8,True,0,0,False,False,28.98,25.83,-7.801418439716312,-19.05354919053549,-10.28295376121463,False,-4.481998530492282,1.410939133031408,233.95,32.47,51838135.77,121.1439,,,-291077835.40999997,65.535,0.6544,0,1204471.515,188221300.8,1.0,1.5,PASS,False,0.4444444444444444,233.95,32.47,1.0,233.95,,,1.8972,0.6544,,99.46392506573181,0.0,0.0,26.0,28.98,False,0,73.25315005727376,,0.2889908256880734,0,0,5.0,393,-6.246312647747576,False,-7.801418439716312,,0.018211595510794775,False,False,独立池,233.95,0.0,24.258820391491696,29.327709095480465,1.0,0.0,29.33,Other
002885.SZ,002885,京泉华,20170627,,主板,L,1043726306.7500001,65.88641596316194,未知,未知,,,43.23,139.0746,120.9864,7.5914,13.7313,1171174.0527,1025656.9315,1335101648.6000001,True,3,2,False,True,46.6,25.68,10.19627835839918,63.687996970844374,-7.23175965665237,False,65.88641596316194,1.410939133031408,77.59,121.33,28710369.85,93.2794,,,180954022.42000002,99.155,2.0158,0,1171174.0527,1335101648.6000001,1.0,1.5,PASS,False,0.4444444444444444,77.59,121.33,1.0,77.59,,139.0746,7.5914,2.0158,1.7924294367830906,99.46392506573181,0.0,0.0,43.23,46.6,False,0,92.66895761741122,CHASE,0.9900611620795107,1,1,100.0,393,64.12210184590664,True,10.19627835839918,突破型|OVERHEAT,0.001229801472722312,True,True,独立池,77.59,0.0,21.974374702390904,82.19556222570154,1.0,0.0,82.2,Tier2
002881.SZ,002881,美格智能,20170622,,主板,L,171448051.6,4.966373512674593,未知,未知,,,40.58,85.8705,85.6601,4.4955,2.816,1225547.2466,738257.1689,207637909.20000002,True,0,0,False,False,42.18,37.88,-3.057811753463935,-12.524250916145728,-3.793266951161689,False,4.966373512674593,1.410939133031408,5.95,0.19,47475447.72,101.7592,,,361834747.01,-324.7326,2.107,0,1225547.2466,207637909.20000002,1.0,1.5,PASS,False,0.4444444444444444,5.95,0.19,1.0,5.95,ESP-Q,85.8705,4.4955,2.107,14.43201680672269,99.46392506573181,0.0,0.0,40.58,42.18,False,0,94.50171821305841,,0.5970948012232415,0,1,55.0,393,3.202059395419299,False,-3.057811753463935,,-0.030851206313914446,False,False,独立池,5.95,0.0,20.927702349057693,60.03605593372906,0.7,0.0,42.03,Other
603305.SH,603305,旭升集团,20170710,,主板,L,531626040.6000001,10.695187165775376,未知,未知,,,16.56,52.4165,48.4949,2.0456,4.6301,1913853.3687,1913853.3687,647834625.9999999,True,0,0,False,False,17.0,14.39,-0.3010234798314304,-8.30564784053156,-2.588235294117658,False,10.695187165775376,1.410939133031408,39.94,-11.03,113787357.64,90.9062,,,876904185.13,140.3289,1.3456,0,1913853.3687,647834625.9999999,1.0,1.5,PASS,False,0.4444444444444444,39.94,-11.03,1.0,39.94,ESP-Q,52.4165,2.0456,1.3456,1.3123810716074111,99.46392506573181,0.0,0.0,16.56,17.0,False,0,84.65063001145475,,0.7224770642201835,1,1,100.0,393,8.930873048520082,True,-0.3010234798314304,,-0.00868096552172528,False,False,独立池,39.94,0.0,21.424301920383712,79.68004938751317,0.7,0.0,55.78,Tier2
603129.SH,603129,春风动力,20170818,,主板,L,410699669.40000004,2.985718769617085,未知,未知,,,262.49,24.047,23.9398,5.0334,0.831,4028769.046,4028769.046,328178123.40000004,False,0,0,False,False,285.0,244.33,-1.5342486308050018,6.357374392220416,-7.898245614035082,False,2.985718769617085,1.410939133031408,1.55,9.7,416879132.51,98.6261,,,4299620470.2,-68.457,5.4518,0,4028769.046,328178123.40000004,1.0,1.5,PASS,False,0.4444444444444444,1.55,9.7,1.0,1.55,ESP-Q,24.047,5.0334,5.4518,15.514193548387096,99.46392506573181,0.0,0.0,262.49,285.0,True,0,84.65063001145475,,0.5374617737003058,0,1,40.0,393,1.2214046523617905,False,-1.5342486308050018,,0.0006161592415582901,False,False,独立池,1.55,0.0,20.863417614905458,49.56787252641752,0.7,0.0,34.7,Other
002891.SZ,002891,中宠股份,20170821,,主板,L,481724342.50000006,-25.83652007648184,未知,未知,,,31.03,27.3565,28.7789,2.9071,2.0075,998848.7058,998848.7058,259261815.40000004,False,1,0,False,False,43.24,30.81,-5.6552143508665225,-36.32259388467063,-28.23774283071231,False,-25.83652007648184,1.410939133031408,-24.99,-8.73,66202923.8,90.5543,,,940778734.6,-166.9722,2.3182,0,998848.7058,259261815.40000004,1.0,1.5,PASS,False,0.4444444444444444,-24.99,-8.73,1.0,-25.99,ESP-Q,27.3565,2.9071,2.3182,,99.46392506573181,0.0,0.0,31.03,43.24,True,0,77.20504009163804,,0.0045871559633027525,0,0,5.0,393,-27.600834193737136,False,-5.6552143508665225,,-0.04824883387183018,False,False,独立池,-25.99,0.0,20.46105361977988,29.753722751447388,0.7,0.0,20.83,Other
600901.SH,600901,江苏金租,20180301,,主板,L,280460478.35,-3.90738060781477,未知,未知,,,6.64,11.8678,11.6871,1.4869,0.5948,3845799.3102,3844860.4142,296695799.2,True,0,0,False,False,7.23,6.54,0.302114803625364,2.4691358024691246,-8.16044260027663,False,-3.90738060781477,1.410939133031408,4.65,11.73,804793300.0,97.9264,,,8003213400.0,-171.8412,3.2276,0,3845799.3102,296695799.2,1.0,1.5,PASS,False,0.4444444444444444,4.65,11.73,1.0,4.65,ESP-Q,11.8678,1.4869,3.2276,2.5522150537634407,99.46392506573181,10.0,0.0,6.64,7.23,False,0,73.25315005727376,,0.31116207951070335,0,0,5.0,393,-5.671694725070065,False,0.302114803625364,,-0.01582984890046647,False,False,独立池,4.65,0.0,20.90870913214908,28.657686843611945,0.7,0.0,30.06,Other
002895.SZ,002895,川恒股份,20170825,,主板,L,377157520.20000005,-9.240573552841202,未知,未知,,,34.18,16.4333,16.6096,2.6145,1.2993,2070988.0171,2033578.3489,330721110.4,True,0,0,False,False,38.88,33.88,-3.5825105782792743,-11.01275709450663,-12.088477366255146,False,-9.240573552841202,1.410939133031408,-1.56,32.74,186996845.01,99.1445,,,2884324788.71,-242.9663,2.4137,0,2070988.0171,330721110.4,1.0,1.5,PASS,False,0.4444444444444444,-1.56,32.74,1.0,-2.56,ESP-Q,16.4333,2.6145,2.4137,,99.46392506573181,0.0,0.0,34.18,38.88,False,0,80.29782359679267,,0.13837920489296637,0,0,5.0,393,-11.004887670096496,False,-3.5825105782792743,,-0.03211572843863953,False,False,独立池,-2.56,0.0,20.803369829140532,30.750021044865907,0.7,0.0,21.53,Other
603386.SH,603386,骏亚科技,20170912,,主板,L,173029818.60000002,21.203438395415475,未知,未知,,,16.92,,,4.218,6.8176,552137.7715,552137.7715,382944249.20000005,True,1,1,False,False,16.92,12.58,10.299869621903524,15.02379333786541,0.0,False,21.203438395415475,1.410939133031408,-252.7,82.6804,-20551770.5,,,,-14777604.980000004,,-1.55,0,552137.7715,382944249.20000005,1.0,1.5,PASS,False,0.4444444444444444,-252.7,82.6804,1.0,-253.7,,,4.218,-1.55,,99.46392506573181,0.0,0.0,16.92,16.92,False,0,84.65063001145475,CHASE,0.8593272171253823,1,1,100.0,393,19.43912427816018,True,10.299869621903524,OVERHEAT,0.01954869307745485,True,True,独立池,-253.7,0.0,17.13417252573318,78.82202350858306,1.0,0.0,78.82,Tier2
603605.SH,603605,珀莱雅,20171115,,主板,L,246226061.55000004,-6.106742512966379,未知,未知,,,56.12,14.837,15.0745,3.4966,0.84,2222217.3569,2222217.3569,321016137.40000004,False,0,0,False,False,62.55,55.77,-7.453825857519791,-26.50602409638555,-10.279776179056753,False,-6.106742512966379,1.410939133031408,-9.97,-3.23,341157237.18,93.0378,,,3581974117.26,23.8547,5.8449,0,2222217.3569,321016137.40000004,1.0,1.5,PASS,False,0.4444444444444444,-9.97,-3.23,1.0,-10.97,,14.837,3.4966,5.8449,,99.46392506573181,10.0,0.0,56.12,62.55,False,0,73.25315005727376,,0.23394495412844038,0,0,5.0,393,-7.871056630221673,False,-7.453825857519791,,0.005128900995445261,False,False,独立池,-10.97,0.0,20.680498325908644,28.612044682363855,1.0,0.0,38.61,Other
603363.SH,603363,傲农生物,20170926,,主板,L,228028507.04999998,-18.414918414918414,未知,未知,,,3.5,117.369,,2.941,5.4521,911036.6391,750094.1158,192145323.0,True,1,1,False,False,4.31,3.12,6.707317073170738,-17.257683215130037,-18.793503480278417,False,-18.414918414918414,1.410939133031408,-89.791,60.5618,-66549509.74,,,,-631566468.1800001,,-0.428,0,911036.6391,192145323.0,1.0,1.5,PASS,False,0.4444444444444444,-89.791,60.5618,1.0,-90.791,,117.369,2.941,-0.428,,99.46392506573181,0.0,0.0,3.5,4.31,False,0,93.01260022909507,,0.019877675840978593,0,0,5.0,393,-20.17923253217371,False,6.707317073170738,,0.018969181403557255,False,False,独立池,-90.791,0.0,19.514300197552835,34.30664010823909,1.0,0.0,34.31,Other
603076.SH,603076,乐惠国际,20171113,,主板,L,163267717.45,2.5198481187435284,未知,未知,,,29.7,135.527,139.3852,2.7746,5.0087,358482.9917,358482.9917,173189174.6,True,0,0,False,False,33.47,27.44,-6.397730854081319,18.51556264964087,-11.26381834478638,False,2.5198481187435284,1.410939133031408,27.46,939.38,5104585.35,62.2048,,,52191965.18,-5079.3183,0.6369,0,358482.9917,173189174.6,1.0,1.5,PASS,False,0.4444444444444444,27.46,939.38,1.0,27.46,ESP-Q,135.527,2.7746,0.6369,4.93543335761107,99.46392506573181,0.0,0.0,29.7,33.47,False,0,32.531500572737684,CAT-0,0.5237003058103975,0,0,5.0,393,0.7555340014882339,False,-6.397730854081319,,-0.009853329743424498,False,False,独立池,27.46,0.0,21.24196703806101,16.507843579433505,0.35,0.0,5.78,Other
603083.SH,603083,剑桥科技,20171110,,主板,L,6446416927.450001,49.538950715421315,未知,未知,,,188.12,251.7811,189.3387,8.7721,10.9183,6634058.8169,5184368.4729,6222124482.2,False,2,1,False,False,209.66,122.5,-4.893832153690603,78.9744077632956,-10.273776590670602,False,49.538950715421315,1.410939133031408,285.9,71.09,116923697.09,98.8124,,,750024071.9300001,-225.4181,1.5765,0,6634058.8169,6222124482.2,1.0,1.5,PASS,False,0.4444444444444444,285.9,71.09,1.0,285.9,ESP-Q,251.7811,8.7721,1.5765,0.88066142007695,99.46392506573181,0.0,0.0,188.12,209.66,False,0,73.25315005727376,CHASE,0.9732415902140673,1,1,75.0,393,47.77463659816602,True,-4.893832153690603,,-0.005489956034325655,True,False,独立池,285.9,0.0,25.017818559493655,64.47950872908086,0.7,0.0,45.14,Other
002920.SZ,002920,德赛西威,20171226,,主板,L,1027816267.6500001,0.5265677357587428,未知,未知,,,105.0,25.5402,26.8623,4.3467,2.0762,6266497.587,6264528.837,1121880565.0,True,0,0,False,False,113.0,101.8,0.5073226763664174,-12.754466140423759,-7.079646017699115,False,0.5265677357587428,1.410939133031408,-4.21,24.05,475908494.76,103.1248,,,5765773433.39,197.2488,3.0185,0,6266497.587,1121880565.0,1.0,1.5,PASS,False,0.4444444444444444,-4.21,24.05,1.0,-5.21,,25.5402,4.3467,3.0185,,99.46392506573181,0.0,0.0,105.0,113.0,False,0,77.20504009163804,,0.46788990825688076,0,0,5.0,393,-1.2377463814965517,False,0.5073226763664174,,-0.020526570136842386,False,False,独立池,-5.21,0.0,20.764652886980663,29.814442604887546,1.0,0.0,29.81,Other
603087.SH,603087,甘李药业,20200629,,主板,L,433811216.3000001,-14.28138265615524,未知,未知,,,56.54,29.5314,32.9752,2.8557,0.9861,3377162.2947,3154132.4113,386508384.59999996,True,0,0,False,False,66.57,56.15,-6.110926602457656,-14.294376231620431,-15.066846928045663,False,-14.28138265615524,1.410939133031408,-13.31,81.21,186069686.5,96.6667,,,2146415605.5700002,80.3093,1.6413,0,3377162.2947,386508384.59999996,1.0,1.5,PASS,False,0.4444444444444444,-13.31,81.21,1.0,-14.31,,29.5314,2.8557,1.6413,,99.46392506573181,0.0,0.0,56.54,66.57,False,0,86.02520045819016,,0.046636085626911315,0,0,5.0,393,-16.045696773410533,False,-6.110926602457656,,-0.010743595740739407,False,False,独立池,-14.31,0.0,20.631700368620358,32.43390021118112,1.0,0.0,32.43,Other
603499.SH,603499,翔港科技,20171016,,主板,L,155056299.0,-0.9149130832570851,未知,未知,,,21.66,56.3705,62.0056,7.0808,2.2865,655419.4487,655419.4487,296521571.0,True,1,1,False,False,23.76,19.88,-6.111833550065016,-4.79120879120879,-8.838383838383844,False,-0.9149130832570851,1.410939133031408,,90.76,,,,,281888135.51,128.2023,3.3631,0,655419.4487,296521571.0,1.0,1.5,PASS,False,0.4444444444444444,,90.76,1.0,0.0,DATA-INC,56.3705,7.0808,3.3631,,99.46392506573181,0.0,0.0,21.66,23.76,False,0,86.94158075601375,,0.4136085626911315,0,0,5.0,393,-2.6792272005123796,False,-6.111833550065016,,0.015969730905597803,False,False,独立池,0.0,0.0,20.84077185628365,32.75062859806086,1.0,0.0,32.75,Other
603659.SH,603659,璞泰来,20171103,,主板,L,2289194001.7500005,-7.68128403554027,未知,未知,,,32.21,29.1699,26.7192,3.3556,2.297,6881341.4238,6881341.4238,1693774430.2,False,0,0,False,False,37.66,31.69,-4.449718184514984,12.425828970331597,-14.47158789166223,False,-7.68128403554027,1.410939133031408,38.23,108.74,655246331.62,93.0686,,,5456922545.849999,105.6411,3.3992,0,6881341.4238,1693774430.2,1.0,1.5,PASS,False,0.4444444444444444,38.23,108.74,1.0,38.23,,29.1699,3.3556,3.3992,0.7630107245618625,99.46392506573181,0.0,0.0,32.21,37.66,True,0,73.25315005727376,,0.18654434250764526,0,0,5.0,393,-9.445598152795565,False,-4.449718184514984,,-0.00522925009830558,False,False,独立池,38.23,0.0,21.399318535065458,28.75580872419522,1.0,0.0,28.76,Other
603283.SH,603283,赛腾股份,20171225,,主板,L,854118194.75,24.16311625076082,未知,未知,,,61.2,34.2159,32.6859,4.6587,9.0855,1659585.082,1659585.082,1206479930.1999998,False,1,0,False,False,63.86,48.55,6.010739650095287,26.420161123734776,-4.165361728781702,False,24.16311625076082,1.410939133031408,46.57,-12.0,88987108.14,97.7193,,,921960089.31,-23.9275,2.5866,0,1659585.082,1206479930.1999998,1.0,1.5,PASS,False,0.4444444444444444,46.57,-12.0,1.0,46.57,ESP-Q,34.2159,4.6587,2.5866,0.7347197766802662,99.46392506573181,0.0,0.0,61.2,63.86,False,0,92.78350515463917,CHASE,0.8814984709480123,1,1,75.0,393,22.398802133505523,True,6.010739650095287,,-0.0022469747446115713,True,False,独立池,46.57,0.0,21.521167326617647,69.63928501171529,0.7,0.0,48.75,Other
600025.SH,600025,华能水电,20171215,,主板,L,319458839.3,0.21074815595363283,未知,未知,,,9.51,20.8348,20.7493,2.4972,0.3017,17718170.6384,17718170.6384,443020609.4000001,False,0,0,False,False,9.93,9.29,-1.0405827263267442,4.048140043763659,-4.229607250755285,False,0.21074815595363283,1.410939133031408,1.33,2.65,1540823154.93,99.8421,,,22243386210.29,185.548,1.8468,0,17718170.6384,443020609.4000001,1.0,1.5,PASS,False,0.4444444444444444,1.33,2.65,1.0,0.33000000000000007,,20.8348,2.4972,1.8468,15.665263157894737,99.46392506573181,0.0,0.0,9.51,9.93,False,0,73.25315005727376,,0.4541284403669725,0,0,5.0,393,-1.5535659613016617,False,-1.0405827263267442,,-0.00038165266438388543,False,False,独立池,0.33000000000000007,0.0,20.845593211345065,28.64506365945114,1.0,0.0,28.65,Other
002918.SZ,002918,蒙娜丽莎,20171219,,主板,L,169465561.1,61.57849089332177,未知,未知,,,18.63,145.269,81.3819,2.3575,22.2572,761606.5635,399038.9135,447278132.4000001,True,6,6,True,True,18.63,10.47,46.34721131186173,6.335616438356162,0.0,False,61.57849089332177,1.410939133031408,74.87,-59.2,-16964612.64,,,,76330438.17999999,,-0.5501,0,761606.5635,447278132.4000001,1.0,1.5,PASS,False,0.4444444444444444,74.87,-59.2,1.0,74.87,ESP-Q,145.269,2.3575,-0.5501,1.940283157472953,99.46392506573181,0.0,0.0,18.63,18.63,False,0,95.99083619702176,CHASE,0.9885321100917431,1,1,100.0,393,59.814176776066475,True,46.34721131186173,LOCK|突破型|OVERHEAT,0.06656330219938761,True,True,独立池,74.87,0.0,21.93463504855134,83.18417786881679,0.7,0.0,58.23,Tier2
603103.SH,603103,横店影视,20171012,,主板,L,255643732.40000004,-10.271231658514889,未知,未知,,,20.18,80.3839,,10.0124,0.6992,1279815.6,1279815.6,112158774.0,False,0,0,False,False,24.99,19.98,-3.81315538608199,-45.07348938486664,-19.247699079631854,False,-10.271231658514889,1.410939133031408,-92.5,137.9342,24410842.74,60.841,,,276061093.99,313.1056,3.189,1,1279815.6,112158774.0,1.0,1.5,PASS,False,0.4444444444444444,-92.5,137.9342,1.0,-93.5,ESP-Q,80.3839,10.0124,3.189,,99.46392506573181,0.0,0.0,20.18,24.99,True,10,54.86827033218786,,0.11085626911314984,0,0,5.0,393,-12.035545775770183,False,-3.81315538608199,,-0.009952318494163502,False,False,独立池,-93.5,0.0,19.47472125554865,22.85542535076609,0.7,10.0,6.0,Other
003036.SZ,003036,泰坦股份,20210128,,主板,L,599303669.6500001,44.27609427609429,未知,未知,,,42.85,195.7361,189.6058,6.5262,6.8826,926777.0943,926753.3125,763092804.9999999,True,4,1,False,True,46.5,26.11,0.49249530956847476,142.090395480226,-7.849462365591398,False,44.27609427609429,1.410939133031408,29.85,-71.18,14550827.28,70.9415,,,71179277.43,-665.578,1.3752,0,926777.0943,763092804.9999999,1.0,1.5,PASS,False,0.4444444444444444,29.85,-71.18,1.0,29.85,ESP-Q,195.7361,6.5262,1.3752,6.557323283082076,99.46392506573181,0.0,0.0,42.85,46.5,False,0,86.02520045819016,CHASE,0.9617737003058104,1,1,100.0,393,42.511780158838995,True,0.49249530956847476,突破型,0.013682948639420458,True,False,独立池,29.85,0.0,21.27688533683915,80.06293720482488,0.7,0.0,56.04,Tier2
601330.SH,601330,绿色动力,20180611,,主板,L,394667508.8,17.021276595744684,未知,未知,,,9.35,21.6615,20.9305,1.6166,6.3194,1337596.6814,924803.7259,447261314.20000005,True,0,0,False,False,9.54,7.78,5.292792792792778,30.586592178770932,-1.991614255765195,False,17.021276595744684,1.410939133031408,11.56,5.81,205549646.98,99.5268,,,1816546255.94,94.0358,2.4649,0,1337596.6814,447261314.20000005,1.0,1.5,PASS,False,0.4444444444444444,11.56,5.81,1.0,11.56,,21.6615,1.6166,2.4649,1.8738321799307958,99.46392506573181,0.0,0.0,9.35,9.54,False,0,81.09965635738831,CHASE,0.8195718654434251,1,1,100.0,393,15.25696247848939,True,5.292792792792778,,0.008308297261207383,True,False,独立池,11.56,0.0,21.00966538510179,78.53182998423685,1.0,0.0,78.53,Tier2
002919.SZ,002919,名臣健康,20171218,,主板,L,163798607.10000002,34.68875502008031,未知,未知,,,26.83,252.6096,288.7281,8.7578,4.0651,715089.4351,709916.9438,243792558.8,True,0,0,False,False,27.37,19.76,10.139573070607554,3.4309946029298155,-1.9729630982827984,False,34.68875502008031,1.410939133031408,-27.4,-262.55,9153195.01,99.7971,,,16388676.349999987,292.8681,1.1296,0,715089.4351,243792558.8,1.0,1.5,PASS,False,0.4444444444444444,-27.4,-262.55,1.0,-28.4,,252.6096,8.7578,1.1296,,99.46392506573181,0.0,10.0,26.83,27.37,False,0,84.65063001145475,CHASE,0.9396024464831805,1,1,100.0,393,32.92444090282501,True,10.139573070607554,OVERHEAT,0.017114181708998116,True,True,独立池,-28.4,0.0,20.425843117664673,79.48035762696935,1.0,10.0,69.48,Tier2
002921.SZ,002921,联诚精密,20171227,,主板,L,257383330.15,10.750000000000014,未知,未知,,,31.01,,,3.5226,6.6133,461956.3638,398302.1461,288158602.4,False,0,0,False,False,33.26,23.62,-4.877300613496926,24.93956486704272,-6.764882742032463,False,10.750000000000014,1.410939133031408,81.63,8.15,-1772820.74,,,,-81498011.56,,-0.0723,0,461956.3638,288158602.4,1.0,1.5,PASS,False,0.4444444444444444,81.63,8.15,1.0,81.63,,,3.5226,-0.0723,,99.46392506573181,0.0,0.0,31.01,33.26,False,0,77.31958762886599,,0.7247706422018348,1,1,75.0,393,8.98568588274472,True,-4.877300613496926,,-0.021451450694166336,False,False,独立池,81.63,0.0,22.03339977647614,65.10255624395502,1.0,0.0,65.1,Tier2
002903.SZ,002903,宇环数控,20171013,,主板,L,519027766.6,53.945249597423505,未知,未知,,,47.8,,,9.619,10.7231,749016.44,509861.8022,792813360.6,True,3,3,False,True,50.11,30.61,4.939626783754125,113.87024608501117,-4.609858311714232,False,53.945249597423505,1.410939133031408,-1984.85,-1830.33,-11625261.2,,,,-49647740.46,,-1.105,0,749016.44,792813360.6,1.0,1.5,PASS,False,0.4444444444444444,-1984.85,-1830.33,1.0,-1985.85,,,9.619,-1.105,,99.46392506573181,0.0,0.0,47.8,50.11,False,0,93.35624284077892,CHASE,0.981651376146789,1,1,100.0,393,52.18093548016821,True,4.939626783754125,突破型,-0.009251975773970321,True,False,独立池,-1426.4568,0.0,0.0,78.00687285223367,1.0,0.0,78.01,Tier2
002896.SZ,002896,中大力德,20170829,,主板,L,604379351.5999999,8.977825851811794,未知,未知,,,80.6,252.6031,280.9967,13.147,9.2469,1583972.7202,1583972.7202,1227533754.6,True,0,0,False,False,83.12,67.41,6.670195870831108,-0.6165228113440224,-3.031761308950931,False,8.977825851811794,1.410939133031408,-43.19,-20.27,6804036.91,61.5081,,,135527664.23,-83.015,0.9193,0,1583972.7202,1227533754.6,1.0,1.5,PASS,False,0.4444444444444444,-43.19,-20.27,1.0,-44.19,ESP-Q,252.6031,13.147,0.9193,,99.46392506573181,0.0,10.0,80.6,83.12,False,0,50.0,COV-LOW,0.6850152905198776,0,1,55.0,393,7.2135117345565,True,6.670195870831108,,0.020695536884423736,False,False,独立池,-44.19,0.0,20.195148583059268,46.53902971661185,0.7,10.0,22.58,Other
603507.SH,603507,振江股份,20171106,,主板,L,598721247.85,0.48748061156658196,未知,未知,,,45.35,75.023,41.5256,3.2143,4.1155,835806.4272,824337.4122,467900916.79999995,True,0,0,False,False,49.77,42.53,1.1148272017837302,43.2406822488945,-8.880851918826604,False,0.48748061156658196,1.410939133031408,31.15,-18.86,46378445.37,47.782,,,378685249.24,213.8862,3.7986,0,835806.4272,467900916.79999995,1.0,1.5,PASS,False,0.4444444444444444,31.15,-18.86,1.0,31.15,ESP-Q,75.023,3.2143,3.7986,2.408443017656501,99.46392506573181,0.0,0.0,45.35,49.77,True,0,88.65979381443299,,0.46712538226299694,0,0,5.0,393,-1.2768335056887126,False,1.1148272017837302,,-0.023502625299390296,False,False,独立池,31.15,0.0,21.29587855374777,33.35711385507945,0.7,0.0,23.35,Other
603893.SH,603893,瑞芯微,20200207,,主板,L,1677657816.6499999,1.4547160957297134,未知,未知,,,172.96,70.0179,62.7898,15.4273,2.2361,7281522.6016,7279481.6736,1829388789.8000002,True,0,0,False,False,188.88,168.4,-5.341506129597196,-5.113012947114326,-8.42863193562049,False,1.4547160957297134,1.410939133031408,53.84,87.39,319900584.29,97.1767,,,2600554944.56,106.9377,7.2332,0,7281522.6016,1829388789.8000002,1.0,1.5,PASS,False,0.4444444444444444,53.84,87.39,1.0,53.84,,70.0179,15.4273,7.2332,1.3004810549777117,99.46392506573181,0.0,0.0,172.96,188.88,False,0,92.78350515463917,,0.4938837920489297,0,0,5.0,393,-0.30959802152558114,False,-5.341506129597196,,-0.017716884555742798,False,False,独立池,53.84,0.0,21.62738323963736,34.66052819431922,1.0,0.0,34.66,Other
600968.SH,600968,海油发展,20190626,,主板,L,254505549.00000003,-3.480278422273775,未知,未知,,,4.16,10.8865,10.7662,1.4019,0.4951,4228683.3468,4228683.3468,213251280.6,True,0,0,False,False,4.47,4.12,-0.4784688995215225,-2.5761124121779777,-6.9351230425055865,False,-3.480278422273775,1.410939133031408,14.92,2.91,633400026.76,99.3684,,,9242797730.86,-185.3293,2.134,0,4228683.3468,213251280.6,1.0,1.5,PASS,False,0.4444444444444444,14.92,2.91,1.0,14.92,ESP-Q,10.8865,1.4019,2.134,0.7296581769436997,99.46392506573181,0.0,0.0,4.16,4.47,False,0,95.30355097365405,,0.32951070336391436,0,0,5.0,393,-5.244592539529069,False,-0.4784688995215225,,0.006269082827119116,False,False,独立池,14.92,0.0,21.058755545727138,35.30281640124164,0.7,0.0,24.71,Other
603655.SH,603655,朗博科技,20171229,,主板,L,169148093.04999998,3.6764705882353033,未知,未知,,,40.89,95.7948,100.396,7.527,2.6124,433434.0,433434.0,210640952.2,True,1,0,False,False,51.9,39.19,-12.34726688102894,-5.999999999999995,-21.21387283236994,False,3.6764705882353033,1.410939133031408,-22.66,77.88,7581784.13,92.2053,,,100972797.69,59.2079,1.4382,0,433434.0,210640952.2,1.0,1.5,PASS,False,0.4444444444444444,-22.66,77.88,1.0,-23.66,,95.7948,7.527,1.4382,,99.46392506573181,0.0,0.0,40.89,51.9,False,0,91.29438717067583,,0.5573394495412844,0,1,55.0,393,1.9121564709800087,False,-12.34726688102894,,0.007259602486714253,False,False,独立池,-23.66,0.0,20.49509530854686,58.98733521291212,1.0,0.0,58.99,Tier2
603829.SH,603829,洛凯股份,20171017,,主板,L,232471422.04999998,-3.6809815950920255,未知,未知,,,26.69,62.3719,90.3742,3.3283,2.9772,497144.3784,497144.3784,190395212.4,False,0,0,False,False,31.0,26.38,-8.845628415300544,2.417498081350744,-13.903225806451614,False,-3.6809815950920255,1.410939133031408,-96.1,-36.9,1049937.8,32.4512,,,142901502.07999998,-12399.3659,0.2168,0,497144.3784,190395212.4,1.0,1.5,PASS,False,0.4444444444444444,-96.1,-36.9,1.0,-97.1,ESP-Q,62.3719,3.3283,0.2168,,99.46392506573181,0.0,0.0,26.69,31.0,False,0,69.41580756013745,,0.32339449541284404,0,0,5.0,393,-5.4452957123473205,False,-8.845628415300544,,0.0003586749709367797,False,False,独立池,-97.1,0.0,19.42212465487864,27.209167199016964,0.7,0.0,19.05,Other
002922.SZ,002922,伊戈尔,20171229,,主板,L,962316896.6499999,9.66822187662002,未知,未知,,,42.31,89.5311,79.0128,4.7234,7.5005,1792788.6154,1588752.2706,1276273454.6000001,True,1,1,False,False,46.0,37.53,1.3413173652694566,-0.9597378277153457,-8.02173913043478,False,9.66822187662002,1.410939133031408,89.82,-26.32,52261546.86,76.101,,,497636547.90999997,-243.4117,1.8125,0,1792788.6154,1276273454.6000001,1.0,1.5,PASS,False,0.4444444444444444,89.82,-26.32,1.0,89.82,ESP-Q,89.5311,4.7234,1.8125,0.9967835671342685,99.46392506573181,0.0,0.0,42.31,46.0,False,0,89.3470790378007,,0.6995412844036697,0,1,55.0,393,7.903907759364726,True,1.3413173652694566,,0.004507129651453161,False,False,独立池,89.82,0.0,22.153057043000413,58.73473511994029,0.7,0.0,41.11,Other
603912.SH,603912,佳力图,20171101,,主板,L,487028187.65000004,14.102564102564097,未知,未知,,,11.57,,,3.6432,6.7651,626945.0363,626945.0363,380260280.20000005,True,2,0,False,False,12.18,9.78,0.5212858384013863,25.216450216450227,-5.008210180623973,False,14.102564102564097,1.410939133031408,,-513.7,,,,,-149971460.04,,-1.1394,1,626945.0363,380260280.20000005,1.0,1.5,PASS,False,0.4444444444444444,,-513.7,1.0,0.0,DATA-INC,,3.6432,-1.1394,,99.46392506573181,0.0,0.0,11.57,12.18,True,10,81.78694158075601,,0.7813455657492355,1,1,100.0,393,12.338249985308803,True,0.5212858384013863,,0.0024964480249277617,False,False,独立池,0.0,0.0,20.84077185628365,78.70423684548354,1.0,10.0,68.7,Tier2
002915.SZ,002915,中欣氟材,20171205,,主板,L,201479293.05,9.942911512844898,未知,未知,,,23.11,411.6409,723.0755,5.2111,2.7231,774816.6656,665739.3029,272478625.2,False,2,2,False,False,23.11,18.13,8.142255498362182,-0.7728638900815765,0.0,False,9.942911512844898,1.410939133031408,-329.39,103.58,-6067283.92,,,,8972263.41,,-0.356,0,774816.6656,272478625.2,1.0,1.5,PASS,False,0.4444444444444444,-329.39,103.58,1.0,-330.39,,411.6409,5.2111,-0.356,,99.46392506573181,0.0,10.0,23.11,23.11,False,0,93.69988545246277,,0.7064220183486238,1,1,75.0,393,8.178597395589604,True,8.142255498362182,OVERHEAT,0.039015795074123616,False,True,独立池,-330.39,0.0,16.01371882979343,68.81270940169752,1.0,10.0,58.81,Tier2
002939.SZ,002939,长城证券,20181026,,主板,L,340291376.5500001,-0.10881392818280489,未知,未知,,,9.18,15.7493,15.6461,1.1352,1.799,3703603.9456,3307241.5413,870803012.2,True,0,0,False,False,10.09,8.7,0.10905125408942062,-7.459677419354838,-9.018830525272548,False,-0.10881392818280489,1.410939133031408,2.85,49.28,621269282.26,100.0796,,,6281590042.2300005,595.1991,1.9249,0,3703603.9456,870803012.2,1.0,1.5,PASS,False,0.4444444444444444,2.85,49.28,1.0,2.85,,15.7493,1.1352,1.9249,5.526070175438596,99.46392506573181,0.0,0.0,9.18,10.09,False,0,77.20504009163804,,0.4418960244648318,0,0,5.0,393,-1.8731280454380994,False,0.10905125408942062,,0.018881560608276258,False,False,独立池,2.85,0.0,20.88241083181407,29.837994193854225,1.0,0.0,29.84,Other
002925.SZ,002925,盈趣科技,20180115,,主板,L,242441328.20000002,4.074446680080501,未知,未知,,,20.69,27.6673,26.8929,3.09,1.6022,1596583.2707,1512538.5561,248807021.0,True,0,0,False,False,21.47,18.54,-0.6721075372059349,-1.9431279620853115,-3.632976245924535,False,4.074446680080501,1.410939133031408,-18.93,-7.12,60182837.1,64.5347,,,578835480.61,140.3639,1.8207,1,1596583.2707,248807021.0,1.0,1.5,PASS,False,0.4444444444444444,-18.93,-7.12,1.0,-19.93,ESP-Q,27.6673,3.09,1.8207,,99.46392506573181,0.0,0.0,20.69,21.47,False,10,73.25315005727376,,0.5657492354740061,0,1,55.0,393,2.3101325628252067,False,-0.6721075372059349,,-0.01548135641355122,False,False,独立池,-19.93,0.0,20.54959123090773,53.58586326336368,0.7,10.0,27.51,Other
002945.SZ,002945,华林证券,20190117,,主板,L,194531964.85,-4.081632653061229,未知,未知,,,15.04,80.2163,81.7128,5.523,0.469,4060800.0,4060800.0,227238775.99999997,True,0,0,False,False,16.39,14.66,-6.930693069306937,-26.274509803921564,-8.236729713239788,False,-4.081632653061229,1.410939133031408,-12.22,24.29,93093428.87,99.2884,,,1255606511.93,6644.9057,1.2834,0,4060800.0,227238775.99999997,1.0,1.5,PASS,False,0.4444444444444444,-12.22,24.29,1.0,-13.22,,80.2163,5.523,1.2834,,99.46392506573181,0.0,0.0,15.04,16.39,False,0,84.65063001145475,,0.30198776758409784,0,0,5.0,393,-5.845946770316523,False,-6.930693069306937,,-0.04072359300980259,False,False,独立池,-13.22,0.0,20.647625450489887,32.0247140935344,1.0,0.0,32.02,Other
002958.SZ,002958,青农商行,20190326,,主板,L,159080227.95000002,-1.6722408026755953,未知,未知,,,2.94,5.2214,5.1131,0.4261,0.9892,1633353.2476,1599210.2973,140749098.4,False,0,0,False,False,3.15,2.92,-2.3255813953488302,-8.695652173913048,-6.666666666666665,False,-1.6722408026755953,1.410939133031408,10.28,13.33,1253982000.0,100.4936,,,9594270000.0,-86.6278,2.7911,0,1633353.2476,140749098.4,1.0,1.5,PASS,False,0.4444444444444444,10.28,13.33,1.0,10.28,ESP-Q,5.2214,0.4261,2.7911,0.5079182879377432,99.46392506573181,10.0,0.0,2.94,3.15,False,0,77.20504009163804,,0.38073394495412843,0,0,5.0,393,-3.43655491993089,False,-2.3255813953488302,,-0.03921444919663455,False,False,独立池,10.28,0.0,20.990964371530236,29.85970490179746,0.7,0.0,30.9,Other
002966.SZ,002966,苏州银行,20190802,,主板,L,241973795.70000005,-2.3201856148491795,未知,未知,,,8.42,7.0383,6.8739,0.7266,0.7523,3764297.4133,3700994.7014,225880582.20000002,False,0,0,False,False,8.89,8.28,-0.11862396204033177,0.8383233532934131,-5.286839145106869,False,-2.3201856148491795,1.410939133031408,10.21,5.28,1680977000.0,99.9263,,,14533823000.0,1816.401,2.7169,0,3764297.4133,225880582.20000002,1.0,1.5,PASS,False,0.4444444444444444,10.21,5.28,1.0,10.21,,7.0383,0.7266,2.7169,0.6893535749265425,99.46392506573181,10.0,0.0,8.42,8.89,False,0,77.20504009163804,,0.3623853211009174,0,0,5.0,393,-4.084499732104474,False,-0.11862396204033177,,0.0021524207306728854,False,False,独立池,10.21,0.0,20.98994165985054,29.85950035946152,1.0,0.0,39.86,Other
002948.SZ,002948,青岛银行,20190116,,主板,L,305954298.6499999,9.021113243762002,未知,未知,,,5.68,6.3726,6.0617,0.777,1.9121,3305961.4832,1767900.8049,300234098.2,True,0,0,False,False,6.22,5.16,0.0,2.3423423423423406,-8.681672025723476,False,9.021113243762002,1.410939133031408,22.46,23.78,1512834000.0,99.2536,,,13670171000.0,661.7373,3.045,0,3305961.4832,300234098.2,1.0,1.5,PASS,False,0.4444444444444444,22.46,23.78,1.0,22.46,,6.3726,0.777,3.045,0.2837310774710597,99.46392506573181,10.0,0.0,5.68,6.22,False,0,77.20504009163804,,0.6865443425076453,0,1,55.0,393,7.256799126506708,True,0.0,,0.04252195062046749,False,False,独立池,22.46,0.0,21.168916203797103,54.895295268250834,1.0,0.0,64.9,Tier2
603278.SH,603278,大业股份,20171113,,主板,L,690067884.7500001,56.60203139427517,未知,未知,,,16.96,,,2.9936,22.3414,579623.9288,579623.9288,1426895090.8,True,5,4,False,True,16.96,10.82,10.488599348534212,31.677018633540378,0.0,False,56.60203139427517,1.410939133031408,-568.6974,73.9836,-26473212.78,,,,-48318933.49,,-1.2604,0,579623.9288,1426895090.8,1.0,1.5,PASS,False,0.4444444444444444,-568.6974,73.9836,1.0,-569.6974,,,2.9936,-1.2604,,99.46392506573181,0.0,0.0,16.96,16.96,False,0,50.0,COV-LOW,0.9847094801223242,1,1,100.0,393,54.83771727701988,True,10.488599348534212,突破型|OVERHEAT,0.0127426605309482,True,True,独立池,-569.6974,0.0,12.517397786688292,67.50347955733766,1.0,0.0,67.5,Tier2
600903.SH,600903,贵州燃气,20171107,,主板,L,162335362.85,28.160000000000007,未知,未知,,,8.01,195.4605,119.6485,3.0097,12.7791,921157.5358,921157.5358,478011718.99999994,True,2,2,False,False,8.3,6.18,24.766355140186924,17.276720351390917,-3.4939759036144658,False,28.160000000000007,1.410939133031408,48.56,-47.48,97570088.15,96.2416,,,245195355.68,180.4852,3.1965,0,921157.5358,478011718.99999994,1.0,1.5,PASS,False,0.4444444444444444,48.56,-47.48,1.0,48.56,ESP-Q,195.4605,3.0097,3.1965,4.025133855024712,99.46392506573181,0.0,0.0,8.01,8.3,False,0,73.25315005727376,CHASE,0.9067278287461774,1,1,100.0,393,26.39568588274471,True,24.766355140186924,OVERHEAT,0.007466261075461585,True,True,独立池,48.56,0.0,21.55024155865468,76.28599332891307,0.7,0.0,53.4,Tier2
601456.SH,601456,国联民生,20200731,,主板,L,241621552.70000002,0.21482277121374072,未知,未知,,,9.33,26.3823,24.8881,0.9908,0.6078,5299993.088,4083723.8487,237986095.19999996,True,0,0,False,False,9.74,9.18,-3.4161490683229823,-5.086469989827059,-4.20944558521561,False,0.21482277121374072,1.410939133031408,28.34,412.38,484473835.7,97.5276,,,5278281413.89,878.3636,0.9374,0,5299993.088,237986095.19999996,1.0,1.5,PASS,False,0.4444444444444444,28.34,412.38,1.0,28.34,,26.3823,0.9908,0.9374,0.9309209597741708,99.46392506573181,0.0,0.0,9.33,9.74,False,0,86.02520045819016,,0.45489296636085624,0,0,5.0,393,-1.5494913460415538,False,-3.4161490683229823,,-0.017187894587120837,False,False,独立池,28.34,0.0,21.254823984891452,32.55852493443534,1.0,0.0,32.56,Other
002989.SZ,002989,中天精装,20200610,,主板,L,263750495.0,19.535569480280145,未知,未知,,,32.43,,,4.6915,5.369,653836.9294,594560.5646,423749008.4,True,2,1,False,False,34.77,23.2,0.5269683818970972,13.7495615573483,-6.729939603106139,False,19.535569480280145,1.410939133031408,-50.7,52.37,-16276503.73,,,,-336871028.96,,-0.6229,0,653836.9294,423749008.4,1.0,1.5,PASS,False,0.4444444444444444,-50.7,52.37,1.0,-51.7,,,4.6915,-0.6229,,99.46392506573181,0.0,0.0,32.43,34.77,False,0,86.02520045819016,CHASE,0.8409785932721713,1,1,100.0,393,17.77125536302485,True,0.5269683818970972,,-0.015281664742138974,True,False,独立池,-51.7,0.0,20.085426229994884,79.82464538345602,1.0,0.0,79.82,Tier2
002916.SZ,002916,深南电路,20171213,,主板,L,3518651876.5000005,19.311261211383002,未知,未知,,,323.25,67.2176,60.5822,12.1715,1.4777,22018710.1834,21489965.4713,3499750619.2000003,True,0,0,False,False,350.7,266.03,-3.079275605660825,31.375736638894523,-7.827202737382377,False,19.311261211383002,1.410939133031408,75.04,78.96,849446715.47,99.9078,,,7410514171.150001,26.2363,4.8254,0,22018710.1834,3499750619.2000003,1.0,1.5,PASS,False,0.4444444444444444,75.04,78.96,1.0,75.04,,67.2176,12.1715,4.8254,0.8957569296375266,99.46392506573181,0.0,0.0,323.25,350.7,False,0,92.78350515463917,CHASE,0.8379204892966361,1,1,100.0,393,17.546947094127706,True,-3.079275605660825,,-0.0033967563288652756,True,False,独立池,75.04,0.0,21.93711877691631,82.222475301775,1.0,0.0,82.22,Tier2
603379.SH,603379,三美股份,20190402,,主板,L,570460299.35,1.2968066137137413,未知,未知,,,62.49,18.5086,17.609,4.4252,3.8405,3814883.5022,3814883.5022,706094288.0,True,0,0,False,False,66.57,60.81,0.7740686985969969,-9.065774155995342,-6.128886885984663,False,1.2968066137137413,1.410939133031408,25.41,173.13,496387015.67,98.1349,,,5106959961.94,75.3038,6.0518,0,3814883.5022,706094288.0,1.0,1.5,PASS,False,0.4444444444444444,25.41,173.13,1.0,25.41,,18.5086,4.4252,6.0518,0.7283982683982685,99.46392506573181,10.0,0.0,62.49,66.57,False,0,73.25315005727376,,0.4900611620795107,0,0,5.0,393,-0.46750750354155324,False,0.7740686985969969,,0.00929017581051641,False,False,独立池,25.41,0.0,21.212016196012808,28.71834825638469,1.0,0.0,38.72,Other
002928.SZ,002928,华夏航空,20180302,,主板,L,226927523.79999998,-8.94117647058823,未知,未知,,,7.74,15.8067,14.5929,2.4859,2.2727,989358.9597,989353.9481,253107188.0,True,0,0,False,False,8.93,7.67,-4.444444444444439,-34.79359730412804,-13.325867861142216,False,-8.94117647058823,1.410939133031408,100.21,439.46,151962850.88,113.3707,,,1550310122.07,429.989,3.4167,0,989358.9597,253107188.0,1.0,1.5,PASS,False,0.4444444444444444,100.21,439.46,1.0,100.21,,15.8067,2.4859,3.4167,0.15773575491467917,99.46392506573181,10.0,0.0,7.74,8.93,False,0,77.20504009163804,,0.14678899082568808,0,0,5.0,393,-10.705490587843524,False,-4.444444444444439,,-0.0019270883727817518,False,False,独立池,100.21,0.0,22.304856676600803,30.122483362811572,1.0,0.0,40.12,Other
603486.SH,603486,科沃斯,20180528,,主板,L,577216347.4999999,4.05685992652931,未知,未知,,,65.15,21.4506,22.3387,4.0649,2.4319,3771680.4784,3735391.2769,618024234.6,True,1,0,False,False,69.58,61.02,-1.4968249168430536,-9.135285913528591,-6.366772060937043,False,4.05685992652931,1.410939133031408,11.46,126.14,396566358.11,97.9722,,,4160910904.6900005,43.5343,4.3902,0,3771680.4784,618024234.6,1.0,1.5,PASS,False,0.4444444444444444,11.46,126.14,1.0,11.46,,21.4506,4.0649,4.3902,1.871780104712042,99.46392506573181,10.0,0.0,65.15,69.58,False,0,84.65063001145475,,0.5649847094801224,0,1,55.0,393,2.292545809274016,False,-1.4968249168430536,,0.0016859533433819104,False,False,独立池,11.46,0.0,21.008204368416518,57.09682987711973,1.0,0.0,67.1,Tier2
603225.SH,603225,新凤鸣,20170418,,主板,L,371432145.95,-3.893905191873581,未知,未知,,,17.03,28.0525,26.4634,1.3583,1.0105,2856771.9073,2841533.293,368206052.6,False,0,0,False,False,19.28,16.34,-6.83807439824945,-19.212523719165077,-11.670124481327804,False,-3.893905191873581,1.410939133031408,93.87,-6.9,504738043.7,137.3164,,,2178267792.4300003,-576.8684,1.8849,0,2856771.9073,368206052.6,1.0,1.5,PASS,False,0.4444444444444444,93.87,-6.9,1.0,93.87,ESP-Q,28.0525,1.3583,1.8849,0.2988441461595824,99.46392506573181,0.0,0.0,17.03,19.28,False,0,65.75028636884306,,0.31269113149847094,0,0,5.0,393,-5.658219309128876,False,-6.83807439824945,,0.0007745119465303845,False,False,独立池,93.87,0.0,22.212228218754174,26.66753155440375,0.7,0.0,18.67,Other
002995.SZ,002995,天地在线,20200805,,主板,L,236303713.49999997,-3.8593481989708356,未知,未知,,,22.42,,,4.9587,12.2173,397852.9442,252039.3803,184603587.20000002,True,0,0,False,False,24.39,20.81,-4.106073567151403,-34.05882352941176,-8.077080770807699,False,-3.8593481989708356,1.410939133031408,96.95,-88.68,-538883.28,,,,-208475963.85,,-0.0424,0,397852.9442,184603587.20000002,1.0,1.5,PASS,False,0.4444444444444444,96.95,-88.68,1.0,96.95,ESP-Q,,4.9587,-0.0424,,99.46392506573181,0.0,0.0,22.42,24.39,True,0,94.73081328751431,,0.31574923547400613,0,0,5.0,393,-5.62366231622613,False,-4.106073567151403,,-0.019209218890969312,False,False,独立池,96.95,0.0,22.25722753266074,35.37068949278644,0.7,0.0,24.76,Other
603897.SH,603897,长城科技,20180410,,主板,L,704509832.1,23.043478260869566,未知,未知,,,56.6,37.0374,38.2901,4.6078,7.8316,1168425.9545,1168425.9545,767872118.8000001,True,2,1,False,False,59.78,41.29,1.433691756272415,111.19402985074629,-5.3195048511207705,False,23.043478260869566,1.410939133031408,-17.25,34.74,43641281.56,97.8338,,,698708070.8199999,281.9931,1.7706,0,1168425.9545,767872118.8000001,1.0,1.5,PASS,False,0.4444444444444444,-17.25,34.74,1.0,-18.25,,37.0374,4.6078,1.7706,,99.46392506573181,0.0,0.0,56.6,59.78,False,0,54.86827033218786,,0.8730886850152905,1,1,100.0,393,21.27916414361427,True,1.433691756272415,,-0.015428832283021726,True,False,独立池,-18.25,0.0,20.5741363112204,70.57530836190044,1.0,0.0,70.58,Tier2
603477.SH,603477,巨星农牧,20171218,,主板,L,363766250.2,-4.451510333863274,未知,未知,,,18.03,310.7544,,3.4282,4.5568,942931.5373,919656.951,423430491.4,True,0,0,False,False,19.62,17.1,-5.700836820083676,0.38975501113585054,-8.103975535168196,False,-4.451510333863274,1.410939133031408,-328.21,-90.35,-301864790.56,,,,15344650.469999999,,-12.1465,0,942931.5373,423430491.4,1.0,1.5,PASS,False,0.4444444444444444,-328.21,-90.35,1.0,-329.21,,310.7544,3.4282,-12.1465,,99.46392506573181,0.0,0.0,18.03,19.62,False,0,84.65063001145475,,0.290519877675841,0,0,5.0,393,-6.215824451118568,False,-5.700836820083676,,0.0012970723036213726,False,False,独立池,-329.21,0.0,16.030958826679708,31.101380768772366,1.0,0.0,31.1,Other
603105.SH,603105,芯能科技,20180709,,主板,L,278468786.84999996,-6.816059757236226,未知,未知,,,9.98,24.8564,28.4388,2.322,3.7351,499010.8822,499010.8822,243563131.99999997,True,0,0,False,False,12.34,9.63,1.0121457489878471,-5.76015108593012,-19.124797406807126,False,-6.816059757236226,1.410939133031408,-92.16,6.53,2082501.22,90.9927,,,485198141.1,114.8427,0.1005,0,499010.8822,243563131.99999997,1.0,1.5,PASS,False,0.4444444444444444,-92.16,6.53,1.0,-93.16,,24.8564,2.322,0.1005,,99.46392506573181,0.0,0.0,9.98,12.34,False,0,96.79266895761741,,0.20642201834862386,0,0,5.0,393,-8.58037387449152,False,1.0121457489878471,,-8.905288012576116e-05,False,False,独立池,-93.16,0.0,19.479688712278595,35.43373842974094,1.0,0.0,35.43,Other
603301.SH,603301,振德医疗,20180412,,主板,L,214747857.25000003,7.4684431977559695,未知,未知,,,91.95,93.0284,91.8987,4.2684,2.4017,2426341.8889,2426341.8889,220663668.59999996,True,0,0,False,False,97.0,84.41,-1.5630018199336182,13.954641219481978,-5.206185567010301,False,7.4684431977559695,1.410939133031408,-9.19,-24.05,43183996.15,79.3123,,,584296707.65,8.5607,0.9542,0,2426341.8889,220663668.59999996,1.0,1.5,PASS,False,0.4444444444444444,-9.19,-24.05,1.0,-10.19,ESP-Q,93.0284,4.2684,0.9542,,99.46392506573181,0.0,0.0,91.95,97.0,False,0,84.65063001145475,,0.6551987767584098,0,1,55.0,393,5.704129080500675,True,-1.5630018199336182,,-0.052610837688453135,False,False,独立池,-10.19,0.0,20.691894256053814,57.03356785464719,0.7,0.0,39.92,Other
603773.SH,603773,沃格光电,20180417,,主板,L,1807968079.6499996,51.43376413570273,未知,未知,,,74.99,,,15.9585,1.0565,1685300.0109,1684715.0889,2140967020.3999999,True,7,2,False,True,88.88,44.6,-6.297638385605408,93.82269320237788,-15.627812781278127,False,51.43376413570273,1.410939133031408,-100.45,-29.75,-56447001.69,,,,-376113793.33,,-4.7353,0,1685300.0109,2140967020.3999999,1.0,1.5,PASS,False,0.4444444444444444,-100.45,-29.75,1.0,-101.45,,,15.9585,-4.7353,,99.46392506573181,0.0,0.0,74.99,88.88,False,0,88.43069873997709,CHASE,0.9770642201834863,1,1,100.0,393,49.669450018447435,True,-6.297638385605408,突破型,0.015369741875375674,True,False,独立池,-101.45,0.0,19.358570429069044,80.40092370780694,1.0,0.0,80.4,Tier2
603279.SH,603279,景津装备,20190729,,主板,L,167060850.59999996,-3.4908700322234254,未知,未知,,,17.97,19.8966,21.7055,2.2314,1.0749,1035742.281,1035742.281,143512377.20000002,True,1,1,False,False,19.64,16.96,-6.842923794712286,-1.4802631578947345,-8.503054989816706,False,-3.4908700322234254,1.410939133031408,-23.56,-39.5,121571774.22,98.4658,,,1375827477.74,38.993,2.6956,0,1035742.281,143512377.20000002,1.0,1.5,PASS,False,0.4444444444444444,-23.56,-39.5,1.0,-24.56,,19.8966,2.2314,2.6956,,99.46392506573181,0.0,0.0,17.97,19.64,False,0,65.75028636884306,,0.32798165137614677,0,0,5.0,393,-5.25518414947872,False,-6.842923794712286,,-0.007419639674241304,False,False,独立池,-24.56,0.0,20.481946158379355,26.32147514232879,1.0,0.0,26.32,Other
603150.SH,603150,万朗磁塑,20220124,,主板,L,170898347.29999998,24.630627498696334,未知,未知,,,71.7,55.0536,60.9206,3.5214,2.7086,612913.11,612913.11,196402449.00000003,False,2,1,False,False,77.8,52.31,-2.4224278715296643,31.1025781678552,-7.840616966580971,False,24.630627498696334,1.410939133031408,-18.95,-25.81,28468536.39,105.9753,,,219281692.45,-846.1787,1.5477,0,612913.11,196402449.00000003,1.0,1.5,PASS,False,0.4444444444444444,-18.95,-25.81,1.0,-19.95,ESP-Q,55.0536,3.5214,1.5477,,99.46392506573181,0.0,0.0,71.7,77.8,False,0,50.0,COV-LOW,0.8837920489296636,1,1,75.0,393,22.86631338144104,True,-2.4224278715296643,,0.006413769278336396,True,False,独立池,-19.95,0.0,20.549299027570672,56.609859805514134,0.7,0.0,39.63,Other
603267.SH,603267,鸿远电子,20190515,,主板,L,435394804.1,9.611252197694874,未知,未知,,,56.11,51.885,45.3328,2.8699,3.8189,1296594.885,1296594.885,627868456.5999999,True,0,0,False,False,59.18,49.4,-2.1280306994592713,0.1606569082470477,-5.187563366002024,False,9.611252197694874,1.410939133031408,-31.29,110.03,39163826.39,40.6597,,,642595263.92,-131.3684,2.155,0,1296594.885,627868456.5999999,1.0,1.5,PASS,False,0.4444444444444444,-31.29,110.03,1.0,-32.29,ESP-Q,51.885,2.8699,2.155,,99.46392506573181,0.0,0.0,56.11,59.18,False,0,84.65063001145475,,0.6972477064220184,0,1,55.0,393,7.84693808043958,True,-2.1280306994592713,,0.005680281869217545,False,False,独立池,-32.29,0.0,20.36900956860736,56.968990917157896,0.7,0.0,39.88,Other
603353.SH,603353,和顺石油,20200407,,主板,L,413319981.59999996,18.00776196636482,未知,未知,,,45.61,,,4.8787,4.7085,784063.266,777276.498,457742370.0,True,2,2,False,False,55.75,35.28,-12.75822494261668,18.868908001042485,-18.188340807174885,False,18.00776196636482,1.410939133031408,7.78,-239.76,8760357.93,39.6941,,,-5777264.36,-216.827,1.3827,0,784063.266,457742370.0,1.0,1.5,PASS,False,0.4444444444444444,7.78,-239.76,1.0,7.78,ESP-Q,,4.8787,1.3827,,99.46392506573181,0.0,0.0,45.61,55.75,False,0,86.02520045819016,CHASE,0.8279816513761468,1,1,100.0,393,16.243447849109526,True,-12.75822494261668,,-0.011350271114295128,True,False,独立池,7.78,0.0,20.954438954398285,79.9984479283367,0.7,0.0,56.0,Tier2
603220.SH,603220,中贝通信,20181115,,主板,L,1988584162.3999999,7.302790217016875,未知,未知,,,31.15,205.3242,267.1006,4.3379,15.4121,1670720.6589,1352723.2455,1670969934.3999999,True,2,0,False,False,34.23,27.5,0.1607717041800516,22.300745975657634,-8.997955010224945,False,7.302790217016875,1.410939133031408,-121.94,-44.52,-3980209.88,,,,207464783.5,,-0.0001,0,1670720.6589,1670969934.3999999,1.0,1.5,PASS,False,0.4444444444444444,-121.94,-44.52,1.0,-122.94,,205.3242,4.3379,-0.0001,,99.46392506573181,0.0,0.0,31.15,34.23,False,0,73.25315005727376,,0.6513761467889908,0,1,55.0,393,5.53847609976158,True,0.1607717041800516,,0.0011881422523487024,False,False,独立池,-122.94,0.0,19.044597943402785,53.28486460586268,1.0,0.0,53.28,Tier2
605098.SH,605098,行动教育,20210421,,主板,L,153522521.79999998,0.24937655860348684,未知,未知,,,60.3,22.4767,21.7419,7.017,1.8243,719084.133,719084.133,142349209.8,True,1,0,False,False,69.8,57.67,-1.9193233571893287,22.262773722627728,-13.610315186246414,False,0.24937655860348684,1.410939133031408,61.55,15.58,37338700.11,95.5658,,,636886363.98,116.7494,3.8395,0,719084.133,142349209.8,1.0,1.5,PASS,False,0.4444444444444444,61.55,15.58,1.0,61.55,,22.4767,7.017,3.8395,0.36517790414297324,99.46392506573181,0.0,0.0,60.3,69.8,False,0,50.0,COV-LOW,0.45565749235474007,0,0,5.0,393,-1.5149375586518077,False,-1.9193233571893287,,0.013867796395371884,False,False,独立池,61.55,0.0,21.7400276260723,21.84800552521446,1.0,0.0,21.85,Other
002992.SZ,002992,宝明科技,20200803,,主板,L,153185452.60000002,-4.774167987321709,未知,未知,,,48.07,728.1218,560.3864,11.8117,1.2537,869435.5284,751022.1353,148186524.00000003,False,0,0,False,False,56.98,47.76,-4.109315778974665,-14.905292972207473,-15.637065637065628,False,-4.774167987321709,1.410939133031408,14.76,109.82,-13295684.22,,,,-22457477.75,,-1.8882,0,869435.5284,148186524.00000003,1.0,1.5,PASS,False,0.4444444444444444,14.76,109.82,1.0,14.76,|VAL-X,728.1218,11.8117,-1.8882,49.33074525745258,99.46392506573181,0.0,15.0,48.07,56.98,False,0,94.73081328751431,,0.2775229357798165,0,0,5.0,393,-6.538482104577003,False,-4.109315778974665,,-0.05270492889636655,False,False,独立池,14.76,0.0,21.056417919030693,35.13052757006043,1.0,15.0,20.13,Other
601869.SH,601869,长飞光纤,20180720,,主板,L,6591465914.65,4.417054739131632,未知,未知,,,374.45,380.9695,267.9022,21.7826,3.8213,31000906.7691,15215338.1677,6497739441.8,True,0,0,False,False,430.0,336.99,-6.4599935050336015,94.77243172951886,-12.918604651162791,False,4.417054739131632,1.410939133031408,966.44,40.56,461220234.0,93.151,,,1397792225.0,87.3356,3.5319,0,31000906.7691,6497739441.8,1.0,1.5,PASS,False,0.4444444444444444,966.44,40.56,1.0,966.44,,380.9695,21.7826,3.5319,0.39419881213525926,99.46392506573181,0.0,0.0,374.45,430.0,False,0,90.60710194730814,,0.5795107033639144,0,1,55.0,393,2.652740621876337,False,-6.4599935050336015,,-0.009953396977016036,False,False,独立池,966.44,0.0,34.960621509485044,61.67425488608945,1.0,0.0,61.67,Tier2
601066.SH,601066,中信建投,20180620,,主板,L,304947679.9499999,1.5109890109890278,未知,未知,,,22.17,18.2178,15.2666,1.9932,0.1836,17196592.3649,14400902.6846,323448094.0,True,0,0,False,False,23.53,21.33,-4.025974025974022,-9.139344262295069,-5.779855503612408,False,1.5109890109890278,1.410939133031408,97.44,30.77,3623252987.92,98.7961,,,24609160910.879997,664.7471,2.9825,0,17196592.3649,323448094.0,1.0,1.5,PASS,False,0.4444444444444444,97.44,30.77,1.0,97.44,,18.2178,1.9932,2.9825,0.18696428571428572,99.46392506573181,10.0,0.0,22.17,23.53,False,0,73.25315005727376,,0.49617737003058104,0,0,5.0,393,-0.2533251062662667,False,-4.025974025974022,,-0.010830546796809334,False,False,独立池,97.44,0.0,22.264386514418604,28.928822320065848,1.0,0.0,38.93,Other
603681.SH,603681,永冠新材,20190326,,主板,L,159272520.45,14.00220507166483,未知,未知,,,20.68,39.6447,35.6988,1.4517,4.89,491650.1044,491650.1044,238026311.4,False,0,0,False,False,21.66,17.04,0.8780487804878057,3.245132301547682,-4.524469067405357,False,14.00220507166483,1.410939133031408,-1744.83,-75.0,-19154483.04,-71.5267,,,27495420.749999996,445.939,0.9488,0,491650.1044,238026311.4,1.0,1.5,PASS,False,0.4444444444444444,-1744.83,-75.0,1.0,-1745.83,ESP-Q,39.6447,1.4517,0.9488,,99.46392506573181,0.0,0.0,20.68,21.66,False,0,73.25315005727376,,0.7782874617737003,1,1,75.0,393,12.237890954409536,True,0.8780487804878057,,0.0007142907557450006,False,False,独立池,-1426.4568,0.0,0.0,59.47594501718213,0.7,0.0,41.63,Other
603297.SH,603297,永新光学,20180910,,主板,L,306841465.45,28.81775658075758,未知,未知,,,140.45,70.8683,74.075,7.4052,2.3011,1558105.9515,1555190.2095,435131521.2,True,0,0,False,False,147.8,108.32,-0.39007092198581894,26.679895372959315,-4.9729364005412835,False,28.81775658075758,1.410939133031408,-9.36,-0.72,40231722.03,87.2017,,,438318700.43,39.2365,2.217,0,1558105.9515,435131521.2,1.0,1.5,PASS,False,0.4444444444444444,-9.36,-0.72,1.0,-10.36,,70.8683,7.4052,2.217,,99.46392506573181,0.0,0.0,140.45,147.8,False,0,90.60710194730814,CHASE,0.908256880733945,1,1,100.0,393,27.053442463502286,True,-0.39007092198581894,,-0.0022891242501949997,True,False,独立池,-10.36,0.0,20.689410527688842,81.3200126897302,1.0,0.0,81.32,Tier2
603650.SH,603650,彤程新材,20180627,,主板,L,866260037.3000002,9.885496183206111,未知,未知,,,57.58,63.0594,60.6703,8.2103,3.8442,3547405.7413,3538137.7681,1152535068.2,True,0,0,False,False,59.5,52.01,0.4010462074978127,-1.1502145922746787,-3.226890756302525,False,9.885496183206111,1.410939133031408,10.67,29.58,176957352.01,97.0685,,,1508128282.0,11.545,4.2859,0,3547405.7413,1152535068.2,1.0,1.5,PASS,False,0.4444444444444444,10.67,29.58,1.0,10.67,,63.0594,8.2103,4.2859,5.909971883786317,99.46392506573181,0.0,0.0,57.58,59.5,False,0,72.73768613974799,,0.7056574923547401,1,1,100.0,393,8.121182065950817,True,0.4010462074978127,,-0.0067670217899137635,False,False,独立池,10.67,0.0,20.99666233660282,76.02063830924496,1.0,0.0,76.02,Tier2
605088.SH,605088,冠盛股份,20200817,,主板,L,178814059.70000002,6.993006993006978,未知,未知,,,36.72,25.2175,25.76,2.5176,2.7256,744410.0666,733354.409,210211809.39999998,True,0,0,False,False,39.32,33.17,-2.985468956406878,-11.132623426911914,-6.612410986775186,False,6.993006993006978,1.410939133031408,-10.91,0.45,67499321.05,86.7963,,,502643486.63,142.2771,2.6627,0,744410.0666,210211809.39999998,1.0,1.5,PASS,False,0.4444444444444444,-10.91,0.45,1.0,-11.91,,25.2175,2.5176,2.6627,,99.46392506573181,0.0,0.0,36.72,39.32,False,0,86.02520045819016,,0.6467889908256881,0,1,55.0,393,5.228692875751683,True,-2.985468956406878,,-0.0069899970420312235,False,False,独立池,-11.91,0.0,20.66676476906703,57.44091309127045,1.0,0.0,57.44,Tier2
002940.SZ,002940,昂利康,20181023,,主板,L,997477115.9500002,33.59085290482076,未知,未知,,,43.23,69.5202,68.5644,5.2979,28.7811,872070.9481,800942.995,1210689140.6000001,True,4,2,False,True,43.98,30.71,26.218978102189784,32.201834862385304,-1.7053206002728527,False,33.59085290482076,1.410939133031408,82.96,78.82,16042318.6,90.8668,,,202061557.41,-59.4391,1.0787,0,872070.9481,1210689140.6000001,1.0,1.5,PASS,False,0.4444444444444444,82.96,78.82,1.0,82.96,ESP-Q,69.5202,5.2979,1.0787,0.83799662487946,99.46392506573181,0.0,0.0,43.23,43.98,False,0,80.18327605956472,CHASE,0.9319571865443425,1,1,100.0,393,31.82653878756546,True,26.218978102189784,突破型|OVERHEAT,0.05431525552463452,True,True,独立池,82.96,0.0,22.052831298390338,78.46554907754748,0.7,0.0,54.93,Tier2
002937.SZ,002937,兴瑞科技,20180926,,主板,L,288417432.3000001,8.824476650563607,未知,未知,,,33.79,69.581,71.5596,6.7549,2.7145,1006194.2239,1003406.4813,365166334.59999996,True,0,0,False,False,36.87,30.7,-1.1988304093567326,40.265670402656696,-8.353675074586375,False,8.824476650563607,1.410939133031408,-24.69,-35.69,28989085.97,80.1316,,,361038287.87,65.0722,2.3085,0,1006194.2239,365166334.59999996,1.0,1.5,PASS,False,0.4444444444444444,-24.69,-35.69,1.0,-25.69,,69.581,6.7549,2.3085,,99.46392506573181,0.0,0.0,33.79,36.87,False,0,90.60710194730814,,0.6811926605504587,0,1,55.0,393,7.060162533308313,True,-1.1988304093567326,,-0.0372395779205602,False,False,独立池,-25.69,0.0,20.46543666983571,58.77521791815958,1.0,0.0,58.78,Tier2
603629.SH,603629,利通电子,20181224,,主板,L,5020768090.849999,93.2916429789653,未知,未知,,,170.0,152.4131,83.446,19.866,15.0553,4459440.0,4386527.0,6499559713.000001,True,5,3,False,True,181.5,79.95,4.409777668591097,235.901995653033,-6.336088154269969,False,93.2916429789653,1.410939133031408,860.24,3906.41,278232194.62,102.5654,,,709791293.9,178.0107,12.9465,0,4459440.0,6499559713.000001,1.0,1.5,PASS,False,0.4444444444444444,860.24,3906.41,1.0,860.24,,152.4131,19.866,12.9465,0.17717509067237047,99.46392506573181,0.0,0.0,170.0,181.5,False,0,50.0,COV-LOW,0.9984709480122325,1,1,100.0,393,91.52732886171,True,4.409777668591097,突破型,-0.0010274665220784225,True,False,独立池,860.24,0.0,33.40902178971973,71.68180435794395,1.0,0.0,71.68,Tier2
603527.SH,603527,众源新材,20170907,,主板,L,255412222.3,11.187607573149737,未知,未知,,,12.92,64.9038,139.1809,1.9305,4.9835,409526.7904,409526.7904,259229129.2,True,0,0,False,False,14.08,11.2,-4.930095658572475,18.206770356816104,-8.238636363636365,False,11.187607573149737,1.410939133031408,290.9555,-185.62,25083766.15,65.3196,,,-83620140.24000001,-575.0315,1.8266,0,409526.7904,259229129.2,1.0,1.5,PASS,False,0.4444444444444444,290.9555,-185.62,1.0,290.9555,ESP-Q,64.9038,1.9305,1.8266,0.2230712256685301,99.46392506573181,0.0,0.0,12.92,14.08,False,0,50.0,COV-LOW,0.7301223241590215,1,1,100.0,393,9.423293455894443,True,-4.930095658572475,,-6.650485618537108e-05,False,False,独立池,290.9555,0.0,25.091680258017888,70.01833605160357,0.7,0.0,49.01,Other
002941.SZ,002941,新疆交建,20181128,,主板,L,189362096.75,-16.308470290771172,未知,未知,,,13.24,20.4509,20.8249,2.0612,1.1764,966190.5517,966190.5517,152039763.79999998,False,0,0,False,False,16.2,13.12,-5.832147937411092,-18.119975262832412,-18.2716049382716,False,-16.308470290771172,1.410939133031408,-33.31,4.14,-16831328.74,,,,824395185.8399999,,-0.3382,0,966190.5517,152039763.79999998,1.0,1.5,PASS,False,0.4444444444444444,-33.31,4.14,1.0,-34.31,,20.4509,2.0612,-0.3382,,99.46392506573181,0.0,0.0,13.24,16.2,False,0,77.20504009163804,,0.03134556574923547,0,0,5.0,393,-18.072784408026468,False,-5.832147937411092,,-0.06917671201116814,False,False,独立池,-34.31,0.0,20.339497031564743,29.729411433804362,1.0,0.0,29.73,Other
603915.SH,603915,国茂股份,20190614,,主板,L,187906062.65,23.932729624838277,未知,未知,,,19.16,53.5291,50.9321,3.3173,4.1496,1258107.8317,1258107.8317,357456674.40000004,True,0,0,False,False,19.96,14.96,8.12641083521446,11.65501165501166,-4.008016032064132,False,23.932729624838277,1.410939133031408,30.9,-12.15,50163161.47,91.1767,,,325252596.64,4.3025,1.4613,0,1258107.8317,357456674.40000004,1.0,1.5,PASS,False,0.4444444444444444,30.9,-12.15,1.0,30.9,ESP-Q,53.5291,3.3173,1.4613,1.7323333333333335,99.46392506573181,0.0,0.0,19.16,19.96,False,0,65.75028636884306,,0.8784403669724771,1,1,100.0,393,22.16841550758298,True,8.12641083521446,OVERHEAT,-0.01636285035610051,True,True,独立池,30.9,0.0,21.292226012034572,73.98353111305983,0.7,0.0,51.79,Tier2
603662.SH,603662,柯力传感,20190806,,主板,L,289485383.4,13.329792883696223,未知,未知,,,64.02,52.793,58.7509,6.4447,4.6697,1797872.8149,1797872.8149,451708899.4,True,0,0,False,False,64.66,54.34,4.539516655780518,-3.51168048229088,-0.989792762140429,False,13.329792883696223,1.410939133031408,20.76,11.06,51517483.54,125.2878,,,437119631.73,91.5915,1.4843,0,1797872.8149,451708899.4,1.0,1.5,PASS,False,0.4444444444444444,20.76,11.06,1.0,20.76,,52.793,6.4447,1.4843,2.5430154142581887,99.46392506573181,0.0,0.0,64.02,64.66,False,0,81.78694158075601,,0.7660550458715596,1,1,100.0,393,11.565478766440929,True,4.539516655780518,,0.003507502287424503,False,False,独立池,20.76,0.0,21.144078920147376,78.76489825825628,1.0,0.0,78.76,Tier2
003010.SZ,003010,若羽臣,20200925,,主板,L,224418308.29999998,-6.593049691458253,未知,未知,,,28.76,46.0186,37.3823,11.3028,2.4996,894607.053,650384.9154,219405754.39999998,True,0,0,False,False,33.0,28.49,-1.708817498291182,-18.596093971129346,-12.848484848484842,False,-6.593049691458253,1.410939133031408,167.45,78.43,67403755.41,93.1844,,,428080803.33,-34.4846,9.5765,0,894607.053,219405754.39999998,1.0,1.5,PASS,False,0.4444444444444444,167.45,78.43,1.0,167.45,ESP-Q,46.0186,11.3028,9.5765,0.27481994625261275,99.46392506573181,0.0,0.0,28.76,33.0,False,0,94.73081328751431,,0.21330275229357798,0,0,5.0,393,-8.357363808713547,False,-1.708817498291182,,0.008911206342075982,False,False,独立池,167.45,0.0,23.287244295781782,35.57669284541065,0.7,0.0,24.9,Other
603937.SH,603937,丽岛新材,20171102,,主板,L,267142752.90000004,14.162473040977709,未知,未知,,,15.88,,1424.0997,2.1436,6.3763,331718.1489,331718.1489,369346313.2,False,5,4,False,True,18.88,12.13,-11.185682326621915,22.153846153846168,-15.889830508474567,False,14.162473040977709,1.410939133031408,254.8577,,22832560.69,88.157,,,-5238416.789999999,566.1944,1.6552,0,331718.1489,369346313.2,1.0,1.5,PASS,False,0.4444444444444444,254.8577,,1.0,254.8577,ESP-Q,,2.1436,1.6552,,99.46392506573181,0.0,0.0,15.88,18.88,False,0,50.0,COV-LOW,0.7828746177370031,1,1,75.0,393,12.398158923722415,True,-11.185682326621915,突破型,0.0034559975186432695,False,False,独立池,254.8577,0.0,24.56428537699958,57.41285707539991,0.7,0.0,40.19,Other
600933.SH,600933,爱柯迪,20171117,,主板,L,321542828.2,2.0242914979757165,未知,未知,,,17.64,15.5118,16.036,1.8478,3.4541,1817155.15,1724092.2483,335168605.4,True,0,0,False,False,18.25,15.92,-1.8363939899832982,-6.518282988871227,-3.3424657534246505,False,2.0242914979757165,1.410939133031408,-17.78,26.96,194072295.9,88.6356,,,2712423518.26,164.5187,2.2252,0,1817155.15,335168605.4,1.0,1.5,PASS,False,0.4444444444444444,-17.78,26.96,1.0,-18.78,,15.5118,1.8478,2.2252,,99.46392506573181,0.0,0.0,17.64,18.25,False,0,83.04696449026346,,0.5053516819571865,0,0,5.0,393,0.259977380720422,False,-1.8363939899832982,,0.00855118886435066,False,False,独立池,-18.78,0.0,20.566392922788427,31.527367931636725,1.0,0.0,31.53,Other
601319.SH,601319,中国人保,20181116,,主板,L,454456428.6,-6.951871657754016,未知,未知,,,6.96,6.5986,7.2235,0.9638,0.2746,30779897.4458,24706438.5818,565129867.8,True,0,0,False,False,7.56,6.93,-5.691056910569103,-24.347826086956516,-7.9365079365079305,False,-6.951871657754016,1.410939133031408,-28.3,10.0,9184000000.0,104.1979,,,129734000000.0,121.1045,2.8055,0,30779897.4458,565129867.8,1.0,1.5,PASS,False,0.4444444444444444,-28.3,10.0,1.0,-29.3,,6.5986,0.9638,2.8055,,99.46392506573181,10.0,0.0,6.96,7.56,False,0,73.25315005727376,,0.2018348623853211,0,0,5.0,393,-8.716185775009311,False,-5.691056910569103,,0.007092635561413656,False,False,独立池,-29.3,0.0,20.412693967497177,28.55848381068156,1.0,0.0,38.56,Other
002947.SZ,002947,恒铭达,20190201,,主板,L,1194872967.2500002,18.287937743190664,未知,未知,,,82.08,39.5354,36.5669,6.7615,4.8149,2102966.2299,1581136.0471,887093388.5999999,True,0,0,False,False,88.66,67.17,-4.513727315030247,80.71334214002641,-7.421610647417099,False,18.287937743190664,1.410939133031408,34.82,15.33,138736273.21,91.6442,,,1275202979.06,118.9844,4.7686,0,2102966.2299,887093388.5999999,1.0,1.5,PASS,False,0.4444444444444444,34.82,15.33,1.0,34.82,,39.5354,6.7615,4.7686,1.1354221711659966,99.46392506573181,0.0,0.0,82.08,88.66,True,0,79.95418098510882,CHASE,0.8318042813455657,1,1,100.0,393,16.523623625935368,True,-4.513727315030247,,-0.010333827422612154,True,False,独立池,34.82,0.0,21.349497866097472,78.25615386875214,1.0,0.0,78.26,Tier2
603613.SH,603613,国联股份,20190730,,主板,L,428938110.8,-0.6993006993007089,未知,未知,,,26.98,14.7033,14.6557,2.0737,2.252,1944011.0195,1944011.0195,441470994.40000004,False,0,0,False,False,29.65,25.51,-4.999999999999993,-0.36927621861151394,-9.005059021922424,False,-0.6993006993007089,1.410939133031408,-10.0,-3.03,239703660.23,87.482,,,3279630400.23,-126.4943,2.9663,0,1944011.0195,441470994.40000004,1.0,1.5,PASS,False,0.4444444444444444,-10.0,-3.03,1.0,-11.0,ESP-Q,14.7033,2.0737,2.9663,,99.46392506573181,10.0,0.0,26.98,29.65,False,0,86.94158075601375,,0.4235474006116208,0,0,5.0,393,-2.4636148165560035,False,-4.999999999999993,,0.0010787798799092166,False,False,独立池,-11.0,0.0,20.68006002090306,32.71848623098474,0.7,0.0,32.9,Other
002967.SZ,002967,广电计量,20191108,,主板,L,307138044.75,3.2577903682719622,未知,未知,,,21.87,32.8294,31.9191,2.8323,2.6626,1393731.255,1196784.7732,371363857.2,True,0,0,False,False,23.19,20.9,-2.4966562639322287,-8.798999165971644,-5.692108667529105,False,3.2577903682719622,1.410939133031408,657.62,20.84,8915258.7,52.6565,,,694253677.13,-14966.4814,0.3969,0,1393731.255,371363857.2,1.0,1.5,PASS,False,0.4444444444444444,657.62,20.84,1.0,657.62,ESP-Q,32.8294,2.8323,0.3969,0.049921535233113344,99.46392506573181,0.0,0.0,21.87,23.19,False,0,81.09965635738831,,0.5466360856269113,0,1,55.0,393,1.4934762510166677,False,-2.4966562639322287,,-0.019424076430054345,False,False,独立池,657.62,0.0,30.448709782009303,57.91963886361835,0.7,0.0,40.54,Other
001330.SZ,001330,博纳影业,20220818,,主板,L,1116755063.2999997,26.206896551724146,未知,未知,,,9.15,,,3.309,7.8987,1257684.8704,1064005.2996,869713774.5999999,False,1,0,False,False,9.37,7.2,1.6666666666666607,-19.312169312169303,-2.347918890074696,False,26.206896551724146,1.410939133031408,94.55,-46.08,-53667352.17,,,,-3725487102.92,,-1.1618,1,1257684.8704,869713774.5999999,1.0,1.5,PASS,False,0.4444444444444444,94.55,-46.08,1.0,94.55,ESP-Q,,3.309,-1.1618,,99.46392506573181,0.0,0.0,9.15,9.37,True,10,50.0,COV-LOW,0.8952599388379205,1,1,75.0,393,24.44258243446885,True,1.6666666666666607,OVERHEAT,-0.001465608622018232,True,True,独立池,94.55,0.0,22.222163132214064,56.94443262644281,0.7,10.0,29.86,Other
002943.SZ,002943,宇晶股份,20181129,,主板,L,1139094185.15,47.08629062383265,未知,未知,,,78.75,1231.1335,487.4171,18.7103,10.8632,1619319.2085,1147545.3701,1126772966.3999999,False,1,1,False,False,88.68,52.71,-3.90482001220257,-6.517094017094016,-11.197564276048722,False,47.08629062383265,1.410939133031408,46.38,95.18,-22891968.81,,,,-30997180.51,,-2.2303,0,1619319.2085,1126772966.3999999,1.0,1.5,PASS,False,0.4444444444444444,46.38,95.18,1.0,46.38,|VAL-X,1231.1335,18.7103,-2.2303,26.544491159982748,99.46392506573181,0.0,15.0,78.75,88.68,False,0,50.63001145475372,,0.9663608562691132,1,1,75.0,393,45.32197650657736,True,-3.90482001220257,,0.007131321417782695,True,False,独立池,46.38,0.0,21.51839139491562,56.99268171540924,1.0,15.0,41.99,Other
601916.SH,601916,浙商银行,20191126,,主板,L,247720152.74999997,-0.9933774834437026,未知,未知,,,2.99,6.3506,6.3295,0.4473,0.4594,8211926.1529,6441786.3529,246844917.8,False,0,0,False,False,3.03,2.95,-0.6644518272425071,0.6734006734006703,-1.3201320132013028,False,-0.9933774834437026,1.410939133031408,-0.72,-12.84,5968000000.0,99.5995,,,38924000000.0,1239.3743,2.9127,0,8211926.1529,246844917.8,1.0,1.5,PASS,False,0.4444444444444444,-0.72,-12.84,1.0,-1.72,,6.3506,0.4473,2.9127,,99.46392506573181,10.0,0.0,2.99,3.03,False,0,69.0721649484536,,0.4101681957186544,0,0,5.0,393,-2.757691600698997,False,-0.6644518272425071,,-0.020266044780911218,False,False,独立池,-1.72,0.0,20.815642369296867,27.384777958395453,1.0,0.0,37.38,Other
603583.SH,603583,捷昌驱动,20180921,,主板,L,189517275.3,-13.906485671191549,未知,未知,,,28.54,27.7183,32.8502,2.34,2.5791,1100990.3056,1090932.8096,195044547.6,True,0,0,False,False,34.02,27.4,-1.7217630853994526,-22.42457189453656,-16.108171663727234,False,-13.906485671191549,1.410939133031408,-60.52,52.56,41377489.09,81.981,,,1019354416.7199999,7.0946,1.0749,0,1100990.3056,195044547.6,1.0,1.5,PASS,False,0.4444444444444444,-60.52,52.56,1.0,-61.52,,27.7183,2.34,1.0749,,99.46392506573181,0.0,0.0,28.54,34.02,False,0,65.75028636884306,,0.05122324159021407,0,0,5.0,393,-15.670799788446843,False,-1.7217630853994526,,0.002278504856607897,False,False,独立池,-61.52,0.0,19.94195439150058,26.213476788953034,1.0,0.0,26.21,Other
601577.SH,601577,长沙银行,20180926,,主板,L,181349395.65,-0.21119324181627652,未知,未知,,,9.45,4.6874,4.616,0.5151,0.5663,3800368.2975,3799546.0256,167365955.79999998,True,0,0,False,False,10.0,9.38,-1.3569937369519947,-5.215646940822483,-5.500000000000005,False,-0.21119324181627652,1.410939133031408,6.06,2.89,2300871000.0,100.0983,,,21259485000.0,-732.4699,2.8238,0,3800368.2975,167365955.79999998,1.0,1.5,PASS,False,0.4444444444444444,6.06,2.89,1.0,6.06,ESP-Q,4.6874,0.5151,2.8238,0.7734983498349836,99.46392506573181,10.0,0.0,9.45,10.0,False,0,73.25315005727376,,0.43730886850152906,0,0,5.0,393,-1.975507359071571,False,-1.3569937369519947,,0.02282005253637,False,False,独立池,6.06,0.0,20.9293094674115,28.661806910664428,0.7,0.0,30.06,Other
002951.SZ,002951,金时科技,20190315,,主板,L,155333096.04999998,12.072434607645889,未知,未知,,,16.71,,,4.4576,2.1809,676755.0,670278.9142,202420831.79999998,True,1,1,False,False,17.74,14.47,1.0889292196007316,14.687714481811941,-5.806087936865822,False,12.072434607645889,1.410939133031408,-27.55,-281.13,-16243809.65,,,,-313216036.46,,-0.7616,0,676755.0,202420831.79999998,1.0,1.5,PASS,False,0.4444444444444444,-27.55,-281.13,1.0,-28.55,,,4.4576,-0.7616,,99.46392506573181,0.0,0.0,16.71,17.74,False,0,77.20504009163804,,0.7454128440366973,1,1,100.0,393,10.308120490390595,True,1.0889292196007316,,-0.007168827083219299,False,False,独立池,-28.55,0.0,20.42365159263676,77.24624234601876,1.0,0.0,77.25,Tier2
603712.SH,603712,七一二,20180226,,主板,L,164694361.20000002,-8.864602307225255,未知,未知,,,15.01,,,3.0297,2.1749,1158772.0,1158772.0,226510519.4,True,0,0,False,False,17.26,14.9,-10.173548773189712,-23.84576357179098,-13.0359212050985,False,-8.864602307225255,1.410939133031408,,-87.87,,,,,-900568873.72,,-1.6908,0,1158772.0,226510519.4,1.0,1.5,PASS,False,0.4444444444444444,,-87.87,1.0,0.0,DATA-INC,,3.0297,-1.6908,,99.46392506573181,0.0,0.0,15.01,17.26,False,0,73.25315005727376,,0.14908256880733944,0,0,5.0,393,-10.628916424480549,False,-10.173548773189712,,0.011093215939516449,False,False,独立池,0.0,0.0,20.84077185628365,28.644099388438857,1.0,0.0,28.64,Other
002929.SZ,002929,润建股份,20180301,,主板,L,1888827944.4499998,56.68070766638584,未知,未知,,,92.99,696.7183,,4.167,26.8403,2641688.5981,1993612.1172,3937987084.0,False,5,4,False,True,96.56,53.77,19.755312298776538,96.34712837837837,-3.697183098591561,False,56.68070766638584,1.410939133031408,-87.77,-71.94,8253184.93,65.4918,,,149324570.35999998,-2606.0547,0.1994,0,2641688.5981,3937987084.0,1.0,1.5,PASS,False,0.4444444444444444,-87.77,-71.94,1.0,-88.77,ESP-Q,696.7183,4.167,0.1994,,99.46392506573181,0.0,10.0,92.99,96.56,False,0,80.41237113402062,CHASE,0.985474006116208,1,1,75.0,393,54.91639354913055,True,19.755312298776538,突破型|OVERHEAT,-0.0077670671083891205,True,True,独立池,-88.77,0.0,19.543827344762306,65.53247680915865,0.7,10.0,35.87,Other
603867.SH,603867,新化股份,20190627,,主板,L,240522238.70000002,13.36233685518955,未知,未知,,,36.48,30.4634,29.3696,2.528,5.7297,793391.6385,786825.2385,347256234.40000004,True,0,0,False,False,39.96,31.9,-3.4154090548054183,18.28793774319064,-8.708708708708723,False,13.36233685518955,1.410939133031408,11.25,9.25,77517470.91,95.3828,,,639308039.3299999,-47.8634,2.6245,0,793391.6385,347256234.40000004,1.0,1.5,PASS,False,0.4444444444444444,11.25,9.25,1.0,11.25,ESP-Q,30.4634,2.528,2.6245,2.707857777777778,99.46392506573181,0.0,0.0,36.48,39.96,False,0,92.78350515463917,,0.7675840978593272,1,1,100.0,393,11.598022737934256,True,-3.4154090548054183,,-0.02200553499005214,False,False,独立池,11.25,0.0,21.00513623337743,82.03607879306723,0.7,0.0,57.43,Tier2
603687.SH,603687,大胜达,20190726,,主板,L,1271652918.45,-13.802660753880257,未知,未知,,,15.55,110.9099,123.2631,2.6137,5.0321,855299.5485,855299.5485,585595256.8,True,3,1,False,True,20.8,14.95,-8.529411764705873,32.56606990622335,-25.240384615384613,False,-13.802660753880257,1.410939133031408,-7.22,-37.72,18038127.15,81.7564,,,130857537.62,20.9942,0.6764,0,855299.5485,585595256.8,1.0,1.5,PASS,False,0.4444444444444444,-7.22,-37.72,1.0,-8.219999999999999,,110.9099,2.6137,0.6764,,99.46392506573181,0.0,0.0,15.55,20.8,True,0,84.65063001145475,,0.05198776758409786,0,0,5.0,393,-15.566974871135551,False,-8.529411764705873,突破型,-0.0038485284187580256,False,False,独立池,-8.219999999999999,0.0,20.720676284753793,32.03932426038718,1.0,0.0,32.04,Other
603212.SH,603212,赛伍技术,20200430,,主板,L,303176920.35,17.651632970451026,未知,未知,,,15.13,,,2.7687,6.4886,661923.3323,661923.3323,382985099.1999999,False,0,0,False,False,15.44,12.75,2.8552005438477135,-16.362631288004415,-2.0077720207253846,False,17.651632970451026,1.410939133031408,69.3928,2.904,-11119254.56,,,,-483402820.13,,-0.4812,0,661923.3323,382985099.1999999,1.0,1.5,PASS,False,0.4444444444444444,69.3928,2.904,1.0,69.3928,,,2.7687,-0.4812,,99.46392506573181,0.0,0.0,15.13,15.44,False,0,92.78350515463917,CHASE,0.827217125382263,1,1,75.0,393,15.887318853195731,True,2.8552005438477135,,0.018234260288455095,True,False,独立池,69.3928,0.0,21.85461224266529,69.7059739949248,1.0,0.0,69.71,Tier2
603236.SH,603236,移远通信,20190716,,主板,L,574898833.4,-4.756320041699236,未知,未知,,,73.09,25.1317,27.4454,3.0072,2.3788,2103701.3695,1912455.7931,482650864.2,True,0,0,False,False,85.81,71.85,-2.754124534326763,-14.724069536810159,-14.823447150681734,False,-4.756320041699236,1.410939133031408,-35.29,51.84,129817340.77,91.8561,,,2083616079.43,-313.34,2.0412,0,2103701.3695,482650864.2,1.0,1.5,PASS,False,0.4444444444444444,-35.29,51.84,1.0,-36.29,ESP-Q,25.1317,3.0072,2.0412,,99.46392506573181,0.0,0.0,73.09,85.81,False,0,94.50171821305841,,0.2782874617737003,0,0,5.0,393,-6.520634158954531,False,-2.754124534326763,,-0.002549834990445674,False,False,独立池,-36.29,0.0,20.310568901196238,34.91262924415677,0.7,0.0,24.44,Other
603327.SH,603327,福蓉科技,20190523,,主板,L,461158641.1999999,0.6641366223908873,未知,未知,,,10.61,93.7195,75.9728,4.4304,2.4647,1109232.381,1109232.381,317657717.59999996,False,1,0,False,False,11.33,9.61,-2.9277218664226945,3.0097087378640586,-6.354810238305387,False,0.6641366223908873,1.410939133031408,178.29,,46761583.17,96.8775,,,156854347.70000002,-46.9319,2.1,0,1109232.381,317657717.59999996,1.0,1.5,PASS,False,0.4444444444444444,178.29,,1.0,178.29,ESP-Q,93.7195,4.4304,2.1,0.5256576364350216,99.46392506573181,0.0,0.0,10.61,11.33,True,0,88.43069873997709,,0.47629969418960244,0,0,5.0,393,-1.1001774948644072,False,-2.9277218664226945,,-0.002502851260874487,False,False,独立池,178.29,0.0,23.445618504465923,33.71833332288631,0.7,0.0,23.6,Other
600989.SH,600989,宝丰能源,20190516,,主板,L,3102001790.9500003,0.17587055926837625,未知,未知,,,28.48,18.4008,16.6097,4.2569,1.3873,20885409.28,20885409.28,2436380146.4,True,0,0,False,False,31.61,26.6,0.49400141143260967,23.82608695652173,-9.901929769060425,False,0.17587055926837625,1.410939133031408,30.92,69.91,3400165713.98,92.8836,,,29471119520.379997,126.2118,7.2844,0,20885409.28,2436380146.4,1.0,1.5,PASS,False,0.4444444444444444,30.92,69.91,1.0,30.92,,18.4008,4.2569,7.2844,0.5951099611901681,99.46392506573181,10.0,0.0,28.48,31.61,True,0,86.8270332187858,,0.4533639143730887,0,0,5.0,393,-1.5884435579869183,False,0.49400141143260967,,0.0011404747325658299,False,False,独立池,30.92,0.0,21.29251821537163,32.806613608710066,1.0,0.0,42.81,Other
603115.SH,603115,海星股份,20190809,,主板,L,575309435.3499999,70.1123595505618,未知,未知,,,75.7,88.788,82.041,8.4579,4.4133,1831110.328,1831110.328,611718618.5999999,True,3,1,False,True,76.55,43.44,21.216973578863097,227.42214532871975,-1.1103853690398346,False,70.1123595505618,1.410939133031408,85.27,28.64,41965152.53,105.8274,,,423817840.15999997,-10.3096,1.8494,0,1831110.328,611718618.5999999,1.0,1.5,PASS,False,0.4444444444444444,85.27,28.64,1.0,85.27,ESP-Q,88.788,8.4579,1.8494,1.0412571830655564,99.46392506573181,0.0,0.0,75.7,76.55,False,0,72.73768613974799,CHASE,0.9946483180428135,1,1,100.0,393,68.34804543330651,True,21.216973578863097,突破型|OVERHEAT,0.005491887667374135,True,True,独立池,85.27,0.0,22.08658078382026,76.23862199868844,0.7,0.0,53.37,Tier2
603786.SH,603786,科博达,20191015,,主板,L,193982390.5,-0.5516995906744926,未知,未知,,,55.88,27.2098,29.128,3.9122,1.0926,2256751.2396,2256751.2396,175666182.6,True,0,0,False,False,58.0,51.87,-1.5330396475770836,-19.084853750362008,-3.655172413793095,False,-0.5516995906744926,1.410939133031408,-25.54,9.35,145458279.79,96.1947,,,2029687648.52,97.9806,2.6528,0,2256751.2396,175666182.6,1.0,1.5,PASS,False,0.4444444444444444,-25.54,9.35,1.0,-26.54,,27.2098,3.9122,2.6528,,99.46392506573181,0.0,0.0,55.88,58.0,False,0,85.79610538373424,,0.42813455657492355,0,0,5.0,393,-2.316013707929787,False,-1.5330396475770836,,-0.014359168550163571,False,False,独立池,-26.54,0.0,20.45301802801085,32.329435220722445,1.0,0.0,32.33,Other
601138.SH,601138,工业富联,20180608,,主板,L,16626448832.6,16.94915254237288,未知,未知,,,67.62,38.0285,33.0103,7.6148,1.7263,134185752.0244,134185752.0244,22269693239.599995,True,1,1,False,False,74.0,57.2,2.6879271070615163,21.793948126801155,-8.62162162162161,False,16.94915254237288,1.410939133031408,109.05,46.02,10249511000.0,96.7404,,,77762740000.0,202.8931,6.1778,0,134185752.0244,22269693239.599995,1.0,1.5,PASS,False,0.4444444444444444,109.05,46.02,1.0,109.05,,38.0285,7.6148,6.1778,0.34872535534158644,99.46392506573181,0.0,0.0,67.62,74.0,False,0,93.01260022909507,CHASE,0.8180428134556575,1,1,100.0,393,15.184838425117585,True,2.6879271070615163,,-0.00013089178939146247,True,False,独立池,109.05,0.0,22.434010551579387,82.3905821790444,1.0,0.0,82.39,Tier2
601615.SH,601615,明阳智能,20190123,,主板,L,1491203942.55,-7.095209217707687,未知,未知,,,15.32,52.5042,90.5848,1.3134,3.5307,3464612.9536,3464612.9536,1591945335.6000004,True,0,0,False,False,17.66,14.33,-10.56625802685347,-40.15625000000001,-13.250283125707817,False,-7.095209217707687,1.410939133031408,-140.07,178.18,-114919965.37,-466.0456,,,953637382.37,-12573.8468,0.0936,0,3464612.9536,1591945335.6000004,1.0,1.5,PASS,False,0.4444444444444444,-140.07,178.18,1.0,-141.07,ESP-Q,52.5042,1.3134,0.0936,,99.46392506573181,0.0,0.0,15.32,17.66,False,0,88.65979381443299,,0.19954128440366972,0,0,5.0,393,-8.859523334962981,False,-10.56625802685347,,0.001445099876639606,False,False,独立池,-141.07,0.0,18.779715618361877,32.85388126800227,0.7,0.0,23.0,Other
002962.SZ,002962,五方光电,20190917,,主板,L,523127227.9,8.630952380952372,未知,未知,,,18.25,143.3517,176.9131,2.9998,14.5183,532289.2674,381760.8091,536529208.0,True,0,0,False,False,19.76,16.2,-0.7612833061446445,17.514488087572456,-7.641700404858309,False,8.630952380952372,1.410939133031408,-83.31,-65.03,1199071.94,29.6716,,,72101734.71000001,1102.7129,0.228,0,532289.2674,536529208.0,1.0,1.5,PASS,False,0.4444444444444444,-83.31,-65.03,1.0,-84.31,ESP-Q,143.3517,2.9998,0.228,,99.46392506573181,0.0,0.0,18.25,19.76,False,0,80.75601374570446,,0.6758409785932722,0,1,55.0,393,6.866638263697078,True,-0.7612833061446445,,-0.018397488554257838,False,False,独立池,-84.31,0.0,19.608988688925706,55.64860186149648,0.7,0.0,38.95,Other
002984.SZ,002984,森麒麟,20200911,,主板,L,220607081.55,-11.681715575620755,未知,未知,,,15.65,14.4182,16.6628,1.1986,2.5098,1621788.9531,1117298.6096,256652162.20000005,False,0,0,False,False,18.2,15.61,-4.339853300733488,-25.262655205348615,-14.010989010989006,False,-11.681715575620755,1.410939133031408,-44.41,-49.95,197144528.78,94.0056,,,2921692279.6,89.6268,1.5175,0,1621788.9531,256652162.20000005,1.0,1.5,PASS,False,0.4444444444444444,-44.41,-49.95,1.0,-45.41,,14.4182,1.1986,1.5175,,99.46392506573181,0.0,0.0,15.65,18.2,False,0,86.02520045819016,,0.08180428134556575,0,0,5.0,393,-13.44602969287605,False,-4.339853300733488,,-0.060312365162844134,False,False,独立池,-45.41,0.0,20.177324179498875,32.34302497335682,1.0,0.0,32.34,Other
603815.SH,603815,交建股份,20191021,,主板,L,276796991.6,10.691823899371066,未知,未知,,,7.04,,,2.7672,2.5543,435722.6614,435722.6614,169951099.4,False,2,0,False,False,7.77,5.82,-3.561643835616435,-0.5649717514124353,-9.39510939510939,False,10.691823899371066,1.410939133031408,73.85,-714.24,57177409.29,99.6926,,,-470693357.9200001,-118.8548,3.7117,0,435722.6614,169951099.4,1.0,1.5,PASS,False,0.4444444444444444,73.85,-714.24,1.0,73.85,ESP-Q,,2.7672,3.7117,,99.46392506573181,0.0,0.0,7.04,7.77,True,0,65.97938144329896,,0.7217125382262997,1,1,75.0,393,8.927509782115772,True,-3.561643835616435,,0.012631869557294378,False,False,独立池,73.85,0.0,21.919732678361502,61.677760968661985,0.7,0.0,43.17,Other
003816.SZ,003816,中国广核,20190826,,主板,L,681179437.1499999,7.415730337078652,未知,未知,,,4.78,24.7184,25.461,1.9178,0.3745,24138418.394,18802205.644,737123860.9999999,False,0,0,False,False,4.9,4.35,0.42016806722691147,21.93877551020409,-2.448979591836742,False,7.415730337078652,1.410939133031408,-9.12,-15.13,2658362609.91,96.9946,,,25560192162.31,69.7633,2.2004,0,24138418.394,737123860.9999999,1.0,1.5,PASS,False,0.4444444444444444,-9.12,-15.13,1.0,-10.12,,24.7184,1.9178,2.2004,,99.46392506573181,0.0,0.0,4.78,4.9,False,0,78.80870561282933,,0.6536697247706422,0,1,40.0,393,5.651416219823357,True,0.42016806722691147,,0.006491663510819794,False,False,独立池,-10.12,0.0,20.69291696773351,47.7811950773955,1.0,0.0,47.78,Other
603529.SH,603529,爱玛科技,20210615,,主板,L,266069673.65000007,-24.812030075187973,未知,未知,,,22.0,9.3849,11.7433,1.9313,0.8926,1909364.5604,1864633.0076,200986857.6,True,0,0,False,False,29.5,21.94,-5.942710560068409,-26.17449664429531,-25.423728813559322,False,-24.812030075187973,1.410939133031408,-69.25,8.84,182252319.11,92.9279,,,5149292070.05,-408.2231,1.9416,0,1909364.5604,200986857.6,1.0,1.5,PASS,False,0.4444444444444444,-69.25,8.84,1.0,-70.25,ESP-Q,9.3849,1.9313,1.9416,,99.46392506573181,0.0,0.0,22.0,29.5,True,0,50.0,COV-LOW,0.00764525993883792,0,0,5.0,393,-26.57634419244327,False,-5.942710560068409,,-0.0022931347558606983,False,False,独立池,-70.25,0.0,19.814407634875803,21.46288152697516,0.7,0.0,15.02,Other
603489.SH,603489,八方股份,20191111,,主板,L,243635065.75,15.735294117647069,未知,未知,,,39.35,89.7907,73.4307,3.3327,2.4392,923221.7474,923221.7474,252961660.0,True,2,1,False,False,40.56,33.32,1.6533195556703628,31.473438022051468,-2.983234714003946,False,15.735294117647069,1.410939133031408,132.52,107.43,40651168.8,90.8358,,,203170860.99,-69.9667,1.6276,0,923221.7474,252961660.0,1.0,1.5,PASS,False,0.4444444444444444,132.52,107.43,1.0,132.52,ESP-Q,89.7907,3.3327,1.6276,0.6775633866586175,99.46392506573181,0.0,0.0,39.35,40.56,False,0,80.87056128293241,CHASE,0.805045871559633,1,1,100.0,393,13.970980000391775,True,1.6533195556703628,,0.0124691608440788,True,False,独立池,132.52,0.0,22.77691116761415,78.81655061840256,0.7,0.0,55.17,Tier2
003043.SZ,003043,华亚智能,20210406,,主板,L,233149066.65000004,9.646066385475871,未知,未知,,,59.79,94.5941,106.3947,4.5309,6.7076,800178.0123,501220.6223,364087090.6,True,0,0,False,False,62.68,53.2,1.2874809418939481,13.647595514160816,-4.610721123165284,False,9.646066385475871,1.410939133031408,-73.33,-26.15,4335401.11,55.5716,,,136731172.85,1070.9708,0.4218,0,800178.0123,364087090.6,1.0,1.5,PASS,False,0.4444444444444444,-73.33,-26.15,1.0,-74.33,ESP-Q,94.5941,4.5309,0.4218,,99.46392506573181,0.0,0.0,59.79,62.68,False,0,50.0,COV-LOW,0.6980122324159022,0,1,55.0,393,7.881752268220577,True,1.2874809418939481,,0.0015576492975897431,False,False,独立池,-74.33,0.0,19.75479815411646,46.45095963082329,0.7,0.0,32.52,Other
603950.SH,603950,长源东谷,20200526,,主板,L,833363724.3000001,16.727941176470562,未知,未知,,,69.85,58.2038,57.441,7.3128,3.0292,2264053.638,2260393.498,925294039.2000002,True,2,1,False,False,77.92,54.72,-0.2855103497501843,109.57095709570956,-10.356776180698157,False,16.727941176470562,1.410939133031408,6.82,60.85,79438435.31,95.8873,,,835080730.83,233.1412,2.7126,0,2264053.638,925294039.2000002,1.0,1.5,PASS,False,0.4444444444444444,6.82,60.85,1.0,6.82,,58.2038,7.3128,2.7126,8.534281524926685,99.46392506573181,0.0,0.0,69.85,77.92,False,0,86.02520045819016,CHASE,0.8165137614678899,1,1,100.0,393,14.963627059215268,True,-0.2855103497501843,,0.021622576175788458,True,False,独立池,6.82,0.0,20.940413194219612,79.99564277630097,1.0,0.0,80.0,Tier2
603610.SH,603610,麒盛科技,20191029,,主板,L,157397369.9,24.115755627009648,未知,未知,,,19.3,64.9198,72.3377,2.1893,9.3064,681273.8285,681273.8285,319698731.6,True,2,1,False,False,19.68,14.92,12.470862470862464,5.005440696409158,-1.9308943089430874,False,24.115755627009648,1.410939133031408,-20.37,-41.23,42361020.87,125.636,,,414721694.9,84.9539,1.0838,0,681273.8285,319698731.6,1.0,1.5,PASS,False,0.4444444444444444,-20.37,-41.23,1.0,-21.37,,64.9198,2.1893,1.0838,,99.46392506573181,0.0,0.0,19.3,19.68,False,0,82.7033218785796,CHASE,0.8807339449541285,1,1,100.0,393,22.351441509754352,True,12.470862470862464,OVERHEAT,0.017979206987828376,True,True,独立池,-21.37,0.0,20.528552590639727,78.91670708170183,1.0,0.0,78.92,Tier2
002971.SZ,002971,和远气体,20200113,,主板,L,366795777.95000005,39.22297297297297,未知,未知,,,41.21,144.6431,164.0992,4.8281,20.4352,872642.355,644529.9634,635001530.4,True,3,2,True,True,41.21,29.23,20.25094835132768,28.741018431740084,0.0,False,39.22297297297297,1.410939133031408,-4.46,-35.7,16004060.85,88.6939,,,133506829.78,23.5332,1.0624,0,872642.355,635001530.4,1.0,1.5,PASS,False,0.4444444444444444,-4.46,-35.7,1.0,-5.46,,144.6431,4.8281,1.0624,,99.46392506573181,0.0,0.0,41.21,41.21,False,0,98.51088201603666,CHASE,0.9525993883792049,1,1,100.0,393,37.45865885571767,True,20.25094835132768,LOCK|突破型|OVERHEAT,0.04453497650407383,True,True,独立池,-5.46,0.0,20.761000345267465,83.7054646738645,1.0,0.0,83.71,Tier2
601609.SH,601609,金田股份,20200422,,主板,L,726874328.3500001,25.847047434656332,未知,未知,,,13.0,29.8654,29.1124,2.2206,8.5962,2247229.6509,2247229.6509,2128477842.9999998,True,1,1,False,False,13.7,10.08,13.935144609991234,14.23550087873462,-5.109489051094885,False,25.847047434656332,1.410939133031408,-21.79,29.41,80865616.09,47.4937,,,1208418869.3600001,-1830.1662,1.6488,0,2247229.6509,2128477842.9999998,1.0,1.5,PASS,False,0.4444444444444444,-21.79,29.41,1.0,-22.79,ESP-Q,29.8654,2.2206,1.6488,,99.46392506573181,0.0,0.0,13.0,13.7,False,0,86.02520045819016,CHASE,0.8937308868501529,1,1,100.0,393,24.082733317401036,True,13.935144609991234,OVERHEAT,0.0009642900396436357,True,True,独立池,-22.79,0.0,20.507806153708778,79.9091213681988,0.7,0.0,55.94,Tier2
603195.SH,603195,公牛集团,20200206,,主板,L,210628838.85,3.8844379703811605,未知,未知,,,42.79,19.0045,18.6233,4.3421,0.2137,7736044.9131,7705042.6424,204790115.80000004,False,0,0,False,False,45.3,40.93,-2.772097250624861,-1.0864539990753541,-5.54083885209713,False,3.8844379703811605,1.410939133031408,15.01,-3.13,983604877.44,92.9469,,,9151856602.27,133.2857,6.1146,0,7736044.9131,204790115.80000004,1.0,1.5,PASS,False,0.4444444444444444,15.01,-3.13,1.0,15.01,ESP-Q,19.0045,4.3421,6.1146,1.266122584943371,99.46392506573181,10.0,0.0,42.79,45.3,False,0,73.25315005727376,,0.5611620795107034,0,1,40.0,393,2.120123853125866,False,-2.772097250624861,,-0.005033835855874907,False,False,独立池,15.01,0.0,21.060070460743887,46.187959109330905,0.7,0.0,42.33,Other
605090.SH,605090,九丰能源,20210525,,主板,L,1657622068.4999998,9.824120603015096,未知,未知,,,43.71,20.8504,21.9117,2.6754,3.4687,3085560.0074,3079487.3771,1604281859.0,True,1,1,False,False,49.84,39.66,-8.17226890756303,-2.7802491103202875,-12.29935794542537,False,9.824120603015096,1.410939133031408,-16.03,0.89,392934216.88,90.4605,,,3720119207.79,11.1826,3.7701,0,3085560.0074,1604281859.0,1.0,1.5,PASS,False,0.4444444444444444,-16.03,0.89,1.0,-17.03,,20.8504,2.6754,3.7701,,99.46392506573181,10.0,0.0,43.71,49.84,False,0,50.0,COV-LOW,0.7041284403669725,1,1,100.0,393,8.059806485759802,True,-8.17226890756303,,0.006816894340394167,False,False,独立池,-17.03,0.0,20.591960714780793,69.11839214295617,1.0,0.0,79.12,Tier2
603290.SH,603290,斯达半导,20200204,,主板,L,1078846532.3500001,24.43979683298476,半导体,未知,801081.SI,270000,124.95,73.8394,91.1829,4.2967,7.0138,2992220.9577,2992220.9577,2009092048.2,True,1,1,False,False,135.0,97.9,12.415654520917684,19.42081620950016,-7.444444444444443,False,24.43979683298476,1.410939133031408,-83.49,-22.61,16793621.89,63.0704,,,759017458.61,-406.225,0.3831,0,2992220.9577,2009092048.2,1.0,1.5,PASS,False,0.6666666666666666,-83.49,-22.61,,0.0,COV-LOW,73.8394,4.2967,0.3831,,188.8175666666667,0.0,0.0,124.95,135.0,False,0,94.61626575028636,CHASE,0.6666666666666666,0,1,50.0,1,0.0,False,12.415654520917684,OVERHEAT,0.0055827804845200585,True,True,独立池,0.0,0.0,20.84077185628365,57.553034096342635,1.0,0.0,57.55,Tier2
600956.SH,600956,新天绿能,20200629,,主板,L,234139242.99999997,6.503067484662561,未知,未知,,,8.68,21.4474,24.6748,1.584,1.0317,3917017.5874,2038140.9716,281017138.8,True,0,0,False,False,9.4,7.96,-2.6905829596412634,15.733333333333333,-7.659574468085117,False,6.503067484662561,1.410939133031408,-25.07,1.61,713015707.06,99.6373,,,5310492025.96,131.4441,2.7645,0,3917017.5874,281017138.8,1.0,1.5,PASS,False,0.4444444444444444,-25.07,1.61,1.0,-26.07,,21.4474,1.584,2.7645,,99.46392506573181,10.0,0.0,8.68,9.4,False,0,88.65979381443299,,0.6330275229357798,0,1,55.0,393,4.738753367407266,False,-2.6905829596412634,,0.006898724373318551,False,False,独立池,-26.07,0.0,20.459884806431656,58.18991510561622,1.0,0.0,68.19,Tier2
002980.SZ,002980,华盛昌,20200415,,主板,L,1587351111.85,36.47575843493052,未知,未知,,,96.27,204.7473,234.8028,16.1501,21.4814,1823364.9673,975090.3726,1452903271.0000002,True,3,2,False,True,104.0,63.72,13.085868671443679,322.2368421052631,-7.432692307692312,False,36.47575843493052,1.410939133031408,-37.37,-35.35,17427269.05,98.1254,,,205287342.05,66.6671,1.5804,0,1823364.9673,1452903271.0000002,1.0,1.5,PASS,False,0.4444444444444444,-37.37,-35.35,1.0,-38.37,,204.7473,16.1501,1.5804,,99.46392506573181,0.0,0.0,96.27,104.0,False,0,86.02520045819016,CHASE,0.9464831804281345,1,1,100.0,393,34.71144431767522,True,13.085868671443679,突破型|OVERHEAT,0.006209917969417433,True,True,独立池,-38.37,0.0,20.280179754142456,79.86359608828553,1.0,0.0,79.86,Tier2
601696.SH,601696,中银证券,20200226,,主板,L,402367564.35,-4.483586869495603,未知,未知,,,11.93,31.7057,29.4213,1.7124,1.9136,3314154.0,3314154.0,541683795.4,True,0,0,False,False,12.88,11.9,-5.542359461599378,-15.39007092198581,-7.375776397515532,False,-4.483586869495603,1.410939133031408,27.53,19.07,353278146.35,97.7098,,,2175782143.01,3321.9522,1.889,0,3314154.0,541683795.4,1.0,1.5,PASS,False,0.4444444444444444,27.53,19.07,1.0,27.53,,31.7057,1.7124,1.889,1.1516781692698874,99.46392506573181,0.0,0.0,11.93,12.88,False,0,73.25315005727376,,0.2882262996941896,0,0,5.0,393,-6.2479009867508974,False,-5.542359461599378,,5.272448807679814e-05,False,False,独立池,27.53,0.0,21.2429897497407,28.72454296713027,1.0,0.0,28.72,Other
002975.SZ,002975,博杰股份,20200205,,主板,L,1471830078.1499999,32.294063506672785,未知,未知,,,114.99,163.5617,102.7705,10.1694,14.8081,2393295.3333,1579434.0945,1809016135.6000001,True,2,1,False,False,127.64,86.16,9.057283763277702,48.95077720207253,-9.910686305233474,False,32.294063506672785,1.410939133031408,383.58,1007.58,64367751.43,97.6708,,,237285346.27,52.505,2.8394,0,2393295.3333,1809016135.6000001,1.0,1.5,PASS,False,0.4444444444444444,383.58,1007.58,1.0,383.58,,163.5617,10.1694,2.8394,0.42640831117367956,99.46392506573181,0.0,0.0,114.99,127.64,False,0,92.78350515463917,CHASE,0.9250764525993884,1,1,100.0,393,30.52974938941749,True,9.057283763277702,OVERHEAT,0.015474787220666886,True,True,独立池,383.58,0.0,26.444939657673274,83.1240394779264,1.0,0.0,83.12,Tier2
605111.SH,605111,新洁能,20200928,,主板,L,1090019622.45,27.32820376757763,半导体,未知,801081.SI,270000,47.99,50.6357,52.4652,4.5907,9.6028,1993180.989,1993180.989,1954586447.1999998,False,0,0,False,False,52.08,37.39,1.9328802039082493,5.751432349052443,-7.853302611367119,False,27.32820376757763,1.410939133031408,-14.84,-14.12,88647185.6,93.7637,,,934769044.53,55.4624,2.1816,0,1993180.989,1954586447.1999998,1.0,1.5,PASS,False,0.6666666666666666,-14.84,-14.12,,0.0,COV-LOW,50.6357,4.5907,2.1816,,188.8175666666667,10.0,0.0,47.99,52.08,False,0,95.07445589919816,CHASE,1.0,1,1,70.0,1,2.8884069345928687,False,1.9328802039082493,,-0.004319036453757813,True,False,独立池,0.0,0.0,20.84077185628365,67.69049114101617,1.0,0.0,77.69,Tier2
605358.SH,605358,立昂微,20200911,,主板,L,1617781992.4,45.5442752397067,未知,未知,,,51.61,,,4.9646,8.3293,3464980.8774,3464980.8774,3042190471.7999997,True,1,1,False,False,54.66,35.41,2.9317909852413226,30.39413845376453,-5.579948774240762,False,45.5442752397067,1.410939133031408,114.3958,31.2702,11697500.0,161.9118,,,-312153300.0,,0.1003,0,3464980.8774,3042190471.7999997,1.0,1.5,PASS,False,0.4444444444444444,114.3958,31.2702,1.0,114.3958,,,4.9646,0.1003,,99.46392506573181,0.0,0.0,51.61,54.66,False,0,92.66895761741122,CHASE,0.963302752293578,1,1,100.0,393,43.779961122451404,True,2.9317909852413226,,-0.006329695741666347,True,False,独立池,114.3958,0.0,22.512113581540984,82.30311000153156,1.0,0.0,82.3,Tier2
605198.SH,605198,安德利,20200918,,主板,L,188479916.45,31.28112267994567,未知,未知,,,58.0,58.6747,61.1474,6.7952,2.1464,1938290.4,1569108.8,360027086.40000004,True,1,1,False,False,61.51,43.36,20.132560066280035,36.2781954887218,-5.706389205007312,False,31.28112267994567,1.410939133031408,-17.74,22.15,69943414.95,96.1956,,,861334307.5699999,374.2646,2.5819,0,1938290.4,360027086.40000004,1.0,1.5,PASS,False,0.4444444444444444,-17.74,22.15,1.0,-18.74,,58.6747,6.7952,2.5819,,99.46392506573181,0.0,0.0,58.0,61.51,False,0,86.02520045819016,CHASE,0.922782874617737,1,1,100.0,393,29.516808562690375,True,20.132560066280035,OVERHEAT,0.014440357406428555,True,True,独立池,-18.74,0.0,20.56697732946254,79.92095560334955,1.0,0.0,79.92,Tier2
002985.SZ,002985,北摩高科,20200429,,主板,L,395298621.3000001,-9.948910997579985,未知,未知,,,33.49,55.5592,52.0617,4.0941,1.5495,1111377.7064,1108316.1879,275569083.2,False,0,0,False,False,40.22,33.31,-7.28128460686599,-22.83410138248847,-16.732968672302327,False,-9.948910997579985,1.410939133031408,18.41,3072.3,63233721.34,94.05,,,464423354.74,-120.1702,2.4682,0,1111377.7064,275569083.2,1.0,1.5,PASS,False,0.4444444444444444,18.41,3072.3,1.0,18.41,ESP-Q,55.5592,4.0941,2.4682,3.017881586094514,99.46392506573181,0.0,0.0,33.49,40.22,True,0,86.02520045819016,,0.12308868501529052,0,0,5.0,393,-11.713225114835279,False,-7.28128460686599,,-0.058859980185729834,False,False,独立池,18.41,0.0,21.109745028043342,32.52950914306571,0.7,0.0,22.77,Other
601975.SH,601975,招商南油,20190108,,主板,L,1393458941.6499999,9.513274336283196,未知,未知,,,4.95,17.6652,15.8822,1.9336,13.2515,2316770.6156,2316770.6156,2175622437.8,True,0,0,False,False,5.41,4.18,3.99159663865547,34.14634146341464,-8.50277264325323,False,9.513274336283196,1.410939133031408,24.68,-22.29,352024421.13,81.5134,,,3150201541.92,61.9534,3.6569,0,2316770.6156,2175622437.8,1.0,1.5,PASS,False,0.4444444444444444,24.68,-22.29,1.0,24.68,ESP-Q,17.6652,1.9336,3.6569,0.7157698541329011,99.46392506573181,10.0,0.0,4.95,5.41,False,0,73.25315005727376,,0.6941896024464832,0,1,55.0,393,7.748960219027902,True,3.99159663865547,,0.00965378896508446,False,False,独立池,24.68,0.0,21.20135077421028,53.716215172024185,0.7,0.0,47.6,Other
601778.SH,601778,晶科科技,20200519,,主板,L,4909656511.150001,15.041322314049598,未知,未知,,,6.96,78.6719,110.0039,1.5811,19.4215,2594997.2265,2594997.2265,4928783313.8,True,3,1,False,True,7.88,5.78,-4.657534246575345,50.0,-11.675126903553302,False,15.041322314049598,1.410939133031408,-399.2159,16.66,-167513931.88,,,,311278338.57,,-0.802,0,2594997.2265,4928783313.8,1.0,1.5,PASS,False,0.4444444444444444,-399.2159,16.66,1.0,-400.2159,,78.6719,1.5811,-0.802,,99.46392506573181,0.0,0.0,6.96,7.88,False,0,86.48339060710195,CHASE,0.7920489296636085,1,1,100.0,393,13.277008196794304,True,-4.657534246575345,突破型,0.004996665170915513,True,False,独立池,-400.2159,0.0,14.99355078014785,78.94372733816016,1.0,0.0,78.94,Tier2
601702.SH,601702,华峰铝业,20200907,,主板,L,158029804.6,-9.737638748738641,未知,未知,,,17.89,14.8634,15.1582,2.6743,0.727,1786371.2434,1786371.2434,134570780.6,False,0,0,False,False,20.93,17.77,-4.840425531914894,-23.677474402730383,-14.524605828953652,False,-9.737638748738641,1.410939133031408,-3.66,-3.89,238262897.46,98.09,,,2795294646.6000004,-11.63,3.7045,0,1786371.2434,134570780.6,1.0,1.5,PASS,False,0.4444444444444444,-3.66,-3.89,1.0,-4.66,ESP-Q,14.8634,2.6743,3.7045,,99.46392506573181,10.0,0.0,17.89,20.93,False,0,86.02520045819016,,0.12767584097859327,0,0,5.0,393,-11.501952865993935,False,-4.840425531914894,,-0.004397314513396926,False,False,独立池,-4.66,0.0,20.77268847874969,32.46209783320698,0.7,0.0,32.72,Other
002993.SZ,002993,奥海科技,20200817,,主板,L,417092577.2,13.479262672811076,未知,未知,,,59.1,38.6232,47.3838,3.3641,4.2316,1631396.4,1409221.374,572632211.5999999,True,1,1,False,False,63.47,44.76,12.144212523719155,23.510971786833856,-6.885142587048998,False,13.479262672811076,1.410939133031408,-88.21,-18.49,12653227.72,27.1236,,,826649736.2,352.9756,0.9635,0,1631396.4,572632211.5999999,1.0,1.5,PASS,False,0.4444444444444444,-88.21,-18.49,1.0,-89.21,ESP-Q,38.6232,3.3641,0.9635,,99.46392506573181,0.0,0.0,59.1,63.47,False,0,95.07445589919816,,0.7706422018348624,1,1,100.0,393,11.714948555555782,True,12.144212523719155,OVERHEAT,0.021025642270454874,False,True,独立池,-89.21,0.0,19.53739887134708,82.42981654402885,0.7,0.0,57.7,Tier2
603565.SH,603565,中谷物流,20200925,,主板,L,196780771.75,-8.362068965517233,未知,未知,,,10.63,11.156,11.2678,2.0363,0.8098,2232367.0785,2232367.0785,160272767.2,False,0,0,False,False,12.4,10.49,-4.406474820143869,2.9041626331074655,-14.274193548387093,False,-8.362068965517233,1.410939133031408,11.89,41.01,494345153.6,93.8049,,,3996974882.6099997,95.4296,4.9209,0,2232367.0785,160272767.2,1.0,1.5,PASS,False,0.4444444444444444,11.89,41.01,1.0,11.89,,11.156,2.0363,4.9209,0.9382674516400337,99.46392506573181,10.0,0.0,10.63,12.4,False,0,86.02520045819016,,0.15978593272171254,0,0,5.0,393,-10.126383082772527,False,-4.406474820143869,,-0.004572704681693881,False,False,独立池,11.89,0.0,21.014486740163214,32.51045748548969,1.0,0.0,42.51,Other
603095.SH,603095,越剑智能,20200415,,主板,L,295269371.00000006,36.19909502262442,未知,未知,,,24.08,72.839,93.8851,2.6607,4.7163,621912.2336,621912.2336,418462905.20000005,True,5,3,False,True,27.77,16.89,-4.368546465448775,15.936446798266735,-13.287720561757299,False,36.19909502262442,1.410939133031408,-61.97,-29.41,10508367.16,73.9139,,,192388400.0,-218.5876,0.6101,0,621912.2336,418462905.20000005,1.0,1.5,PASS,False,0.4444444444444444,-61.97,-29.41,1.0,-62.97,ESP-Q,72.839,2.6607,0.6101,,99.46392506573181,0.0,0.0,24.08,27.77,False,0,94.73081328751431,CHASE,0.944954128440367,1,1,100.0,393,34.434780905369124,True,-4.368546465448775,突破型,0.011866332430752339,True,False,独立池,-62.97,0.0,19.920769649564047,82.40339791616711,0.7,0.0,57.68,Tier2
002988.SZ,002988,豪美新材,20200518,,主板,L,169282720.15,-8.900523560209429,未知,未知,,,31.32,66.0871,66.9879,2.9086,1.2511,782288.6163,782288.6163,165708862.8,True,0,0,False,False,35.86,31.16,-7.528786536758181,-14.960629921259837,-12.660345789180138,False,-8.900523560209429,1.410939133031408,3.05,-41.76,41158383.8,103.4794,,,388318480.3,-286.928,1.4687,0,782288.6163,165708862.8,1.0,1.5,PASS,False,0.4444444444444444,3.05,-41.76,1.0,3.05,ESP-Q,66.0871,2.9086,1.4687,21.667901639344265,99.46392506573181,0.0,0.0,31.32,35.86,False,0,86.02520045819016,,0.14755351681957188,0,0,5.0,393,-10.664837677464723,False,-7.528786536758181,,-0.06343975813966736,False,False,独立池,3.05,0.0,20.88533286518463,32.48462671049397,0.7,0.0,22.74,Other
605168.SH,605168,三人行,20200528,,主板,L,621055845.6500001,67.4579078112062,未知,未知,,,60.67,67.3398,100.337,4.6773,6.1675,1279026.6541,1279026.6541,839922765.4000001,True,5,3,False,True,63.53,36.17,11.525735294117645,39.95386389850057,-4.501810168424369,False,67.4579078112062,1.410939133031408,192.02,-16.38,53211611.14,483.8133,,,532929934.08,-1809.4106,0.403,0,1279026.6541,839922765.4000001,1.0,1.5,PASS,False,0.4444444444444444,192.02,-16.38,1.0,192.02,ESP-Q,67.3398,4.6773,0.403,0.3506915946255598,99.46392506573181,0.0,0.0,60.67,63.53,False,0,86.02520045819016,CHASE,0.9923547400611621,1,1,100.0,393,65.6935936939509,True,11.525735294117645,突破型|OVERHEAT,0.006592498817659183,True,True,独立池,192.02,0.0,23.646216095354603,80.53680335652797,0.7,0.0,56.38,Tier2
003009.SZ,003009,中天火箭,20200925,,主板,L,334542958.8,2.6258205689277947,未知,未知,,,60.97,,,4.9848,2.5238,1004282.0975,1004098.4864,418662715.6,True,0,0,False,False,69.38,56.89,-10.23262661955242,-13.566770626594849,-12.121648890170079,False,2.6258205689277947,1.410939133031408,107.4,-1040.69,1429988.68,30.1886,,,-148542658.54999998,-867.3567,0.2682,0,1004282.0975,418662715.6,1.0,1.5,PASS,False,0.4444444444444444,107.4,-1040.69,1.0,107.4,ESP-Q,,4.9848,0.2682,,99.46392506573181,0.0,0.0,60.97,69.38,False,0,94.73081328751431,,0.5275229357798165,0,0,5.0,393,0.8615064516725002,False,-10.23262661955242,,-0.025177689573124648,False,False,独立池,107.4,0.0,22.4099037762723,35.40122474150875,0.7,0.0,24.78,Other
002990.SZ,002990,盛视科技,20200525,,主板,L,1166988996.5999997,65.02018522916171,未知,未知,,,69.49,213.2825,309.0991,7.2918,15.3272,1819610.507,959090.9943,1278857844.8000002,True,7,3,False,True,70.8,37.38,15.778073975341545,152.59905488913122,-1.8502824858757094,False,65.02018522916171,1.410939133031408,-93.4,-51.65,1742870.66,45.7512,,,136713738.79,-142.1382,0.1528,0,1819610.507,1278857844.8000002,1.0,1.5,PASS,False,0.4444444444444444,-93.4,-51.65,1.0,-94.4,ESP-Q,213.2825,7.2918,0.1528,,99.46392506573181,0.0,10.0,69.49,70.8,False,0,94.73081328751431,CHASE,0.9892966360856269,1,1,100.0,393,63.255871111906416,True,15.778073975341545,突破型|OVERHEAT,0.022687915876938587,True,True,独立池,-94.4,0.0,19.461572105381148,82.31155840733052,0.7,10.0,47.62,Other
003027.SZ,003027,同兴科技,20201218,,主板,L,276726383.55,10.668437361664452,未知,未知,,,25.0,44.1756,46.2034,1.8825,5.4464,326808.0,262152.42,180947868.6,True,1,0,False,False,27.85,21.36,-5.87349397590361,8.885017421602793,-10.23339317773788,False,10.668437361664452,1.410939133031408,-32.55,196.94,8552936.53,82.4511,,,184776539.81,242.321,0.5996,0,326808.0,180947868.6,1.0,1.5,PASS,False,0.4444444444444444,-32.55,196.94,1.0,-33.55,,44.1756,1.8825,0.5996,,99.46392506573181,0.0,0.0,25.0,27.85,True,0,94.73081328751431,,0.7194189602446484,1,1,100.0,393,8.904123244409158,True,-5.87349397590361,,-0.0014342804126801657,False,False,独立池,-33.55,0.0,20.350600758372856,82.48936413792886,1.0,0.0,82.49,Tier2
002997.SZ,002997,瑞鹄模具,20200903,,主板,L,193745937.9,10.707517372078312,未知,未知,,,35.05,18.7247,18.2901,2.8465,5.0359,733671.2441,733671.2441,392280082.1999999,True,1,1,False,False,35.86,28.66,-0.8766968325791935,-0.36952814098920594,-2.2587841606246606,False,10.707517372078312,1.410939133031408,10.64,14.45,102406854.93,95.9341,,,1032218218.13,-14.8249,4.2312,0,733671.2441,392280082.1999999,1.0,1.5,PASS,False,0.4444444444444444,10.64,14.45,1.0,10.64,ESP-Q,18.7247,2.8465,4.2312,1.7598402255639096,99.46392506573181,10.0,0.0,35.05,35.86,False,0,94.73081328751431,,0.7240061162079511,1,1,100.0,393,8.943203254823018,True,-0.8766968325791935,,0.029847680761545724,False,False,独立池,10.64,0.0,20.996224031597237,82.61848879257374,0.7,0.0,67.83,Tier2
003021.SZ,003021,兆威机电,20201204,,主板,L,494287593.04999995,6.085476929236311,未知,未知,,,105.99,111.5138,117.8922,5.5191,7.0471,2835708.3951,2197877.0036,698504742.0,True,0,0,False,False,109.47,92.0,3.4553440702781657,-12.923102201774572,-3.1789531378459857,False,6.085476929236311,1.410939133031408,-31.89,22.6,32139133.45,78.4805,,,514212954.09,88.5769,0.9503,0,2835708.3951,698504742.0,1.0,1.5,PASS,False,0.4444444444444444,-31.89,22.6,1.0,-32.89,ESP-Q,111.5138,5.5191,0.9503,,99.46392506573181,0.0,0.0,105.99,109.47,False,0,94.73081328751431,,0.6261467889908257,0,1,55.0,393,4.321162811981017,False,3.4553440702781657,,0.007978958480880653,False,False,独立池,-32.89,0.0,20.36024346849569,59.99129267995343,0.7,0.0,41.99,Other
605228.SH,605228,XD神通科,20210120,,主板,L,151719217.95000002,-1.9463087248322242,未知,未知,,,14.61,52.6402,41.0606,3.0521,1.7132,700045.9211,697094.7011,125197545.2,False,0,0,False,False,15.43,14.29,-2.6000000000000023,2.5983146067415586,-5.314322747893718,False,-1.9463087248322242,1.410939133031408,403.71,450.6949,42476987.43,91.4849,,,340344878.06,44.0294,2.3271,0,700045.9211,125197545.2,1.0,1.5,PASS,False,0.4444444444444444,403.71,450.6949,1.0,403.71,,52.6402,3.0521,2.3271,0.1303911223402938,99.46392506573181,0.0,0.0,14.61,15.43,False,0,86.02520045819016,,0.37079510703363916,0,0,5.0,393,-3.7106228420875187,False,-2.6000000000000023,,-0.0166345068331193,False,False,独立池,403.71,0.0,26.739042316419752,33.655368600741,1.0,0.0,33.66,Other
601665.SH,601665,齐鲁银行,20210618,,主板,L,355165602.65,3.630363036303641,未知,未知,,,6.28,6.764,6.544,0.764,0.8119,3864613.1057,3864613.1057,324093622.8,True,0,0,False,False,6.5,5.94,-0.6329113924050667,4.666666666666663,-3.384615384615386,False,3.630363036303641,1.410939133031408,17.17,15.36,1563051000.0,99.958,,,13785136000.0,556.114,2.9477,0,3864613.1057,324093622.8,1.0,1.5,PASS,False,0.4444444444444444,17.17,15.36,1.0,17.17,,6.764,0.764,2.9477,0.3939429237041351,99.46392506573181,10.0,0.0,6.28,6.5,False,0,50.0,COV-LOW,0.555045871559633,0,1,55.0,393,1.8660489190483465,False,-0.6329113924050667,,-0.006706704069027957,False,False,独立池,17.17,0.0,21.091628421145895,46.71832568422918,1.0,0.0,56.72,Tier2
003019.SZ,003019,宸展光电,20201117,,主板,L,230101300.4,7.3421439060205484,未知,未知,,,36.55,33.2904,37.5393,3.7519,8.6236,646440.1496,624849.1508,248281635.0,True,0,0,False,False,36.66,33.11,2.7262507026419414,18.284789644012946,-0.30005455537370773,False,7.3421439060205484,1.410939133031408,-39.55,,24226962.19,87.4505,,,247127518.72,4.0578,1.6151,1,646440.1496,248281635.0,1.0,1.5,PASS,False,0.4444444444444444,-39.55,,1.0,-40.55,,33.2904,3.7519,1.6151,,99.46392506573181,0.0,0.0,36.55,36.66,False,10,94.73081328751431,,0.6521406727828746,0,1,55.0,393,5.5778297887652535,True,2.7262507026419414,,-0.00872565667371243,False,False,独立池,-40.55,0.0,20.24832959040339,59.96890990433497,1.0,10.0,49.97,Other
003022.SZ,003022,联泓新科,20201208,,主板,L,819455693.3499999,16.234967622571684,未知,未知,,,25.13,109.7862,88.5505,4.4776,4.4289,3356282.384,3353427.1762,1168300751.0,True,2,1,False,False,27.49,21.46,0.319361277445096,21.050096339113654,-8.584939978173878,False,16.234967622571684,1.410939133031408,109.12,64.45,146861459.95,101.4789,,,842569093.91,107.5708,1.9261,0,3356282.384,1168300751.0,1.0,1.5,PASS,False,0.4444444444444444,109.12,64.45,1.0,109.12,,109.7862,4.4776,1.9261,1.0061052052785924,99.46392506573181,0.0,0.0,25.13,27.49,False,0,86.02520045819016,CHASE,0.8103975535168195,1,1,100.0,393,14.47065350531639,True,0.319361277445096,,0.017136769082248458,True,False,独立池,109.12,0.0,22.43503326325908,80.29456679010886,1.0,0.0,80.29,Tier2
605133.SH,605133,嵘泰股份,20210224,,主板,L,443600847.85,34.31972789115647,未知,未知,,,39.49,58.5199,59.6309,2.9228,6.5417,1116655.3812,1114084.4243,574050201.1999999,False,0,0,False,False,40.98,28.3,1.1267605633803024,22.449612403100772,-3.6359199609565573,False,34.31972789115647,1.410939133031408,-14.29,15.78,38342933.75,85.8347,,,410035020.31,151.0043,1.174,0,1116655.3812,574050201.1999999,1.0,1.5,PASS,False,0.4444444444444444,-14.29,15.78,1.0,-15.29,,58.5199,2.9228,1.174,,99.46392506573181,0.0,0.0,39.49,40.98,False,0,53.493699885452465,,0.9365443425076453,1,1,75.0,393,32.55541377390117,True,1.1267605633803024,,-0.008371933034012263,True,False,独立池,-15.29,0.0,20.61738240510463,57.67158644665666,1.0,0.0,57.67,Tier2
605077.SH,605077,华康股份,20210209,,主板,L,274211593.7499999,23.38104976141786,未知,未知,,,18.1,27.385,38.783,1.7877,7.5997,548520.5996,541967.4946,437901818.2,False,0,0,False,False,19.36,14.46,-4.485488126649062,11.935683364254789,-6.50826446280991,False,23.38104976141786,1.410939133031408,,-33.5,,,,,446082266.22,-103.9809,0.6817,0,548520.5996,437901818.2,1.0,1.5,PASS,False,0.4444444444444444,,-33.5,1.0,0.0,DATA-INC,27.385,1.7877,0.6817,,99.46392506573181,0.0,0.0,18.1,19.36,False,0,53.493699885452465,,0.8746177370030581,1,1,75.0,393,21.616735644162564,True,-4.485488126649062,,0.1171233059245265,True,False,独立池,0.0,0.0,20.84077185628365,57.716264336892465,1.0,0.0,57.72,Tier2
605055.SH,605055,迎丰股份,20210129,,主板,L,161268142.25000003,17.53424657534246,未知,未知,,,12.87,,,5.7649,3.7532,566280.0,566280.0,312773758.4,False,1,1,False,False,14.17,10.3,-1.9054878048780477,33.22981366459625,-9.174311926605505,False,17.53424657534246,1.410939133031408,-103.18,-220.03,-19876703.85,,,,-129331078.95,,-1.8143,0,566280.0,312773758.4,1.0,1.5,PASS,False,0.4444444444444444,-103.18,-220.03,1.0,-104.18,,,5.7649,-1.8143,,99.46392506573181,0.0,0.0,12.87,14.17,False,0,86.02520045819016,CHASE,0.8256880733944955,1,1,75.0,393,15.769932458087167,True,-1.9054878048780477,,0.011713993791742826,True,False,独立池,-104.18,0.0,19.318684673560956,67.17129707216924,1.0,0.0,67.17,Tier2
003023.SZ,003023,彩虹集团,20201211,,主板,L,199464516.7,15.679574791192108,未知,未知,,,30.47,50.4123,62.2001,2.0225,3.8789,320975.8552,320301.5968,157749292.6,True,1,0,False,False,34.3,26.01,-8.745133273435169,27.117229870671665,-11.166180758017486,False,15.679574791192108,1.410939133031408,-34.38,-41.28,19213023.13,100.6442,,,172370679.35,710.4002,1.2102,0,320975.8552,157749292.6,1.0,1.5,PASS,False,0.4444444444444444,-34.38,-41.28,1.0,-35.38,,50.4123,2.0225,1.2102,,99.46392506573181,0.0,0.0,30.47,34.3,True,0,94.73081328751431,CHASE,0.8042813455657493,1,1,100.0,393,13.915260673936814,True,-8.745133273435169,,-0.006028427263086539,True,False,独立池,-35.38,0.0,20.323864153032265,82.48401681686074,1.0,0.0,82.48,Tier2
603112.SH,603112,华翔股份,20200917,,主板,L,280869016.59999996,9.126594700686951,未知,未知,,,22.24,21.5262,21.005,2.6559,2.4367,1200874.1558,1188964.9472,252141134.0,False,0,0,False,False,23.15,19.63,0.27051397655544207,25.649717514124283,-3.9308855291576683,False,9.126594700686951,1.410939133031408,4.52,20.85,120049689.0,81.766,,,1237750077.58,-23.8355,3.3061,0,1200874.1558,252141134.0,1.0,1.5,PASS,False,0.4444444444444444,4.52,20.85,1.0,4.52,ESP-Q,21.5262,2.6559,3.3061,4.762433628318584,99.46392506573181,10.0,0.0,22.24,23.15,False,0,86.02520045819016,,0.6888379204892966,0,1,40.0,393,7.362280583431657,True,0.27051397655544207,,0.0030409953346365918,False,False,独立池,4.52,0.0,20.906809810458217,49.98892209954869,0.7,0.0,44.99,Other
605268.SH,605268,王力安防,20210224,,主板,L,177537268.8,-5.7784911717496,未知,未知,,,11.74,41.689,40.0833,3.0381,1.0997,523959.135,517205.7,98218908.00000001,False,0,0,False,False,14.23,11.59,-3.8493038493038534,2.9824561403508865,-17.49824314827828,False,-5.7784911717496,1.410939133031408,26.31,-21.67,15768017.59,54.6883,,,277340689.53,191.906,1.6859,0,523959.135,98218908.00000001,1.0,1.5,PASS,False,0.4444444444444444,26.31,-21.67,1.0,26.31,ESP-Q,41.689,3.0381,1.6859,1.584530596731281,99.46392506573181,0.0,0.0,11.74,14.23,True,0,53.493699885452465,,0.24464831804281345,0,0,5.0,393,-7.542805289004894,False,-3.8493038493038534,,0.006670405253896092,False,False,独立池,26.31,0.0,21.225165346180308,22.7931430348718,0.7,0.0,15.96,Other
601658.SH,601658,邮储银行,20191210,,主板,L,658990622.0499998,-2.7397260273972712,未知,未知,,,4.97,6.8289,6.7916,0.5781,0.2256,59687241.5855,36046316.9007,591956932.0,False,0,0,False,False,5.27,4.95,-1.5841584158415856,-4.054054054054057,-5.692599620493355,False,-2.7397260273972712,1.410939133031408,1.43,2.7987,25680000000.0,99.8212,,,239756000000.0,1113.0451,2.2249,0,59687241.5855,591956932.0,1.0,1.5,PASS,False,0.4444444444444444,1.43,2.7987,1.0,0.42999999999999994,,6.8289,0.5781,2.2249,4.775454545454545,99.46392506573181,0.0,0.0,4.97,5.27,False,0,73.25315005727376,,0.35091743119266056,0,0,5.0,393,-4.504040144652565,False,-1.5841584158415856,,0.008140761599366452,False,False,独立池,0.42999999999999994,0.0,20.847054228030345,28.645355862788197,1.0,0.0,28.65,Other
003018.SZ,003018,金富科技,20201106,,主板,L,736054653.9,66.17027254846866,未知,未知,,,59.14,152.4178,160.2517,9.4836,3.487,1537640.0,1403909.675,604529468.2,False,6,2,True,True,59.14,34.33,24.217601344255414,161.79725542275344,0.0,False,66.17027254846866,1.410939133031408,-4.12,-31.73,20327451.78,98.6574,,,249549706.39000002,-106.3391,1.2789,0,1537640.0,604529468.2,1.0,1.5,PASS,False,0.4444444444444444,-4.12,-31.73,1.0,-5.12,ESP-Q,152.4178,9.4836,1.2789,,99.46392506573181,0.0,0.0,59.14,59.14,False,0,86.02520045819016,CHASE,0.9908256880733946,1,1,75.0,393,64.40595843121336,True,24.217601344255414,LOCK|突破型|OVERHEAT,0.053742906094270425,True,True,独立池,-5.12,0.0,20.765967801997412,67.46075369785653,0.7,0.0,47.22,Other
605117.SH,605117,德业股份,20210420,,主板,L,2117146973.8499997,10.293470286133521,未知,未知,,,150.33,43.1125,37.4201,11.822,1.6382,13669996.1039,13669996.1039,2066454154.2,True,0,0,False,False,164.55,135.18,-6.956737018010761,61.40219025123472,-8.641750227894251,False,10.293470286133521,1.410939133031408,87.25,8.2,1147046203.37,96.5613,,,7922437887.96,133.1371,10.8612,0,13669996.1039,2066454154.2,1.0,1.5,PASS,False,0.4444444444444444,87.25,8.2,1.0,87.25,,43.1125,11.822,10.8612,0.4941260744985673,99.46392506573181,0.0,0.0,150.33,164.55,False,0,50.0,COV-LOW,0.7148318042813455,1,1,100.0,393,8.529156168878227,True,-6.956737018010761,,0.000830678967641246,False,False,独立池,87.25,0.0,22.115508914188766,69.42310178283776,1.0,0.0,69.42,Tier2
605058.SH,605058,澳弘电子,20201021,,主板,L,177682123.04999998,4.517568321249299,未知,未知,,,37.48,35.1389,35.9698,2.9477,2.3242,535678.9646,535678.9646,154442088.6,True,0,0,False,False,40.4,34.26,-3.9466940030753572,20.630833601544897,-7.227722772277234,False,4.517568321249299,1.410939133031408,-14.48,12.27,30034098.5,90.7442,,,348533838.88,73.2943,1.8102,0,535678.9646,154442088.6,1.0,1.5,PASS,False,0.4444444444444444,-14.48,12.27,1.0,-15.48,,35.1389,2.9477,1.8102,,99.46392506573181,0.0,0.0,37.48,40.4,False,0,94.73081328751431,,0.5825688073394495,0,1,55.0,393,2.7532542039940044,False,-3.9466940030753572,,-0.004206108102935172,False,False,独立池,-15.48,0.0,20.614606473402603,60.04216528093481,1.0,0.0,60.04,Tier2
605277.SH,605277,新亚电子,20210106,,主板,L,153759173.95000002,-3.1910484873601264,未知,未知,,,23.36,34.3106,34.7506,4.337,1.8419,756835.6153,743162.8531,164193833.6,True,0,0,False,False,24.69,22.56,-3.4710743801652844,-7.117296222664016,-5.386796273795069,False,-3.1910484873601264,1.410939133031408,-5.76,44.95,47952683.51,107.821,,,418801428.89,59.8185,2.5812,0,756835.6153,164193833.6,1.0,1.5,PASS,False,0.4444444444444444,-5.76,44.95,1.0,-6.76,,34.3106,4.337,2.5812,,99.46392506573181,0.0,0.0,23.36,24.69,False,0,94.73081328751431,,0.33868501529051986,0,0,5.0,393,-4.955362604615421,False,-3.4710743801652844,,-0.007521232221622928,False,False,独立池,-6.76,0.0,20.742007128358853,35.06764541192606,1.0,0.0,35.07,Other
605298.SH,605298,必得科技,20210301,,主板,L,190030276.79999998,29.77740445191097,未知,未知,,,61.8,204.4587,202.6627,10.8468,2.1669,1160913.0,1151031.18,165795293.80000004,True,2,0,False,False,65.0,46.8,7.853403141361248,48.41498559077808,-4.9230769230769305,False,29.77740445191097,1.410939133031408,-4.45,47.78,6710416.97,86.8573,,,113345071.4,78.7851,0.7246,1,1160913.0,165795293.80000004,1.0,1.5,PASS,False,0.4444444444444444,-4.45,47.78,1.0,-5.45,,204.4587,10.8468,0.7246,,99.46392506573181,0.0,10.0,61.8,65.0,False,10,53.493699885452465,,0.9166666666666666,1,1,100.0,393,28.013090334655676,True,7.853403141361248,,0.0042586850014032455,True,False,独立池,-5.45,0.0,20.761146446935992,70.20033925502294,1.0,20.0,50.2,Tier2
605196.SH,605196,华通线缆,20210511,,主板,L,540655780.4499999,-12.41568296795953,未知,未知,,,41.55,74.3134,68.8124,6.2706,3.0229,2123089.4121,2098120.3551,688335561.2,False,0,0,False,False,51.83,40.53,-0.8826335877862745,-7.04697986577183,-19.834072930735104,False,-12.41568296795953,1.410939133031408,-32.94,-12.13,22135647.86,34.295,,,671738133.97,-121.3136,1.9201,0,2123089.4121,688335561.2,1.0,1.5,PASS,False,0.4444444444444444,-32.94,-12.13,1.0,-33.94,ESP-Q,74.3134,6.2706,1.9201,,99.46392506573181,0.0,0.0,41.55,51.83,False,0,50.0,COV-LOW,0.06804281345565749,0,0,5.0,393,-14.179997085214824,False,-0.8826335877862745,,-0.003996917026787782,False,False,独立池,-33.94,0.0,20.34490279330027,21.568980558660055,0.7,0.0,15.1,Other
603931.SH,603931,格林达,20200819,,主板,L,385858052.50000006,66.21184919210053,未知,未知,,,46.29,75.3998,76.9746,4.629,4.9187,923755.741,923755.741,426390660.3999999,True,3,1,False,True,47.37,27.58,7.776484284051222,42.51847290640396,-2.27992400253324,False,66.21184919210053,1.410939133031408,-8.59,-22.07,25250200.27,86.1301,,,264503885.93,91.3314,1.4853,1,923755.741,426390660.3999999,1.0,1.5,PASS,False,0.4444444444444444,-8.59,-22.07,1.0,-9.59,,75.3998,4.629,1.4853,,99.46392506573181,0.0,0.0,46.29,47.37,False,10,98.05269186712485,CHASE,0.9915902140672783,1,1,100.0,393,64.44753507484523,True,7.776484284051222,突破型|OVERHEAT,-0.0030475573023208864,True,True,独立池,-9.59,0.0,20.700660356165482,83.55593963137055,1.0,10.0,73.56,Tier2
605011.SH,605011,杭州热电,20210630,,主板,L,155395040.10000002,15.92323651452283,未知,未知,,,22.35,47.9528,47.0278,3.6181,2.2867,894223.5,894223.5,280186482.20000005,False,0,0,False,False,23.42,19.1,-1.1936339522546358,7.9188797682279155,-4.568744662681468,False,15.92323651452283,1.410939133031408,5.75,-12.76,35670530.13,88.0403,,,435931087.05,-39.2985,1.653,0,894223.5,280186482.20000005,1.0,1.5,PASS,False,0.4444444444444444,5.75,-12.76,1.0,5.75,ESP-Q,47.9528,3.6181,1.653,8.339617391304348,99.46392506573181,0.0,0.0,22.35,23.42,False,0,50.0,COV-LOW,0.8073394495412844,1,1,75.0,393,14.158922397267537,True,-1.1936339522546358,,-0.02422258377510461,True,False,独立池,5.75,0.0,20.924780315687137,56.68495606313743,0.7,0.0,39.68,Other
600916.SH,600916,中国黄金,20210205,,主板,L,237247235.94999996,-7.920792079207928,未知,未知,,,8.37,51.0525,46.1611,1.9257,2.5559,1406160.0,1406160.0,288073076.1999999,False,0,0,False,False,9.3,8.34,-7.206208425720629,-27.595155709342567,-10.00000000000002,False,-7.920792079207928,1.410939133031408,21.6,-69.58,162012578.85,98.9429,,,1008983420.41,-464.7144,2.2679,0,1406160.0,288073076.1999999,1.0,1.5,PASS,False,0.4444444444444444,21.6,-69.58,1.0,21.6,ESP-Q,51.0525,1.9257,2.2679,2.3635416666666664,99.46392506573181,0.0,0.0,8.37,9.3,False,0,86.02520045819016,,0.1735474006116208,0,0,5.0,393,-9.685106196463222,False,-7.206208425720629,,0.01649279297511639,False,False,独立池,21.6,0.0,21.15635146030371,32.53883042951779,0.7,0.0,22.78,Other
605319.SH,605319,无锡振华,20210607,,主板,L,218835929.79999998,-12.282463186077642,未知,未知,,,26.21,19.7254,19.4638,3.2101,1.3562,917605.6025,912505.1365,140086450.79999998,False,0,0,False,False,30.3,25.46,-1.5771686068343893,2.8246371125931757,-13.498349834983504,False,-12.282463186077642,1.410939133031408,7.86,24.84,99539911.37,98.7537,,,1073927582.23,57.9513,3.5654,0,917605.6025,140086450.79999998,1.0,1.5,PASS,False,0.4444444444444444,7.86,24.84,1.0,7.86,,19.7254,3.2101,3.5654,2.509592875318066,99.46392506573181,10.0,0.0,26.21,30.3,True,0,50.0,COV-LOW,0.06957186544342507,0,0,5.0,393,-14.046777303332936,False,-1.5771686068343893,,-0.023723279446370437,False,False,独立池,7.86,0.0,20.955607767746503,21.6911215535493,1.0,0.0,31.69,Other
605208.SH,605208,永茂泰,20210308,,主板,L,259911714.25000003,10.999999999999988,未知,未知,,,15.54,75.9555,72.3773,2.307,5.2652,512726.76,512726.76,289335961.59999996,True,0,0,False,False,16.62,13.4,10.369318181818166,17.106254709871884,-6.49819494584839,False,10.999999999999988,1.410939133031408,30.51,175.65,18875760.51,105.6986,,,148540085.61,-1326.9144,0.8081,0,512726.76,289335961.59999996,1.0,1.5,PASS,False,0.4444444444444444,30.51,175.65,1.0,30.51,ESP-Q,75.9555,2.307,0.8081,2.4895280235988198,99.46392506573181,0.0,0.0,15.54,16.62,False,0,50.0,COV-LOW,0.7270642201834863,1,1,100.0,393,9.235685882744693,True,10.369318181818166,OVERHEAT,0.003716337743339989,False,True,独立池,30.51,0.0,21.28652804696199,69.2573056093924,0.7,0.0,48.48,Other
605162.SH,605162,新中港,20210707,,主板,L,288934678.5,-11.622464898595942,未知,未知,,,11.33,38.0039,39.0544,3.3449,4.0302,467927.2858,467927.2858,217841860.00000003,True,1,0,False,False,14.6,11.09,-2.996575342465746,20.9178228388474,-22.3972602739726,False,-11.622464898595942,1.410939133031408,-29.42,-16.2,10240627.68,84.3411,,,265705880.66,43.0332,0.9169,0,467927.2858,217841860.00000003,1.0,1.5,PASS,False,0.4444444444444444,-29.42,-16.2,1.0,-30.42,,38.0039,3.3449,0.9169,,99.46392506573181,0.0,0.0,11.33,14.6,True,0,50.0,COV-LOW,0.08486238532110092,0,0,5.0,393,-13.386779015851236,False,-2.996575342465746,,-0.00486205933341091,False,False,独立池,-30.42,0.0,20.396330580622056,21.579266116124412,1.0,0.0,21.58,Other
601825.SH,601825,沪农商行,20210819,,主板,L,215216530.34999996,-5.2688172043010795,未知,未知,,,8.81,6.9007,6.8863,0.6452,0.2299,8496755.556,8258882.876,211019689.6,False,0,0,False,False,9.36,8.51,2.4418604651162967,2.6806526806526954,-5.876068376068366,False,-5.2688172043010795,1.410939133031408,1.02,1.73,3577604000.0,99.6542,,,33132664000.0,163.9479,2.7659,0,8496755.556,211019689.6,1.0,1.5,PASS,False,0.4444444444444444,1.02,1.73,1.0,0.020000000000000018,,6.9007,0.6452,2.7659,6.765392156862744,99.46392506573181,10.0,0.0,8.81,9.36,False,0,50.0,COV-LOW,0.26452599388379205,0,0,5.0,393,-7.0331313215563735,False,2.4418604651162967,,-0.008000106909459818,False,False,独立池,0.020000000000000018,0.0,20.841064059620702,21.668212811924143,1.0,0.0,31.67,Other
605305.SH,605305,中际联合,20210506,,主板,L,371120247.05,2.5381903642773374,未知,未知,,,43.63,17.4837,16.539,3.0263,2.6821,927224.76,927224.76,286218450.59999996,False,0,0,False,False,48.9,42.38,-5.152173913043468,10.232440626579088,-10.777096114519424,False,2.5381903642773374,1.410939133031408,29.34,85.82,120458124.99,93.5021,,,1279999145.5,-5.9998,4.2918,1,927224.76,286218450.59999996,1.0,1.5,PASS,False,0.4444444444444444,29.34,85.82,1.0,29.34,ESP-Q,17.4837,3.0263,4.2918,0.5958997955010225,99.46392506573181,10.0,0.0,43.63,48.9,True,10,50.0,COV-LOW,0.5244648318042814,0,0,5.0,393,0.7738762470220428,False,-5.152173913043468,,-0.003111679534811224,False,False,独立池,29.34,0.0,21.269434151744235,21.753886830348847,0.7,10.0,15.23,Other
003031.SZ,003031,中瓷电子,20210104,,主板,L,1959119201.5500002,55.48455804046857,未知,未知,,,160.6,128.7406,114.419,10.9609,5.5901,7243908.9155,5462916.5378,2593589156.2000003,True,3,2,False,True,169.0,99.67,4.2315680166147285,114.7920288885917,-4.970414201183438,False,55.48455804046857,1.410939133031408,66.97,15.13,189683294.62,98.1272,,,1408980386.09,162.4616,2.9688,0,7243908.9155,2593589156.2000003,1.0,1.5,PASS,False,0.4444444444444444,66.97,15.13,1.0,66.97,,128.7406,10.9609,2.9688,1.922362251754517,99.46392506573181,0.0,0.0,160.6,169.0,False,0,94.73081328751431,CHASE,0.9839449541284404,1,1,100.0,393,53.720243923213275,True,4.2315680166147285,突破型,0.005538675901333957,True,False,独立池,66.97,0.0,21.819214730414373,82.78308693233717,1.0,0.0,82.78,Tier2
601816.SH,601816,京沪高铁,20200116,,主板,L,787385271.4000002,0.4048582995951344,未知,未知,,,4.96,18.4234,18.1768,1.1534,0.3861,24267136.9675,24267136.9675,1398010118.1999998,True,0,0,False,False,5.25,4.83,1.6393442622950838,-0.6012024048096198,-5.52380952380952,False,0.4048582995951344,1.410939133031408,6.02,3.34,3142001489.3,99.9799,,,32950727616.14,104.1504,1.5054,0,24267136.9675,1398010118.1999998,1.0,1.5,PASS,False,0.4444444444444444,6.02,3.34,1.0,6.02,,18.4234,1.1534,1.5054,3.060365448504984,99.46392506573181,0.0,0.0,4.96,5.25,False,0,77.54868270332189,,0.4625382262996942,0,0,5.0,393,-1.35945581766016,False,1.6393442622950838,,0.01742485252842699,False,False,独立池,6.02,0.0,20.92872506073739,29.950349823144045,1.0,0.0,29.95,Other
001299.SZ,001299,美能能源,20221031,,主板,L,204617865.90000004,-30.01797483523069,未知,未知,,,11.68,35.8096,35.3997,3.2694,3.793,367003.3384,330398.3224,136520629.4,True,0,0,False,False,19.1,10.63,2.907488986784146,-12.378094523630912,-38.84816753926702,False,-30.01797483523069,1.410939133031408,6.58,19.11,26174778.03,94.5254,,,221257105.18,43.5191,2.2556,0,367003.3384,136520629.4,1.0,1.5,PASS,False,0.4444444444444444,6.58,19.11,1.0,6.58,,35.8096,3.2694,2.2556,5.442188449848024,99.46392506573181,0.0,0.0,11.68,19.1,True,0,50.0,COV-LOW,0.0007645259938837921,0,0,5.0,393,-31.782288952485985,False,2.907488986784146,,0.0058881934710975975,False,False,独立池,6.58,0.0,20.936906754174945,21.68738135083499,1.0,0.0,21.69,Other
605016.SH,605016,百龙创园,20210421,,主板,L,161105879.10000002,3.2588101553618687,未知,未知,,,27.25,31.055,28.0718,5.4971,1.3093,1144533.572,1144533.572,148925925.60000002,True,0,0,False,False,29.1,25.55,-2.5741866285305615,7.963549920760693,-6.357388316151202,False,3.2588101553618687,1.410939133031408,45.93,57.07,119644220.38,99.2191,,,910156074.07,96.5476,5.9644,0,1144533.572,148925925.60000002,1.0,1.5,PASS,False,0.4444444444444444,45.93,57.07,1.0,45.93,,31.055,5.4971,5.9644,0.6761376006967124,99.46392506573181,0.0,0.0,27.25,29.1,False,0,50.0,COV-LOW,0.5474006116207951,0,1,55.0,393,1.4944960381065742,False,-2.5741866285305615,,-0.014428247278915585,False,False,独立池,45.93,0.0,21.511816819831868,46.80236336396638,1.0,0.0,46.8,Other
600906.SH,600906,财达证券,20210507,,主板,L,209729803.04999998,-1.7080745341614967,未知,未知,,,6.33,27.4947,23.2795,1.6419,1.4603,2054085.0,1344640.7234,263920146.39999998,True,0,0,False,False,6.74,5.98,-2.914110429447847,-7.591240875912408,-6.083086053412467,False,-1.7080745341614967,1.410939133031408,116.46,9.32,253325538.2,99.9754,,,2037462871.94,791.5293,2.0459,0,2054085.0,263920146.39999998,1.0,1.5,PASS,False,0.4444444444444444,116.46,9.32,1.0,116.46,,27.4947,1.6419,2.0459,0.23608706852138076,99.46392506573181,0.0,0.0,6.33,6.74,False,0,50.0,COV-LOW,0.37996941896024466,0,0,5.0,393,-3.472388651416791,False,-2.914110429447847,,-0.006007384733042569,False,False,独立池,116.46,0.0,22.542271887958492,22.008454377591697,1.0,0.0,22.01,Other
605589.SH,605589,圣泉集团,20210810,,主板,L,1894528819.5,15.129958960328317,未知,未知,,,42.08,35.3845,36.4478,3.2647,6.0591,3561602.7996,3549868.7916,2124131407.9999998,False,1,1,False,False,44.19,35.71,11.175693527080565,42.06617150573935,-4.774835935732069,False,15.129958960328317,1.410939133031408,-9.46,12.61,173476429.01,97.8176,,,2322229114.58,-232.466,1.6461,0,3561602.7996,2124131407.9999998,1.0,1.5,PASS,False,0.4444444444444444,-9.46,12.61,1.0,-10.46,ESP-Q,35.3845,3.2647,1.6461,,99.46392506573181,0.0,0.0,42.08,44.19,False,0,50.0,COV-LOW,0.7935779816513762,1,1,75.0,393,13.365644843073023,True,11.175693527080565,OVERHEAT,0.0030124313543523325,True,True,独立池,-10.46,0.0,20.687949511003563,56.637589902200716,0.7,0.0,39.65,Other
600905.SH,600905,三峡能源,20210610,,主板,L,659994285.4499999,0.0,未知,未知,,,4.11,31.6324,50.9222,1.3096,0.6544,11749524.2084,11749524.2084,962284436.2,True,0,0,False,False,4.29,4.07,-1.4388489208633004,0.0,-4.195804195804187,False,0.0,1.410939133031408,-50.12,-48.03,1039829468.87,99.975,,,11134639594.539999,270.0651,1.1662,0,11749524.2084,962284436.2,1.0,1.5,PASS,False,0.4444444444444444,-50.12,-48.03,1.0,-51.12,,31.6324,1.3096,1.1662,,99.46392506573181,0.0,0.0,4.11,4.29,False,0,50.0,COV-LOW,0.44533639143730885,0,0,5.0,393,-1.7643141172552945,False,-1.4388489208633004,,-0.0034925015468658723,False,False,独立池,-51.12,0.0,20.0939001267695,21.5187800253539,1.0,0.0,21.52,Other
605189.SH,605189,富春染织,20210528,,主板,L,251299050.2,13.716012084592144,未知,未知,,,18.82,47.6063,25.1577,1.9146,11.4691,365254.2051,365254.2051,437897830.8,False,2,2,False,False,20.81,16.05,-5.758637956935397,19.41624365482233,-9.562710235463712,False,13.716012084592144,1.410939133031408,156.83,-49.8,19150294.11,26.1268,,,103814102.49000001,-512.628,3.7321,0,365254.2051,437897830.8,1.0,1.5,PASS,False,0.4444444444444444,156.83,-49.8,1.0,156.83,ESP-Q,47.6063,1.9146,3.7321,0.3035535292992412,99.46392506573181,0.0,0.0,18.82,20.81,False,0,50.0,COV-LOW,0.7752293577981652,1,1,75.0,393,11.95169796733685,True,-5.758637956935397,,0.016490216450718655,False,False,独立池,156.83,0.0,23.132084323805245,57.12641686476105,0.7,0.0,39.99,Other
601995.SH,601995,中金公司,20201102,,主板,L,576597809.5500001,0.568011958146486,未知,未知,,,33.64,16.5863,14.3377,1.5817,0.6142,16238892.104,9834796.7682,639203248.2,True,0,0,False,False,34.93,33.4,-3.1384969766772186,-3.6931004866876616,-3.6931004866876616,False,0.568011958146486,1.410939133031408,76.14,70.73,3537751927.0,98.8904,,,23923517600.0,580.8959,2.8111,0,16238892.104,639203248.2,1.0,1.5,PASS,False,0.4444444444444444,76.14,70.73,1.0,76.14,,16.5863,1.5817,2.8111,0.2178395061728395,99.46392506573181,10.0,0.0,33.64,34.93,False,0,86.02520045819016,,0.4701834862385321,0,0,5.0,393,-1.1963021591088085,False,-3.1384969766772186,,-0.017715460060146425,False,False,独立池,76.14,0.0,21.953189960454374,32.69819812954792,1.0,0.0,42.7,Other
605056.SH,605056,咸亨国际,20210720,,主板,L,283131943.95000005,-14.346742613029551,未知,未知,,,24.06,37.944,37.3077,5.3608,1.6221,985000.0392,970564.0392,243030499.20000002,False,0,0,False,False,29.44,23.55,-6.45412130637636,8.134831460674153,-18.274456521739136,False,-14.346742613029551,1.410939133031408,9.48,15.12,23688775.19,91.1157,,,469277614.36,-715.3457,1.4271,0,985000.0392,243030499.20000002,1.0,1.5,PASS,False,0.4444444444444444,9.48,15.12,1.0,9.48,ESP-Q,37.944,5.3608,1.4271,4.00253164556962,99.46392506573181,0.0,0.0,24.06,29.44,False,0,50.0,COV-LOW,0.04434250764525994,0,0,5.0,393,-16.111056730284847,False,-6.45412130637636,,-0.015272650335136924,False,False,独立池,9.48,0.0,20.979276238048012,21.695855247609604,0.7,0.0,15.19,Other
601399.SH,601399,国机重装,20200608,,主板,L,509686009.4,-4.662004662004671,未知,未知,,,4.09,63.6517,61.5305,1.9831,1.4568,2950344.359,2950344.359,462013820.0,False,0,0,False,False,4.54,4.05,-6.6210045662100425,-21.194605009633914,-9.911894273127754,False,-4.662004662004671,1.410939133031408,16.13,29.48,122729933.58,96.638,,,1187629743.6399999,-1091.07,0.8549,0,2950344.359,462013820.0,1.0,1.5,PASS,False,0.4444444444444444,16.13,29.48,1.0,16.13,ESP-Q,63.6517,1.9831,0.8549,3.9461686298822074,99.46392506573181,0.0,0.0,4.09,4.54,False,0,88.65979381443299,,0.2805810397553517,0,0,5.0,393,-6.426318779259965,False,-6.6210045662100425,,0.006783043702393058,False,False,独立池,16.13,0.0,21.076433847619004,33.313224913853695,0.7,0.0,23.32,Other
605488.SH,605488,福莱新材,20210513,,主板,L,247279152.55000007,3.2733706871129753,未知,未知,,,35.02,136.7989,172.6469,4.6714,4.3781,1057187.0484,967276.4412,312231253.79999995,True,0,0,False,False,37.26,31.53,-4.054794520547933,-20.045662100456607,-6.011808910359617,False,3.2733706871129753,1.410939133031408,-47.82,31.57,16175001.87,85.875,,,175242411.79,-237.9672,0.9775,0,1057187.0484,312231253.79999995,1.0,1.5,PASS,False,0.4444444444444444,-47.82,31.57,1.0,-48.82,ESP-Q,136.7989,4.6714,0.9775,,99.46392506573181,0.0,0.0,35.02,37.26,False,0,50.0,COV-LOW,0.5481651376146789,0,1,55.0,393,1.5090565698576808,False,-4.054794520547933,,-0.02191981033545456,False,False,独立池,-48.82,0.0,20.127503510530893,46.52550070210618,0.7,0.0,32.57,Other
001207.SZ,001207,联科科技,20210623,,主板,L,180151054.79999998,7.653319817536741,未知,未知,,,21.24,21.9982,23.4279,2.7845,4.8233,643864.5683,621529.3234,349498878.20000005,True,1,1,False,False,21.24,17.15,7.056451612903225,-21.565731166912848,0.0,False,7.653319817536741,1.410939133031408,-28.13,6.86,59128736.76,90.6602,,,730471160.1899999,147.6056,2.7322,0,643864.5683,349498878.20000005,1.0,1.5,PASS,False,0.4444444444444444,-28.13,6.86,1.0,-29.13,,21.9982,2.7845,2.7322,,99.46392506573181,0.0,0.0,21.24,21.24,False,0,50.0,COV-LOW,0.6613149847094801,0,1,55.0,393,5.889005700281446,True,7.056451612903225,,0.018517456150859663,False,False,独立池,-29.13,0.0,20.415177695862145,46.58303553917243,1.0,0.0,46.58,Other
600955.SH,600955,维远股份,20210915,,主板,L,187734633.34999996,-1.3896312132549493,未知,未知,,,18.45,,,1.3227,1.3054,1014750.0,1014750.0,147846506.8,True,0,0,False,False,20.14,18.16,-2.535657686212367,-6.676783004552355,-8.391261171797426,False,-1.3896312132549493,1.410939133031408,176.4409,-2162.62,118702028.18,166.4271,,,-1153602924.23,254.0233,0.9343,0,1014750.0,147846506.8,1.0,1.5,PASS,False,0.4444444444444444,176.4409,-2162.62,1.0,176.4409,ESP-Q,,1.3227,0.9343,,99.46392506573181,0.0,0.0,18.45,20.14,True,0,50.0,COV-LOW,0.3944954128440367,0,0,5.0,393,-3.153945330510244,False,-2.535657686212367,,-0.005042999997565044,False,False,独立池,176.4409,0.0,23.418602844938448,22.183720568987688,0.7,0.0,15.53,Other
605598.SH,605598,上海港湾,20210917,,主板,L,434099655.65,8.701603441533056,未知,未知,,,55.59,205.8966,398.4223,7.8843,2.2152,1350930.4412,1350930.4412,480831014.3999999,True,1,1,False,False,62.5,44.3,-6.571428571428561,-12.991078416027547,-11.056,False,8.701603441533056,1.410939133031408,-91.13,-23.06,3447466.76,86.3675,,,146726247.35,181.4782,0.2307,0,1350930.4412,480831014.3999999,1.0,1.5,PASS,False,0.4444444444444444,-91.13,-23.06,1.0,-92.13,,205.8966,7.8843,0.2307,,99.46392506573181,0.0,0.0,55.59,62.5,False,0,50.0,COV-LOW,0.6781345565749235,0,1,55.0,393,6.937289324277762,True,-6.571428571428561,,-0.008727120158077988,False,False,独立池,-92.13,0.0,19.49473718413696,46.39894743682739,1.0,0.0,46.4,Other
001317.SZ,001317,三羊马,20211130,,主板,L,239726946.89999995,21.01434213261275,未知,未知,,,58.22,,,4.9058,4.815,498164.076,497672.8447,330929588.6,True,0,0,False,False,61.98,47.92,2.698888692891166,10.474383301707778,-6.066473055824462,False,21.01434213261275,1.410939133031408,90.4,-371.58,-191314.17,,,,-39933056.8,-13050.1962,-0.0294,1,498164.076,330929588.6,1.0,1.5,PASS,False,0.4444444444444444,90.4,-371.58,1.0,90.4,ESP-Q,,4.9058,-0.0294,,99.46392506573181,0.0,0.0,58.22,61.98,False,10,50.0,COV-LOW,0.8547400611620795,1,1,100.0,393,19.250028015357454,True,2.698888692891166,,0.0012605099405444398,True,False,独立池,90.4,0.0,22.161530939775027,69.432306187955,0.7,10.0,38.6,Other
001234.SZ,001234,泰慕士,20220111,,主板,L,295294228.0499999,2.790178571428581,未知,未知,,,27.63,64.1772,75.384,3.2016,4.5537,302310.0531,252774.4365,242388240.79999998,False,3,0,False,False,38.3,26.18,-12.369172216936253,-1.2155881301394333,-27.859007832898175,False,2.790178571428581,1.410939133031408,-27.66,-33.74,12549134.13,90.8622,,,103272961.60000001,13.8053,1.4739,0,302310.0531,242388240.79999998,1.0,1.5,PASS,False,0.4444444444444444,-27.66,-33.74,1.0,-28.66,,64.1772,3.2016,1.4739,,99.46392506573181,0.0,0.0,27.63,38.3,False,0,50.0,COV-LOW,0.5321100917431193,0,0,5.0,393,1.0258644541732864,False,-12.369172216936253,,-0.031438902788307826,False,False,独立池,-28.66,0.0,20.422044474282952,21.58440889485659,1.0,0.0,21.58,Other
603402.SH,603402,陕西旅游,20260106,,主板,L,174939956.04999998,-28.273080800806582,未知,未知,,,99.6,20.0459,21.9359,2.622,7.0129,770240.0066,192560.0066,130105528.6,False,0,0,False,False,141.87,98.9,-10.856529132730696,-38.47674346778677,-29.794882639035748,False,-28.273080800806582,1.410939133031408,-47.16,-23.79,38930615.38,94.5386,,,994970520.0799999,103.4053,1.4119,0,770240.0066,130105528.6,1.0,1.5,PASS,False,0.4444444444444444,-47.16,-23.79,1.0,-48.16,,20.0459,2.622,1.4119,,99.46392506573181,0.0,0.0,99.6,141.87,True,0,50.0,COV-LOW,0.0015290519877675841,0,0,5.0,393,-30.037394918061878,False,-10.856529132730696,,0.01602461079662274,False,False,独立池,-48.16,0.0,20.13714622065373,21.527429244130747,1.0,0.0,21.53,Other
601728.SH,601728,中国电信,20210820,,主板,L,826680532.45,8.576329331046306,未知,未知,,,6.33,17.455,18.2895,1.2368,0.3318,57924018.7965,49139618.2665,1145414799.4,True,0,0,False,False,6.42,5.76,3.0944625407166138,9.895833333333348,-1.4018691588784993,False,8.576329331046306,1.410939133031408,-25.28,1.9,6573766324.59,89.4374,,,88320377708.48001,244.9476,1.5821,0,57924018.7965,1145414799.4,1.0,1.5,PASS,False,0.4444444444444444,-25.28,1.9,1.0,-26.28,,17.455,1.2368,1.5821,,99.46392506573181,0.0,0.0,6.33,6.42,False,0,50.0,COV-LOW,0.6743119266055045,0,1,55.0,393,6.812015213791012,True,3.0944625407166138,,0.001688427618637133,False,False,独立池,-26.28,0.0,20.456816671392573,46.59136333427851,1.0,0.0,46.59,Other
603132.SH,603132,金徽股份,20220222,,主板,L,169318419.24999997,3.5049288061336004,工业金属,未知,801055.SI,240000,18.9,34.087,28.2907,5.8021,1.0593,1848420.0,1848420.0,165606041.39999998,True,0,0,False,False,20.7,18.22,-3.7678207739307634,14.823815309842026,-8.695652173913048,False,3.5049288061336004,1.410939133031408,118.84,3.4,201484216.58,98.3197,,,1284177003.33,80.9688,6.1949,0,1848420.0,165606041.39999998,1.0,1.5,PASS,False,0.2222222222222222,118.84,3.4,-28.61,176.06,ESP-Q,34.087,5.8021,6.1949,0.2868310333221138,25.102225,0.0,0.0,18.9,20.7,False,0,50.0,COV-LOW,0.75,1,1,100.0,2,4.318345124287326,False,-3.7678207739307634,,-0.01371344827076063,False,False,全市场,176.06,0.23742410130634753,50.0,75.0,0.7,0.0,52.5,Tier2
001268.SZ,001268,联合精密,20220630,,主板,L,175251384.80000004,52.193752193752196,未知,未知,,,43.36,88.4316,146.3728,4.5958,4.5509,467998.9362,292390.9362,151575741.4,True,3,1,False,True,43.68,28.45,4.230769230769216,28.6646884272997,-0.73260073260073,False,52.193752193752196,1.410939133031408,-109.56,-29.54,-1861674.9,,,,159763862.92000002,,-0.172,0,467998.9362,151575741.4,1.0,1.5,PASS,False,0.4444444444444444,-109.56,-29.54,1.0,-110.56,,88.4316,4.5958,-0.172,,99.46392506573181,0.0,0.0,43.36,43.68,False,0,50.0,COV-LOW,0.9785932721712538,1,1,100.0,393,50.4294380764969,True,4.230769230769216,突破型|OVERHEAT,0.04328007327820755,True,True,独立池,-110.56,0.0,19.225471809040215,68.84509436180804,1.0,0.0,68.85,Tier2
001309.SZ,001309,德明利,20220701,,主板,L,9178321836.550001,42.07102952913009,未知,未知,,,712.06,234.6664,39.3624,24.7263,13.2325,16152771.9235,11487409.0625,12164185191.6,False,2,2,False,False,759.99,482.6,11.39688052439729,195.4851024981326,-6.306661929762248,False,42.07102952913009,1.410939133031408,4547.48,120.77,3333768890.4,99.6289,,,3829184098.83,-6.1526,67.649,0,16152771.9235,12164185191.6,1.0,1.5,PASS,False,0.4444444444444444,4547.48,120.77,1.0,4547.48,ESP-Q,234.6664,24.7263,67.649,0.051603613429855665,99.46392506573181,0.0,0.0,712.06,759.99,False,0,50.0,COV-LOW,0.9571865443425076,1,1,75.0,393,40.30671541187479,True,11.39688052439729,OVERHEAT,-0.00929749737779393,True,True,独立池,1995.8175999999994,0.0,50.0,62.5,0.7,0.0,43.75,Other
001283.SZ,001283,豪鹏科技,20220905,,主板,L,400279863.75,4.663586485706017,未知,未知,,,72.49,35.6759,34.2826,2.0346,5.2474,724487.2927,578025.9595,351947400.20000005,False,0,0,False,False,77.99,68.95,-2.422937138242043,6.368305209097569,-7.052186177715091,False,4.663586485706017,1.410939133031408,52.74,158.95,38346059.41,95.7062,,,472836646.54999995,126.5639,1.1333,0,724487.2927,351947400.20000005,1.0,1.5,PASS,False,0.4444444444444444,52.74,158.95,1.0,52.74,,35.6759,2.0346,1.1333,0.6764486158513462,99.46392506573181,0.0,0.0,72.49,77.99,False,0,50.0,COV-LOW,0.5871559633027523,0,1,40.0,393,2.8992723684507227,False,-2.422937138242043,,-0.03317765854657025,False,False,独立池,52.74,0.0,21.611312056099305,39.32226241121986,1.0,0.0,39.32,Other
001266.SZ,001266,宏英智能,20220228,,主板,L,205160342.45000002,48.12235009085399,未知,未知,,,48.91,331.5307,103.3957,5.1391,13.2032,506890.2397,284355.4133,300191115.00000006,True,2,1,False,False,49.99,31.15,12.178899082568794,31.055734190782402,-2.1604320864172966,False,48.12235009085399,1.410939133031408,1897.13,-31.32,34125116.24,93.9796,,,61354772.0,-3.9682,3.752,0,506890.2397,300191115.00000006,1.0,1.5,PASS,False,0.4444444444444444,1897.13,-31.32,1.0,1897.13,ESP-Q,331.5307,5.1391,3.752,0.1747538123375836,99.46392506573181,0.0,10.0,48.91,49.99,False,0,50.0,COV-LOW,0.9694189602446484,1,1,100.0,393,46.358035973598696,True,12.178899082568794,OVERHEAT,0.0045092934951613374,True,True,独立池,1897.13,0.0,48.55815769769953,74.71163153953991,0.7,10.0,42.3,Other
603191.SH,603191,望变电气,20220428,,主板,L,265374312.55000004,-3.770883054892593,未知,未知,,,20.16,96.0684,99.2342,2.6576,4.0874,665208.7122,665208.7122,374221313.4,True,0,0,False,False,21.97,19.27,-2.3255813953488413,-9.555854643337813,-8.238507055075095,False,-3.770883054892593,1.410939133031408,-62.38,79.38,4002222.58,32.5732,,,194194654.56,-1332.5718,0.4917,0,665208.7122,374221313.4,1.0,1.5,PASS,False,0.4444444444444444,-62.38,79.38,1.0,-63.38,ESP-Q,96.0684,2.6576,0.4917,,99.46392506573181,0.0,0.0,20.16,21.97,False,0,50.0,COV-LOW,0.32033639143730885,0,0,5.0,393,-5.535197172147887,False,-2.3255813953488413,,0.018962256262865216,False,False,独立池,-63.38,0.0,19.914779481154405,21.48295589623088,0.7,0.0,15.04,Other
001301.SZ,001301,尚太科技,20221228,,主板,L,609458061.75,7.676767676767682,未知,未知,,,79.95,22.0455,23.497,2.9023,3.1592,2085114.7883,1485026.0862,501095100.0,True,0,0,False,False,87.49,70.82,-0.460657370517914,3.6292935839274065,-8.61812778603268,False,7.676767676767682,1.410939133031408,-22.4,19.24,191716808.17,106.0259,,,2375954076.26,-723.8978,2.5454,0,2085114.7883,501095100.0,1.0,1.5,PASS,False,0.4444444444444444,-22.4,19.24,1.0,-23.4,ESP-Q,22.0455,2.9023,2.5454,,99.46392506573181,0.0,0.0,79.95,87.49,False,0,50.0,COV-LOW,0.6620795107033639,0,1,55.0,393,5.912453559512388,True,-0.460657370517914,,-0.0005743021748626497,False,False,独立池,-23.4,0.0,20.49889395192858,46.59977879038571,0.7,0.0,32.62,Other
001339.SZ,001339,智微智能,20220815,,主板,L,1151125329.0,51.053099970335204,未知,未知,,,101.84,150.3016,107.9706,10.8759,10.0993,2569327.5722,1268244.7136,1145573321.7999997,False,1,0,False,False,107.5,65.63,-0.8566978193146335,87.13708195516354,-5.265116279069759,False,51.053099970335204,1.410939133031408,177.69,18.39,100156541.48,91.7709,,,423293314.18,-241.6488,4.7288,1,2569327.5722,1145573321.7999997,1.0,1.5,PASS,False,0.4444444444444444,177.69,18.39,1.0,177.69,ESP-Q,150.3016,10.8759,4.7288,0.8458641454218021,99.46392506573181,0.0,0.0,101.84,107.5,False,10,50.0,COV-LOW,0.9747706422018348,1,1,75.0,393,49.28878585307991,True,-0.8566978193146335,,-0.023925119697920365,True,False,独立池,177.69,0.0,23.436852404354255,57.187370480870854,0.7,10.0,30.03,Other
001314.SZ,001314,亿道信息,20230214,,主板,L,280146915.70000005,27.719543442813887,未知,未知,,,54.83,119.6562,71.1957,3.7041,3.1908,782062.222,682026.5922,301415107.4,True,1,0,False,False,59.28,42.82,-6.289523158434451,17.033084311632862,-7.506747638326594,False,27.719543442813887,1.410939133031408,1395.49,222.49,41813598.93,97.4419,,,119924423.33,-1113.6667,2.0341,0,782062.222,301415107.4,1.0,1.5,PASS,False,0.4444444444444444,1395.49,222.49,1.0,1395.49,ESP-Q,119.6562,3.7041,2.0341,0.08574493547069488,99.46392506573181,0.0,0.0,54.83,59.28,False,0,50.0,COV-LOW,0.9059633027522935,1,1,100.0,393,25.95522932555859,True,-6.289523158434451,,-0.05325851116090364,True,False,独立池,1395.49,0.0,41.229113597670604,73.24582271953412,0.7,0.0,51.27,Tier2
001270.SZ,001270,铖昌科技,20220606,,主板,L,1130384162.0,1.8472992905808727,未知,未知,,,145.0,255.2019,226.383,19.1536,3.4712,2988666.0645,2950742.547,1196205700.0,True,0,0,False,False,164.61,132.0,-11.69305724725943,2.785850995959449,-11.913006500212632,False,1.8472992905808727,1.410939133031408,51.48,336.93,43664243.73,97.6301,,,289822370.95,-47.8019,2.9135,0,2988666.0645,1196205700.0,1.0,1.5,PASS,False,0.4444444444444444,51.48,336.93,1.0,51.48,ESP-Q,255.2019,19.1536,2.9135,4.957301864801865,99.46392506573181,0.0,10.0,145.0,164.61,False,0,50.0,COV-LOW,0.5022935779816514,0,0,5.0,393,0.0829851733255782,False,-11.69305724725943,,-0.04304879969181887,False,False,独立池,51.48,0.0,21.5929032458648,21.81858064917296,0.7,10.0,5.27,Other
001331.SZ,001331,胜通能源,20220908,,主板,L,278980921.1,5.120883304778223,未知,未知,,,55.22,846.64,,10.5976,4.2422,1558529.28,1088535.294,442598147.40000004,False,1,1,False,False,58.48,41.82,0.41825786506637375,-3.427771948233649,-5.574555403556769,False,5.120883304778223,1.410939133031408,-124.36,2.98,-1431670.74,,,,-534906.8199999994,,-0.5648,0,1558529.28,442598147.40000004,1.0,1.5,PASS,False,0.4444444444444444,-124.36,2.98,1.0,-125.36,,846.64,10.5976,-0.5648,,99.46392506573181,0.0,0.0,55.22,58.48,False,0,50.0,COV-LOW,0.6055045871559633,0,1,40.0,393,3.3565691875229287,False,0.41825786506637375,,0.017426056848140244,False,False,独立池,-125.36,0.0,19.00924133961906,38.801848267923816,1.0,0.0,38.8,Other
600941.SH,600941,中国移动,20220105,,主板,L,917953577.5500002,4.545939600896398,未知,未知,,,97.97,15.4851,15.6321,1.4921,1.7212,212293293.1241,8844416.793,1183491914.8,False,0,0,False,False,99.55,93.2,0.2968877968877903,3.957979626485564,-1.587142139628328,False,4.545939600896398,1.410939133031408,-3.5,4.3,27900000000.0,95.0855,,,341327000000.0,191.5469,2.084,0,212293293.1241,1183491914.8,1.0,1.5,PASS,False,0.4444444444444444,-3.5,4.3,1.0,-4.5,,15.4851,1.4921,2.084,,99.46392506573181,0.0,0.0,97.97,99.55,False,0,50.0,COV-LOW,0.5840978593272171,0,1,40.0,393,2.7816254836411036,False,0.2968877968877903,,-0.011110181564316727,False,False,独立池,-4.5,0.0,20.775026105446134,39.155005221089226,1.0,0.0,39.16,Other
601136.SH,601136,首创证券,20221222,,主板,L,182892599.14999998,-1.890243902439015,未知,未知,,,16.09,41.6312,39.9085,3.1089,0.4353,4397934.0842,4397934.0842,210407501.80000004,True,0,0,False,False,17.06,15.95,-4.396910279263211,-11.055831951354344,-5.68581477139507,False,-1.890243902439015,1.410939133031408,31.46,4.97,195619345.0,99.4736,,,2497195225.34,-871.4342,1.3153,0,4397934.0842,210407501.80000004,1.0,1.5,PASS,False,0.4444444444444444,31.46,4.97,1.0,31.46,ESP-Q,41.6312,3.1089,1.3153,1.323305785123967,99.46392506573181,0.0,0.0,16.09,17.06,False,0,50.0,COV-LOW,0.37155963302752293,0,0,5.0,393,-3.6545580196943095,False,-4.396910279263211,,-0.006932309592941813,False,False,独立池,31.46,0.0,21.30040770547213,21.760081541094426,0.7,0.0,15.23,Other
603281.SH,603281,江瀚新材,20230131,,主板,L,167682856.45000002,3.111858704793935,未知,未知,,,36.78,32.83,32.3071,2.8033,1.3866,1373120.0025,1373120.0025,211212019.6,True,0,0,False,False,38.86,33.18,0.3820960698689868,12.305343511450385,-5.352547606793612,False,3.111858704793935,1.410939133031408,10.78,-30.77,100750351.49,97.4677,,,994824000.3100001,25.7241,2.133,0,1373120.0025,211212019.6,1.0,1.5,PASS,False,0.4444444444444444,10.78,-30.77,1.0,10.78,ESP-Q,32.83,2.8033,2.133,3.0454545454545454,99.46392506573181,0.0,0.0,36.78,38.86,False,0,50.0,COV-LOW,0.5428134556574924,0,1,55.0,393,1.3475445875386405,False,0.3820960698689868,,0.007529969175049793,False,False,独立池,10.78,0.0,20.998269454956624,46.69965389099133,0.7,0.0,32.69,Other
001337.SZ,001337,四川黄金,20230303,,主板,L,706629660.9999999,12.53632212536322,未知,未知,,,54.22,48.8863,35.8365,12.0332,2.9948,2277240.0,2277240.0,855830405.8000001,True,0,0,False,False,61.04,46.25,-9.421984630805213,11.472039473684204,-11.173001310615993,False,12.53632212536322,1.410939133031408,167.96,96.3,264872873.67,99.763,,,1325000189.22,139.8179,13.5072,0,2277240.0,855830405.8000001,1.0,1.5,PASS,False,0.4444444444444444,167.96,96.3,1.0,167.96,,48.8863,12.0332,13.5072,0.2910591807573232,99.46392506573181,0.0,0.0,54.22,61.04,False,0,50.0,COV-LOW,0.7561162079510704,1,1,100.0,393,10.772008008107926,True,-9.421984630805213,,-0.043303159636572365,False,False,独立池,167.96,0.0,23.294695480876698,69.65893909617535,1.0,0.0,69.66,Tier2
001267.SZ,001267,汇绿生态,20211117,,主板,L,3357857279.3999996,51.387213510253304,未知,未知,,,62.75,559.3517,592.7645,30.9444,10.7696,4926908.3545,3806674.2077,3644886031.6,True,3,2,False,True,69.78,39.87,-1.6457680250783646,135.81360390830514,-10.074519919747782,False,51.387213510253304,1.410939133031408,-24.52,29.0,14059098.07,94.562,,,149929345.5,-815.7767,0.9094,0,4926908.3545,3644886031.6,1.0,1.5,PASS,False,0.4444444444444444,-24.52,29.0,1.0,-25.52,ESP-Q,559.3517,30.9444,0.9094,,99.46392506573181,0.0,0.0,62.75,69.78,False,0,50.0,COV-LOW,0.9755351681957186,1,1,100.0,393,49.62289939299801,True,-1.6457680250783646,突破型,-0.013176716421143767,True,False,独立池,-25.52,0.0,20.467920398200683,69.09358407964014,0.7,0.0,48.37,Other
600938.SH,600938,中国海油,20220421,,主板,L,1850317556.6,-1.0300894551368955,未知,未知,,,36.51,14.2144,13.9201,2.073,1.4493,173531861.9956,10916490.0,1424066234.8000002,False,0,0,False,False,40.52,35.65,0.7172413793103294,7.098855969492512,-9.896347482724588,False,-1.0300894551368955,1.410939133031408,5.4,-9.8,39038000000.0,99.7292,,,329685000000.0,105.3448,4.7741,0,173531861.9956,1424066234.8000002,1.0,1.5,PASS,False,0.4444444444444444,5.4,-9.8,1.0,5.4,ESP-Q,14.2144,2.073,4.7741,2.632296296296296,99.46392506573181,10.0,0.0,36.51,40.52,True,0,50.0,COV-LOW,0.40672782874617736,0,0,5.0,393,-2.79440357239219,False,0.7172413793103294,,0.010875252544432213,False,False,独立池,5.4,0.0,20.919666757288667,21.683933351457732,0.7,0.0,25.18,Other
601061.SH,601061,中信金属,20230410,,主板,L,323765165.95000005,12.510220768601798,未知,未知,,,13.76,25.0699,19.2911,2.7828,0.4216,6742400.0,6742400.0,276479170.6,True,1,0,False,False,14.85,12.2,-4.576976421636614,-3.1667839549613053,-7.3400673400673355,False,12.510220768601798,1.410939133031408,146.05,41.0,1444764519.6,104.9578,,,6262724913.96,210.2614,5.7998,0,6742400.0,276479170.6,1.0,1.5,PASS,False,0.4444444444444444,146.05,41.0,1.0,146.05,,25.0699,2.7828,5.7998,0.17165285861006505,99.46392506573181,0.0,0.0,13.76,14.85,False,0,50.0,COV-LOW,0.753822629969419,1,1,100.0,393,10.745906651346504,True,-4.576976421636614,,-0.01998070813213827,False,False,独立池,146.05,0.0,22.97458672513227,69.59491734502646,1.0,0.0,69.59,Tier2
001287.SZ,001287,中电港,20230410,,主板,L,1301652480.6499999,4.235122307411454,未知,未知,,,28.55,76.3358,60.5849,3.9178,7.7361,2169514.7769,2169514.7769,1959009274.0000002,True,1,1,False,False,32.0,25.1,-7.244964262508125,20.159932659932657,-10.781249999999998,False,4.235122307411454,1.410939133031408,146.04,69.17,187724150.34,118.4806,,,934349083.2,-6882.9933,2.9003,0,2169514.7769,1959009274.0000002,1.0,1.5,PASS,False,0.4444444444444444,146.04,69.17,1.0,146.04,ESP-Q,76.3358,3.9178,2.9003,0.522704738427828,99.46392506573181,0.0,0.0,28.55,32.0,False,0,50.0,COV-LOW,0.573394495412844,0,1,55.0,393,2.4708081901561596,False,-7.244964262508125,,-0.008470373567356798,False,False,独立池,146.04,0.0,22.974440623463742,47.094888124692744,0.7,0.0,32.97,Other
001286.SZ,001286,陕西能源,20230410,,主板,L,311605021.7,2.589285714285716,未知,未知,,,11.49,14.3172,13.4885,1.5673,2.0581,4308750.0,1551149.7702,357411291.4,False,0,0,False,False,12.12,10.88,-1.7108639863130826,17.244897959183668,-5.198019801980191,False,2.589285714285716,1.410939133031408,27.17,1.02,888551661.23,100.0708,,,7644064144.89,84.4497,3.2929,0,4308750.0,357411291.4,1.0,1.5,PASS,False,0.4444444444444444,27.17,1.02,1.0,27.17,ESP-Q,14.3172,1.5673,3.2929,0.5269488406330511,99.46392506573181,10.0,0.0,11.49,12.12,False,0,50.0,COV-LOW,0.5259938837920489,0,0,5.0,393,0.8249715970304217,False,-1.7108639863130826,,0.01831257153872863,False,False,独立池,27.17,0.0,21.2377300896737,21.74754601793474,0.7,0.0,25.22,Other
603125.SH,603125,常青科技,20230410,,主板,L,177153310.10000002,41.83333333333334,未知,未知,,,25.53,65.3592,50.6512,4.0859,2.4334,1033547.2654,1033547.2654,190683104.4,True,1,0,False,False,26.5,17.86,6.02159468438539,42.149220489977736,-3.660377358490563,False,41.83333333333334,1.410939133031408,141.68,,80166143.84,98.6036,,,242325399.82,62.7515,3.267,0,1033547.2654,190683104.4,1.0,1.5,PASS,False,0.4444444444444444,141.68,,1.0,141.68,ESP-Q,65.3592,4.0859,3.267,0.46131564088085825,99.46392506573181,0.0,0.0,25.53,26.5,False,0,50.0,COV-LOW,0.9564220183486238,1,1,100.0,393,40.06901921607805,True,6.02159468438539,,0.005844041457054063,True,False,独立池,141.68,0.0,22.910740295985622,69.58214805919712,0.7,0.0,48.71,Other
601133.SH,601133,柏诚股份,20230410,,主板,L,608364093.3000001,8.929261693080793,未知,未知,,,28.18,72.5249,77.4781,4.9151,5.9417,1487955.9188,1477721.8446,571263389.8,True,1,1,False,False,28.18,21.98,5.543071161048685,56.55555555555556,0.0,False,8.929261693080793,1.410939133031408,-29.55,-3.91,29743765.29,95.6972,,,431354795.96,-1775.2005,1.0322,0,1487955.9188,571263389.8,1.0,1.5,PASS,False,0.4444444444444444,-29.55,-3.91,1.0,-30.55,ESP-Q,72.5249,4.9151,1.0322,,99.46392506573181,0.0,0.0,28.18,28.18,False,0,50.0,COV-LOW,0.6842507645259939,0,1,55.0,393,7.164947575825499,True,5.543071161048685,,0.010844489979385686,False,False,独立池,-30.55,0.0,20.3944312589312,46.578886251786244,0.7,0.0,32.61,Other
001289.SZ,001289,龙源电力,20220124,,主板,L,187983228.04999998,12.215724496426251,未知,未知,,,17.27,31.8973,33.9834,1.8824,0.2047,14437402.5152,8707420.3012,203024858.59999996,True,0,0,False,False,18.25,15.29,-2.3190045248868807,11.061093247588417,-5.3698630136986285,False,12.215724496426251,1.410939133031408,-11.95,-22.81,1638867742.17,100.9259,,,13626192160.529999,117.9636,2.1408,0,14437402.5152,203024858.59999996,1.0,1.5,PASS,False,0.4444444444444444,-11.95,-22.81,1.0,-12.95,,31.8973,1.8824,2.1408,,99.46392506573181,0.0,0.0,17.27,18.25,False,0,50.0,COV-LOW,0.7477064220183486,1,1,100.0,393,10.451410379170957,True,-2.3190045248868807,,-0.030639945338708317,False,False,独立池,-12.95,0.0,20.65157019554014,69.13031403910803,1.0,0.0,69.13,Tier2
603162.SH,603162,海通发展,20230329,,主板,L,370701397.0,31.15330520393811,未知,未知,,,18.65,37.2137,28.4724,3.7284,7.9316,1730433.3644,521214.34,409490056.4,False,1,1,False,False,19.68,13.7,2.191780821917799,36.630036630036614,-5.233739837398376,False,31.15330520393811,1.410939133031408,212.55,-8.12,209747139.39,99.6914,,,1008782859.2099999,179.2463,4.592,0,1730433.3644,409490056.4,1.0,1.5,PASS,False,0.4444444444444444,212.55,-8.12,1.0,212.55,ESP-Q,37.2137,3.7284,4.592,0.17508209832980476,99.46392506573181,0.0,0.0,18.65,19.68,False,0,50.0,COV-LOW,0.9220183486238532,1,1,75.0,393,29.388991086682815,True,2.191780821917799,,-0.007875869022946961,True,False,独立池,212.55,0.0,23.94616282084219,57.28923256416844,0.7,0.0,40.1,Other
603275.SH,603275,众辰科技,20230823,,主板,L,195020179.6,14.027149321266986,未知,未知,,,52.92,43.8734,43.4361,2.6092,11.9317,787300.6355,219808.3162,352551036.4,True,1,1,False,False,55.6,44.15,-0.7501875468867159,8.77697841726619,-4.820143884892081,False,14.027149321266986,1.410939133031408,3.31,-19.9,36636115.99,80.8207,,,364973149.87,9.3661,1.5142,0,787300.6355,352551036.4,1.0,1.5,PASS,False,0.4444444444444444,3.31,-19.9,1.0,3.31,ESP-Q,43.8734,2.6092,1.5142,13.254803625377642,99.46392506573181,0.0,0.0,52.92,55.6,False,0,50.0,COV-LOW,0.7798165137614679,1,1,100.0,393,12.262835204011692,True,-0.7501875468867159,,0.015408975415813571,False,False,独立池,3.31,0.0,20.889131508566354,69.17782630171327,0.7,0.0,48.42,Other
601096.SH,601096,宏盛华源,20231222,,主板,L,201074330.95000002,0.540540540540535,未知,未知,,,5.58,40.2197,38.861,3.1307,2.5095,1492736.5391,916780.9099,309548074.4,True,0,0,False,False,6.07,5.35,-2.7874564459930307,-6.060606060606066,-8.072487644151572,False,0.540540540540535,1.410939133031408,14.59,57.57,95437582.59,93.8375,,,851978341.33,-172.9029,2.1571,0,1492736.5391,309548074.4,1.0,1.5,PASS,False,0.4444444444444444,14.59,57.57,1.0,14.59,ESP-Q,40.2197,3.1307,2.1571,2.7566620973269367,99.46392506573181,0.0,0.0,5.58,6.07,False,0,50.0,COV-LOW,0.46865443425076453,0,0,5.0,393,-1.2237735767147595,False,-2.7874564459930307,,0.00492043062385359,False,False,独立池,14.59,0.0,21.053934190665718,21.710786838133146,0.7,0.0,15.2,Other
600930.SH,600930,华电新能,20250716,,主板,L,1326105001.9,3.814262023217241,未知,未知,,,6.26,35.9543,40.7851,2.3643,7.0105,26113142.857,2021863.318,1874995763.6,True,0,0,False,False,6.84,5.95,-1.7268445839874413,4.8576214405360085,-8.479532163742686,False,3.814262023217241,1.410939133031408,-28.98,-15.03,2051117933.0,99.5052,,,23147541816.0,227.3436,1.5002,0,26113142.857,1874995763.6,1.0,1.5,PASS,False,0.4444444444444444,-28.98,-15.03,1.0,-29.98,,35.9543,2.3643,1.5002,,99.46392506573181,0.0,0.0,6.26,6.84,False,0,50.0,COV-LOW,0.5596330275229358,0,1,55.0,393,2.0499479059619463,False,-1.7268445839874413,,-0.008740249097949956,False,False,独立池,-29.98,0.0,20.402759054037283,46.58055181080746,1.0,0.0,46.58,Other
001369.SZ,001369,双欣材料,20251230,,主板,L,262568119.45,-1.5743073047858935,未知,未知,,,15.63,33.4353,33.2775,2.5389,6.9275,1792761.0,314208.9334,273291390.8,True,0,0,False,False,16.69,14.91,-5.387409200968518,4.200000000000004,-6.35110844817256,False,-1.5743073047858935,1.410939133031408,-0.98,4.4,118338205.16,92.6246,,,1277583329.85,-62.0644,1.8262,0,1792761.0,273291390.8,1.0,1.5,PASS,False,0.4444444444444444,-0.98,4.4,1.0,-1.98,ESP-Q,33.4353,2.5389,1.8262,,99.46392506573181,0.0,0.0,15.63,16.69,False,0,50.0,COV-LOW,0.38685015290519875,0,0,5.0,393,-3.338621422041188,False,-5.387409200968518,,-0.023199303015023532,False,False,独立池,-1.98,0.0,20.811843725915143,21.66236874518303,0.7,0.0,15.16,Other
001389.SZ,001389,广合科技,20240402,,主板,L,1841926958.9,41.310808697012355,未知,未知,,,180.68,84.043,73.0926,11.8393,4.8918,8536999.26,2746084.7464,1758713204.8,True,3,2,False,True,197.87,127.36,-5.055176037834997,79.56668654343073,-8.687522110476575,False,41.310808697012355,1.410939133031408,67.88,45.66,390761484.37,99.5435,,,2559900324.65,71.2831,7.0182,0,8536999.26,1758713204.8,1.0,1.5,PASS,False,0.4444444444444444,67.88,45.66,1.0,67.88,,84.043,11.8393,7.0182,1.2381113730111963,99.46392506573181,0.0,0.0,180.68,197.87,False,0,50.0,COV-LOW,0.9556574923547401,1,1,100.0,393,39.54649457975706,True,-5.055176037834997,突破型,0.014480445216880425,True,False,独立池,67.88,0.0,21.832509982250407,69.36650199645008,1.0,0.0,69.37,Tier2
603271.SH,603271,永杰新材,20250311,,主板,L,218095587.09999996,-2.400000000000002,未知,未知,,,47.58,22.5393,20.398,3.0758,3.2097,935993.76,449992.589,186668462.8,True,0,0,False,False,53.8,47.5,-5.949792449100622,-3.68421052631579,-11.56133828996282,False,-2.400000000000002,1.410939133031408,64.73,33.44,134968271.92,113.1277,,,1057356704.4399999,89.9653,3.9989,0,935993.76,186668462.8,1.0,1.5,PASS,False,0.4444444444444444,64.73,33.44,1.0,64.73,,22.5393,3.0758,3.9989,0.34820485091920284,99.46392506573181,0.0,0.0,47.58,53.8,False,0,50.0,COV-LOW,0.36162079510703365,0,0,5.0,393,-4.164314117255296,False,-5.949792449100622,,-0.00470384741461694,False,False,独立池,64.73,0.0,21.786487956664143,21.85729759133283,1.0,0.0,21.86,Other
603285.SH,603285,键邦股份,20240705,,主板,L,256050836.09999996,44.300144300144304,未知,未知,,,50.0,58.8915,61.0739,4.6454,8.3104,800000.0,311483.9,254770148.79999998,True,2,1,False,False,53.89,31.56,2.417042195821395,29.600829445308463,-7.218407867879018,False,44.300144300144304,1.410939133031408,-13.58,-17.41,30053328.22,94.5679,,,313862303.06,107.0411,1.8547,0,800000.0,254770148.79999998,1.0,1.5,PASS,False,0.4444444444444444,-13.58,-17.41,1.0,-14.58,,58.8915,4.6454,1.8547,,99.46392506573181,0.0,0.0,50.0,53.89,False,0,50.0,COV-LOW,0.9625382262996942,1,1,100.0,393,42.53583018288901,True,2.417042195821395,,0.01212838460020351,True,False,独立池,-14.58,0.0,20.627755623570106,69.12555112471402,1.0,0.0,69.13,Tier2
603296.SH,603296,华勤技术,20230808,,主板,L,1957987649.6499996,15.139563106796118,未知,未知,,,113.85,30.1672,28.6239,3.986,2.9082,12230683.9934,6494999.6183,2420955211.0,True,0,0,False,False,122.0,95.65,-0.8707009142359556,35.60028585040496,-6.680327868852465,False,15.139563106796118,1.410939133031408,8.08,38.3,822155517.54,77.5191,,,8054386522.25,52.6733,4.035,0,12230683.9934,2420955211.0,1.0,1.5,PASS,False,0.4444444444444444,8.08,38.3,1.0,8.08,ESP-Q,30.1672,3.986,4.035,3.7335643564356435,99.46392506573181,0.0,0.0,113.85,122.0,False,0,50.0,COV-LOW,0.7943425076452599,1,1,100.0,393,13.375248989540824,True,-0.8707009142359556,,0.0048101344262374834,True,False,独立池,8.08,0.0,20.958822004454117,69.19176440089083,0.7,0.0,48.43,Other
603375.SH,603375,盛景微,20240124,,主板,L,212343488.75000003,22.140127388535035,未知,未知,,,47.94,476.7378,573.1871,3.116,7.2973,482596.0016,305765.7736,258505773.79999998,True,1,1,False,False,49.68,38.9,-0.10418837257762936,24.90880667014068,-3.5024154589372025,False,22.140127388535035,1.410939133031408,-599.58,-107.13,-820955.21,-33.2857,,,23029806.450000003,15199.4831,0.1594,0,482596.0016,258505773.79999998,1.0,1.5,PASS,False,0.4444444444444444,-599.58,-107.13,1.0,-600.58,ESP-Q,476.7378,3.116,0.1594,,99.46392506573181,0.0,10.0,47.94,49.68,False,0,50.0,COV-LOW,0.8692660550458715,1,1,100.0,393,20.37581327127974,True,-0.10418837257762936,,0.00128360771212186,True,False,独立池,-600.58,0.0,12.066197847840607,67.41323956956812,0.7,10.0,37.19,Other
603341.SH,603341,龙旗科技,20240301,,主板,L,375684786.54999995,1.3935483870967769,未知,未知,,,39.29,35.0914,45.9969,2.8428,4.2024,2053258.6403,1045950.213,463619408.20000005,True,0,0,False,False,40.96,34.99,-2.3365647526721323,-14.864572047670643,-4.0771484375,False,1.3935483870967769,1.410939133031408,-349.16,-15.91,-151060919.74,-980.3619,,,621089876.0699999,,0.2361,0,2053258.6403,463619408.20000005,1.0,1.5,PASS,False,0.4444444444444444,-349.16,-15.91,1.0,-350.16,ESP-Q,35.0914,2.8428,0.2361,,99.46392506573181,0.0,0.0,39.29,40.96,False,0,50.0,COV-LOW,0.4923547400611621,0,0,5.0,393,-0.37076573015851766,False,-2.3365647526721323,,0.004314033941285974,False,False,独立池,-350.16,0.0,15.724875831113952,20.644975166222792,0.7,0.0,14.45,Other
603400.SH,603400,华之杰,20250620,,主板,L,153095273.85000002,26.997084548104965,未知,未知,,,87.12,70.0554,78.3521,7.1042,15.6601,871200.0,174240.0,255241847.39999995,True,1,1,False,False,88.2,63.12,3.6895977148298176,48.2641252552757,-1.2244897959183598,False,26.997084548104965,1.410939133031408,-31.81,-20.5,30123976.95,96.7285,,,343944108.68,145.6447,2.5553,0,871200.0,255241847.39999995,1.0,1.5,PASS,False,0.4444444444444444,-31.81,-20.5,1.0,-32.81,,70.0554,7.1042,2.5553,,99.46392506573181,0.0,0.0,87.12,88.2,False,0,50.0,COV-LOW,0.9013761467889908,1,1,100.0,393,25.23277043084967,True,3.6895977148298176,OVERHEAT,0.0039295671928408285,True,True,独立池,-32.81,0.0,20.36141228184391,69.07228245636878,1.0,0.0,69.07,Tier2
603381.SH,603381,永臻股份,20240626,,主板,L,193581328.45,4.7577092511013275,未知,未知,,,23.78,,,1.6871,7.5452,564195.5432,338003.4173,330504190.59999996,False,0,0,False,False,27.34,22.05,-4.305835010060366,-9.890109890109889,-13.021214337966347,False,4.7577092511013275,1.410939133031408,-52.67,-207.36,14170574.3,58.1605,,,-110647779.49999999,-1670.13,0.7288,1,564195.5432,330504190.59999996,1.0,1.5,PASS,False,0.4444444444444444,-52.67,-207.36,1.0,-53.67,ESP-Q,,1.6871,0.7288,,99.46392506573181,0.0,0.0,23.78,27.34,False,10,50.0,COV-LOW,0.5909785932721713,0,1,40.0,393,2.993395133846033,False,-4.305835010060366,,0.004592710307243,False,False,独立池,-53.67,0.0,20.056644201294908,39.01132884025898,0.7,10.0,17.31,Other
603248.SH,603248,锡华科技,20251223,,主板,L,296020817.45,15.878254492115884,未知,未知,,,31.6,72.2003,74.265,6.2225,20.9248,1453600.0,219016.1809,348378197.59999996,True,2,2,False,False,31.6,24.5,4.6011254551473035,37.570744449281676,0.0,False,15.878254492115884,1.410939133031408,-18.67,42.61,27693479.46,96.0415,,,483318793.59000003,-321.2475,1.2409,0,1453600.0,348378197.59999996,1.0,1.5,PASS,False,0.4444444444444444,-18.67,42.61,1.0,-19.67,ESP-Q,72.2003,6.2225,1.2409,,99.46392506573181,0.0,0.0,31.6,31.6,False,0,50.0,COV-LOW,0.8065749235474006,1,1,100.0,393,14.11394037486059,True,4.6011254551473035,,0.01367818117431519,True,False,独立池,-19.67,0.0,20.55338987428945,69.1106779748579,0.7,0.0,48.38,Other
001325.SZ,001325,元创股份,20251218,,主板,L,190660836.35000002,-23.023402909550917,未知,未知,,,48.68,24.1863,24.1372,2.0909,10.2366,381651.2,95412.8,116462576.99999997,False,0,0,False,False,66.37,47.83,-8.770614692653677,-6.564299424184261,-26.653608558083477,False,-23.023402909550917,1.410939133031408,-0.34,3.38,24811298.8,97.0174,,,372169912.52000004,-113.427,1.4126,0,381651.2,116462576.99999997,1.0,1.5,PASS,False,0.4444444444444444,-0.34,3.38,1.0,-1.34,ESP-Q,24.1863,2.0909,1.4126,,99.46392506573181,0.0,0.0,48.68,66.37,True,0,50.0,COV-LOW,0.009174311926605505,0,0,5.0,393,-24.787717026806213,False,-8.770614692653677,,-0.05702536506152707,False,False,独立池,-1.34,0.0,20.821194232700925,21.664238846540187,0.7,0.0,15.16,Other
603175.SH,603175,超颖电子,20251024,,主板,L,471938286.8499999,4.314295294512127,未知,未知,,,93.33,176.3043,635.7542,14.8924,11.5213,4078794.6529,424411.0819,542991038.4,True,0,0,False,False,106.8,88.0,-6.389167502507531,35.300086981733834,-12.612359550561802,False,4.314295294512127,1.410939133031408,-273.5,-21.52,-104833304.33,,,,430923213.03000003,,-3.3913,0,4078794.6529,542991038.4,1.0,1.5,PASS,False,0.4444444444444444,-273.5,-21.52,1.0,-274.5,,176.3043,14.8924,-3.3913,,99.46392506573181,0.0,0.0,93.33,106.8,False,0,50.0,COV-LOW,0.5756880733944955,0,1,55.0,393,2.5499811772568326,False,-6.389167502507531,,0.002554572351354275,False,False,独立池,-274.5,0.0,16.830281055195343,45.866056211039066,1.0,0.0,45.87,Other
603092.SH,603092,德力佳,20251107,,主板,L,193554391.5,7.119085515844303,未知,未知,,,74.03,35.7904,33.0059,5.1627,9.6431,2961200.7403,255933.9546,192469105.79999995,True,0,0,False,False,78.31,68.03,-0.5641370047011485,8.02568218298556,-5.465457795939221,False,7.119085515844303,1.410939133031408,28.66,49.18,186155742.35,87.6005,,,1971341309.87,86.5664,3.7774,0,2961200.7403,192469105.79999995,1.0,1.5,PASS,False,0.4444444444444444,28.66,49.18,1.0,28.66,,35.7904,5.1627,3.7774,1.2487927424982554,99.46392506573181,0.0,0.0,74.03,78.31,False,0,50.0,COV-LOW,0.6483180428134556,0,1,55.0,393,5.354771398589008,True,-0.5641370047011485,,0.0037786844745468194,False,False,独立池,28.66,0.0,21.259499238284345,46.75189984765687,1.0,0.0,46.75,Other
601112.SH,601112,振石股份,20260129,,主板,L,299375339.9,-1.857429718875503,未知,未知,,,19.55,46.3576,45.2037,5.1769,6.8172,3402416.2475,346523.5662,289695784.8,False,0,0,False,False,21.59,19.3,-7.521286660359506,-1.2626262626262652,-9.44881889763779,False,-1.857429718875503,1.410939133031408,8.6,20.03,192751977.19,96.2893,,,1887467399.71,-14.7098,3.9083,0,3402416.2475,289695784.8,1.0,1.5,PASS,False,0.4444444444444444,8.6,20.03,1.0,8.6,ESP-Q,46.3576,5.1769,3.9083,5.390418604651162,99.46392506573181,0.0,0.0,19.55,21.59,False,0,50.0,COV-LOW,0.37232415902140675,0,0,5.0,393,-3.6217438361307974,False,-7.521286660359506,,-0.002045283503957158,False,False,独立池,8.6,0.0,20.966419291217562,21.69328385824351,0.7,0.0,15.19,Other
603293.SH,603293,埃泰克,20260416,,主板,L,467544963.5263158,-27.47113489157984,未知,未知,,,51.51,37.1378,36.555,3.1657,11.4734,922495.9794,180782.1282,251179613.60000005,False,0,0,False,False,85.2,48.55,-5.347298787210586,-27.47113489157984,-39.54225352112677,False,-27.47113489157984,1.410939133031408,1.79,15.71,55342771.77,95.3553,,,374525571.77,127.6301,3.8097,0,922495.9794,251179613.60000005,1.0,1.5,PASS,False,0.4444444444444444,1.79,15.71,1.0,1.79,,37.1378,3.1657,3.8097,20.747374301675976,99.46392506573181,0.0,0.0,51.51,85.2,True,0,50.0,COV-LOW,0.0022935779816513763,0,0,5.0,393,-29.235449008835136,False,-5.347298787210586,,-0.002106739476185982,False,False,独立池,1.79,0.0,20.866924054950125,21.673384810990026,1.0,0.0,21.67,Other
001312.SZ,001312,福恩股份,20260421,,主板,L,381776708.375,-22.244030094864254,未知,未知,,,23.77,24.0784,23.9389,2.3753,9.0033,554633.3349,135869.9594,200365678.8,False,0,0,False,False,36.53,23.24,-4.075867635189678,-22.244030094864254,-34.93019436079935,False,-22.244030094864254,1.410939133031408,2.38,-17.1,37042484.06,91.1953,,,348372653.64,-202.3964,3.052,0,554633.3349,200365678.8,1.0,1.5,PASS,False,0.4444444444444444,2.38,-17.1,1.0,2.38,ESP-Q,24.0784,2.3753,3.052,10.116974789915966,99.46392506573181,0.0,0.0,23.77,36.53,True,0,50.0,COV-LOW,0.012232415902140673,0,0,5.0,393,-24.00834421211955,False,-4.075867635189678,,-0.013629580356754732,False,False,独立池,2.38,0.0,20.87554405339327,21.675108810678655,0.7,0.0,15.17,Other
