ts_code,symbol,name,list_date,market,avg_amount_20d,pct_20d,l2_name,l1_name,l2_code,l1_code,close,pe,pe_ttm,pb,turnover_rate,total_mv,circ_mv,avg_amount_5d,vol_confirm,limit_20d,limit_10d,is_lock,is_breakout,high_20d,pct_5d,pct_60d,drawdown_20d,has_crash_veto,pct_20d_n,market_med_20d,q0_dt_yoy,q1_dt_yoy,q0_profit_dedt,q0_dt_profit_ratio,q0_net_income,ttm_net_income,ttm_profit_dedt,ttm_ocf_ratio,roe,reduce_deduct,total_mv_n,avg_amt_5d_n,l1_leader,l1_score,l1_flag,itf_adj,l2_pe_mkt_pct,q0_dt_yoy_n,q1_dt_yoy_n,ind_med,esp_raw,l2_flags,pe_n,pb_n,roe_n,peg_n,pe_mean,val_bonus,val_penalty,close_n,high_20d_n,reduce_penalty,cat_score,cat_flag,mom_rank,l4_mom_ok,l4_rel_ok,l4_score,ind_mom_cnt,alpha_excess,alpha_flag,pct_5d_n,l4_flag,big_ratio,chasing_high,overheat_flag,z_group,esp_raw_w,esp_z,esp_score,egs_base,mult,deduct,final_score,tier
000002.SZ,000002,万科Ａ,19910129,主板,481263566.3000001,-11.02564102564102,房地产开发,未知,801181.SI,430000,3.47,,,0.3745,1.3557,4139956.1864,3371776.7452,459378842.4,False,0,0,False,False,4.16,-8.201058201058187,-30.181086519114686,-16.58653846153846,False,-11.02564102564102,-3.057119871279157,11.67,-89.27,-5334173713.54,,,,-129328697212.95999,,-5.234,0,4139956.1864,459378842.4,1.0,1.5,PASS,False,0.847457627118644,11.67,-89.27,-7.28,26.23,ESP-Q,,0.3745,-5.234,,87.53592727272726,0.0,0.0,3.47,4.16,0,65.922107674685,,0.2413793103448276,0,0,5.0,9,-7.1794871794871655,False,-8.201058201058187,,-0.08077342179655948,False,False,房地产开发,26.23,-0.10722579473869107,32.0,28.6766323024055,0.7,0.0,20.07,Other
000006.SZ,000006,深振业Ａ,19920427,主板,461591160.29999995,8.169596690796288,房地产开发,未知,801181.SI,430000,10.46,,,2.6301,4.1782,1412094.8181,1412084.1489,604726505.8,True,2,2,False,False,11.25,7.61316872427984,10.92258748674444,-7.022222222222219,False,8.169596690796288,-3.057119871279157,124.77,96.6,6931220.37,92.0793,,,-134432268.94,1215.9487,0.1403,0,1412094.8181,604726505.8,1.0,1.5,PASS,False,0.847457627118644,124.77,96.6,-7.28,139.32999999999998,,,2.6301,0.1403,,87.53592727272726,0.0,0.0,10.46,11.25,0,65.922107674685,,0.8620689655172413,1,1,100.0,9,12.015750536950144,True,7.61316872427984,,0.020355250833054242,False,False,房地产开发,139.32999999999998,0.16491478532310888,50.0,79.7766323024055,1.0,0.0,79.78,Tier1
000007.SZ,000007,全新好,19920413,主板,201486584.15,-15.36780772032047,综合,未知,801231.SI,510000,11.62,2088.8741,,22.4785,3.7747,402572.6271,402572.6271,154512695.20000002,False,1,0,False,False,17.79,-8.43183609141056,-6.365834004834814,-34.68240584598089,False,-15.36780772032047,-3.057119871279157,-231.39,-63.71,-2328706.65,,,,6040372.59,,-1.2047,0,402572.6271,154512695.20000002,1.0,1.5,PASS,False,0.9322033898305084,-231.39,-63.71,-7.0,-115.695,,2088.8741,22.4785,-1.2047,,210.72467916666668,0.0,0.0,11.62,17.79,0,84.87972508591065,,0.13513513513513514,0,0,5.0,12,-11.301677246683296,False,-8.43183609141056,,-0.03174496541352041,False,False,综合,-115.695,-0.5831911579231766,22.0,32.363917525773196,1.0,0.0,32.36,Other
000009.SZ,000009,中国宝安,19910625,主板,276477461.8000001,-12.725225225225234,综合,未知,801231.SI,510000,7.75,98.4473,384.9495,1.9929,0.9591,1998890.8229,1996415.8604,182657545.2,False,0,0,False,False,9.32,-2.146464646464641,-16.934619506966776,-16.845493562231763,False,-12.725225225225234,-3.057119871279157,-73.85,-341.34,20137217.24,115.3158,,,174329814.67,-56.7024,0.1743,0,1998890.8229,182657545.2,1.0,1.5,PASS,False,0.9322033898305084,-73.85,-341.34,-7.0,-36.925,ESP-Q,98.4473,1.9929,0.1743,,210.72467916666668,0.0,0.0,7.75,9.32,0,98.73997709049256,,0.21621621621621623,0,0,5.0,12,-8.659094751588059,False,-2.146464646464641,,-0.025566368626228075,False,False,综合,-36.925,-0.42368775181384566,32.0,38.521993127147766,0.7,0.0,26.97,Other
000021.SZ,000021,深科技,19940202,主板,4403063150.150001,26.06585788561524,计算机设备,未知,801101.SI,710000,36.37,50.4159,47.7562,4.2855,15.9524,5725629.3735,5724790.3176,8241378603.200001,True,1,1,False,False,39.99,8.051099227569814,12.635490864044584,-9.052263065766454,False,26.06585788561524,-3.057119871279157,14.93,7.48,142765477.92,58.9506,,,2004704871.01,32.1692,1.8307,0,5725629.3735,8241378603.200001,1.0,1.5,PASS,False,0.7288135593220338,14.93,7.48,7.12,14.93,ESP-Q,50.4159,4.2855,1.8307,3.3768184862692565,116.38087647058823,0.0,0.0,36.37,39.99,0,94.15807560137456,CHASE,0.8333333333333334,1,1,100.0,8,27.95168039643775,True,8.051099227569814,OVERHEAT,-0.012001301520105853,True,True,计算机设备,14.93,-0.2667722347994791,32.0,84.64742268041238,0.7,0.0,59.25,Tier2
000026.SZ,000026,飞亚达,19930603,主板,438596857.0500001,23.695420660276877,家用轻工,未知,801142.SI,360000,23.23,107.9493,88.0193,2.774,11.1918,942589.7883,846874.5828,537319396.8,True,1,1,False,False,23.98,14.886251236399616,50.550874918988995,-3.1276063386155184,False,23.695420660276877,-3.057119871279157,41.05,-60.15,62260608.55,95.6715,,,343555516.82,224.2321,1.9327,0,942589.7883,537319396.8,1.0,1.5,PASS,False,0.6271186440677966,41.05,-60.15,-14.92,70.89,ESP-Q,107.9493,2.774,1.9327,2.629702801461632,179.96904166666664,0.0,0.0,23.23,23.98,0,97.0217640320733,CHASE,0.8333333333333334,1,1,100.0,6,18.27038876498007,True,14.886251236399616,OVERHEAT,0.032294983149407014,True,True,家用轻工,70.89,-0.19418975596320856,32.0,85.50652920962199,0.7,0.0,59.85,Tier2
000027.SZ,000027,深圳能源,19930903,主板,413409580.1499999,5.5312954876273634,电力,未知,801161.SI,410000,7.25,16.3982,17.2361,1.031,1.2057,3449107.6891,3449107.6891,537697767.4,True,0,0,False,False,8.08,-0.13774104683195176,9.682299546142215,-10.272277227722771,False,5.5312954876273634,-3.057119871279157,-4.72,11.03,1208297243.66,96.7133,,,6486655118.37,60.578,2.4193,0,3449107.6891,537697767.4,1.0,1.5,PASS,False,0.3050847457627119,-4.72,11.03,0.02,-4.739999999999999,,16.3982,1.031,2.4193,,55.30460465116279,0.0,0.0,7.25,8.08,0,86.25429553264605,,0.7272727272727273,1,1,100.0,14,5.765947472605648,True,-0.13774104683195176,,-0.009442218462530785,False,False,电力,-4.739999999999999,-0.09409947680023345,32.0,82.2762886597938,1.0,0.0,82.28,Tier2
000032.SZ,000032,深桑达Ａ,19931028,主板,477360832.25,5.225522552255213,通信设备,未知,801102.SI,730000,19.13,,,3.1471,3.6014,2324638.0219,2176916.0146,716995590.4,False,0,0,False,False,21.35,4.023926046764537,-8.028846153846159,-10.39812646370024,False,5.225522552255213,-3.057119871279157,-100.82,-4265.07,-102347794.81,,,,-1013123619.62,2325.7655,-1.1099,0,2324638.0219,716995590.4,1.0,1.5,PASS,False,0.9830508474576272,-100.82,-4265.07,4.779999999999999,-105.6,,,3.1471,-1.1099,,182.74448076923076,0.0,0.0,19.13,21.35,0,90.26345933562429,,0.7,1,1,75.0,13,6.053269594673044,True,4.023926046764537,,0.012555362786670323,False,False,通信设备,-105.6,-0.559423660917244,22.0,68.97903780068728,1.0,0.0,68.98,Tier2
000034.SZ,000034,神州数码,19940509,主板,1586906406.1999998,-23.323295921160693,通信设备,未知,801102.SI,730000,28.01,54.4588,52.5768,2.543,7.8729,2847887.7961,2378463.1054,1817889139.3999999,True,0,0,False,False,43.75,-31.213163064833005,-26.211801896733398,-35.97714285714285,False,-23.323295921160693,-3.057119871279157,4.14,-30.7,233118208.42,98.7818,,,2028525193.75,-734.423,2.1229,0,2847887.7961,1817889139.3999999,1.0,1.5,PASS,False,0.9830508474576272,4.14,-30.7,4.779999999999999,-0.6399999999999997,ESP-Q,54.4588,2.543,2.1229,13.154299516908212,182.74448076923076,0.0,0.0,28.01,43.75,0,65.922107674685,,0.025,0,0,5.0,13,-22.495548878742863,False,-31.213163064833005,,-0.020071482466747108,False,False,通信设备,-0.6399999999999997,-0.222254814597403,32.0,28.6766323024055,0.7,0.0,20.07,Other
000035.SZ,000035,中国天楹,19940408,主板,311486117.09999996,-13.610315186246424,通信设备,未知,801102.SI,730000,6.03,50.7126,49.8144,1.3384,2.0178,1439983.7597,1394754.526,259298317.60000002,False,0,0,False,False,7.19,-2.584814216478193,3.965517241379324,-16.13351877607788,False,-13.610315186246424,-3.057119871279157,35.53,23.99,125036004.23,112.933,,,940127871.6700001,191.0652,1.0227,0,1439983.7597,259298317.60000002,1.0,1.5,PASS,False,0.9830508474576272,35.53,23.99,4.779999999999999,35.53,,50.7126,1.3384,1.0227,1.427317759639741,182.74448076923076,0.0,0.0,6.03,7.19,0,65.922107674685,,0.15,0,0,5.0,13,-12.782568143828593,False,-2.584814216478193,,-0.025126541506323683,False,False,通信设备,35.53,-0.1060639116687764,32.0,28.6766323024055,1.0,0.0,28.68,Other
000036.SZ,000036,华联控股,19940617,主板,303264160.65,5.882352941176494,房地产开发,未知,801181.SI,430000,5.4,108.0701,83.8107,1.474,2.4714,758062.1115,757609.8647,220177406.00000003,False,1,1,False,False,6.43,-5.429071803852881,-2.3508137432188048,-16.01866251944012,False,5.882352941176494,-3.057119871279157,575.84,320.68,26152494.98,100.4385,,,98173793.12,89.5573,0.5076,0,758062.1115,220177406.00000003,1.0,1.5,PASS,False,0.847457627118644,575.84,320.68,-7.28,590.4,,108.0701,1.474,0.5076,0.1876738330091692,87.53592727272726,0.0,0.0,5.4,6.43,0,69.3012600229095,,0.7931034482758621,1,1,75.0,9,9.72850678733035,True,-5.429071803852881,,-0.015486374579191636,False,False,房地产开发,590.4,1.2502768670956652,68.0,71.89037800687285,1.0,0.0,71.89,Tier1
000039.SZ,000039,中集集团,19940408,主板,780705110.4,-10.220264317180616,金属制品,未知,801075.SI,640000,10.19,248.8442,,1.1762,7.0309,5494978.2723,2345133.8767,870620565.8,False,1,0,False,False,13.65,-15.993404781533393,-8.527827648114904,-25.347985347985357,False,-10.220264317180616,-3.057119871279157,-67.99,-100.9,167445000.0,80.1322,,,2831283000.0,84.233,0.4132,0,5494978.2723,870620565.8,1.0,1.5,PASS,False,0.5423728813559322,-67.99,-100.9,-11.295,-33.995,,248.8442,1.1762,0.4132,,68.8756909090909,0.0,0.0,10.19,13.65,0,65.922107674685,,0.45454545454545453,0,0,5.0,4,-3.721312535209975,False,-15.993404781533393,,-0.057182360655889844,False,False,金属制品,-33.995,-0.04419850843666111,32.0,28.6766323024055,1.0,0.0,28.68,Other
000048.SZ,000048,京基智农,19941101,主板,168530702.80000004,-8.494983277591972,房地产开发,未知,801181.SI,430000,13.68,47.4728,,1.9315,1.6239,725426.118,724769.8884,127932710.6,True,0,0,False,False,15.34,-4.602510460251052,-23.873121869782963,-10.821382007822688,False,-8.494983277591972,-3.057119871279157,-289.87,-80.39,-226565007.76,,,,458294252.9100001,,-5.898,0,725426.118,127932710.6,1.0,1.5,PASS,False,0.847457627118644,-289.87,-80.39,-7.28,-144.935,,47.4728,1.9315,-5.898,,87.53592727272726,0.0,0.0,13.68,15.34,0,87.7434135166094,,0.3103448275862069,0,0,5.0,9,-4.648829431438117,False,-4.602510460251052,,-0.032224982613909665,False,False,房地产开发,-144.935,-0.5190820492592746,22.0,33.223024054982815,1.0,0.0,33.22,Other
000049.SZ,000049,德赛电池,19950320,主板,514966865.59999996,-10.863697705802966,电子制造,未知,801085.SI,270000,26.42,34.7697,31.4107,1.4944,3.274,1016215.0068,1015941.1054,311844703.4,False,0,0,False,False,31.5,-2.2567517573066964,0.0,-16.126984126984123,False,-10.863697705802966,-3.057119871279157,74.27,-33.26,55417166.77,69.3438,,,524847797.28000003,468.3323,1.1816,0,1016215.0068,311844703.4,1.0,1.5,PASS,False,0.5084745762711864,74.27,-33.26,-24.905,124.08,ESP-Q,34.7697,1.4944,1.1816,0.4681526861451461,72.22433125,0.0,0.0,26.42,31.5,0,79.72508591065292,,0.08333333333333333,0,0,5.0,11,-15.530654241416952,False,-2.2567517573066964,,-0.027621476667261197,False,False,电子制造,124.08,0.10255778586075469,50.0,36.41752577319588,0.7,0.0,25.49,Other
000050.SZ,000050,深天马Ａ,19950315,主板,225477762.55,-9.199522102747903,光学光电子,未知,801084.SI,270000,7.6,111.5984,,0.6902,3.9123,1867888.2224,1867873.6874,306981826.1999999,True,0,0,False,False,8.55,1.7402945113788482,-21.243523316062184,-11.111111111111127,False,-9.199522102747903,-3.057119871279157,-22.4027,74.1856,-167280469.79,,,,-1294528523.75,,-0.5126,0,1867888.2224,306981826.1999999,1.0,1.5,PASS,False,0.9491525423728814,-22.4027,74.1856,-19.355800000000002,-11.20135,,111.5984,0.6902,-0.5126,,229.99712142857143,0.0,0.0,7.6,8.55,0,92.55441008018327,,0.15,0,0,5.0,7,-14.957219826522515,False,1.7402945113788482,,0.035966330645693254,False,False,光学光电子,-11.20135,0.008398806062108013,50.0,40.266323024054984,1.0,0.0,40.27,Other
000059.SZ,000059,华锦股份,19970130,主板,165037024.24999997,-10.207939508506614,化学制品,未知,801034.SI,220000,4.75,,,0.7795,1.5593,759735.2051,759721.1688,123871696.39999999,False,0,0,False,False,5.75,-5.000000000000004,-18.524871355060036,-17.391304347826086,False,-10.207939508506614,-3.057119871279157,110.45,38.67,36726331.68,82.7969,,,-4159760743.83,-1439.4306,0.4566,0,759735.2051,123871696.39999999,1.0,1.5,PASS,False,0.4406779661016949,110.45,38.67,8.2371,110.45,ESP-Q,,0.7795,0.4566,,104.193015625,0.0,0.0,4.75,5.75,0,73.53951890034365,,0.3684210526315789,0,0,5.0,23,-4.504401818491743,False,-5.000000000000004,,0.006364891034047157,False,False,化学制品,110.45,0.11886952039768944,50.0,34.5618556701031,0.7,0.0,24.19,Other
000062.SZ,000062,深圳华强,19970130,主板,3134590159.0999994,11.998651836872254,其他电子,未知,801082.SI,270000,33.23,75.0759,62.2576,5.1395,6.0997,3475556.677,3472202.9559,2009403420.0,True,4,1,False,True,40.13,3.4880099657427444,36.63651315789471,-17.194119112883143,False,11.998651836872254,-3.057119871279157,121.12,164.22,205804495.1,102.4471,,,1182129635.6200001,-192.5765,2.9544,0,3475556.677,2009403420.0,1.0,1.5,PASS,False,0.8135593220338984,121.12,164.22,16.535,121.12,ESP-Q,75.0759,5.1395,2.9544,0.6198472589167767,108.22777500000001,0.0,0.0,33.23,40.13,0,65.922107674685,,0.8333333333333334,1,1,100.0,6,13.886654723889302,True,3.4880099657427444,突破型,-0.018988964396208726,False,False,其他电子,121.12,-0.05388267487592416,32.0,76.1766323024055,0.7,0.0,53.32,Tier2
000063.SZ,000063,中兴通讯,19971118,主板,5145322419.499999,-1.0511363636363735,通信设备,未知,801102.SI,730000,34.83,29.6579,37.2313,2.169,4.18,16661052.0114,14028204.7511,4781700381.2,False,0,0,False,False,40.2,-5.1212203759193775,-6.270182992465012,-13.358208955223894,False,-1.0511363636363735,-3.057119871279157,-52.16,-45.45,936176000.0,71.4396,,,12289500000.0,-128.1529,1.7216,0,16661052.0114,4781700381.2,1.0,1.5,PASS,False,0.9830508474576272,-52.16,-45.45,4.779999999999999,-56.94,ESP-Q,29.6579,2.169,1.7216,,182.74448076923076,0.0,0.0,34.83,40.2,0,65.922107674685,,0.475,0,0,5.0,13,-0.22338932121854227,False,-5.1212203759193775,,-0.03538183441377713,False,False,通信设备,-56.94,-0.4031104362419061,32.0,28.6766323024055,0.7,0.0,20.07,Other
000065.SZ,000065,北方国际,19980605,主板,389405600.45,-15.687629578438155,专业工程,未知,801724.SI,620000,12.2,19.5899,21.5701,1.2659,2.1014,1416959.434,1189453.9914,258248889.39999998,True,0,0,False,False,14.48,-2.866242038216571,3.3898305084745672,-15.74585635359117,False,-15.687629578438155,-3.057119871279157,-36.65,-30.67,110948144.92,100.4301,,,1629317011.88,133.6644,0.991,0,1416959.434,258248889.39999998,1.0,1.5,PASS,False,0.5254237288135594,-36.65,-30.67,-11.64,-18.325,,19.5899,1.2659,0.991,,85.53638666666667,0.0,0.0,12.2,14.48,0,86.25429553264605,,0.2,0,0,5.0,5,-7.146704311534235,False,-2.866242038216571,,-0.03424521979552362,False,False,专业工程,-18.325,-0.4898217069965411,32.0,34.77628865979381,1.0,0.0,34.78,Other
000100.SZ,000100,TCL科技,20040130,主板,2600842344.2,0.691244239631339,通信设备,未知,801102.SI,730000,4.37,20.1249,17.962,1.4501,12.4827,9089976.8893,8360678.1656,3898368425.4,True,0,0,False,False,4.65,4.545454545454564,-4.166666666666652,-6.021505376344094,False,0.691244239631339,-3.057119871279157,20.59,870.95,1154847882.0,74.1974,,,8039325931.0,1838.6257,2.488,0,9089976.8893,3898368425.4,1.0,1.5,PASS,False,0.9830508474576272,20.59,870.95,4.779999999999999,20.59,ESP-Q,20.1249,1.4501,2.488,0.9774113647401651,182.74448076923076,10.0,0.0,4.37,4.65,0,92.55441008018327,,0.6,0,1,55.0,13,1.5189912820491702,False,4.545454545454564,,0.029047706065708404,False,False,通信设备,20.59,-0.15405650469486656,32.0,61.66632302405498,0.7,0.0,53.17,Tier2
000155.SZ,000155,川能动力,20000926,主板,1433212364.1500003,-15.26222746022391,电力,未知,801161.SI,410000,14.38,52.8322,49.8592,2.4709,4.7524,2654790.0758,2654790.0758,826088254.2,False,0,0,False,False,19.34,-9.159823120656974,12.961508248232523,-25.64632885211996,False,-15.26222746022391,-3.057119871279157,23.28,-30.28,286644069.89,107.441,,,1403050890.56,-56.3286,2.515,0,2654790.0758,826088254.2,1.0,1.5,PASS,False,0.3050847457627119,23.28,-30.28,0.02,23.28,ESP-Q,52.8322,2.4709,2.515,2.2694243986254294,55.30460465116279,0.0,0.0,14.38,19.34,0,86.25429553264605,,0.06818181818181818,0,0,5.0,14,-15.027575475245625,False,-9.159823120656974,,-0.05814140387714514,False,False,电力,23.28,0.29036619721132906,50.0,38.376288659793815,0.7,0.0,26.86,Other
000157.SZ,000157,中联重科,20001012,主板,833766906.0,-11.01591187270502,专用设备,未知,801074.SI,640000,7.27,12.9412,14.5125,1.0781,1.481,6287485.1166,5139649.7992,579512955.4,True,0,0,False,False,8.44,-3.452855245683939,-24.27083333333333,-13.862559241706162,False,-11.01591187270502,-3.057119871279157,-31.14,31.93,601799724.44,68.0642,,,8540159240.84,102.3444,1.5244,0,6287485.1166,579512955.4,1.0,1.5,PASS,False,0.6440677966101694,-31.14,31.93,-10.094999999999999,-15.57,ESP-Q,12.9412,1.0781,1.5244,,147.6403775510204,0.0,0.0,7.27,8.44,0,65.922107674685,,0.25925925925925924,0,0,5.0,17,-11.814415846524563,False,-3.452855245683939,,0.01830281696192553,False,False,专用设备,-15.57,-0.27567371602927604,32.0,28.6766323024055,0.7,0.0,20.07,Other
000158.SZ,000158,常山北明,20000724,主板,658894328.8,-12.136752136752138,计算机应用,未知,801222.SI,710000,15.42,737.0185,779.447,4.6493,2.5102,2465066.9838,2448559.681,479126280.3999999,False,0,0,False,False,19.05,-8.703374777975137,-23.473945409429277,-19.055118110236226,False,-12.136752136752138,-3.057119871279157,9.86,86.78,-107016689.51,,,,-528841601.34000003,,-1.8975,0,2465066.9838,479126280.3999999,1.0,1.5,PASS,False,0.7627118644067796,9.86,86.78,-4.9399999999999995,19.74,|VAL-X,737.0185,4.6493,-1.8975,74.74832657200812,143.4918742857143,0.0,15.0,15.42,19.05,0,88.65979381443299,,0.17307692307692307,0,0,5.0,16,-8.15402993935227,False,-8.703374777975137,,-0.07274929842607045,False,False,计算机应用,19.74,0.05744339082847726,50.0,39.097938144329895,1.0,15.0,24.1,Other
000301.SZ,000301,东方盛虹,20000529,主板,370478545.55,-1.1838989739542227,电力,未知,801161.SI,410000,12.52,618.8777,67.569,2.383,0.4166,8277260.8752,8273374.1088,317853270.2,False,0,0,False,False,13.48,-3.840245775729645,-0.31847133757962887,-7.121661721068251,False,-1.1838989739542227,-3.057119871279157,349.52,79.54,1316436824.28,91.9024,,,973637574.41,190.8329,4.1074,0,8277260.8752,317853270.2,1.0,1.5,PASS,False,0.3050847457627119,349.52,79.54,0.02,349.52,,618.8777,2.383,4.1074,1.77065032043946,55.30460465116279,0.0,10.0,12.52,13.48,0,65.922107674685,,0.38636363636363635,0,0,5.0,14,-0.9492469889759381,False,-3.840245775729645,,-0.019604453979521624,False,False,电力,349.52,4.7667431240326055,100.0,42.2766323024055,1.0,10.0,32.28,Other
000400.SZ,000400,许继电气,19970418,主板,758229912.1999999,-0.8792048929663676,电气自动化设备,未知,801732.SI,630000,25.93,22.6291,24.6693,2.1521,2.8515,2641287.4917,2623341.3646,714004061.8000001,False,0,0,False,False,27.96,-1.6312594840667716,-14.025198938992045,-7.26037195994278,False,-0.8792048929663676,-3.057119871279157,-47.26,5.64,107363358.36,96.6835,,,2724528206.5699997,-128.3852,0.9093,0,2641287.4917,714004061.8000001,1.0,1.5,PASS,False,0.4067796610169492,-47.26,5.64,-25.5,-23.63,ESP-Q,22.6291,2.1521,0.9093,,54.13474375,0.0,0.0,25.93,27.96,0,65.922107674685,,0.5294117647058824,0,0,5.0,6,0.0,False,-1.6312594840667716,,-0.02280432538741168,False,False,电气自动化设备,-23.63,-0.38649404409039495,32.0,28.6766323024055,0.7,0.0,20.07,Other
000404.SZ,000404,长虹华意,19960619,主板,381608198.04999995,24.15094339622641,白色家电,未知,801111.SI,330000,9.87,13.8842,13.4754,1.5555,11.4292,686948.0313,683722.7798,453070984.4,True,0,0,False,False,10.01,15.845070422535201,39.21015514809589,-1.3986013986014068,False,24.15094339622641,-3.057119871279157,46.74,0.48,121595287.13,105.3916,,,1082829534.09,74.1674,2.6377,0,686948.0313,453070984.4,1.0,1.5,PASS,False,0.23728813559322035,46.74,0.48,-17.555,81.85,ESP-Q,13.8842,1.5555,2.6377,0.2970517757809157,53.917895,0.0,0.0,9.87,10.01,0,65.922107674685,,0.9583333333333334,1,1,100.0,8,21.97903429468172,True,15.845070422535201,OVERHEAT,0.02214145488692225,True,True,白色家电,81.85,0.1816679901024603,50.0,79.7766323024055,0.7,0.0,55.84,Tier2
000408.SZ,000408,藏格矿业,19960628,主板,1327847701.2000003,-9.56511681702521,贸易,未知,801202.SI,450000,78.19,31.8438,26.2188,8.021,0.774,12267344.4615,12267215.448,1337174231.4,False,0,0,False,False,92.88,-6.594194242026042,-5.590437092489731,-15.816106804478892,False,-9.56511681702521,-3.057119871279157,110.14,58.28,1576034744.32,100.1461,,,10172037036.39,-4.9009,9.2881,0,12267344.4615,1337174231.4,1.0,1.5,PASS,False,0.3728813559322034,110.14,58.28,2.375,110.14,ESP-Q,31.8438,8.021,9.2881,0.28912111857635736,140.81984285714287,0.0,0.0,78.19,92.88,0,29.782359679266897,CAT-0,0.125,0,0,5.0,3,-3.0403093651928828,False,-6.594194242026042,,-0.019043845916773293,False,False,贸易,110.14,0.8964580106394083,50.0,21.43470790378007,0.35,0.0,7.5,Other
000410.SZ,000410,沈阳机床,19960718,主板,194073982.79999998,-13.92215568862275,通用机械,未知,801072.SI,640000,5.75,,,3.6468,1.5275,1523216.9802,1133335.5415,177055610.0,True,0,0,False,False,6.89,-4.958677685950407,-21.875,-16.54571843251088,False,-13.92215568862275,-3.057119871279157,-5.51,48.69,-38419143.32,,,,-277022481.3,,-0.807,0,1523216.9802,177055610.0,1.0,1.5,PASS,False,0.7796610169491526,-5.51,48.69,1.3,-6.81,,,3.6468,-0.807,,114.34343529411765,0.0,0.0,5.75,6.89,0,86.5979381443299,,0.11627906976744186,0,0,5.0,13,-22.22451008763143,False,-4.958677685950407,,-0.004922803632146977,False,False,通用机械,-6.81,0.2124220215588818,50.0,38.47938144329897,1.0,0.0,38.48,Other
000415.SZ,000415,渤海租赁,19960716,主板,384418867.8,-11.3490364025696,多元金融,未知,801191.SI,490000,4.14,,,0.8575,1.2182,2560391.8107,2232666.3786,357395555.59999996,True,0,0,False,False,4.91,-4.387990762124716,-19.76744186046513,-15.682281059063142,False,-11.3490364025696,-3.057119871279157,105.19,-7938.44,909983000.0,100.2714,,,-4657257000.0,282.6881,3.0609,0,2560391.8107,357395555.59999996,1.0,1.5,PASS,False,0.3220338983050847,105.19,-7938.44,17.765,105.19,ESP-Q,,0.8575,3.0609,,44.777813333333334,0.0,0.0,4.14,4.91,0,74.45589919816724,,0.35294117647058826,0,0,5.0,6,-4.543743396898513,False,-4.387990762124716,,-0.005490162875260985,False,False,多元金融,105.19,0.39453970763927726,50.0,34.83676975945018,0.7,0.0,24.39,Other
000417.SZ,000417,合百集团,19960812,主板,317487862.40000004,43.67283950617284,一般零售,未知,801203.SI,450000,9.31,45.3186,48.6505,1.5239,30.2754,726072.1902,725274.5569,783402411.8,False,3,3,False,True,10.48,30.2097902097902,15.940224159402261,-11.164122137404576,False,43.67283950617284,-3.057119871279157,-27.2,-79.58,43178831.11,67.1671,,,153931607.66,-87.2129,1.3584,0,726072.1902,783402411.8,1.0,1.5,PASS,False,0.576271186440678,-27.2,-79.58,-2.645,-13.6,ESP-Q,45.3186,1.5239,1.3584,,44.26595714285714,0.0,0.0,9.31,10.48,0,65.922107674685,,1.0,1,1,75.0,4,54.300925792233656,True,30.2097902097902,突破型|OVERHEAT,-0.024102785798240916,True,True,一般零售,-13.6,-0.49466890884159403,32.0,63.6766323024055,0.7,0.0,44.57,Other
000422.SZ,000422,湖北宜化,19960815,主板,762632569.75,-11.377613776137775,化学制品,未知,801034.SI,220000,14.41,19.3821,16.3984,2.5184,2.5757,1567209.57,1524371.522,437794582.40000004,True,0,0,False,False,17.4,-6.428571428571428,-6.4892926670992885,-17.183908045977002,False,-11.377613776137775,-3.057119871279157,655.43,17.7,128293296.15,70.8291,,,1461939137.49,288.1906,2.6207,0,1567209.57,437794582.40000004,1.0,1.5,PASS,False,0.4406779661016949,655.43,17.7,8.2371,655.43,ESP-Q,19.3821,2.5184,2.6207,0.02957157896342859,104.193015625,10.0,0.0,14.41,17.4,0,58.075601374570454,,0.3026315789473684,0,0,5.0,23,-5.674076086122904,False,-6.428571428571428,,-0.027376562193920366,False,False,化学制品,655.43,1.3080682430454542,68.0,33.52268041237114,0.7,0.0,33.47,Other
000423.SZ,000423,东阿阿胶,19960729,主板,355557474.79999995,-6.690471715842894,中药,未知,801155.SI,370000,49.65,18.3889,18.0787,2.9625,0.8763,3197344.9312,3191751.7047,252906259.6,False,0,0,False,False,55.6,-4.994259471871409,-9.496901203062347,-10.701438848920864,False,-6.690471715842894,-3.057119871279157,7.69,13.62,448362577.66,98.5827,,,4029192800.9100003,5.3019,4.305,0,3197344.9312,252906259.6,1.0,1.5,PASS,False,0.13559322033898305,7.69,13.62,7.69,0.0,,18.3889,2.9625,4.305,2.3912743823146942,165.87102631578946,0.0,0.0,49.65,55.6,0,65.922107674685,,0.5238095238095238,0,0,5.0,7,0.0,False,-4.994259471871409,,-0.004601942055450031,False,False,中药,0.0,0.2387879385141451,50.0,32.2766323024055,1.0,0.0,32.28,Other
000426.SZ,000426,兴业银锡,19960828,主板,3532846417.95,-11.28421989761852,电力,未知,801161.SI,410000,39.86,41.5299,26.5325,6.538,3.9822,7077684.0557,7075968.9795,3193456189.6000004,False,0,0,False,False,52.69,-9.69642048028999,-17.113745061343323,-24.349971531599923,False,-11.28421989761852,-3.057119871279157,137.89,12.11,890782896.21,66.592,,,4787346378.15,82.8663,13.1693,0,7077684.0557,3193456189.6000004,1.0,1.5,PASS,False,0.3050847457627119,137.89,12.11,0.02,137.89,ESP-Q,41.5299,6.538,13.1693,0.3011813764594967,55.30460465116279,0.0,0.0,39.86,52.69,0,4.810996563573884,CAT-0,0.1590909090909091,0,0,5.0,14,-11.049567912640235,False,-9.69642048028999,,-0.043795277354986124,False,False,电力,137.89,1.8629433170709,68.0,17.54329896907217,0.35,0.0,6.14,Other
000506.SZ,000506,招金黄金,19930312,主板,479240190.09999996,-20.467502850627138,房地产开发,未知,801181.SI,430000,13.95,81.5812,37.0949,14.5764,3.5513,1295979.7766,1295546.2106,425614133.99999994,False,0,0,False,False,17.71,-3.393351800554023,-27.381572097865703,-21.230942970073407,False,-20.467502850627138,-3.057119871279157,2261.77,190.74,58521262.6,31.227,,,210738395.12,6.0492,23.6036,0,1295979.7766,425614133.99999994,1.0,1.5,PASS,False,0.847457627118644,2261.77,190.74,-7.28,2276.3300000000004,ESP-Q,81.5812,14.5764,23.6036,0.03606962688513863,87.53592727272726,0.0,0.0,13.95,17.71,0,65.922107674685,,0.034482758620689655,0,0,5.0,9,-16.621349004473284,False,-3.393351800554023,,-0.011197418807682515,False,False,房地产开发,2014.9280000000006,4.677968080484489,100.0,42.2766323024055,0.7,0.0,29.59,Other
000528.SZ,000528,柳工,19931118,主板,456124171.1999999,-7.433808553971488,专用设备,未知,801074.SI,640000,9.09,11.5061,11.8838,0.9732,1.6564,1851593.8466,1849020.8322,321213360.8,True,0,0,False,False,10.54,-4.416403785488954,-20.54195804195804,-13.757115749525607,False,-7.433808553971488,-3.057119871279157,-8.69,24.58,559194630.99,92.2675,,,4440948770.05,-78.1887,3.2161,0,1851593.8466,321213360.8,1.0,1.5,PASS,False,0.6440677966101694,-8.69,24.58,-10.094999999999999,-4.345,ESP-Q,11.5061,0.9732,3.2161,,147.6403775510204,10.0,0.0,9.09,10.54,0,65.922107674685,,0.37037037037037035,0,0,5.0,17,-8.23231252779103,False,-4.416403785488954,,0.003558382724702541,False,False,专用设备,-4.345,-0.23751321766456993,32.0,28.6766323024055,0.7,0.0,30.07,Other
000534.SZ,000534,万泽股份,19940110,主板,1022795359.4000001,-15.220483641536276,房地产开发,未知,801181.SI,430000,35.76,92.486,90.2956,10.6086,3.4231,1822145.4932,1791256.0946,682372935.4000001,True,0,0,False,False,46.3,-3.0368763557483858,8.561020036429866,-22.764578833693307,False,-15.220483641536276,-3.057119871279157,4.02,8.88,71867508.63,92.7703,,,513484930.13,-31.4846,4.6654,1,1822145.4932,682372935.4000001,1.0,1.5,PASS,False,0.847457627118644,4.02,8.88,-7.28,2.01,ESP-Q,92.486,10.6086,4.6654,23.006467661691545,87.53592727272726,0.0,0.0,35.76,46.3,10,61.28293241695304,,0.13793103448275862,0,0,5.0,9,-11.374329795382423,False,-3.0368763557483858,,-0.02003309187446543,False,False,房地产开发,2.01,-0.16550382169799077,32.0,27.284879725085908,0.7,10.0,9.1,Other
000536.SZ,000536,华映科技,19931126,主板,183617051.70000002,1.9002375296912177,光学光电子,未知,801084.SI,270000,4.29,,,14.1258,6.8377,1186628.0725,1185362.3994,272161384.20000005,True,1,1,False,False,4.29,9.718670076726333,-6.739130434782603,0.0,False,1.9002375296912177,-3.057119871279157,4.73,9.03,-223876376.47,,,,-2467794400.51,,-22.8221,0,1186628.0725,272161384.20000005,1.0,1.5,PASS,False,0.9491525423728814,4.73,9.03,-19.355800000000002,2.365,,,14.1258,-22.8221,,229.99712142857143,0.0,0.0,4.29,4.29,0,97.4799541809851,,0.3,0,1,55.0,7,-3.8574601940833952,False,9.718670076726333,OVERHEAT,0.12470986424635763,False,True,光学光电子,2.365,0.14156128699271472,50.0,66.74398625429552,1.0,0.0,66.74,Tier2
000538.SZ,000538,云南白药,19931215,主板,431720022.35,-8.953868507083184,中药,未知,801155.SI,370000,50.13,17.3562,17.0172,2.2776,0.3853,8944508.4288,8887714.9838,308925927.2,False,0,0,False,False,55.21,-1.512770137524555,-11.274336283185837,-9.201231660930986,False,-8.953868507083184,-3.057119871279157,4.12,7.55,1965172511.31,96.4593,,,14840595650.859999,35.1042,4.9605,0,8944508.4288,308925927.2,1.0,1.5,PASS,False,0.13559322033898305,4.12,7.55,7.69,-3.5700000000000003,,17.3562,2.2776,4.9605,4.212669902912621,165.87102631578946,0.0,0.0,50.13,55.21,0,65.922107674685,,0.38095238095238093,0,0,5.0,7,-2.2633967912402904,False,-1.512770137524555,,-0.042946121193067906,False,False,中药,-3.5700000000000003,0.21454178158881457,50.0,32.2766323024055,1.0,0.0,32.28,Other
000547.SZ,000547,航天发展,19931130,主板,3988504716.7999997,-16.422706176365587,综合,未知,801231.SI,510000,23.41,,,9.9193,6.5749,3742014.2177,3720132.4061,2474117897.2,False,1,1,False,False,29.97,-7.470355731225298,-16.69039145907474,-21.888555221888552,False,-16.422706176365587,-3.057119871279157,37.16,12.65,-115752367.38,,,,-2496107154.74,,-2.8782,0,3742014.2177,2474117897.2,1.0,1.5,PASS,False,0.9322033898305084,37.16,12.65,-7.0,51.16,,,9.9193,-2.8782,,210.72467916666668,0.0,0.0,23.41,29.97,0,65.922107674685,,0.10810810810810811,0,0,5.0,12,-12.356575702728412,False,-7.470355731225298,,-0.04583374928966097,False,False,综合,51.16,-0.24532216177778604,32.0,28.6766323024055,1.0,0.0,28.68,Other
000551.SZ,000551,创元科技,19940106,主板,451909644.1500001,19.917012448132777,综合,未知,801231.SI,510000,17.34,28.4958,24.7438,2.7603,8.8455,840527.1018,840204.8483,525284072.20000005,False,1,0,False,False,18.05,1.4628437682855377,16.532258064516125,-3.933518005540171,False,19.917012448132777,-3.057119871279157,33.6,27.35,105317114.62,84.8056,,,760152772.6,78.4805,4.1744,0,840527.1018,525284072.20000005,1.0,1.5,PASS,False,0.9322033898305084,33.6,27.35,-7.0,47.6,,28.4958,2.7603,4.1744,0.8480892857142857,210.72467916666668,10.0,0.0,17.34,18.05,0,65.922107674685,,0.972972972972973,1,1,75.0,12,23.983142921769954,True,1.4628437682855377,,-0.006579982272069191,True,False,综合,47.6,-0.2525308976639003,32.0,63.6766323024055,1.0,0.0,73.68,Tier2
000552.SZ,000552,甘肃能化,19940106,主板,303564724.79999995,-4.693140794223827,白色家电,未知,801111.SI,330000,2.64,,,0.8645,1.7106,1412879.0887,983614.2349,213499964.40000004,True,0,0,False,False,2.97,-4.693140794223827,7.755102040816331,-11.111111111111116,False,-4.693140794223827,-3.057119871279157,70.82,-149.63,32836640.82,50.3383,,,-1081349081.03,131.1543,0.3945,0,1412879.0887,213499964.40000004,1.0,1.5,PASS,False,0.23728813559322035,70.82,-149.63,-17.555,105.93,ESP-Q,,0.8645,0.3945,,53.917895,0.0,0.0,2.64,2.97,0,65.922107674685,,0.2916666666666667,0,0,5.0,8,-6.865049895768516,False,-4.693140794223827,,-0.01815283627440321,False,False,白色家电,105.93,0.2782318733129435,50.0,32.2766323024055,0.7,0.0,22.59,Other
000554.SZ,000554,泰山石油,19931215,主板,178889008.00000003,-7.233502538071068,石油化工,未知,801035.SI,220000,7.31,22.7257,20.802,2.9526,7.3598,351459.9155,265099.487,153053302.8,True,0,0,False,False,8.31,-3.1788079470198682,-7.81841109709962,-12.03369434416367,False,-7.233502538071068,-3.057119871279157,26.1,47.87,67372939.29,100.1563,,,436119737.95000005,77.445,5.8357,0,351459.9155,153053302.8,1.0,1.5,PASS,False,0.2033898305084746,26.1,47.87,13.370000000000001,26.1,,22.7257,2.9526,5.8357,0.8707164750957854,39.986374999999995,0.0,0.0,7.31,8.31,0,65.922107674685,,0.5,0,0,0.0,2,-3.4381798404641115,False,-3.1788079470198682,TIER2_FORCED,-0.010408399530856274,False,False,石油化工,26.1,-0.29529287424295286,32.0,26.1766323024055,1.0,0.0,26.18,Tier2
000555.SZ,000555,神州信息,19940408,主板,376069345.9,-15.474642392717818,通信设备,未知,801102.SI,730000,13.0,224.7996,222.9472,2.2304,2.7088,1268506.7681,1267021.0631,283492676.79999995,False,0,0,False,False,15.66,-5.591866376180099,-29.000546149645,-16.98595146871009,False,-15.474642392717818,-3.057119871279157,1.91,102.39,-98348540.61,,,,-311851524.39,,-1.6258,0,1268506.7681,283492676.79999995,1.0,1.5,PASS,False,0.9830508474576272,1.91,102.39,4.779999999999999,-2.869999999999999,,224.7996,2.2304,-1.6258,117.69612565445027,182.74448076923076,0.0,0.0,13.0,15.66,0,75.02863688430699,,0.125,0,0,5.0,13,-14.646895350299987,False,-5.591866376180099,,-0.04075448856355032,False,False,通信设备,-2.869999999999999,-0.22941836763944995,32.0,31.4085910652921,1.0,0.0,31.41,Other
000559.SZ,000559,万向钱潮,19940110,主板,2174782423.5499997,4.748118123914313,汽车零部件,未知,801093.SI,280000,18.09,57.9144,60.6338,7.39,5.7002,5997483.4252,5995657.0498,2936609229.6000004,True,0,0,False,False,18.98,3.3714285714285808,-10.930576070901033,-4.689146469968386,False,4.748118123914313,-3.057119871279157,-21.93,-1.72,224830772.55,91.0966,,,2396743754.68,-15.2308,2.8197,0,5997483.4252,2936609229.6000004,1.0,1.5,PASS,False,0.5932203389830508,-21.93,-1.72,-7.975999999999999,-10.965,ESP-Q,57.9144,7.39,2.8197,,74.48131470588235,0.0,0.0,18.09,18.98,0,93.35624284077892,,0.6621621621621622,0,1,55.0,23,3.609968696291199,False,3.3714285714285808,,0.01907098807919369,False,False,汽车零部件,-10.965,0.02875532884813079,50.0,65.50687285223367,0.7,0.0,45.85,Other
000560.SZ,000560,我爱我家,19940202,主板,331218531.1000001,-5.016722408026764,房地产开发,未知,801181.SI,430000,2.84,,,0.7208,6.7903,668962.2417,664115.8791,350125469.8,True,0,0,False,False,3.42,-6.578947368421062,-12.615384615384617,-16.959064327485386,False,-5.016722408026764,-3.057119871279157,-61.16,-207.66,8778666.1,161.0494,,,68344286.10999998,2727.15,0.0587,0,668962.2417,350125469.8,1.0,1.5,PASS,False,0.847457627118644,-61.16,-207.66,-7.28,-30.58,,,0.7208,0.0587,,87.53592727272726,0.0,0.0,2.84,3.42,0,65.922107674685,,0.4482758620689655,0,0,5.0,9,-1.1705685618729094,False,-6.578947368421062,,-0.05095541601384121,False,False,房地产开发,-30.58,-0.24392169529846877,32.0,28.6766323024055,1.0,0.0,28.68,Other
000564.SZ,000564,供销大集,19940110,主板,394972608.25,-16.577540106951872,一般零售,未知,801203.SI,450000,1.56,,,1.9447,2.0478,2817057.8832,2354801.2059,340491534.2,False,0,0,False,False,1.92,-5.454545454545445,-31.877729257641917,-18.74999999999999,False,-16.577540106951872,-3.057119871279157,-221.26,-17.65,-104739297.48,,,,-1242556269.59,,-0.9504,0,2817057.8832,340491534.2,1.0,1.5,PASS,False,0.576271186440678,-221.26,-17.65,-2.645,-110.63,,,1.9447,-0.9504,,44.26595714285714,0.0,0.0,1.56,1.92,0,86.48339060710195,,0.25,0,0,5.0,4,-5.949453820891055,False,-5.454545454545445,,-0.026692028823976047,False,False,一般零售,-110.63,-2.319561788566575,12.0,30.845017182130583,1.0,0.0,30.85,Other
000567.SZ,000567,海德股份,19940525,主板,269337862.0,14.869888475836435,多元金融,未知,801191.SI,490000,6.18,31.3758,17.0682,2.0053,1.3542,1207937.9518,1204197.6168,156358107.39999998,True,2,0,False,False,7.05,-3.4375000000000044,7.853403141361248,-12.3404255319149,False,14.869888475836435,-3.057119871279157,323.04,30.94,418335557.25,99.6595,,,1082852992.66,5.7711,7.2194,0,1207937.9518,156358107.39999998,1.0,1.5,PASS,False,0.3220338983050847,323.04,30.94,17.765,323.04,,31.3758,2.0053,7.2194,0.09712667161961366,44.777813333333334,0.0,0.0,6.18,7.05,0,69.3012600229095,,0.9411764705882353,1,1,100.0,6,21.675181481507522,True,-3.4375000000000044,,-0.010635458644960422,False,False,多元金融,323.04,2.1501590405000277,82.0,87.19037800687285,1.0,0.0,87.19,Tier1
000568.SZ,000568,泸州老窖,19940509,主板,1019671636.55,-9.134280886591783,饮料制造,未知,801123.SI,340000,91.42,12.4244,13.529,2.6079,0.6582,13456493.4257,13450225.9814,967821378.0000001,True,0,0,False,False,103.55,0.4615384615384688,-21.359139784946237,-11.71414775470787,False,-9.134280886591783,-3.057119871279157,-19.84,-19.7,3683573536.09,99.3292,,,32835214172.4,91.3449,7.316,0,13456493.4257,967821378.0000001,1.0,1.5,PASS,False,0.2711864406779661,-19.84,-19.7,2.46,-22.3,,12.4244,2.6079,7.316,,41.77951363636364,10.0,0.0,91.42,103.55,0,65.922107674685,,0.24,0,0,5.0,8,-7.008296634623279,False,0.4615384615384688,,-0.007358899069601071,False,False,饮料制造,-22.3,-0.10313984858295018,32.0,28.6766323024055,1.0,0.0,38.68,Other
000570.SZ,000570,苏常柴Ａ,19940701,主板,175492223.45,-9.730538922155684,汽车零部件,未知,801093.SI,280000,6.03,83.7317,52.2156,1.2101,3.2584,425532.5817,335082.5817,102177213.19999999,False,0,0,False,False,6.95,-6.800618238021627,1.858108108108114,-13.237410071942445,False,-9.730538922155684,-3.057119871279157,34.72,-61.15,54518288.34,73.2823,,,146942573.25,-331.2789,2.1332,0,425532.5817,102177213.19999999,1.0,1.5,PASS,False,0.5932203389830508,34.72,-61.15,-7.975999999999999,50.672,ESP-Q,83.7317,1.2101,2.1332,2.4116273041474656,74.48131470588235,0.0,0.0,6.03,6.95,0,75.94501718213058,,0.16216216216216217,0,0,5.0,23,-10.868688349778798,False,-6.800618238021627,,-0.031732522689261675,False,False,汽车零部件,50.672,0.2631725951756848,50.0,35.28350515463917,0.7,0.0,24.7,Other
000571.SZ,000571,新大洲A,19940525,主板,166354042.54999998,-5.940594059405935,煤炭开采,未知,801021.SI,210000,5.7,,,317.2116,3.8364,478303.53,463975.5255,222350182.8,True,1,1,False,False,6.22,7.344632768361592,-20.27972027972028,-8.360128617363339,False,-5.940594059405935,-3.057119871279157,-2.52,-53.33,-31104518.66,,,,-335084488.29999995,,-115.1782,0,478303.53,222350182.8,1.0,1.5,PASS,False,0.1694915254237288,-2.52,-53.33,-3.7,-1.26,,,317.2116,-115.1782,,32.17243333333333,0.0,0.0,5.7,6.22,0,86.02520045819016,,0.45454545454545453,0,0,5.0,7,-2.435206524980283,False,7.344632768361592,,0.019782850617242637,False,False,煤炭开采,-1.26,-0.22086900110623772,32.0,34.707560137457044,1.0,0.0,34.71,Other
000572.SZ,000572,海马汽车,19940808,主板,213196999.35,-15.826086956521745,房地产开发,未知,801181.SI,430000,4.84,,,5.0528,2.8043,796004.0302,794850.4844,204455639.2,False,0,0,False,False,5.85,-5.46875,-30.758226037196003,-17.26495726495726,False,-15.826086956521745,-3.057119871279157,5.45,50.38,-32443188.43,,,,-452906543.94,,-1.9987,0,796004.0302,204455639.2,1.0,1.5,PASS,False,0.847457627118644,5.45,50.38,-7.28,2.725,,,5.0528,-1.9987,,87.53592727272726,0.0,0.0,4.84,5.85,0,91.63802978235968,,0.10344827586206896,0,0,5.0,9,-11.979933110367892,False,-5.46875,,-0.045288599263458844,False,False,房地产开发,2.725,-0.16378339274357712,32.0,36.391408934707904,1.0,0.0,36.39,Other
000581.SZ,000581,威孚高科,19980924,主板,281007736.09999996,4.526315789473689,汽车零部件,未知,801093.SI,280000,19.86,17.975,17.646,0.9478,2.0225,1920036.3863,1576695.9238,254542775.80000004,False,0,0,False,False,20.5,-0.8982035928143728,-4.2891566265060295,-3.121951219512198,False,4.526315789473689,-3.057119871279157,10.83,-57.71,353314269.17,94.3849,,,2766914372.96,73.5486,1.8635,0,1920036.3863,254542775.80000004,1.0,1.5,PASS,False,0.5932203389830508,10.83,-57.71,-7.975999999999999,26.781999999999996,ESP-Q,17.975,0.9478,1.8635,1.659741458910434,74.48131470588235,0.0,0.0,19.86,20.5,0,89.46162657502865,,0.6486486486486487,0,1,40.0,23,3.3881663618505753,False,-0.8982035928143728,,0.006439546485645605,False,False,汽车零部件,26.781999999999996,0.17231436890631308,50.0,56.83848797250859,0.7,0.0,39.79,Other
000586.SZ,000586,汇源通信,19951220,主板,465541720.59999996,-12.078239608801955,通信设备,未知,801102.SI,730000,17.98,,,10.9211,12.8466,347805.12,343759.62,403972296.20000005,False,1,1,False,False,21.17,-1.0456796917996725,20.42866711319491,-15.068493150684937,False,-12.078239608801955,-3.057119871279157,-374.7373,67.31,-5758325.73,,,,9774595.62,,-1.726,0,347805.12,403972296.20000005,1.0,1.5,PASS,False,0.9830508474576272,-374.7373,67.31,4.779999999999999,-379.5173,,,10.9211,-1.726,,182.74448076923076,0.0,0.0,17.98,21.17,0,78.00687285223368,,0.175,0,0,5.0,13,-11.250492566384123,False,-1.0456796917996725,,0.02654642409888005,False,False,通信设备,-379.5173,-1.439343440147863,22.0,30.302061855670104,1.0,0.0,30.3,Other
000589.SZ,000589,贵州轮胎,19960308,主板,181071765.79999998,2.8384279475982543,汽车零部件,未知,801093.SI,280000,4.71,11.8098,9.9743,0.7966,2.1671,732228.1414,727610.5516,142456451.0,False,0,0,False,False,5.16,-1.4644351464435212,-6.175298804780871,-8.720930232558144,False,2.8384279475982543,-3.057119871279157,163.19,-0.72,163645886.1,90.8067,,,1425521654.42,190.2879,1.9746,0,732228.1414,142456451.0,1.0,1.5,PASS,False,0.5932203389830508,163.19,-0.72,-7.975999999999999,179.142,ESP-Q,11.8098,0.7966,1.9746,0.07236840492677248,74.48131470588235,0.0,0.0,4.71,5.16,0,65.922107674685,,0.581081081081081,0,1,40.0,23,1.7002785199751402,False,-1.4644351464435212,,0.007846748402985724,False,False,汽车零部件,179.142,0.7517685068050773,50.0,49.7766323024055,0.7,0.0,34.84,Other
000592.SZ,000592,平潭发展,19960327,主板,2223078745.5999994,-9.338168631006338,房地产开发,未知,801181.SI,430000,10.0,,,10.9017,7.4701,1931780.892,1915092.449,1725143130.2,False,0,0,False,False,12.46,-6.976744186046513,-5.660377358490565,-19.74317817014447,False,-9.338168631006338,-3.057119871279157,-105.33,-4.17,-115884.78,,,,-25345621.08,,-0.102,0,1931780.892,1725143130.2,1.0,1.5,PASS,False,0.847457627118644,-105.33,-4.17,-7.28,-52.665,,,10.9017,-0.102,,87.53592727272726,0.0,0.0,10.0,12.46,0,68.61397479954181,,0.27586206896551724,0,0,5.0,9,-5.492014784852484,False,-6.976744186046513,,-0.05787486746099728,False,False,房地产开发,-52.665,-0.2970624973379458,32.0,29.48419243986254,1.0,0.0,29.48,Other
000593.SZ,000593,德龙汇能,19960312,主板,972560368.4500002,25.80472103004292,综合,未知,801231.SI,510000,23.45,413.5373,265.7012,9.5105,8.9602,840989.7161,840643.0313,699605790.1999999,False,3,0,False,False,27.99,-0.38232795242141293,70.17416545718433,-16.22007859949982,False,25.80472103004292,-3.057119871279157,320.24,77.39,14332477.12,97.7531,,,83701699.92999999,242.3998,1.6733,0,840989.7161,699605790.1999999,1.0,1.5,PASS,False,0.9322033898305084,320.24,77.39,-7.0,334.24,,413.5373,9.5105,1.6733,1.291335560829378,210.72467916666668,0.0,0.0,23.45,27.99,0,67.92668957617411,,1.0,1,1,75.0,12,29.870851503680093,True,-0.38232795242141293,,0.03170772831522349,True,False,综合,334.24,0.3278938367169379,50.0,67.87800687285224,1.0,0.0,67.88,Tier2
000596.SZ,000596,古井贡酒,19960927,主板,313911130.29999995,-9.765365251258673,饮料制造,未知,801123.SI,340000,94.99,14.1477,17.7669,1.922,0.6283,5021171.4,3881291.4,258896494.2,False,0,0,False,False,111.7,-2.6941200573653012,-26.42707768569438,-14.959713518352736,False,-9.765365251258673,-3.057119871279157,-30.86,-36.06,1598294341.71,99.4661,,,12622054479.28,86.77,6.28,0,5021171.4,258896494.2,1.0,1.5,PASS,False,0.2711864406779661,-30.86,-36.06,2.46,-33.32,,14.1477,1.922,6.28,,41.77951363636364,0.0,0.0,94.99,111.7,0,67.12485681557845,,0.2,0,0,5.0,8,-7.639380999290169,False,-2.6941200573653012,,-0.024897940879929203,False,False,饮料制造,-33.32,-0.24837865429130626,32.0,29.037457044673538,1.0,0.0,29.04,Other
000598.SZ,000598,兴蓉环境,19960529,主板,187052439.19999996,-4.239766081871343,水务,未知,801164.SI,410000,6.55,9.7482,9.6538,0.9651,0.8248,1954525.7123,1951394.1573,205526863.4,True,0,0,False,False,7.0,-0.455927051671734,-7.092198581560282,-6.428571428571428,False,-4.239766081871343,-3.057119871279157,3.89,0.16,517334508.47,98.0808,,,5174596857.24,27.8505,2.6389,0,1954525.7123,205526863.4,1.0,1.5,PASS,False,0.01694915254237288,3.89,0.16,3.89,0.0,,9.7482,0.9651,2.6389,2.5059640102827765,10.689833333333334,0.0,0.0,6.55,7.0,0,65.922107674685,,0.25,0,0,0.0,2,-8.389747670751019,False,-0.455927051671734,TIER2_FORCED,0.09708623500177861,False,False,水务,0.0,-0.562402872492213,22.0,24.1766323024055,1.0,0.0,24.18,Tier2
000617.SZ,000617,中油资本,19961022,主板,1146310022.6000001,-11.670235546038544,多元金融,未知,801191.SI,490000,8.25,24.2555,22.6526,0.98,1.0075,10429715.2402,10429715.2402,1026407488.3999999,False,0,0,False,False,9.54,-6.462585034013612,-5.60640732265446,-13.52201257861635,False,-11.670235546038544,-3.057119871279157,20.05,1.28,1518040428.12,96.4997,,,12198086845.57,-368.461,1.491,0,10429715.2402,1026407488.3999999,1.0,1.5,PASS,False,0.3220338983050847,20.05,1.28,17.765,2.285,ESP-Q,24.2555,0.98,1.491,1.2097506234413966,44.777813333333334,0.0,0.0,8.25,9.54,0,76.97594501718214,,0.29411764705882354,0,0,5.0,6,-4.864942540367457,False,-6.462585034013612,,-0.051484999866037606,False,False,多元金融,2.285,-0.43475571328353907,32.0,31.99278350515464,0.7,0.0,22.39,Other
000620.SZ,000620,盈新发展,19961029,主板,818875507.0999998,9.642857142857153,综合,未知,801231.SI,510000,3.07,,,4.9191,6.8317,1802647.2173,1434226.8862,1368843331.8,True,1,0,False,False,3.56,-5.828220858895705,-1.9169329073482455,-13.764044943820231,False,9.642857142857153,-3.057119871279157,-12.5,-74.78,-107035816.4,,,,-1999886671.44,,-3.2037,0,1802647.2173,1368843331.8,1.0,1.5,PASS,False,0.9322033898305084,-12.5,-74.78,-7.0,-6.25,,,4.9191,-3.2037,,210.72467916666668,0.0,0.0,3.07,3.56,0,78.46506300114548,,0.8108108108108109,1,1,100.0,12,13.708987616494328,True,-5.828220858895705,,-0.0045084046867596315,False,False,综合,-6.25,-0.3615731525704316,32.0,79.93951890034364,1.0,0.0,79.94,Tier2
000623.SZ,000623,吉林敖东,19961028,主板,240271426.59999996,-1.573033707865179,证券,未知,801193.SI,490000,17.52,8.7474,7.6345,0.6653,1.3414,2095208.718,2086573.2414,208967513.4,False,0,0,False,False,19.2,-3.2044198895027742,-4.989154013015195,-8.750000000000002,False,-1.573033707865179,-3.057119871279157,78.05,39.87,869402802.47,100.393,,,6226792847.66,1.2357,2.7864,0,2095208.718,208967513.4,1.0,1.5,PASS,False,0.03389830508474576,78.05,39.87,31.015,78.05,ESP-Q,8.7474,0.6653,2.7864,0.11207431133888535,30.001145454545455,10.0,0.0,17.52,19.2,0,65.922107674685,,0.5681818181818182,0,0,5.0,14,0.3107739177207802,False,-3.2044198895027742,,-0.010789668249847463,False,False,证券,78.05,0.9246480991083068,50.0,32.2766323024055,0.7,0.0,32.59,Other
000628.SZ,000628,高新发展,19961118,主板,1054333240.6500003,-2.4857238831037853,综合,未知,801231.SI,510000,58.06,187.2416,188.9683,9.3002,8.4188,2045337.68,1116137.2245,994251197.8,True,1,0,False,False,68.11,-8.538122243226208,3.493761140819962,-14.75554250477169,False,-2.4857238831037853,-3.057119871279157,34.54,242.48,1966499.47,109.8645,,,178202524.78,-3168.1419,0.0813,0,2045337.68,994251197.8,1.0,1.5,PASS,False,0.9322033898305084,34.54,242.48,-7.0,48.54,ESP-Q,187.2416,9.3002,0.0813,5.421007527504343,210.72467916666668,0.0,0.0,58.06,68.11,0,75.94501718213058,,0.5405405405405406,0,0,5.0,12,1.5804065905333897,False,-8.538122243226208,,-0.0021716443927177614,False,False,综合,48.54,-0.2506274674018364,32.0,31.683505154639178,0.7,0.0,22.18,Other
000651.SZ,000651,格力电器,19961118,主板,2033406579.4000003,5.283121105391508,白色家电,未知,801111.SI,330000,38.86,7.5051,7.4594,1.4318,0.656,21767062.7095,21458528.816,1590140449.8,True,0,0,False,False,40.88,-3.5253227408143073,1.2770393536617242,-4.941291585127205,False,5.283121105391508,-3.057119871279157,-0.27,-7.95,5702183701.81,93.7526,,,67939734184.740005,111.7063,4.0826,0,21767062.7095,1590140449.8,1.0,1.5,PASS,False,0.23728813559322035,-0.27,-7.95,-17.555,-0.135,,7.5051,1.4318,4.0826,,53.917895,10.0,0.0,38.86,40.88,0,65.922107674685,,0.625,0,1,55.0,8,3.1112120038468194,False,-3.5253227408143073,,-0.014243131972941525,False,False,白色家电,-0.135,-0.1471023572817366,32.0,53.6766323024055,1.0,0.0,63.68,Tier2
000657.SZ,000657,中钨高新,19961205,主板,5086830506.9,-1.9027849852966683,稀有金属,未知,801054.SI,240000,56.71,100.9003,65.2366,12.0946,7.0896,12921965.5524,8239539.6145,4100853879.2000003,True,1,0,False,False,64.31,0.44279135671272396,8.204541118107244,-11.817757735966417,False,-1.9027849852966683,-3.057119871279157,349.58,585.39,915469010.95,99.3897,,,3293351739.1400003,-193.3434,9.0278,0,12921965.5524,4100853879.2000003,1.0,1.5,PASS,False,0.8983050847457628,349.58,585.39,108.81,349.58,ESP-Q,100.9003,12.0946,9.0278,0.2886329309457063,123.306975,0.0,0.0,56.71,64.31,0,84.7651775486827,,0.9375,1,0,55.0,5,7.264818786076644,True,0.44279135671272396,,-0.020154670762971255,False,False,稀有金属,349.58,0.18348103433401045,50.0,62.929553264604806,0.7,0.0,44.05,Other
000659.SZ,000659,珠海中富,19961203,主板,166264543.25,0.0,包装印刷,未知,801141.SI,360000,4.13,,,57.7339,3.647,530995.1408,530995.1408,176466254.99999997,False,1,1,False,False,4.54,-0.7211538461538547,-11.373390557939922,-9.03083700440529,False,0.0,-3.057119871279157,-46.19,-5.82,-25730932.38,,,,-230197344.0,1160.6385,-5.3348,0,530995.1408,176466254.99999997,1.0,1.5,PASS,False,0.9152542372881356,-46.19,-5.82,0.78,-46.97,,,57.7339,-5.3348,,151.91444,0.0,0.0,4.13,4.54,0,22.22222222222222,CAT-0,0.631578947368421,0,1,40.0,6,4.409672830725464,False,-0.7211538461538547,,0.011951915796712884,False,False,包装印刷,-46.97,-0.44156540950958345,32.0,33.06666666666666,0.5,0.0,16.53,Other
000670.SZ,000670,盈方微,19961217,主板,416061972.1499999,3.5851472471190915,其他电子,未知,801082.SI,270000,8.09,,,222.1477,10.1652,683382.7313,664887.0497,560270611.4000001,True,0,0,False,False,8.82,-1.3414634146341364,-5.26932084309133,-8.27664399092971,False,3.5851472471190915,-3.057119871279157,10.47,-31.0,-11699444.05,,,,-170604164.35,,-30.8017,0,683382.7313,560270611.4000001,1.0,1.5,PASS,False,0.8135593220338984,10.47,-31.0,16.535,-6.0649999999999995,,,222.1477,-30.8017,,108.22777500000001,0.0,0.0,8.09,8.82,0,94.84536082474226,,0.7777777777777778,1,1,100.0,6,5.47315013413614,True,-1.3414634146341364,,0.0027160982083282805,False,False,其他电子,-6.0649999999999995,-0.5728201415574242,22.0,82.85360824742267,1.0,0.0,82.85,Tier2
000672.SZ,000672,上峰水泥,19961218,主板,577943444.1,35.810810810810814,农产品加工,未知,801012.SI,110000,18.09,27.5018,29.742,1.9297,5.3074,1753636.3691,1753636.3691,943381806.6,False,3,3,False,True,19.49,5.296856810244477,14.493670886075938,-7.183170856849664,False,35.810810810810814,-3.057119871279157,-58.26,-4.23,25021359.72,78.4213,,,1256251352.57,350.5426,0.3515,0,1753636.3691,943381806.6,1.0,1.5,PASS,False,0.2542372881355932,-58.26,-4.23,-22.09,-29.13,ESP-Q,27.5018,1.9297,0.3515,,53.185766666666666,0.0,0.0,18.09,19.49,0,65.922107674685,,1.0,1,1,70.0,2,44.687459841204245,True,5.296856810244477,突破型,0.003850190836306258,True,False,农产品加工,-29.13,-1.242689234631801,22.0,59.1766323024055,0.7,0.0,41.42,Other
000680.SZ,000680,山推股份,19970122,主板,298695357.2,0.521739130434784,专用设备,未知,801074.SI,640000,11.56,14.3204,13.6135,2.6788,1.4945,1734164.8595,1519768.4084,227474992.20000005,True,0,0,False,False,12.85,-2.4472573839662393,-11.4176245210728,-10.038910505836574,False,0.521739130434784,-3.057119871279157,21.54,20.28,332932531.27,99.2267,,,2901687043.24,40.749,5.3062,0,1734164.8595,227474992.20000005,1.0,1.5,PASS,False,0.6440677966101694,21.54,20.28,-10.094999999999999,41.73,,14.3204,2.6788,5.3062,0.6648282265552461,147.6403775510204,10.0,0.0,11.56,12.85,0,65.922107674685,,0.5,0,1,55.0,17,-0.27676484338475804,False,-2.4472573839662393,,-0.008885899158769134,False,False,专用设备,41.73,-0.08087669542369408,32.0,53.6766323024055,1.0,0.0,63.68,Tier1
000681.SZ,000681,视觉中国,19970121,主板,832320856.5000001,-2.280285035629459,综合,未知,801231.SI,510000,20.57,173.5676,47.3973,3.7592,5.0138,1441087.7859,1390809.7835,790684213.6,True,0,0,False,False,23.45,-6.158759124087599,-30.36560595802301,-12.281449893390183,False,-2.280285035629459,-3.057119871279157,-17.32,-43.02,13535479.47,5.6673,,,191206529.76999998,3.7269,6.4142,1,1441087.7859,790684213.6,1.0,1.5,PASS,False,0.9322033898305084,-17.32,-43.02,-7.0,-8.66,ESP-Q,173.5676,3.7592,6.4142,,210.72467916666668,0.0,0.0,20.57,23.45,10,92.21076746849943,,0.5945945945945946,0,0,5.0,12,1.785845438007716,False,-6.158759124087599,,-0.006150913192627005,False,False,综合,-8.66,-0.3664532237742336,32.0,36.56323024054983,0.7,10.0,15.59,Other
000682.SZ,000682,东方电子,19970121,主板,434769102.6,0.7598784194528863,计算机应用,未知,801222.SI,710000,13.26,19.4936,17.3121,2.8898,3.0697,1777804.0113,1777634.6307,523531175.4000001,True,0,0,False,False,14.28,1.7651573292402079,-3.563636363636369,-7.14285714285714,False,0.7598784194528863,-3.057119871279157,9.66,12.69,125406054.56,53.1774,,,1624151299.92,-146.6381,3.9091,0,1777804.0113,523531175.4000001,1.0,1.5,PASS,False,0.7627118644067796,9.66,12.69,-4.9399999999999995,19.54,ESP-Q,19.4936,2.8898,3.9091,2.017971014492754,143.4918742857143,10.0,0.0,13.26,14.28,0,98.3963344788087,,0.7115384615384616,1,1,100.0,16,4.742600616852754,False,1.7651573292402079,,-0.008715564778480525,False,False,计算机应用,19.54,0.056599186821797015,50.0,89.5189003436426,0.7,0.0,72.66,Tier1
000683.SZ,000683,博源化工,19970131,主板,398274330.84999996,-16.907675194660744,化学原料,未知,801033.SI,220000,7.47,29.4689,27.1387,2.1318,1.3199,2776473.1753,2496557.6812,372617201.59999996,False,0,0,False,False,9.29,-9.124087591240881,-10.324129651860748,-19.59095801937567,False,-16.907675194660744,-3.057119871279157,25.29,-41.33,419307455.36,99.8134,,,3505766169.26,90.3321,3.2839,0,2776473.1753,372617201.59999996,1.0,1.5,PASS,False,0.6101694915254238,25.29,-41.33,-6.205,37.699999999999996,ESP-Q,29.4689,2.1318,3.2839,1.1652392249901147,75.93632,10.0,0.0,7.47,9.29,0,65.922107674685,,0.2,0,0,5.0,5,-10.172761401557295,False,-9.124087591240881,,0.006195097810836414,False,False,化学原料,37.699999999999996,-0.093886288224457,32.0,28.6766323024055,0.7,0.0,30.07,Other
000685.SZ,000685,中山公用,19970123,主板,370749522.3,8.626760563380277,水务,未知,801164.SI,410000,12.34,9.6857,8.4347,0.9462,5.0443,1820287.4071,1547389.3067,856925624.3999999,True,1,1,False,False,13.22,11.47244805781391,5.5603079555175405,-6.6565809379727785,False,8.626760563380277,-3.057119871279157,91.51,50.42,581445435.35,99.6774,,,4286680566.39,-4.3392,3.0761,0,1820287.4071,856925624.3999999,1.0,1.5,PASS,False,0.01694915254237288,91.51,50.42,3.89,91.51,ESP-Q,9.6857,0.9462,3.0761,0.10584307725931592,10.689833333333334,10.0,0.0,12.34,13.22,0,69.3012600229095,,0.75,1,1,100.0,2,4.476778974500601,False,11.47244805781391,OVERHEAT,0.023130280008893195,False,True,水务,91.51,1.4937492194679314,68.0,84.39037800687285,0.7,0.0,69.07,Tier2
000686.SZ,000686,东北证券,19970227,主板,245738992.7,-1.696969696969708,证券,未知,801193.SI,490000,8.11,13.0778,11.4382,0.9187,1.6919,1898107.3141,1898107.3141,227973889.20000002,False,0,0,False,False,8.84,-1.3381995133820102,-8.978675645342316,-8.257918552036204,False,-1.696969696969708,-3.057119871279157,105.63,66.09,405675731.36,98.8639,,,3299269082.1,1235.6616,2.0121,0,1898107.3141,227973889.20000002,1.0,1.5,PASS,False,0.03389830508474576,105.63,66.09,31.015,105.63,,13.0778,0.9187,2.0121,0.12380763040802803,30.001145454545455,0.0,0.0,8.11,8.84,0,65.922107674685,,0.5227272727272727,0,0,5.0,14,0.18683792861625137,False,-1.3381995133820102,,-0.0180607109955501,False,False,证券,105.63,1.2968154436323798,68.0,35.8766323024055,1.0,0.0,35.88,Other
000688.SZ,000688,国城矿业,19970120,主板,1378935090.65,-0.7954545454545436,计算机设备,未知,801101.SI,710000,43.65,48.053,63.2316,18.1724,3.0143,5172820.5367,5172801.6799,1360943226.7999997,True,0,0,False,False,52.73,8.071304778410493,34.80543545398393,-17.219798975915033,False,-0.7954545454545436,-3.057119871279157,849.37,,360186331.65,101.9749,,,21897996.379999995,59.7872,12.6095,0,5172820.5367,1360943226.7999997,1.0,1.5,PASS,False,0.7288135593220338,849.37,,7.12,849.37,ESP-Q,48.053,18.1724,12.6095,0.05657487314126941,116.38087647058823,0.0,0.0,43.65,52.73,0,87.7434135166094,,0.5416666666666666,0,0,5.0,8,1.0903679653679665,False,8.071304778410493,OVERHEAT,-0.00405312274448713,False,True,计算机设备,849.37,1.577364763507775,68.0,42.42302405498282,0.7,0.0,29.7,Other
000695.SZ,000695,滨海能源,19970218,主板,234568105.45,1.9907100199070937,电力,未知,801161.SI,410000,15.37,,,11.9113,16.5307,356203.0376,340923.7591,421074505.2,False,1,1,False,False,16.34,-0.7746933505487497,20.928402832415415,-5.936352509179931,False,1.9907100199070937,-3.057119871279157,-6.38,-162.11,-11302461.78,,,,-184500579.59,,-6.0063,0,356203.0376,421074505.2,1.0,1.5,PASS,False,0.3050847457627119,-6.38,-162.11,0.02,-6.3999999999999995,,,11.9113,-6.0063,,55.30460465116279,0.0,0.0,15.37,16.34,0,54.63917525773196,,0.6363636363636364,0,1,40.0,14,2.2253620048853784,False,-0.7746933505487497,,0.03313178546789226,False,False,电力,-6.3999999999999995,-0.11687652957893416,32.0,42.791752577319585,1.0,0.0,42.79,Other
001696.SZ,001696,宗申动力,19970306,主板,434220133.20000005,-18.50533807829181,其他交运设备,未知,801881.SI,280000,16.03,27.5798,30.049,3.3025,3.5638,1835478.1528,1428911.3547,363297145.2,True,0,0,False,False,19.89,-4.696789536266344,-20.839506172839506,-19.406737053795876,False,-18.50533807829181,-3.057119871279157,-34.57,42.44,144379557.26,84.1098,,,1971450565.66,187.4719,3.1351,0,1835478.1528,363297145.2,1.0,1.5,PASS,False,0.15254237288135594,-34.57,42.44,-3.01,-17.285,,27.5798,3.3025,3.1351,,147.43112000000002,0.0,0.0,16.03,19.89,0,65.922107674685,,0.3333333333333333,0,0,0.0,2,-8.080477847030531,False,-4.696789536266344,TIER2_FORCED,-0.02069473925972886,False,False,其他交运设备,-17.285,-0.3123394323990847,32.0,26.1766323024055,1.0,0.0,26.18,Tier2
000703.SZ,000703,恒逸石化,19970328,主板,967403905.15,-7.5807514831905065,综合,未知,801231.SI,510000,14.02,207.3753,24.3327,2.0262,1.3692,5357159.4694,5330279.9749,604222726.0,False,0,0,False,False,18.35,-5.525606469002698,10.047095761381474,-23.596730245231612,False,-7.5807514831905065,-3.057119871279157,23640.41,596.59,1939820963.77,97.2443,,,2309295572.72,-88.1096,7.7458,1,5357159.4694,604222726.0,1.0,1.5,PASS,False,0.9322033898305084,23640.41,596.59,-7.0,23654.41,ESP-Q,207.3753,2.0262,7.7458,0.00877206867393586,210.72467916666668,0.0,0.0,14.02,18.35,10,92.21076746849943,,0.35135135135135137,0,0,5.0,12,-3.5146210095533315,False,-5.525606469002698,,-1.8453460034516504e-05,False,False,综合,2014.9280000000006,3.731162347661197,97.19348704298359,49.601927649146546,0.7,10.0,24.72,Other
000712.SZ,000712,锦龙股份,19970415,主板,341892172.25,-0.47892720306512704,证券,未知,801193.SI,490000,10.39,32.8389,25.6088,3.4856,6.7966,930944.0,930667.7559,458253513.6,False,1,1,False,False,12.26,-5.373406193078322,-19.70633693972178,-15.25285481239803,False,-0.47892720306512704,-3.057119871279157,83.08,-97.24,-15735753.02,,,,-222014350.38,,-0.5863,0,930944.0,458253513.6,1.0,1.5,PASS,False,0.03389830508474576,83.08,-97.24,31.015,83.08,ESP-Q,32.8389,3.4856,-0.5863,0.3952684159845932,30.001145454545455,0.0,0.0,10.39,12.26,0,69.3012600229095,,0.6818181818181818,0,0,5.0,14,1.4048804225208322,False,-5.373406193078322,,0.004169679009543861,False,False,证券,83.08,0.9925234342408698,50.0,33.29037800687285,0.7,0.0,23.3,Other
000715.SZ,000715,中兴商业,19970508,主板,190147224.60000002,-16.586921850079726,一般零售,未知,801203.SI,450000,5.23,24.7455,24.6968,1.3891,1.6609,282647.3073,254194.394,54945395.0,False,2,0,False,False,6.68,-5.595667870036092,-16.719745222929937,-21.706586826347298,False,-16.586921850079726,-3.057119871279157,-7.69,19.34,17615816.46,85.3409,,,217703911.0,111.0354,1.0196,0,282647.3073,54945395.0,1.0,1.5,PASS,False,0.576271186440678,-7.69,19.34,-2.645,-3.845,,24.7455,1.3891,1.0196,,44.26595714285714,0.0,0.0,5.23,6.68,0,87.7434135166094,,0.16666666666666666,0,0,5.0,4,-5.958835564018909,False,-5.595667870036092,,-0.012983072829221889,False,False,一般零售,-3.845,-0.31120163025025954,32.0,35.223024054982815,1.0,0.0,35.22,Other
000723.SZ,000723,美锦能源,19970515,主板,260272607.39999995,-11.80400890868597,煤炭开采,未知,801021.SI,210000,3.96,,,1.4119,1.1107,1743785.2254,1740422.3412,193642913.4,True,0,0,False,False,4.56,-1.7369727047146455,-16.455696202531655,-13.157894736842103,False,-11.80400890868597,-3.057119871279157,4.88,-9.9,-353039225.49,,,,-2995305992.01,,-2.6033,0,1743785.2254,193642913.4,1.0,1.5,PASS,False,0.1694915254237288,4.88,-9.9,-3.7,12.280000000000001,ESP-Q,,1.4119,-2.6033,,32.17243333333333,0.0,0.0,3.96,4.56,0,94.15807560137456,,0.13636363636363635,0,0,5.0,7,-8.298621374260318,False,-1.7369727047146455,,-0.01908172010626572,False,False,煤炭开采,12.280000000000001,0.010626016076764569,50.0,40.74742268041237,0.7,0.0,28.52,Other
000725.SZ,000725,京东方Ａ,20010112,主板,2967836031.1500006,11.13744075829386,光学光电子,未知,801084.SI,270000,4.69,29.6635,29.1987,1.2766,2.8507,17373789.862,17044240.2715,3594155507.0,True,1,1,False,False,4.69,13.285024154589387,12.200956937799056,0.0,False,11.13744075829386,-3.057119871279157,6.38,10.25,1438134014.0,84.2383,,,11129866286.0,499.6496,1.2619,0,17373789.862,3594155507.0,1.0,1.5,PASS,False,0.9491525423728814,6.38,10.25,-19.355800000000002,3.19,,29.6635,1.2766,1.2619,4.649451410658307,229.99712142857143,10.0,0.0,4.69,4.69,0,92.55441008018327,,0.7,1,1,100.0,7,5.3797430345192465,True,13.285024154589387,OVERHEAT,0.06323846589275284,False,True,光学光电子,3.19,0.14965919444517986,50.0,87.76632302405498,1.0,0.0,97.77,Tier2
000727.SZ,000727,冠捷科技,19970520,主板,417059459.95,5.576208178438669,光学光电子,未知,801084.SI,270000,2.84,,,7.1365,6.4379,1286397.0223,1286397.0223,493017666.79999995,False,0,0,False,False,3.1,4.029304029304015,11.372549019607847,-8.387096774193559,False,5.576208178438669,-3.057119871279157,-106.7558,-2144.56,-315597665.52,,,,-1916277307.78,,-14.7826,0,1286397.0223,493017666.79999995,1.0,1.5,PASS,False,0.9491525423728814,-106.7558,-2144.56,-19.355800000000002,-53.3779,,,7.1365,-14.7826,,229.99712142857143,0.0,0.0,2.84,3.1,0,92.55441008018327,,0.5,0,1,40.0,7,-0.1814895453359444,False,4.029304029304015,,0.006548974463693147,False,False,光学光电子,-53.3779,-0.40559125280367236,32.0,54.16632302405498,1.0,0.0,54.17,Tier2
000728.SZ,000728,国元证券,19970616,主板,289424533.45,-1.4864864864864935,证券,未知,801193.SI,490000,7.29,13.112,13.667,0.8183,3.1623,3181194.0825,3181194.0825,429938768.0,True,0,0,False,False,7.66,3.69843527738265,-11.205846528623642,-4.8302872062663145,False,-1.4864864864864935,-3.057119871279157,-15.35,9.55,536788236.34,99.0368,,,6411285260.2,722.8293,1.4077,0,3181194.0825,429938768.0,1.0,1.5,PASS,False,0.03389830508474576,-15.35,9.55,31.015,-46.365,,13.112,0.8183,1.4077,,30.001145454545455,0.0,0.0,7.29,7.66,0,69.3012600229095,,0.6136363636363636,0,0,5.0,14,0.39732113909946576,False,3.69843527738265,,0.04190382640058662,False,False,证券,-46.365,-0.7542206524856944,22.0,27.690378006872848,1.0,0.0,27.69,Other
000729.SZ,000729,燕京啤酒,19970716,主板,499894094.0500001,-2.1259842519685046,饮料制造,未知,801123.SI,340000,12.43,20.8648,19.6979,2.225,1.4997,3503444.4009,3119441.0871,448639999.2,True,0,0,False,False,13.45,1.3039934800326058,1.1391375101708734,-7.583643122676575,False,-2.1259842519685046,-3.057119871279157,69.09,46.3,258794254.05,97.7503,,,4502728961.94,279.8987,1.6957,0,3503444.4009,448639999.2,1.0,1.5,PASS,False,0.2711864406779661,69.09,46.3,2.46,69.09,,20.8648,2.225,1.6957,0.3019944999276306,41.77951363636364,0.0,0.0,12.43,13.45,0,69.3012600229095,,0.52,0,0,5.0,8,0.0,False,1.3039934800326058,,0.01201818883818603,False,False,饮料制造,69.09,1.101340591860486,68.0,36.89037800687285,1.0,0.0,36.89,Other
000733.SZ,000733,振华科技,19970703,主板,661168768.5,-3.2176121930567403,元件,未知,801083.SI,270000,45.72,24.7086,25.7798,1.6076,3.295,2533662.6385,2533321.1101,706184517.4,False,0,0,False,False,48.17,1.8943614887452664,-13.703284258210646,-5.086153207390498,False,-3.2176121930567403,-3.057119871279157,-86.37,12.8,6079373.26,38.2171,,,1809098733.63,-673.4391,0.101,0,2533662.6385,706184517.4,1.0,1.5,PASS,False,0.7457627118644068,-86.37,12.8,2.79,-89.16000000000001,ESP-Q,24.7086,1.6076,0.101,,204.28836129032257,0.0,0.0,45.72,48.17,0,98.96907216494846,,0.24242424242424243,0,0,5.0,10,-14.061500054163911,False,1.8943614887452664,,-0.0015692074360395233,False,False,元件,-89.16000000000001,-0.43650954501627254,32.0,38.590721649484536,0.7,0.0,27.01,Other
000738.SZ,000738,航发控制,19970626,主板,591873274.6,-2.361111111111114,汽车零部件,未知,801093.SI,280000,21.09,82.9403,88.2746,2.2022,1.9273,2773723.0581,2773723.0581,492615142.4,False,0,0,False,False,23.46,-1.7699115044247704,-28.387096774193544,-10.10230179028133,False,-2.361111111111114,-3.057119871279157,-13.16,-54.3,125611259.05,99.2169,,,1155822567.39,-235.1087,1.0104,0,2773723.0581,492615142.4,1.0,1.5,PASS,False,0.5932203389830508,-13.16,-54.3,-7.975999999999999,-6.58,ESP-Q,82.9403,2.2022,1.0104,,74.48131470588235,0.0,0.0,21.09,23.46,0,65.922107674685,,0.3918918918918919,0,0,5.0,23,-3.499260538734228,False,-1.7699115044247704,,-0.003168984957121201,False,False,汽车零部件,-6.58,0.045432320149562146,50.0,32.2766323024055,0.7,0.0,22.59,Other
000750.SZ,000750,国海证券,19970709,主板,186221999.65000004,-1.558441558441559,证券,未知,801193.SI,490000,3.79,31.465,29.3078,1.0598,1.477,2420360.1268,2196761.3073,197598364.2,False,0,0,False,False,4.0,0.0,-8.45410628019323,-5.249999999999999,False,-1.558441558441559,-3.057119871279157,28.82,80.54,257104555.68,100.1056,,,2185636948.69,5805.5043,1.1315,0,2420360.1268,197598364.2,1.0,1.5,PASS,False,0.03389830508474576,28.82,80.54,31.015,-2.1950000000000003,,31.465,1.0598,1.1315,1.0917765440666203,30.001145454545455,0.0,0.0,3.79,4.0,0,69.3012600229095,,0.5909090909090909,0,0,5.0,14,0.3253660671444003,False,0.0,,-0.01722165277299394,False,False,证券,-2.1950000000000003,-0.15818614894587174,32.0,29.690378006872848,1.0,0.0,29.69,Other
000753.SZ,000753,漳州发展,19970626,主板,189181509.84999996,-7.561728395061729,综合,未知,801231.SI,510000,5.99,91.3722,87.9768,2.159,2.0205,593897.1615,593897.1615,102474428.4,False,0,0,False,False,7.0,-5.371248025276454,-15.035460992907801,-14.428571428571423,False,-7.561728395061729,-3.057119871279157,15.24,-10.05,17629499.05,89.768,,,110294769.15,-95.8855,0.4981,0,593897.1615,102474428.4,1.0,1.5,PASS,False,0.9322033898305084,15.24,-10.05,-7.0,29.240000000000002,ESP-Q,91.3722,2.159,0.4981,5.995551181102362,210.72467916666668,0.0,0.0,5.99,7.0,0,68.61397479954181,,0.3783783783783784,0,0,5.0,12,-3.4955979214245536,False,-5.371248025276454,,-0.0799083244473768,False,False,综合,29.240000000000002,-0.28970853554846693,32.0,29.48419243986254,0.7,0.0,20.64,Other
000758.SZ,000758,中色股份,19970416,主板,351609623.09999996,-4.273504273504269,工业金属,未知,801055.SI,240000,6.72,28.1277,27.4231,2.1456,2.4566,1337575.633,1332410.0664,315643679.6,False,0,0,False,False,7.79,-4.950495049504955,-8.695652173913048,-13.735558408215665,False,-4.273504273504269,-3.057119871279157,-5.98,-3.78,189714225.06,73.0258,,,1235975597.41,-127.8661,4.2542,0,1337575.633,315643679.6,1.0,1.5,PASS,False,0.3559322033898305,-5.98,-3.78,55.81,-61.790000000000006,ESP-Q,28.1277,2.1456,4.2542,,38.288555,0.0,0.0,6.72,7.79,0,62.77205040091638,,0.5714285714285714,0,0,5.0,7,1.0400845766699423,False,-4.950495049504955,,-0.04139699287519442,False,False,工业金属,-61.790000000000006,-0.8455657932239579,22.0,25.73161512027491,0.7,0.0,18.01,Other
000766.SZ,000766,通化金马,19970430,主板,504773530.8499999,-1.6204690831556512,中药,未知,801155.SI,370000,23.07,650.3156,700.4373,9.6122,1.3362,2229703.289,2228579.7201,266585825.79999998,True,0,0,False,False,27.14,1.0070052539404628,-2.2043238660449327,-14.996315401621219,False,-1.6204690831556512,-3.057119871279157,-16.49,-43.26,8388938.0,91.8902,,,69355539.5,415.749,0.3943,0,2229703.289,266585825.79999998,1.0,1.5,PASS,False,0.13559322033898305,-16.49,-43.26,7.69,-24.18,,650.3156,9.6122,0.3943,,165.87102631578946,0.0,0.0,23.07,27.14,0,65.922107674685,,0.6666666666666666,0,0,5.0,7,5.070002632687243,True,1.0070052539404628,,-0.009469371586933716,False,False,中药,-24.18,0.07456606891904935,50.0,32.2766323024055,1.0,0.0,32.28,Other
000776.SZ,000776,广发证券,19970611,主板,1361911936.2499998,-2.8169014084507005,证券,未知,801193.SI,490000,19.32,11.0335,9.6587,1.0967,1.4357,15117601.5273,11406623.2689,1047285071.4,False,0,0,False,False,21.73,-3.1093279839518595,-8.566019876952192,-11.09065807639209,False,-2.8169014084507005,-3.057119871279157,72.4,59.93,4710524626.33,100.0654,,,35989765879.98,303.0668,2.8739,0,15117601.5273,1047285071.4,1.0,1.5,PASS,False,0.03389830508474576,72.4,59.93,31.015,72.4,,11.0335,1.0967,2.8739,0.152396408839779,30.001145454545455,10.0,0.0,19.32,21.73,0,69.3012600229095,,0.4090909090909091,0,0,5.0,14,-0.9330937828647412,False,-3.1093279839518595,,-0.03694231982128803,False,False,证券,72.4,0.8484064204802788,50.0,33.29037800687285,1.0,0.0,43.29,Other
000777.SZ,000777,中核科技,19970710,主板,194602129.9,-19.588080631025406,通用机械,未知,801072.SI,640000,18.35,41.4126,44.7057,2.864,2.1287,703571.2832,703558.8675,154752999.79999998,False,0,0,False,False,23.2,-6.472986748216103,-25.618159708147548,-20.905172413793093,False,-19.588080631025406,-3.057119871279157,-6280.25,-29.41,-14997731.81,,,,296433420.2,,-0.4349,0,703571.2832,154752999.79999998,1.0,1.5,PASS,False,0.7796610169491526,-6280.25,-29.41,1.3,-6281.55,,41.4126,2.864,-0.4349,,114.34343529411765,0.0,0.0,18.35,23.2,0,65.922107674685,,0.046511627906976744,0,0,5.0,13,-27.890435030034087,False,-6.472986748216103,,-0.05967444124838405,False,False,通用机械,-1510.412,-3.8016846847455077,5.0,23.2766323024055,1.0,0.0,23.28,Other
000778.SZ,000778,新兴铸管,19970606,主板,275090156.6500001,-11.506276150627615,金属制品,未知,801075.SI,640000,4.23,17.6994,16.6416,0.629,1.0331,1676426.1066,1646959.125,183222566.0,True,0,0,False,False,4.88,-0.2358490566037652,-12.783505154639164,-13.31967213114753,False,-11.506276150627615,-3.057119871279157,40.5,589.92,169334274.34,85.8554,,,1897719369.74,-444.8385,0.7439,0,1676426.1066,183222566.0,1.0,1.5,PASS,False,0.5423728813559322,40.5,589.92,-11.295,63.09,ESP-Q,17.6994,0.629,0.7439,0.43702222222222226,68.8756909090909,0.0,0.0,4.23,4.88,0,75.14318442153494,,0.36363636363636365,0,0,5.0,4,-5.007324368656974,False,-0.2358490566037652,,-0.014562177373315307,False,False,金属制品,63.09,0.562904869103184,50.0,35.042955326460486,0.7,0.0,24.53,Other
000782.SZ,000782,恒申新材,19970619,主板,339529036.35,26.22950819672132,化学纤维,未知,801032.SI,220000,7.7,,,3.2697,7.2701,528667.7619,406667.5097,347287162.0,True,1,1,False,False,9.05,-6.666666666666665,26.853377265238887,-14.917127071823211,False,26.22950819672132,-3.057119871279157,-11461.27,-208.66,-5458213.09,,,,-237342039.64000002,,-0.3316,0,528667.7619,347287162.0,1.0,1.5,PASS,False,0.6610169491525424,-11461.27,-208.66,33.59,-11494.86,,,3.2697,-0.3316,,122.71699000000001,0.0,0.0,7.7,9.05,0,75.94501718213058,CHASE,0.9,1,1,100.0,4,34.32207826765446,True,-6.666666666666665,,-0.015240700355230476,True,False,化学纤维,-1510.412,-2.604453097475586,5.0,73.78350515463917,1.0,0.0,73.78,Tier2
000783.SZ,000783,长江证券,19970731,主板,1366334296.2000003,16.249999999999986,证券,未知,801193.SI,490000,8.37,12.5221,11.0125,1.2566,3.3673,4628671.0575,4628671.0575,1082689891.4,False,2,0,False,False,9.24,-1.0638297872340607,7.307692307692304,-9.415584415584421,False,16.249999999999986,-3.057119871279157,51.97,108.69,1469883871.13,98.8979,,,8647090345.78,706.7529,3.507,0,4628671.0575,1082689891.4,1.0,1.5,PASS,False,0.03389830508474576,51.97,108.69,31.015,51.97,,12.5221,1.2566,3.507,0.24094862420627286,30.001145454545455,10.0,0.0,8.37,9.24,0,69.3012600229095,,0.9772727272727273,1,1,85.0,14,18.133807625585945,True,-1.0638297872340607,,-0.026849405108060886,True,False,证券,51.97,0.5727219082022942,50.0,73.29037800687286,1.0,0.0,83.29,Tier2
000786.SZ,000786,北新建材,19970606,主板,376578445.35,-6.460454189506648,其他建材,未知,801713.SI,610000,23.89,13.9921,14.1794,1.4556,1.0173,4066641.9043,4036234.2345,360552918.40000004,True,0,0,False,False,27.06,-5.684958547177255,-11.68207024029575,-11.714708056171464,False,-6.460454189506648,-3.057119871279157,-5.26,-21.86,775918665.94,96.5284,,,7979577118.41,-67.369,2.9175,0,4066641.9043,360552918.40000004,1.0,1.5,PASS,False,0.3389830508474576,-5.26,-21.86,-12.22,-2.63,ESP-Q,13.9921,1.4556,2.9175,,33.882133333333336,10.0,0.0,23.89,27.06,0,65.922107674685,,0.375,0,0,5.0,3,-15.659786559285326,False,-5.684958547177255,,-0.03258298574217541,False,False,其他建材,-2.63,-0.1642232331470043,32.0,28.6766323024055,0.7,0.0,30.07,Other
000792.SZ,000792,盐湖股份,19970904,主板,4388467441.6,-13.89703921045612,化学制品,未知,801034.SI,220000,32.28,20.1535,16.4913,3.8217,1.8365,17081196.1623,17081043.8976,3496394482.1999993,True,0,0,False,False,41.6,-4.750663912658604,-4.099821746880561,-22.403846153846153,False,-13.89703921045612,-3.057119871279157,142.9,91.13,2884110426.95,95.2899,,,18297956113.489998,75.4181,6.7519,0,17081196.1623,3496394482.1999993,1.0,1.5,PASS,False,0.4406779661016949,142.9,91.13,8.2371,142.9,,20.1535,3.8217,6.7519,0.14103219034289713,104.193015625,10.0,0.0,32.28,41.6,0,15.005727376861397,CAT-0,0.2236842105263158,0,0,5.0,23,-8.193501520441249,False,-4.750663912658604,,-0.034150559955405495,False,False,化学制品,142.9,0.1896785382514088,50.0,17.001718213058417,0.5,0.0,18.5,Other
000799.SZ,000799,酒鬼酒,19970718,主板,346591381.30000013,-2.9281896351382675,饮料制造,未知,801123.SI,340000,41.77,,,3.5989,3.0654,1357228.3495,1357099.9067,384779201.8,True,0,0,False,False,45.4,0.3362959404275667,-19.904122722914664,-7.995594713656374,False,-2.9281896351382675,-3.057119871279157,3.97,-545.77,32693852.22,98.5325,,,2464182.459999999,-89.5234,0.8837,0,1357228.3495,384779201.8,1.0,1.5,PASS,False,0.2711864406779661,3.97,-545.77,2.46,3.97,ESP-Q,,3.5989,0.8837,,41.77951363636364,0.0,0.0,41.77,45.4,0,65.922107674685,,0.44,0,0,5.0,8,-0.8022053831697629,False,0.3362959404275667,,-0.0192226361941578,False,False,饮料制造,3.97,0.243087322556661,50.0,32.2766323024055,0.7,0.0,22.59,Other
000802.SZ,000802,北京文化,19980108,主板,244089168.60000002,12.107623318385642,文化传媒,未知,801761.SI,720000,5.0,,,5.8637,8.6865,357950.1275,357772.0025,238189662.79999998,False,2,0,False,False,5.5,-3.100775193798455,6.382978723404253,-9.090909090909093,False,12.107623318385642,-3.057119871279157,88.9,-159.99,-24200258.0,,,,-935797222.66,,-3.3205,0,357950.1275,238189662.79999998,1.0,1.5,PASS,False,0.864406779661017,88.9,-159.99,-15.175,119.25,ESP-Q,,5.8637,-3.3205,,118.69075000000001,0.0,0.0,5.0,5.5,0,65.922107674685,,0.8125,1,1,85.0,5,13.310079037812645,True,-3.100775193798455,,-0.04755130648612932,False,False,文化传媒,119.25,0.018455882726144082,50.0,72.2766323024055,0.7,0.0,50.59,Tier2
000810.SZ,000810,创维数字,19980602,主板,255776783.05000004,1.5359741309620256,纺织制造,未知,801131.SI,350000,12.56,80.3191,56.1204,2.1928,2.1694,1444645.6472,1394921.3558,220151433.80000007,True,0,0,False,False,13.22,2.113821138211369,5.812973883740535,-4.992435703479581,False,1.5359741309620256,-3.057119871279157,3621.52,-105.95,78003966.43,94.1129,,,196924601.37,-1754.6165,1.266,0,1444645.6472,220151433.80000007,1.0,1.5,PASS,False,0.4915254237288136,3621.52,-105.95,2.285,3621.52,ESP-Q,80.3191,2.1928,1.266,0.02217828425633436,73.3666625,0.0,0.0,12.56,13.22,0,92.55441008018327,,0.8888888888888888,1,1,100.0,3,15.180041927572208,True,2.113821138211369,,-0.011959585637959038,False,False,纺织制造,2014.9280000000006,2.650751044865684,82.0,94.16632302405498,0.7,0.0,65.92,Tier1
000813.SZ,000813,德展健康,19980519,主板,223269155.8,15.454545454545453,综合,未知,801231.SI,510000,3.81,,,1.7365,7.027,798997.2107,798865.7657,365548584.6,False,0,0,False,False,4.5,-3.7878787878787845,-1.5503875968992276,-15.333333333333332,False,15.454545454545453,-3.057119871279157,-48.06,-1372.57,-35389747.67,,,,-494106849.83000004,,-0.7453,0,798997.2107,365548584.6,1.0,1.5,PASS,False,0.9322033898305084,-48.06,-1372.57,-7.0,-24.03,,,1.7365,-0.7453,,210.72467916666668,0.0,0.0,3.81,4.5,0,65.922107674685,,0.918918918918919,1,1,75.0,12,19.520675928182627,True,-3.7878787878787845,,-0.002641509227500789,True,False,综合,-24.03,-0.3975763334847886,32.0,63.6766323024055,1.0,0.0,63.68,Tier2
000822.SZ,000822,山东海化,19980703,主板,154152655.54999998,-16.198347107438003,化学原料,未知,801033.SI,220000,5.07,,,1.2128,2.3351,453811.6065,453811.6065,110203928.8,False,0,0,False,False,6.33,-6.972477064220184,-18.75,-19.905213270142173,False,-16.198347107438003,-3.057119871279157,-20.79,-3835.22,-95744854.17,,,,-2287229273.69,,-2.1196,0,453811.6065,110203928.8,1.0,1.5,PASS,False,0.6101694915254238,-20.79,-3835.22,-6.205,-10.395,,,1.2128,-2.1196,,75.93632,0.0,0.0,5.07,6.33,0,81.55784650630011,,0.3333333333333333,0,0,5.0,5,-9.463433314334555,False,-6.972477064220184,,0.0030661335701790663,False,False,化学原料,-10.395,-0.16614454008756827,32.0,33.36735395189003,1.0,0.0,33.37,Other
000823.SZ,000823,超声电子,19971008,主板,549932325.4,-5.403726708074541,元件,未知,801083.SI,270000,15.23,36.7659,38.2762,1.746,8.0885,817853.4246,817818.7855,502677548.40000004,False,1,0,False,False,17.76,-6.449631449631454,1.533333333333342,-14.245495495495497,False,-5.403726708074541,-3.057119871279157,-19.75,8.65,32888676.31,99.6771,,,542139863.5,12.3096,0.6733,0,817853.4246,502677548.40000004,1.0,1.5,PASS,False,0.7457627118644068,-19.75,8.65,2.79,-22.54,,36.7659,1.746,0.6733,,204.28836129032257,0.0,0.0,15.23,17.76,0,91.52348224513173,,0.12121212121212122,0,0,5.0,10,-16.24761456918171,False,-6.449631449631454,,-0.030038042676900092,False,False,元件,-22.54,-0.3055678669990192,32.0,36.35704467353952,1.0,0.0,36.36,Other
000830.SZ,000830,鲁西化工,19980807,主板,642878174.9,-14.838300570703867,化学制品,未知,801034.SI,220000,13.43,28.2064,27.4481,1.3191,2.5472,2557500.4318,2557308.7091,576166420.4,False,0,0,False,False,17.35,-10.526315789473683,-21.918604651162788,-22.59365994236312,False,-14.838300570703867,-3.057119871279157,1.53,-63.76,389567954.64,88.9503,,,2712153681.31,123.0274,2.2853,0,2557500.4318,576166420.4,1.0,1.5,PASS,False,0.4406779661016949,1.53,-63.76,8.2371,-6.7071,,28.2064,1.3191,2.2853,18.435555555555553,104.193015625,0.0,0.0,13.43,17.35,0,65.922107674685,,0.19736842105263158,0,0,5.0,23,-9.134762880688996,False,-10.526315789473683,,-0.02126390770000418,False,False,化学制品,-6.7071,-0.13677852846486782,32.0,28.6766323024055,1.0,0.0,28.68,Other
000831.SZ,000831,中国稀土,19980911,主板,2244666093.75,-7.436222182015573,稀有金属,未知,801054.SI,240000,51.16,314.5973,227.6279,10.9744,3.1243,5429205.6486,5429205.6486,2264818925.4,True,1,0,False,False,59.0,-8.446671438797438,-8.348262271587249,-13.28813559322034,False,-7.436222182015573,-3.057119871279157,108.81,210.57,138283418.02,99.8047,,,637024315.49,59.5228,2.8411,0,5429205.6486,2264818925.4,1.0,1.5,PASS,False,0.8983050847457628,108.81,210.57,108.81,0.0,,314.5973,10.9744,2.8411,2.8912535612535613,123.306975,0.0,10.0,51.16,59.0,0,75.94501718213058,,0.6875,0,0,5.0,5,1.7313815893577384,False,-8.446671438797438,,-0.009021458585401867,False,False,稀有金属,0.0,-0.45048602240937263,32.0,31.683505154639178,1.0,10.0,21.68,Other
000833.SZ,000833,粤桂股份,19981111,主板,1575586413.8,-4.171406901782337,综合,未知,801231.SI,510000,25.27,42.2302,35.0198,4.8775,10.6529,2026861.7725,1146505.0197,1423789164.2,True,1,0,False,False,31.72,-12.53028729664244,5.291666666666672,-20.334174022698615,False,-4.171406901782337,-3.057119871279157,85.23,70.82,215141856.55,99.7511,,,1367326991.78,-104.3314,5.3294,0,2026861.7725,1423789164.2,1.0,1.5,PASS,False,0.9322033898305084,85.23,70.82,-7.0,99.23,ESP-Q,42.2302,4.8775,5.3294,0.4954851578082835,210.72467916666668,10.0,0.0,25.27,31.72,0,58.99198167239405,,0.4864864864864865,0,0,5.0,12,-0.10527642814516192,False,-12.53028729664244,,-0.025376095535268064,False,False,综合,99.23,-0.1479839780571368,32.0,26.597594501718213,0.7,0.0,28.62,Other
000837.SZ,000837,秦川机床,19980928,主板,325117613.3,15.799086757990866,通用机械,未知,801072.SI,640000,12.68,245.2743,261.1701,2.6339,5.6736,1297348.9213,1277387.4313,556649620.4000001,True,0,0,False,False,12.94,2.6720647773279316,1.847389558232937,-2.0092735703245768,False,15.799086757990866,-3.057119871279157,-4.95,-58.6785,6525576.17,26.891,,,-58251155.70999999,-29.4463,0.4949,0,1297348.9213,556649620.4000001,1.0,1.5,PASS,False,0.7796610169491526,-4.95,-58.6785,1.3,-6.25,ESP-Q,245.2743,2.6339,0.4949,,114.34343529411765,0.0,10.0,12.68,12.94,0,86.5979381443299,CHASE,0.7209302325581395,1,1,100.0,13,7.496732358982184,True,2.6720647773279316,,0.027703044455340983,True,False,通用机械,-6.25,0.21391703137898743,50.0,85.97938144329896,0.7,10.0,50.19,Tier2
000839.SZ,000839,国安股份,19971031,主板,477631901.80000013,1.5974440894568787,综合,未知,801231.SI,510000,3.18,132.3206,142.4173,8.0262,4.0154,1246504.7799,1246504.7799,833449880.6,True,1,1,False,False,3.71,-7.558139534883712,-6.194690265486724,-14.28571428571428,False,1.5974440894568787,-3.057119871279157,46.5177,41.5622,-20020927.27,,,,-376949315.62,-679.2942,-0.2012,0,1246504.7799,833449880.6,1.0,1.5,PASS,False,0.9322033898305084,46.5177,41.5622,-7.0,60.5177,ESP-Q,132.3206,8.0262,-0.2012,2.8445215477119468,210.72467916666668,0.0,0.0,3.18,3.71,0,65.922107674685,,0.6486486486486487,0,1,55.0,12,5.663574563094054,True,-7.558139534883712,,0.02219189233070619,False,False,综合,60.5177,-0.22637351351894022,32.0,53.6766323024055,0.7,0.0,37.57,Other
000848.SZ,000848,承德露露,19971113,主板,166430820.10000002,3.823178016726403,饮料制造,未知,801123.SI,340000,8.69,14.1345,13.4282,2.3885,1.0802,886380.0643,878684.2003,94260287.80000001,False,0,0,False,False,9.15,-2.6875699888017968,3.5756853396901045,-5.027322404371592,False,3.823178016726403,-3.057119871279157,14.51,-5.07,246529420.86,99.232,,,1511396748.17,15.9628,6.8995,0,886380.0643,94260287.80000001,1.0,1.5,PASS,False,0.2711864406779661,14.51,-5.07,2.46,14.510000000000002,ESP-Q,14.1345,2.3885,6.8995,0.9741212956581667,41.77951363636364,0.0,0.0,8.69,9.15,0,69.3012600229095,,0.72,1,1,85.0,8,5.9491622686949075,True,-2.6875699888017968,,-0.0633275157545134,False,False,饮料制造,14.510000000000002,0.38199993709078744,50.0,73.29037800687286,0.7,0.0,51.3,Tier2
000858.SZ,000858,五粮液,19980427,主板,2949798053.0499997,-15.64538446333269,饮料制造,未知,801123.SI,340000,85.35,36.9986,26.2918,2.5883,0.8415,33129524.3227,33128716.7922,2912371700.2,False,0,0,False,False,102.3,-1.7497409922873408,-19.52668300961721,-16.56891495601174,False,-15.64538446333269,-3.057119871279157,81.92,-72.23,8036134136.04,99.6697,,,42789652098.42,-23.7829,6.5041,0,33129524.3227,2912371700.2,1.0,1.5,PASS,False,0.2711864406779661,81.92,-72.23,2.46,81.92,ESP-Q,36.9986,2.5883,6.5041,0.45164306640625,41.77951363636364,0.0,0.0,85.35,102.3,0,65.922107674685,,0.12,0,0,5.0,8,-13.519400211364186,False,-1.7497409922873408,,-0.06245333313738766,False,False,饮料制造,81.92,1.2704344101216665,68.0,35.8766323024055,0.7,0.0,25.11,Other
000859.SZ,000859,国风新材,19981119,主板,476189665.15,2.681231380337623,塑料,未知,801036.SI,220000,10.34,,,3.4346,17.2049,926439.4642,926386.7302,879384791.4000001,True,1,1,False,False,10.89,13.501646542261248,-13.617376775271516,-5.050505050505061,False,2.681231380337623,-3.057119871279157,14.77,-6.26,-22748719.0,,,,-225588041.51,,-0.7953,0,926439.4642,879384791.4000001,1.0,1.5,PASS,False,0.6779661016949152,14.77,-6.26,-4.92,24.61,ESP-Q,,3.4346,-0.7953,,184.85352307692307,0.0,0.0,10.34,10.89,0,70.44673539518901,,0.4117647058823529,0,1,55.0,6,-6.5203022085938755,False,13.501646542261248,OVERHEAT,0.024264428398934623,False,True,塑料,24.61,-0.06881048290186285,32.0,55.0340206185567,0.7,0.0,38.52,Other
000863.SZ,000863,三湘印象,19970925,主板,215963496.55000004,15.48387096774193,计算机设备,未知,801101.SI,710000,5.37,,,1.4567,3.0122,634035.6637,624646.8674,246630122.60000002,True,2,1,False,False,6.05,-4.448398576512458,-12.540716612377844,-11.239669421487598,False,15.48387096774193,-3.057119871279157,-145.44,-431.63,-7318197.37,,,,-125764168.17,,-0.1166,1,634035.6637,246630122.60000002,1.0,1.5,PASS,False,0.7288135593220338,-145.44,-431.63,7.12,-152.56,,,1.4567,-0.1166,,116.38087647058823,0.0,0.0,5.37,6.05,10,79.49599083619702,CHASE,0.75,1,1,100.0,8,17.36969347856444,True,-4.448398576512458,,-0.01239820281466047,True,False,计算机设备,-152.56,-0.63693007220718,22.0,78.2487972508591,1.0,10.0,68.25,Tier2
000880.SZ,000880,潍柴重机,19980402,主板,991959986.5999998,8.328055731475636,汽车零部件,未知,801093.SI,280000,34.21,66.1039,60.3722,7.3528,27.4937,1586826.8816,776658.6828,1288559747.4,False,2,2,False,False,37.13,5.326354679802958,-4.093075413512759,-7.864260705628878,False,8.328055731475636,-3.057119871279157,79.78,45.66,47418539.98,86.8553,,,593215469.22,-27.8981,2.5629,0,1586826.8816,1288559747.4,1.0,1.5,PASS,False,0.5932203389830508,79.78,45.66,-7.975999999999999,95.732,ESP-Q,66.1039,7.3528,2.5629,0.8285773376786161,74.48131470588235,0.0,0.0,34.21,37.13,0,96.56357388316151,,0.7432432432432432,1,1,85.0,23,7.189906303852522,True,5.326354679802958,,0.02437089937040172,False,False,汽车零部件,95.732,0.4345443689596066,50.0,81.46907216494844,0.7,0.0,57.03,Tier1
000883.SZ,000883,湖北能源,19980519,主板,273178065.65000004,1.8595041322313932,电力,未知,801161.SI,410000,4.93,18.2779,16.9488,0.9238,0.9345,3490138.1016,3194435.6288,359265381.00000006,False,0,0,False,False,5.21,2.708333333333335,8.830022075055165,-5.374280230326301,False,1.8595041322313932,-3.057119871279157,39.45,-33.64,442864166.9,87.5252,,,4105447121.1099997,145.3557,1.3494,0,3490138.1016,359265381.00000006,1.0,1.5,PASS,False,0.3050847457627119,39.45,-33.64,0.02,39.45,ESP-Q,18.2779,0.9238,1.3494,0.463318124207858,55.30460465116279,0.0,0.0,4.93,5.21,0,86.25429553264605,,0.6136363636363636,0,1,40.0,14,2.094156117209678,False,2.708333333333335,,-0.0020127182864098816,False,False,电力,39.45,0.5122366450616848,50.0,55.876288659793815,0.7,0.0,39.11,Other
000887.SZ,000887,中鼎股份,19981203,主板,514086027.75,3.3441208198489836,汽车零部件,未知,801093.SI,280000,19.16,15.8701,16.7171,1.7213,5.4172,2522394.3553,2518334.0849,836414395.1999999,True,0,0,False,False,19.55,4.357298474945548,-10.089160018770526,-1.994884910485939,False,3.3441208198489836,-3.057119871279157,-1.57,0.55,360970621.38,112.1084,,,3361729548.91,106.6209,2.2163,0,2522394.3553,836414395.1999999,1.0,1.5,PASS,False,0.5932203389830508,-1.57,0.55,-7.975999999999999,-0.785,,15.8701,1.7213,2.2163,,74.48131470588235,0.0,0.0,19.16,19.55,0,65.922107674685,,0.5945945945945946,0,1,55.0,23,2.2059713922258695,False,4.357298474945548,,0.0408782531616116,False,False,汽车零部件,-0.785,0.0674718103643386,50.0,57.2766323024055,1.0,0.0,57.28,Tier2
000889.SZ,000889,中嘉博创,19971218,主板,835088417.65,-13.090128755364816,通信运营,未知,801223.SI,730000,4.05,,,54.5987,13.1862,379197.902,352287.2841,563243923.8,False,5,1,False,True,5.89,-21.359223300970886,9.756097560975597,-31.23938879456706,False,-13.090128755364816,-3.057119871279157,11.02,30.58,-4463859.8,,,,-73648039.12,,-6.1375,0,379197.902,563243923.8,1.0,1.5,PASS,False,0.05084745762711865,11.02,30.58,-21.39,5.51,,,54.5987,-6.1375,,128.04296,0.0,0.0,4.05,5.89,0,65.922107674685,,0.14285714285714285,0,0,5.0,3,-10.729613733905586,False,-21.359223300970886,突破型,-0.04319790817456464,False,False,通信运营,5.51,0.4104670643401295,50.0,32.2766323024055,1.0,0.0,32.28,Other
000890.SZ,000890,法尔胜,19990119,主板,1187731992.8000002,-20.15078821110349,多元金融,未知,801191.SI,490000,11.65,,,250.01,15.2702,488722.1227,488707.0686,625491368.0,False,2,1,False,False,17.49,-4.036243822075781,93.20066334991708,-33.39050886220697,False,-20.15078821110349,-3.057119871279157,19.81,35.94,-9726502.15,,,,-127306328.76000002,,-38.0516,0,488722.1227,625491368.0,1.0,1.5,PASS,False,0.3220338983050847,19.81,35.94,17.765,2.044999999999998,,,250.01,-38.0516,,44.777813333333334,0.0,0.0,11.65,17.49,0,76.97594501718214,,0.058823529411764705,0,0,5.0,6,-13.345495205432401,False,-4.036243822075781,,0.00815442118976671,False,False,多元金融,2.044999999999998,-0.4366898360280265,32.0,31.99278350515464,1.0,0.0,31.99,Other
000892.SZ,000892,欢瑞世纪,19990115,主板,220700030.1,-36.27906976744186,综合,未知,801231.SI,510000,4.11,,,6.6732,6.2352,403182.9744,292153.7826,129657557.39999998,False,0,0,False,False,6.63,-5.949656750572075,-49.007444168734494,-38.009049773755656,False,-36.27906976744186,-3.057119871279157,-707.55,-129.25,-38062733.33,,,,-612573737.21,,-6.4424,1,403182.9744,129657557.39999998,1.0,1.5,PASS,False,0.9322033898305084,-707.55,-129.25,-7.0,-353.775,,,6.6732,-6.4424,,210.72467916666668,0.0,0.0,4.11,6.63,10,58.4192439862543,,0.02702702702702703,0,0,5.0,12,-32.21293929380469,False,-5.949656750572075,,-0.0068825924045759325,False,False,综合,-353.775,-1.0652854949361192,22.0,24.42577319587629,1.0,10.0,14.43,Other
000893.SZ,000893,亚钾国际,19981224,主板,733436617.85,-12.00522778192681,农产品加工,未知,801012.SI,110000,47.13,26.038,23.9202,3.1344,2.1707,4355053.2443,3826043.205,665148870.0000001,False,0,0,False,False,56.31,-8.039024390243899,-13.964950711938663,-16.302610548748,False,-12.00522778192681,-3.057119871279157,37.9,108.11,529404838.14,99.4173,,,4603901789.09,122.4482,3.9075,0,4355053.2443,665148870.0000001,1.0,1.5,PASS,False,0.2542372881355932,37.9,108.11,-22.09,82.08,,26.038,3.1344,3.9075,0.6870184696569921,53.185766666666666,0.0,0.0,47.13,56.31,0,54.86827033218786,,0.3333333333333333,0,0,0.0,2,-3.128578751533375,False,-8.039024390243899,TIER2_FORCED,-0.02985420212144675,False,False,农产品加工,82.08,0.5980678377816124,50.0,26.46048109965636,1.0,0.0,26.46,Tier2
000895.SZ,000895,双汇发展,19981210,主板,320194559.40000004,-10.573600552868012,食品加工,未知,801124.SI,340000,25.88,17.5656,17.0494,4.509,0.2795,8966543.2192,8965374.1006,242630695.79999995,False,0,0,False,False,29.61,-2.633559066967639,-2.006815600151457,-12.597095575818983,False,-10.573600552868012,-3.057119871279157,20.24,,1275519840.97,98.7419,,,7305377700.52,58.3962,5.869,0,8966543.2192,242630695.79999995,1.0,1.5,PASS,False,0.288135593220339,20.24,,8.68,20.24,ESP-Q,17.5656,4.509,5.869,0.8678656126482214,51.683299999999996,10.0,0.0,25.88,29.61,0,65.922107674685,,0.35294117647058826,0,0,5.0,6,-14.091005327790562,False,-2.633559066967639,,-0.011931054066942065,False,False,食品加工,20.24,0.1303022480627297,50.0,32.2766323024055,0.7,0.0,32.59,Other
000901.SZ,000901,航天科技,19990401,主板,801723957.1999999,-10.182435299109027,汽车零部件,未知,801093.SI,280000,21.17,240.5451,190.0256,3.9783,2.5942,1689792.3765,1689775.3876,449371895.79999995,False,1,0,False,False,25.09,-3.990929705215418,-18.388589051657668,-15.623754483858098,False,-10.182435299109027,-3.057119871279157,364.48,-1268.43,15050600.06,100.1421,,,-46865858.0,-418.2698,0.3526,0,1689792.3765,449371895.79999995,1.0,1.5,PASS,False,0.5932203389830508,364.48,-1268.43,-7.975999999999999,380.432,ESP-Q,240.5451,3.9783,0.3526,0.6599678994732221,74.48131470588235,0.0,0.0,21.17,25.09,0,62.77205040091638,,0.13513513513513514,0,0,5.0,23,-11.320584726732141,False,-3.990929705215418,,-0.025688635116390347,False,False,汽车零部件,380.432,1.5173127665690724,68.0,34.93161512027491,0.7,0.0,24.45,Other
000902.SZ,000902,新洋丰,19990408,主板,245011418.10000005,-5.788423153692612,服装家纺,未知,801132.SI,350000,14.16,11.0197,11.1302,1.4446,0.9189,1776703.3808,1618181.0225,176065627.4,False,0,0,False,False,16.05,-5.2208835341365445,-15.006002400960384,-11.775700934579447,False,-5.788423153692612,-3.057119871279157,-4.02,23.79,479309992.79,96.1448,,,4252900443.59,103.0574,4.1122,0,1776703.3808,176065627.4,1.0,1.5,PASS,False,0.11864406779661017,-4.02,23.79,17.065,-21.085,,11.0197,1.4446,4.1122,,85.02447272727274,10.0,0.0,14.16,16.05,0,65.922107674685,,0.375,0,0,5.0,5,-7.886585302564708,False,-5.2208835341365445,,-0.02176194183952882,False,False,服装家纺,-21.085,-0.6950164879034788,22.0,26.6766323024055,1.0,0.0,36.68,Other
000906.SZ,000906,浙商中拓,19990707,主板,154923542.4,8.041958041958042,综合,未知,801231.SI,510000,6.18,19.692,20.1838,0.8858,1.7598,438571.8446,433366.1742,87659899.4,False,1,0,False,False,6.95,-6.7873303167420795,0.815660685154973,-11.079136690647484,False,8.041958041958042,-3.057119871279157,395.5,-54.0276,174679187.97,93.4113,,,-184683751.61,-2976.2102,2.5408,0,438571.8446,87659899.4,1.0,1.5,PASS,False,0.9322033898305084,395.5,-54.0276,-7.0,409.5,ESP-Q,19.692,0.8858,2.5408,0.049790139064475346,210.72467916666668,10.0,0.0,6.18,6.95,0,74.45589919816724,,0.7837837837837838,1,1,75.0,12,12.108088515595217,True,-6.7873303167420795,,-0.06776587698594225,False,False,综合,409.5,0.4802897532306899,50.0,69.83676975945018,0.7,0.0,58.89,Tier1
000917.SZ,000917,电广传媒,19990325,主板,340008084.24999994,-19.41649899396378,文化传媒,未知,801761.SI,720000,8.01,82.4712,270.2441,1.1033,2.2353,1135462.6267,1135384.9498,233393994.0,False,0,0,False,False,10.16,-2.9090909090909167,-30.529054640069386,-21.16141732283465,False,-19.41649899396378,-3.057119871279157,-6539.19,95.22,-91698660.28,,,,208733015.51,,-0.8965,0,1135462.6267,233393994.0,1.0,1.5,PASS,False,0.864406779661017,-6539.19,95.22,-15.175,-3269.595,,82.4712,1.1033,-0.8965,,118.69075000000001,0.0,0.0,8.01,10.16,0,65.922107674685,,0.0625,0,0,5.0,5,-18.214043274536778,False,-2.9090909090909167,,-0.04149686973516328,False,False,文化传媒,-1510.412,-1.8750861946790631,12.0,24.6766323024055,1.0,0.0,24.68,Other
000919.SZ,000919,金陵药业,19991118,主板,193161934.04999998,-16.666666666666664,医疗服务,未知,801156.SI,370000,6.5,74.9798,68.5918,1.0622,2.3977,404250.9432,404148.3732,89549416.80000001,False,0,0,False,False,8.23,-4.411764705882348,-12.634408602150538,-21.02065613608749,False,-16.666666666666664,-3.057119871279157,-5.76,-28.45,19261963.84,68.785,,,146421307.46,-2.9877,0.7385,0,404250.9432,89549416.80000001,1.0,1.5,PASS,False,0.711864406779661,-5.76,-28.45,17.45,-23.21,ESP-Q,74.9798,1.0622,0.7385,,76.5296625,0.0,0.0,6.5,8.23,0,80.52691867124857,,0.18181818181818182,0,0,5.0,4,-11.494252873563228,False,-4.411764705882348,,-0.036358020369308866,False,False,医疗服务,-23.21,-0.5540672145260227,22.0,31.05807560137457,0.7,0.0,21.74,Other
000921.SZ,000921,海信家电,19990713,主板,233690581.79999998,7.123893805309733,白色家电,未知,801111.SI,330000,24.21,10.5215,10.8367,1.8123,0.7964,3352748.895,2222801.1139,244177957.79999998,True,0,0,False,False,25.03,-1.022076860179888,1.5094339622641506,-3.276068717538949,False,7.123893805309733,-3.057119871279157,-16.6,-6.18,840481526.78,81.2297,,,7430020857.9,50.9462,5.7533,0,3352748.895,244177957.79999998,1.0,1.5,PASS,False,0.23728813559322035,-16.6,-6.18,-17.555,-8.3,,10.5215,1.8123,5.7533,,53.917895,10.0,0.0,24.21,25.03,0,65.922107674685,,0.7083333333333334,1,1,100.0,8,4.951984703765044,False,-1.022076860179888,,-0.003892488904403992,False,False,白色家电,-8.3,-0.17984505273080614,32.0,76.1766323024055,1.0,0.0,86.18,Tier2
000922.SZ,000922,佳电股份,19990618,主板,285664245.04999995,-5.599425699928206,电机,未知,801731.SI,630000,13.15,43.1642,39.2472,2.3767,4.6676,1096686.572,926981.9019,314020542.40000004,True,1,1,False,False,17.46,-16.560913705583758,-13.429888084265961,-24.68499427262314,False,-5.599425699928206,-3.057119871279157,77.54,-1.74,72634338.4,90.289,,,579277968.06,-420.9785,1.7301,0,1096686.572,314020542.40000004,1.0,1.5,PASS,False,0.9661016949152542,77.54,-1.74,-5.324999999999999,88.19000000000001,ESP-Q,43.1642,2.3767,1.7301,0.5566701057518699,176.7947,10.0,0.0,13.15,17.46,0,86.25429553264605,,0.1,0,0,5.0,4,-11.59795944494082,False,-16.560913705583758,,0.0009704778875140612,False,False,电机,88.19000000000001,-0.16414357738634094,32.0,34.77628865979381,0.7,0.0,34.34,Other
000928.SZ,000928,中钢国际,19990312,主板,195121727.75000003,-10.689170182841078,专业工程,未知,801724.SI,620000,6.35,18.7741,20.7881,1.0599,1.2958,910999.3343,910988.1901,116376147.39999999,False,0,0,False,False,7.17,-2.457757296466978,-4.511278195488733,-11.436541143654122,False,-10.689170182841078,-3.057119871279157,-20.63,-34.45,183418256.91,99.3793,,,1645322311.97,-114.8336,2.1793,0,910999.3343,116376147.39999999,1.0,1.5,PASS,False,0.5254237288135594,-20.63,-34.45,-11.64,-10.315,ESP-Q,18.7741,1.0599,2.1793,,85.53638666666667,10.0,0.0,6.35,7.17,0,65.922107674685,,0.4,0,0,5.0,5,-2.1482449159371573,False,-2.457757296466978,,-0.01465696135203017,False,False,专业工程,-10.315,-0.40297247681268933,32.0,28.6766323024055,0.7,0.0,30.07,Other
000935.SZ,000935,四川双马,19990824,主板,278379308.0,11.957295373665477,多元金融,未知,801191.SI,490000,31.46,80.5221,99.8565,3.0669,1.2362,2401783.2876,2401783.2876,290095190.79999995,False,0,0,False,False,34.13,-3.8802322028719693,9.160305343511443,-7.823029592733666,False,11.957295373665477,-3.057119871279157,-49.33,464.24,57781598.86,98.2746,,,887237505.8499999,-20.8042,0.7536,0,2401783.2876,290095190.79999995,1.0,1.5,PASS,False,0.3220338983050847,-49.33,464.24,17.765,-67.095,ESP-Q,80.5221,3.0669,0.7536,,44.777813333333334,0.0,0.0,31.46,34.13,0,65.922107674685,,0.8823529411764706,1,1,75.0,6,18.762588379336563,True,-3.8802322028719693,,0.02539538744522486,False,False,多元金融,-67.095,-0.9938783633357716,22.0,61.6766323024055,0.7,0.0,43.17,Other
000936.SZ,000936,华西股份,19990810,主板,360513933.09999996,-14.878048780487795,纺织制造,未知,801131.SI,350000,6.98,82.4725,247.5895,1.2114,4.0416,618436.9951,618349.3612,255575697.60000002,False,1,1,False,False,8.52,-11.082802547770687,-13.291925465838517,-18.075117370892013,False,-14.878048780487795,-3.057119871279157,-88.72,-182.01,6361630.22,99.4798,,,274126558.74,,0.1253,0,618436.9951,255575697.60000002,1.0,1.5,PASS,False,0.4915254237288136,-88.72,-182.01,2.285,-91.005,,82.4725,1.2114,0.1253,,73.3666625,0.0,0.0,6.98,8.52,0,65.922107674685,,0.3333333333333333,0,0,5.0,3,-1.233980983877613,False,-11.082802547770687,,-0.019829857077190264,False,False,纺织制造,-91.005,-0.3877513015630226,32.0,28.6766323024055,1.0,0.0,28.68,Other
000938.SZ,000938,紫光股份,19991104,主板,7152978623.95,5.939876856211512,计算机应用,未知,801222.SI,710000,29.25,49.6329,39.3703,5.3878,8.9493,8365733.6315,8365712.5715,6570306868.0,False,0,0,False,False,34.49,-8.33594484487622,14.705882352941169,-15.192809510002903,False,5.939876856211512,-3.057119871279157,51.64,12.26,620485059.24,78.7509,,,4833017920.32,-293.3291,5.2052,0,8365733.6315,6570306868.0,1.0,1.5,PASS,False,0.7627118644067796,51.64,12.26,-4.9399999999999995,61.519999999999996,ESP-Q,49.6329,5.3878,5.2052,0.9611328427575523,143.4918742857143,0.0,0.0,29.25,34.49,0,85.10882016036655,,0.8461538461538461,1,1,75.0,16,9.92259905361138,True,-8.33594484487622,,-0.016723987581681934,False,False,计算机应用,61.519999999999996,0.23379760782398246,50.0,73.03264604810997,0.7,0.0,51.12,Tier2
000949.SZ,000949,新乡化纤,19991021,主板,530640725.6999999,-9.238451935081148,化学纤维,未知,801032.SI,220000,7.27,60.8359,42.0663,1.7691,3.1449,1204566.2433,1204235.459,475866568.8,False,0,0,False,False,8.91,-12.19806763285024,6.7547723935389214,-18.406285072951746,False,-9.238451935081148,-3.057119871279157,479.88,-43.83,100587134.4,86.715,,,361700660.08000004,298.691,1.7183,0,1204566.2433,475866568.8,1.0,1.5,PASS,False,0.6610169491525424,479.88,-43.83,33.59,479.88,ESP-Q,60.8359,1.7691,1.7183,0.12677315162123864,122.71699000000001,0.0,0.0,7.27,8.91,0,54.63917525773196,,0.5,0,0,5.0,4,-1.1458818641480022,False,-12.19806763285024,,-0.010749084559564671,False,False,化学纤维,479.88,0.957635711569535,50.0,28.891752577319586,0.7,0.0,20.22,Other
000951.SZ,000951,中国重汽,19991125,主板,396392922.5500001,-14.332784184514002,白色家电,未知,801111.SI,330000,20.8,14.5966,13.433,1.4689,0.8121,2431509.4981,2431509.4981,261760044.79999998,False,0,0,False,False,24.96,-6.474820143884886,0.9708737864077666,-16.666666666666664,False,-14.332784184514002,-3.057119871279157,49.42,17.43,435872507.29,95.8663,,,3605686394.92,-53.1204,2.7731,0,2431509.4981,261760044.79999998,1.0,1.5,PASS,False,0.23728813559322035,49.42,17.43,-17.555,84.53,ESP-Q,14.5966,1.4689,2.7731,0.2953581545932821,53.917895,0.0,0.0,20.8,24.96,0,69.3012600229095,,0.16666666666666666,0,0,5.0,8,-16.504693286058693,False,-6.474820143884886,,-0.019378203864325077,False,False,白色家电,84.53,0.1924151332504709,50.0,33.29037800687285,0.7,0.0,23.3,Other
000958.SZ,000958,电投产融,19991223,主板,250075554.04999998,-0.16420361247947435,多元金融,未知,801191.SI,490000,6.08,32.0752,25.4763,2.3302,0.8153,10562862.266,3273118.4602,256792342.59999993,False,0,0,False,False,6.35,1.6722408026755842,-5.148205928237126,-4.2519685039369985,False,-0.16420361247947435,-3.057119871279157,318.72,-8.07,1109062669.57,99.2623,,,2916310445.8900003,58.4502,2.4962,0,10562862.266,256792342.59999993,1.0,1.5,PASS,False,0.3220338983050847,318.72,-8.07,17.765,318.72,ESP-Q,32.0752,2.3302,2.4962,0.10063755020080321,44.777813333333334,0.0,0.0,6.08,6.35,0,86.25429553264605,,0.7647058823529411,1,1,75.0,6,6.6410893931916135,True,1.6722408026755842,,0.013581286231613155,False,False,多元金融,318.72,2.1153448310992546,82.0,79.77628865979382,0.7,0.0,55.84,Tier1
000962.SZ,000962,东方钽业,20000120,主板,1204889187.05,9.628051142967852,金属非金属新材料,未知,801051.SI,240000,56.59,115.579,116.552,7.4549,6.1677,2984897.0794,2838930.4179,1609251776.2,True,1,1,False,False,60.54,10.441061670569862,18.68708053691277,-6.524611826891302,False,9.628051142967852,-3.057119871279157,-1.52,20.52,53178735.63,97.8514,,,618185046.3199999,-402.4787,1.6047,0,2984897.0794,1609251776.2,1.0,1.5,PASS,False,0.8305084745762712,-1.52,20.52,22.085,-23.605,ESP-Q,115.579,7.4549,1.6047,,108.89996666666667,0.0,0.0,56.59,60.54,0,94.15807560137456,,0.8125,1,1,100.0,5,11.49476611865589,True,10.441061670569862,OVERHEAT,0.023608226031552226,False,True,金属非金属新材料,-23.605,-0.4204192332568381,32.0,84.64742268041238,0.7,0.0,59.25,Tier2
000968.SZ,000968,蓝焰控股,20000622,主板,395235332.6500001,-11.386696730552416,煤炭开采,未知,801021.SI,210000,7.86,22.7051,25.5231,1.1893,4.1498,760457.0908,760457.0908,344093799.20000005,False,0,0,False,False,9.49,-4.611650485436892,-0.12706480304954804,-17.175974710221286,False,-11.386696730552416,-3.057119871279157,-21.87,-26.38,143509404.46,97.2015,,,924975080.4,146.724,2.3361,0,760457.0908,344093799.20000005,1.0,1.5,PASS,False,0.1694915254237288,-21.87,-26.38,-3.7,-10.935,,22.7051,1.1893,2.3361,,32.17243333333333,0.0,0.0,7.86,9.49,0,65.922107674685,,0.18181818181818182,0,0,5.0,7,-7.881309196126763,False,-4.611650485436892,,-0.021428489017485612,False,False,煤炭开采,-10.935,-0.38628364595450565,32.0,28.6766323024055,1.0,0.0,28.68,Other
000969.SZ,000969,安泰科技,20000529,主板,646846928.45,0.18075011296883048,金属非金属新材料,未知,801051.SI,240000,22.17,63.83,61.0413,3.9582,7.0336,2329001.5031,2308672.664,751047527.0,True,0,0,False,False,23.3,2.781641168289295,-6.059322033898306,-4.8497854077253155,False,0.18075011296883048,-3.057119871279157,23.07,38.16,95410897.22,96.1658,,,841710306.31,-327.5468,1.7013,0,2329001.5031,751047527.0,1.0,1.5,PASS,False,0.8305084745762712,23.07,38.16,22.085,0.9849999999999994,ESP-Q,63.83,3.9582,1.7013,2.76679670567837,108.89996666666667,0.0,0.0,22.17,23.3,0,65.922107674685,,0.625,0,1,55.0,5,2.0474650886568693,False,2.781641168289295,,0.0004565356929744994,False,False,金属非金属新材料,0.9849999999999994,-0.38476053734129234,32.0,53.6766323024055,0.7,0.0,37.57,Other
000970.SZ,000970,中科三环,20000420,主板,275642172.9,-5.681818181818188,其他电子,未知,801082.SI,270000,11.62,154.6972,149.9265,2.1617,1.9634,1412673.3482,1412673.3482,268709878.2,False,0,0,False,False,12.79,-4.519309778142977,-18.05359661495064,-9.147771696637996,False,-5.681818181818188,-3.057119871279157,17.19,451.03,8272010.98,50.452,,,164100643.05,-15.4078,0.2512,0,1412673.3482,268709878.2,1.0,1.5,PASS,False,0.8135593220338984,17.19,451.03,16.535,0.6550000000000011,ESP-Q,154.6972,2.1617,0.2512,8.999255381035486,108.22777500000001,0.0,0.0,11.62,12.79,0,86.25429553264605,,0.3333333333333333,0,0,5.0,6,-3.7938152948011394,False,-4.519309778142977,,-0.02811854182659753,False,False,其他电子,0.6550000000000011,-0.5454013439311344,22.0,32.77628865979381,0.7,0.0,22.94,Other
000973.SZ,000973,佛塑科技,20000525,主板,1486951022.45,-13.111986494091166,塑料,未知,801036.SI,220000,15.44,351.3566,58.8813,4.1477,10.2737,3795517.5667,1493701.376,1213244511.2,False,2,0,False,False,22.25,-9.015910430170882,11.239193083573484,-30.606741573033712,False,-13.111986494091166,-3.057119871279157,466.75,1.02,98241526.24,17.6537,,,319817332.14,-284.9891,9.2228,0,3795517.5667,1213244511.2,1.0,1.5,PASS,False,0.6779661016949152,466.75,1.02,-4.92,476.59000000000003,ESP-Q,351.3566,4.1477,9.2228,0.7527725763256562,184.85352307692307,0.0,0.0,15.44,22.25,0,65.922107674685,,0.23529411764705882,0,0,5.0,6,-22.313520083022667,False,-9.015910430170882,,-0.0445006423313632,False,False,塑料,476.59000000000003,3.1936704503703877,95.58101135111116,41.392834572627734,0.7,0.0,28.97,Other
000975.SZ,000975,山金国际,20000608,主板,1121084849.95,-22.972972972972972,综合,未知,801231.SI,510000,23.37,21.837,17.6738,4.3532,1.9245,6489199.9333,5906608.9252,1223316355.6,False,0,0,False,False,30.52,-6.855320844958146,-20.860142228242463,-23.427260812581906,False,-22.972972972972972,-3.057119871279157,106.13,37.02,1450557506.08,104.0696,,,8525991160.86,121.871,8.9473,0,6489199.9333,1223316355.6,1.0,1.5,PASS,False,0.9322033898305084,106.13,37.02,-7.0,120.13,,21.837,4.3532,8.9473,0.20575709036087816,210.72467916666668,10.0,0.0,23.37,30.52,0,62.77205040091638,,0.05405405405405406,0,0,5.0,12,-18.906842499335795,False,-6.855320844958146,,-0.008541592765776354,False,False,综合,120.13,-0.10566302861337631,32.0,27.73161512027491,1.0,0.0,37.73,Other
000977.SZ,000977,浪潮信息,20000608,主板,6345632206.8,-7.089813647190701,计算机设备,未知,801101.SI,710000,66.31,40.3564,38.1103,4.3776,6.0382,9737468.6993,9726561.6923,5255993868.200001,False,0,0,False,False,79.49,-5.554764278592783,1.5000765345170697,-16.580701975091195,False,-7.089813647190701,-3.057119871279157,38.22,11.1,590262897.06,97.5846,,,4677049916.5,-1164.2503,2.7455,1,9737468.6993,5255993868.200001,1.0,1.5,PASS,False,0.7288135593220338,38.22,11.1,7.12,38.22,ESP-Q,40.3564,4.3776,2.7455,1.055897435897436,116.38087647058823,0.0,0.0,66.31,79.49,10,65.922107674685,,0.3333333333333333,0,0,5.0,8,-5.203991136368192,False,-5.554764278592783,,-0.02645899585115,False,False,计算机设备,38.22,-0.21530064823774195,32.0,28.6766323024055,0.7,10.0,10.07,Other
000980.SZ,000980,众泰汽车,20000616,主板,618401484.8,2.521008403361358,汽车零部件,未知,801093.SI,280000,2.44,,,376.2662,3.9328,1230381.6483,1230370.2301,436799799.79999995,False,3,0,False,False,2.9,-8.614232209737827,-19.471947194719462,-15.86206896551724,False,2.521008403361358,-3.057119871279157,18.35,74.58,-72750417.76,,,,-728308585.66,,-111.3997,0,1230381.6483,436799799.79999995,1.0,1.5,PASS,False,0.5932203389830508,18.35,74.58,-7.975999999999999,34.302,,,376.2662,-111.3997,,74.48131470588235,0.0,0.0,2.44,2.9,0,91.86712485681558,,0.5540540540540541,0,1,40.0,23,1.3828589757382437,False,-8.614232209737827,,-0.04341483214964842,False,False,汽车零部件,34.302,0.20091436311082023,50.0,57.560137457044675,1.0,0.0,57.56,Tier1
000983.SZ,000983,山西焦煤,20000726,主板,488533116.84999996,-0.4665629860031051,煤炭开采,未知,801021.SI,210000,6.4,30.2583,27.3675,0.9816,1.2118,3633344.6778,3633322.3898,375986190.59999996,True,0,0,False,False,7.33,-3.759398496240607,-8.309455587392556,-12.68758526603001,False,-0.4665629860031051,-3.057119871279157,-10.88,-56.92,646284123.11,79.9975,,,4424213248.95,41.6109,2.2157,0,3633344.6778,375986190.59999996,1.0,1.5,PASS,False,0.1694915254237288,-10.88,-56.92,-3.7,-5.44,ESP-Q,30.2583,0.9816,2.2157,,32.17243333333333,0.0,0.0,6.4,7.33,0,65.922107674685,,0.7727272727272727,1,0,55.0,7,3.0388245484225473,False,-3.759398496240607,,-0.01780461623325535,False,False,煤炭开采,-5.44,-0.2923349665290553,32.0,53.6766323024055,0.7,0.0,37.57,Other
000987.SZ,000987,越秀资本,20000718,主板,413450304.35,-9.03083700440529,多元金融,未知,801191.SI,490000,8.26,11.7753,9.9627,1.2447,0.9861,4144151.4136,4141022.671,296596727.0,False,0,0,False,False,9.31,-1.1961722488038284,-11.373390557939922,-11.27819548872181,False,-9.03083700440529,-3.057119871279157,62.62,24.19,1064961432.22,82.1199,,,5897040822.32,241.9439,3.8297,0,4144151.4136,296596727.0,1.0,1.5,PASS,False,0.3220338983050847,62.62,24.19,17.765,62.62,ESP-Q,11.7753,1.2447,3.8297,0.18804375598850206,44.777813333333334,10.0,0.0,8.26,9.31,0,65.922107674685,,0.4117647058823529,0,0,5.0,6,-2.225543998734203,False,-1.1961722488038284,,-0.018232939940567797,False,False,多元金融,62.62,0.051474685835824624,50.0,32.2766323024055,0.7,0.0,32.59,Other
000988.SZ,000988,华工科技,20000608,主板,13105052801.199999,32.40454076367389,计算机设备,未知,801101.SI,710000,153.96,105.2541,91.0978,13.2456,12.0581,15480719.677,15472759.1752,16911889735.599998,True,1,1,False,False,170.88,14.912673533363208,105.4717736554117,-9.901685393258418,False,32.40454076367389,-3.057119871279157,20.51,32.32,372744442.79,58.3816,,,3393704635.47,-146.9649,5.6142,0,15480719.677,16911889735.599998,1.0,1.5,PASS,False,0.7288135593220338,20.51,32.32,7.12,20.51,ESP-Q,105.2541,13.2456,5.6142,5.1318430034129685,116.38087647058823,0.0,0.0,153.96,170.88,0,97.82359679266895,CHASE,0.9166666666666666,1,1,100.0,8,34.2903632744964,True,14.912673533363208,OVERHEAT,-0.01068734202220065,True,True,计算机设备,20.51,-0.25444027030765887,32.0,85.74707903780069,0.7,0.0,60.02,Tier2
000989.SZ,000989,九芝堂,20000628,主板,168232945.25000006,-10.56563500533616,中药,未知,801155.SI,370000,8.38,32.2224,26.4673,1.9858,1.5896,717279.4061,581700.845,83004394.99999999,False,0,0,False,False,10.1,-4.664391353811126,-6.785317018909898,-17.029702970297024,False,-10.56563500533616,-3.057119871279157,36.11,4.06,155427832.74,94.2259,,,612876660.19,47.8064,4.3479,1,717279.4061,83004394.99999999,1.0,1.5,PASS,False,0.13559322033898305,36.11,4.06,7.69,36.11,ESP-Q,32.2224,1.9858,4.3479,0.8923400720022154,165.87102631578946,0.0,0.0,8.38,10.1,10,65.922107674685,,0.23809523809523808,0,0,5.0,7,-3.8751632894932664,False,-4.664391353811126,,-0.043662143211685156,False,False,中药,36.11,0.48403408041153584,50.0,32.2766323024055,0.7,10.0,12.59,Other
000990.SZ,000990,诚志股份,20000706,主板,839444770.1999999,-6.912442396313367,医疗服务,未知,801156.SI,370000,10.1,,173.4977,0.6839,3.3767,1227389.9104,1227389.0014,403823523.79999995,False,1,0,False,False,13.42,-9.82142857142857,17.578579743888234,-24.73919523099851,False,-6.912442396313367,-3.057119871279157,227.51,-92.5,234475956.89,100.7098,,,394665780.89,121.9364,1.3064,0,1227389.9104,403823523.79999995,1.0,1.5,PASS,False,0.711864406779661,227.51,-92.5,17.45,227.51,ESP-Q,,0.6839,1.3064,,76.5296625,0.0,0.0,10.1,13.42,0,85.10882016036655,,0.45454545454545453,0,0,5.0,4,-1.7400286032099315,False,-9.82142857142857,,-0.031797552757760285,False,False,医疗服务,227.51,0.513201777683292,50.0,38.03264604810997,0.7,0.0,26.62,Other
000995.SZ,000995,皇台酒业,20000807,主板,244938761.25000003,4.049168474331166,饮料制造,未知,801123.SI,340000,14.39,180.7852,435.5122,15.4442,15.3187,255290.112,255290.112,390499927.8,True,0,0,False,False,15.5,-1.031636863823926,-8.168474792597314,-7.161290322580638,False,4.049168474331166,-3.057119871279157,-261.59,31.51,-4942568.5,,,,-4531584.140000001,,-2.8804,0,255290.112,390499927.8,1.0,1.5,PASS,False,0.2711864406779661,-261.59,31.51,2.46,-264.04999999999995,,180.7852,15.4442,-2.8804,,41.77951363636364,0.0,0.0,14.39,15.5,0,18.098510882016036,CAT-0,0.76,1,1,100.0,8,6.175152726299671,True,-1.031636863823926,,0.003984610189302711,False,False,饮料制造,-264.04999999999995,-3.289299674353829,5.0,56.42955326460481,0.5,0.0,28.21,Other
000997.SZ,000997,新大陆,20000807,主板,611153954.85,6.821411653244924,计算机设备,未知,801101.SI,710000,22.55,22.5983,23.2881,3.0308,3.6579,2284535.7983,2271775.8042,824634761.4000001,True,0,0,False,False,23.77,0.44543429844099425,-14.160639512752182,-5.132519983172057,False,6.821411653244924,-3.057119871279157,-14.88,6.19,287199819.28,102.1618,,,2872432403.0299997,-169.0416,3.798,0,2284535.7983,824634761.4000001,1.0,1.5,PASS,False,0.7288135593220338,-14.88,6.19,7.12,-22.0,ESP-Q,22.5983,3.0308,3.798,,116.38087647058823,10.0,0.0,22.55,23.77,0,65.922107674685,,0.6666666666666666,0,1,55.0,8,8.707234164067435,True,0.44543429844099425,,0.005849195446255619,False,False,计算机设备,-22.0,-0.3483886234523324,32.0,53.6766323024055,0.7,0.0,47.57,Other
000999.SZ,000999,华润三九,20000309,主板,282795338.8000001,-10.298398835516743,中药,未知,801155.SI,370000,24.65,11.9915,12.7133,1.7648,0.3655,4102297.02,4098540.7174,172187111.20000002,False,0,0,False,False,27.69,-1.1231448054552784,-14.201183431952668,-10.978692668833522,False,-10.298398835516743,-3.057119871279157,-13.96,0.52,1048139344.64,97.4236,,,8066333174.46,66.0492,4.7376,0,4102297.02,172187111.20000002,1.0,1.5,PASS,False,0.13559322033898305,-13.96,0.52,7.69,-21.650000000000002,,11.9915,1.7648,4.7376,,165.87102631578946,10.0,0.0,24.65,27.69,0,65.922107674685,,0.2857142857142857,0,0,5.0,7,-3.6079271196738487,False,-1.1231448054552784,,-0.03525955196411346,False,False,中药,-21.650000000000002,0.09174891962523594,50.0,32.2766323024055,1.0,0.0,42.28,Other
600008.SH,600008,首创环保,20000427,主板,242510225.74999997,-0.326797385620925,水务,未知,801164.SI,410000,3.05,12.6356,12.421,1.0576,1.1729,2238880.1565,2238880.1565,274669106.0,True,0,0,False,False,3.16,-0.9740259740259827,0.9933774834437026,-3.4810126582278555,False,-0.326797385620925,-3.057119871279157,8.61,2.68,409721894.04,95.3585,,,4260986117.86,51.2968,1.3881,0,2238880.1565,274669106.0,1.0,1.5,PASS,False,0.01694915254237288,8.61,2.68,3.89,8.61,ESP-Q,12.6356,1.0576,1.3881,1.4675493612078978,10.689833333333334,0.0,0.0,3.05,3.16,0,65.922107674685,,0.5,0,1,50.0,2,-4.476778974500601,False,-0.9740259740259827,,0.007659725272356788,False,False,水务,8.61,-0.36894347448350534,32.0,51.1766323024055,0.7,0.0,35.82,Other
600011.SH,600011,华能国际,20011206,主板,1163489205.6499999,4.2735042735042805,电力,未知,801161.SI,410000,7.32,7.9746,8.2546,1.6402,1.3031,11491004.3388,8050323.6607,1262112108.4,True,0,0,False,False,7.9,-2.7888446215139417,5.021520803443336,-7.3417721518987396,False,4.2735042735042805,-3.057119871279157,-12.04,28.13,4220765364.0,94.1312,,,40548515900.0,162.4617,3.2377,0,11491004.3388,1262112108.4,1.0,1.5,PASS,False,0.3050847457627119,-12.04,28.13,0.02,-12.059999999999999,,7.9746,1.6402,3.2377,,55.30460465116279,10.0,0.0,7.32,7.9,0,86.25429553264605,,0.7045454545454546,1,1,100.0,14,4.508156258482565,False,-2.7888446215139417,,-0.0015948345381550013,False,False,电力,-12.059999999999999,-0.19453804688462453,32.0,82.2762886597938,1.0,0.0,92.28,Tier2
600021.SH,600021,上海电力,20031029,主板,1110642274.7,-0.4437049362174261,电力,未知,801161.SI,410000,17.95,18.2993,20.212,2.4342,3.9549,5064116.7263,5064116.7263,1844747479.8000002,True,1,1,False,False,19.68,5.962219598583229,-10.962301587301592,-8.790650406504064,False,-0.4437049362174261,-3.057119871279157,-36.57,36.93,512212317.74,90.3246,,,5990977277.78,230.6085,1.6539,0,5064116.7263,1844747479.8000002,1.0,1.5,PASS,False,0.3050847457627119,-36.57,36.93,0.02,-36.59,,18.2993,2.4342,1.6539,,55.30460465116279,0.0,0.0,17.95,19.68,0,86.25429553264605,,0.4772727272727273,0,0,5.0,14,-0.20905295123914147,False,5.962219598583229,,0.015042649712917067,False,False,电力,-36.59,-0.5311170255963886,22.0,32.77628865979381,1.0,0.0,32.78,Other
600026.SH,600026,中远海能,20020523,主板,1544191600.3500001,1.0272443054935243,航运,未知,801176.SI,420000,22.62,30.6202,22.465,2.564,2.1234,12362329.5378,8645360.8717,1322190756.6,False,0,0,False,False,23.85,3.429355281207136,33.45132743362833,-5.157232704402515,False,1.0272443054935243,-3.057119871279157,189.42,-15.99,2049732271.52,94.3137,,,9649268302.9,127.4768,4.5938,0,12362329.5378,1322190756.6,1.0,1.5,PASS,False,0.1016949152542373,189.42,-15.99,11.495000000000001,189.42,ESP-Q,30.6202,2.564,4.5938,0.1616524126280224,29.364757142857144,0.0,0.0,22.62,23.85,0,75.37227949599084,,0.8571428571428571,1,1,85.0,3,5.4228487010979265,True,3.429355281207136,,-0.003191309550522042,False,False,航运,189.42,2.139164019774442,82.0,81.51168384879725,0.7,0.0,57.06,Tier1
600028.SH,600028,中国石化,20010808,主板,1577489263.6000001,-8.545454545454545,石油化工,未知,801035.SI,220000,5.03,19.1221,17.1094,0.7301,0.2666,60825533.6537,47660495.1136,1101091474.6,False,0,0,False,False,5.54,-1.9493177387914118,-21.03610675039246,-9.205776173285196,False,-8.545454545454545,-3.057119871279157,29.2,-38.6,17087000000.0,100.4763,,,98383000000.0,-22.6137,2.0447,0,60825533.6537,1101091474.6,1.0,1.5,PASS,False,0.2033898305084746,29.2,-38.6,13.370000000000001,29.2,ESP-Q,19.1221,0.7301,2.0447,0.6548664383561644,39.986374999999995,0.0,0.0,5.03,5.54,0,65.922107674685,,0.3333333333333333,0,0,0.0,2,-4.750131847847588,False,-1.9493177387914118,TIER2_FORCED,0.004823341202797408,False,False,石油化工,29.2,-0.2827985272675375,32.0,26.1766323024055,0.7,0.0,18.32,Tier2
600030.SH,600030,中信证券,20030106,主板,3970221760.4,-0.3041825095057127,证券,未知,801193.SI,490000,26.22,12.9204,11.5149,1.333,1.8871,38859473.7856,31926916.6538,3464345979.2000003,True,0,0,False,False,27.84,-0.49335863377609757,-5.068790731354101,-5.818965517241381,False,-0.3041825095057127,-3.057119871279157,56.97,40.5,10202684596.22,99.8684,,,77076952657.20999,568.5353,3.1218,0,38859473.7856,3464345979.2000003,1.0,1.5,PASS,False,0.03389830508474576,56.97,40.5,31.015,56.97,ESP-Q,12.9204,1.333,3.1218,0.22679304897314378,30.001145454545455,10.0,0.0,26.22,27.84,0,65.922107674685,,0.7272727272727273,1,1,100.0,14,1.5796251160802466,False,-0.49335863377609757,,0.005871087900163031,False,False,证券,56.97,0.640192420262496,50.0,79.7766323024055,0.7,0.0,65.84,Tier1
600037.SH,600037,歌华有线,20010208,主板,162774669.85000002,-0.7832898172323799,文化传媒,未知,801761.SI,720000,7.6,308.2644,156.6117,0.828,1.7337,1057751.1918,1057751.1918,181239182.8,False,0,0,False,False,8.29,-2.813299232736577,-5.118601747815232,-8.323281061519893,False,-0.7832898172323799,-3.057119871279157,2370.1461,31.2053,65394532.47,96.7702,,,-79672958.24000001,54.2571,0.5304,0,1057751.1918,181239182.8,1.0,1.5,PASS,False,0.864406779661017,2370.1461,31.2053,-15.175,2400.4961000000003,,308.2644,0.828,0.5304,0.13006134938263933,118.69075000000001,0.0,0.0,7.6,8.29,0,65.922107674685,,0.5625,0,0,5.0,5,0.4191659021946237,False,-2.813299232736577,,0.008733874070040943,False,False,文化传媒,2014.9280000000006,2.2210881207063817,82.0,38.6766323024055,1.0,0.0,38.68,Other
600039.SH,600039,四川路桥,20030325,主板,361830508.8,-19.03807615230462,基础建设,未知,801723.SI,620000,8.08,9.6288,10.0114,1.3276,0.5651,7026037.2412,7026037.2412,322121635.6,False,0,0,False,False,10.28,1.5075376884422065,-15.392670157068068,-21.400778210116723,False,-19.03807615230462,-3.057119871279157,-15.53,12.75,1500366886.74,100.3338,,,16593292196.61,-175.8038,2.7967,0,7026037.2412,322121635.6,1.0,1.5,PASS,False,0.0847457627118644,-15.53,12.75,-7.28,-7.765,ESP-Q,9.6288,1.3276,2.7967,,58.68530769230769,0.0,0.0,8.08,10.28,0,65.922107674685,,0.05263157894736842,0,0,5.0,6,-12.216595745918559,False,1.5075376884422065,,-0.009165419337694306,False,False,基础建设,-7.765,-0.3578804386028053,32.0,28.6766323024055,0.7,0.0,20.07,Other
600050.SH,600050,中国联通,20021009,主板,1361184009.1499999,-2.3605150214592308,通信运营,未知,801223.SI,730000,4.55,15.5865,16.4304,0.8333,1.2967,14225313.5238,14100636.1642,2245545942.6000004,True,0,0,False,False,5.11,-2.3605150214592308,-5.2083333333333375,-10.958904109589051,False,-2.3605150214592308,-3.057119871279157,-17.5,14.7,1875002938.0,87.7432,,,22764054849.0,128.4865,1.2596,0,14225313.5238,2245545942.6000004,1.0,1.5,PASS,False,0.05084745762711865,-17.5,14.7,-21.39,-8.75,,15.5865,0.8333,1.2596,,128.04296,10.0,0.0,4.55,5.11,0,75.02863688430699,,0.5714285714285714,0,0,5.0,3,0.0,False,-2.3605150214592308,,0.0005285886044772323,False,False,通信运营,-8.75,0.38524797599173255,50.0,35.008591065292094,1.0,0.0,45.01,Other
600052.SH,600052,东望时代,19970415,主板,227927820.10000005,20.105820105820115,文化传媒,未知,801761.SI,720000,4.54,,,1.775,4.4892,383264.4124,383264.4124,139789396.79999998,True,3,0,False,False,4.9,3.89016018306636,-0.8733624454148492,-7.346938775510214,False,20.105820105820115,-3.057119871279157,-28.7031,-62.8581,-14074679.15,,,,-352656350.17999995,,-0.8988,0,383264.4124,139789396.79999998,1.0,1.5,PASS,False,0.864406779661017,-28.7031,-62.8581,-15.175,-14.35155,,,1.775,-0.8988,,118.69075000000001,0.0,0.0,4.54,4.9,0,60.02290950744559,,0.9375,1,1,100.0,5,21.30827582524712,True,3.89016018306636,,0.0013318608323464886,True,False,文化传媒,-14.35155,-0.13677885707361542,32.0,74.40687285223368,1.0,0.0,74.41,Tier2
600057.SH,600057,厦门象屿,19970604,主板,223933547.65,-21.621621621621635,通信设备,未知,801102.SI,730000,6.38,14.0163,13.8841,1.1496,0.8328,1812295.9983,1335021.4846,127241557.4,False,0,0,False,False,8.25,-4.20420420420421,-21.52521525215253,-22.666666666666668,False,-21.621621621621635,-3.057119871279157,735.54,339.13,1128857300.0,216.5178,,,4393538700.0,-1280.2193,1.5875,0,1812295.9983,127241557.4,1.0,1.5,PASS,False,0.9830508474576272,735.54,339.13,4.779999999999999,735.54,ESP-Q,14.0163,1.1496,1.5875,0.019055795741903907,182.74448076923076,0.0,0.0,6.38,8.25,0,65.922107674685,,0.05,0,0,5.0,13,-20.793874579203806,False,-4.20420420420421,,0.004067931572991434,False,False,通信设备,735.54,2.1426171488528687,82.0,38.6766323024055,0.7,0.0,27.07,Other
600058.SH,600058,XD五矿发,19970528,主板,150977957.5,-8.652988403211426,贸易,未知,801202.SI,450000,10.24,574.5637,,2.2674,1.2834,1097636.5681,1097636.5681,142082431.60000002,True,0,0,False,False,12.15,-5.272895467160044,-19.43351691581432,-15.7201646090535,False,-8.652988403211426,-3.057119871279157,-201.88,48.9137,-7418768.78,-43.6417,,,-198145174.38,-11093.1041,0.229,0,1097636.5681,142082431.60000002,1.0,1.5,PASS,False,0.3728813559322034,-201.88,48.9137,2.375,-204.255,ESP-Q,574.5637,2.2674,0.229,,140.81984285714287,0.0,0.0,10.24,12.15,0,62.77205040091638,,0.375,0,0,5.0,3,-2.1281809513790986,False,-5.272895467160044,,0.0013336620626035022,False,False,贸易,-204.255,-2.080673129410603,12.0,23.73161512027491,0.7,0.0,16.61,Other
600061.SH,600061,国投资本,19970519,主板,309009701.95,-4.585798816568043,多元金融,未知,801191.SI,490000,6.45,12.5762,12.2554,0.7444,0.871,4124120.7417,4124120.7417,259223863.6,True,0,0,False,False,6.88,-0.7692307692307665,-14.907651715039572,-6.25,False,-4.585798816568043,-3.057119871279157,29.85,24.19,873778330.97,114.1308,,,8639467062.51,1195.3412,1.3433,0,4124120.7417,259223863.6,1.0,1.5,PASS,False,0.3220338983050847,29.85,24.19,17.765,29.85,ESP-Q,12.5762,0.7444,1.3433,0.4213132328308207,44.777813333333334,0.0,0.0,6.45,6.88,0,65.922107674685,,0.6470588235294118,0,0,5.0,6,2.2194941891030444,False,-0.7692307692307665,,0.005388662287260647,False,False,多元金融,29.85,-0.21261365723439246,32.0,28.6766323024055,0.7,0.0,20.07,Other
600063.SH,600063,XD皖维高,19970528,主板,263307562.15,-15.504978662873391,化学纤维,未知,801032.SI,220000,5.94,28.3195,27.1644,1.4593,1.8791,1229049.2307,1229049.2307,233307841.60000002,False,0,0,False,False,7.22,-8.75576036866359,-13.788098693759066,-17.728531855955676,False,-15.504978662873391,-3.057119871279157,6.31,15.89,124460316.72,91.4245,,,1105091451.3700001,222.9538,1.6159,0,1229049.2307,233307841.60000002,1.0,1.5,PASS,False,0.6610169491525424,6.31,15.89,33.59,-27.280000000000005,,28.3195,1.4593,1.6159,4.488034865293186,122.71699000000001,0.0,0.0,5.94,7.22,0,65.922107674685,,0.1,0,0,5.0,4,-7.412408591940245,False,-8.75576036866359,,0.002558379850207327,False,False,化学纤维,-27.280000000000005,0.049955350901189,50.0,32.2766323024055,1.0,0.0,32.28,Other
600075.SH,600075,新疆天业,19970617,主板,173742005.55000007,-10.29411764705882,塑料,未知,801036.SI,220000,5.49,,,1.0617,1.5473,937580.0562,937580.0562,136233623.6,True,0,0,False,False,7.1,-12.995245641838338,-14.751552795031053,-22.67605633802816,False,-10.29411764705882,-3.057119871279157,-203.75,-17.75,-64676284.86,,,,-212967903.7,,-0.6433,0,937580.0562,136233623.6,1.0,1.5,PASS,False,0.6779661016949152,-203.75,-17.75,-4.92,-101.875,,,1.0617,-0.6433,,184.85352307692307,0.0,0.0,5.49,7.1,0,65.922107674685,,0.29411764705882354,0,0,5.0,6,-19.49565123599032,False,-12.995245641838338,,-0.013220084733856446,False,False,塑料,-101.875,-0.9818042013074131,22.0,26.6766323024055,1.0,0.0,26.68,Other
600076.SH,600076,康欣新材,19970526,主板,262346064.19999996,18.89534883720929,通信设备,未知,801102.SI,730000,4.09,,,1.5448,10.1082,549918.2371,549918.2371,447799676.40000004,True,3,3,False,True,4.66,-4.439252336448607,3.544303797468351,-12.231759656652363,False,18.89534883720929,-3.057119871279157,-12.0639,-12.2925,-52675151.57,,,,-764649154.66,,-1.4471,0,549918.2371,447799676.40000004,1.0,1.5,PASS,False,0.9830508474576272,-12.0639,-12.2925,4.779999999999999,-16.843899999999998,,,1.5448,-1.4471,,182.74448076923076,0.0,0.0,4.09,4.66,0,65.922107674685,,0.875,1,1,100.0,13,19.72309587962712,True,-4.439252336448607,突破型,0.010630400866530334,True,False,通信设备,-16.843899999999998,-0.27430750389696545,32.0,76.1766323024055,1.0,0.0,76.18,Tier2
600078.SH,600078,澄星股份,19970627,主板,726787903.2500001,16.449511400651474,化学制品,未知,801034.SI,220000,14.3,1142.3849,134.4658,5.6793,6.5705,967842.3912,947479.1912,886428960.4,True,2,2,False,False,16.88,-7.563025210084029,28.481581311769986,-15.284360189573453,False,16.449511400651474,-3.057119871279157,175.03,75.29,27126613.31,98.3441,,,-85148885.07,41.6522,1.6347,0,967842.3912,886428960.4,1.0,1.5,PASS,False,0.4406779661016949,175.03,75.29,8.2371,175.03,|VAL-X,1142.3849,5.6793,1.6347,6.526794835171113,104.193015625,0.0,15.0,14.3,16.88,0,65.922107674685,,0.8552631578947368,1,1,100.0,23,22.153049090666343,True,-7.563025210084029,,-0.007823954403837813,True,False,化学制品,175.03,0.25978928535895895,50.0,79.7766323024055,1.0,15.0,64.78,Tier2
600085.SH,600085,同仁堂,19970625,主板,179878374.0,-8.132421734436846,中药,未知,801155.SI,370000,25.53,29.4387,32.4698,2.4858,0.4423,3501363.5789,3501363.5789,204221443.0,False,0,0,False,False,28.45,-6.483516483516483,-16.56862745098039,-10.263620386643224,False,-8.132421734436846,-3.057119871279157,-19.15,-22.57,469606271.08,99.6667,,,3721869493.81,125.1964,3.3969,0,3501363.5789,204221443.0,1.0,1.5,PASS,False,0.13559322033898305,-19.15,-22.57,7.69,-26.84,,29.4387,2.4858,3.3969,,165.87102631578946,0.0,0.0,25.53,28.45,0,65.922107674685,,0.42857142857142855,0,0,5.0,7,-1.4419500185939524,False,-6.483516483516483,,-0.01505023027452648,False,False,中药,-26.84,0.05650030493546975,50.0,32.2766323024055,1.0,0.0,32.28,Other
600089.SH,600089,特变电工,19970618,主板,4948838863.950001,-5.952813067150641,高低压设备,未知,801734.SI,630000,25.91,21.9871,21.2231,1.8194,3.1901,13091785.5515,13091785.5515,3897346513.8,False,0,0,False,False,29.67,-3.751857355126309,-9.878260869565214,-12.672733400741498,False,-5.952813067150641,-3.057119871279157,-3.77,15.64,1460823600.0,80.507,,,12652825800.0,20.6584,2.4026,0,13091785.5515,3897346513.8,1.0,1.5,PASS,False,0.4745762711864407,-3.77,15.64,10.365,-14.135,,21.9871,1.8194,2.4026,,142.6951,0.0,0.0,25.91,29.67,0,86.25429553264605,,0.4838709677419355,0,0,5.0,10,-0.4741857342186684,False,-3.751857355126309,,-0.00820055904241657,False,False,高低压设备,-14.135,-0.1640395453953018,32.0,34.77628865979381,1.0,0.0,34.78,Other
600095.SH,600095,湘财股份,19970708,主板,278806830.15,-5.844845908607876,综合,未知,801231.SI,510000,8.86,54.5809,57.6972,2.0592,2.0618,2533240.3403,2533240.3403,302879282.8,True,0,0,False,False,9.69,0.9111617312072884,-16.25708884688092,-8.5655314757482,False,-5.844845908607876,-3.057119871279157,-51.92,80.81,24026067.82,99.6922,,,837872897.0799999,5544.7993,0.1962,0,2533240.3403,302879282.8,1.0,1.5,PASS,False,0.9322033898305084,-51.92,80.81,-7.0,-25.96,,54.5809,2.0592,0.1962,,210.72467916666668,0.0,0.0,8.86,9.69,0,60.02290950744559,,0.4594594594594595,0,0,5.0,12,-1.7787154349707013,False,0.9111617312072884,,0.003592091093451771,False,False,综合,-25.96,-0.4014844402994517,32.0,26.906872852233676,1.0,0.0,26.91,Other
600096.SH,600096,云天化,19970709,主板,1827304102.7,-7.090320682553708,化学制品,未知,801034.SI,220000,31.58,11.1655,10.8798,2.4122,2.1262,5757004.7285,5757004.7285,1174808256.0,True,0,0,False,False,36.86,-2.3802163833075873,-11.73840134153159,-14.324470971242542,False,-7.090320682553708,-3.057119871279157,9.54,-3.6,1392395551.77,97.7279,,,13714067044.2,130.2106,5.6276,0,5757004.7285,1174808256.0,1.0,1.5,PASS,False,0.4406779661016949,9.54,-3.6,8.2371,1.3028999999999993,,11.1655,2.4122,5.6276,1.1703878406708597,104.193015625,10.0,0.0,31.58,36.86,0,65.922107674685,,0.47368421052631576,0,0,5.0,23,-1.386782992538837,False,-2.3802163833075873,,-0.006056605407733571,False,False,化学制品,1.3028999999999993,-0.1192999388498203,32.0,28.6766323024055,1.0,0.0,38.68,Other
600098.SH,600098,广州发展,19970718,主板,292230566.05,1.5536723163841915,电力,未知,801161.SI,410000,7.19,10.8678,10.4918,0.9072,1.0553,2520716.9213,2520716.9213,320945073.0,True,0,0,False,False,7.71,-0.6906077348066253,4.05209840810421,-6.744487678339817,False,1.5536723163841915,-3.057119871279157,-42.85,-35.28,248732586.73,46.4523,,,2569610361.7400002,85.7123,1.9479,0,2520716.9213,320945073.0,1.0,1.5,PASS,False,0.3050847457627119,-42.85,-35.28,0.02,-42.870000000000005,ESP-Q,10.8678,0.9072,1.9479,,55.30460465116279,0.0,0.0,7.19,7.71,0,89.23253150057275,,0.5681818181818182,0,1,55.0,14,1.788324301362476,False,-0.6906077348066253,,0.008673977056197003,False,False,电力,-42.870000000000005,-0.6172856349037624,22.0,58.669759450171824,0.7,0.0,41.07,Other
600100.SH,600100,同方股份,19970627,主板,496004690.40000004,-2.9761904761904767,计算机设备,未知,801101.SI,710000,8.15,55.1608,45.5743,1.7219,1.9853,2730492.6361,2730492.6361,437710783.0,False,0,0,False,False,9.36,-3.7780401416765086,-12.647374062165051,-12.927350427350415,False,-2.9761904761904767,-3.057119871279157,,129.8664,,,,,234680558.44,,,0,2730492.6361,437710783.0,1.0,1.5,PASS,False,0.7288135593220338,,129.8664,7.12,0.0,DATA-INC,55.1608,1.7219,,,116.38087647058823,0.0,0.0,8.15,9.36,0,74.5704467353952,,0.5,0,0,5.0,8,-1.0903679653679665,False,-3.7780401416765086,,0.006756745024956671,False,False,计算机设备,0.0,-0.2997679749182741,32.0,31.27113402061856,1.0,0.0,31.27,Other
600101.SH,600101,明星电力,19970627,主板,286264305.04999995,-2.6584867075664653,电力,未知,801161.SI,410000,9.52,28.3227,28.3042,1.6512,4.9246,521565.0724,521565.0724,293022192.0,False,0,0,False,False,10.65,-4.609218436873752,-5.179282868525892,-10.610328638497657,False,-2.6584867075664653,-3.057119871279157,-1.47,-2.44,71251573.71,97.7505,,,429161120.37,147.1922,2.3349,0,521565.0724,293022192.0,1.0,1.5,PASS,False,0.3050847457627119,-1.47,-2.44,0.02,-1.49,,28.3227,1.6512,2.3349,,55.30460465116279,0.0,0.0,9.52,10.65,0,80.41237113402062,,0.2727272727272727,0,0,5.0,14,-2.4238347225881807,False,-4.609218436873752,,-0.0029420982036956404,False,False,电力,-1.49,-0.049505849372054364,32.0,33.023711340206184,1.0,0.0,33.02,Other
600105.SH,600105,永鼎股份,19970929,主板,7745132069.049999,11.83860835950712,通信设备,未知,801102.SI,730000,46.29,289.6574,659.0161,20.3953,9.6475,6767573.9385,6767573.9385,6346542168.0,False,1,0,False,False,56.39,-10.116504854368936,75.2745172283226,-17.910977123603477,False,11.83860835950712,-3.057119871279157,-44.66,398.61,160776201.2,101.2278,,,1024420700.3899999,167.9201,4.8904,0,6767573.9385,6346542168.0,1.0,1.5,PASS,False,0.9830508474576272,-44.66,398.61,4.779999999999999,-49.44,,289.6574,20.3953,4.8904,,182.74448076923076,0.0,0.0,46.29,56.39,0,65.922107674685,,0.75,1,1,75.0,13,12.666355401924951,True,-10.116504854368936,,-0.014514626585977217,False,False,通信设备,-49.44,-0.37901776906013396,32.0,63.6766323024055,1.0,0.0,63.68,Tier2
600109.SH,600109,国金证券,19970807,主板,318173423.7,2.8037383177570208,证券,未知,801193.SI,490000,8.8,14.3209,13.6627,0.9029,1.2897,3260721.1208,3260721.1208,277330934.0,False,0,0,False,False,9.34,-0.6772009029345272,-3.50877192982455,-5.781584582441102,False,2.8037383177570208,-3.057119871279157,14.94,36.45,668216238.71,96.5164,,,5554763922.52,1954.1334,1.9343,0,3260721.1208,277330934.0,1.0,1.5,PASS,False,0.03389830508474576,14.94,36.45,31.015,-16.075000000000003,,14.3209,0.9029,1.9343,0.9585609103078983,30.001145454545455,0.0,0.0,8.8,9.34,0,65.922107674685,,0.8636363636363636,1,1,75.0,14,4.68754594334298,False,-0.6772009029345272,,-0.0009456212094922426,False,False,证券,-16.075000000000003,-0.34548429042499196,32.0,63.6766323024055,1.0,0.0,63.68,Tier2
600110.SH,600110,诺德股份,19971007,主板,1781175831.8,-7.007007007007015,综合,未知,801231.SI,510000,9.29,,,2.8585,6.0024,1611983.0858,1611983.0858,1072439081.5999999,False,0,0,False,False,11.99,-8.11078140454995,33.28550932568148,-22.518765638031702,False,-7.007007007007015,-3.057119871279157,149.37,51.58,21730333.02,54.2043,,,-372666065.35,536.4363,0.7113,0,1611983.0858,1072439081.5999999,1.0,1.5,PASS,False,0.9322033898305084,149.37,51.58,-7.0,163.37,ESP-Q,,2.8585,0.7113,,210.72467916666668,0.0,0.0,9.29,11.99,0,76.28865979381443,,0.40540540540540543,0,0,5.0,12,-2.94087653336984,False,-8.11078140454995,,-0.014130014600642725,False,False,综合,163.37,-0.018105236558438244,32.0,31.786597938144332,0.7,0.0,22.25,Other
600111.SH,600111,北方稀土,19970924,主板,7837865967.749998,0.2371541501976271,金属非金属新材料,未知,801051.SI,240000,50.72,81.4456,66.9577,7.167,3.6714,18335613.9506,18335613.9506,6999873530.999998,True,1,0,False,False,57.96,-5.6898475269616995,-7.343807088052623,-12.491373360938585,False,0.2371541501976271,-3.057119871279157,103.21,128.1,883396367.47,96.2577,,,5198186981.07,-21.4898,3.6531,0,18335613.9506,6999873530.999998,1.0,1.5,PASS,False,0.8305084745762712,103.21,128.1,22.085,103.21000000000001,ESP-Q,81.4456,7.167,3.6531,0.7891250847786068,108.89996666666667,0.0,0.0,50.72,57.96,0,65.922107674685,,0.6875,0,1,55.0,5,2.103869125885666,False,-5.6898475269616995,,-0.003641631518567258,False,False,金属非金属新材料,103.21000000000001,-0.23652100135240836,32.0,53.6766323024055,0.7,0.0,37.57,Other
600113.SH,600113,浙江东日,19971021,主板,263807304.60000002,-17.18681318681319,综合,未知,801231.SI,510000,37.68,110.1592,112.9149,6.3318,2.2614,1586993.6549,1550272.6109,215831257.4,False,1,0,False,False,53.56,-12.126865671641795,-34.92227979274611,-29.648991784914113,False,-17.18681318681319,-3.057119871279157,-12.0,10.3,20946847.63,96.4658,,,322717203.47,296.4305,0.8492,0,1586993.6549,215831257.4,1.0,1.5,PASS,False,0.9322033898305084,-12.0,10.3,-7.0,-6.0,,110.1592,6.3318,0.8492,,210.72467916666668,0.0,0.0,37.68,53.56,0,65.922107674685,,0.08108108108108109,0,0,5.0,12,-13.120682713176015,False,-12.126865671641795,,-0.039632905817257424,False,False,综合,-6.0,-0.361066921117755,32.0,28.6766323024055,1.0,0.0,28.68,Other
600114.SH,600114,东睦股份,20040511,主板,755904768.75,8.302354399008681,通用机械,未知,801072.SI,640000,34.96,41.1989,40.1371,6.1932,9.4786,2207316.6356,2154876.6356,1041854428.9999999,True,0,0,False,False,36.51,4.7647587653581125,4.451747833881092,-4.2454122158312675,False,8.302354399008681,-3.057119871279157,11.31,37.09,117235128.97,93.1382,,,1288199032.8600001,151.1975,3.6135,0,2207316.6356,1041854428.9999999,1.0,1.5,PASS,False,0.7796610169491526,11.31,37.09,1.3,11.31,,41.1989,6.1932,3.6135,3.6426967285587977,114.34343529411765,10.0,0.0,34.96,36.51,0,87.5143184421535,,0.5116279069767442,0,1,55.0,13,0.0,False,4.7647587653581125,,-0.012952356874434664,False,False,通用机械,11.31,0.26079626788087096,50.0,63.75429553264605,1.0,0.0,73.75,Tier1
600120.SH,600120,浙江东方,19971201,主板,317564367.09999996,-11.964285714285715,多元金融,未知,801191.SI,490000,4.93,18.0148,18.1818,1.0263,1.0301,1683783.0756,1683783.0756,206085642.4,False,0,0,False,False,6.02,-4.085603112840463,-25.864661654135347,-18.106312292358805,False,-11.964285714285715,-3.057119871279157,-4.72,204.0,140701328.44,92.0702,,,1324183802.23,36.0429,0.8757,0,1683783.0756,206085642.4,1.0,1.5,PASS,False,0.3220338983050847,-4.72,204.0,17.765,-22.485,,18.0148,1.0263,0.8757,,44.777813333333334,0.0,0.0,4.93,6.02,0,75.02863688430699,,0.23529411764705882,0,0,5.0,6,-5.158992708614628,False,-4.085603112840463,,-0.0028877312472881437,False,False,多元金融,-22.485,-0.6343732982041762,22.0,29.4085910652921,1.0,0.0,29.41,Other
600121.SH,600121,郑州煤电,19980107,主板,204749824.2,-3.8277511961722577,煤炭开采,未知,801021.SI,210000,4.02,,,6.656,4.8744,489801.6393,489801.6393,242055273.60000002,True,0,0,False,False,4.42,-2.6634382566586012,-6.293706293706302,-9.04977375565612,False,-3.8277511961722577,-3.057119871279157,-201.4342,-2811.46,-195834978.74,,,,-1734720818.16,,-23.3647,0,489801.6393,242055273.60000002,1.0,1.5,PASS,False,0.1694915254237288,-201.4342,-2811.46,-3.7,-100.7171,,,6.656,-23.3647,,32.17243333333333,0.0,0.0,4.02,4.42,0,78.35051546391753,,0.5,0,0,5.0,7,-0.32236366174660525,False,-2.6634382566586012,,0.006143265862935699,False,False,煤炭开采,-100.7171,-1.921299065616694,12.0,28.405154639175258,1.0,0.0,28.41,Other
600123.SH,600123,兰花科创,19981217,主板,237661750.14999998,-1.2598425196850394,煤炭开采,未知,801021.SI,210000,6.27,,,0.6112,1.9285,923721.4932,923721.4932,207240420.4,True,0,0,False,False,7.18,-5.855855855855863,2.9556650246305383,-12.674094707520888,False,-1.2598425196850394,-3.057119871279157,-184.42,-220.93,-27585998.38,,,,-1268416494.0,,-0.1816,0,923721.4932,207240420.4,1.0,1.5,PASS,False,0.1694915254237288,-184.42,-220.93,-3.7,-92.21,,,0.6112,-0.1816,,32.17243333333333,0.0,0.0,6.27,7.18,0,65.922107674685,,0.7272727272727273,1,0,55.0,7,2.245545014740613,False,-5.855855855855863,,0.0016955187455959925,False,False,煤炭开采,-92.21,-1.7758521482845286,12.0,49.6766323024055,1.0,0.0,49.68,Other
600131.SH,600131,国网信通,19980402,主板,308537070.3,-4.288816503800231,电力,未知,801161.SI,410000,17.63,32.1393,33.2524,3.2593,1.6681,2112699.9426,2108380.7777,366587676.6,True,0,0,False,False,19.06,0.9158557527189526,-7.210526315789478,-7.502623294858346,False,-4.288816503800231,-3.057119871279157,-86.39,-13.73,3524371.14,82.3037,,,1099046240.1399999,2673.0617,0.0661,0,2112699.9426,366587676.6,1.0,1.5,PASS,False,0.3050847457627119,-86.39,-13.73,0.02,-86.41,,32.1393,3.2593,0.0661,,55.30460465116279,0.0,0.0,17.63,19.06,0,76.40320733104238,,0.20454545454545456,0,0,5.0,14,-4.0541645188219455,False,0.9158557527189526,,0.002117528881494332,False,False,电力,-86.41,-1.2147030312800446,22.0,29.820962199312717,1.0,0.0,29.82,Other
600132.SH,600132,重庆啤酒,19971030,主板,231939065.45000002,-2.118485189351338,饮料制造,未知,801123.SI,340000,52.21,20.5282,21.1283,13.819,0.7031,2526813.6248,2526813.6248,180879913.4,True,0,0,False,False,56.47,-0.43859649122806044,-3.529194382852918,-7.543828581547718,False,-2.118485189351338,-3.057119871279157,-7.07,-2.78,434029647.56,99.1567,,,3698388891.92,143.2148,27.3105,0,2526813.6248,180879913.4,1.0,1.5,PASS,False,0.2711864406779661,-7.07,-2.78,2.46,-9.530000000000001,,20.5282,13.819,27.3105,,41.77951363636364,0.0,0.0,52.21,56.47,0,65.922107674685,,0.56,0,0,5.0,8,0.007499062617166707,False,-0.43859649122806044,,0.010021897400219986,False,False,饮料制造,-9.530000000000001,0.06516319578145159,50.0,32.2766323024055,1.0,0.0,32.28,Other
600133.SH,600133,东湖高新,19980212,主板,381076127.25,2.4027459954233388,综合,未知,801231.SI,510000,8.95,34.5509,34.4297,1.0478,4.4961,954284.6881,954284.6881,519743662.20000005,True,0,0,False,False,10.18,-3.2432432432432545,-10.589410589410598,-12.082514734774074,False,2.4027459954233388,-3.057119871279157,-194.2053,-53.69,-14996371.32,,,,299547934.32,-3506.903,-0.0194,0,954284.6881,519743662.20000005,1.0,1.5,PASS,False,0.9322033898305084,-194.2053,-53.69,-7.0,-97.10265,ESP-Q,34.5509,1.0478,-0.0194,,210.72467916666668,0.0,0.0,8.95,10.18,0,93.12714776632302,,0.6756756756756757,0,1,55.0,12,6.468876469060514,True,-3.2432432432432545,,0.002145365398706269,False,False,综合,-97.10265,-0.5455430285264923,22.0,59.838144329896906,0.7,0.0,41.89,Other
600135.SH,600135,乐凯胶片,19980122,主板,279647460.00000006,-4.888888888888898,家用轻工,未知,801142.SI,360000,10.7,,,2.5137,5.2424,592038.5959,592038.5959,218279557.00000003,False,1,0,False,False,12.8,-6.468531468531468,12.0418848167539,-16.40625000000001,False,-4.888888888888898,-3.057119871279157,18.2358,-24.2404,-26268996.13,,,,-309502077.19,,-1.0022,0,592038.5959,218279557.00000003,1.0,1.5,PASS,False,0.6271186440677966,18.2358,-24.2404,-14.92,48.0758,ESP-Q,,2.5137,-1.0022,,179.96904166666664,0.0,0.0,10.7,12.8,0,62.77205040091638,,0.2777777777777778,0,0,5.0,6,-10.313920784185704,False,-6.468531468531468,,-0.0062969713056936156,False,False,家用轻工,48.0758,-0.24239828854359532,32.0,27.73161512027491,0.7,0.0,19.41,Other
600141.SH,600141,兴发集团,19990616,主板,1199161572.0,-1.9062499999999982,化学制品,未知,801034.SI,220000,31.39,25.2824,26.2311,1.508,2.5675,3772261.4111,3772261.4111,1041965595.8,False,0,0,False,False,34.87,-2.454940957116214,-16.89171299973524,-9.979925437338677,False,-1.9062499999999982,-3.057119871279157,-7.89,-10.62,210552146.75,82.0471,,,3550370857.54,-274.4098,1.0915,0,3772261.4111,1041965595.8,1.0,1.5,PASS,False,0.4406779661016949,-7.89,-10.62,8.2371,-16.1271,ESP-Q,25.2824,1.508,1.0915,,104.193015625,0.0,0.0,31.39,34.87,0,65.922107674685,,0.5789473684210527,0,0,5.0,23,3.7972876900148727,False,-2.454940957116214,,0.009507694011277285,False,False,化学制品,-16.1271,-0.15733387355522332,32.0,28.6766323024055,0.7,0.0,20.07,Other
600151.SH,600151,航天机电,19980605,主板,1168118192.7500002,-1.3227513227513144,综合,未知,801231.SI,510000,14.92,,,4.8573,4.9309,2139904.4122,2139904.4122,1274262687.6000001,True,0,0,False,False,16.35,5.965909090909083,2.191780821917799,-8.746177370030594,False,-1.3227513227513144,-3.057119871279157,-38.4702,-183.5756,-18670085.02,,,,-1000886045.7099999,,-0.3774,0,2139904.4122,1274262687.6000001,1.0,1.5,PASS,False,0.9322033898305084,-38.4702,-183.5756,-7.0,-19.2351,,,4.8573,-0.3774,,210.72467916666668,0.0,0.0,14.92,16.35,0,65.922107674685,,0.6216216216216216,0,0,5.0,12,2.7433791508858607,False,5.965909090909083,,-0.0031037869977674154,False,False,综合,-19.2351,-0.3878670167150332,32.0,28.6766323024055,1.0,0.0,28.68,Other
600152.SH,600152,维科技术,19980609,主板,1486460040.5,-3.9969254419677136,其他电子,未知,801082.SI,270000,12.49,,,4.0307,10.1755,660820.1394,660820.1394,876150319.2,True,3,0,False,False,16.62,-9.031318281136203,58.10126582278481,-24.84957882069796,False,-3.9969254419677136,-3.057119871279157,1.2509,-30.6216,-26859147.09,,,,-267607954.58,,-1.5252,0,660820.1394,876150319.2,1.0,1.5,PASS,False,0.8135593220338984,1.2509,-30.6216,16.535,-15.2841,,,4.0307,-1.5252,,108.22777500000001,0.0,0.0,12.49,16.62,0,95.87628865979381,,0.4444444444444444,0,0,5.0,6,-2.108922554950665,False,-9.031318281136203,,0.011034910208500639,False,False,其他电子,-15.2841,-0.6104357125688126,22.0,35.66288659793815,1.0,0.0,35.66,Other
600155.SH,600155,华创云信,19980918,主板,167999181.15,-4.480000000000006,证券,未知,801193.SI,490000,5.97,72.6034,52.2949,0.6605,2.2046,1321484.8588,1321484.8588,188199970.8,False,0,0,False,False,6.47,-1.3223140495867813,-10.494752623688164,-7.727975270479137,False,-4.480000000000006,-3.057119871279157,161.39,-40.95,28471697.24,91.6934,,,441220801.59000003,8962.221,0.1553,0,1321484.8588,188199970.8,1.0,1.5,PASS,False,0.03389830508474576,161.39,-40.95,31.015,161.39,ESP-Q,72.6034,0.6605,0.1553,0.44986306462606107,30.001145454545455,0.0,0.0,5.97,6.47,0,65.922107674685,,0.2727272727272727,0,0,5.0,14,-2.5961923744140467,False,-1.3223140495867813,,-0.004416844252587062,False,False,证券,161.39,2.0492465941277502,82.0,38.6766323024055,0.7,0.0,27.07,Other
600157.SH,600157,永泰能源,19980513,主板,1443249110.45,0.0,房地产开发,未知,801181.SI,430000,1.71,178.8344,170.0535,0.7952,3.7236,3730837.6688,3730837.6688,1431032836.8000002,True,0,0,False,False,1.91,-2.285714285714291,4.907975460122693,-10.471204188481675,False,0.0,-3.057119871279157,57.89,-90.32,66906623.47,108.1932,,,458715532.15999997,563.3074,0.132,0,3730837.6688,1431032836.8000002,1.0,1.5,PASS,False,0.847457627118644,57.89,-90.32,-7.28,72.45,ESP-Q,178.8344,0.7952,0.132,3.089210571774054,87.53592727272726,0.0,10.0,1.71,1.91,0,83.61970217640321,,0.7241379310344828,1,1,100.0,9,3.8461538461538547,False,-2.285714285714291,,-0.003523699707688039,False,False,房地产开发,72.45,0.0039885077410294996,50.0,85.08591065292096,0.7,10.0,49.56,Other
600171.SH,600171,上海贝岭,19980924,主板,572813392.0999999,2.7466570292735693,半导体,未知,801081.SI,270000,28.43,85.3192,91.5043,4.4321,4.4265,2015468.9504,2015468.9504,702442355.8000001,False,0,0,False,False,30.79,-2.903005464480879,-8.467482292337413,-7.66482624228646,False,2.7466570292735693,-3.057119871279157,26.63,-37.12,19490256.89,86.9396,,,485514614.87,-338.1898,0.4942,0,2015468.9504,702442355.8000001,1.0,1.5,PASS,False,0.8813559322033898,26.63,-37.12,21.265,5.364999999999998,ESP-Q,85.3192,4.4321,0.4942,3.203875328576793,141.87467999999998,0.0,0.0,28.43,30.79,0,89.46162657502865,,0.13043478260869565,0,1,40.0,7,-18.261163978547444,False,-2.903005464480879,,-0.010850968148434208,False,False,半导体,5.364999999999998,-0.22706747278703923,32.0,53.238487972508594,0.7,0.0,37.27,Other
600177.SH,600177,雅戈尔,19981119,主板,185731003.2,1.4965986394557929,房地产开发,未知,801181.SI,430000,7.46,14.0932,13.4433,0.8128,0.4082,3449087.6589,3359567.682,135325687.6,False,0,0,False,False,8.08,-2.099737532808399,2.8965517241379413,-7.6732673267326685,False,1.4965986394557929,-3.057119871279157,9.43,-14.38,877400221.93,95.1906,,,5430973176.889999,7.0407,2.1747,1,3449087.6589,135325687.6,1.0,1.5,PASS,False,0.847457627118644,9.43,-14.38,-7.28,23.990000000000002,ESP-Q,14.0932,0.8128,2.1747,1.4945068928950158,87.53592727272726,10.0,0.0,7.46,8.08,10,65.922107674685,,0.7586206896551724,1,1,75.0,9,5.3427524856096476,True,-2.099737532808399,,0.005524006565198368,False,False,房地产开发,23.990000000000002,-0.11261567006440665,32.0,63.6766323024055,0.7,10.0,44.57,Other
600183.SH,600183,生益科技,19981028,主板,5367748889.749999,35.341144038594074,元件,未知,801083.SI,270000,98.19,71.5412,60.7149,13.3042,3.0349,23851521.7194,23511610.6605,6656528541.600001,True,1,1,False,False,107.5,9.160644802668138,52.82490272373541,-8.66046511627907,False,35.341144038594074,-3.057119871279157,93.51,89.54,1082821715.86,93.4967,,,8015332819.639999,37.3363,6.6845,0,23851521.7194,6656528541.600001,1.0,1.5,PASS,False,0.7457627118644068,93.51,89.54,2.79,93.51,,71.5412,13.3042,6.6845,0.7650646989626778,204.28836129032257,0.0,0.0,98.19,107.5,0,76.28865979381443,CHASE,0.8484848484848485,1,1,100.0,10,24.497256177486904,True,9.160644802668138,OVERHEAT,0.007818462673009936,True,True,元件,93.51,-0.07747147351504681,32.0,79.28659793814433,1.0,0.0,79.29,Tier2
600185.SH,600185,珠免集团,19990611,主板,151964021.6,-5.902192242833049,计算机设备,未知,801101.SI,710000,5.58,,,121.8323,1.5334,1051833.2336,1051833.2336,139723325.40000004,True,0,0,False,False,6.13,-2.617801047120427,-24.5945945945946,-8.972267536704726,False,-5.902192242833049,-3.057119871279157,146.0314,49.4066,42528483.66,108.9746,,,-1697546368.51,68.8269,40.6617,0,1051833.2336,139723325.40000004,1.0,1.5,PASS,False,0.7288135593220338,146.0314,49.4066,7.12,146.0314,,,121.8323,40.6617,,116.38087647058823,0.0,0.0,5.58,6.13,0,65.922107674685,,0.4166666666666667,0,0,5.0,8,-4.0163697320105385,False,-2.617801047120427,,0.019448863693700972,False,False,计算机设备,146.0314,0.022965723915202168,50.0,32.2766323024055,1.0,0.0,32.28,Other
600186.SH,600186,莲花控股,19980825,主板,3229794344.7000003,32.01483312731768,食品加工,未知,801124.SI,340000,10.68,61.9396,54.4559,10.1416,15.5211,1914672.6366,1910799.6948,3086267572.8,True,3,1,False,True,11.85,3.2882011605415817,67.13615023474179,-9.873417721518985,False,32.01483312731768,-3.057119871279157,39.18,45.42,139436728.84,97.1807,,,847775524.12,-84.5101,7.4533,0,1914672.6366,3086267572.8,1.0,1.5,PASS,False,0.288135593220339,39.18,45.42,8.68,39.18,ESP-Q,61.9396,10.1416,7.4533,1.5808984175599796,51.683299999999996,0.0,0.0,10.68,11.85,0,58.99198167239405,,1.0,1,1,100.0,6,28.49742835239513,True,3.2882011605415817,突破型,0.002259787827472949,True,False,食品加工,39.18,0.2505645820397913,50.0,77.69759450171821,0.7,0.0,54.39,Tier2
600188.SH,600188,兖矿能源,19980701,主板,1273791583.05,4.098360655737698,煤炭开采,未知,801021.SI,210000,20.32,24.3348,21.1876,2.6665,0.8859,20394883.3046,12113467.3046,1170597726.3999999,True,0,0,False,False,23.6,-3.924349881796685,17.118155619596532,-13.898305084745765,False,4.098360655737698,-3.057119871279157,-61.14,-46.73,1060297000.0,26.8092,,,19407964000.0,107.709,3.8434,0,20394883.3046,1170597726.3999999,1.0,1.5,PASS,False,0.1694915254237288,-61.14,-46.73,-3.7,-30.57,ESP-Q,24.3348,2.6665,3.8434,,32.17243333333333,0.0,0.0,20.32,23.6,0,74.45589919816724,,0.8636363636363636,1,1,100.0,7,7.603748190163351,True,-3.924349881796685,,-0.001888428353049291,False,False,煤炭开采,-30.57,-0.721985615111688,22.0,76.73676975945017,0.7,0.0,53.72,Tier2
600198.SH,600198,大唐电信,19981021,主板,518813506.9499999,2.734839476813322,通信设备,未知,801102.SI,730000,8.64,,,58.5255,4.7502,1126313.4594,1124884.6307,535423788.79999995,False,1,1,False,False,10.69,-7.196562835660581,-9.338929695697784,-19.176800748362943,False,2.734839476813322,-3.057119871279157,15.1644,-91.0565,-65572770.28,,,,-409386868.65,,-29.0659,0,1126313.4594,535423788.79999995,1.0,1.5,PASS,False,0.9830508474576272,15.1644,-91.0565,4.779999999999999,15.1644,ESP-Q,,58.5255,-29.0659,,182.74448076923076,0.0,0.0,8.64,10.69,0,89.46162657502865,,0.675,0,1,40.0,13,3.5625865192311537,False,-7.196562835660581,,0.002062534350125362,False,False,通信设备,15.1644,-0.17148546136972298,32.0,53.238487972508594,0.7,0.0,37.27,Other
600203.SH,600203,福日电子,19990514,主板,341178867.09999996,-0.4159733777038155,通信设备,未知,801102.SI,730000,11.97,,185.8165,4.3018,3.6375,709806.7342,709806.7342,224976963.6,False,0,0,False,False,13.43,-4.924543288324057,-5.225653206650838,-10.87118391660461,False,-0.4159733777038155,-3.057119871279157,194.2482,82.9982,43848036.71,94.4603,,,34641788.85,-553.102,2.8558,0,709806.7342,224976963.6,1.0,1.5,PASS,False,0.9830508474576272,194.2482,82.9982,4.779999999999999,194.2482,ESP-Q,,4.3018,2.8558,,182.74448076923076,0.0,0.0,11.97,13.43,0,92.55441008018327,,0.55,0,0,5.0,13,0.4117736647140158,False,-4.924543288324057,,-0.016412170224549678,False,False,通信设备,194.2482,0.4037953907698839,50.0,40.266323024054984,0.7,0.0,28.19,Other
600207.SH,600207,安彩高科,19990714,主板,276074508.25,18.584070796460182,综合,未知,801231.SI,510000,6.7,,,3.8865,9.609,729839.4112,729839.4112,371750764.4,True,1,0,False,False,6.97,-0.29761904761904656,27.61904761904763,-3.8737446197991354,False,18.584070796460182,-3.057119871279157,-31.4016,-75.759,-150991356.21,,,,-1478355419.92,,-7.5792,0,729839.4112,371750764.4,1.0,1.5,PASS,False,0.9322033898305084,-31.4016,-75.759,-7.0,-15.7008,,,3.8865,-7.5792,,210.72467916666668,0.0,0.0,6.7,6.97,0,97.4799541809851,CHASE,0.9459459459459459,1,1,100.0,12,22.650201270097355,True,-0.29761904761904656,,0.01445726701406071,True,False,综合,-15.7008,-0.38071032142225414,32.0,85.64398625429553,1.0,0.0,85.64,Tier2
600210.SH,600210,紫江企业,19990824,主板,164594108.45000002,-4.409672830725464,包装印刷,未知,801141.SI,360000,6.72,9.8261,9.3819,1.4749,1.2058,1019246.6982,1019246.6982,123804740.79999998,False,0,0,False,False,7.34,-0.4444444444444473,-10.993377483443712,-8.446866485013626,False,-4.409672830725464,-3.057119871279157,27.4,-0.84,209383044.67,95.8785,,,2150136844.08,-70.9064,3.2131,0,1019246.6982,123804740.79999998,1.0,1.5,PASS,False,0.9152542372881356,27.4,-0.84,0.78,27.4,ESP-Q,9.8261,1.4749,3.2131,0.3586167883211679,151.91444,10.0,0.0,6.72,7.34,0,71.8213058419244,,0.5263157894736842,0,0,5.0,6,0.0,False,-0.4444444444444473,,-0.0008625679436829332,False,False,包装印刷,27.4,-0.10023527537019161,32.0,30.44639175257732,0.7,0.0,31.31,Other
600219.SH,600219,南山铝业,19991223,主板,1185849416.1499999,-17.886178861788625,纺织制造,未知,801131.SI,350000,5.05,12.2463,14.0328,1.1741,1.6589,5799269.2873,5799269.2873,924555319.0000001,False,0,0,False,False,6.2,-3.256704980842906,-24.626865671641795,-18.5483870967742,False,-17.886178861788625,-3.057119871279157,-36.18,-6.08,1082014179.08,98.2957,,,12053159114.65,76.5505,2.1898,0,5799269.2873,924555319.0000001,1.0,1.5,PASS,False,0.4915254237288136,-36.18,-6.08,2.285,-38.465,,12.2463,1.1741,2.1898,,73.3666625,10.0,0.0,5.05,6.2,0,62.77205040091638,,0.2222222222222222,0,0,5.0,3,-4.2421110651784435,False,-3.256704980842906,,0.0010819579613477637,False,False,纺织制造,-38.465,-0.3119450374124707,32.0,27.73161512027491,1.0,0.0,37.73,Other
600222.SH,600222,太龙药业,19991105,主板,199214667.10000002,7.162921348314599,中药,未知,801155.SI,370000,7.63,72.9839,71.7044,2.7261,5.4752,437875.2339,437875.2339,233595920.4,False,1,1,False,False,8.14,-1.675257731958757,14.22155688622755,-6.26535626535627,False,7.162921348314599,-3.057119871279157,-83.35,37.79,76215.78,2.9301,,,87458650.38,-7916.7538,0.162,0,437875.2339,233595920.4,1.0,1.5,PASS,False,0.13559322033898305,-83.35,37.79,7.69,-91.03999999999999,ESP-Q,72.9839,2.7261,0.162,,165.87102631578946,0.0,0.0,7.63,8.14,0,76.05956471935853,,0.8571428571428571,1,1,75.0,7,13.853393064157494,True,-1.675257731958757,,0.004867379949733709,False,False,中药,-91.03999999999999,-0.3795230212847596,32.0,66.71786941580757,0.7,0.0,46.7,Other
600230.SH,600230,沧州大化,20000406,主板,276935575.5,-18.061224489795936,化学制品,未知,801034.SI,220000,16.06,215.4766,82.5235,1.635,3.0311,664821.3901,664821.3901,217127987.39999998,True,0,0,False,False,20.05,-7.48847926267282,-19.174635128334184,-19.90024937655861,False,-18.061224489795936,-3.057119871279157,507.36,29.61,58662269.96,101.4459,,,167782881.23000002,60.6528,1.4327,0,664821.3901,217127987.39999998,1.0,1.5,PASS,False,0.4406779661016949,507.36,29.61,8.2371,507.36,,215.4766,1.635,1.4327,0.4247015925575528,104.193015625,0.0,0.0,16.06,20.05,0,65.922107674685,,0.05263157894736842,0,0,5.0,23,-12.357686799781066,False,-7.48847926267282,,0.00635528410479386,False,False,化学制品,507.36,0.9849652762164798,50.0,32.2766323024055,1.0,0.0,32.28,Other
600234.SH,600234,科新发展,20000615,主板,271444907.2,6.636568848758473,综合,未知,801231.SI,510000,23.62,,,13.7737,2.6235,620074.5382,620074.5382,162951318.20000002,False,2,2,False,False,32.02,-11.035781544256118,67.99431009957327,-26.233603997501564,False,6.636568848758473,-3.057119871279157,-304.83,-536.65,-3289783.48,,,,-34135274.660000004,,-0.3436,0,620074.5382,162951318.20000002,1.0,1.5,PASS,False,0.9322033898305084,-304.83,-536.65,-7.0,-152.415,,,13.7737,-0.3436,,210.72467916666668,0.0,0.0,23.62,32.02,0,75.94501718213058,,0.7297297297297297,1,1,75.0,12,10.702699322395649,True,-11.035781544256118,,-0.014935933930202837,False,False,综合,-152.415,-0.6575464336923099,22.0,64.68350515463918,1.0,0.0,64.68,Tier2
600236.SH,600236,桂冠电力,20000323,主板,397822366.20000005,-0.3820439350525451,电力,未知,801161.SI,410000,10.43,25.0681,22.8662,4.3013,0.3,8221320.0475,8221320.0475,347249695.20000005,False,1,1,False,False,12.65,-2.157598499061919,24.31466030989271,-17.549407114624515,False,-0.3820439350525451,-3.057119871279157,58.97,35.49,856120082.32,99.6457,,,7765385678.15,159.0556,4.0514,0,8221320.0475,347249695.20000005,1.0,1.5,PASS,False,0.3050847457627119,58.97,35.49,0.02,58.97,,25.0681,4.3013,4.0514,0.42509920298456844,55.30460465116279,0.0,0.0,10.43,12.65,0,86.25429553264605,,0.5,0,0,5.0,14,-0.14739195007426042,False,-2.157598499061919,,-0.0033910467484623676,False,False,电力,58.97,0.7800728319533943,50.0,38.376288659793815,1.0,0.0,38.38,Other
600237.SH,600237,铜峰电子,20000609,主板,237614925.30000007,1.933404940923733,元件,未知,801083.SI,270000,9.49,49.9031,51.0309,2.9897,9.7854,598334.7775,592760.3895,346323931.0,False,0,0,False,False,9.94,7.2316384180791005,-1.0427528675703845,-4.527162977867194,False,1.933404940923733,-3.057119871279157,,26.89,,,,,232401036.36,206.3437,1.2392,0,598334.7775,346323931.0,1.0,1.5,PASS,False,0.7457627118644068,,26.89,2.79,0.0,DATA-INC,49.9031,2.9897,1.2392,,204.28836129032257,0.0,0.0,9.49,9.94,0,65.922107674685,,0.3333333333333333,0,1,40.0,10,-8.910482920183437,False,7.2316384180791005,,-0.009617614353128872,False,False,元件,0.0,-0.261265473986277,32.0,46.1766323024055,1.0,0.0,46.18,Other
600246.SH,600246,万通发展,20000922,主板,1695996755.2,59.19421487603307,房地产开发,未知,801181.SI,430000,15.41,,,6.5546,14.0263,2994143.7005,2913125.6255,2757413330.6,True,3,1,False,True,15.63,15.77761081893312,36.25110521662245,-1.4075495841330832,False,59.19421487603307,-3.057119871279157,-186.72,-49.13,-104185951.29,,,,-969030699.6,,-2.4364,0,2994143.7005,2757413330.6,1.0,1.5,PASS,False,0.847457627118644,-186.72,-49.13,-7.28,-93.36,,,6.5546,-2.4364,,87.53592727272726,0.0,0.0,15.41,15.63,0,87.7434135166094,CHASE,0.9655172413793104,1,1,100.0,9,63.040368722186926,True,15.77761081893312,突破型|OVERHEAT,0.01955693388758998,True,True,房地产开发,-93.36,-0.3949825760790152,32.0,82.72302405498282,1.0,0.0,82.72,Tier2
600251.SH,600251,冠农股份,20030609,主板,229466423.55,-12.887029288702923,农产品加工,未知,801012.SI,110000,10.41,23.2133,17.7928,2.002,1.9938,808850.3199,808850.3199,142824196.0,False,0,0,False,False,13.21,-9.635416666666663,3.2738095238095344,-21.19606358819077,False,-12.887029288702923,-3.057119871279157,58.19,56.8,283857007.36,97.4231,,,1226005766.13,34.6276,7.4601,0,808850.3199,142824196.0,1.0,1.5,PASS,False,0.2542372881355932,58.19,56.8,-22.09,102.37,,23.2133,2.002,7.4601,0.3989224952741021,53.185766666666666,10.0,0.0,10.41,13.21,0,62.77205040091638,,0.16666666666666666,0,0,0.0,2,-4.010380258309489,False,-9.635416666666663,TIER2_FORCED,-0.02077813434671916,False,False,农产品加工,102.37,0.9339095876176718,50.0,28.83161512027491,1.0,0.0,38.83,Tier2
600255.SH,600255,鑫科材料,20001122,主板,171448580.29999998,-6.557377049180335,金属非金属新材料,未知,801051.SI,240000,3.42,199.9655,160.7816,4.1854,2.7735,617702.2586,617702.2586,182612254.2,True,0,0,False,False,3.82,-2.005730659025795,-8.556149732620334,-10.471204188481675,False,-6.557377049180335,-3.057119871279157,95.92,-67.52,13146858.28,79.8695,,,51457609.58,-474.003,1.1216,0,617702.2586,182612254.2,1.0,1.5,PASS,False,0.8305084745762712,95.92,-67.52,22.085,95.92000000000002,ESP-Q,199.9655,4.1854,1.1216,2.084711217681401,108.89996666666667,0.0,0.0,3.42,3.82,0,80.75601374570446,,0.3125,0,0,5.0,5,-4.690662073492296,False,-2.005730659025795,,-0.0015624911013631892,False,False,金属非金属新材料,95.92000000000002,-0.24709244881984746,32.0,33.12680412371134,0.7,0.0,23.19,Other
600256.SH,600256,广汇能源,20000526,主板,1252000104.8,-0.32102728731943087,石油化工,未知,801035.SI,220000,6.21,29.5067,44.7117,1.6261,2.3841,3969433.8406,3969433.8406,1051081461.9999999,True,0,0,False,False,6.83,-2.968750000000009,14.787430683918657,-9.077598828696932,False,-0.32102728731943087,-3.057119871279157,-63.65,-55.38,254571249.53,107.6925,,,3342491283.8,403.3459,0.9722,0,3969433.8406,1051081461.9999999,1.0,1.5,PASS,False,0.2033898305084746,-63.65,-55.38,13.370000000000001,-77.02,,29.5067,1.6261,0.9722,,39.986374999999995,0.0,0.0,6.21,6.83,0,67.92668957617411,,0.8333333333333334,1,1,100.0,2,3.474295410287526,False,-2.968750000000009,,0.007014755954169758,False,False,石油化工,-77.02,-0.7109112807283825,22.0,74.77800687285223,1.0,0.0,74.78,Tier2
600259.SH,600259,中稀有色,20000525,主板,1747144413.55,-17.17528132748427,稀有金属,未知,801054.SI,240000,86.85,229.0718,116.3228,8.0901,3.9187,2921945.8784,2921945.8784,1569016655.4,False,1,1,False,False,110.0,-10.574546952224061,3.7634408602150504,-21.045454545454557,False,-17.17528132748427,-3.057119871279157,283.88,151.0055,172985158.79,101.2152,,,581267970.61,-235.7846,4.7787,0,2921945.8784,1569016655.4,1.0,1.5,PASS,False,0.8983050847457628,283.88,151.0055,108.81,283.88,ESP-Q,229.0718,8.0901,4.7787,0.806931802169931,123.306975,0.0,0.0,86.85,110.0,0,65.922107674685,,0.1875,0,0,5.0,5,-8.00767755611096,False,-10.574546952224061,,-0.001487288232409772,False,False,稀有金属,283.88,0.06433338393055413,50.0,32.2766323024055,0.7,0.0,22.59,Other
600261.SH,600261,阳光照明,20000720,主板,157530075.14999998,-16.70761670761671,其他电子,未知,801082.SI,270000,3.39,24.0023,33.2736,1.2808,1.2934,452582.9555,452582.9555,80335328.60000001,True,1,0,False,False,4.23,-0.5865102639296182,-9.115281501340478,-19.8581560283688,False,-16.70761670761671,-3.057119871279157,-32.9,-56.43,20569606.62,284.0571,,,186566536.44,-126.6083,0.2048,0,452582.9555,80335328.60000001,1.0,1.5,PASS,False,0.8135593220338984,-32.9,-56.43,16.535,-49.435,ESP-Q,24.0023,1.2808,0.2048,,108.22777500000001,0.0,0.0,3.39,4.23,0,74.5704467353952,,0.1111111111111111,0,0,5.0,6,-14.819613820599663,False,-0.5865102639296182,,0.012157666142364278,False,False,其他电子,-49.435,-0.7497774708806673,22.0,29.27113402061856,0.7,0.0,20.49,Other
600266.SH,600266,城建发展,19990203,主板,211914046.0,-3.8461538461538547,房地产开发,未知,801181.SI,430000,4.75,,,0.5395,2.2259,985978.1658,985978.1658,176999756.20000002,False,0,0,False,False,5.46,-4.809619238476959,-14.414414414414411,-13.003663003663002,False,-3.8461538461538547,-3.057119871279157,147.31,51.1048,484434759.74,295.3478,,,453497695.5400001,-654.7883,0.7997,0,985978.1658,176999756.20000002,1.0,1.5,PASS,False,0.847457627118644,147.31,51.1048,-7.28,161.87,ESP-Q,,0.5395,0.7997,,87.53592727272726,0.0,0.0,4.75,5.46,0,65.922107674685,,0.5172413793103449,0,0,5.0,9,0.0,False,-4.809619238476959,,0.0010133910900906277,False,False,房地产开发,161.87,0.21915040578812195,50.0,32.2766323024055,0.7,0.0,22.59,Other
600268.SH,600268,国电南自,19991118,主板,528483210.85,-14.179104477611926,电气自动化设备,未知,801732.SI,630000,13.8,29.2,28.4734,3.7099,3.5901,1401901.6736,1394947.2947,512257164.8,False,0,0,False,False,17.22,-8.669755129053602,7.14285714285714,-19.86062717770034,False,-14.179104477611926,-3.057119871279157,39.59,38.08,39764675.84,94.556,,,841054692.48,-812.4235,1.1192,0,1401901.6736,512257164.8,1.0,1.5,PASS,False,0.4067796610169492,39.59,38.08,-25.5,90.59,ESP-Q,29.2,3.7099,1.1192,0.7375599898964385,54.13474375,0.0,0.0,13.8,17.22,0,65.922107674685,,0.17647058823529413,0,0,5.0,6,-13.299899584645559,False,-8.669755129053602,,-0.008842687873516025,False,False,电气自动化设备,90.59,1.0953615462501853,68.0,35.8766323024055,0.7,0.0,25.11,Other
600271.SH,600271,航天信息,20030711,主板,170192476.15000004,-8.449074074074082,计算机应用,未知,801222.SI,710000,7.91,,,1.1289,1.2773,1465631.7487,1465631.7487,167143638.0,True,0,0,False,False,8.85,-2.3456790123456694,-20.4225352112676,-10.621468926553668,False,-8.449074074074082,-3.057119871279157,12.6603,-157.919,-256237700.0,,,,-1956904100.0,,-2.0012,0,1465631.7487,167143638.0,1.0,1.5,PASS,False,0.7627118644067796,12.6603,-157.919,-4.9399999999999995,22.540299999999995,ESP-Q,,1.1289,-2.0012,,143.4918742857143,0.0,0.0,7.91,8.85,0,62.77205040091638,,0.34615384615384615,0,0,5.0,16,-4.466351876674214,False,-2.3456790123456694,,0.01626684786013084,False,False,计算机应用,22.540299999999995,0.06926351322801085,50.0,31.33161512027491,0.7,0.0,21.93,Other
600273.SH,600273,嘉化能源,20030627,主板,173831689.35,-14.573991031390133,纺织制造,未知,801131.SI,350000,7.62,10.1161,12.2531,0.982,2.1664,999217.551,999217.551,169156609.79999998,False,0,0,False,False,9.03,-5.105853051058517,-34.02597402597402,-15.614617940199327,False,-14.573991031390133,-3.057119871279157,-24.37,-9.57,198524781.37,192.0414,,,2313421522.43,124.1637,1.0162,0,999217.551,169156609.79999998,1.0,1.5,PASS,False,0.4915254237288136,-24.37,-9.57,2.285,-26.655,,10.1161,0.982,1.0162,,73.3666625,0.0,0.0,7.62,9.03,0,65.922107674685,,0.4444444444444444,0,0,5.0,3,-0.9299232347799506,False,-5.105853051058517,,0.006489429736772937,False,False,纺织制造,-26.655,-0.29490522051833257,32.0,28.6766323024055,1.0,0.0,28.68,Other
600284.SH,600284,浦东建设,20040316,主板,199616902.64999998,-6.737120211360647,基础建设,未知,801723.SI,620000,7.06,19.3947,24.3079,0.859,3.3832,685000.736,685000.736,225956269.6,True,1,0,False,False,8.02,-2.0804438280166537,-11.639549436796004,-11.97007481296758,False,-6.737120211360647,-3.057119871279157,,-45.72,,,,,427681510.88,-3660.0413,0.6032,0,685000.736,225956269.6,1.0,1.5,PASS,False,0.0847457627118644,,-45.72,-7.28,0.0,DATA-INC,19.3947,0.859,0.6032,,58.68530769230769,0.0,0.0,7.06,8.02,0,68.38487972508591,,0.5789473684210527,0,0,5.0,6,0.08436019502541292,False,-2.0804438280166537,,0.025319768760545466,False,False,基础建设,0.0,-0.31780061696045764,32.0,29.41546391752577,1.0,0.0,29.42,Other
600285.SH,600285,羚锐制药,20001018,主板,187262776.1,0.046425255338911064,中药,未知,801155.SI,370000,21.55,16.0912,15.4893,3.3493,0.9039,1222133.8723,1219440.1223,161922441.8,True,0,0,False,False,22.93,-2.311876699909332,0.37261294829995517,-6.018316615787178,False,0.046425255338911064,-3.057119871279157,11.59,10.81,227551542.24,92.3753,,,1986825223.75,94.1093,6.9887,0,1222133.8723,161922441.8,1.0,1.5,PASS,False,0.13559322033898305,11.59,10.81,7.69,11.59,ESP-Q,16.0912,3.3493,6.9887,1.3883692838654014,165.87102631578946,10.0,0.0,21.55,22.93,0,65.922107674685,,0.7142857142857143,1,1,100.0,7,6.736896971181805,True,-2.311876699909332,,-0.004112523982157873,False,False,中药,11.59,0.3175030530140276,50.0,79.7766323024055,0.7,0.0,65.84,Tier1
600288.SH,600288,大恒科技,20001129,主板,176718046.95,-10.803858520900334,其他电子,未知,801082.SI,270000,13.87,58.1666,37.044,3.0445,3.3212,605841.6,605841.6,163034890.79999998,False,0,0,False,False,16.12,-5.000000000000004,-12.492113564668772,-13.957816377171229,False,-10.803858520900334,-3.057119871279157,677.4014,463.7593,30924124.88,60.4547,,,152469663.58,-68.63,2.604,0,605841.6,163034890.79999998,1.0,1.5,PASS,False,0.8135593220338984,677.4014,463.7593,16.535,677.4014,ESP-Q,58.1666,3.0445,2.604,0.08586725684357902,108.22777500000001,0.0,0.0,13.87,16.12,0,92.55441008018327,,0.2222222222222222,0,0,5.0,6,-8.915855633883286,False,-5.000000000000004,,0.021112230707931952,False,False,其他电子,677.4014,2.2158445765927097,82.0,46.66632302405498,0.7,0.0,32.67,Other
600298.SH,600298,安琪酵母,20000818,主板,330733740.95,-8.215725806451612,农产品加工,未知,801012.SI,110000,36.42,20.4674,19.7535,2.5361,1.2352,3160996.2198,3121742.0154,306386740.79999995,True,0,0,False,False,40.43,0.468965517241382,-15.986159169550174,-9.918377442493199,False,-8.215725806451612,-3.057119871279157,14.46,16.19,385759763.94,90.5699,,,3452280372.4900002,-68.8928,3.4787,0,3160996.2198,306386740.79999995,1.0,1.5,PASS,False,0.2542372881355932,14.46,16.19,-22.09,7.23,ESP-Q,20.4674,2.5361,3.4787,1.4154495159059475,53.185766666666666,0.0,0.0,36.42,40.43,0,65.922107674685,,0.6666666666666666,0,0,0.0,2,0.6609232239418219,False,0.468965517241382,TIER2_FORCED,0.0076763113181725845,False,False,农产品加工,7.23,-0.6408555222592471,22.0,24.1766323024055,0.7,0.0,16.92,Tier2
600299.SH,600299,安迪苏,20000420,主板,235693243.6,-19.41049604601006,化学制品,未知,801034.SI,220000,11.21,29.9033,34.689,1.7584,0.4943,3452432.5471,3006411.327,164635855.79999998,False,0,0,False,False,14.5,-8.114754098360644,10.990099009901,-22.689655172413794,False,-19.41049604601006,-3.057119871279157,-35.45,-9.18,301771455.0,98.7757,,,3252726120.0,161.2004,1.547,0,3452432.5471,164635855.79999998,1.0,1.5,PASS,False,0.4406779661016949,-35.45,-9.18,8.2371,-43.6871,,29.9033,1.7584,1.547,,104.193015625,0.0,0.0,11.21,14.5,0,65.922107674685,,0.02631578947368421,0,0,5.0,23,-13.706958355995189,False,-8.114754098360644,,-0.024502558282104625,False,False,化学制品,-43.6871,-0.21747244156904474,32.0,28.6766323024055,1.0,0.0,28.68,Other
600301.SH,600301,华锡有色,20000712,主板,889970313.8499999,-4.419789014186981,贸易,未知,801202.SI,450000,52.55,41.5116,40.0872,6.6719,5.2781,3324142.1021,1446889.0037,649302187.6,False,1,0,False,False,64.7,-6.1607142857142865,2.837573385518577,-18.778979907264304,False,-4.419789014186981,-3.057119871279157,21.91,21.29,181862483.47,99.9831,,,1808492549.3,62.0178,3.7175,0,3324142.1021,649302187.6,1.0,1.5,PASS,False,0.3728813559322034,21.91,21.29,2.375,21.91,,41.5116,6.6719,3.7175,1.8946417161113647,140.81984285714287,0.0,0.0,52.55,64.7,0,34.02061855670103,CAT-0,0.625,0,0,5.0,3,2.105018437645346,False,-6.1607142857142865,,-0.0037126936401998055,False,False,贸易,21.91,0.06097309361905967,50.0,22.70618556701031,0.5,0.0,11.35,Other
600309.SH,600309,万华化学,20010105,主板,2790816864.9999995,-11.42987770030861,化学制品,未知,801034.SI,220000,77.49,19.3643,18.4292,2.1776,0.8975,24258024.6299,24258024.6299,2244235002.6000004,False,0,0,False,False,90.92,-5.280528052805289,-8.792372881355936,-14.771227452705682,False,-11.42987770030861,-3.057119871279157,18.2,-9.1,3593821260.15,96.6677,,,31082714342.01,129.2592,3.3843,0,24258024.6299,2244235002.6000004,1.0,1.5,PASS,False,0.4406779661016949,18.2,-9.1,8.2371,18.2,ESP-Q,19.3643,2.1776,3.3843,1.0639725274725276,104.193015625,10.0,0.0,77.49,90.92,0,65.922107674685,,0.2894736842105263,0,0,5.0,23,-5.72634001029374,False,-5.280528052805289,,-0.007101680496464588,False,False,化学制品,18.2,-0.08242884314639715,32.0,28.6766323024055,0.7,0.0,30.07,Other
600312.SH,600312,平高电气,20010221,主板,676645047.3000001,-0.3778932451582562,高低压设备,未知,801734.SI,630000,21.09,25.5551,24.3287,2.4527,2.1573,2861747.0407,2861747.0407,611549079.1999999,False,0,0,False,False,23.6,-2.315886984715143,-3.6986301369862917,-10.63559322033899,False,-0.3778932451582562,-3.057119871279157,14.45,10.1,407012247.17,98.1115,,,3137445304.9700003,-202.9461,3.6207,0,2861747.0407,611549079.1999999,1.0,1.5,PASS,False,0.4745762711864407,14.45,10.1,10.365,4.084999999999999,ESP-Q,25.5551,2.4527,3.6207,1.7685190311418686,142.6951,10.0,0.0,21.09,23.6,0,65.922107674685,,0.5806451612903226,0,1,40.0,10,5.100734087773716,True,-2.315886984715143,,0.0068845825713475875,False,False,高低压设备,4.084999999999999,-0.02471969127270322,32.0,46.1766323024055,0.7,0.0,42.32,Other
600320.SH,600320,振华重工,20001221,主板,361907790.1499999,-6.225680933852129,专用设备,未知,801074.SI,640000,4.82,34.698,29.775,1.5876,1.4112,2539346.3875,1601202.8726,251950907.59999996,False,1,0,False,False,5.53,-5.3045186640471425,-5.490196078431364,-12.839059674502707,False,-6.225680933852129,-3.057119871279157,37.29,136.35,369095628.0,98.0748,,,1477436437.0,112.3987,2.3038,0,2539346.3875,251950907.59999996,1.0,1.5,PASS,False,0.6440677966101694,37.29,136.35,-10.094999999999999,57.48,,34.698,1.5876,2.3038,0.9304907481898632,147.6403775510204,0.0,0.0,4.82,5.53,0,65.922107674685,,0.4074074074074074,0,0,5.0,17,-7.024184907671671,False,-5.3045186640471425,,0.012458062265306446,False,False,专用设备,57.48,-0.027333011749384902,32.0,28.6766323024055,1.0,0.0,28.68,Other
600325.SH,600325,华发股份,20040225,主板,203935214.45,-18.71508379888268,房地产开发,未知,801181.SI,430000,2.91,,,0.9338,1.9396,800876.2658,800876.2658,180802670.2,False,0,0,False,False,3.77,-12.084592145015105,-31.850117096018728,-22.81167108753316,False,-18.71508379888268,-3.057119871279157,-614.27,-1362.57,-941165886.27,,,,-9050896762.61,,-10.5026,0,800876.2658,180802670.2,1.0,1.5,PASS,False,0.847457627118644,-614.27,-1362.57,-7.28,-307.135,,,0.9338,-10.5026,,87.53592727272726,0.0,0.0,2.91,3.77,0,65.922107674685,,0.06896551724137931,0,0,5.0,9,-14.868929952728827,False,-12.084592145015105,,0.03164096497706007,False,False,房地产开发,-307.135,-0.9093667715052867,22.0,26.6766323024055,1.0,0.0,26.68,Other
600328.SH,600328,中盐化工,20001222,主板,330796254.15,-17.35159817351598,化学原料,未知,801033.SI,220000,7.24,143.5587,,0.8961,2.2104,1061608.1019,1061608.1019,299459225.2,True,0,0,False,False,9.07,-9.950248756218894,-18.09954751131221,-20.176405733186332,False,-17.35159817351598,-3.057119871279157,-3037.08,-98.9,-173627374.76,,,,-88275496.73999998,,-1.2947,0,1061608.1019,299459225.2,1.0,1.5,PASS,False,0.6101694915254238,-3037.08,-98.9,-6.205,-1518.54,,143.5587,0.8961,-1.2947,,75.93632,0.0,0.0,7.24,9.07,0,62.77205040091638,,0.13333333333333333,0,0,5.0,5,-10.616684380412533,False,-9.950248756218894,,0.01800883058526838,False,False,化学原料,-1510.412,-2.4197801817332394,12.0,23.73161512027491,1.0,0.0,23.73,Other
600329.SH,600329,达仁堂,20010606,主板,166394164.54999998,1.8928220255653994,中药,未知,801155.SI,370000,41.45,14.9789,14.6385,4.2434,0.6565,3192041.1056,2350585.3806,194079099.0,True,0,0,False,False,44.24,-2.972846441947552,-4.028710349617959,-6.306509945750449,False,1.8928220255653994,-3.057119871279157,11.61,6.56,419303881.59,98.9384,,,2628982606.95,85.3959,5.7968,0,3192041.1056,194079099.0,1.0,1.5,PASS,False,0.13559322033898305,11.61,6.56,7.69,11.61,ESP-Q,14.9789,4.2434,5.7968,1.2901722652885443,165.87102631578946,10.0,0.0,41.45,44.24,0,65.922107674685,,0.7619047619047619,1,1,100.0,7,8.583293741408294,True,-2.972846441947552,,-0.020543273335459616,False,False,中药,11.61,0.31763888582593425,50.0,79.7766323024055,0.7,0.0,65.84,Tier1
600331.SH,600331,宏达股份,20011220,主板,1200086975.25,-8.434430964760253,工业金属,未知,801055.SI,240000,15.85,,,13.4422,2.9091,4186936.0,3220720.0,957615168.6000001,False,0,0,False,False,18.84,-5.429594272076388,-9.064830751577734,-15.870488322717623,False,-8.434430964760253,-3.057119871279157,7.0307,-764.87,-34430851.36,,,,-248404024.42,,-1.0758,0,4186936.0,957615168.6000001,1.0,1.5,PASS,False,0.3559322033898305,7.0307,-764.87,55.81,-48.7793,,,13.4422,-1.0758,,38.288555,0.0,0.0,15.85,18.84,0,62.77205040091638,,0.2857142857142857,0,0,5.0,7,-3.1208421145860417,False,-5.429594272076388,,-0.012713499781201239,False,False,工业金属,-48.7793,-0.7697927458927417,22.0,25.73161512027491,1.0,0.0,25.73,Other
600332.SH,600332,白云山,20010206,主板,219736928.0,-4.613356766256594,中药,未知,801155.SI,370000,21.71,11.8319,11.9828,0.8922,0.4209,3529592.1503,3052189.2503,174770829.4,False,0,0,False,False,23.16,-2.6893769610040197,-13.540422142572673,-6.260794473229703,False,-4.613356766256594,-3.057119871279157,1.72,0.29,1703381020.16,95.4941,,,9141695057.869999,-100.6911,4.6122,0,3529592.1503,174770829.4,1.0,1.5,PASS,False,0.13559322033898305,1.72,0.29,7.69,-5.970000000000001,ESP-Q,11.8319,0.8922,4.6122,6.879011627906976,165.87102631578946,0.0,0.0,21.71,23.16,0,92.21076746849943,,0.5714285714285714,0,0,5.0,7,2.0771149495863,False,-2.6893769610040197,,0.012515535347754623,False,False,中药,-5.970000000000001,0.19824184416002097,50.0,40.16323024054982,0.7,0.0,28.11,Other
600338.SH,600338,西藏珠峰,20001227,主板,2437067669.899999,-6.387975575387506,工业金属,未知,801055.SI,240000,19.93,35.584,32.1988,4.0337,6.6284,1822020.8648,1822020.8648,1477409395.3999999,True,3,0,False,False,28.28,-6.123410268487994,13.561253561253551,-29.526166902404526,False,-6.387975575387506,-3.057119871279157,42.58,100.58,179602915.32,99.8801,,,1431978184.52,41.2218,3.9993,0,1822020.8648,1477409395.3999999,1.0,1.5,PASS,False,0.3559322033898305,42.58,100.58,55.81,-13.230000000000004,,35.584,4.0337,3.9993,0.8356975105683421,38.288555,0.0,0.0,19.93,28.28,0,71.8213058419244,,0.42857142857142855,0,0,5.0,7,-1.0743867252132944,False,-6.123410268487994,,-0.0010549817952286132,False,False,工业金属,-13.230000000000004,-0.56275709127834,22.0,28.44639175257732,1.0,0.0,28.45,Other
600339.SH,600339,中油工程,20001225,主板,470377222.6000001,0.0,化学制品,未知,801034.SI,220000,3.91,61.2796,58.5864,0.8113,3.4167,2183010.6612,2183010.6612,727870948.8000001,True,1,1,False,False,4.4,2.088772845953013,1.558441558441559,-11.136363636363644,False,0.0,-3.057119871279157,28.95,-17.02,215074837.39,102.1487,,,1397884816.97,-1156.1238,0.7852,0,2183010.6612,727870948.8000001,1.0,1.5,PASS,False,0.4406779661016949,28.95,-17.02,8.2371,28.949999999999996,ESP-Q,61.2796,0.8113,0.7852,2.11673920552677,104.193015625,0.0,0.0,3.91,4.4,0,65.922107674685,,0.6578947368421053,0,1,55.0,23,5.703537690014871,True,2.088772845953013,,0.011456481084827429,False,False,化学制品,28.949999999999996,-0.058971310267275964,32.0,53.6766323024055,0.7,0.0,37.57,Other
600346.SH,600346,恒力石化,20010820,主板,922110202.0500001,-24.017642341619894,专用设备,未知,801074.SI,640000,18.95,18.855,14.931,1.8866,0.5324,13339094.0945,13339094.0945,724024659.8,False,0,0,False,False,25.11,-10.146989094357517,-22.87342287342288,-24.532058940661095,False,-24.017642341619894,-3.057119871279157,94.27,14.21,2407158000.0,61.5611,,,14838221600.0,85.917,5.6884,0,13339094.0945,724024659.8,1.0,1.5,PASS,False,0.6440677966101694,94.27,14.21,-10.094999999999999,114.46,ESP-Q,18.855,1.8866,5.6884,0.2000106078285775,147.6403775510204,10.0,0.0,18.95,25.11,0,65.922107674685,,0.037037037037037035,0,0,5.0,17,-24.816146315439436,False,-10.146989094357517,,-0.002682891969925661,False,False,专用设备,114.46,0.1663761371878936,50.0,32.2766323024055,0.7,0.0,32.59,Other
600348.SH,600348,华阳股份,20030821,主板,534665300.6999999,-9.667673716012072,煤炭开采,未知,801021.SI,210000,8.97,19.001,20.3555,1.1614,1.0699,3235927.5,3235927.5,332457062.2,True,0,0,False,False,10.59,-5.47945205479452,-3.9614561027837225,-15.29745042492917,False,-9.667673716012072,-3.057119871279157,-24.11,-23.7,478730765.41,98.9918,,,4073803151.4,-44.2571,1.3626,0,3235927.5,332457062.2,1.0,1.5,PASS,False,0.1694915254237288,-24.11,-23.7,-3.7,-12.055,ESP-Q,19.001,1.1614,1.3626,,32.17243333333333,0.0,0.0,8.97,10.59,0,65.922107674685,,0.3181818181818182,0,0,5.0,7,-6.162286181586419,False,-5.47945205479452,,-0.001250808149479518,False,False,煤炭开采,-12.055,-0.4054324213788012,32.0,28.6766323024055,0.7,0.0,20.07,Other
600352.SH,600352,浙江龙盛,20030801,主板,561364224.4999999,-10.68642745709829,化学制品,未知,801034.SI,220000,11.45,20.3665,18.9067,1.1239,1.7041,3725064.9797,3725064.9797,492932155.3999999,False,0,0,False,False,13.79,-4.264214046822756,-30.310407790626904,-16.968817984046414,False,-10.68642745709829,-3.057119871279157,4.74,-12.59,305743449.9,56.9214,,,3417473301.91,56.5855,1.6324,0,3725064.9797,492932155.3999999,1.0,1.5,PASS,False,0.4406779661016949,4.74,-12.59,8.2371,-3.4970999999999997,ESP-Q,20.3665,1.1239,1.6324,4.296729957805907,104.193015625,0.0,0.0,11.45,13.79,0,81.78694158075601,,0.35526315789473684,0,0,5.0,23,-4.982889767083419,False,-4.264214046822756,,-0.003782305536370476,False,False,化学制品,-3.4970999999999997,-0.12977400004235815,32.0,33.4360824742268,0.7,0.0,23.41,Other
600353.SH,600353,旭光电子,20021120,主板,1074519267.3999999,33.806292412091295,其他电子,未知,801082.SI,270000,21.69,111.2638,109.0828,9.323,9.0559,1797691.4039,1797691.4039,1635638493.1999998,False,1,1,False,False,24.57,2.844950213371278,13.918067226890773,-11.721611721611714,False,33.806292412091295,-3.057119871279157,6.36,35.41,29398742.99,88.0949,,,303650016.2,-305.1518,1.7428,0,1797691.4039,1635638493.1999998,1.0,1.5,PASS,False,0.8135593220338984,6.36,35.41,16.535,-10.175,ESP-Q,111.2638,9.323,1.7428,17.494308176100628,108.22777500000001,0.0,0.0,21.69,24.57,0,72.2794959908362,CHASE,0.9444444444444444,1,1,75.0,6,35.69429529910835,True,2.844950213371278,,0.0003196794382152354,True,False,其他电子,-10.175,-0.5895896740342177,22.0,63.58384879725086,0.7,0.0,44.51,Other
600360.SH,600360,华微电子,20010316,主板,381596610.3,22.78738555442523,元件,未知,801083.SI,270000,12.07,67.0549,65.9159,3.2982,14.9443,1159076.4319,1159076.4319,751787931.6000001,False,1,1,False,False,12.6,3.2506415739948835,34.111111111111114,-4.206349206349202,False,22.78738555442523,-3.057119871279157,-6.53,11.54,58276003.46,100.6461,,,428467447.84000003,16.2233,1.6615,0,1159076.4319,751787931.6000001,1.0,1.5,PASS,False,0.7457627118644068,-6.53,11.54,2.79,-9.32,,67.0549,3.2982,1.6615,,204.28836129032257,0.0,0.0,12.07,12.6,0,89.46162657502865,CHASE,0.696969696969697,0,1,50.0,10,11.943497693318061,True,3.2506415739948835,,0.014293471845726402,True,False,元件,-9.32,-0.2795839435017498,32.0,58.238487972508594,1.0,0.0,58.24,Tier2
600361.SH,600361,创新新材,20011129,主板,270707415.79999995,-7.608695652173902,一般零售,未知,801203.SI,450000,4.25,20.1953,18.7756,1.3912,1.6183,1586381.738,1586381.738,238225644.6,False,0,0,False,False,4.72,0.0,-3.8461538461538436,-9.957627118644064,False,-7.608695652173902,-3.057119871279157,29.31,-28.41,251369012.29,94.3752,,,1818765079.1299999,-392.2181,2.3594,0,1586381.738,238225644.6,1.0,1.5,PASS,False,0.576271186440678,29.31,-28.41,-2.645,34.6,ESP-Q,20.1953,1.3912,2.3594,0.6890242238143979,44.26595714285714,10.0,0.0,4.25,4.72,0,64.26116838487972,,0.75,1,0,40.0,4,3.019390633886915,False,0.0,,-0.008002244594473995,False,False,一般零售,34.6,0.41185316477217565,50.0,49.27835051546391,0.7,0.0,44.49,Other
600362.SH,600362,江西铜业,20020111,主板,2350748601.1499996,-5.928169623539603,工业金属,未知,801055.SI,240000,43.48,21.1158,18.8309,1.79,2.1009,15055947.4529,9023175.7169,2187784968.0,True,0,0,False,False,51.88,-6.232477895190858,-20.988551699073245,-16.191210485736327,False,-5.928169623539603,-3.057119871279157,26.3,11.3,3126322051.0,110.9584,,,22883640145.0,135.9642,3.4073,0,15055947.4529,2187784968.0,1.0,1.5,PASS,False,0.3559322033898305,26.3,11.3,55.81,-29.51,,21.1158,1.79,3.4073,0.8028821292775665,38.288555,0.0,0.0,43.48,51.88,0,62.77205040091638,,0.47619047619047616,0,0,5.0,7,-0.6145807733653914,False,-6.232477895190858,,-0.01261467197468981,False,False,工业金属,-29.51,-0.6575702228202399,22.0,25.73161512027491,1.0,0.0,25.73,Other
600366.SH,600366,宁波韵升,20001030,主板,388257893.9,-0.3909304143862258,其他电子,未知,801082.SI,270000,12.74,42.3238,34.139,2.2034,2.5715,1400178.299,1400178.299,366115889.79999995,True,0,0,False,False,13.94,-4.569288389513105,-10.344827586206895,-8.608321377331418,False,-0.3909304143862258,-3.057119871279157,703.22,185.27,99336176.17,85.2431,,,717995468.18,43.8,1.8538,0,1400178.299,366115889.79999995,1.0,1.5,PASS,False,0.8135593220338984,703.22,185.27,16.535,703.22,,42.3238,2.2034,1.8538,0.06018571712977446,108.22777500000001,0.0,0.0,12.74,13.94,0,85.6815578465063,,0.6666666666666666,0,0,5.0,6,1.4970724726308227,False,-4.569288389513105,,-0.011042569363557787,False,False,其他电子,703.22,2.3211890659370744,82.0,44.60446735395189,1.0,0.0,44.6,Other
600367.SH,600367,红星发展,20010320,主板,892778862.25,9.823008849557514,化学原料,未知,801033.SI,220000,24.82,91.2086,91.8622,3.4013,14.6506,846686.8988,799137.4377,943277411.0,True,1,0,False,False,26.81,-0.5210420841683328,33.083109919571065,-7.422603506154413,False,9.823008849557514,-3.057119871279157,-7.93,23.09,26524077.89,92.5802,,,301896214.55,0.6935,1.1581,0,846686.8988,943277411.0,1.0,1.5,PASS,False,0.6101694915254238,-7.93,23.09,-6.205,-3.965,ESP-Q,91.2086,3.4013,1.1581,,75.93632,0.0,0.0,24.82,26.81,0,80.06872852233677,,0.8666666666666667,1,1,100.0,5,16.557922642660962,True,-0.5210420841683328,,0.008403763037137435,False,False,化学原料,-3.965,-0.15648406478910054,32.0,80.42061855670103,0.7,0.0,56.29,Tier2
600369.SH,600369,西南证券,20010109,主板,159985776.25,-3.1100478468899517,证券,未知,801193.SI,490000,4.05,25.3326,23.8763,1.0117,0.9801,2691269.1952,2691269.1952,194238905.20000002,False,0,0,False,False,4.34,-0.49140049140050657,-10.19955654101996,-6.682027649769584,False,-3.1100478468899517,-3.057119871279157,32.08,51.82,291696229.85,93.9914,,,2420568885.7,673.5125,1.1744,0,2691269.1952,194238905.20000002,1.0,1.5,PASS,False,0.03389830508474576,32.08,51.82,31.015,1.0649999999999977,,25.3326,1.0117,1.1744,0.7896695760598504,30.001145454545455,0.0,0.0,4.05,4.34,0,65.922107674685,,0.3409090909090909,0,0,5.0,14,-1.2262402213039925,False,-0.49140049140050657,,-0.00214766466179867,False,False,证券,1.0649999999999977,-0.1141953750826202,32.0,28.6766323024055,1.0,0.0,28.68,Other
600376.SH,600376,首开股份,20010312,主板,323473289.8,-2.3605150214592308,房地产开发,未知,801181.SI,430000,4.55,,,4.9854,6.9907,1173702.1851,1173702.1851,521411710.6,True,0,0,False,False,4.9,-0.6550218340611424,-20.175438596491237,-7.142857142857151,False,-2.3605150214592308,-3.057119871279157,31.5357,18.238,-751053735.6,,,,-12485650938.84,,-8.7359,0,1173702.1851,521411710.6,1.0,1.5,PASS,False,0.847457627118644,31.5357,18.238,-7.28,46.0957,,,4.9854,-8.7359,,87.53592727272726,0.0,0.0,4.55,4.9,0,84.65063001145475,,0.5862068965517241,0,0,5.0,9,1.485638824694624,False,-0.6550218340611424,,0.0031180158957304525,False,False,房地产开发,46.0957,-0.05942505980205358,32.0,34.29518900343643,1.0,0.0,34.3,Other
600378.SH,600378,昊华科技,20010111,主板,752393869.75,2.8454092109122975,化学制品,未知,801034.SI,220000,35.06,31.3108,28.8487,2.434,2.3526,4522738.6677,3760414.1627,1012663715.0000001,True,0,0,False,False,38.43,-5.063633901976705,-1.378340365682118,-8.769190736403843,False,2.8454092109122975,-3.057119871279157,78.81,121.61,306290751.55,99.4388,,,3570993902.39,-154.1685,1.6744,0,4522738.6677,1012663715.0000001,1.0,1.5,PASS,False,0.4406779661016949,78.81,121.61,8.2371,78.81,ESP-Q,31.3108,2.434,1.6744,0.3972947595482807,104.193015625,0.0,0.0,35.06,38.43,0,89.46162657502865,,0.6973684210526315,0,1,55.0,23,8.548946900927168,True,-5.063633901976705,,-0.008603961666485657,False,False,化学制品,78.81,0.04982800037021085,50.0,64.33848797250859,0.7,0.0,45.04,Other
600380.SH,600380,健康元,20010608,主板,151912559.45,-7.12328767123287,中药,未知,801155.SI,370000,10.17,13.931,14.1516,1.1918,0.6801,1860554.0936,1860554.0936,140808658.4,False,0,0,False,False,11.2,-3.0505243088655876,-10.867659947414554,-9.19642857142856,False,-7.12328767123287,-3.057119871279157,-4.18,-0.94,406044025.41,97.8487,,,3540903458.3199997,87.9157,2.6954,0,1860554.0936,140808658.4,1.0,1.5,PASS,False,0.13559322033898305,-4.18,-0.94,7.69,-11.870000000000001,,13.931,1.1918,2.6954,,165.87102631578946,0.0,0.0,10.17,11.2,0,78.46506300114548,,0.47619047619047616,0,0,5.0,7,-0.43281595538997575,False,-3.0505243088655876,,0.017894991835374907,False,False,中药,-11.870000000000001,0.15817116464756997,50.0,36.039518900343644,1.0,0.0,36.04,Other
600383.SH,600383,金地集团,20010412,主板,244665769.2,-3.2490974729241784,房地产开发,未知,801181.SI,430000,2.68,,,0.2704,1.9112,1209908.3973,1209908.3973,197862252.6,False,0,0,False,False,3.26,-6.620209059233451,-19.03323262839879,-17.791411042944773,False,-3.2490974729241784,-3.057119871279157,-4.4933,-180.5342,-672352597.16,,,,-20675517098.98,,-1.5037,0,1209908.3973,197862252.6,1.0,1.5,PASS,False,0.847457627118644,-4.4933,-180.5342,-7.28,-2.24665,,,0.2704,-1.5037,,87.53592727272726,0.0,0.0,2.68,3.26,0,65.922107674685,,0.5517241379310345,0,0,5.0,9,0.5970563732296763,False,-6.620209059233451,,-0.0015275776666477355,False,False,房地产开发,-2.24665,-0.17574614884317258,32.0,28.6766323024055,1.0,0.0,28.68,Other
600389.SH,600389,江山股份,20010110,主板,234845102.80000004,-15.297638842700367,化学制品,未知,801034.SI,220000,25.47,20.5945,19.5953,2.6244,1.1951,1096865.55,1096865.55,166774607.2,True,0,0,False,False,30.4,-2.786259541984737,0.5527043031977819,-16.217105263157894,False,-15.297638842700367,-3.057119871279157,-6.54,89.75,140583931.7,76.9629,,,1131509718.44,-14.0526,4.467,0,1096865.55,166774607.2,1.0,1.5,PASS,False,0.4406779661016949,-6.54,89.75,8.2371,-14.7771,ESP-Q,20.5945,2.6244,4.467,,104.193015625,0.0,0.0,25.47,30.4,0,65.922107674685,,0.14473684210526316,0,0,5.0,23,-9.594101152685496,False,-2.786259541984737,,0.004558068195036886,False,False,化学制品,-14.7771,-0.15438804384482208,32.0,28.6766323024055,0.7,0.0,20.07,Other
600390.SH,600390,五矿资本,20010115,主板,150619883.14999995,-6.805293005671087,多元金融,未知,801191.SI,490000,4.93,50.9011,42.0102,0.5225,0.8393,2217546.2713,2217546.2713,156388146.0,False,0,0,False,False,5.37,-2.5691699604743046,-10.849909584086802,-8.193668528864062,False,-6.805293005671087,-3.057119871279157,47.47,19.19,283574066.55,99.743,,,2334331631.1299996,-76.7695,0.673,0,2217546.2713,156388146.0,1.0,1.5,PASS,False,0.3220338983050847,47.47,19.19,17.765,47.47,ESP-Q,50.9011,0.5225,0.673,1.0722793343164103,44.777813333333334,0.0,0.0,4.93,5.37,0,74.45589919816724,,0.5294117647058824,0,0,5.0,6,0.0,False,-2.5691699604743046,,0.007450946740348282,False,False,多元金融,47.47,-0.07061681240994251,32.0,31.236769759450176,0.7,0.0,21.87,Other
600392.SH,600392,盛和资源,20030529,主板,1980304177.6499996,-15.833637358628238,计算机应用,未知,801222.SI,710000,23.07,48.1967,40.518,3.1422,3.0294,4043770.897,4043770.897,1527690952.4,True,1,0,False,False,27.96,-8.233890214797135,-21.690427698574343,-17.4892703862661,False,-15.833637358628238,-3.057119871279157,96.66,310.31,325812295.34,99.5336,,,2276755548.9399996,-152.3614,2.5621,0,4043770.897,1527690952.4,1.0,1.5,PASS,False,0.7627118644067796,96.66,310.31,-4.9399999999999995,106.53999999999999,ESP-Q,48.1967,3.1422,2.5621,0.49862093937512936,143.4918742857143,0.0,0.0,23.07,27.96,0,68.27033218785796,,0.07692307692307693,0,0,5.0,16,-11.85091516122837,False,-8.233890214797135,,-0.001065523109013127,False,False,计算机应用,106.53999999999999,0.4238279297277078,50.0,32.98109965635739,0.7,0.0,23.09,Other
600395.SH,600395,盘江股份,20010531,主板,192111577.3,-9.895833333333325,煤炭开采,未知,801021.SI,210000,5.19,33.8119,23.2396,1.04,1.1856,1114098.32,1114098.32,157111714.2,True,0,0,False,False,5.88,-0.7648183556405397,-8.303886925795045,-11.734693877551017,False,-9.895833333333325,-3.057119871279157,145.48,1053.31,56068625.6,123.7045,,,248892978.29999998,453.8667,0.4246,0,1114098.32,157111714.2,1.0,1.5,PASS,False,0.1694915254237288,145.48,1053.31,-3.7,152.87999999999997,,33.8119,1.04,0.4246,0.2324161396755568,32.17243333333333,0.0,0.0,5.19,5.88,0,65.922107674685,,0.2727272727272727,0,0,5.0,7,-6.390445798907672,False,-0.7648183556405397,,-0.0007991129369032996,False,False,煤炭开采,152.87999999999997,2.4144812166624448,82.0,38.6766323024055,1.0,0.0,38.68,Other
600397.SH,600397,江钨装备,20020702,主板,612299442.05,-14.809873248832561,煤炭开采,未知,801021.SI,210000,12.77,,,65.4813,3.5427,1264178.7693,1264178.7693,401294283.1999999,False,1,0,False,False,16.03,-8.39311334289814,-17.55971594577147,-20.336868371802876,False,-14.809873248832561,-3.057119871279157,101.0097,-0.5631,1259071.54,94.4488,,,-917323142.21,241.5503,0.6934,0,1264178.7693,401294283.1999999,1.0,1.5,PASS,False,0.1694915254237288,101.0097,-0.5631,-3.7,108.4097,ESP-Q,,65.4813,0.6934,,32.17243333333333,0.0,0.0,12.77,16.03,0,56.47193585337915,,0.045454545454545456,0,0,5.0,7,-11.304485714406908,False,-8.39311334289814,,-0.011850081100080413,False,False,煤炭开采,108.4097,1.654167120456148,68.0,33.041580756013744,0.7,0.0,23.13,Other
600398.SH,600398,海澜之家,20001228,主板,214986024.5,-9.327217125382269,服装家纺,未知,801132.SI,350000,5.93,13.1489,13.0639,1.6472,0.5956,2848042.7855,2848042.7855,164683786.2,False,0,0,False,False,6.68,-1.1666666666666714,-2.4671052631578982,-11.227544910179644,False,-9.327217125382269,-3.057119871279157,2.14,5.3,945572757.62,99.6075,,,6449805942.08,136.5121,5.0519,0,2848042.7855,164683786.2,1.0,1.5,PASS,False,0.11864406779661017,2.14,5.3,17.065,-14.925,,13.1489,1.6472,5.0519,6.144345794392523,85.02447272727274,10.0,0.0,5.93,6.68,0,92.21076746849943,,0.25,0,0,5.0,5,-11.425379274254365,False,-1.1666666666666714,,-0.009578658642886621,False,False,服装家纺,-14.925,-0.6490417986129511,22.0,34.56323024054983,1.0,0.0,44.56,Other
600400.SH,600400,红豆股份,20010108,主板,314352029.8,45.192307692307686,服装家纺,未知,801132.SI,350000,3.02,,,4.9888,4.7784,691994.2993,691994.2993,423604447.2,True,2,0,False,False,3.22,0.33222591362127574,31.304347826086975,-6.211180124223603,False,45.192307692307686,-3.057119871279157,122.6182,-61.08,7307199.08,130.4702,,,-790433275.28,1689.7548,0.4035,1,691994.2993,423604447.2,1.0,1.5,PASS,False,0.11864406779661017,122.6182,-61.08,17.065,122.6182,ESP-Q,,4.9888,0.4035,,85.02447272727274,0.0,0.0,3.02,3.22,10,81.78694158075601,CHASE,1.0,1,1,100.0,5,43.09414554343559,True,0.33222591362127574,,0.01870291878648024,True,False,服装家纺,122.6182,0.37750136437810633,50.0,84.5360824742268,0.7,10.0,49.18,Other
600406.SH,600406,国电南瑞,20031016,主板,3214154834.0999994,-5.068442471328161,电气自动化设备,未知,801732.SI,630000,25.66,24.8938,24.7708,3.8527,1.4947,20609486.2963,20548980.0317,2898004761.4,False,0,0,False,False,28.48,-3.09667673716012,-1.7986988136241777,-9.90168539325843,False,-5.068442471328161,-3.057119871279157,5.39,8.04,641986345.23,89.0051,,,16067833926.150002,-173.157,1.3591,0,20609486.2963,2898004761.4,1.0,1.5,PASS,False,0.4067796610169492,5.39,8.04,-25.5,2.695,ESP-Q,24.8938,3.8527,1.3591,4.6185157699443415,54.13474375,0.0,0.0,25.66,28.48,0,75.02863688430699,,0.4117647058823529,0,0,5.0,6,-4.189237578361793,False,-3.09667673716012,,-0.00135261682592957,False,False,电气自动化设备,2.695,-0.04496148923383941,32.0,31.4085910652921,0.7,0.0,21.99,Other
600410.SH,600410,华胜天成,20040427,主板,3070869217.0999994,-24.40860215053763,计算机应用,未知,801222.SI,710000,21.09,835.0137,,5.3667,8.4328,2312507.2864,2312507.2864,1993873921.2000003,True,0,0,False,False,28.98,-8.064516129032262,-14.303128809427058,-27.225672877846797,False,-24.40860215053763,-3.057119871279157,-82.0102,-617.1498,-68963318.07,,,,-379871113.1,,-2.1138,0,2312507.2864,1993873921.2000003,1.0,1.5,PASS,False,0.7627118644067796,-82.0102,-617.1498,-4.9399999999999995,-41.0051,,835.0137,5.3667,-2.1138,,143.4918742857143,0.0,0.0,21.09,28.98,0,92.21076746849943,,0.019230769230769232,0,0,5.0,16,-20.42587995313776,False,-8.064516129032262,,-0.0024559225768100495,False,False,计算机应用,-41.0051,-0.19896289320248642,32.0,36.56323024054983,1.0,0.0,36.56,Other
600415.SH,600415,小商品城,20020509,主板,1873953457.6500003,9.635627530364378,商业物业经营,未知,801205.SI,450000,13.54,17.663,16.9103,3.1107,2.6831,7424739.192,7424739.192,2232160703.6,True,0,0,False,False,14.36,-1.5272727272727327,-10.271703114645469,-5.710306406685239,False,9.635627530364378,-3.057119871279157,18.87,30.5,945229245.65,95.435,,,9898037805.08,4.9854,4.2312,0,7424739.192,2232160703.6,1.0,1.5,PASS,False,0.06779661016949153,18.87,30.5,-5.225,29.32,,17.663,3.1107,4.2312,0.936036036036036,17.663,0.0,0.0,13.54,14.36,0,92.21076746849943,,0.5,0,1,50.0,1,-7.843130440826396,False,-1.5272727272727327,,-0.0021961187946206353,False,False,商业物业经营,29.32,-0.7071067811865475,22.0,57.06323024054983,1.0,0.0,57.06,Tier1
600426.SH,600426,华鲁恒升,20020620,主板,999024515.4000001,-11.082766439909298,化学制品,未知,801034.SI,220000,31.37,20.0146,17.8132,1.9535,1.4847,6635824.03,6634945.6637,964699145.4000001,False,0,0,False,False,39.7,-8.568930341008452,-11.956216671344377,-20.982367758186406,False,-11.082766439909298,-3.057119871279157,58.27,-15.03,1112802620.71,99.6605,,,8316052367.65,63.5873,3.3208,0,6635824.03,964699145.4000001,1.0,1.5,PASS,False,0.4406779661016949,58.27,-15.03,8.2371,58.27,ESP-Q,20.0146,1.9535,3.3208,0.3434803500943882,104.193015625,10.0,0.0,31.37,39.7,0,65.922107674685,,0.32894736842105265,0,0,5.0,23,-5.379228749894427,False,-8.568930341008452,,-0.015212110113041763,False,False,化学制品,58.27,0.005007746850476019,50.0,32.2766323024055,0.7,0.0,32.59,Other
600428.SH,600428,中远海特,20020418,主板,343948854.55,-12.458286985539491,航运,未知,801176.SI,420000,7.87,12.132,11.733,1.2627,2.1429,2159465.3509,1924439.7538,331602752.2,False,0,0,False,False,9.33,-1.6249999999999987,0.8974358974358942,-15.648445873526262,False,-12.458286985539491,-3.057119871279157,11.1,34.65,387408734.35,95.4506,,,4310764339.51,271.392,2.3901,0,2159465.3509,331602752.2,1.0,1.5,PASS,False,0.1016949152542373,11.1,34.65,11.495000000000001,-0.39500000000000135,,12.132,1.2627,2.3901,1.092972972972973,29.364757142857144,0.0,0.0,7.87,9.33,0,75.37227949599084,,0.14285714285714285,0,0,5.0,3,-8.06268258993509,False,-1.6249999999999987,,0.00023820672405199428,False,False,航运,-0.39500000000000135,-0.2191265592318181,32.0,31.511683848797254,1.0,0.0,31.51,Other
600436.SH,600436,片仔癀,20030616,主板,473885972.59999996,-12.490458677399218,中药,未知,801155.SI,370000,126.11,35.2465,39.9953,5.0014,0.6344,7608433.3353,7608433.3353,495890158.20000005,False,0,0,False,False,146.97,-6.799201832828327,-24.728423063149098,-14.19337279716949,False,-12.490458677399218,-3.057119871279157,-27.73,-34.25,726329966.52,97.6928,,,6069466030.99,147.1003,4.9979,0,7608433.3353,495890158.20000005,1.0,1.5,PASS,False,0.13559322033898305,-27.73,-34.25,7.69,-35.42,,35.2465,5.0014,4.9979,,165.87102631578946,0.0,0.0,126.11,146.97,0,65.922107674685,,0.19047619047619047,0,0,5.0,7,-5.799986961556324,False,-6.799201832828327,,-0.03545872075617396,False,False,中药,-35.42,-0.001771971372467463,32.0,28.6766323024055,1.0,0.0,28.68,Other
600446.SH,600446,金证股份,20031224,主板,422004603.9,14.132231404958695,计算机应用,未知,801222.SI,710000,13.81,,,3.6755,4.0934,1299890.3885,1299890.3885,534945598.40000015,True,2,1,False,False,14.68,7.554517133956384,-8.421750663129968,-5.926430517711168,False,14.132231404958695,-3.057119871279157,32.2262,17.399,-69352312.19,,,,-414482295.47,,-1.3741,0,1299890.3885,534945598.40000015,1.0,1.5,PASS,False,0.7627118644067796,32.2262,17.399,-4.9399999999999995,42.106199999999994,,,3.6755,-1.3741,,143.4918742857143,0.0,0.0,13.81,14.68,0,65.922107674685,,0.9423076923076923,1,1,100.0,16,18.11495360235856,True,7.554517133956384,,0.011021494316029631,False,False,计算机应用,42.106199999999994,0.15185156909953682,50.0,79.7766323024055,1.0,0.0,79.78,Tier1
600456.SH,600456,宝钛股份,20020412,主板,358713958.6000001,-7.969586032103626,稀有金属,未知,801054.SI,240000,32.68,38.9466,41.2342,2.156,2.1712,1561376.9975,1561376.9975,280813029.6,False,0,0,False,False,36.88,-3.1990521327014187,-13.954713006845697,-11.388286334056408,False,-7.969586032103626,-3.057119871279157,-31.34,-36.56,48841095.97,82.8991,,,739824479.36,-97.5974,0.8171,0,1561376.9975,280813029.6,1.0,1.5,PASS,False,0.8983050847457628,-31.34,-36.56,108.81,-140.15,ESP-Q,38.9466,2.156,0.8171,,123.306975,0.0,0.0,32.68,36.88,0,68.27033218785796,,0.625,0,0,5.0,5,1.1980177392696856,False,-3.1990521327014187,,-0.009482608410300625,False,False,稀有金属,-140.15,-0.7046495414968066,22.0,27.381099656357385,0.7,0.0,19.17,Other
600459.SH,600459,贵研铂业,20030516,主板,481650792.95,-13.067150635208701,金属非金属新材料,未知,801051.SI,240000,19.16,24.6261,23.932,1.7308,2.9209,1577400.876,1455597.1903,582480507.4,True,0,0,False,False,22.6,-1.0841507485802815,-12.069756769160156,-15.221238938053105,False,-13.067150635208701,-3.057119871279157,15.99,14.0,208712253.48,93.9586,,,1535055041.18,-777.5823,2.8712,0,1577400.876,582480507.4,1.0,1.5,PASS,False,0.8305084745762712,15.99,14.0,22.085,-6.095000000000001,ESP-Q,24.6261,1.7308,2.8712,1.5400938086303941,108.89996666666667,0.0,0.0,19.16,22.6,0,65.922107674685,,0.125,0,0,5.0,5,-11.200435659520663,False,-1.0841507485802815,,0.009771091217149606,False,False,金属非金属新材料,-6.095000000000001,-0.39502745751543084,32.0,28.6766323024055,0.7,0.0,20.07,Other
600460.SH,600460,士兰微,20030311,主板,1948465713.7000003,14.254062038404737,光学光电子,未知,801084.SI,270000,30.94,129.184,112.2142,4.2213,6.071,5148638.2884,5148638.2884,2644649658.7999997,False,0,0,False,False,33.17,-0.03231017770597422,-2.581863979848864,-6.722942417847455,False,14.254062038404737,-3.057119871279157,8.8,47.82,157535951.89,75.435,,,1094158868.67,13.5217,1.7284,0,5148638.2884,2644649658.7999997,1.0,1.5,PASS,False,0.9491525423728814,8.8,47.82,-19.355800000000002,4.4,ESP-Q,129.184,4.2213,1.7284,14.679999999999998,229.99712142857143,0.0,0.0,30.94,33.17,0,89.46162657502865,,0.8,1,1,85.0,7,8.496364314630124,True,-0.03231017770597422,,-0.010313797063336561,False,False,光学光电子,4.4,0.16153612537546208,50.0,79.33848797250859,0.7,0.0,55.54,Tier2
600470.SH,600470,六国化工,20040305,主板,206835619.04999998,-17.055393586005827,化学制品,未知,801034.SI,220000,5.69,,,1.9476,3.8664,296790.4,296790.4,142448519.6,True,0,0,False,False,7.26,-9.968354430379744,-12.191358024691358,-21.62534435261707,False,-17.055393586005827,-3.057119871279157,-35.2106,-3885.9,-91213441.6,,,,-911634741.87,,-5.7653,0,296790.4,142448519.6,1.0,1.5,PASS,False,0.4406779661016949,-35.2106,-3885.9,8.2371,-43.4477,,,1.9476,-5.7653,,104.193015625,0.0,0.0,5.69,7.26,0,96.10538373424971,,0.07894736842105263,0,0,5.0,23,-11.351855895990957,False,-9.968354430379744,,-0.0026155415735833244,False,False,化学制品,-43.4477,-0.21695004776706692,32.0,37.73161512027491,1.0,0.0,37.73,Other
600475.SH,600475,华光环能,20030721,主板,349359188.4,8.582721626199884,电力,未知,801161.SI,410000,19.23,47.4374,49.0677,2.1228,2.417,1838322.0969,1813169.2569,528573429.0,True,1,1,False,False,20.22,1.370585134422786,-4.849084611578425,-4.896142433234418,False,8.582721626199884,-3.057119871279157,-5.26,-16.34,110938932.26,95.5126,,,1001585876.3199999,-86.3853,1.3487,0,1838322.0969,528573429.0,1.0,1.5,PASS,False,0.3050847457627119,-5.26,-16.34,0.02,-5.279999999999999,ESP-Q,47.4374,2.1228,1.3487,,55.30460465116279,0.0,0.0,19.23,20.22,0,67.0103092783505,,0.7954545454545454,1,1,100.0,14,8.81737361117817,True,1.370585134422786,,0.004291551155284088,False,False,电力,-5.279999999999999,-0.10150887951137706,32.0,76.50309278350515,0.7,0.0,53.55,Tier2
600478.SH,600478,科力远,20030918,主板,428277987.79999995,-14.935064935064934,电子制造,未知,801085.SI,270000,6.55,77.7148,76.7295,3.7208,2.0394,1090929.3,1090929.3,215175833.79999998,False,0,0,False,False,8.03,-4.239766081871343,-6.960227272727271,-18.430884184308837,False,-14.935064935064934,-3.057119871279157,7.23,1516.64,34220510.62,88.3094,,,262024202.2,512.1542,1.3292,0,1090929.3,215175833.79999998,1.0,1.5,PASS,False,0.5084745762711864,7.23,1516.64,-24.905,3.615,,77.7148,3.7208,1.3292,10.748934993084369,72.22433125,0.0,0.0,6.55,8.03,0,94.04352806414661,,0.05555555555555555,0,0,5.0,11,-19.60202147067892,False,-4.239766081871343,,0.014227806162058251,False,False,电子制造,3.615,-0.31167115003007906,32.0,37.113058419243984,1.0,0.0,37.11,Other
600480.SH,600480,凌云股份,20030815,主板,521194286.3000001,7.757009345794397,汽车零部件,未知,801093.SI,280000,11.53,16.8755,18.2232,1.7081,3.6655,1409228.1126,1398468.184,532968454.6000001,True,1,1,False,False,12.4,-4.315352697095443,-1.1149228130360234,-7.016129032258068,False,7.757009345794397,-3.057119871279157,-28.41,28.38,135240099.79,88.1758,,,1713399461.8600001,91.841,1.8816,0,1409228.1126,532968454.6000001,1.0,1.5,PASS,False,0.5932203389830508,-28.41,28.38,-7.975999999999999,-14.205,,16.8755,1.7081,1.8816,,74.48131470588235,0.0,0.0,11.53,12.4,0,67.92668957617411,,0.7297297297297297,1,1,100.0,23,6.618859918171283,True,-4.315352697095443,,-0.008117497081956828,False,False,汽车零部件,-14.205,0.01643299091959314,50.0,80.37800687285224,1.0,0.0,80.38,Tier2
600481.SH,600481,双良节能,20030422,主板,918301067.0000001,18.90243902439024,通用机械,未知,801072.SI,640000,7.8,,,3.7088,18.2046,1610061.6184,1610061.6184,2083261764.2,True,2,2,False,False,7.86,15.384615384615397,-19.08713692946059,-0.7633587786259555,False,18.90243902439024,-3.057119871279157,-168.55,47.21,-442695225.0,,,,-2820143600.9700003,,-9.7453,0,1610061.6184,2083261764.2,1.0,1.5,PASS,False,0.7796610169491526,-168.55,47.21,1.3,-169.85000000000002,,,3.7088,-9.7453,,114.34343529411765,0.0,0.0,7.8,7.86,0,65.922107674685,,0.7906976744186046,1,1,100.0,13,10.600084625381559,True,15.384615384615397,OVERHEAT,0.004648138887741123,True,True,通用机械,-169.85000000000002,-0.22283940892329882,32.0,76.1766323024055,1.0,0.0,76.18,Tier2
600483.SH,600483,福能股份,20040531,主板,361041654.95,1.737451737451745,电力,未知,801161.SI,410000,10.54,9.909,10.2631,1.0518,1.3326,2930270.2509,2930270.2509,483727297.59999996,False,0,0,False,False,11.39,-0.5660377358490565,15.443592552026274,-7.462686567164189,False,1.737451737451745,-3.057119871279157,-12.48,6.58,649390429.72,99.94,,,6847759404.43,82.1375,2.342,0,2930270.2509,483727297.59999996,1.0,1.5,PASS,False,0.3050847457627119,-12.48,6.58,0.02,-12.5,,9.909,1.0518,2.342,,55.30460465116279,0.0,0.0,10.54,11.39,0,86.25429553264605,,0.5909090909090909,0,1,40.0,14,1.9721037224300297,False,-0.5660377358490565,,0.00923158545669046,False,False,电力,-12.5,-0.2005753379825934,32.0,52.27628865979381,1.0,0.0,52.28,Tier2
600486.SH,600486,扬农化工,20020425,主板,418135378.84999996,-15.881784283938682,化学制品,未知,801034.SI,220000,60.91,19.1985,19.6242,2.0804,1.5618,2468836.3597,2460694.8915,338234738.8,False,0,0,False,False,75.07,-6.017589878105234,-13.725212464589232,-18.862395097908614,False,-15.881784283938682,-3.057119871279157,-6.32,9.39,403118314.94,99.0374,,,3514554836.3900003,242.6559,3.4888,0,2468836.3597,338234738.8,1.0,1.5,PASS,False,0.4406779661016949,-6.32,9.39,8.2371,-14.5571,,19.1985,2.0804,3.4888,,104.193015625,10.0,0.0,60.91,75.07,0,65.922107674685,,0.10526315789473684,0,0,5.0,23,-10.178246593923811,False,-6.017589878105234,,0.00478043739682092,False,False,化学制品,-14.5571,-0.15390798270683076,32.0,28.6766323024055,1.0,0.0,38.68,Other
600487.SH,600487,亨通光电,20030822,主板,13008988142.05,16.889632107023434,通信设备,未知,801102.SI,730000,69.9,64.3222,53.3939,5.3196,6.667,17240081.8764,17091816.0638,11799986664.200003,True,1,0,False,False,79.9,0.14326647564470996,81.55844155844156,-12.515644555694616,False,16.889632107023434,-3.057119871279157,107.68,-0.43,1133293686.59,102.5267,,,7608918453.28,-14.9653,3.4441,0,17240081.8764,11799986664.200003,1.0,1.5,PASS,False,0.9830508474576272,107.68,-0.43,4.779999999999999,107.68,ESP-Q,64.3222,5.3196,3.4441,0.597345839524517,182.74448076923076,0.0,0.0,69.9,79.9,0,75.02863688430699,CHASE,0.85,1,1,100.0,13,17.717379149441264,True,0.14326647564470996,,-0.009221556179944395,True,False,通信设备,107.68,0.12570754661987193,50.0,82.5085910652921,0.7,0.0,57.76,Tier2
600496.SH,600496,精工钢构,20020605,主板,276460518.4,11.475409836065564,专用设备,未知,801074.SI,640000,4.08,13.4218,12.8435,0.8685,2.1752,811971.0706,811971.0706,282137123.4,True,1,0,False,False,4.43,-0.4878048780487698,-8.7248322147651,-7.900677200902928,False,11.475409836065564,-3.057119871279157,45.42,-5.06,160697451.91,106.1518,,,1374896497.23,-44.7433,1.6016,0,811971.0706,282137123.4,1.0,1.5,PASS,False,0.6440677966101694,45.42,-5.06,-10.094999999999999,65.61,ESP-Q,13.4218,0.8685,1.6016,0.2955041831792162,147.6403775510204,0.0,0.0,4.08,4.43,0,48.33906071019473,,0.7592592592592593,1,1,100.0,17,10.676905862246022,True,-0.4878048780487698,,0.020515341563491375,False,False,专用设备,65.61,0.00030572782344898326,50.0,74.50171821305841,0.7,0.0,52.15,Tier2
600499.SH,600499,科达制造,20021010,主板,714846144.8499999,-3.62694300518136,专用设备,未知,801074.SI,640000,16.74,24.5289,20.7319,2.4407,1.1822,3210491.5985,3210491.5985,503909451.99999994,True,1,0,False,False,20.78,-3.62694300518136,-1.5294117647058902,-19.441770933589996,False,-3.62694300518136,-3.057119871279157,76.57,30.2,570271200.0,97.2126,,,3530410700.0,76.1135,4.5568,0,3210491.5985,503909451.99999994,1.0,1.5,PASS,False,0.6440677966101694,76.57,30.2,-10.094999999999999,96.75999999999999,,24.5289,2.4407,4.5568,0.32034608854642815,147.6403775510204,10.0,0.0,16.74,20.78,0,65.922107674685,,0.4444444444444444,0,0,5.0,17,-4.425446979000903,False,-3.62694300518136,,-0.009570727819084475,False,False,专用设备,96.75999999999999,0.10620323553486043,50.0,32.2766323024055,1.0,0.0,42.28,Other
600500.SH,600500,中化国际,20000301,主板,532705372.15,41.527446300715965,贸易,未知,801202.SI,450000,5.93,,,2.0938,3.8492,2127865.6377,2127865.6377,1018613100.1999999,False,2,2,False,False,6.46,4.770318021201403,33.258426966292134,-8.204334365325083,False,41.527446300715965,-3.057119871279157,63.5833,43.1007,-153723594.5,,,,-4396247444.17,,-2.0878,0,2127865.6377,1018613100.1999999,1.0,1.5,PASS,False,0.3728813559322034,63.5833,43.1007,2.375,63.5833,,,2.0938,-2.0878,,140.81984285714287,0.0,0.0,5.93,6.46,0,98.73997709049256,CHASE,1.0,1,1,75.0,3,48.052253752548296,True,4.770318021201403,,-0.004223733230998107,True,False,贸易,63.5833,0.45559412492886475,50.0,77.12199312714776,1.0,0.0,77.12,Tier2
600501.SH,600501,航天晨光,20010615,主板,204473077.45000002,-11.750000000000005,计算机设备,未知,801101.SI,710000,21.18,,,6.1987,2.0671,906131.6556,906131.6556,156896994.0,False,0,0,False,False,25.42,-7.470511140235914,-18.788343558282207,-16.679779701022824,False,-11.750000000000005,-3.057119871279157,20.0799,44.4377,-61419801.46,,,,-411161956.39,,-4.155,0,906131.6556,156896994.0,1.0,1.5,PASS,False,0.7288135593220338,20.0799,44.4377,7.12,20.0799,,,6.1987,-4.155,,116.38087647058823,0.0,0.0,21.18,25.42,0,65.922107674685,,0.20833333333333334,0,0,5.0,8,-9.864177489177495,False,-7.470511140235914,,-0.025450900909513897,False,False,计算机设备,20.0799,-0.2553908039864997,32.0,28.6766323024055,1.0,0.0,28.68,Other
600502.SH,600502,安徽建工,20030415,主板,201948058.15,-16.417910447761198,基础建设,未知,801723.SI,620000,5.04,5.6701,5.5893,0.7091,1.3614,865133.1048,865133.1048,125270877.60000001,False,0,0,False,False,6.13,-3.4482758620689613,7.922912205567445,-17.781402936378466,False,-16.417910447761198,-3.057119871279157,17.44,9.31,317772257.29,95.3669,,,2938404270.75,-515.9831,1.6535,0,865133.1048,125270877.60000001,1.0,1.5,PASS,False,0.0847457627118644,17.44,9.31,-7.28,32.0,ESP-Q,5.6701,0.7091,1.6535,0.32512041284403664,58.68530769230769,10.0,0.0,5.04,6.13,0,65.922107674685,,0.21052631578947367,0,0,5.0,6,-9.596430041375138,False,-3.4482758620689613,,0.006023586646792936,False,False,基础建设,32.0,-0.15262942667647508,32.0,28.6766323024055,0.7,0.0,30.07,Other
600509.SH,600509,天富能源,20020228,主板,711828143.3499999,12.68656716417913,电力,未知,801161.SI,410000,9.06,54.1192,55.425,1.6021,7.9705,1245204.0507,1245204.0507,1605343994.9999998,False,1,1,False,False,11.36,-9.67098703888334,8.37320574162681,-20.246478873239425,False,12.68656716417913,-3.057119871279157,-8.57,42.6,156421777.48,89.3146,,,982211752.3700001,80.0654,2.2805,0,1245204.0507,1605343994.9999998,1.0,1.5,PASS,False,0.3050847457627119,-8.57,42.6,0.02,-8.59,,54.1192,1.6021,2.2805,,55.30460465116279,0.0,0.0,9.06,11.36,0,65.922107674685,,0.9090909090909091,1,1,85.0,14,12.921219149157416,True,-9.67098703888334,,-0.010015797112446956,False,False,电力,-8.59,-0.146925773907461,32.0,68.6766323024055,1.0,0.0,68.68,Tier2
600510.SH,600510,黑牡丹,20020618,主板,275610041.05,-11.394891944990182,房地产开发,未知,801181.SI,430000,9.02,139.3542,110.1954,0.8817,2.4816,930886.9622,930886.9622,263786952.79999998,False,1,1,False,False,11.69,-9.980039920159678,-2.8017241379310276,-22.840034217279726,False,-11.394891944990182,-3.057119871279157,53.05,-39.76,55620230.36,99.3206,,,243748132.14,-620.0526,0.5331,0,930886.9622,263786952.79999998,1.0,1.5,PASS,False,0.847457627118644,53.05,-39.76,-7.28,67.61,ESP-Q,139.3542,0.8817,0.5331,2.626846371347785,87.53592727272726,0.0,0.0,9.02,11.69,0,94.15807560137456,,0.20689655172413793,0,0,5.0,9,-7.548738098836327,False,-9.980039920159678,,0.03156440972046496,False,False,房地产开发,67.61,-0.007657472873463099,32.0,37.14742268041237,0.7,0.0,26.0,Other
600515.SH,600515,海南机场,20020806,主板,371240720.84999996,-11.019283746556475,综合,未知,801231.SI,510000,3.23,168.8461,160.0113,1.5218,1.0385,3690375.0014,2963852.0401,278092119.40000004,False,0,0,False,False,3.67,-1.5243902439024293,-27.901785714285722,-11.989100817438691,False,-11.019283746556475,-3.057119871279157,48.82,-16.2947,105786616.14,94.0663,,,-185628654.68000004,-41.4602,0.4704,0,3690375.0014,278092119.40000004,1.0,1.5,PASS,False,0.9322033898305084,48.82,-16.2947,-7.0,62.82,ESP-Q,168.8461,1.5218,0.4704,3.4585436296599754,210.72467916666668,0.0,0.0,3.23,3.67,0,65.922107674685,,0.24324324324324326,0,0,5.0,12,-6.9531532729193,False,-1.5243902439024293,,0.004783270925358431,False,False,综合,62.82,-0.22171152682495124,32.0,28.6766323024055,0.7,0.0,20.07,Other
600516.SH,600516,方大炭素,20020830,主板,364740318.09999996,-7.846715328467169,金属非金属新材料,未知,801051.SI,240000,5.05,218.5153,214.1025,1.2445,1.943,2033115.0358,2033115.0358,306183198.8,False,0,0,False,False,5.9,-6.826568265682664,-9.82142857142857,-14.406779661016955,False,-7.846715328467169,-3.057119871279157,-73.94,-361.56,10087518.26,113.8671,,,-116797108.58999999,-3272.3927,0.0546,0,2033115.0358,306183198.8,1.0,1.5,PASS,False,0.8305084745762712,-73.94,-361.56,22.085,-96.025,ESP-Q,218.5153,1.2445,0.0546,,108.89996666666667,0.0,0.0,5.05,5.9,0,66.43757159221076,,0.25,0,0,5.0,5,-5.98000035277913,False,-6.826568265682664,,0.015296625833924722,False,False,金属非金属新材料,-96.025,-0.525437645546542,22.0,26.83127147766323,0.7,0.0,18.78,Other
600517.SH,600517,国网英大,20031010,主板,199809495.8,-13.862928348909653,多元金融,未知,801191.SI,490000,5.53,12.4966,13.6508,1.3196,0.523,3162294.9664,3162294.9664,160939054.39999998,False,0,0,False,False,6.52,-2.811950790861162,-16.966966966966968,-15.18404907975459,False,-13.862928348909653,-3.057119871279157,-36.04,60.91,383805402.07,98.4791,,,6207173091.04,-285.8859,1.6435,0,3162294.9664,160939054.39999998,1.0,1.5,PASS,False,0.3220338983050847,-36.04,60.91,17.765,-53.805,ESP-Q,12.4966,1.3196,1.6435,,44.777813333333334,0.0,0.0,5.53,6.52,0,65.922107674685,,0.11764705882352941,0,0,5.0,6,-7.057635343238566,False,-2.811950790861162,,2.94521435288645e-05,False,False,多元金融,-53.805,-0.8867763163597819,22.0,26.6766323024055,0.7,0.0,18.67,Other
600518.SH,600518,康美药业,20010319,主板,240781135.79999998,-12.643678160919535,中药,未知,801155.SI,370000,1.52,2035.237,,2.8899,1.4712,2101992.2969,2100997.5326,300131593.40000004,False,0,0,False,False,1.76,-6.172839506172845,-19.57671957671957,-13.636363636363635,False,-12.643678160919535,-3.057119871279157,-640.2778,44.836,-19043853.23,,,,-354835069.32,,-0.2275,0,2101992.2969,300131593.40000004,1.0,1.5,PASS,False,0.13559322033898305,-640.2778,44.836,7.69,-647.9678,,2035.237,2.8899,-0.2275,,165.87102631578946,0.0,0.0,1.52,1.76,0,80.52691867124857,,0.14285714285714285,0,0,5.0,7,-5.953206445076641,False,-6.172839506172845,,0.012761201660831391,False,False,中药,-647.9678,-4.161976476432963,5.0,27.65807560137457,1.0,0.0,27.66,Other
600519.SH,600519,贵州茅台,20010827,主板,6266402472.199999,-7.153632056430192,饮料制造,未知,801123.SI,340000,1311.0,19.9432,19.848,6.0604,0.3104,164172625.1865,164172625.1865,6289506947.4,False,0,0,False,False,1458.88,-1.646723432986985,-11.735003029690972,-10.136543101557361,False,-7.153632056430192,-3.057119871279157,1.45,-4.58,27239985194.41,99.9907,,,219603956904.68,71.689,10.5687,0,164172625.1865,6289506947.4,1.0,1.5,PASS,False,0.2711864406779661,1.45,-4.58,2.46,-1.01,,19.9432,6.0604,10.5687,13.75393103448276,41.77951363636364,0.0,0.0,1311.0,1458.88,0,65.922107674685,,0.36,0,0,5.0,8,-5.0276478044616875,False,-1.646723432986985,,-0.015595321078690664,False,False,饮料制造,-1.01,0.1774530891240282,50.0,32.2766323024055,1.0,0.0,32.28,Other
600522.SH,600522,中天科技,20021024,主板,12192073726.949999,29.161528976572136,通信设备,未知,801102.SI,730000,41.9,49.2723,44.7774,3.762,9.0403,14300259.0419,14300259.0419,14442157514.4,True,1,0,False,False,47.4,2.220053671627209,71.58067158067156,-11.603375527426163,False,29.161528976572136,-3.057119871279157,38.2,6.37,824931171.27,89.7685,,,7142684685.78,-171.8106,2.4331,0,14300259.0419,14442157514.4,1.0,1.5,PASS,False,0.9830508474576272,38.2,6.37,4.779999999999999,38.2,ESP-Q,49.2723,3.762,2.4331,1.289850785340314,182.74448076923076,10.0,0.0,41.9,47.4,0,62.77205040091638,,0.95,1,1,100.0,13,29.989276018989965,True,2.220053671627209,,-0.001998562886467251,True,False,通信设备,38.2,-0.0974869221520655,32.0,75.23161512027491,0.7,0.0,62.66,Tier2
600527.SH,600527,江南高纤,20031127,主板,455914167.99999994,-2.230483271375472,纺织制造,未知,801131.SI,350000,2.63,215.9458,208.0275,2.1962,5.4495,455453.1172,455453.1172,285597925.59999996,False,2,0,False,False,3.5,-8.996539792387548,18.46846846846846,-24.857142857142854,False,-2.230483271375472,-3.057119871279157,22.7,-45.1,6131350.66,78.1677,,,51099845.5,932.4414,0.3789,0,455453.1172,285597925.59999996,1.0,1.5,PASS,False,0.4915254237288136,22.7,-45.1,2.285,22.7,ESP-Q,215.9458,2.1962,0.3789,9.513030837004406,73.3666625,0.0,10.0,2.63,3.5,0,75.94501718213058,,0.7777777777777778,1,0,40.0,3,11.413584525234711,True,-8.996539792387548,,-0.0038440401970672436,False,False,纺织制造,22.7,-0.22369436845989163,32.0,49.18350515463918,0.7,10.0,24.43,Other
600535.SH,600535,天士力,20020823,主板,176856394.1,1.9135364989369297,中药,未知,801155.SI,370000,14.38,19.4423,18.5056,1.6826,0.7533,2148300.1072,2148300.1072,141857882.4,False,0,0,False,False,15.45,-1.7759562841530019,-1.9768234492160808,-6.925566343042067,False,1.9135364989369297,-3.057119871279157,54.23,-23.59,364316246.64,98.3996,,,2624905138.28,100.6611,2.9417,0,2148300.1072,141857882.4,1.0,1.5,PASS,False,0.13559322033898305,54.23,-23.59,7.69,54.23,ESP-Q,19.4423,1.6826,2.9417,0.3585155817813019,165.87102631578946,0.0,0.0,14.38,15.45,0,65.922107674685,,0.8095238095238095,1,1,75.0,7,8.604008214779824,True,-1.7759562841530019,,-0.004593187971907105,False,False,中药,54.23,0.6070986079989277,50.0,67.2766323024055,0.7,0.0,47.09,Other
600536.SH,600536,中国软件,20020517,主板,782452483.3500001,2.8259130898427243,计算机应用,未知,801222.SI,710000,38.57,,,10.2452,2.1422,3601614.8545,3253980.787,675638099.2,True,1,1,False,False,43.7,-3.8154613466334197,-14.535785508530918,-11.739130434782618,False,2.8259130898427243,-3.057119871279157,-5.67,90.24,-86856564.79,,,,-326131104.27,,-2.0752,0,3601614.8545,675638099.2,1.0,1.5,PASS,False,0.7627118644067796,-5.67,90.24,-4.9399999999999995,-2.835,,,10.2452,-2.0752,,143.4918742857143,0.0,0.0,38.57,43.7,0,65.922107674685,,0.7692307692307693,1,1,100.0,16,6.808635287242592,True,-3.8154613466334197,,0.005753879184729219,False,False,计算机应用,-2.835,-0.037846136425556474,32.0,76.1766323024055,1.0,0.0,76.18,Tier2
600545.SH,600545,卓郎智能,20031203,主板,916801379.3,36.15023474178405,专用设备,未知,801074.SI,640000,5.8,,,3.956,8.3456,1036989.0888,1036989.0888,986230214.7999998,False,4,2,False,True,6.9,-8.227848101265833,96.61016949152541,-15.94202898550725,False,36.15023474178405,-3.057119871279157,75.4893,-367.7609,-31348000.0,,,,-1095279000.0,,-1.1131,0,1036989.0888,986230214.7999998,1.0,1.5,PASS,False,0.6440677966101694,75.4893,-367.7609,-10.094999999999999,95.6793,ESP-Q,,3.956,-1.1131,,147.6403775510204,0.0,0.0,5.8,6.9,0,65.922107674685,,0.9814814814814815,1,1,75.0,17,35.351730767964504,True,-8.227848101265833,突破型,-0.0020209379313362945,True,False,专用设备,95.6793,0.10252928893506198,50.0,67.2766323024055,0.7,0.0,47.09,Other
600546.SH,600546,山煤国际,20030731,主板,417749163.3,9.605911330049267,煤炭开采,未知,801021.SI,210000,13.35,22.6895,19.75,1.5844,0.9352,2646578.9469,2646578.9469,280292486.20000005,True,0,0,False,False,14.34,-2.2693997071742356,20.705244122965638,-6.903765690376574,False,9.605911330049267,-3.057119871279157,67.59,-48.75,450854350.2,105.2066,,,3473689022.02,108.8638,2.6076,0,2646578.9469,280292486.20000005,1.0,1.5,PASS,False,0.1694915254237288,67.59,-48.75,-3.7,74.99000000000001,ESP-Q,22.6895,1.5844,2.6076,0.3356931498742417,32.17243333333333,0.0,0.0,13.35,14.34,0,65.922107674685,,0.9090909090909091,1,1,100.0,7,13.11129886447492,True,-2.2693997071742356,,-0.007742412220891112,False,False,煤炭开采,74.99000000000001,1.0827864686281734,68.0,83.3766323024055,0.7,0.0,58.36,Tier1
600549.SH,600549,厦门钨业,20021107,主板,3751438322.75,-21.612751992498836,稀有金属,未知,801054.SI,240000,50.16,34.4826,26.3234,4.3515,3.4218,7963330.5032,7794522.8117,2619857800.2,False,0,0,False,False,66.77,-6.067415730337078,-15.697478991596647,-24.87644151565074,False,-21.612751992498836,-3.057119871279157,198.64,44.16,1096668656.68,99.0832,,,5923826008.48,-123.7178,6.2352,0,7963330.5032,2619857800.2,1.0,1.5,PASS,False,0.8983050847457628,198.64,44.16,108.81,198.64,ESP-Q,34.4826,4.3515,6.2352,0.17359343536045108,123.306975,10.0,0.0,50.16,66.77,0,62.77205040091638,,0.125,0,0,5.0,5,-12.445148221125525,False,-6.067415730337078,,-0.02761181913151234,False,False,稀有金属,198.64,-0.09025026478163188,32.0,27.73161512027491,0.7,0.0,29.41,Other
600550.SH,600550,保变电气,20010228,主板,1053542408.0500002,-12.019826517967791,高低压设备,未知,801734.SI,630000,14.2,132.7284,114.5563,29.3036,3.3577,2614970.4416,2614970.4416,827393876.1999999,False,0,0,False,False,17.32,-5.773059057730601,-6.455862977602111,-18.013856812933028,False,-12.019826517967791,-3.057119871279157,108.57,34.63,54550171.74,91.583,,,332067641.05,-435.2061,6.8919,0,2614970.4416,827393876.1999999,1.0,1.5,PASS,False,0.4745762711864407,108.57,34.63,10.365,108.57,ESP-Q,132.7284,29.3036,6.8919,1.222514506769826,142.6951,0.0,0.0,14.2,17.32,0,65.922107674685,,0.25806451612903225,0,0,5.0,10,-6.541199185035818,False,-5.773059057730601,,-0.003953425422967847,False,False,高低压设备,108.57,0.7742284403408924,50.0,32.2766323024055,0.7,0.0,22.59,Other
600552.SH,600552,凯盛科技,20021108,主板,1384381429.75,24.574540503744057,光学光电子,未知,801084.SI,270000,18.3,134.3476,130.2276,4.0048,16.6679,1728630.616,1728630.616,1771340143.3999999,True,0,0,False,False,19.7,4.931192660550465,27.70411723656665,-7.106598984771562,False,24.574540503744057,-3.057119871279157,89.4,38081.8153,22327823.52,79.9756,,,226511780.4,21.6801,0.6517,0,1728630.616,1771340143.3999999,1.0,1.5,PASS,False,0.9491525423728814,89.4,38081.8153,-19.355800000000002,128.1116,ESP-Q,134.3476,4.0048,0.6517,1.5027695749440715,229.99712142857143,0.0,0.0,18.3,19.7,0,91.52348224513173,CHASE,0.85,1,1,100.0,7,18.816842779969445,True,4.931192660550465,,-0.012233133132373631,True,False,光学光电子,128.1116,1.375845322461992,68.0,91.05704467353952,0.7,0.0,63.74,Tier2
600556.SH,600556,天下秀,20010807,主板,310446996.24999994,-10.862619808306706,综合,未知,801231.SI,510000,5.58,326.8037,485.9541,2.6318,2.806,1008723.1842,1008723.1842,316931147.0,True,0,0,False,False,6.42,-5.902192242833049,-26.86762778505898,-13.08411214953271,False,-10.862619808306706,-3.057119871279157,-77.95,-141.33,2857007.76,88.6203,,,52836999.11,,0.0841,0,1008723.1842,316931147.0,1.0,1.5,PASS,False,0.9322033898305084,-77.95,-141.33,-7.0,-38.975,,326.8037,2.6318,0.0841,,210.72467916666668,0.0,0.0,5.58,6.42,0,71.8213058419244,,0.2702702702702703,0,0,5.0,12,-6.7964893346695305,False,-5.902192242833049,,0.0016367908814514064,False,False,综合,-38.975,-0.42783884972579345,32.0,30.44639175257732,1.0,0.0,30.45,Other
600559.SH,600559,老白干酒,20021029,主板,168682008.6,-0.4457652303120341,饮料制造,未知,801123.SI,340000,13.4,28.5206,27.6811,2.2384,1.2294,1225761.575,1218742.655,129657480.60000001,False,0,0,False,False,14.7,0.29940119760478723,-13.881748071979437,-8.843537414965985,False,-0.4457652303120341,-3.057119871279157,12.43,-48.61,159426873.28,96.3572,,,1197878654.8899999,160.8436,3.0687,0,1225761.575,129657480.60000001,1.0,1.5,PASS,False,0.2711864406779661,12.43,-48.61,2.46,12.43,ESP-Q,28.5206,2.2384,3.0687,2.2944971842316977,41.77951363636364,0.0,0.0,13.4,14.7,0,65.922107674685,,0.68,0,0,5.0,8,1.6802190216564705,False,0.29940119760478723,,-0.005670709806274983,False,False,饮料制造,12.43,0.3545864420024589,50.0,32.2766323024055,0.7,0.0,22.59,Other
600563.SH,600563,法拉电子,20021210,主板,1138563969.1,28.309836331226723,元件,未知,801083.SI,270000,158.36,29.8873,29.8012,5.6579,10.17,3563100.0,3563100.0,1828332870.0000002,False,2,2,False,False,171.67,18.205568410838268,42.69237700486575,-7.753247509757077,False,28.309836331226723,-3.057119871279157,1.76,10.21,263016826.2,98.2372,,,2813959427.17,1.0503,4.3436,0,3563100.0,1828332870.0000002,1.0,1.5,PASS,False,0.7457627118644068,1.76,10.21,2.79,-1.03,,29.8873,5.6579,4.3436,16.981420454545454,204.28836129032257,10.0,0.0,158.36,171.67,0,94.15807560137456,CHASE,0.7575757575757576,1,1,85.0,10,17.465948470119553,True,18.205568410838268,OVERHEAT,0.0067465504052711105,True,True,元件,-1.03,-0.2632899400378797,32.0,77.14742268041238,1.0,0.0,87.15,Tier2
600566.SH,600566,济川药业,20010822,主板,198399234.24999997,15.04424778761062,中药,未知,801155.SI,370000,28.6,14.8266,15.1696,1.7586,0.5393,2635954.0636,2627059.7496,161345009.6,False,0,0,False,False,29.6,1.2031139419674375,5.224429727740998,-3.378378378378377,False,15.04424778761062,-3.057119871279157,-8.87,-31.1,357359475.7,89.3082,,,3398503439.85,186.0997,2.7042,0,2635954.0636,161345009.6,1.0,1.5,PASS,False,0.13559322033898305,-8.87,-31.1,7.69,-16.56,,14.8266,1.7586,2.7042,,165.87102631578946,0.0,0.0,28.6,29.6,0,65.922107674685,,0.9523809523809523,1,1,75.0,7,21.734719503453515,True,1.2031139419674375,,0.010705444854194427,True,False,中药,-16.56,0.1263183702554691,50.0,67.2766323024055,1.0,0.0,67.28,Tier2
600570.SH,600570,恒生电子,20031216,主板,810054642.9999999,-0.9462528387585212,计算机应用,未知,801222.SI,710000,26.17,40.2513,37.0208,4.9691,2.2053,4955676.6642,4955676.6642,801592393.2,False,0,0,False,False,28.08,0.22979701263885488,-13.914473684210515,-6.801994301994285,False,-0.9462528387585212,-3.057119871279157,625.41,21.46,72502943.44,52.2468,,,1569370502.99,-664.1681,1.4002,0,4955676.6642,801592393.2,1.0,1.5,PASS,False,0.7627118644067796,625.41,21.46,-4.9399999999999995,635.2900000000001,ESP-Q,40.2513,4.9691,1.4002,0.06435985993188469,143.4918742857143,10.0,0.0,26.17,28.08,0,78.46506300114548,,0.5961538461538461,0,0,5.0,16,3.0364693586413467,False,0.22979701263885488,,-0.004248393625593167,False,False,计算机应用,635.2900000000001,2.6556922723886314,82.0,42.43951890034364,0.7,0.0,39.71,Other
600572.SH,600572,康恩贝,20040412,主板,246499744.40000004,-9.347826086956513,中药,未知,801155.SI,370000,4.17,22.302,21.8843,1.4579,1.1886,1057926.2023,1055114.8496,125001993.60000001,False,0,0,False,False,4.72,-3.24825986078886,-5.869074492099314,-11.652542372881358,False,-9.347826086956513,-3.057119871279157,28.74,-27.67,209188231.37,105.4111,,,1310137407.56,88.6983,2.7749,0,1057926.2023,125001993.60000001,1.0,1.5,PASS,False,0.13559322033898305,28.74,-27.67,7.69,28.74,ESP-Q,22.302,1.4579,2.7749,0.7759916492693111,165.87102631578946,0.0,0.0,4.17,4.72,0,65.922107674685,,0.3333333333333333,0,0,5.0,7,-2.6573543711136187,False,-3.24825986078886,,0.028946094546799687,False,False,中药,28.74,0.43397968922394875,50.0,32.2766323024055,0.7,0.0,22.59,Other
600573.SH,600573,惠泉啤酒,20030226,主板,190307209.65000004,-1.037509976057449,饮料制造,未知,801123.SI,340000,12.4,38.7546,37.852,2.2697,4.87,310000.0,310000.0,191074503.2,False,0,0,False,False,14.5,-9.489051094890499,4.201680672268915,-14.482758620689651,False,-1.037509976057449,-3.057119871279157,18.97,27.88,7262702.05,88.3062,,,218661147.53,-2.4497,0.604,0,310000.0,191074503.2,1.0,1.5,PASS,False,0.2711864406779661,18.97,27.88,2.46,18.97,ESP-Q,38.7546,2.2697,0.604,2.042941486557723,41.77951363636364,0.0,0.0,12.4,14.5,0,45.246277205040094,,0.64,0,0,5.0,8,1.0884742759110555,False,-9.489051094890499,,-0.009024542783050598,False,False,饮料制造,18.97,0.4407807967513381,50.0,26.07388316151203,0.7,0.0,18.25,Other
600577.SH,600577,精达股份,20020911,主板,864860617.7999998,7.826747720364735,金属制品,未知,801075.SI,640000,14.19,50.9462,49.9978,5.0042,4.998,3052405.0069,3052405.0069,1325698759.8,False,0,0,False,False,14.98,0.8528784648187626,1.3571428571428568,-5.273698264352477,False,7.826747720364735,-3.057119871279157,10.76,11.34,130989416.91,95.8729,,,1414821835.3,-350.3392,2.1993,0,3052405.0069,1325698759.8,1.0,1.5,PASS,False,0.5423728813559322,10.76,11.34,-11.295,5.38,ESP-Q,50.9462,5.0042,2.1993,4.734776951672862,68.8756909090909,0.0,0.0,14.19,14.98,0,65.922107674685,,0.7272727272727273,1,1,75.0,4,14.325699502335375,True,0.8528784648187626,,0.0034853618596121625,False,False,金属制品,5.38,0.20202588761454557,50.0,67.2766323024055,0.7,0.0,47.09,Other
600578.SH,600578,京能电力,20020510,主板,1054540967.0499998,49.81684981684982,电力,未知,801161.SI,410000,8.18,15.5153,15.349,2.1718,8.1782,5476199.9903,5476199.9903,3055306745.6,True,5,5,False,True,8.48,16.69044222539229,60.392156862745104,-3.5377358490566113,False,49.81684981684982,-3.057119871279157,3.18,110.65,1091969409.9,99.1502,,,9715939318.41,182.6142,3.7799,0,5476199.9903,3055306745.6,1.0,1.5,PASS,False,0.3050847457627119,3.18,110.65,0.02,3.18,,15.5153,2.1718,3.7799,4.879025157232704,55.30460465116279,10.0,0.0,8.18,8.48,0,86.25429553264605,CHASE,1.0,1,1,100.0,14,50.0515018018281,True,16.69044222539229,突破型|OVERHEAT,-0.00043649954153868436,True,True,电力,3.18,0.014571762963206059,50.0,85.87628865979381,1.0,0.0,95.88,Tier2
600580.SH,600580,卧龙电驱,20020606,主板,1906760346.8499997,6.051121544079274,电机,未知,801731.SI,630000,40.66,56.4005,56.0084,5.8377,6.2827,6351569.7997,6333333.7897,2887257894.2,True,0,0,False,False,42.42,0.44466403162055634,-8.956560680698612,-4.148986327204163,False,6.051121544079274,-3.057119871279157,-7.56,29.58,217172228.45,78.6936,,,2239544622.65,76.1942,2.4947,0,6351569.7997,2887257894.2,1.0,1.5,PASS,False,0.9661016949152542,-7.56,29.58,-5.324999999999999,-3.78,ESP-Q,56.4005,5.8377,2.4947,,176.7947,10.0,0.0,40.66,42.42,0,93.35624284077892,,0.6,0,1,55.0,4,0.05258779906666078,False,0.44466403162055634,,-0.0016093505246252773,False,False,电机,-3.78,-0.5438049370146785,22.0,59.906872852233676,0.7,0.0,51.93,Tier2
600584.SH,600584,长电科技,20030603,主板,8797842864.1,51.80558709970475,元件,未知,801083.SI,270000,66.84,76.413,72.3933,4.1578,17.4641,11960446.9859,11960446.9859,16463412443.8,True,1,1,False,False,71.28,15.142118863049102,44.89486234554521,-6.228956228956228,False,51.80558709970475,-3.057119871279157,37.03,-11.51,264565692.29,91.1438,,,2855281709.02,602.3179,1.0107,0,11960446.9859,16463412443.8,1.0,1.5,PASS,False,0.7457627118644068,37.03,-11.51,2.79,37.03,ESP-Q,76.413,4.1578,1.0107,2.063543073183905,204.28836129032257,0.0,0.0,66.84,71.28,0,89.46162657502865,CHASE,0.9393939393939394,1,1,100.0,10,40.96169923859758,True,15.142118863049102,OVERHEAT,-0.0021165138189604043,True,True,元件,37.03,-0.188482971179629,32.0,83.2384879725086,0.7,0.0,58.27,Tier2
600586.SH,600586,金晶科技,20020815,主板,300079191.40000004,-2.499999999999991,玻璃制造,未知,801712.SI,610000,5.46,,,1.5356,6.256,773866.3842,773866.3842,286368660.40000004,False,0,0,False,False,6.09,-1.6216216216216162,-15.217391304347828,-10.344827586206895,False,-2.499999999999991,-3.057119871279157,-3562.0,-1768.15,-157418376.59,,,,-868072025.19,,-3.0462,0,773866.3842,286368660.40000004,1.0,1.5,PASS,False,0.559322033898305,-3562.0,-1768.15,-7.38,-1781.0,,,1.5356,-3.0462,,132.5669,0.0,0.0,5.46,6.09,0,97.4799541809851,,0.6666666666666666,0,0,0.0,2,2.081700146986776,False,-1.6216216216216162,TIER2_FORCED,-0.0024577758453814013,False,False,玻璃制造,-1510.412,-1.6321102473829978,12.0,31.643986254295527,1.0,0.0,31.64,Tier2
600588.SH,600588,用友网络,20010518,主板,645624176.35,-11.065573770491799,计算机应用,未知,801222.SI,710000,10.85,,,5.3767,2.1503,3707442.1888,3707442.1888,603078952.1999999,False,0,0,False,False,12.88,-5.734144222415294,-25.684931506849317,-15.760869565217394,False,-11.065573770491799,-3.057119871279157,7.7512,21.639,-732751781.0,,,,-4821162700.0,,-9.9708,0,3707442.1888,603078952.1999999,1.0,1.5,PASS,False,0.7627118644067796,7.7512,21.639,-4.9399999999999995,17.6312,,,5.3767,-9.9708,,143.4918742857143,0.0,0.0,10.85,12.88,0,92.21076746849943,,0.23076923076923078,0,0,5.0,16,-7.082851573091931,False,-5.734144222415294,,-0.0040443792641079584,False,False,计算机应用,17.6312,0.048542103782040665,50.0,40.16323024054982,1.0,0.0,40.16,Other
600589.SH,600589,大位科技,20010612,主板,2646789189.8,18.851674641148342,塑料,未知,801036.SI,220000,12.42,,,29.6904,20.622,1843960.0034,1836259.6034,3129870534.6,True,2,1,False,False,14.58,-3.3463035019455245,-5.837755875663375,-14.814814814814813,False,18.851674641148342,-3.057119871279157,-131.1408,-36.7756,-39505935.12,,,,-264300575.79000002,,-5.0076,0,1843960.0034,3129870534.6,1.0,1.5,PASS,False,0.6779661016949152,-131.1408,-36.7756,-4.92,-65.5704,,,29.6904,-5.0076,,184.85352307692307,0.0,0.0,12.42,14.58,0,80.75601374570446,CHASE,0.7647058823529411,1,1,100.0,6,9.650141052216844,True,-3.3463035019455245,,-0.0013809485088919682,True,False,塑料,-65.5704,-0.7197504261623277,22.0,78.62680412371134,1.0,0.0,78.63,Tier2
600590.SH,600590,泰豪科技,20020703,主板,879311881.0,-20.023081361800344,计算机设备,未知,801101.SI,710000,13.86,195.2651,157.3267,3.6403,7.4541,1182077.4735,1169187.3589,653848385.5999999,False,0,0,False,False,18.56,-5.457025920873127,7.441860465116279,-25.32327586206896,False,-20.023081361800344,-3.057119871279157,0.22,107.1483,47459334.18,96.1967,,,211770305.45,-822.195,1.5309,0,1182077.4735,653848385.5999999,1.0,1.5,PASS,False,0.7288135593220338,0.22,107.1483,7.12,-6.9,ESP-Q,195.2651,3.6403,1.5309,887.5686363636363,116.38087647058823,0.0,0.0,13.86,18.56,0,88.77434135166094,,0.041666666666666664,0,0,5.0,8,-18.137258850977833,False,-5.457025920873127,,-0.003078175354993235,False,False,计算机设备,-6.9,-0.3150171783221378,32.0,35.53230240549828,0.7,0.0,24.87,Other
600592.SH,600592,龙溪股份,20020805,主板,195204549.89999998,-4.45324096981693,通用机械,未知,801072.SI,640000,19.31,45.7714,55.7081,2.9842,3.5361,771537.9456,771537.9456,266319859.59999996,True,0,0,False,False,20.96,-3.159478435305929,-19.975134687111485,-7.87213740458016,False,-4.45324096981693,-3.057119871279157,10.56,49.69,42769060.82,,,,264001076.5,,-0.0094,0,771537.9456,266319859.59999996,1.0,1.5,PASS,False,0.7796610169491526,10.56,49.69,1.3,10.56,,45.7714,2.9842,-0.0094,4.334412878787878,114.34343529411765,0.0,0.0,19.31,20.96,0,65.922107674685,,0.2558139534883721,0,0,5.0,13,-12.755595368825611,False,-3.159478435305929,,-0.004636942786131583,False,False,通用机械,10.56,0.25879402258608664,50.0,32.2766323024055,1.0,0.0,32.28,Other
600594.SH,600594,益佰制药,20040323,主板,227218035.35000002,-23.70062370062369,中药,未知,801155.SI,370000,3.67,,,1.3466,3.4062,290637.3558,290637.3558,98240598.2,False,0,0,False,False,5.04,-6.377551020408168,-8.478802992518697,-27.182539682539687,False,-23.70062370062369,-3.057119871279157,-122.1832,-0.5947,-34801324.57,,,,-475411230.77,,-1.3587,0,290637.3558,98240598.2,1.0,1.5,PASS,False,0.13559322033898305,-122.1832,-0.5947,7.69,-129.8732,,,1.3466,-1.3587,,165.87102631578946,0.0,0.0,3.67,5.04,0,65.922107674685,,0.047619047619047616,0,0,5.0,7,-17.010151984780798,False,-6.377551020408168,,-0.00010056944905754979,False,False,中药,-129.8732,-0.6432641588513549,22.0,26.6766323024055,1.0,0.0,26.68,Other
600595.SH,600595,中孚实业,20020626,主板,612072196.3500001,-18.505747126436777,工业金属,未知,801055.SI,240000,7.09,17.5701,12.8674,1.5844,1.8948,2841604.7258,2841604.7258,580556311.5999999,False,0,0,False,False,8.87,-2.876712328767128,-12.577065351417993,-20.067643742953766,False,-18.505747126436777,-3.057119871279157,379.5,169.82,877900215.52,106.8768,,,4237942945.15,-8.7386,4.6874,0,2841604.7258,580556311.5999999,1.0,1.5,PASS,False,0.3559322033898305,379.5,169.82,55.81,379.5,ESP-Q,17.5701,1.5844,4.6874,0.04629802371541502,38.288555,10.0,0.0,7.09,8.87,0,30.011454753722795,CAT-0,0.047619047619047616,0,0,5.0,7,-13.192158276262566,False,-2.876712328767128,,-0.008295784720547952,False,False,工业金属,379.5,1.7244641096092737,68.0,25.10343642611684,0.35,0.0,18.79,Other
600596.SH,600596,新安股份,20010906,主板,341015502.1,-3.057119871279157,化学制品,未知,801034.SI,220000,12.05,110.7392,77.4392,1.2955,3.7374,1626264.444,1626264.444,378916633.6,False,0,0,False,False,13.17,1.090604026845643,-4.213036565977735,-8.504176157934696,False,-3.057119871279157,-3.057119871279157,441.3901,32.1765,79441409.08,82.5103,,,-59916224.80000001,-96.188,0.7698,0,1626264.444,378916633.6,1.0,1.5,PASS,False,0.4406779661016949,441.3901,32.1765,8.2371,441.3901,ESP-Q,110.7392,1.2955,0.7698,0.2508873669799119,104.193015625,0.0,0.0,12.05,13.17,0,62.77205040091638,,0.5263157894736842,0,0,5.0,23,2.646417818735714,False,1.090604026845643,,-0.007239112393644804,False,False,化学制品,441.3901,0.8410126159111461,50.0,31.33161512027491,0.7,0.0,21.93,Other
600600.SH,600600,青岛啤酒,19930827,主板,355310884.25,-1.306030312802331,饮料制造,未知,801123.SI,340000,61.21,18.1998,17.8518,2.574,0.7859,8350238.3356,4340559.8971,314081490.40000004,False,0,0,False,False,63.83,-0.8905440414507693,-0.5362365940851488,-4.104652984490043,False,-1.306030312802331,-3.057119871279157,6.42,4.53,1705809135.0,94.7786,,,14389171726.0,122.3653,5.7054,0,8350238.3356,314081490.40000004,1.0,1.5,PASS,False,0.2711864406779661,6.42,4.53,2.46,6.42,,18.1998,2.574,5.7054,2.8348598130841123,41.77951363636364,0.0,0.0,61.21,63.83,0,65.922107674685,,0.6,0,0,5.0,8,0.8199539391661737,False,-0.8905440414507693,,0.00949718464793373,False,False,饮料制造,6.42,0.2753772566751249,50.0,32.2766323024055,1.0,0.0,32.28,Other
600602.SH,600602,云赛智联,19901219,主板,1304407265.05,-8.688097306689835,计算机应用,未知,801222.SI,710000,21.02,148.397,146.5596,5.8422,4.8103,2874849.6024,2258184.885,1135757412.1999998,True,0,0,False,False,24.24,-5.739910313901353,-5.824372759856633,-13.28382838283828,False,-8.688097306689835,-3.057119871279157,10.09,-5.44,42599595.68,95.6197,,,406675773.65999997,-519.9467,0.9095,0,2874849.6024,1135757412.1999998,1.0,1.5,PASS,False,0.7627118644067796,10.09,-5.44,-4.9399999999999995,19.97,ESP-Q,148.397,5.8422,0.9095,14.707333994053517,143.4918742857143,0.0,0.0,21.02,24.24,0,65.922107674685,,0.3269230769230769,0,0,5.0,16,-4.705375109289967,False,-5.739910313901353,,0.010070477990542026,False,False,计算机应用,19.97,0.05841422543615956,50.0,32.2766323024055,0.7,0.0,22.59,Other
600605.SH,600605,汇通能源,19920327,主板,220634362.3,2.67536704730833,贸易,未知,801202.SI,450000,31.47,269.171,279.7554,4.572,2.8673,649170.8041,649170.8041,165295295.4,True,0,0,False,False,35.31,-4.780635400907707,13.48719798052651,-10.875106202209018,False,2.67536704730833,-3.057119871279157,0.83,2.13,8637962.47,99.449,,,61301247.4,161.4279,0.6101,0,649170.8041,165295295.4,1.0,1.5,PASS,False,0.3728813559322034,0.83,2.13,2.375,-1.545,,269.171,4.572,0.6101,324.3024096385542,140.81984285714287,0.0,0.0,31.47,35.31,0,75.94501718213058,,0.75,1,1,100.0,3,9.200174499140658,True,-4.780635400907707,,-0.0007638451162159509,False,False,贸易,-1.545,-0.16113161825572533,32.0,79.18350515463918,1.0,0.0,79.18,Tier2
600606.SH,600606,绿地控股,19920327,主板,234672665.49999997,-4.109589041095896,房地产开发,未知,801181.SI,430000,1.4,,,0.5104,0.8631,1967590.564,1967590.564,155858907.6,False,1,0,False,False,1.71,-6.666666666666677,-14.634146341463417,-18.128654970760238,False,-4.109589041095896,-3.057119871279157,-419.27,-92.24,-809209145.68,-396.2972,,,-30215707315.839996,-482.9193,0.5317,0,1967590.564,155858907.6,1.0,1.5,PASS,False,0.847457627118644,-419.27,-92.24,-7.28,-209.635,ESP-Q,,0.5104,0.5317,,87.53592727272726,0.0,0.0,1.4,1.71,0,65.922107674685,,0.4827586206896552,0,0,5.0,9,-0.2634351949420415,False,-6.666666666666677,,5.107182829189396e-05,False,False,房地产开发,-209.635,-0.6747628231761488,22.0,26.6766323024055,0.7,0.0,18.67,Other
600617.SH,600617,国新能源,19921013,主板,209171049.70000002,7.9510703363914415,综合,未知,801231.SI,510000,3.53,,,2.129,2.8473,681004.6969,626766.5692,272487356.8,True,0,0,False,False,3.87,-4.076086956521752,16.887417218543032,-8.785529715762285,False,7.9510703363914415,-3.057119871279157,132.77,13.8,37406295.58,29.7569,,,-643461769.38,224.2904,3.2006,0,681004.6969,272487356.8,1.0,1.5,PASS,False,0.9322033898305084,132.77,13.8,-7.0,146.77,ESP-Q,,2.129,3.2006,,210.72467916666668,0.0,0.0,3.53,3.87,0,65.922107674685,,0.7567567567567568,1,1,100.0,12,12.017200810028616,True,-4.076086956521752,,0.010784610339356663,False,False,综合,146.77,-0.051719005016161904,32.0,76.1766323024055,0.7,0.0,53.32,Tier2
600619.SH,600619,海立股份,19921116,主板,611328916.3,3.4714445688689866,白色家电,未知,801111.SI,330000,18.48,276.1788,153.7702,3.2146,8.285,1983540.4623,1458395.0267,977786361.8000001,True,0,0,False,False,19.79,0.983606557377037,0.2169197396963085,-6.619504800404242,False,3.4714445688689866,-3.057119871279157,1001.19,258.4254,80296904.52,110.8629,,,206910643.24,187.2788,1.1782,0,1983540.4623,977786361.8000001,1.0,1.5,PASS,False,0.23728813559322035,1001.19,258.4254,-17.555,1036.3,,276.1788,3.2146,1.1782,0.2758505378599467,53.917895,0.0,0.0,18.48,19.79,0,91.40893470790378,,0.5833333333333334,0,1,55.0,8,1.2995354673242976,False,0.983606557377037,,0.008283261132321553,False,False,白色家电,1036.3,4.009134698169141,98.02740409450742,74.52816123127262,1.0,0.0,74.53,Tier1
600621.SH,600621,华鑫股份,19921202,主板,188828621.15,-0.8540925266903976,证券,未知,801193.SI,490000,13.93,23.2476,22.6114,1.58,1.5947,1477832.7138,1477832.7138,175948297.0,False,0,0,False,False,15.1,-0.5000000000000004,-14.434889434889442,-7.748344370860927,False,-0.8540925266903976,-3.057119871279157,5.07,69.87,131845580.73,84.9124,,,1439840930.01,897.1467,1.674,0,1477832.7138,175948297.0,1.0,1.5,PASS,False,0.03389830508474576,5.07,69.87,31.015,-25.945,,23.2476,1.58,1.674,4.5853254437869815,30.001145454545455,0.0,0.0,13.93,15.1,0,65.922107674685,,0.6363636363636364,0,0,5.0,14,1.0297150988955617,False,-0.5000000000000004,,0.0048477876739928824,False,False,证券,-25.945,-0.4786710812318302,32.0,28.6766323024055,1.0,0.0,28.68,Other
600623.SH,600623,华谊集团,19921204,主板,312544358.8,-4.929577464788737,橡胶,未知,801037.SI,220000,9.45,36.1642,34.5661,0.8898,2.2217,2006075.5596,1772852.8227,313369810.6,True,1,0,False,False,11.07,-1.5625,2.941176470588225,-14.634146341463428,False,-4.929577464788737,-3.057119871279157,49.14,-3.17,196239382.7,116.9007,,,1385036952.51,1238.6706,0.7474,0,2006075.5596,313369810.6,1.0,1.5,PASS,False,0.423728813559322,49.14,-3.17,-28.13,105.39999999999999,ESP-Q,36.1642,0.8898,0.7474,0.7359422059422059,47.013079999999995,0.0,0.0,9.45,11.07,0,65.922107674685,,0.3333333333333333,0,0,0.0,2,-11.787533700576493,False,-1.5625,TIER2_FORCED,0.010312926423070147,False,False,橡胶,105.39999999999999,1.7759634992725248,68.0,33.3766323024055,0.7,0.0,23.36,Tier2
600629.SH,600629,华建集团,19930209,主板,497837165.2499999,-8.5007006071929,专业工程,未知,801724.SI,620000,19.59,265.3869,1222.6523,3.6084,2.3839,1900893.433,1877056.464,494883674.1999999,True,0,0,False,False,22.64,-2.5373134328358304,-7.550731477111849,-13.471731448763258,False,-8.5007006071929,-3.057119871279157,,-96.19,,,,,186919143.25,,,0,1900893.433,494883674.1999999,1.0,1.5,PASS,False,0.5254237288135594,,-96.19,-11.64,0.0,DATA-INC,265.3869,3.6084,,,85.53638666666667,0.0,0.0,19.59,22.64,0,87.7434135166094,,0.6,0,0,5.0,5,0.040224659711020294,False,-2.5373134328358304,,0.022153994291224045,False,False,专业工程,0.0,-0.29113105242487014,32.0,35.223024054982815,1.0,0.0,35.22,Other
600635.SH,600635,大众公用,19930304,主板,287967216.8,1.2987012987013102,多元金融,未知,801191.SI,490000,5.46,38.8281,59.2924,1.8137,4.3333,1612029.3326,1320660.2546,421925348.79999995,True,0,0,False,False,5.75,5.000000000000004,-12.077294685990337,-5.043478260869561,False,1.2987012987013102,-3.057119871279157,-25.52,-12.73,80791296.08,158.9589,,,835177419.88,243.1988,0.5718,0,1612029.3326,421925348.79999995,1.0,1.5,PASS,False,0.3220338983050847,-25.52,-12.73,17.765,-43.285,,38.8281,1.8137,0.5718,,44.777813333333334,0.0,0.0,5.46,5.75,0,67.92668957617411,,0.8235294117647058,1,1,100.0,6,8.103994304372398,True,5.000000000000004,,0.00834564712325645,False,False,多元金融,-43.285,-0.8019972693930841,22.0,74.77800687285223,1.0,0.0,74.78,Tier2
600637.SH,600637,东方明珠,19930316,主板,787753588.3500001,4.004004004004003,文化传媒,未知,801761.SI,720000,10.39,56.5708,62.5672,1.1666,4.0345,3493013.9099,3493013.9099,965284072.1999999,False,1,0,False,False,11.0,7.780082987551862,-8.939526730937775,-5.545454545454542,False,4.004004004004003,-3.057119871279157,-63.2,47.57,31690287.59,51.4111,,,1081475732.1,-249.1826,0.2059,0,3493013.9099,965284072.1999999,1.0,1.5,PASS,False,0.864406779661017,-63.2,47.57,-15.175,-31.6,ESP-Q,56.5708,1.1666,0.2059,,118.69075000000001,0.0,0.0,10.39,11.0,0,92.55441008018327,,0.75,1,1,85.0,5,5.206459723431006,True,7.780082987551862,,0.002338731229657608,False,False,文化传媒,-31.6,-0.15682023120212787,32.0,76.66632302405498,0.7,0.0,53.67,Tier2
600641.SH,600641,先导基电,19930407,主板,1925280886.85,8.3739837398374,房地产开发,未知,801181.SI,430000,26.66,,,3.0453,9.7823,2524344.5427,2481059.3667,2369535806.2,True,1,0,False,False,31.8,-7.686980609418281,40.68601583113458,-16.163522012578614,False,8.3739837398374,-3.057119871279157,-347.9593,-218.0607,-17819692.06,,,,-216711929.39000002,,-0.2077,1,2524344.5427,2369535806.2,1.0,1.5,PASS,False,0.847457627118644,-347.9593,-218.0607,-7.28,-173.97965,,,3.0453,-0.2077,,87.53592727272726,0.0,0.0,26.66,31.8,10,89.46162657502865,,0.896551724137931,1,1,100.0,9,12.220137585991253,True,-7.686980609418281,,-0.012408506288832999,False,False,房地产开发,-173.97965,-0.5889691217499197,22.0,81.2384879725086,1.0,10.0,71.24,Tier2
600642.SH,600642,申能股份,19930416,主板,340998334.70000005,2.699784017278617,电力,未知,801161.SI,410000,9.51,11.5969,12.2787,1.2213,0.8755,4654269.4866,4654016.3114,457801353.8,True,0,0,False,False,10.18,0.10526315789474161,15.4126213592233,-6.581532416502944,False,2.699784017278617,-3.057119871279157,-11.74,2.42,768293399.25,97.5105,,,9384450491.460001,185.3461,1.8714,0,4654269.4866,457801353.8,1.0,1.5,PASS,False,0.3050847457627119,-11.74,2.42,0.02,-11.76,,11.5969,1.2213,1.8714,,55.30460465116279,0.0,0.0,9.51,10.18,0,86.25429553264605,,0.6818181818181818,0,1,55.0,14,2.9344360022569016,False,0.10526315789474161,,0.022702073231062492,False,False,电力,-11.76,-0.1904217120451003,32.0,59.77628865979381,1.0,0.0,59.78,Tier2
600644.SH,600644,乐山电力,19930426,主板,456908327.1500001,-11.347517730496449,电力,未知,801161.SI,410000,11.25,279.0213,285.9487,3.1463,2.6835,650610.9203,650610.9203,279870950.0,False,0,0,False,False,12.98,-1.4022787028922012,1.0781671159029615,-13.328197226502315,False,-11.347517730496449,-3.057119871279157,-31.78,-48.43,-3574916.83,,,,72476852.43,,-0.0855,0,650610.9203,279870950.0,1.0,1.5,PASS,False,0.3050847457627119,-31.78,-48.43,0.02,-31.8,,279.0213,3.1463,-0.0855,,55.30460465116279,0.0,0.0,11.25,12.98,0,83.61970217640321,,0.13636363636363635,0,0,5.0,14,-11.112865745518164,False,-1.4022787028922012,,0.013519981262792725,False,False,电力,-31.8,-0.4653928793253185,32.0,33.985910652920964,1.0,0.0,33.99,Other
600651.SH,600651,飞乐音响,19901219,主板,169447941.95,-1.3005780346820761,其他电子,未知,801082.SI,270000,6.83,311.1532,284.6642,6.7873,1.0816,1712300.1342,1712300.1342,166703222.60000002,True,0,0,False,False,7.58,-4.207573632538564,-15.470297029702973,-9.894459102902376,False,-1.3005780346820761,-3.057119871279157,,214.3185,,,,,19119149.82,1260.2937,0.2504,0,1712300.1342,166703222.60000002,1.0,1.5,PASS,False,0.8135593220338984,,214.3185,16.535,0.0,DATA-INC,311.1532,6.7873,0.2504,,108.22777500000001,0.0,0.0,6.83,7.58,0,89.46162657502865,,0.5555555555555556,0,0,5.0,6,0.5874248523349723,False,-4.207573632538564,,-0.005389278023543881,False,False,其他电子,0.0,-0.5480738606640541,22.0,33.738487972508594,1.0,0.0,33.74,Other
600660.SH,600660,福耀玻璃,19930610,主板,901245021.6499999,-9.734219269102983,汽车零部件,未知,801093.SI,280000,54.34,15.2286,15.7674,3.9382,0.6601,14181346.3529,10884227.7281,760025008.1999999,False,0,0,False,False,61.1,-2.964285714285708,-8.487706298416974,-11.063829787234036,False,-9.734219269102983,-3.057119871279157,-17.32,23.08,1642761951.0,95.9815,,,22435762931.0,17.6882,4.4631,0,14181346.3529,760025008.1999999,1.0,1.5,PASS,False,0.5932203389830508,-17.32,23.08,-7.975999999999999,-8.66,,15.2286,3.9382,4.4631,,74.48131470588235,10.0,0.0,54.34,61.1,0,89.23253150057275,,0.14864864864864866,0,0,5.0,23,-10.872368696726097,False,-2.964285714285708,,0.0071627248161215094,False,False,汽车零部件,-8.66,0.037521683454698466,50.0,39.26975945017182,1.0,0.0,49.27,Other
600666.SH,600666,奥瑞德,19930712,主板,1997559497.35,-22.700296735905045,光学光电子,未知,801084.SI,270000,5.21,101.3845,102.3705,13.0748,11.2689,1433504.0923,1303674.0558,1645139031.6,True,2,1,False,False,7.07,-9.548611111111105,32.90816326530612,-26.308345120226306,False,-22.700296735905045,-3.057119871279157,-7.2545,26.9134,-10742970.21,,,,-202632493.31,,-0.9249,0,1433504.0923,1645139031.6,1.0,1.5,PASS,False,0.9491525423728814,-7.2545,26.9134,-19.355800000000002,-3.62725,,101.3845,13.0748,-0.9249,,229.99712142857143,0.0,0.0,5.21,7.07,0,82.0160366552119,,0.05,0,0,5.0,7,-28.457994459679657,False,-9.548611111111105,,0.006269457967938433,False,False,光学光电子,-3.62725,0.08274348586297621,50.0,37.10481099656357,1.0,0.0,37.1,Other
600667.SH,600667,太极实业,19930728,主板,2393116876.3999996,24.32432432432432,半导体,未知,801081.SI,270000,12.42,57.9698,56.5583,2.9712,15.484,2597695.3851,2597695.3851,3793920502.7999997,True,1,1,False,False,13.93,0.5668016194332104,26.864147088866197,-10.839913854989236,False,24.32432432432432,-3.057119871279157,9.44,-21.62,125094376.9,96.879,,,1296424413.32,-187.3256,1.4862,0,2597695.3851,3793920502.7999997,1.0,1.5,PASS,False,0.8813559322033898,9.44,-21.62,21.265,-11.825000000000001,ESP-Q,57.9698,2.9712,1.4862,6.140868644067797,141.87467999999998,0.0,0.0,12.42,13.93,0,89.46162657502865,CHASE,0.6956521739130435,0,1,55.0,7,3.3165033165033044,False,0.5668016194332104,,-0.0034688549472595294,True,False,半导体,-11.825000000000001,-0.2844247640606381,32.0,60.738487972508594,0.7,0.0,42.52,Other
600673.SH,600673,东阳光,19930917,主板,3259715939.55,10.811638591117912,综合,未知,801231.SI,510000,36.18,395.2725,933.0105,10.9665,2.4472,10888570.2035,10859636.5799,2790425643.2,False,2,0,False,False,42.83,-0.9038619556285932,-4.285714285714281,-15.526500116740605,False,10.811638591117912,-3.057119871279157,-37.29,116.86,167536076.09,140.4607,,,2146143240.51,87.3725,1.2432,0,10888570.2035,2790425643.2,1.0,1.5,PASS,False,0.9322033898305084,-37.29,116.86,-7.0,-18.645,,395.2725,10.9665,1.2432,,210.72467916666668,0.0,0.0,36.18,42.83,0,99.0836197021764,,0.8648648648648649,1,1,75.0,12,14.877769064755087,True,-0.9038619556285932,,4.268882808391652e-05,False,False,综合,-18.645,-0.3866721079941355,32.0,73.62508591065293,1.0,0.0,73.63,Tier2
600674.SH,600674,川投能源,19930924,主板,505493532.60000014,-2.4390243902438935,电力,未知,801161.SI,410000,14.8,15.175,15.2586,1.5555,0.7501,7214418.1054,7214418.1054,561348334.5999999,True,0,0,False,False,15.78,-1.2675116744496284,6.859205776173294,-6.210392902408102,False,-2.4390243902438935,-3.057119871279157,-1.92,5.73,1448418031.42,99.7086,,,12833848171.83,15.7506,3.1832,0,7214418.1054,561348334.5999999,1.0,1.5,PASS,False,0.3050847457627119,-1.92,5.73,0.02,-1.94,,15.175,1.5555,3.1832,,55.30460465116279,10.0,0.0,14.8,15.78,0,83.61970217640321,,0.29545454545454547,0,0,5.0,14,-2.204372405265609,False,-1.2675116744496284,,-0.0006303394767501776,False,False,电力,-1.94,-0.055680351631340705,32.0,33.985910652920964,1.0,0.0,43.99,Other
600676.SH,600676,交运股份,19930928,主板,163136801.14999998,-9.962640099626386,综合,未知,801231.SI,510000,7.23,,,1.5592,4.4273,743600.3985,743600.3985,241547600.79999998,False,1,1,False,False,8.99,-1.632653061224476,-11.829268292682915,-19.577308120133473,False,-9.962640099626386,-3.057119871279157,-6.97,-39.27,-77171459.22,,,,-1021455665.5600001,,-1.2855,0,743600.3985,241547600.79999998,1.0,1.5,PASS,False,0.9322033898305084,-6.97,-39.27,-7.0,-3.485,,,1.5592,-1.2855,,210.72467916666668,0.0,0.0,7.23,8.99,0,68.38487972508591,,0.2972972972972973,0,0,5.0,12,-5.896509625989211,False,-1.632653061224476,,0.05003518560853549,False,False,综合,-3.485,-0.35597423270382883,32.0,29.41546391752577,1.0,0.0,29.42,Other
600683.SH,600683,京投发展,19931025,主板,719234815.7500001,21.42259414225942,房地产开发,未知,801181.SI,430000,14.51,,,,5.5786,1074868.2932,1074868.2932,700458131.8000001,False,4,3,False,True,21.83,-13.733650416171228,116.24441132637853,-33.53183692166743,False,21.42259414225942,-3.057119871279157,20.5777,-12.4711,-129212370.33,,,,-2067111817.83,,-4.8609,0,1074868.2932,700458131.8000001,1.0,1.5,PASS,False,0.847457627118644,20.5777,-12.4711,-7.28,35.1377,ESP-Q,,,-4.8609,,87.53592727272726,0.0,0.0,14.51,21.83,0,75.94501718213058,CHASE,0.9310344827586207,1,1,75.0,9,25.268747988413274,True,-13.733650416171228,突破型,-0.017536079778642032,True,False,房地产开发,35.1377,-0.08579213739990685,32.0,66.68350515463918,0.7,0.0,46.68,Other
600688.SH,600688,上海石化,19931108,主板,195095801.95,-0.35714285714284477,石油化工,未知,801035.SI,220000,2.79,,,1.2498,0.9171,2941390.2825,2044738.9665,158591721.19999996,False,0,0,False,False,3.23,-6.375838926174493,-10.289389067524112,-13.622291021671828,False,-0.35714285714284477,-3.057119871279157,597.6446,-520.78,424038000.0,102.1357,,,-1831525000.0,-134.498,1.7793,0,2941390.2825,158591721.19999996,1.0,1.5,PASS,False,0.2033898305084746,597.6446,-520.78,13.370000000000001,597.6446,ESP-Q,,1.2498,1.7793,,39.986374999999995,0.0,0.0,2.79,3.23,0,65.922107674685,,0.6666666666666666,0,1,35.0,2,3.438179840464112,False,-6.375838926174493,,0.006448824651531233,False,False,石油化工,597.6446,2.008280204571557,82.0,53.6766323024055,0.7,0.0,37.57,Other
600690.SH,600690,海尔智家,19931119,主板,1248804168.4499998,-1.8722995679308574,白色家电,未知,801111.SI,330000,20.44,9.8031,10.2405,1.5311,0.79,19167875.0046,12781190.0721,1091179120.3999999,True,0,0,False,False,21.85,-4.485981308411202,-20.466926070038905,-6.453089244851262,False,-1.8722995679308574,-3.057119871279157,-17.2,4.49,4441374498.46,95.4803,,,39937334747.67,28.2183,3.8146,0,19167875.0046,1091179120.3999999,1.0,1.5,PASS,False,0.23728813559322035,-17.2,4.49,-17.555,-8.6,,9.8031,1.5311,3.8146,,53.917895,10.0,0.0,20.44,21.85,0,92.21076746849943,,0.4166666666666667,0,0,5.0,8,-4.044208669475546,False,-4.485981308411202,,0.005079871762942087,False,False,白色家电,-8.6,-0.1810480911428969,32.0,36.56323024054983,1.0,0.0,46.56,Other
600691.SH,600691,潞化科技,19931119,主板,198883511.45000002,-13.20754716981133,综合,未知,801231.SI,510000,2.76,,,2.1085,2.349,655771.0188,655661.7228,126980237.00000001,True,0,0,False,False,3.51,-7.382550335570482,-9.80392156862746,-21.36752136752137,False,-13.20754716981133,-3.057119871279157,63.0185,-21.32,-57044965.38,,,,-1555056116.45,,-1.5551,0,655771.0188,126980237.00000001,1.0,1.5,PASS,False,0.9322033898305084,63.0185,-21.32,-7.0,77.0185,ESP-Q,,2.1085,-1.5551,,210.72467916666668,0.0,0.0,2.76,3.51,0,65.922107674685,,0.16216216216216217,0,0,5.0,12,-9.141416696174154,False,-7.382550335570482,,0.015779068004670032,False,False,综合,77.0185,-0.19296061770163858,32.0,28.6766323024055,0.7,0.0,20.07,Other
600699.SH,600699,均胜电子,19931206,主板,2227373453.5999994,5.120167189132707,汽车零部件,未知,801093.SI,280000,30.18,35.0364,33.491,2.6704,8.7715,4680225.5591,4089551.8976,2908805384.2000003,True,1,0,False,False,31.85,-0.6256173855778813,8.172043010752695,-5.2433281004709675,False,5.120167189132707,-3.057119871279157,13.23,16.72,362354723.87,90.1181,,,3686532101.5299997,157.1652,2.3076,0,4680225.5591,2908805384.2000003,1.0,1.5,PASS,False,0.5932203389830508,13.23,16.72,-7.975999999999999,29.182,,35.0364,2.6704,2.3076,2.648253968253968,74.48131470588235,0.0,0.0,30.18,31.85,0,65.922107674685,,0.6756756756756757,0,1,55.0,23,3.982017761509593,False,-0.6256173855778813,,-0.0023090510177379013,False,False,汽车零部件,29.182,0.18144202663115577,50.0,57.2766323024055,1.0,0.0,57.28,Tier1
600702.SH,600702,舍得酒业,19960524,主板,234624900.65000004,-8.357095854354025,饮料制造,未知,801123.SI,340000,41.78,62.3419,128.2133,1.9441,1.5591,1390266.5965,1389681.6765,212368407.59999996,False,0,0,False,False,47.67,-0.7129277566539804,-21.92113623621752,-12.355779316131743,False,-8.357095854354025,-3.057119871279157,-34.91,-50.31,223468143.6,96.5107,,,1321387557.67,-33.6701,3.2987,0,1390266.5965,212368407.59999996,1.0,1.5,PASS,False,0.2711864406779661,-34.91,-50.31,2.46,-37.37,ESP-Q,62.3419,1.9441,3.2987,,41.77951363636364,0.0,0.0,41.78,47.67,0,59.67926689576174,,0.28,0,0,5.0,8,-6.23111160238552,False,-0.7129277566539804,,-0.008519206508954238,False,False,饮料制造,-37.37,-0.301755892323869,32.0,26.80378006872852,0.7,0.0,18.76,Other
600704.SH,600704,物产中大,19960606,主板,274002622.45,-6.346153846153846,综合,未知,801231.SI,510000,4.87,6.9505,6.9752,0.5975,0.9851,2518364.6064,2518364.6064,262214106.40000004,False,0,0,False,False,5.27,-2.6000000000000023,-12.724014336917566,-7.590132827324469,False,-6.346153846153846,-3.057119871279157,-7.03,14.28,845908091.43,87.1211,,,8014887348.79,-440.1742,2.1577,0,2518364.6064,262214106.40000004,1.0,1.5,PASS,False,0.9322033898305084,-7.03,14.28,-7.0,-3.515,ESP-Q,6.9505,0.5975,2.1577,,210.72467916666668,10.0,0.0,4.87,5.27,0,65.922107674685,,0.43243243243243246,0,0,5.0,12,-2.2800233725166708,False,-2.6000000000000023,,0.027789659502647605,False,False,综合,-3.515,-0.35603498047814996,32.0,28.6766323024055,0.7,0.0,30.07,Other
600707.SH,600707,彩虹股份,19960520,主板,1747170819.15,35.147928994082854,光学光电子,未知,801084.SI,270000,11.42,109.5009,713.1526,1.88,5.3834,4097941.0739,4097118.8339,2041740921.8000002,False,3,1,False,True,11.72,6.828811973807292,79.84251968503938,-2.5597269624573427,False,35.147928994082854,-3.057119871279157,-106.22,-77.67,-19049173.74,-344.4203,,,939820619.72,930.8593,0.0254,0,4097941.0739,2041740921.8000002,1.0,1.5,PASS,False,0.9491525423728814,-106.22,-77.67,-19.355800000000002,-53.11,ESP-Q,109.5009,1.88,0.0254,,229.99712142857143,0.0,0.0,11.42,11.72,0,91.52348224513173,CHASE,0.95,1,1,85.0,7,29.39023127030824,True,6.828811973807292,突破型|OVERHEAT,0.03549240696271881,True,True,光学光电子,-53.11,-0.40296164140183555,32.0,76.35704467353952,0.7,0.0,53.45,Tier2
600710.SH,600710,苏美达,19960701,主板,235535334.90000004,-8.629825889477672,贸易,未知,801202.SI,450000,12.07,11.6348,11.4837,1.8415,1.0502,1577246.5668,1577246.5668,198594649.0,True,0,0,False,False,13.58,1.5993265993266004,0.5833333333333357,-11.119293078055959,False,-8.629825889477672,-3.057119871279157,3.92,19.23,286379000.0,92.112,,,3163712400.0,-10.9887,3.6406,0,1577246.5668,198594649.0,1.0,1.5,PASS,False,0.3728813559322034,3.92,19.23,2.375,3.92,ESP-Q,11.6348,1.8415,3.6406,2.968061224489796,140.81984285714287,0.0,0.0,12.07,13.58,0,66.55211912943871,,0.5,0,0,5.0,3,-2.105018437645345,False,1.5993265993266004,,-0.014759309238224246,False,False,贸易,3.92,-0.10938136242985877,32.0,28.865635738831614,0.7,0.0,20.21,Other
600722.SH,600722,金牛化工,19960626,主板,929227939.9999999,-15.762081784386616,化学原料,未知,801033.SI,220000,11.33,160.8255,162.0531,6.1108,5.3696,770802.1929,770802.1929,637840091.1999999,True,0,0,False,False,14.8,-10.43478260869566,28.02259887005649,-23.445945945945944,False,-15.762081784386616,-3.057119871279157,-9.02,-8.19,10729547.73,82.2359,,,82664611.61000001,-12.2121,1.0398,0,770802.1929,637840091.1999999,1.0,1.5,PASS,False,0.6101694915254238,-9.02,-8.19,-6.205,-4.51,ESP-Q,160.8255,6.1108,1.0398,,75.93632,0.0,0.0,11.33,14.8,0,65.922107674685,,0.4666666666666667,0,0,5.0,5,-9.027167991283168,False,-10.43478260869566,,-0.007981326479494259,False,False,化学原料,-4.51,-0.15730287645903288,32.0,28.6766323024055,0.7,0.0,20.07,Other
600727.SH,600727,鲁北化工,19960702,主板,221041602.79999998,-2.395964691046648,化学制品,未知,801034.SI,220000,7.74,106.9012,69.5544,1.2574,4.4451,409123.3465,409123.3465,222789351.6,True,0,0,False,False,8.79,-9.154929577464777,3.337783711615483,-11.945392491467565,False,-2.395964691046648,-3.057119871279157,56.3,-90.13,55299235.25,97.778,,,122165983.74,19.8548,1.7533,0,409123.3465,222789351.6,1.0,1.5,PASS,False,0.4406779661016949,56.3,-90.13,8.2371,56.3,ESP-Q,106.9012,1.2574,1.7533,1.898777975133215,104.193015625,0.0,0.0,7.74,8.79,0,90.37800687285224,,0.5657894736842105,0,0,5.0,23,3.3075729989682228,False,-9.154929577464777,,-0.005153522591922706,False,False,化学制品,56.3,0.0007090175693719347,50.0,39.613402061855666,0.7,0.0,27.73,Other
600728.SH,600728,佳都科技,19960716,主板,217874203.29999998,-4.6762589928057485,计算机应用,未知,801222.SI,710000,5.3,65.0108,171.8151,1.4309,1.9224,1130277.6083,1130277.6083,209411040.4,True,0,0,False,False,5.75,-1.1194029850746356,-22.287390029325515,-7.826086956521738,False,-4.6762589928057485,-3.057119871279157,8.13,19.88,11184861.5,90.7462,,,63084132.07,,0.1562,0,1130277.6083,209411040.4,1.0,1.5,PASS,False,0.7627118644067796,8.13,19.88,-4.9399999999999995,18.009999999999998,,65.0108,1.4309,0.1562,7.99640836408364,143.4918742857143,0.0,0.0,5.3,5.75,0,92.55441008018327,,0.4807692307692308,0,0,5.0,16,-0.6935367954058806,False,-1.1194029850746356,,0.004181345531606592,False,False,计算机应用,18.009999999999998,0.05014102617069306,50.0,40.266323024054984,1.0,0.0,40.27,Other
600733.SH,600733,北汽蓝谷,19960816,主板,529064087.8000001,-8.888888888888902,综合,未知,801231.SI,510000,6.56,,,6.9357,1.9579,4176852.9991,3208963.0202,514327872.8,True,0,0,False,False,7.53,-5.475504322766578,-19.999999999999996,-12.881806108897752,False,-8.888888888888902,-3.057119871279157,8.5642,34.3401,-878838102.1,,,,-11497196478.67,,-24.97,0,4176852.9991,514327872.8,1.0,1.5,PASS,False,0.9322033898305084,8.5642,34.3401,-7.0,22.5642,,,6.9357,-24.97,,210.72467916666668,0.0,0.0,6.56,7.53,0,79.61053837342497,,0.32432432432432434,0,0,5.0,12,-4.822758415251727,False,-5.475504322766578,,-0.00714944715810467,False,False,综合,22.5642,-0.3032265352755797,32.0,32.78316151202749,1.0,0.0,32.78,Other
600737.SH,600737,中粮糖业,19960731,主板,548238805.8500001,-2.9192124915139117,饮料制造,未知,801123.SI,340000,14.3,32.1538,30.8875,2.6295,2.2917,3058552.966,3058552.966,584450213.2000002,False,1,1,False,False,16.6,-8.801020408163263,-8.917197452229287,-13.855421686746993,False,-2.9192124915139117,-3.057119871279157,29.81,-52.02,195872763.69,90.6973,,,2152128599.0,-95.2222,1.8733,0,3058552.966,584450213.2000002,1.0,1.5,PASS,False,0.2711864406779661,29.81,-52.02,2.46,29.81,ESP-Q,32.1538,2.6295,1.8733,1.0786246226098624,41.77951363636364,0.0,0.0,14.3,16.6,0,65.922107674685,,0.48,0,0,5.0,8,-0.7932282395454071,False,-8.801020408163263,,-0.0007784751967412998,False,False,饮料制造,29.81,0.583647280769358,50.0,32.2766323024055,0.7,0.0,22.59,Other
600740.SH,600740,山西焦化,19960808,主板,188561687.49999997,-9.951456310679617,煤炭开采,未知,801021.SI,210000,3.71,114.3383,70.3125,0.6243,1.3977,950546.9481,950546.9481,143387509.2,True,0,0,False,False,4.47,-3.6363636363636376,-17.555555555555557,-17.002237136465325,False,-9.951456310679617,-3.057119871279157,73.1342,-81.67,-20936712.66,,,,-131364694.73,,-0.1195,0,950546.9481,143387509.2,1.0,1.5,PASS,False,0.1694915254237288,73.1342,-81.67,-3.7,80.53420000000001,ESP-Q,114.3383,0.6243,-0.1195,1.5634039888314906,32.17243333333333,0.0,10.0,3.71,4.47,0,65.922107674685,,0.22727272727272727,0,0,5.0,7,-6.446068776253965,False,-3.6363636363636376,,0.003649900001736551,False,False,煤炭开采,80.53420000000001,1.1775763264026196,68.0,35.8766323024055,0.7,10.0,15.11,Other
600743.SH,600743,华远控股,19960909,主板,294128293.3,-6.153846153846154,房地产开发,未知,801181.SI,430000,2.44,,,10.3364,3.6812,572448.6133,572448.6133,205179011.0,True,0,0,False,False,2.86,-9.293680297397767,24.489795918367353,-14.685314685314687,False,-6.153846153846154,-3.057119871279157,37.653,91.9918,-9991800.0,,,,-195748500.0,,-1.7339,0,572448.6133,205179011.0,1.0,1.5,PASS,False,0.847457627118644,37.653,91.9918,-7.28,52.213,,,10.3364,-1.7339,,87.53592727272726,0.0,0.0,2.44,2.86,0,84.65063001145475,,0.41379310344827586,0,0,5.0,9,-2.3076923076922995,False,-9.293680297397767,,0.0070073925195961815,False,False,房地产开发,52.213,-0.044705647154732193,32.0,34.29518900343643,1.0,0.0,34.3,Other
600751.SH,600751,海航科技,19960909,主板,179326956.10000002,-6.842105263157894,其他电子,未知,801082.SI,270000,3.54,99.7891,140.7557,1.3576,2.0213,1026365.5752,910908.9244,173380679.8,False,0,0,False,False,4.03,-2.4793388429751984,-14.492753623188403,-12.158808933002485,False,-6.842105263157894,-3.057119871279157,-62.38,-46.74,10914015.68,83.6801,,,192745871.24,-1380.0958,0.1724,0,1026365.5752,173380679.8,1.0,1.5,PASS,False,0.8135593220338984,-62.38,-46.74,16.535,-78.915,ESP-Q,99.7891,1.3576,0.1724,,108.22777500000001,0.0,0.0,3.54,4.03,0,74.45589919816724,,0.2777777777777778,0,0,5.0,6,-4.954102376140845,False,-2.4793388429751984,,0.008321975860058249,False,False,其他电子,-78.915,-0.8700611247531413,22.0,29.236769759450176,0.7,0.0,20.47,Other
600756.SH,600756,浪潮软件,19960923,主板,179736422.5,-6.449631449631454,计算机应用,未知,801222.SI,710000,15.23,,,2.3821,3.1703,532484.5908,493602.4008,151818673.40000004,False,0,0,False,False,18.4,-6.736068585425581,-15.058561070831,-17.228260869565204,False,-6.449631449631454,-3.057119871279157,2.6112,-1886.51,-86684617.71,,,,-713480385.94,,-3.7883,0,532484.5908,151818673.40000004,1.0,1.5,PASS,False,0.7627118644067796,2.6112,-1886.51,-4.9399999999999995,1.3056,,,2.3821,-3.7883,,143.4918742857143,0.0,0.0,15.23,18.4,0,65.922107674685,,0.38461538461538464,0,0,5.0,16,-2.466909252231586,False,-6.736068585425581,,-0.02390134230526456,False,False,计算机应用,1.3056,-0.020368580875255164,32.0,28.6766323024055,1.0,0.0,28.68,Other
600761.SH,600761,安徽合力,19961009,主板,396314485.35,8.030040439052577,专用设备,未知,801074.SI,640000,18.7,13.6006,13.5591,1.4934,2.381,1665595.4631,1665595.4631,382813809.59999996,True,0,0,False,False,21.25,-5.3643724696356365,-15.651781686964373,-12.0,False,8.030040439052577,-3.057119871279157,,0.2,,,,,2776259952.54,72.048,2.9615,0,1665595.4631,382813809.59999996,1.0,1.5,PASS,False,0.6440677966101694,,0.2,-10.094999999999999,0.0,DATA-INC,13.6006,1.4934,2.9615,,147.6403775510204,0.0,0.0,18.7,21.25,0,65.922107674685,,0.7037037037037037,1,1,100.0,17,7.2315364652330345,True,-5.3643724696356365,,-0.0057607639598999776,False,False,专用设备,0.0,-0.22274196016838751,32.0,76.1766323024055,1.0,0.0,76.18,Tier2
600763.SH,600763,通策医疗,19961030,主板,371153454.15,-9.977935768570735,医疗服务,未知,801156.SI,370000,36.72,32.7216,32.5304,3.7152,2.2051,1642445.6376,1642445.6376,328034360.6,False,0,0,False,False,44.5,-7.715506408645389,-21.789137380191704,-17.483146067415735,False,-9.977935768570735,-3.057119871279157,,-0.04,,,,,1322159746.59,66.474,4.3183,0,1642445.6376,328034360.6,1.0,1.5,PASS,False,0.711864406779661,,-0.04,17.45,0.0,DATA-INC,32.7216,3.7152,4.3183,,76.5296625,10.0,0.0,36.72,44.5,0,65.922107674685,,0.2727272727272727,0,0,5.0,4,-4.805521975467299,False,-7.715506408645389,,-0.007441933599823694,False,False,医疗服务,0.0,-0.4552665073260459,32.0,28.6766323024055,1.0,0.0,38.68,Other
600768.SH,600768,宁波富邦,19961111,主板,151047259.99999997,2.7104959630911196,工业金属,未知,801055.SI,240000,17.81,40.6583,29.2315,5.2046,4.8609,238203.7632,238203.7632,116670082.39999999,True,0,0,False,False,19.78,-1.9812878370941256,0.05617977528089568,-9.959555106167862,False,2.7104959630911196,-3.057119871279157,505.45,158.6726,21241534.84,75.9014,,,49997656.019999996,-334.1355,6.3076,0,238203.7632,116670082.39999999,1.0,1.5,PASS,False,0.3559322033898305,505.45,158.6726,55.81,505.45,ESP-Q,40.6583,5.2046,6.3076,0.08043980611336432,38.288555,0.0,0.0,17.81,19.78,0,81.67239404352806,,0.7619047619047619,1,1,100.0,7,8.02408481326533,True,-1.9812878370941256,,-0.014194213289302619,False,False,工业金属,505.45,2.457984620524648,82.0,90.90171821305842,0.7,0.0,63.63,Tier1
600773.SH,600773,西藏城投,19961108,主板,1056584473.8500001,-12.434325744308229,房地产开发,未知,801181.SI,430000,20.0,,,4.4894,3.1913,1903173.73,1903173.73,729994936.8000001,True,0,0,False,False,28.88,-4.807234650166592,52.32292460015231,-30.747922437673125,False,-12.434325744308229,-3.057119871279157,-54.107,-79.5087,-54022694.76,,,,-789182742.06,,-1.2431,0,1903173.73,729994936.8000001,1.0,1.5,PASS,False,0.847457627118644,-54.107,-79.5087,-7.28,-27.0535,,,4.4894,-1.2431,,87.53592727272726,0.0,0.0,20.0,28.88,0,65.922107674685,,0.1724137931034483,0,0,5.0,9,-8.588171898154375,False,-4.807234650166592,,-0.0004150302740454678,False,False,房地产开发,-27.0535,-0.23543625095197948,32.0,28.6766323024055,1.0,0.0,28.68,Other
600776.SH,600776,东方通信,19961126,主板,766171207.2,-4.999999999999993,通信设备,未知,801102.SI,730000,15.58,54.6498,42.7878,5.1236,3.462,1956848.0997,1489448.0997,485037619.40000004,False,0,0,False,False,19.41,-8.244994110718496,-13.444444444444448,-19.73209685729006,False,-4.999999999999993,-3.057119871279157,176.35,19.23,10312678.44,23.9007,,,-58812792.83,-524.6356,1.1363,0,1956848.0997,485037619.40000004,1.0,1.5,PASS,False,0.9830508474576272,176.35,19.23,4.779999999999999,176.35,ESP-Q,54.6498,5.1236,1.1363,0.3098939608732634,182.74448076923076,0.0,0.0,15.58,19.41,0,65.922107674685,,0.325,0,0,5.0,13,-4.172252957582161,False,-8.244994110718496,,-0.011530466678656124,False,False,通信设备,176.35,0.34630000733617794,50.0,32.2766323024055,0.7,0.0,22.59,Other
600782.SH,600782,新钢股份,19961225,主板,159859443.9,-11.65644171779141,金属制品,未知,801075.SI,640000,2.88,206.2982,,0.361,1.1701,916998.3789,905947.8189,97698190.2,False,0,0,False,False,3.31,-3.6789297658862963,-25.194805194805202,-12.990936555891242,False,-11.65644171779141,-3.057119871279157,-985.3738,79.4098,-787466892.33,,,,-898098269.2,,-2.8353,0,916998.3789,97698190.2,1.0,1.5,PASS,False,0.5423728813559322,-985.3738,79.4098,-11.295,-492.6869,,206.2982,0.361,-2.8353,,68.8756909090909,0.0,0.0,2.88,3.31,0,71.8213058419244,,0.2727272727272727,0,0,5.0,4,-5.157489935820768,False,-3.6789297658862963,,0.009350221529112834,False,False,金属制品,-492.6869,-2.9125448208450546,5.0,25.046391752577318,1.0,0.0,25.05,Other
600783.SH,600783,鲁信创投,19961225,主板,883559425.25,10.343228200371058,综合,未知,801231.SI,510000,23.79,122.7499,106.0581,4.0234,8.6694,1770830.7604,1770830.7604,1035739727.0,True,1,1,False,False,26.3,13.99137517968374,4.3421052631578805,-9.543726235741445,False,10.343228200371058,-3.057119871279157,62.856,-16.38,-16390967.66,,,,641003345.27,,-0.3493,0,1770830.7604,1035739727.0,1.0,1.5,PASS,False,0.9322033898305084,62.856,-16.38,-7.0,76.856,ESP-Q,122.7499,4.0234,-0.3493,1.952874824996818,210.72467916666668,0.0,0.0,23.79,26.3,0,88.43069873997709,,0.8378378378378378,1,1,100.0,12,14.409358674008233,True,13.99137517968374,OVERHEAT,0.010941252797964077,False,True,综合,76.856,-0.19328966814587836,32.0,82.92920962199312,0.7,0.0,58.05,Tier2
600785.SH,600785,新华百货,19970108,主板,162099344.2,-5.699481865284984,一般零售,未知,801203.SI,450000,16.38,49.6157,62.0872,1.6004,5.7579,369584.0366,369584.0366,230635630.59999996,True,0,0,False,False,19.39,-5.427251732101624,-20.52401746724891,-15.523465703971128,False,-5.699481865284984,-3.057119871279157,-11.94,-17.72,63794732.65,98.0816,,,307746267.87,460.4252,2.8567,0,369584.0366,230635630.59999996,1.0,1.5,PASS,False,0.576271186440678,-11.94,-17.72,-2.645,-5.97,,49.6157,1.6004,2.8567,,44.26595714285714,0.0,0.0,16.38,19.39,0,87.7434135166094,,0.8333333333333334,1,0,55.0,4,4.928604420775834,False,-5.427251732101624,,0.010007775466821765,False,False,一般零售,-5.97,-0.3511675930392483,32.0,60.223024054982815,1.0,0.0,60.22,Tier2
600790.SH,600790,轻纺城,19970228,主板,172856803.45000002,6.933333333333325,房地产开发,未知,801181.SI,430000,4.01,,19.3691,0.9881,3.5236,587782.1621,587782.1621,140878528.2,True,1,0,False,False,5.02,-8.447488584474893,0.7537688442210921,-20.119521912350592,False,6.933333333333325,-3.057119871279157,-81.65,-115.25,5357214.18,1.5338,,,314329918.93,-22.2723,6.0319,0,587782.1621,140878528.2,1.0,1.5,PASS,False,0.847457627118644,-81.65,-115.25,-7.28,-40.825,ESP-Q,,0.9881,6.0319,,87.53592727272726,0.0,0.0,4.01,5.02,0,65.922107674685,,0.8275862068965517,1,1,100.0,9,10.77948717948718,True,-8.447488584474893,,-0.01372430463859152,False,False,房地产开发,-40.825,-0.26857315633059203,32.0,76.1766323024055,0.7,0.0,53.32,Tier2
600795.SH,600795,国电电力,19970318,主板,1075917731.2999997,-0.8097165991902799,电力,未知,801161.SI,410000,4.9,12.2035,12.9496,1.4308,1.2374,8739453.3502,8739453.3502,1345406582.8,True,0,0,False,False,5.17,-0.40650406504064707,5.831533477321815,-5.222437137330749,False,-0.8097165991902799,-3.057119871279157,-15.54,45.23,1357733815.87,97.1206,,,17968040863.22,286.1042,2.3193,0,8739453.3502,1345406582.8,1.0,1.5,PASS,False,0.3050847457627119,-15.54,45.23,0.02,-15.559999999999999,,12.2035,1.4308,2.3193,,55.30460465116279,0.0,0.0,4.9,5.17,0,86.25429553264605,,0.4090909090909091,0,0,5.0,14,-0.5750646142119953,False,-0.40650406504064707,,-0.007222619594869077,False,False,电力,-15.559999999999999,-0.24256195334574046,32.0,34.77628865979381,1.0,0.0,34.78,Other
600797.SH,600797,浙大网新,19970418,主板,279071437.2,-4.714912280701755,计算机应用,未知,801222.SI,710000,8.69,,,2.6973,2.7546,892920.4155,892920.4155,230041328.60000002,False,0,0,False,False,9.68,-3.3370411568409475,-20.20202020202021,-10.22727272727273,False,-4.714912280701755,-3.057119871279157,11.748,27.0311,-35478518.47,,,,-231651279.3,,-1.4193,0,892920.4155,230041328.60000002,1.0,1.5,PASS,False,0.7627118644067796,11.748,27.0311,-4.9399999999999995,21.628,,,2.6973,-1.4193,,143.4918742857143,0.0,0.0,8.69,9.68,0,92.21076746849943,,0.46153846153846156,0,0,5.0,16,-0.7321900833018873,False,-3.3370411568409475,,0.01172198005801914,False,False,计算机应用,21.628,0.06541267665153888,50.0,40.16323024054982,1.0,0.0,40.16,Other
600800.SH,600800,渤海化学,19931206,主板,246751088.49999997,-18.489065606361844,计算机设备,未知,801101.SI,710000,4.1,,,4.6506,4.2318,455118.5386,454989.3886,220057129.60000002,True,0,0,False,False,5.21,-11.44708423326134,-4.428904428904435,-21.305182341650674,False,-18.489065606361844,-3.057119871279157,15.1038,-11.9411,-142655516.94,,,,-1853916548.68,,-13.6129,0,455118.5386,220057129.60000002,1.0,1.5,PASS,False,0.7288135593220338,15.1038,-11.9411,7.12,15.1038,ESP-Q,,4.6506,-13.6129,,116.38087647058823,0.0,0.0,4.1,5.21,0,65.922107674685,,0.08333333333333333,0,0,5.0,8,-16.603243095539334,False,-11.44708423326134,,0.01053017459602423,False,False,计算机设备,15.1038,-0.26638813167606,32.0,28.6766323024055,0.7,0.0,20.07,Other
600809.SH,600809,山西汾酒,19940106,主板,1149600541.1999998,-4.011398509425701,饮料制造,未知,801123.SI,340000,131.37,13.0869,14.5945,3.5597,0.7034,16026669.9844,16026669.9844,960372571.0000001,False,0,0,False,False,146.95,-0.030439083783573295,-20.78509406657019,-10.602245661789711,False,-4.011398509425701,-3.057119871279157,-19.18,0.06,5378987443.17,99.9337,,,37559518933.06,113.8451,12.7163,0,16026669.9844,960372571.0000001,1.0,1.5,PASS,False,0.2711864406779661,-19.18,0.06,2.46,-21.64,,13.0869,3.5597,12.7163,,41.77951363636364,10.0,0.0,131.37,146.95,0,65.922107674685,,0.4,0,0,5.0,8,-1.8854142574571968,False,-0.030439083783573295,,-0.004921350368818818,False,False,饮料制造,-21.64,-0.09444133571838438,32.0,28.6766323024055,1.0,0.0,38.68,Other
600815.SH,600815,厦工股份,19940128,主板,560580678.3499999,-6.3260340632603445,专用设备,未知,801074.SI,640000,3.85,,,4.6981,3.554,683026.3748,683026.3748,250155553.79999995,False,3,0,False,False,5.11,-10.465116279069765,22.611464968152873,-24.65753424657534,False,-6.3260340632603445,-3.057119871279157,-49.8923,-94.1193,-15638950.96,,,,-212376278.78,,-0.5036,0,683026.3748,250155553.79999995,1.0,1.5,PASS,False,0.6440677966101694,-49.8923,-94.1193,-10.094999999999999,-24.94615,,,4.6981,-0.5036,,147.6403775510204,0.0,0.0,3.85,5.11,0,62.42840778923253,,0.3888888888888889,0,0,5.0,17,-7.124538037079887,False,-10.465116279069765,,-0.005774726964882446,False,False,专用设备,-24.94615,-0.30754886585041086,32.0,27.628522336769755,1.0,0.0,27.63,Other
600816.SH,600816,建元信托,19940128,主板,404207950.84999996,26.69322709163349,多元金融,未知,801191.SI,490000,3.18,267.4804,28.2338,2.0469,2.3555,3130534.5448,1739185.8582,366857290.4,False,0,0,False,False,3.35,0.0,13.57142857142859,-5.074626865671639,False,26.69322709163349,-3.057119871279157,-7.44,176.26,40557251.09,3.9836,,,482130834.07,1003.021,6.8988,0,3130534.5448,366857290.4,1.0,1.5,PASS,False,0.3220338983050847,-7.44,176.26,17.765,-25.205000000000002,ESP-Q,267.4804,2.0469,6.8988,,44.777813333333334,0.0,0.0,3.18,3.35,0,74.45589919816724,CHASE,1.0,1,1,75.0,6,33.49852009730458,True,0.0,,-0.009045833352641466,True,False,多元金融,-25.205000000000002,-0.6562933559750335,22.0,64.23676975945017,0.7,0.0,44.97,Other
600835.SH,600835,上海机电,19940224,主板,332416012.6,12.879120879120887,专用设备,未知,801074.SI,640000,25.68,33.1419,34.2249,1.8572,2.561,2626394.5429,2071103.0424,556195347.8,True,1,1,False,False,26.9,7.989907485281744,-8.936170212765958,-4.535315985130106,False,12.879120879120887,-3.057119871279157,-10.1,-12.55,170127833.87,95.331,,,1923045745.26,-41.3646,1.2655,0,2626394.5429,556195347.8,1.0,1.5,PASS,False,0.6440677966101694,-10.1,-12.55,-10.094999999999999,-5.05,ESP-Q,33.1419,1.8572,1.2655,,147.6403775510204,0.0,0.0,25.68,26.9,0,93.24169530355097,,0.8148148148148148,1,1,100.0,17,12.080616905301344,True,7.989907485281744,,0.016691402881480612,False,False,专用设备,-5.05,-0.23990993493380092,32.0,84.3725085910653,0.7,0.0,59.06,Tier2
600841.SH,600841,动力新科,19940311,主板,212976063.1,-19.81032665964173,汽车零部件,未知,801093.SI,280000,7.61,3.6773,3.3868,1.6451,1.4012,1056132.3776,793741.6323,141411156.2,False,0,0,False,False,10.15,-6.396063960639609,-27.52380952380952,-25.024630541871918,False,-19.81032665964173,-3.057119871279157,110.0996,59.9337,21797492.53,60.2147,,,-1761510776.78,-1038.1166,0.5656,0,1056132.3776,141411156.2,1.0,1.5,PASS,False,0.5932203389830508,110.0996,59.9337,-7.975999999999999,126.0516,ESP-Q,3.6773,1.6451,0.5656,0.03339975803726807,74.48131470588235,0.0,0.0,7.61,10.15,0,87.7434135166094,,0.02702702702702703,0,0,5.0,23,-20.948476087264844,False,-6.396063960639609,,0.007115915949213916,False,False,汽车零部件,126.0516,0.5498555902738319,50.0,38.82302405498282,0.7,0.0,27.18,Other
600844.SH,600844,金煤科技,19940311,主板,175591559.65,-9.537572254335258,农产品加工,未知,801012.SI,110000,3.13,,,60.7227,4.7638,318172.0871,257514.6884,129418039.6,True,0,0,False,False,3.84,-10.571428571428577,1.9543973941368087,-18.489583333333336,False,-9.537572254335258,-3.057119871279157,68.9551,43.606,-11453244.73,,,,-347498861.13,,-19.5201,0,318172.0871,129418039.6,1.0,1.5,PASS,False,0.2542372881355932,68.9551,43.606,-22.09,113.13510000000001,,,60.7227,-19.5201,,53.185766666666666,0.0,0.0,3.13,3.84,0,69.41580756013745,,0.5,0,0,0.0,2,-0.6609232239418237,False,-10.571428571428577,TIER2_FORCED,-0.004392588017695527,False,False,农产品加工,113.13510000000001,1.1120944087689861,68.0,34.424742268041236,1.0,0.0,34.42,Tier2
600845.SH,600845,宝信软件,19940311,主板,650569633.15,1.0304659498207913,计算机应用,未知,801222.SI,710000,22.55,49.6058,52.1376,6.0153,1.9881,6473606.1985,4812292.115,778574263.8000001,False,0,0,False,False,25.0,-2.549697493517722,-5.687996654119609,-9.799999999999997,False,1.0304659498207913,-3.057119871279157,-10.59,-44.84,377063552.25,98.8978,,,3283714129.41,125.6741,3.3944,0,6473606.1985,778574263.8000001,1.0,1.5,PASS,False,0.7627118644067796,-10.59,-44.84,-4.9399999999999995,-5.295,,49.6058,6.0153,3.3944,,143.4918742857143,0.0,0.0,22.55,25.0,0,65.922107674685,,0.7307692307692307,1,1,75.0,16,5.013188147220659,True,-2.549697493517722,,0.004865817166881424,False,False,计算机应用,-5.295,-0.04822984570772361,32.0,63.6766323024055,1.0,0.0,63.68,Tier2
600850.SH,600850,电科数字,19940324,主板,384234827.70000005,5.740922473012766,计算机应用,未知,801222.SI,710000,21.55,44.5799,48.2784,2.9858,5.9429,1465828.2869,1465828.2869,815637551.1999999,False,2,2,False,False,23.92,15.860215053763426,-22.81518624641834,-9.90802675585285,False,5.740922473012766,-3.057119871279157,-47.63,-42.54,25533532.45,101.177,,,688889328.0799999,-3974.7442,0.515,0,1465828.2869,815637551.1999999,1.0,1.5,PASS,False,0.7627118644067796,-47.63,-42.54,-4.9399999999999995,-23.815,ESP-Q,44.5799,2.9858,0.515,,143.4918742857143,0.0,0.0,21.55,23.92,0,65.922107674685,,0.8269230769230769,1,1,75.0,16,9.723644670412634,True,15.860215053763426,OVERHEAT,0.022460822487400466,False,True,计算机应用,-23.815,-0.1264031367263152,32.0,63.6766323024055,0.7,0.0,44.57,Other
600855.SH,600855,航天长峰,19940425,主板,477270608.1,-9.836875926841337,计算机设备,未知,801101.SI,710000,18.24,,,6.1123,4.0145,854621.9359,852974.8639,359890751.0,True,1,1,False,False,22.0,-7.4581430745814465,-6.748466257668717,-17.0909090909091,False,-9.836875926841337,-3.057119871279157,12.5599,33.3914,-40139985.67,,,,-365576595.52000004,,-2.6294,0,854621.9359,359890751.0,1.0,1.5,PASS,False,0.7288135593220338,12.5599,33.3914,7.12,12.5599,,,6.1123,-2.6294,,116.38087647058823,0.0,0.0,18.24,22.0,0,65.922107674685,,0.25,0,0,5.0,8,-7.951053416018826,False,-7.4581430745814465,,-0.009227022110820528,False,False,计算机设备,12.5599,-0.2720102256672323,32.0,28.6766323024055,1.0,0.0,28.68,Other
600859.SH,600859,王府井,19940506,主板,175643205.9,-9.480626545754333,一般零售,未知,801203.SI,450000,10.98,,,0.635,1.375,1234076.7036,1233963.2143,157154043.79999998,False,0,0,False,False,12.49,-5.507745266781406,-22.51235003528581,-12.089671737389907,False,-9.480626545754333,-3.057119871279157,8.91,-153.1508,29416702.73,56.9634,,,-71512103.02000001,354.6451,0.2661,0,1234076.7036,157154043.79999998,1.0,1.5,PASS,False,0.576271186440678,8.91,-153.1508,-2.645,14.2,ESP-Q,,0.635,0.2661,,44.26595714285714,0.0,0.0,10.98,12.49,0,65.922107674685,,0.6666666666666666,0,0,5.0,4,1.1474597403064841,False,-5.507745266781406,,-0.012626017258095834,False,False,一般零售,14.2,0.028179921997883085,50.0,32.2766323024055,0.7,0.0,22.59,Other
600863.SH,600863,华能蒙电,19940520,主板,665063330.9999999,16.250000000000007,电力,未知,801161.SI,410000,5.58,17.5342,17.8905,2.0959,6.0258,4372035.7745,3642003.3985,1349970400.4,False,1,1,False,False,5.96,15.289256198347111,18.976545842217483,-6.375838926174493,False,16.250000000000007,-3.057119871279157,-6.82,-17.5,693857049.12,99.9266,,,6314734392.27,86.4729,3.6923,0,4372035.7745,1349970400.4,1.0,1.5,PASS,False,0.3050847457627119,-6.82,-17.5,0.02,-6.84,,17.5342,2.0959,3.6923,,55.30460465116279,10.0,0.0,5.58,5.96,0,86.25429553264605,CHASE,0.9545454545454546,1,1,85.0,14,16.484651984978292,True,15.289256198347111,OVERHEAT,0.005553136613611201,True,True,电力,-6.84,-0.12291382067690304,32.0,74.7762886597938,1.0,0.0,84.78,Tier2
600864.SH,600864,哈投股份,19940809,主板,448983678.4500001,-19.027181688125893,证券,未知,801193.SI,490000,5.66,33.8651,38.1662,0.9129,1.9908,1177602.9143,1177602.9143,186466014.0,False,0,0,False,False,7.69,-1.736111111111105,-11.700468018720745,-26.39791937581275,False,-19.027181688125893,-3.057119871279157,-29.03,10.92,75245171.21,94.6822,,,1261967623.6599998,187.7821,0.6142,0,1177602.9143,186466014.0,1.0,1.5,PASS,False,0.03389830508474576,-29.03,10.92,31.015,-60.045,,33.8651,0.9129,0.6142,,30.001145454545455,0.0,0.0,5.66,7.69,0,65.922107674685,,0.022727272727272728,0,0,5.0,14,-17.143374062539934,False,-1.736111111111105,,-0.005205613054560106,False,False,证券,-60.045,-0.9388199734824065,22.0,26.6766323024055,1.0,0.0,26.68,Other
600871.SH,600871,石化油服,19950411,主板,382974451.45000005,-11.439114391143912,化学纤维,未知,801032.SI,220000,2.4,69.056,70.5116,4.7331,1.581,4549690.9999,3251282.9642,408228914.59999996,False,0,0,False,False,2.78,-5.511811023622048,-18.08873720136519,-13.669064748201432,False,-11.439114391143912,-3.057119871279157,-7.5,237.9,202727000.0,99.0115,,,1625518000.0,169.6594,2.1705,0,4549690.9999,408228914.59999996,1.0,1.5,PASS,False,0.6610169491525424,-7.5,237.9,33.59,-41.09,,69.056,4.7331,2.1705,,122.71699000000001,0.0,0.0,2.4,2.78,0,65.922107674685,,0.3,0,0,5.0,4,-3.346544320210766,False,-5.511811023622048,,0.002299053188098479,False,False,化学纤维,-41.09,0.02523915526109543,50.0,32.2766323024055,1.0,0.0,32.28,Other
600873.SH,600873,梅花生物,19950217,主板,487607736.90000004,-13.309024612579767,食品加工,未知,801124.SI,340000,9.51,8.1284,11.2047,1.6244,0.8481,2666833.8092,2666833.8092,299634633.8,True,0,0,False,False,10.99,4.851157662624028,-13.702359346642467,-13.466787989080986,False,-13.309024612579767,-3.057119871279157,-91.13,-18.22,80256263.63,68.0594,,,5933554313.85,-829.7018,0.7198,0,2666833.8092,299634633.8,1.0,1.5,PASS,False,0.288135593220339,-91.13,-18.22,8.68,-99.81,ESP-Q,8.1284,1.6244,0.7198,,51.683299999999996,0.0,0.0,9.51,10.99,0,62.77205040091638,,0.17647058823529413,0,0,5.0,6,-16.826429387502316,False,4.851157662624028,,-0.015370719486905793,False,False,食品加工,-99.81,-0.6319729997697014,22.0,25.73161512027491,0.7,0.0,18.01,Other
600877.SH,600877,电科芯片,19951013,主板,409161848.6,-8.847497089639111,半导体,未知,801081.SI,270000,15.66,426.1927,620.9784,7.4068,2.4924,1854237.1645,1854237.1645,400505087.4,False,0,0,False,False,18.14,-3.5714285714285587,-18.053375196232334,-13.671444321940463,False,-8.847497089639111,-3.057119871279157,-159.75,-30.65,-4165858.91,,,,5727005.550000002,-70193.554,-0.0483,0,1854237.1645,400505087.4,1.0,1.5,PASS,False,0.8813559322033898,-159.75,-30.65,21.265,-181.015,ESP-Q,426.1927,7.4068,-0.0483,,141.87467999999998,0.0,0.0,15.66,18.14,0,54.29553264604811,,0.043478260869565216,0,0,5.0,7,-29.855318097460128,False,-3.5714285714285587,,-0.003282430193334134,False,False,半导体,-181.015,-0.8489553115056753,22.0,23.18865979381443,0.7,0.0,16.23,Other
600880.SH,600880,博瑞传播,19951115,主板,168804066.00000003,-14.909090909090917,文化传媒,未知,801761.SI,720000,4.68,,,1.7044,2.2163,511679.4191,511538.1219,125277039.4,False,0,0,False,False,5.52,-6.400000000000006,-20.272572402044297,-15.217391304347828,False,-14.909090909090917,-3.057119871279157,5647.63,-1062.56,6817546.25,97.5604,,,-30443236.75,-64.8278,0.2322,0,511679.4191,125277039.4,1.0,1.5,PASS,False,0.864406779661017,5647.63,-1062.56,-15.175,5677.9800000000005,ESP-Q,,1.7044,0.2322,,118.69075000000001,0.0,0.0,4.68,5.52,0,65.922107674685,,0.1875,0,0,5.0,5,-13.706635189663913,False,-6.400000000000006,,-0.002858544322363906,False,False,文化传媒,2014.9280000000006,2.2210881207063817,82.0,38.6766323024055,0.7,0.0,27.07,Other
600882.SH,600882,妙可蓝多,19951206,主板,153634586.45,-8.38958534233365,食品加工,未知,801124.SI,340000,19.0,81.7851,86.7943,2.0848,1.051,969101.9293,969101.9293,118488711.4,True,0,0,False,False,21.09,-0.9384775808133461,-14.568345323741006,-9.909909909909908,False,-8.38958534233365,-3.057119871279157,-1.48,235.94,63981435.64,84.6786,,,443776263.33,63.9464,1.6408,0,969101.9293,118488711.4,1.0,1.5,PASS,False,0.288135593220339,-1.48,235.94,8.68,-10.16,,81.7851,2.0848,1.6408,,51.683299999999996,0.0,0.0,19.0,21.09,0,75.94501718213058,,0.4117647058823529,0,0,5.0,6,-11.9069901172562,False,-0.9384775808133461,,-0.006079313892379604,False,False,食品加工,-10.16,-0.06272705251291298,32.0,31.683505154639178,1.0,0.0,31.68,Other
600884.SH,600884,杉杉股份,19960130,主板,2289465517.0499997,-2.297297297297296,综合,未知,801231.SI,510000,14.46,71.0316,43.0347,1.4449,6.1073,3252650.9999,2653568.6927,1436215571.0,True,0,0,False,False,18.07,-5.428384565075206,4.5553145336225676,-19.97786386275594,False,-2.297297297297296,-3.057119871279157,2011.12,148.5201,316034046.13,95.465,,,1080158180.16,31.3292,1.4888,0,3252650.9999,1436215571.0,1.0,1.5,PASS,False,0.9322033898305084,2011.12,148.5201,-7.0,2025.12,,71.0316,1.4449,1.4888,0.03531942400254585,210.72467916666668,0.0,0.0,14.46,18.07,0,94.15807560137456,,0.5675675675675675,0,0,5.0,12,1.768833176339879,False,-5.428384565075206,,-0.005208584427256874,False,False,综合,2014.9280000000006,3.731162347661197,97.19348704298359,50.18612008900909,1.0,0.0,50.19,Tier2
600885.SH,600885,宏发股份,19960205,主板,764549416.6000001,16.712898751733697,高低压设备,未知,801734.SI,630000,33.66,29.6394,28.4545,4.1491,1.8673,5209202.4576,5209202.4576,696413649.8000001,True,0,0,False,False,34.56,8.932038834951461,11.089108910891078,-2.604166666666685,False,16.712898751733697,-3.057119871279157,18.22,8.44,449843502.64,92.8877,,,4429610063.639999,-116.7781,3.7655,0,5209202.4576,696413649.8000001,1.0,1.5,PASS,False,0.4745762711864407,18.22,8.44,10.365,18.22,ESP-Q,29.6394,4.1491,3.7655,1.6267508232711307,142.6951,0.0,0.0,33.66,34.56,0,93.35624284077892,CHASE,0.8387096774193549,1,1,100.0,10,22.191526084665668,True,8.932038834951461,OVERHEAT,-0.02025468540480135,True,True,高低压设备,18.22,0.0833640704190054,50.0,88.00687285223367,0.7,0.0,61.6,Tier2
600886.SH,600886,国投电力,19960118,主板,559811798.6000001,-2.8529626920263396,电力,未知,801161.SI,410000,13.28,14.3777,14.3007,1.5402,0.4912,10629968.3799,9899150.7704,654125055.4,True,0,0,False,False,13.99,-0.5988023952095856,3.9123630672926346,-5.075053609721236,False,-2.8529626920263396,-3.057119871279157,2.11,13.33,2115745795.92,99.8958,,,15971645721.3,151.3268,2.8746,0,10629968.3799,654125055.4,1.0,1.5,PASS,False,0.3050847457627119,2.11,13.33,0.02,2.11,,14.3777,1.5402,2.8746,6.814075829383887,55.30460465116279,10.0,0.0,13.28,13.99,0,83.61970217640321,,0.25,0,0,5.0,14,-2.618310707048055,False,-0.5988023952095856,,-0.0008613337507458599,False,False,电力,2.11,-0.00010983129776367789,32.0,33.985910652920964,1.0,0.0,43.99,Other
600887.SH,600887,伊利股份,19960312,主板,1824638682.0500002,4.694835680751175,食品加工,未知,801124.SI,340000,26.76,14.6359,14.0055,2.8406,0.8674,16926665.1449,16842555.9334,1211732258.6000001,False,0,0,False,False,28.4,-3.078594712060845,1.0574018126888296,-5.774647887323936,False,4.694835680751175,-3.057119871279157,15.11,84.13,5328824365.82,98.7798,,,33516277054.46,58.1162,9.4441,0,16926665.1449,1211732258.6000001,1.0,1.5,PASS,False,0.288135593220339,15.11,84.13,8.68,15.11,,14.6359,2.8406,9.4441,0.9686234281932495,51.683299999999996,10.0,0.0,26.76,28.4,0,65.922107674685,,0.6470588235294118,0,1,40.0,6,1.1774309058286248,False,-3.078594712060845,,-0.00947574814565683,False,False,食品加工,15.11,0.09772855359059,50.0,49.7766323024055,1.0,0.0,59.78,Tier1
600888.SH,600888,新疆众和,19960215,主板,361473830.25,7.949308755760365,工业金属,未知,801055.SI,240000,9.37,21.9843,20.6368,1.1368,5.5139,1455241.5342,1455241.5342,582769168.6,True,0,0,False,False,9.79,13.575757575757574,8.953488372093021,-4.290091930541373,False,7.949308755760365,-3.057119871279157,16.18,-38.36,247164043.0,93.3921,,,1702346547.4299998,17.3998,2.1708,0,1455241.5342,582769168.6,1.0,1.5,PASS,False,0.3559322033898305,16.18,-38.36,55.81,-39.63,,21.9843,1.1368,2.1708,1.3587330037082819,38.288555,0.0,0.0,9.37,9.79,0,88.54524627720504,,0.8571428571428571,1,1,100.0,7,13.262897605934576,True,13.575757575757574,OVERHEAT,-8.572862709482532e-05,False,True,工业金属,-39.63,-0.7165081154003399,22.0,80.9635738831615,1.0,0.0,80.96,Tier2
600900.SH,600900,长江电力,20031118,主板,2825825300.5,-1.7323995576852158,电力,未知,801161.SI,410000,26.66,18.9064,18.0784,2.8623,0.4766,65232268.4309,65232268.4309,3392073676.2000003,True,0,0,False,False,27.42,-1.368849426563079,2.538461538461534,-2.7716994894237845,False,-1.7323995576852158,-3.057119871279157,19.2,2.89,6237332251.35,92.2545,,,81079647120.15,140.7585,3.01,0,65232268.4309,3392073676.2000003,1.0,1.5,PASS,False,0.3050847457627119,19.2,2.89,0.02,19.2,,18.9064,2.8623,3.01,0.9847083333333334,55.30460465116279,0.0,0.0,26.66,27.42,0,83.61970217640321,,0.3409090909090909,0,0,5.0,14,-1.4977475727069312,False,-1.368849426563079,,-0.0007057423351723872,False,False,电力,19.2,0.23438404339379962,50.0,37.58591065292096,1.0,0.0,37.59,Other
600969.SH,600969,郴电国际,20040408,主板,154793923.85,-0.78125,电力,未知,801161.SI,410000,10.16,49.2504,48.9497,1.0328,3.593,375971.2917,375971.2917,135698762.0,True,0,0,False,False,11.64,-2.49520153550864,8.431163287086463,-12.714776632302405,False,-0.78125,-3.057119871279157,109.6122,146.1257,573836.48,5.0709,,,115493376.32,1240.8253,0.3114,0,375971.2917,135698762.0,1.0,1.5,PASS,False,0.3050847457627119,109.6122,146.1257,0.02,109.6122,ESP-Q,49.2504,1.0328,0.3114,0.4493149485185043,55.30460465116279,0.0,0.0,10.16,11.64,0,83.61970217640321,,0.4318181818181818,0,0,5.0,14,-0.5465980150217153,False,-2.49520153550864,,0.014681046851051045,False,False,电力,109.6122,1.4749403393205733,68.0,41.18591065292097,0.7,0.0,28.83,Other
600985.SH,600985,淮北矿业,20040428,主板,285047767.9,-5.178701677607589,化学制品,未知,801034.SI,220000,13.0,23.2487,26.8201,0.8335,0.5488,3501236.3217,3501236.3217,233171227.2,True,0,0,False,False,15.19,-3.129657228017879,-0.45941807044410643,-14.417379855167866,False,-5.178701677607589,-3.057119871279157,-28.36,-70.87,482543813.48,98.2798,,,3808926027.86,212.84,1.1767,0,3501236.3217,233171227.2,1.0,1.5,PASS,False,0.4406779661016949,-28.36,-70.87,8.2371,-36.5971,,23.2487,0.8335,1.1767,,104.193015625,0.0,0.0,13.0,15.19,0,90.14891179839634,,0.5131578947368421,0,0,5.0,23,0.524836012407282,False,-3.129657228017879,,0.007640007731657123,False,False,化学制品,-36.5971,-0.20200138034923365,32.0,35.9446735395189,1.0,0.0,35.94,Other
600986.SH,600986,浙文互联,20040426,主板,1897540017.05,-13.868613138686147,营销传播,未知,801751.SI,720000,9.44,164.1749,,2.7213,6.3117,1404081.1145,1404081.1145,1158065908.0,True,1,0,False,False,12.99,-10.180780209324459,-24.840764331210195,-27.32871439568899,False,-13.868613138686147,-3.057119871279157,-42.02,7902.94,15187659.27,,,,58861913.760000005,,-0.4391,0,1404081.1145,1158065908.0,1.0,1.5,PASS,False,1.0,-42.02,7902.94,20.09,-62.11,,164.1749,2.7213,-0.4391,,185.31451428571427,0.0,0.0,9.44,12.99,0,65.922107674685,,0.1111111111111111,0,0,5.0,3,-7.388166211311841,False,-10.180780209324459,,0.0007894887365306418,False,False,营销传播,-62.11,-0.7788284814818557,22.0,26.6766323024055,1.0,0.0,26.68,Other
600995.SH,600995,南网储能,20040615,主板,451374533.6999999,0.35561877667140696,电力,未知,801161.SI,410000,14.11,26.7075,25.5019,1.9524,0.8513,4509564.1909,4509564.1909,370476393.8,False,0,0,False,False,15.65,-3.8173142467621046,4.829123328380369,-9.840255591054314,False,0.35561877667140696,-3.057119871279157,19.92,44.62,451291353.23,99.4432,,,2960888114.69,146.425,1.9849,0,4509564.1909,370476393.8,1.0,1.5,PASS,False,0.3050847457627119,19.92,44.62,0.02,19.92,,26.7075,1.9524,1.9849,1.3407379518072289,55.30460465116279,0.0,0.0,14.11,15.65,0,83.61970217640321,,0.5454545454545454,0,1,40.0,14,0.5902707616496916,False,-3.8173142467621046,,-0.01389832231405204,False,False,电力,19.92,0.24426324700865779,50.0,55.08591065292096,1.0,0.0,55.09,Tier2
002017.SZ,002017,东信和平,20040713,主板,222903573.55,-7.225130890052367,通信设备,未知,801102.SI,730000,17.72,63.0472,62.1033,5.5034,2.4378,1028525.3427,1027912.1829,207558379.60000002,False,0,0,False,False,20.3,-4.884594739667203,-21.069042316258358,-12.709359605911342,False,-7.225130890052367,-3.057119871279157,4.92,-11.16,42635371.74,86.2753,,,375961045.81,-86.6368,2.6804,0,1028525.3427,207558379.60000002,1.0,1.5,PASS,False,0.9830508474576272,4.92,-11.16,4.779999999999999,0.14000000000000057,ESP-Q,63.0472,5.5034,2.6804,12.814471544715447,182.74448076923076,0.0,0.0,17.72,20.3,0,65.922107674685,,0.25,0,0,5.0,13,-6.3973838476345355,False,-4.884594739667203,,-0.04458148112352774,False,False,通信设备,0.14000000000000057,-0.21974917721049872,32.0,28.6766323024055,0.7,0.0,20.07,Other
002006.SZ,002006,精工科技,20040625,主板,227235876.54999992,1.7897091722595126,专用设备,未知,801074.SI,640000,18.2,50.9985,49.3048,3.7839,3.3602,946024.0608,946024.0608,343559005.0,True,0,0,False,False,19.3,-2.2031166039763628,-10.212136161815488,-5.699481865284984,False,1.7897091722595126,-3.057119871279157,-0.51,11.86,37217702.5,74.6839,,,405866659.49,-211.4242,2.0138,0,946024.0608,343559005.0,1.0,1.5,PASS,False,0.6440677966101694,-0.51,11.86,-10.094999999999999,-0.255,ESP-Q,50.9985,3.7839,2.0138,,147.6403775510204,0.0,0.0,18.2,19.3,0,95.53264604810997,,0.5555555555555556,0,1,55.0,17,0.9912051984399706,False,-2.2031166039763628,,0.000963182423886947,False,False,专用设备,-0.255,-0.2236088579040668,32.0,62.55979381443299,0.7,0.0,43.79,Other
002008.SZ,002008,大族激光,20040625,主板,6666517813.950001,53.65301724137932,计算机设备,未知,801101.SI,710000,142.59,123.4034,106.3632,7.1747,6.9435,14681114.9947,13641975.7399,8116454471.799999,True,4,2,False,True,156.5,-0.49546406140963395,161.6330275229358,-8.88817891373802,False,53.65301724137932,-3.057119871279157,467.81,82.28,408265775.87,115.3073,,,2048203477.95,-154.5338,1.8659,1,14681114.9947,8116454471.799999,1.0,1.5,PASS,False,0.7288135593220338,467.81,82.28,7.12,467.81,ESP-Q,123.4034,7.1747,1.8659,0.2637895726897672,116.38087647058823,0.0,0.0,142.59,156.5,10,82.0160366552119,CHASE,1.0,1,1,100.0,8,55.538839752201824,True,-0.49546406140963395,突破型,-0.015446689286847408,True,False,计算机设备,467.81,0.7341059155688988,50.0,84.60481099656357,0.7,10.0,49.22,Other
002011.SZ,002011,盾安环境,20040705,主板,203146893.60000002,1.310401310401299,白色家电,未知,801111.SI,330000,12.37,12.3327,12.583,1.9479,1.9372,1329375.6209,1310674.8615,277510241.59999996,True,0,0,False,False,13.23,-3.8850038850038904,-2.444794952681395,-6.500377928949364,False,1.310401310401299,-3.057119871279157,-6.32,6.82,197267875.94,100.6127,,,2443336250.76,88.9873,2.9066,0,1329375.6209,277510241.59999996,1.0,1.5,PASS,False,0.23728813559322035,-6.32,6.82,-17.555,-3.16,,12.3327,1.9479,2.9066,,53.917895,0.0,0.0,12.37,13.23,0,62.77205040091638,,0.4583333333333333,0,1,55.0,8,-0.8615077911433899,False,-3.8850038850038904,,-0.015990113229339326,False,False,白色家电,-3.16,-0.1592329946036515,32.0,52.73161512027491,1.0,0.0,52.73,Tier2
002025.SZ,002025,航天电器,20040726,主板,2247374226.15,-2.812542053559419,电子制造,未知,801085.SI,270000,72.22,179.8568,174.4464,4.9427,8.3427,3288624.5084,3277858.5214,2011158918.6,False,0,0,False,False,80.43,4.048408010373139,41.44144144144144,-10.2076339674251,False,-2.812542053559419,-3.057119871279157,19.61,-52.73,44941359.19,86.0417,,,395557165.21999997,-950.7943,0.7878,0,3288624.5084,2011158918.6,1.0,1.5,PASS,False,0.5084745762711864,19.61,-52.73,-24.905,9.805,ESP-Q,179.8568,4.9427,0.7878,9.171687914329423,72.22433125,0.0,10.0,72.22,80.43,0,65.922107674685,,0.2777777777777778,0,0,5.0,11,-7.479498589173405,False,4.048408010373139,,0.005561062330778534,False,False,电子制造,9.805,-0.2903863194721223,32.0,28.6766323024055,0.7,10.0,10.07,Other
002027.SZ,002027,分众传媒,20040804,主板,956111945.75,-11.146496815286621,营销传播,未知,801751.SI,720000,5.58,27.3518,22.381,5.2175,1.2311,8058747.4471,8058747.4471,988107797.4,False,0,0,False,False,6.48,-5.743243243243246,-23.351648351648358,-13.888888888888895,False,-11.146496815286621,-3.057119871279157,7.88,-41.74,1066120782.16,59.5746,,,10255004865.45,114.271,12.053,0,8058747.4471,988107797.4,1.0,1.5,PASS,False,1.0,7.88,-41.74,20.09,-12.21,ESP-Q,27.3518,5.2175,12.053,3.471040609137056,185.31451428571427,10.0,0.0,5.58,6.48,0,92.21076746849943,,0.4444444444444444,0,0,5.0,3,-4.666049887912315,False,-5.743243243243246,,-0.06012108375587413,False,False,营销传播,-12.21,-0.5591473706567596,22.0,34.56323024054983,0.7,0.0,34.19,Other
002036.SZ,002036,联创电子,20040903,主板,356725297.5,4.347826086956519,光学光电子,未知,801084.SI,270000,9.36,,,10.2553,6.6847,989911.7804,987917.8374,374774444.2,True,1,1,False,False,9.36,11.694510739856788,-12.35955056179776,0.0,False,4.347826086956519,-3.057119871279157,-467.44,-65.59,-116823832.09,,,,-1192289815.36,,-9.6155,0,989911.7804,374774444.2,1.0,1.5,PASS,False,0.9491525423728814,-467.44,-65.59,-19.355800000000002,-233.72,,,10.2553,-9.6155,,229.99712142857143,0.0,0.0,9.36,9.36,0,92.55441008018327,,0.4,0,1,55.0,7,-1.4098716368180941,False,11.694510739856788,OVERHEAT,0.054245268167167425,False,True,光学光电子,-233.72,-2.1757653565409023,12.0,57.66632302405498,1.0,0.0,57.67,Tier2
600143.SH,600143,金发科技,20040623,主板,1058727345.7999998,3.1764705882352917,塑料,未知,801036.SI,220000,17.54,40.1912,38.2454,2.3426,3.9808,4621484.8531,4621484.8531,1389078612.4,True,0,0,False,False,18.39,0.17133066818959541,-8.215593929879649,-4.622077215878207,False,3.1764705882352917,-3.057119871279157,33.79,57.78,288349617.24,94.4982,,,2879529223.8,392.7362,1.5569,0,4621484.8531,1389078612.4,1.0,1.5,PASS,False,0.6779661016949152,33.79,57.78,-4.92,43.63,,40.1912,2.3426,1.5569,1.1894406629180232,184.85352307692307,0.0,0.0,17.54,18.39,0,65.922107674685,,0.47058823529411764,0,1,55.0,6,-6.025063000696207,False,0.17133066818959541,,0.0029898595875722214,False,False,塑料,43.63,0.0684796346936905,50.0,57.2766323024055,1.0,0.0,57.28,Tier1
600961.SH,600961,株冶集团,20040830,主板,2417067542.3999996,-2.0576131687242816,工业金属,未知,801055.SI,240000,26.18,24.9619,14.1004,5.5582,6.1783,2808780.7365,1968244.858,1603644254.6000001,False,1,0,False,False,32.32,-10.526315789473696,29.475766567754704,-18.997524752475247,False,-2.0576131687242816,-3.057119871279157,323.42,99.71,1198066577.6,104.7554,,,4195024794.8,112.134,21.6451,1,2808780.7365,1603644254.6000001,1.0,1.5,PASS,False,0.3559322033898305,323.42,99.71,55.81,323.42,,24.9619,5.5582,21.6451,0.07718106486921031,38.288555,0.0,0.0,26.18,32.32,10,8.59106529209622,CAT-0,0.6190476190476191,0,0,5.0,7,3.2559756814499297,False,-10.526315789473696,,-0.014575233786575582,False,False,工业金属,323.42,1.3978596613986014,68.0,18.677319587628865,0.5,10.0,0.0,Other
600962.SH,600962,国投中鲁,20040622,主板,178441713.19999996,19.463707813222374,饮料制造,未知,801123.SI,340000,25.84,165.5734,372.9078,7.1547,7.3903,677550.64,677550.64,282990363.99999994,False,1,1,False,False,28.97,4.9127080795777545,18.42346471127405,-10.804280289955127,False,19.463707813222374,-3.057119871279157,-92.67,16.65,1830414.89,42.9767,,,83117954.99,4206.0753,0.4492,0,677550.64,282990363.99999994,1.0,1.5,PASS,False,0.2711864406779661,-92.67,16.65,2.46,-95.13,ESP-Q,165.5734,7.1547,0.4492,,41.77951363636364,0.0,0.0,25.84,28.97,0,76.74684994272624,CHASE,0.92,1,1,85.0,8,21.589692065190878,True,4.9127080795777545,,-0.0008861785963309933,True,False,饮料制造,-95.13,-1.0630075636228389,22.0,69.92405498281786,0.7,0.0,48.95,Other
600971.SH,600971,恒源煤电,20040817,主板,150741108.5,-3.183023872679047,煤炭开采,未知,801021.SI,210000,7.3,,,0.7378,1.6517,876003.5653,876003.5653,128099128.8,False,0,0,False,False,8.42,-5.562742561448908,3.1073446327683607,-13.30166270783848,False,-3.183023872679047,-3.057119871279157,72.54,-123.15,22986647.39,75.3099,,,-499007884.85,893.5079,0.2583,0,876003.5653,128099128.8,1.0,1.5,PASS,False,0.1694915254237288,72.54,-123.15,-3.7,79.94000000000001,ESP-Q,,0.7378,0.2583,,32.17243333333333,0.0,0.0,7.3,8.42,0,74.45589919816724,,0.5454545454545454,0,0,5.0,7,0.32236366174660525,False,-5.562742561448908,,-0.0013423980853575028,False,False,煤炭开采,79.94000000000001,1.1674172171551942,68.0,38.43676975945017,0.7,0.0,26.91,Other
600973.SH,600973,宝胜股份,20040802,主板,310514005.5999999,-6.130790190735702,高低压设备,未知,801734.SI,630000,6.89,,,2.7907,3.1722,944871.3449,944871.3449,266460454.8,False,0,0,False,False,8.06,-6.765899864682002,-3.3660589060308554,-14.516129032258075,False,-6.130790190735702,-3.057119871279157,90.27,86.3675,34229153.33,68.9327,,,72751336.78999999,-1463.0708,1.4104,0,944871.3449,266460454.8,1.0,1.5,PASS,False,0.4745762711864407,90.27,86.3675,10.365,90.27,ESP-Q,,2.7907,1.4104,,142.6951,0.0,0.0,6.89,8.06,0,47.53722794959908,,0.45161290322580644,0,0,5.0,10,-0.6521628578037291,False,-6.765899864682002,,-0.007459155478452601,False,False,高低压设备,90.27,0.6342968634779093,50.0,26.761168384879724,0.7,0.0,18.73,Other
600984.SH,600984,建设机械,20040707,主板,228495991.29999995,17.42243436754176,专用设备,未知,801074.SI,640000,4.92,,,3.4573,5.1783,618465.6111,618465.6111,377584245.40000004,True,1,1,False,False,5.38,-2.1868787276342005,7.189542483660127,-8.550185873605942,False,17.42243436754176,-3.057119871279157,-9.87,-119.29,-270661517.54,,,,-3862370504.02,,-9.5235,0,618465.6111,377584245.40000004,1.0,1.5,PASS,False,0.6440677966101694,-9.87,-119.29,-10.094999999999999,-4.935,,,3.4573,-9.5235,,147.6403775510204,0.0,0.0,4.92,5.38,0,71.8213058419244,CHASE,0.8888888888888888,1,1,100.0,17,16.62393039372222,True,-2.1868787276342005,,0.005299108882298672,True,False,专用设备,-4.935,-0.2395189810530044,32.0,77.94639175257731,1.0,0.0,77.95,Tier2
600027.SH,600027,华电国际,20050203,主板,798251737.1499999,7.773109243697474,电力,未知,801161.SI,410000,5.13,9.8131,10.0479,1.1915,1.3113,5956840.1564,4727642.4688,889558823.4000001,True,0,0,False,False,5.55,-3.93258426966292,5.7731958762886615,-7.567567567567568,False,7.773109243697474,-3.057119871279157,-5.55,6.4,1782633000.0,99.6663,,,17435733000.0,182.5499,2.5521,0,5956840.1564,889558823.4000001,1.0,1.5,PASS,False,0.3050847457627119,-5.55,6.4,0.02,-5.569999999999999,,9.8131,1.1915,2.5521,,55.30460465116279,0.0,0.0,5.13,5.55,0,83.61970217640321,,0.7727272727272727,1,1,100.0,14,8.007761228675758,True,-3.93258426966292,,-0.015233765151513706,False,False,电力,-5.569999999999999,-0.1054880031895838,32.0,81.48591065292096,1.0,0.0,81.49,Tier2
600970.SH,600970,中材国际,20050412,主板,270826411.55,-19.024856596558315,专业工程,未知,801724.SI,620000,8.47,7.7588,8.368,0.9492,0.8921,2220675.5466,2220675.5466,201882462.60000002,False,0,0,False,False,10.54,-3.530751708428237,-20.169651272384538,-19.639468690702078,False,-19.024856596558315,-3.057119871279157,-27.81,-4.42,432417600.0,95.0994,,,4272295500.0,-215.8444,1.962,0,2220675.5466,201882462.60000002,1.0,1.5,PASS,False,0.5254237288135594,-27.81,-4.42,-11.64,-13.905,ESP-Q,7.7588,0.9492,1.962,,85.53638666666667,0.0,0.0,8.47,10.54,0,65.922107674685,,0.13333333333333333,0,0,5.0,5,-10.483931329654395,False,-3.530751708428237,,0.01216405702961446,False,False,专业工程,-13.905,-0.4418974126878488,32.0,28.6766323024055,0.7,0.0,20.07,Other
002042.SZ,002042,华孚时尚,20050427,主板,427893519.90000004,-5.611222444889785,纺织制造,未知,801131.SI,350000,4.71,139.5537,108.6727,1.3556,5.861,801020.9182,801020.9182,402307920.4,True,0,0,False,False,5.6,-1.8749999999999933,6.561085972850678,-15.892857142857142,False,-5.611222444889785,-3.057119871279157,-207.63,79.07,-14311279.57,-56.5151,,,-239015228.23999998,207.7755,0.4328,0,801020.9182,402307920.4,1.0,1.5,PASS,False,0.4915254237288136,-207.63,79.07,2.285,-209.915,ESP-Q,139.5537,1.3556,0.4328,,73.3666625,0.0,0.0,4.71,5.6,0,65.922107674685,,0.6666666666666666,0,0,5.0,3,8.032845351720397,True,-1.8749999999999933,,-0.0006789824073063192,False,False,纺织制造,-209.915,-0.5593181624336379,22.0,26.6766323024055,0.7,0.0,18.67,Other
002044.SZ,002044,美年健康,20050518,主板,1370424066.85,9.073724007561434,医疗服务,未知,801156.SI,370000,5.77,79.1556,73.8983,2.8616,6.5049,2258524.5136,2235429.3408,1748070485.1999998,True,1,0,False,False,6.73,-7.383627608346721,-17.097701149425294,-14.264487369985158,False,9.073724007561434,-3.057119871279157,7.95,2.39,-259887341.08,,,,-227701729.73000002,,-3.1827,0,2258524.5136,1748070485.1999998,1.0,1.5,PASS,False,0.711864406779661,7.95,2.39,17.45,-9.5,,79.1556,2.8616,-3.1827,9.95667924528302,76.5296625,0.0,0.0,5.77,6.73,0,92.21076746849943,,0.8181818181818182,1,1,100.0,4,14.24613780066487,True,-7.383627608346721,,-0.01621233821068623,False,False,医疗服务,-9.5,-0.49570626253499805,32.0,84.06323024054983,1.0,0.0,84.06,Tier2
002045.SZ,002045,国光电器,20050523,主板,206520771.99999997,-5.443371378402118,电子制造,未知,801085.SI,270000,10.77,,,1.4302,3.2468,605794.3332,604977.6979,153796753.0,False,0,0,False,False,12.1,-4.521276595744683,-21.444201312910295,-10.991735537190085,False,-5.443371378402118,-3.057119871279157,-362.34,-187.53,-39851494.24,,,,-208078052.28,,-0.6041,0,605794.3332,153796753.0,1.0,1.5,PASS,False,0.5084745762711864,-362.34,-187.53,-24.905,-181.17,,,1.4302,-0.6041,,72.22433125,0.0,0.0,10.77,12.1,0,87.5143184421535,,0.19444444444444445,0,0,5.0,11,-10.110327914016104,False,-4.521276595744683,,-0.01869668411154746,False,False,电子制造,-181.17,-0.9470697630594876,22.0,33.154295532646046,1.0,0.0,33.15,Other
002046.SZ,002046,国机精工,20050526,主板,942768773.8,-6.157311807771726,通用机械,未知,801072.SI,640000,49.99,102.9572,164.6652,6.1453,3.5335,2680418.0791,2650359.717,876610602.0,False,0,0,False,False,61.06,-8.038999264164826,10.867154579729421,-18.129708483458895,False,-6.157311807771726,-3.057119871279157,-160.74,-22.58,-29080916.18,,,,447550868.05999994,-2225.6636,-0.208,0,2680418.0791,876610602.0,1.0,1.5,PASS,False,0.7796610169491526,-160.74,-22.58,1.3,-162.04000000000002,ESP-Q,102.9572,6.1453,-0.208,,114.34343529411765,0.0,0.0,49.99,61.06,0,46.96449026345933,,0.23255813953488372,0,0,5.0,13,-14.459666206780408,False,-8.038999264164826,,-0.028517416969404658,False,False,通用机械,-162.04000000000002,-0.20198936125361142,32.0,22.9893470790378,0.7,0.0,16.09,Other
002047.SZ,002047,宝鹰股份,20050531,主板,156824932.1,-6.540447504302927,家用轻工,未知,801142.SI,360000,5.43,139.0558,124.3411,202.2723,6.7181,823323.0403,823274.3028,184879242.60000002,True,0,0,False,False,5.88,-3.8938053097345215,27.464788732394375,-7.653061224489798,False,-6.540447504302927,-3.057119871279157,43.11,95.25,-9287793.01,,,,-99574861.54,,-20.0975,0,823323.0403,184879242.60000002,1.0,1.5,PASS,False,0.6271186440677966,43.11,95.25,-14.92,72.95,,139.0558,202.2723,-20.0975,3.2256042681512413,179.96904166666664,0.0,0.0,5.43,5.88,0,65.922107674685,,0.2222222222222222,0,0,5.0,6,-11.965479399599733,False,-3.8938053097345215,,-0.1188728045974615,False,False,家用轻工,72.95,-0.18983678381798336,32.0,28.6766323024055,1.0,0.0,28.68,Other
002048.SZ,002048,宁波华翔,20050603,主板,619952375.8499999,1.8485602559545011,汽车零部件,未知,801093.SI,280000,28.65,55.757,53.5815,1.9443,5.668,2331631.8945,2033583.1368,893803319.5999998,True,0,0,False,False,30.58,-1.9171516603902816,-10.244360902255645,-6.311314584695882,False,1.8485602559545011,-3.057119871279157,-19.79,46.43,184573962.8,67.63,,,3201958507.4,46.539,2.3248,0,2331631.8945,893803319.5999998,1.0,1.5,PASS,False,0.5932203389830508,-19.79,46.43,-7.975999999999999,-9.895,ESP-Q,55.757,1.9443,2.3248,,74.48131470588235,0.0,0.0,28.65,30.58,0,89.23253150057275,,0.527027027027027,0,1,55.0,23,0.710410828331387,False,-1.9171516603902816,,-0.02048413715352794,False,False,汽车零部件,-9.895,0.032824742917123166,50.0,64.26975945017182,0.7,0.0,44.99,Other
002049.SZ,002049,紫光国微,20050606,主板,2717669998.65,10.84388786110717,元件,未知,801083.SI,270000,77.89,46.0486,40.0555,4.7527,5.9054,6617754.9222,6616868.4405,3065815323.6000004,False,0,0,False,False,82.96,0.8023812605150837,0.5161956381468658,-6.111378977820625,False,10.84388786110717,-3.057119871279157,170.81,31.57,271836543.21,81.315,,,3305908434.98,-92.0224,2.4018,0,6617754.9222,3065815323.6000004,1.0,1.5,PASS,False,0.7457627118644068,170.81,31.57,2.79,170.81,ESP-Q,46.0486,4.7527,2.4018,0.26958960248229025,204.28836129032257,10.0,0.0,77.89,82.96,0,89.46162657502865,,0.5151515151515151,0,1,40.0,10,0.0,False,0.8023812605150837,,-0.005485829459551392,False,False,元件,170.81,0.07446175540620324,50.0,56.83848797250859,0.7,0.0,49.79,Other
002050.SZ,002050,三花智控,20050607,主板,7810760349.749999,14.573845152895238,白色家电,未知,801111.SI,330000,52.83,54.717,54.393,6.8135,8.3485,22230937.6186,19463615.5668,11692166263.6,True,0,0,False,False,54.48,1.4790626200537726,-1.2154076290201932,-3.028634361233473,False,14.573845152895238,-3.057119871279157,15.52,26.95,985709560.79,106.262,,,10037423039.2,98.3089,2.8819,0,22230937.6186,11692166263.6,1.0,1.5,PASS,False,0.23728813559322035,15.52,26.95,-17.555,7.76,,54.717,6.8135,2.8819,3.5255798969072165,53.917895,0.0,0.0,52.83,54.48,0,89.23253150057275,,0.7916666666666666,1,1,100.0,8,12.40193605135055,True,1.4790626200537726,,0.015383754018934475,False,False,白色家电,7.76,-0.11544239640354871,32.0,83.16975945017182,1.0,0.0,83.17,Tier1
002051.SZ,002051,中工国际,20060619,主板,747412254.15,-9.680134680134678,专业工程,未知,801724.SI,620000,10.73,41.8817,50.3904,1.1416,5.1521,1316016.4146,1315939.9955,572345074.6,True,1,0,False,False,12.27,1.5137180700094621,27.283511269276396,-12.550937245313765,False,-9.680134680134678,-3.057119871279157,-42.02,-6.27,77082661.61,98.6653,,,731152511.37,-250.9728,0.672,0,1316016.4146,572345074.6,1.0,1.5,PASS,False,0.5254237288135594,-42.02,-6.27,-11.64,-21.01,ESP-Q,41.8817,1.1416,0.672,,85.53638666666667,0.0,0.0,10.73,12.27,0,88.31615120274914,,0.4666666666666667,0,0,5.0,5,-1.1392094132307573,False,1.5137180700094621,,-0.0010410153259289017,False,False,专业工程,-21.01,-0.5189340893989933,22.0,33.39484536082474,0.7,0.0,23.38,Other
002053.SZ,002053,云南能投,20060627,主板,179757671.8,-0.08726003490402423,电力,未知,801161.SI,410000,11.45,44.6147,47.6455,1.3825,1.8433,1054235.2363,1054227.7652,169895047.19999996,False,0,0,False,False,12.99,-5.838815789473695,3.339350180505418,-11.855273287143964,False,-0.08726003490402423,-3.057119871279157,-5.79,-68.2,205136565.23,99.5815,,,924535705.28,106.3959,2.7392,0,1054235.2363,169895047.19999996,1.0,1.5,PASS,False,0.3050847457627119,-5.79,-68.2,0.02,-5.81,,44.6147,1.3825,2.7392,,55.30460465116279,0.0,0.0,11.45,12.99,0,87.7434135166094,,0.5227272727272727,0,1,40.0,14,0.14739195007426042,False,-5.838815789473695,,-0.040909135321533174,False,False,电力,-5.81,-0.10878107106120319,32.0,52.723024054982815,1.0,0.0,52.72,Tier2
601001.SH,601001,晋控煤业,20060623,主板,394288992.85,-1.378518093049963,煤炭开采,未知,801021.SI,210000,17.17,15.6908,17.3345,1.4701,1.2695,2873742.9,2873742.9,425732530.6000001,True,0,0,False,False,19.95,-3.1038374717832773,5.40208717004298,-13.934837092731822,False,-1.378518093049963,-3.057119871279157,-33.6,-34.5,337054064.63,99.5525,,,4318955912.809999,104.3985,1.7528,0,2873742.9,425732530.6000001,1.0,1.5,PASS,False,0.1694915254237288,-33.6,-34.5,-3.7,-16.8,,15.6908,1.4701,1.7528,,32.17243333333333,0.0,0.0,17.17,19.95,0,65.922107674685,,0.6818181818181818,0,0,5.0,7,2.1268694413756895,False,-3.1038374717832773,,-0.01805988587011261,False,False,煤炭开采,-16.8,-0.48655826011833936,32.0,28.6766323024055,1.0,0.0,28.68,Other
002056.SZ,002056,横店东磁,20060802,主板,589987941.75,-0.8542713567839089,其他电子,未知,801082.SI,270000,19.73,17.3376,18.0409,2.9126,3.2773,3209502.922,3206187.3646,746306499.0000001,False,0,0,False,False,20.7,2.867570385818574,-3.3317001469867713,-4.685990338164247,False,-0.8542713567839089,-3.057119871279157,-30.58,5.34,317345900.0,82.2371,,,4615646040.92,94.9002,3.5653,0,3209502.922,746306499.0000001,1.0,1.5,PASS,False,0.8135593220338984,-30.58,5.34,16.535,-47.114999999999995,,17.3376,2.9126,3.5653,,108.22777500000001,10.0,0.0,19.73,20.7,0,85.6815578465063,,0.6111111111111112,0,0,5.0,6,1.0337315302331396,False,2.867570385818574,,0.003509496292361268,False,False,其他电子,-47.114999999999995,-0.740311457414448,22.0,32.60446735395189,1.0,0.0,42.6,Other
600048.SH,600048,保利发展,20060731,主板,863467998.05,-1.67504187604689,房地产开发,未知,801181.SI,430000,5.87,67.9102,,0.3622,1.1013,7026650.2864,7026650.2864,677256871.8000001,False,0,0,False,False,6.86,-5.475040257648955,-12.908011869436198,-14.43148688046647,False,-1.67504187604689,-3.057119871279157,-51.91,-84.52,1010120800.0,110.3115,,,5987943600.0,400.7746,0.4745,0,7026650.2864,677256871.8000001,1.0,1.5,PASS,False,0.847457627118644,-51.91,-84.52,-7.28,-25.955,,67.9102,0.3622,0.4745,,87.53592727272726,0.0,0.0,5.87,6.86,0,65.922107674685,,0.6206896551724138,0,0,5.0,9,2.1711119701069648,False,-5.475040257648955,,-0.0029504757921466336,False,False,房地产开发,-25.955,-0.2327930464674712,32.0,28.6766323024055,1.0,0.0,28.68,Other
002062.SZ,002062,宏润建设,20060816,主板,355730375.45,5.720572057205708,基础建设,未知,801723.SI,620000,9.61,42.5112,45.4144,2.3931,3.9512,1189017.3243,1080837.6226,295765180.8,False,0,0,False,False,10.58,-1.4358974358974375,-3.125,-9.168241965973545,False,5.720572057205708,-3.057119871279157,-20.74,0.18,71558948.23,97.0382,,,722637628.52,148.225,1.4948,0,1189017.3243,295765180.8,1.0,1.5,PASS,False,0.0847457627118644,-20.74,0.18,-7.28,-10.37,,42.5112,2.3931,1.4948,,58.68530769230769,0.0,0.0,9.61,10.58,0,88.88888888888889,,0.7894736842105263,1,1,75.0,6,12.54205246359177,True,-1.4358974358974375,,0.020963218185453728,False,False,基础建设,-10.37,-0.3713264058118607,32.0,70.56666666666666,1.0,0.0,70.57,Tier2
002063.SZ,002063,远光软件,20060823,主板,313561720.9,-0.9419152276295195,计算机应用,未知,801222.SI,710000,6.31,40.2725,40.081,3.0278,3.4982,1208420.1917,1116098.1059,339202337.79999995,False,0,0,False,False,6.73,-0.7861635220125951,-5.961251862891215,-6.240713224368511,False,-0.9419152276295195,-3.057119871279157,30.55,3.34,10823908.52,100.0205,,,505921355.90999997,-1926.7956,0.2723,0,1208420.1917,339202337.79999995,1.0,1.5,PASS,False,0.7627118644067796,30.55,3.34,-4.9399999999999995,40.43,ESP-Q,40.2725,3.0278,0.2723,1.3182487725040917,143.4918742857143,0.0,0.0,6.31,6.73,0,76.40320733104238,,0.6153846153846154,0,0,5.0,16,3.0408069697703484,False,-0.7861635220125951,,-0.024218789292550266,False,False,计算机应用,40.43,0.14477629531954964,50.0,35.42096219931271,0.7,0.0,24.79,Other
002065.SZ,002065,东华软件,20060823,主板,367789595.4,-4.066985645933007,计算机应用,未知,801222.SI,710000,8.02,53.8622,53.1143,2.0761,1.4606,2570796.8648,2332153.1625,321069484.59999996,False,0,0,False,False,9.03,-3.1400966183574908,-16.632016632016633,-11.184939091915835,False,-4.066985645933007,-3.057119871279157,1.85,1.62,55997742.06,90.3776,,,932344339.76,187.0701,0.5016,0,2570796.8648,321069484.59999996,1.0,1.5,PASS,False,0.7627118644067796,1.85,1.62,-4.9399999999999995,0.925,,53.8622,2.0761,0.5016,29.1147027027027,143.4918742857143,0.0,0.0,8.02,9.03,0,88.65979381443299,,0.5,0,0,5.0,16,-0.0842634485331395,False,-3.1400966183574908,,-0.04432454793509032,False,False,计算机应用,0.925,-0.021975101099967687,32.0,35.49793814432989,1.0,0.0,35.5,Other
002066.SZ,002066,瑞泰科技,20060823,主板,262250844.1,12.305699481865284,其他建材,未知,801713.SI,610000,26.01,,,9.8202,5.1091,610993.107,600831.0,428319131.4,True,2,2,False,False,28.23,-0.19186492709131198,32.36641221374048,-7.863974495217851,False,12.305699481865284,-3.057119871279157,-158.03,-252.41,-9295332.88,,,,-57541996.47,-1494.8396,-0.5112,0,610993.107,428319131.4,1.0,1.5,PASS,False,0.3389830508474576,-158.03,-252.41,-12.22,-79.015,ESP-Q,,9.8202,-0.5112,,33.882133333333336,0.0,0.0,26.01,28.23,0,80.75601374570446,,0.75,1,1,100.0,3,3.1063671120866054,False,-0.19186492709131198,,0.032651425880777865,False,False,其他建材,-79.015,-0.7135893538142752,22.0,78.62680412371134,0.7,0.0,55.04,Tier2
002068.SZ,002068,黑猫股份,20060915,主板,252162804.45000002,15.022935779816503,橡胶,未知,801037.SI,220000,10.03,,,3.1626,4.6967,737551.2316,737184.259,443339413.59999996,True,0,0,False,False,10.75,0.9054325955734299,8.785249457700628,-6.6976744186046595,False,15.022935779816503,-3.057119871279157,-132.9,-1600.67,-98774528.8,,,,-960707535.01,,-3.996,0,737551.2316,443339413.59999996,1.0,1.5,PASS,False,0.423728813559322,-132.9,-1600.67,-28.13,-66.45,,,3.1626,-3.996,,47.013079999999995,0.0,0.0,10.03,10.75,0,99.65635738831615,CHASE,0.8333333333333334,1,1,100.0,2,8.16497954402875,True,0.9054325955734299,,0.01719154553882113,True,False,橡胶,-66.45,-0.9796207606665314,22.0,84.29690721649484,1.0,0.0,84.3,Tier2
601699.SH,601699,潞安环能,20060922,主板,521448339.9500001,3.3861671469740617,煤炭开采,未知,801021.SI,210000,14.35,38.494,36.4722,0.9261,1.073,4292672.202,4292672.202,458305865.59999996,True,0,0,False,False,16.46,-5.280528052805289,3.6101083032491044,-12.818955042527346,False,3.3861671469740617,-3.057119871279157,4.29,-63.68,700971247.51,97.4592,,,4056333383.0,401.6575,1.5692,0,4292672.202,458305865.59999996,1.0,1.5,PASS,False,0.1694915254237288,4.29,-63.68,-3.7,11.690000000000001,ESP-Q,38.494,0.9261,1.5692,8.972960372960372,32.17243333333333,0.0,0.0,14.35,16.46,0,65.922107674685,,0.8181818181818182,1,1,100.0,7,6.891554681399715,True,-5.280528052805289,,-0.004451721292594406,False,False,煤炭开采,11.690000000000001,0.0005387147371802763,50.0,79.7766323024055,0.7,0.0,55.84,Tier1
002279.SZ,002279,久其软件,20090811,主板,225816926.64999998,-12.207151664611581,计算机应用,未知,801222.SI,710000,7.12,137.2,81.8639,4.3962,3.7691,613891.2922,566395.4909,182526636.20000002,False,0,0,False,False,8.47,-6.315789473684208,-23.523093447905485,-15.938606847697766,False,-12.207151664611581,-3.057119871279157,21.116,118.1525,-91481187.59,,,,-175764484.71,,-5.9571,0,613891.2922,182526636.20000002,1.0,1.5,PASS,False,0.7627118644067796,21.116,118.1525,-4.9399999999999995,30.995999999999995,,137.2,4.3962,-5.9571,6.497442697480583,143.4918742857143,0.0,0.0,7.12,8.47,0,88.65979381443299,,0.15384615384615385,0,0,5.0,16,-8.224429467211714,False,-6.315789473684208,,-0.013126685164786347,False,False,计算机应用,30.995999999999995,0.10495519232444199,50.0,39.097938144329895,1.0,0.0,39.1,Other
002074.SZ,002074,国轩高科,20061018,主板,1988624397.8999999,-14.053254437869834,高低压设备,未知,801734.SI,630000,34.86,26.5365,27.4527,2.186,2.3556,6324374.5942,6052508.6633,1408196348.4,False,0,0,False,False,41.49,-3.5150844173816864,-5.554050392847465,-15.979754157628346,False,-14.053254437869834,-3.057119871279157,179.51,64.48,40776481.42,193.3158,,,630861629.74,,0.0727,0,6324374.5942,1408196348.4,1.0,1.5,PASS,False,0.4745762711864407,179.51,64.48,10.365,179.51,,26.5365,2.186,0.0727,0.14782741908528774,142.6951,0.0,0.0,34.86,41.49,0,79.72508591065292,,0.1935483870967742,0,0,5.0,10,-8.57462710493786,False,-3.5150844173816864,,-0.03774152003364472,False,False,高低压设备,179.51,1.3166735803769598,68.0,40.01752577319588,1.0,0.0,40.02,Other
002079.SZ,002079,苏州固锝,20061116,主板,676646426.1000001,17.57402101241643,半导体,未知,801081.SI,270000,12.31,152.2231,91.9401,2.7462,6.166,1117903.5036,997823.6784,565945199.4000001,False,1,0,False,False,13.24,-3.070866141732276,9.617097061442559,-7.02416918429003,False,17.57402101241643,-3.057119871279157,935.01,-60.13,84392802.06,99.3214,,,139930231.05,-285.9899,2.6949,1,1117903.5036,565945199.4000001,1.0,1.5,PASS,False,0.8813559322033898,935.01,-60.13,21.265,935.01,ESP-Q,152.2231,2.7462,2.6949,0.16280371332926918,141.87467999999998,0.0,0.0,12.31,13.24,10,89.46162657502865,CHASE,0.4782608695652174,0,1,40.0,7,-3.433799995404584,False,-3.070866141732276,,-0.03609879670677644,True,False,半导体,935.01,2.8748475386175456,82.0,63.238487972508594,0.7,10.0,34.27,Other
002077.SZ,002077,大港股份,20061116,主板,525498410.79999995,12.809131261889672,半导体,未知,801081.SI,270000,17.79,194.2887,136.0123,3.0507,12.6965,1032440.0046,1032440.0046,797381249.4,False,0,0,False,False,18.98,3.190255220417648,7.752877044215611,-6.2697576396206545,False,12.809131261889672,-3.057119871279157,25.96,28.05,20541862.92,53.4903,,,122630388.03,36.5335,1.1412,0,1032440.0046,797381249.4,1.0,1.5,PASS,False,0.8813559322033898,25.96,28.05,21.265,4.695,ESP-Q,194.2887,3.0507,1.1412,7.484156394453005,141.87467999999998,0.0,0.0,17.79,18.98,0,89.46162657502865,,0.34782608695652173,0,1,40.0,7,-8.198689745931343,False,3.190255220417648,,0.007990857372408544,False,False,半导体,4.695,-0.22930303911358435,32.0,53.238487972508594,0.7,0.0,37.27,Other
601666.SH,601666,平煤股份,20061123,主板,281949576.0,-8.607594936708873,煤炭开采,未知,801021.SI,210000,7.22,77.0768,89.2911,0.8084,1.1409,1782880.7466,1782880.7466,234233358.0,False,0,0,False,False,8.84,-2.3004059539918797,-17.579908675799082,-18.325791855203622,False,-8.607594936708873,-3.057119871279157,-18.11,-85.85,144482349.86,120.2821,,,1086125688.78,150.4841,0.4829,0,1782880.7466,234233358.0,1.0,1.5,PASS,False,0.1694915254237288,-18.11,-85.85,-3.7,-9.055,,77.0768,0.8084,0.4829,,32.17243333333333,0.0,0.0,7.22,8.84,0,65.922107674685,,0.36363636363636365,0,0,5.0,7,-5.10220740228322,False,-2.3004059539918797,,0.007464606772297216,False,False,煤炭开采,-9.055,-0.3541410586351522,32.0,28.6766323024055,1.0,0.0,28.68,Other
002083.SZ,002083,孚日股份,20061124,主板,421740658.0,-13.644067796610182,纺织制造,未知,801131.SI,350000,10.19,22.5154,20.0398,1.9748,2.8164,964625.1532,964303.353,264717358.19999996,True,0,0,False,False,11.92,-3.228869895536557,-13.054607508532435,-14.513422818791955,False,-13.644067796610182,-3.057119871279157,33.43,33.07,181734764.61,100.7426,,,1176126883.0,129.8061,3.7631,0,964625.1532,264717358.19999996,1.0,1.5,PASS,False,0.4915254237288136,33.43,33.07,2.285,33.43,,22.5154,1.9748,3.7631,0.6735088244092132,73.3666625,10.0,0.0,10.19,11.92,0,84.87972508591065,,0.5555555555555556,0,0,5.0,3,0.0,False,-3.228869895536557,,-0.02962159562346765,False,False,纺织制造,33.43,-0.20821280747139861,32.0,34.363917525773196,1.0,0.0,44.36,Other
002085.SZ,002085,万丰奥威,20061128,主板,420368647.5500001,-9.465020576131689,汽车零部件,未知,801093.SI,280000,13.2,28.3905,29.3421,3.6695,2.2097,2802752.7264,2802752.7264,459981954.8000001,True,0,0,False,False,14.74,-3.3674963396779,-15.816326530612246,-10.447761194029859,False,-9.465020576131689,-3.057119871279157,-14.27,57.37,158648407.74,65.2736,,,2025159947.27,-96.3163,3.1886,0,2802752.7264,459981954.8000001,1.0,1.5,PASS,False,0.5932203389830508,-14.27,57.37,-7.975999999999999,-7.135,ESP-Q,28.3905,3.6695,3.1886,,74.48131470588235,0.0,0.0,13.2,14.74,0,65.922107674685,,0.17567567567567569,0,0,5.0,23,-10.603170003754803,False,-3.3674963396779,,-0.030527023277173725,False,False,汽车零部件,-7.135,0.04332154930069227,50.0,32.2766323024055,0.7,0.0,22.59,Other
002092.SZ,002092,中泰化学,20061208,主板,462259953.24999994,-17.512274959083474,化学原料,未知,801033.SI,220000,5.04,,,0.6104,3.0457,1305369.8366,1298074.928,323225734.40000004,True,0,0,False,False,7.1,-11.578947368421055,-29.11392405063291,-29.01408450704225,False,-17.512274959083474,-3.057119871279157,-75.86,61.33,-185582819.02,,,,-1032037926.1099999,,-0.6647,0,1305369.8366,323225734.40000004,1.0,1.5,PASS,False,0.6101694915254238,-75.86,61.33,-6.205,-37.93,,,0.6104,-0.6647,,75.93632,0.0,0.0,5.04,7.1,0,65.922107674685,,0.06666666666666667,0,0,5.0,5,-10.777361165980025,False,-11.578947368421055,,-0.058730403828877877,False,False,化学原料,-37.93,-0.20751330950332392,32.0,28.6766323024055,1.0,0.0,28.68,Other
002097.SZ,002097,山河智能,20061222,主板,187730784.25,-8.791208791208781,专用设备,未知,801074.SI,640000,9.13,116.576,140.4344,2.0947,1.7455,981125.562,979310.5463,163760163.6,False,0,0,False,False,10.46,-5.876288659793804,-20.883882149046784,-12.715105162523898,False,-8.791208791208781,-3.057119871279157,-362.45,-88.18,-23375924.03,-128.7135,,,-361179769.78999996,-5280.2688,0.3883,0,981125.562,163760163.6,1.0,1.5,PASS,False,0.6440677966101694,-362.45,-88.18,-10.094999999999999,-181.225,ESP-Q,116.576,2.0947,0.3883,,147.6403775510204,0.0,0.0,9.13,10.46,0,98.73997709049256,,0.2962962962962963,0,0,5.0,17,-9.589712765028324,False,-5.876288659793804,,-0.026598108672843103,False,False,专用设备,-181.225,-0.8388342823192877,22.0,36.521993127147766,0.7,0.0,25.57,Other
002104.SZ,002104,恒宝股份,20070110,主板,371933963.00000006,-10.834454912516822,通信设备,未知,801102.SI,730000,13.25,159.7747,673.3739,4.3977,3.5062,938563.9541,794604.5962,256949824.6,False,0,0,False,False,15.65,-2.5018395879322974,-25.141242937853104,-15.335463258785943,False,-10.834454912516822,-3.057119871279157,-240.31,-42.55,-27665271.05,,,,52408237.56999999,,-0.972,0,938563.9541,256949824.6,1.0,1.5,PASS,False,0.9830508474576272,-240.31,-42.55,4.779999999999999,-245.09,,159.7747,4.3977,-0.972,,182.74448076923076,0.0,0.0,13.25,15.65,0,65.922107674685,,0.2,0,0,5.0,13,-10.00670787009899,False,-2.5018395879322974,,5.966145219866788e-05,False,False,通信设备,-245.09,-1.007515146941964,22.0,26.6766323024055,1.0,0.0,26.68,Other
601002.SH,601002,晋亿实业,20070126,主板,203258501.75,-20.27439024390243,通用机械,未知,801072.SI,640000,5.23,20.6086,19.4483,1.1567,2.6219,499172.4966,499172.4966,114536574.0,False,0,0,False,False,6.69,-4.909090909090896,-5.424954792043401,-21.823617339312406,False,-20.27439024390243,-3.057119871279157,24.23,79.81,71060154.27,98.6837,,,579592081.3,319.7961,1.6513,0,499172.4966,114536574.0,1.0,1.5,PASS,False,0.7796610169491526,24.23,79.81,1.3,24.23,,20.6086,1.1567,1.6513,0.850540652084193,114.34343529411765,0.0,0.0,5.23,6.69,0,62.77205040091638,,0.023255813953488372,0,0,5.0,13,-28.576744642911112,False,-4.909090909090896,,0.007092754630397621,False,False,通用机械,24.23,0.29528828015902214,50.0,31.33161512027491,1.0,0.0,31.33,Other
002107.SZ,002107,沃华医药,20070124,主板,153514553.15,-14.157014157014158,中药,未知,801155.SI,370000,6.67,40.2233,35.1584,5.6936,2.1862,384998.8032,381119.8087,103538297.19999999,False,0,0,False,False,8.33,-6.451612903225801,-7.10306406685236,-19.92797118847539,False,-14.157014157014158,-3.057119871279157,62.05,168.2,35743706.1,97.5305,,,231856965.54999998,155.421,5.2355,0,384998.8032,103538297.19999999,1.0,1.5,PASS,False,0.13559322033898305,62.05,168.2,7.69,62.05,,40.2233,5.6936,5.2355,0.6482401289282838,165.87102631578946,0.0,0.0,6.67,8.33,0,81.21420389461626,,0.09523809523809523,0,0,5.0,7,-7.466542441171264,False,-6.451612903225801,,-0.04580527648273889,False,False,中药,62.05,0.6602092374544136,50.0,36.86426116838488,1.0,0.0,36.86,Other
002121.SZ,002121,科陆电子,20070306,主板,280588730.15000004,-8.090185676392581,电气自动化设备,未知,801732.SI,630000,6.93,,,32.5376,3.5005,1154284.0072,973483.4021,428670100.1999999,False,1,1,False,False,7.78,1.3157894736842035,-19.976905311778292,-10.925449871465299,False,-8.090185676392581,-3.057119871279157,-208.31,66.26,-42012336.94,,,,109834521.56,,-11.3555,0,1154284.0072,428670100.1999999,1.0,1.5,PASS,False,0.4067796610169492,-208.31,66.26,-25.5,-104.155,,,32.5376,-11.3555,,54.13474375,0.0,0.0,6.93,7.78,0,88.77434135166094,,0.35294117647058826,0,0,5.0,6,-7.210980783426214,False,1.3157894736842035,,0.032993997785103236,False,False,电气自动化设备,-104.155,-1.4312009379108748,22.0,33.53230240549828,1.0,0.0,33.53,Other
002112.SZ,002112,三变科技,20070208,主板,519706225.20000005,-12.272515165655618,高低压设备,未知,801734.SI,630000,18.8,396.8199,340.504,6.3906,8.9295,552966.8102,492709.554,429117141.6,False,0,0,False,False,23.25,-8.914728682170537,-19.726729291204105,-19.13978494623656,False,-12.272515165655618,-3.057119871279157,7.76,-95.93,20773837.35,98.6034,,,90498886.97,-152.9863,2.4646,0,552966.8102,429117141.6,1.0,1.5,PASS,False,0.4745762711864407,7.76,-95.93,10.365,-2.6050000000000004,ESP-Q,396.8199,6.3906,2.4646,51.1365850515464,142.6951,0.0,10.0,18.8,23.25,0,75.94501718213058,,0.22580645161290322,0,0,5.0,10,-6.7938878327236445,False,-8.914728682170537,,-0.05487044610380998,False,False,高低压设备,-2.6050000000000004,-0.07587500543736758,32.0,31.683505154639178,0.7,10.0,12.18,Other
002115.SZ,002115,三维通信,20070215,主板,1522123683.8000002,2.206461780929869,通信设备,未知,801102.SI,730000,12.97,,1480.135,5.0919,8.1335,1051855.7576,975597.605,867773841.2,False,1,0,False,False,15.98,-8.726249120337792,-9.490579204466155,-18.836045056320394,False,2.206461780929869,-3.057119871279157,963.34,91.47,21851245.4,101.1209,,,-19202219.400000002,-14.4187,1.0485,0,1051855.7576,867773841.2,1.0,1.5,PASS,False,0.9830508474576272,963.34,91.47,4.779999999999999,963.34,ESP-Q,,5.0919,1.0485,,182.74448076923076,0.0,0.0,12.97,15.98,0,65.922107674685,,0.65,0,1,40.0,13,3.0342088233477007,False,-8.726249120337792,,-0.05829083234070718,False,False,通信设备,963.34,2.874391760053896,82.0,56.1766323024055,0.7,0.0,39.32,Other
002123.SZ,002123,梦网科技,20070328,主板,204540718.1,-3.8922155688622673,通信运营,未知,801223.SI,730000,9.63,,,5.0971,4.9517,775621.9542,693872.3728,333713267.4,False,1,1,False,False,10.48,4.787812840043548,-20.544554455445528,-8.110687022900764,False,-3.8922155688622673,-3.057119871279157,-3016.76,-1497.05,-44299182.63,,,,-390128854.37,,-2.8497,0,775621.9542,333713267.4,1.0,1.5,PASS,False,0.05084745762711865,-3016.76,-1497.05,-21.39,-1508.38,,,5.0971,-2.8497,,128.04296,0.0,0.0,9.63,10.48,0,92.55441008018327,,0.42857142857142855,0,0,5.0,3,-1.5317005474030365,False,4.787812840043548,,0.03223090482622431,False,False,通信运营,-1508.38,-2.26687695107043,12.0,32.66632302405498,1.0,0.0,32.67,Other
002125.SZ,002125,湘潭电化,20070403,主板,373501885.25,-1.057827926657262,化学原料,未知,801033.SI,220000,14.03,39.1756,33.0209,2.5953,6.4983,883204.4002,883204.4002,339538910.40000004,False,0,0,False,False,16.12,-2.2980501392757646,3.010279001468441,-12.965260545905721,False,-1.057827926657262,-3.057119871279157,96.42,-15.51,89231584.38,99.8682,,,546942357.92,2.264,2.7104,0,883204.4002,339538910.40000004,1.0,1.5,PASS,False,0.6101694915254238,96.42,-15.51,-6.205,108.83,ESP-Q,39.1756,2.5953,2.7104,0.40630159717900854,75.93632,0.0,0.0,14.03,16.12,0,68.95761741122566,,0.7333333333333333,1,0,40.0,5,5.677085866446186,True,-2.2980501392757646,,-0.00992180895684734,False,False,化学原料,108.83,0.012979902752216322,50.0,50.687285223367695,0.7,0.0,35.48,Other
002126.SZ,002126,银轮股份,20070418,主板,1320072304.7500002,23.391933815925526,汽车零部件,未知,801093.SI,280000,59.66,52.777,52.6843,6.7535,6.7198,5052045.121,4738289.2315,1793694070.7999997,True,1,1,False,False,62.0,20.769230769230763,28.163265306122454,-3.774193548387106,False,23.391933815925526,-3.057119871279157,-1.65,31.51,204726599.85,95.6455,,,2170661516.39,-108.2617,2.8707,1,5052045.121,1793694070.7999997,1.0,1.5,PASS,False,0.5932203389830508,-1.65,31.51,-7.975999999999999,-0.825,ESP-Q,52.777,6.7535,2.8707,,74.48131470588235,0.0,0.0,59.66,62.0,10,97.9381443298969,CHASE,0.9594594594594594,1,1,100.0,23,22.253784388302414,True,20.769230769230763,OVERHEAT,0.01717140668443428,True,True,汽车零部件,-0.825,0.06731968273559122,50.0,89.38144329896906,0.7,10.0,52.57,Tier2
002130.SZ,002130,沃尔核材,20070420,主板,1194822622.85,-21.307692307692307,其他电子,未知,801082.SI,270000,20.46,25.0393,25.4646,3.13,4.4135,2864169.5427,2346664.3117,971020709.4000001,True,0,0,False,False,26.64,-9.026233881725199,-25.21929824561403,-23.198198198198195,False,-21.307692307692307,-3.057119871279157,-8.2,36.92,221475754.12,95.7584,,,2648509033.93,15.8624,2.9562,0,2864169.5427,971020709.4000001,1.0,1.5,PASS,False,0.8135593220338984,-8.2,36.92,16.535,-24.735,,25.0393,3.13,2.9562,,108.22777500000001,10.0,0.0,20.46,26.64,0,86.25429553264605,,0.05555555555555555,0,0,5.0,6,-19.419689420675258,False,-9.026233881725199,,-0.0683610548327028,False,False,其他电子,-24.735,-0.648997068891179,22.0,32.77628865979381,1.0,0.0,42.78,Other
002129.SZ,002129,TCL中环,20070420,主板,1322003882.8,4.109589041095885,元件,未知,801083.SI,270000,9.12,,,1.843,3.7273,3687321.585,3684279.1776,1762913224.8,True,0,0,False,False,10.37,-7.22278738555443,-11.627906976744196,-12.054001928640313,False,4.109589041095885,-3.057119871279157,8.9,10.39,-1799737883.06,,,,-22076725727.96,,-7.8461,0,3687321.585,1762913224.8,1.0,1.5,PASS,False,0.7457627118644068,8.9,10.39,2.79,8.9,,,1.843,-7.8461,,204.28836129032257,0.0,0.0,9.12,10.37,0,89.46162657502865,,0.42424242424242425,0,1,55.0,10,-6.734298820011285,False,-7.22278738555443,,-0.01854947212263264,False,False,元件,8.9,-0.24377251489961302,32.0,60.738487972508594,1.0,0.0,60.74,Tier1
002134.SZ,002134,天津普林,20070516,主板,389749612.59999996,24.96760259179267,元件,未知,801083.SI,270000,28.93,1497.6154,450.2149,13.9224,6.4428,713558.1318,713095.3183,359766698.59999996,False,1,0,False,False,32.23,-3.4701368034701363,21.147403685092137,-10.23890784982935,False,24.96760259179267,-3.057119871279157,8501.72,-76.45,9746510.7,84.0839,,,37469201.519999996,37.5216,2.2904,1,713558.1318,359766698.59999996,1.0,1.5,PASS,False,0.7457627118644068,8501.72,-76.45,2.79,8501.72,ESP-Q,1497.6154,13.9224,2.2904,0.17615440169753885,204.28836129032257,0.0,0.0,28.93,32.23,10,90.26345933562429,CHASE,0.7272727272727273,1,1,85.0,10,14.1237147306855,True,-3.4701368034701363,,-0.03284534024840709,True,False,元件,2014.9280000000006,3.6990775672017775,97.09723270160534,88.99848434100835,0.7,10.0,52.3,Tier2
002136.SZ,002136,安纳达,20070530,主板,182100723.1,3.54558610709117,金属非金属新材料,未知,801051.SI,240000,14.31,,,2.8252,5.3341,307693.62,306886.1926,144952212.39999998,False,1,0,False,False,15.86,-3.7012113055181595,12.147335423197504,-9.773013871374525,False,3.54558610709117,-3.057119871279157,156.18,-554.34,7006315.0,94.518,,,-152706194.09,-1573.4461,0.683,0,307693.62,144952212.39999998,1.0,1.5,PASS,False,0.8305084745762712,156.18,-554.34,22.085,156.18,ESP-Q,,2.8252,0.683,,108.89996666666667,0.0,0.0,14.31,15.86,0,75.94501718213058,,0.75,1,1,75.0,5,5.412301082779209,True,-3.7012113055181595,,-0.026950399721397844,False,False,金属非金属新材料,156.18,-0.15970761694222313,32.0,66.68350515463918,0.7,0.0,46.68,Other
000338.SZ,000338,潍柴动力,20070430,主板,3932978129.8999996,19.86632008911995,汽车零部件,未知,801093.SI,280000,32.28,25.7295,24.8763,2.949,1.9806,28123617.8259,16151275.475,3597269376.6,True,1,0,False,False,35.85,-7.161345987920631,20.49272116461367,-9.958158995815902,False,19.86632008911995,-3.057119871279157,20.25,-8.22,2987911088.08,96.8383,,,25772628074.47,-56.9399,3.2727,0,28123617.8259,3597269376.6,1.0,1.5,PASS,False,0.5932203389830508,20.25,-8.22,-7.975999999999999,36.202,ESP-Q,25.7295,2.949,3.2727,1.2705925925925927,74.48131470588235,10.0,0.0,32.28,35.85,0,65.922107674685,,0.918918918918919,1,1,100.0,23,18.728170661496833,True,-7.161345987920631,,-0.01176020351303243,True,False,汽车零部件,36.202,0.2081404254763207,50.0,79.7766323024055,0.7,0.0,65.84,Tier2
002139.SZ,002139,拓邦股份,20070629,主板,244268045.45000002,-8.760330578512399,电子制造,未知,801085.SI,270000,11.04,37.8293,62.8895,1.991,3.216,1376505.8268,1182483.1911,288247284.4,True,0,0,False,False,12.39,0.1814882032667775,-15.66080977845684,-10.895883777239723,False,-8.760330578512399,-3.057119871279157,-75.76,-41.93,45302619.52,87.3066,,,1124222768.6399999,-736.0867,0.7422,0,1376505.8268,288247284.4,1.0,1.5,PASS,False,0.5084745762711864,-75.76,-41.93,-24.905,-37.88,ESP-Q,37.8293,1.991,0.7422,,72.22433125,0.0,0.0,11.04,12.39,0,92.78350515463917,,0.16666666666666666,0,0,5.0,11,-13.427287114126385,False,0.1814882032667775,,0.008060336250180739,False,False,电子制造,-37.88,-0.45435516360074396,32.0,36.73505154639175,0.7,0.0,25.71,Other
002138.SZ,002138,顺络电子,20070613,主板,1295910387.8,13.675213675213671,元件,未知,801083.SI,270000,39.9,31.5099,33.3132,5.6297,7.4273,3217210.2325,3018433.9905,1879768628.4000003,True,0,0,False,False,42.15,11.98428290766207,0.833965125094771,-5.338078291814952,False,13.675213675213671,-3.057119871279157,-24.19,25.23,166933684.74,93.8452,,,2340597372.11,42.1728,2.7089,0,3217210.2325,1879768628.4000003,1.0,1.5,PASS,False,0.7457627118644068,-24.19,25.23,2.79,-26.98,,31.5099,5.6297,2.7089,,204.28836129032257,10.0,0.0,39.9,42.15,0,65.922107674685,,0.6060606060606061,0,1,55.0,10,2.831325814106501,False,11.98428290766207,OVERHEAT,0.00015135905396695842,False,True,元件,-26.98,-0.3142946915321415,32.0,53.6766323024055,1.0,0.0,63.68,Tier2
002170.SZ,002170,芭田股份,20070919,主板,321874696.00000006,-13.011695906432742,化学制品,未知,801034.SI,220000,11.9,12.668,11.3835,3.303,2.279,1154718.5313,936684.1348,224551073.6,False,0,0,False,False,14.22,-6.372934697088906,-8.320493066255775,-16.315049226441637,False,-13.011695906432742,-3.057119871279157,60.06,124.0,273129070.25,99.8501,,,2319007699.83,106.7407,7.0074,0,1154718.5313,224551073.6,1.0,1.5,PASS,False,0.4406779661016949,60.06,124.0,8.2371,60.06,,12.668,3.303,7.0074,0.2109224109224109,104.193015625,10.0,0.0,11.9,14.22,0,76.51775486827033,,0.2631578947368421,0,0,5.0,23,-7.308158216417871,False,-6.372934697088906,,-0.038545571076942876,False,False,化学制品,60.06,0.00891369883685992,50.0,35.4553264604811,1.0,0.0,45.46,Other
601919.SH,601919,中远海控,20070626,主板,1367615754.5500002,0.3419972640218871,航运,未知,801176.SI,420000,14.67,7.2773,8.9674,0.9531,1.2807,22463759.6327,18420004.2062,1648685110.2000003,True,0,0,False,False,14.84,3.5285815102328755,2.515723270440251,-1.1455525606469008,False,0.3419972640218871,-3.057119871279157,-49.66,-37.31,5860336405.33,99.7175,,,81017877849.23001,138.1203,2.5118,0,22463759.6327,1648685110.2000003,1.0,1.5,PASS,False,0.1016949152542373,-49.66,-37.31,11.495000000000001,-61.155,,7.2773,0.9531,2.5118,,29.364757142857144,0.0,0.0,14.67,14.84,0,75.37227949599084,,0.7142857142857143,1,1,100.0,3,4.737601659626289,False,3.5285815102328755,,0.006587867993932842,False,False,航运,-61.155,-0.9740180882491264,22.0,77.01168384879725,1.0,0.0,77.01,Tier2
601168.SH,601168,西部矿业,20070712,主板,1892487094.6499999,3.9764868603042736,工业金属,未知,801055.SI,240000,30.07,19.6714,16.2085,3.5908,2.5241,7165681.0,7165681.0,1667845045.8,False,0,0,False,False,34.79,-1.3451443569553856,-5.677540777917189,-13.567116987640127,False,3.9764868603042736,-3.057119871279157,105.82,23.0,1607470949.0,101.3508,,,9959015812.0,138.264,8.2604,0,7165681.0,1667845045.8,1.0,1.5,PASS,False,0.3559322033898305,105.82,23.0,55.81,105.82,ESP-Q,19.6714,3.5908,8.2604,0.18589491589491589,38.288555,10.0,0.0,30.07,34.79,0,5.612829324169531,CAT-0,0.8095238095238095,1,1,75.0,7,9.290075710478485,True,-1.3451443569553856,,-0.01330000625717587,False,False,工业金属,105.82,0.1305784928778752,50.0,49.18384879725086,0.35,0.0,27.21,Other
002153.SZ,002153,石基信息,20070813,主板,332936653.85,-9.222797927461146,计算机应用,未知,801222.SI,710000,8.76,,,3.5864,1.9314,2390773.8047,1401393.0923,332931310.2,True,0,0,False,False,10.75,-6.808510638297882,-29.92,-18.511627906976745,False,-9.222797927461146,-3.057119871279157,93.3,14.56,23131538.22,97.8379,,,-142508406.85999998,-634.6996,0.3487,0,2390773.8047,332931310.2,1.0,1.5,PASS,False,0.7627118644067796,93.3,14.56,-4.9399999999999995,103.17999999999999,ESP-Q,,3.5864,0.3487,,143.4918742857143,0.0,0.0,8.76,10.75,0,92.21076746849943,,0.3076923076923077,0,0,5.0,16,-5.240075730061278,False,-6.808510638297882,,-0.06102505048263559,False,False,计算机应用,103.17999999999999,0.4096453024154795,50.0,40.16323024054982,0.7,0.0,28.11,Other
002150.SZ,002150,正泰电源,20070810,主板,656135475.4,14.17534430634868,金属制品,未知,801075.SI,640000,33.99,43.5967,44.1088,5.6699,11.3401,1226593.0614,1218694.3802,1128832479.8000002,False,1,1,False,False,35.66,14.36742934051145,19.68309859154931,-4.683118339876602,False,14.17534430634868,-3.057119871279157,-28.54,53.56,12310716.67,81.8063,,,482766271.44,-185.5976,0.6938,0,1226593.0614,1128832479.8000002,1.0,1.5,PASS,False,0.5423728813559322,-28.54,53.56,-11.295,-14.27,ESP-Q,43.5967,5.6699,0.6938,,68.8756909090909,0.0,0.0,33.99,35.66,0,83.8487972508591,,0.8181818181818182,1,1,75.0,4,20.674296088319323,True,14.36742934051145,OVERHEAT,0.03320107249568849,False,True,金属制品,-14.27,0.07914818901375291,50.0,72.65463917525773,0.7,0.0,50.86,Tier2
002152.SZ,002152,广电运通,20070813,主板,285642430.9,-7.615894039735094,计算机设备,未知,801101.SI,710000,11.16,32.1942,32.7401,2.1799,1.25,2771455.3142,2770061.2237,324605687.8,True,0,0,False,False,12.3,-1.9332161687170557,-17.087667161961374,-9.268292682926838,False,-7.615894039735094,-3.057119871279157,-1.43,4.25,206792510.16,91.3849,,,1908830308.8,-396.5667,1.7961,0,2771455.3142,324605687.8,1.0,1.5,PASS,False,0.7288135593220338,-1.43,4.25,7.12,-8.55,ESP-Q,32.1942,2.1799,1.7961,,116.38087647058823,0.0,0.0,11.16,12.3,0,62.77205040091638,,0.2916666666666667,0,0,5.0,8,-5.730071528912584,False,-1.9332161687170557,,-0.011314835895662708,False,False,计算机设备,-8.55,-0.31866372696219225,32.0,27.73161512027491,0.7,0.0,19.41,Other
002156.SZ,002156,通富微电,20070816,主板,7976289072.1,30.76434469616769,半导体,未知,801081.SI,270000,61.76,76.9067,64.8011,5.9857,15.7941,9372678.5285,9371784.9231,10525993709.6,False,1,0,False,False,66.88,8.312872676253935,27.313955885384456,-7.655502392344493,False,30.76434469616769,-3.057119871279157,64.78,35.34,171623051.92,52.156,,,2210642946.09,200.5158,2.1126,1,9372678.5285,10525993709.6,1.0,1.5,PASS,False,0.8813559322033898,64.78,35.34,21.265,64.78,ESP-Q,76.9067,5.9857,2.1126,1.1871982093238653,141.87467999999998,0.0,0.0,61.76,66.88,10,89.46162657502865,CHASE,0.8260869565217391,1,1,85.0,7,9.756523688346675,True,8.312872676253935,OVERHEAT,0.0023910322119991383,True,True,半导体,64.78,-0.02881945294871016,32.0,75.7384879725086,0.7,10.0,43.02,Other
002145.SZ,002145,钛能化学,20070803,主板,233971538.84999996,-9.302325581395355,化学制品,未知,801034.SI,220000,4.29,45.7675,50.0004,1.3468,1.2403,1633062.3665,1632977.4567,202258922.2,False,0,0,False,False,4.82,-5.5066079295154164,-13.682092555331982,-10.995850622406644,False,-9.302325581395355,-3.057119871279157,-25.58,-29.19,77311297.55,74.4194,,,880180703.93,13.0723,0.8606,0,1633062.3665,202258922.2,1.0,1.5,PASS,False,0.4406779661016949,-25.58,-29.19,8.2371,-33.817099999999996,ESP-Q,45.7675,1.3468,0.8606,,104.193015625,0.0,0.0,4.29,4.82,0,79.72508591065292,,0.40789473684210525,0,0,5.0,23,-3.598787891380484,False,-5.5066079295154164,,-0.036712594099059054,False,False,化学制品,-33.817099999999996,-0.19593515324188882,32.0,32.817525773195875,0.7,0.0,22.97,Other
002158.SZ,002158,汉钟精机,20070817,主板,516595974.65000004,34.75829005193765,通用机械,未知,801072.SI,640000,33.73,38.4781,38.162,4.0431,7.2822,1803624.5208,1799720.8974,706434519.9999999,False,3,1,False,True,36.24,1.9033232628398622,26.852200075216224,-6.926048565121423,False,34.75829005193765,-3.057119871279157,-1.84,-47.47,108799470.85,89.4859,,,788083469.3,42.6307,2.7527,0,1803624.5208,706434519.9999999,1.0,1.5,PASS,False,0.7796610169491526,-1.84,-47.47,1.3,-3.14,,38.4781,4.0431,2.7527,,114.34343529411765,10.0,0.0,33.73,36.24,0,89.46162657502865,CHASE,0.9302325581395349,1,1,75.0,13,26.455935652928968,True,1.9033232628398622,突破型,0.024678182487458282,True,False,通用机械,-3.14,0.22221967520135974,50.0,74.33848797250859,1.0,0.0,84.34,Tier2
002161.SZ,002161,远望谷,20070821,主板,180181577.04999995,-7.703281027104136,计算机应用,未知,801222.SI,710000,6.47,310.889,3666.4886,3.1468,2.771,478623.0378,478527.2495,167512346.6,True,0,0,False,False,7.59,-2.413273001508298,-27.38496071829406,-14.756258234519104,False,-7.703281027104136,-3.057119871279157,-18.48,33.91,-20928618.98,,,,-110065154.56,,-2.4852,0,478623.0378,167512346.6,1.0,1.5,PASS,False,0.7627118644067796,-18.48,33.91,-4.9399999999999995,-9.24,,310.889,3.1468,-2.4852,,143.4918742857143,0.0,0.0,6.47,7.59,0,68.38487972508591,,0.36538461538461536,0,0,5.0,16,-3.7205588297042684,False,-2.413273001508298,,-0.009353220263865907,False,False,计算机应用,-9.24,-0.06488176973949163,32.0,29.41546391752577,1.0,0.0,29.42,Other
002254.SZ,002254,泰和新材,20080625,主板,639563713.15,37.571157495256166,化学纤维,未知,801032.SI,220000,14.5,299.7072,271.906,1.7565,6.4555,1242732.9154,1233436.8566,1240598505.9999998,True,2,2,False,False,15.63,2.256699576868826,10.602593440122043,-7.2296865003198985,False,37.571157495256166,-3.057119871279157,-261.34,-9992.99,-2796482.7,-17.7081,,,-148416728.2,-359.8579,0.2235,0,1242732.9154,1240598505.9999998,1.0,1.5,PASS,False,0.6610169491525424,-261.34,-9992.99,33.59,-294.92999999999995,ESP-Q,299.7072,1.7565,0.2235,,122.71699000000001,0.0,0.0,14.5,15.63,0,65.922107674685,,1.0,1,1,100.0,4,45.66372756618931,True,2.256699576868826,,-0.017690509862779945,True,False,化学纤维,-294.92999999999995,-0.42906635533132687,32.0,76.1766323024055,0.7,0.0,53.32,Tier2
002154.SZ,002154,报喜鸟,20070816,主板,227637298.2,16.03260869565215,服装家纺,未知,801132.SI,350000,4.27,18.2338,15.2634,1.2779,2.7316,623135.5023,503763.2111,146333430.2,True,1,0,False,False,4.7,-6.153846153846154,8.375634517766484,-9.148936170212774,False,16.03260869565215,-3.057119871279157,5.71,-36.76,172831344.99,72.9543,,,791018789.36,61.5403,4.9794,0,623135.5023,146333430.2,1.0,1.5,PASS,False,0.11864406779661017,5.71,-36.76,17.065,-11.355,ESP-Q,18.2338,1.2779,4.9794,3.193309982486865,85.02447272727274,0.0,0.0,4.27,4.7,0,75.94501718213058,CHASE,0.8125,1,1,100.0,5,13.934446546780055,True,-6.153846153846154,,-0.0912091031563398,True,False,服装家纺,-11.355,-0.6223973764104862,22.0,77.18350515463918,0.7,0.0,54.03,Tier2
002164.SZ,002164,宁波东力,20070823,主板,333403056.20000005,16.52377240841776,通用机械,未知,801072.SI,640000,14.95,40.6113,39.4186,5.004,10.8731,795599.6651,717263.8388,765643018.5999999,True,0,0,False,False,15.26,4.618614415675304,4.618614415675304,-2.0314547837483654,False,16.52377240841776,-3.057119871279157,27.83,46.76,19538170.13,89.7213,,,166812087.95,-215.5432,1.3783,0,795599.6651,765643018.5999999,1.0,1.5,PASS,False,0.7796610169491526,27.83,46.76,1.3,27.83,ESP-Q,40.6113,5.004,1.3783,1.4592633848365075,114.34343529411765,0.0,0.0,14.95,15.26,0,86.25429553264605,CHASE,0.7674418604651163,1,1,100.0,13,8.221418009409078,True,4.618614415675304,,0.048408514150851005,True,False,通用机械,27.83,0.3048990575739869,50.0,85.87628865979381,0.7,0.0,60.11,Tier2
002163.SZ,002163,海南发展,20070823,主板,401647648.04999995,-15.879163439194432,装修装饰,未知,801722.SI,620000,10.86,,,15.436,3.3393,917624.2436,872654.0783,319827450.0,False,0,0,False,False,13.27,-6.459948320413433,-32.04005006257823,-18.161266013564436,False,-15.879163439194432,-3.057119871279157,71.41,-20.49,-4412849.67,,,,-1076653274.74,-3749.8439,-0.66,0,917624.2436,319827450.0,1.0,1.5,PASS,False,0.3898305084745763,71.41,-20.49,9.255,71.41,ESP-Q,,15.436,-0.66,,57.39425,0.0,0.0,10.86,13.27,0,97.4799541809851,,0.2,0,0,0.0,2,-22.493949431412354,False,-6.459948320413433,TIER2_FORCED,-0.025974347169917988,False,False,装修装饰,71.41,0.697189647584805,50.0,39.24398625429553,0.7,0.0,27.47,Tier2
002169.SZ,002169,智光电气,20070919,主板,599293483.1999999,19.463087248322154,电气自动化设备,未知,801732.SI,630000,17.8,102.8065,71.3191,4.9829,12.6851,1393213.2873,1350439.6613,1117793955.0,True,1,1,False,False,18.45,26.151665485471298,16.33986928104576,-3.5230352303523005,False,19.463087248322154,-3.057119871279157,161.6,49.72,22068277.86,96.8095,,,-239819450.69,-1010.5377,0.8081,0,1393213.2873,1117793955.0,1.0,1.5,PASS,False,0.4067796610169492,161.6,49.72,-25.5,212.6,ESP-Q,102.8065,4.9829,0.8081,0.6361788366336634,54.13474375,0.0,0.0,17.8,18.45,0,65.922107674685,,0.7647058823529411,1,1,100.0,6,20.34229214128852,True,26.151665485471298,OVERHEAT,0.01492980871000591,True,True,电气自动化设备,212.6,2.678282230696466,82.0,86.1766323024055,0.7,0.0,60.32,Tier2
002167.SZ,002167,东方锆业,20070913,主板,382943306.65000004,-8.702290076335872,稀有金属,未知,801054.SI,240000,11.96,175.5328,171.0063,5.2069,5.2334,926509.2668,907420.7037,370815474.6,False,0,0,False,False,14.15,-2.526487367563157,-7.28682170542635,-15.477031802120134,False,-8.702290076335872,-3.057119871279157,9.36,142.8,20506355.17,101.2881,,,135001367.52,156.2302,1.1433,0,926509.2668,370815474.6,1.0,1.5,PASS,False,0.8983050847457628,9.36,142.8,108.81,-99.45,,175.5328,5.2069,1.1433,18.753504273504277,123.306975,0.0,0.0,11.96,14.15,0,65.922107674685,,0.5625,0,0,5.0,5,0.46531369503743925,False,-2.526487367563157,,-0.00800662388761721,False,False,稀有金属,-99.45,-0.6308396576091251,22.0,26.6766323024055,1.0,0.0,26.68,Other
002171.SZ,002171,楚江新材,20070921,主板,493176167.20000017,-8.537616229923916,工业金属,未知,801055.SI,240000,10.82,45.8251,44.8404,1.9716,3.1866,1756018.7775,1746068.2705,634781369.8,False,0,0,False,False,12.7,-9.833333333333327,-14.870180959874112,-14.803149606299204,False,-8.537616229923916,-3.057119871279157,9.55,67.5,140530093.35,100.2618,,,1032449638.05,-1105.174,1.5916,0,1756018.7775,634781369.8,1.0,1.5,PASS,False,0.3559322033898305,9.55,67.5,55.81,-46.260000000000005,ESP-Q,45.8251,1.9716,1.5916,4.798439790575916,38.288555,0.0,0.0,10.82,12.7,0,65.922107674685,,0.23809523809523808,0,0,5.0,7,-3.224027379749705,False,-9.833333333333327,,-0.03761397289860687,False,False,工业金属,-46.260000000000005,-0.7551205885037057,22.0,26.6766323024055,0.7,0.0,18.67,Other
002165.SZ,002165,红宝丽,20070913,主板,673402496.85,-17.954070981210858,化学制品,未知,801034.SI,220000,7.86,333.3568,,2.8904,18.1693,577922.0919,571881.1781,1302984583.0,True,1,1,False,False,10.23,-19.30184804928131,-30.931458699472756,-23.167155425219942,False,-17.954070981210858,-3.057119871279157,-2654.08,-130.99,-33604470.03,,,,-44131461.58,,-1.1933,0,577922.0919,1302984583.0,1.0,1.5,PASS,False,0.4406779661016949,-2654.08,-130.99,8.2371,-2662.3170999999998,,333.3568,2.8904,-1.1933,,104.193015625,0.0,0.0,7.86,10.23,0,80.87056128293241,,0.06578947368421052,0,0,5.0,23,-12.250533291195987,False,-19.30184804928131,,-0.020433319169185254,False,False,化学制品,-1510.412,-3.4180070989063247,5.0,27.761168384879724,1.0,0.0,27.76,Other
002192.SZ,002192,融捷股份,20071205,主板,3099127322.05,6.346845171687132,专用设备,未知,801074.SI,640000,85.79,79.909,41.5049,5.7486,9.1376,2227581.9865,2222970.5596,2229668466.8,True,3,0,False,False,115.0,-6.404102116517551,63.222983257229835,-25.399999999999988,False,6.346845171687132,-3.057119871279157,1947.36,34.55,288335524.17,103.7282,,,742072665.44,-32.3678,7.5067,0,2227581.9865,2229668466.8,1.0,1.5,PASS,False,0.6440677966101694,1947.36,34.55,-10.094999999999999,1967.55,ESP-Q,79.909,5.7486,7.5067,0.04103452879796238,147.6403775510204,0.0,0.0,85.79,115.0,0,59.67926689576174,,0.6851851851851852,0,1,55.0,17,5.54834119786759,True,-6.404102116517551,,-0.02409643001363531,False,False,专用设备,1967.55,6.4661389803641205,100.0,65.40378006872852,0.7,0.0,45.78,Other
002176.SZ,002176,江特电机,20071012,主板,2999530473.85,8.710503842869333,电机,未知,801731.SI,630000,12.73,,,7.3479,8.6951,2172152.4646,2168982.6946,1732303936.9999998,True,2,0,False,False,16.97,-5.353159851301104,39.736553238199804,-24.985268120212133,False,8.710503842869333,-3.057119871279157,79.29,40.35,-11277354.45,,,,-727582891.14,,-6.0748,0,2172152.4646,1732303936.9999998,1.0,1.5,PASS,False,0.9661016949152542,79.29,40.35,-5.324999999999999,89.94000000000001,,,7.3479,-6.0748,,176.7947,0.0,0.0,12.73,16.97,0,35.16609392898053,CAT-0,0.7,1,1,100.0,4,2.711970097856719,False,-5.353159851301104,,-0.01721170266704702,False,False,电机,89.94000000000001,-0.1569194023363291,32.0,66.94982817869416,0.5,0.0,33.47,Other
002179.SZ,002179,中航光电,20071101,主板,2063706820.65,11.964873765093298,电子制造,未知,801085.SI,270000,40.8,39.9677,44.9966,3.5014,3.0311,8639104.4489,8553735.3041,2183354666.0,True,1,1,False,False,42.8,3.3958438925494105,18.985126859142596,-4.672897196261683,False,11.964873765093298,-3.057119871279157,-38.95,-35.84,383654745.43,96.3251,,,5602594634.2,-464.4844,1.6276,0,8639104.4489,2183354666.0,1.0,1.5,PASS,False,0.5084745762711864,-38.95,-35.84,-24.905,-19.475,ESP-Q,39.9677,3.5014,1.6276,,72.22433125,0.0,0.0,40.8,42.8,0,75.02863688430699,,0.7222222222222222,1,1,100.0,11,7.297917229479312,True,3.3958438925494105,,-0.010195059333993747,False,False,电子制造,-19.475,-0.3910680381695333,32.0,78.9085910652921,0.7,0.0,55.24,Tier2
002180.SZ,002180,奔图科技,20071113,主板,311446327.3,-5.665566556655676,计算机设备,未知,801101.SI,710000,17.15,,,2.6724,1.1648,2438522.3529,2332893.0591,260698687.59999996,True,0,0,False,False,19.49,-2.5014212620807386,-19.332079021636893,-12.00615700359159,False,-5.665566556655676,-3.057119871279157,-59.12,-264.47,32733777.35,50.7138,,,-943607243.77,-137.199,0.7103,0,2438522.3529,260698687.59999996,1.0,1.5,PASS,False,0.7288135593220338,-59.12,-264.47,7.12,-66.24,ESP-Q,,2.6724,0.7103,,116.38087647058823,0.0,0.0,17.15,19.49,0,89.46162657502865,,0.4583333333333333,0,0,5.0,8,-3.779744045833166,False,-2.5014212620807386,,-0.02587504272173201,False,False,计算机设备,-66.24,-0.44616032759536595,32.0,35.738487972508594,0.7,0.0,25.02,Other
002185.SZ,002185,华天科技,20071120,主板,3205532097.35,21.035856573705168,半导体,未知,801081.SI,270000,15.19,69.8444,60.8281,2.7695,14.0892,4962502.6399,4961330.1861,5666069123.599999,False,0,0,False,False,16.78,6.223776223776212,5.853658536585371,-9.475566150178793,False,21.035856573705168,-3.057119871279157,113.77,499.77,11409181.13,13.1463,,,314362996.19,433.2181,0.4858,0,4962502.6399,5666069123.599999,1.0,1.5,PASS,False,0.8813559322033898,113.77,499.77,21.265,113.77,ESP-Q,69.8444,2.7695,0.4858,0.6139087632943658,141.87467999999998,0.0,0.0,15.19,16.78,0,89.46162657502865,CHASE,0.5652173913043478,0,1,40.0,7,0.028035565884152902,False,6.223776223776212,,0.0010112089807643994,True,False,半导体,113.77,0.13464382218180804,50.0,56.83848797250859,0.7,0.0,39.79,Other
002182.SZ,002182,宝武镁业,20071113,主板,361211022.8,-8.211678832116798,金属非金属新材料,未知,801051.SI,240000,15.09,,,2.8338,3.4884,1496613.4535,1306047.5203,375338226.4,False,0,0,False,False,16.85,-2.8332260141661236,-17.49589939857845,-10.445103857566773,False,-8.211678832116798,-3.057119871279157,-96.15,-138.92,865955.91,17.0159,,,78706637.31,39369.0937,0.0964,0,1496613.4535,375338226.4,1.0,1.5,PASS,False,0.8305084745762712,-96.15,-138.92,22.085,-118.23500000000001,ESP-Q,,2.8338,0.0964,,108.89996666666667,0.0,0.0,15.09,16.85,0,65.922107674685,,0.1875,0,0,5.0,5,-6.344963856428759,False,-2.8332260141661236,,-0.01911627915527172,False,False,金属非金属新材料,-118.23500000000001,-0.5576450321380129,22.0,26.6766323024055,0.7,0.0,18.67,Other
601088.SH,601088,中国神华,20071009,主板,1539105770.35,-1.565898216615913,煤炭开采,未知,801021.SI,210000,45.26,18.5749,19.0367,1.9599,0.1532,98166379.6599,74638437.7843,1551757472.3999999,True,0,0,False,False,48.7,-0.9628008752735284,9.191797346200236,-7.063655030800831,False,-1.565898216615913,-3.057119871279157,-8.5,-19.2,10712000000.0,100.4219,,,122317000000.0,104.3638,2.3971,0,98166379.6599,1551757472.3999999,1.0,1.5,PASS,False,0.1694915254237288,-8.5,-19.2,-3.7,-4.25,,18.5749,1.9599,2.3971,,32.17243333333333,10.0,0.0,45.26,48.7,0,65.922107674685,,0.6363636363636364,0,0,5.0,7,1.9394893178097394,False,-0.9628008752735284,,0.015155029153427832,False,False,煤炭开采,-4.25,-0.2719893926407412,32.0,28.6766323024055,1.0,0.0,38.68,Other
002196.SZ,002196,方正电机,20071212,主板,814539212.65,13.517241379310342,电机,未知,801731.SI,630000,16.46,388.4888,171.203,5.7239,22.481,816205.1968,803923.5299,1879753969.4000003,True,1,1,False,False,17.77,7.161458333333348,-9.211252068394915,-7.371975239167128,False,13.517241379310342,-3.057119871279157,155.12,158.54,9398410.83,80.8244,,,27561899.47,329.3512,0.8184,0,816205.1968,1879753969.4000003,1.0,1.5,PASS,False,0.9661016949152542,155.12,158.54,-5.324999999999999,165.76999999999998,,388.4888,5.7239,0.8184,2.5044404332129964,176.7947,0.0,10.0,16.46,17.77,0,93.35624284077892,,0.9,1,1,100.0,4,7.518707634297728,True,7.161458333333348,,0.014583360531041426,False,False,电机,165.76999999999998,0.15611442283075608,50.0,88.00687285223367,1.0,10.0,78.01,Tier1
002208.SZ,002208,合肥城建,20080128,主板,1346020273.1500003,83.38582677165354,房地产开发,未知,801181.SI,430000,23.29,,,3.1588,16.8661,1870866.8211,1870355.3098,3164831936.2,False,5,5,False,True,26.36,12.186897880539483,49.67866323907455,-11.6464339908953,False,83.38582677165354,-3.057119871279157,-762.92,-458.82,-30268415.07,,,,-641031737.0400001,-41.6704,-0.4194,0,1870866.8211,3164831936.2,1.0,1.5,PASS,False,0.847457627118644,-762.92,-458.82,-7.28,-381.46,ESP-Q,,3.1588,-0.4194,,87.53592727272726,0.0,0.0,23.29,26.36,0,93.12714776632302,CHASE,1.0,1,1,75.0,9,87.2319806178074,True,12.186897880539483,突破型|OVERHEAT,-0.03213768753863122,True,True,房地产开发,-381.46,-1.0882071659623447,22.0,69.8381443298969,0.7,0.0,48.89,Other
002190.SZ,002190,成飞集成,20071203,主板,270617223.40000004,-6.60377358490567,汽车零部件,未知,801093.SI,280000,29.7,,,2.4504,2.0721,1065426.1487,1065426.1487,327530444.59999996,True,1,1,False,False,36.38,-6.486146095717893,-17.70573566084789,-18.361737218251793,False,-6.60377358490567,-3.057119871279157,-19907.48,26.33,-22312606.52,,,,-122524052.57,,-0.5009,0,1065426.1487,327530444.59999996,1.0,1.5,PASS,False,0.5932203389830508,-19907.48,26.33,-7.975999999999999,-9953.74,,,2.4504,-0.5009,,74.48131470588235,0.0,0.0,29.7,36.38,0,80.41237113402062,,0.2702702702702703,0,0,5.0,23,-7.741923012528784,False,-6.486146095717893,,-0.011810444244510538,False,False,汽车零部件,-1510.412,-5.673927584711127,5.0,27.623711340206185,1.0,0.0,27.62,Other
601390.SH,601390,中国中铁,20071203,主板,715843969.85,-10.188679245283016,基础建设,未知,801723.SI,620000,4.76,5.1331,5.5361,0.3655,0.5817,11750641.6382,9747923.9982,667335688.4,False,0,0,False,False,5.32,-4.800000000000004,-13.454545454545464,-10.526315789473696,False,-10.188679245283016,-3.057119871279157,-29.91,-27.38,3892255000.0,89.2941,,,47026049000.0,-1329.7305,1.1696,0,11750641.6382,667335688.4,1.0,1.5,PASS,False,0.0847457627118644,-29.91,-27.38,-7.28,-14.955,ESP-Q,5.1331,0.3655,1.1696,,58.68530769230769,0.0,0.0,4.76,5.32,0,62.77205040091638,,0.42105263157894735,0,0,5.0,6,-3.3671988388969556,False,-4.800000000000004,,0.005481274349345832,False,False,基础建设,-14.955,-0.39499234041973763,32.0,27.73161512027491,0.7,0.0,19.41,Other
601918.SH,601918,新集能源,20071219,主板,520279508.34999996,13.0718954248366,煤炭开采,未知,801021.SI,210000,8.65,10.4903,10.4105,1.2829,1.6439,2240818.657,2240818.657,488767252.8,True,0,0,False,False,9.3,-2.149321266968318,16.891891891891888,-6.989247311827961,False,13.0718954248366,-3.057119871279157,2.38,-10.37,550455525.11,100.41,,,5107928444.940001,90.9822,3.1847,0,2240818.657,488767252.8,1.0,1.5,PASS,False,0.1694915254237288,2.38,-10.37,-3.7,1.19,,10.4903,1.2829,3.1847,4.407689075630252,32.17243333333333,10.0,0.0,8.65,9.3,0,65.922107674685,,0.9545454545454546,1,1,100.0,7,16.577282959262252,True,-2.149321266968318,,-0.011612111899886908,False,False,煤炭开采,1.19,-0.1789810548655911,32.0,76.1766323024055,1.0,0.0,86.18,Tier1
002201.SZ,002201,九鼎新材,20071226,主板,1158304520.8,-16.79827709978464,玻璃制造,未知,801712.SI,610000,11.59,83.3959,84.1209,6.3736,6.2321,755246.4033,697744.8309,461296585.8,False,2,0,False,False,16.85,-9.240407204385281,-9.453125000000007,-31.216617210682497,False,-16.79827709978464,-3.057119871279157,-6.06,98.1,12466284.01,79.6268,,,202416567.32,487.5114,1.33,0,755246.4033,461296585.8,1.0,1.5,PASS,False,0.559322033898305,-6.06,98.1,-7.38,-3.03,ESP-Q,83.3959,6.3736,1.33,,132.5669,0.0,0.0,11.59,16.85,0,86.25429553264605,,0.16666666666666666,0,0,0.0,2,-12.216576952797874,False,-9.240407204385281,TIER2_FORCED,-0.026195338365612858,False,False,玻璃制造,-3.03,0.814465739225659,50.0,35.876288659793815,0.7,0.0,25.11,Tier2
002203.SZ,002203,海亮股份,20080116,主板,1181096650.15,12.930547713156404,工业金属,未知,801055.SI,240000,20.0,48.5973,44.3167,2.6869,2.2559,4583510.548,4424282.538,1028068560.6000001,True,1,0,False,False,23.28,-5.615856536101937,41.643059490085,-14.089347079037806,False,12.930547713156404,-3.057119871279157,-7.37,39.05,269586217.66,61.8345,,,2947492457.05,-652.1145,2.5741,0,4583510.548,1028068560.6000001,1.0,1.5,PASS,False,0.3559322033898305,-7.37,39.05,55.81,-63.18,ESP-Q,48.5973,2.6869,2.5741,,38.288555,0.0,0.0,20.0,23.28,0,62.77205040091638,,0.9047619047619048,1,1,100.0,7,18.244136563330613,True,-5.615856536101937,,0.0010245522526415327,False,False,工业金属,-63.18,-0.8536610176000783,22.0,73.23161512027491,0.7,0.0,51.26,Tier2
601866.SH,601866,中远海发,20071212,主板,234086614.19999996,-4.395604395604402,航运,未知,801176.SI,420000,2.61,21.4029,22.3369,1.1067,1.2394,3444588.169,2545267.777,255002912.0,False,0,0,False,False,2.76,-0.3816793893129833,0.0,-5.434782608695654,False,-4.395604395604402,-3.057119871279157,-14.68,10.76,403218045.1,97.5937,,,4280819479.0199995,110.215,1.3346,0,3444588.169,255002912.0,1.0,1.5,PASS,False,0.1016949152542373,-14.68,10.76,11.495000000000001,-26.175,,21.4029,1.1067,1.3346,,29.364757142857144,0.0,0.0,2.61,2.76,0,75.37227949599084,,0.5714285714285714,0,0,5.0,3,0.0,False,-0.3816793893129833,,0.012429856691064027,False,False,航运,-26.175,-0.5394212204903139,22.0,29.511683848797254,1.0,0.0,29.51,Other
002204.SZ,002204,大连重工,20080116,主板,182754133.85000002,-11.594202898550732,专用设备,未知,801074.SI,640000,6.1,20.2054,19.2476,1.4648,1.3393,1178135.7195,1178135.7195,134693700.39999998,False,0,0,False,False,6.98,-3.3280507131537185,-16.20879120879122,-12.607449856733533,False,-11.594202898550732,-3.057119871279157,11.91,20.28,179915673.61,86.3092,,,1228152902.4,216.9781,2.6271,0,1178135.7195,134693700.39999998,1.0,1.5,PASS,False,0.6440677966101694,11.91,20.28,-10.094999999999999,32.099999999999994,,20.2054,1.4648,2.6271,1.6965071368597817,147.6403775510204,0.0,0.0,6.1,6.98,0,86.25429553264605,,0.2037037037037037,0,0,5.0,17,-12.392706872370274,False,-3.3280507131537185,,-0.03187655129772978,False,False,专用设备,32.099999999999994,-0.11361483344170026,32.0,34.77628865979381,1.0,0.0,34.78,Other
002213.SZ,002213,大为股份,20080201,主板,1291818755.85,5.942509673852947,综合,未知,801231.SI,510000,38.33,,4806.0709,16.4979,15.7358,910279.6984,792035.8225,1004250679.4,True,0,0,False,False,46.3,-5.684055118110242,46.18611746758199,-17.213822894168462,False,5.942509673852947,-3.057119871279157,851.58,83.09,18107567.84,115.8802,,,-6195649.210000001,-1513.7572,2.8507,0,910279.6984,1004250679.4,1.0,1.5,PASS,False,0.9322033898305084,851.58,83.09,-7.0,865.58,ESP-Q,,16.4979,2.8507,,210.72467916666668,0.0,0.0,38.33,46.3,0,89.46162657502865,,0.7027027027027027,1,1,100.0,12,10.008640147490123,True,-5.684055118110242,,-0.003977771725504124,False,False,综合,865.58,1.4038179169775944,68.0,90.4384879725086,0.7,0.0,63.31,Tier1
601099.SH,601099,太平洋,20071228,主板,410522790.65,-6.349206349206349,证券,未知,801193.SI,490000,3.54,114.6101,144.5097,2.429,3.0795,2412975.995,2412975.995,427404339.8,False,0,0,False,False,3.83,-1.1173184357541888,-14.077669902912627,-7.571801566579639,False,-6.349206349206349,-3.057119871279157,-66.46,0.2,22715773.43,93.1683,,,600161895.9200001,2097.178,0.2457,0,2412975.995,427404339.8,1.0,1.5,PASS,False,0.03389830508474576,-66.46,0.2,31.015,-97.475,,114.6101,2.429,0.2457,,30.001145454545455,0.0,0.0,3.54,3.83,0,71.8213058419244,,0.13636363636363635,0,0,5.0,14,-4.46539872362039,False,-1.1173184357541888,,0.0007386447639737661,False,False,证券,-97.475,-1.443904226765077,22.0,28.44639175257732,1.0,0.0,28.45,Other
002212.SZ,002212,天融信,20080201,主板,254327103.25000006,-5.533596837944666,计算机应用,未知,801222.SI,710000,7.17,113.9369,201.9832,0.8874,2.7959,845668.4312,836627.1,205290523.8,False,0,0,False,False,7.98,-1.375515818431905,-19.165727170236746,-10.150375939849631,False,-5.533596837944666,-3.057119871279157,-44.6,-40.76,-109601720.08,,,,-406276505.85,,-1.0519,0,845668.4312,205290523.8,1.0,1.5,PASS,False,0.7627118644067796,-44.6,-40.76,-4.9399999999999995,-22.3,,113.9369,0.8874,-1.0519,,143.4918742857143,0.0,0.0,7.17,7.98,0,75.02863688430699,,0.4230769230769231,0,0,5.0,16,-1.550874640544798,False,-1.375515818431905,,-0.0027116694288498696,False,False,计算机应用,-22.3,-0.12000829137571227,32.0,31.4085910652921,1.0,0.0,31.41,Other
002226.SZ,002226,江南化工,20080506,主板,233214465.79999998,2.8268551236749095,化学制品,未知,801034.SI,220000,5.82,20.3508,20.6659,1.5893,4.6962,1541673.1016,1541670.3255,600401235.0000001,True,1,1,False,False,6.63,2.284710017574687,-2.8380634390651083,-12.217194570135737,False,2.8268551236749095,-3.057119871279157,-42.26,-13.82,77618410.06,57.7657,,,1828206556.58,-39.9618,1.3948,0,1541673.1016,600401235.0000001,1.0,1.5,PASS,False,0.4406779661016949,-42.26,-13.82,8.2371,-50.497099999999996,ESP-Q,20.3508,1.5893,1.3948,,104.193015625,0.0,0.0,5.82,6.63,0,86.25429553264605,,0.6842105263157895,0,1,55.0,23,8.53039281368978,True,2.284710017574687,,0.03346658811696933,False,False,化学制品,-50.497099999999996,-0.2323325158859578,32.0,59.77628865979381,0.7,0.0,41.84,Other
601898.SH,601898,中煤能源,20080201,主板,734928308.5500001,-1.86859553948161,煤炭开采,未知,801021.SI,210000,16.28,12.0698,12.1606,1.3161,0.449,21585104.0152,14899456.6512,725258163.0,True,0,0,False,False,19.02,-3.1528851873884434,12.898751733703207,-14.40588853838064,False,-1.86859553948161,-3.057119871279157,-2.4,-7.3,3847661000.0,100.0861,,,41607274000.0,100.9183,2.372,0,21585104.0152,725258163.0,1.0,1.5,PASS,False,0.1694915254237288,-2.4,-7.3,-3.7,-1.2,,12.0698,1.3161,2.372,,32.17243333333333,10.0,0.0,16.28,19.02,0,65.922107674685,,0.5909090909090909,0,0,5.0,7,1.6367919949440424,False,-3.1528851873884434,,0.004251644624699645,False,False,煤炭开采,-1.2,-0.21984317385136473,32.0,28.6766323024055,1.0,0.0,38.68,Other
002221.SZ,002221,东华能源,20080306,主板,179083177.3,-10.256410256410254,石油化工,未知,801035.SI,220000,7.35,,,1.1609,2.5549,1158453.9087,1073754.0486,183021890.2,True,0,0,False,False,8.4,-8.354114713216953,-9.81595092024541,-12.50000000000001,False,-10.256410256410254,-3.057119871279157,43.22,-85.52,44751108.28,27.8313,,,142936138.8,-407.9256,1.6163,0,1158453.9087,183021890.2,1.0,1.5,PASS,False,0.2033898305084746,43.22,-85.52,13.370000000000001,43.22,ESP-Q,,1.1609,1.6163,,39.986374999999995,0.0,0.0,7.35,8.4,0,67.92668957617411,,0.16666666666666666,0,0,0.0,2,-6.461087558803297,False,-8.354114713216953,TIER2_FORCED,-0.03421077118152368,False,False,石油化工,43.22,-0.22629183546259454,32.0,26.77800687285223,0.7,0.0,18.74,Tier2
002219.SZ,002219,新里程,20080306,主板,213389163.55,-5.172413793103436,医疗服务,未知,801156.SI,370000,2.2,245.4276,294.8514,3.6814,1.9762,759422.7857,719811.7124,146183514.99999997,True,0,0,False,False,2.54,-3.083700440528625,-7.563025210084017,-13.38582677165354,False,-5.172413793103436,-3.057119871279157,-17.06,-65.64,21993913.54,107.4701,,,36310184.82,-40.6822,1.0425,0,759422.7857,146183514.99999997,1.0,1.5,PASS,False,0.711864406779661,-17.06,-65.64,17.45,-34.51,ESP-Q,245.4276,3.6814,1.0425,,76.5296625,0.0,0.0,2.2,2.54,0,80.52691867124857,,0.5454545454545454,0,0,5.0,4,0.0,False,-3.083700440528625,,-0.020702058569799207,False,False,医疗服务,-34.51,-0.6021692391429869,22.0,31.05807560137457,0.7,0.0,21.74,Other
601186.SH,601186,中国铁建,20080310,主板,367616435.15,-6.82148040638606,基础建设,未知,801723.SI,620000,6.42,4.7477,4.9523,0.3137,0.3917,8718065.643,7385083.611,373822657.2,True,0,0,False,False,6.92,-2.5796661608497695,-10.460251046025103,-7.22543352601156,False,-6.82148040638606,-3.057119871279157,-15.31,-24.98,4213557000.0,95.9286,,,43959494000.0,-1060.142,1.2735,0,8718065.643,373822657.2,1.0,1.5,PASS,False,0.0847457627118644,-15.31,-24.98,-7.28,-7.655,ESP-Q,4.7477,0.3137,1.2735,,58.68530769230769,0.0,0.0,6.42,6.92,0,97.9381443298969,,0.5263157894736842,0,0,5.0,6,0.0,False,-2.5796661608497695,,-0.003872692037253496,False,False,基础建设,-7.655,-0.3573126626362041,32.0,38.281443298969066,0.7,0.0,26.8,Other
002225.SZ,002225,濮耐股份,20080425,主板,236920007.24999997,-34.1421143847487,其他建材,未知,801713.SI,610000,3.8,50.8734,87.0183,1.0667,5.9541,440510.8759,360476.395,179657517.19999996,False,0,0,False,False,5.83,-12.844036697247718,-38.90675241157556,-34.81989708404804,False,-34.1421143847487,-3.057119871279157,-66.15,-5.75,15406676.99,81.4995,,,214268906.22,-388.305,0.4585,0,440510.8759,179657517.19999996,1.0,1.5,PASS,False,0.3389830508474576,-66.15,-5.75,-12.22,-33.075,ESP-Q,50.8734,1.0667,0.4585,,33.882133333333336,0.0,0.0,3.8,5.83,0,98.05269186712485,,0.125,0,0,5.0,3,-43.34144675452738,False,-12.844036697247718,,-0.06450461608817622,False,False,其他建材,-33.075,-0.3831857459926555,32.0,38.31580756013745,0.7,0.0,26.82,Other
002244.SZ,002244,滨江集团,20080529,主板,440406145.0,-0.5882352941176339,房地产开发,未知,801181.SI,430000,10.14,14.908,16.1695,1.0418,1.1348,3155004.1045,2796155.0308,406493305.8,False,0,0,False,False,12.04,-5.674418604651155,-12.131715771230489,-15.780730897009953,False,-0.5882352941176339,-3.057119871279157,-18.03,-14.46,786501755.2,97.0028,,,7092237758.45,-122.8064,2.7137,0,3155004.1045,406493305.8,1.0,1.5,PASS,False,0.847457627118644,-18.03,-14.46,-7.28,-9.015,ESP-Q,14.908,1.0418,2.7137,,87.53592727272726,10.0,0.0,10.14,12.04,0,65.922107674685,,0.6551724137931034,0,0,5.0,9,3.257918552036221,False,-5.674418604651155,,0.022008260505561126,False,False,房地产开发,-9.015,-0.19203211431674713,32.0,28.6766323024055,0.7,0.0,30.07,Other
002230.SZ,002230,科大讯飞,20080512,主板,2426349076.7999997,-3.2390323903239038,计算机应用,未知,801222.SI,710000,47.2,135.072,131.3893,4.9654,2.683,11337816.8495,10333461.544,2562078348.6000004,True,0,0,False,False,50.88,0.12728044123886395,-17.36694677871148,-7.232704402515722,False,-3.2390323903239038,-3.057119871279157,-88.58,40.47,-429594090.14,,,,-867417803.04,,-0.9017,0,11337816.8495,2562078348.6000004,1.0,1.5,PASS,False,0.7627118644067796,-88.58,40.47,-4.9399999999999995,-44.29,,135.072,4.9654,-0.9017,,143.4918742857143,0.0,0.0,47.2,50.88,0,85.10882016036655,,0.5576923076923077,0,0,5.0,16,0.7436898070759641,False,0.12728044123886395,,-0.016729031594767334,False,False,计算机应用,-44.29,-0.21282852191020626,32.0,34.432646048109966,1.0,0.0,34.43,Other
002249.SZ,002249,大洋电机,20080619,主板,550034950.4499999,4.453870625662781,电机,未知,801731.SI,630000,9.85,22.4322,22.1352,2.5129,5.1621,2428767.4083,1834006.4547,917637584.4000001,True,0,0,False,False,10.25,-0.6054490413723523,-7.075471698113212,-3.9024390243902474,False,4.453870625662781,-3.057119871279157,5.3,13.19,295280159.39,98.764,,,2492848894.62,32.5581,2.9878,0,2428767.4083,917637584.4000001,1.0,1.5,PASS,False,0.9661016949152542,5.3,13.19,-5.324999999999999,2.65,,22.4322,2.5129,2.9878,4.232490566037736,176.7947,10.0,0.0,9.85,10.25,0,65.922107674685,,0.4,0,1,55.0,4,-1.5446631193498321,False,-0.6054490413723523,,0.019890085149082817,False,False,电机,2.65,-0.5172612538309206,22.0,51.6766323024055,1.0,0.0,61.68,Tier1
002246.SZ,002246,北化股份,20080605,主板,673938032.1499999,-14.79111780203236,化学纤维,未知,801032.SI,220000,22.64,47.2587,40.6432,3.9733,8.332,1243014.7736,1243014.7736,887947653.1999999,False,1,1,False,False,27.68,1.20697362539115,12.357320099255586,-18.20809248554913,False,-14.79111780203236,-3.057119871279157,199.53,386.03,71027968.24,98.2132,,,548975188.49,-131.9832,2.3392,0,1243014.7736,887947653.1999999,1.0,1.5,PASS,False,0.6610169491525424,199.53,386.03,33.59,199.53,ESP-Q,47.2587,3.9733,2.3392,0.2368500977296647,122.71699000000001,0.0,0.0,22.64,27.68,0,84.87972508591065,,0.2,0,0,5.0,4,-6.6985477310992145,False,1.20697362539115,,0.0011290079613699927,False,False,化学纤维,199.53,0.4558844119532979,50.0,37.9639175257732,0.7,0.0,26.57,Other
002243.SZ,002243,力合科创,20080528,主板,154244968.8,-4.231625835189323,包装印刷,未知,801141.SI,360000,8.6,58.8717,59.1329,1.4275,1.8612,1041119.6283,1035562.3694,194722143.4,True,0,0,False,False,9.28,-3.6954087346024678,-21.100917431192666,-7.3275862068965525,False,-4.231625835189323,-3.057119871279157,6.68,-187.11,-25433389.98,,,,-161581592.1,,-0.2941,0,1041119.6283,194722143.4,1.0,1.5,PASS,False,0.9152542372881356,6.68,-187.11,0.78,6.68,ESP-Q,58.8717,1.4275,-0.2941,8.81312874251497,151.91444,0.0,0.0,8.6,9.28,0,68.38487972508591,,0.5789473684210527,0,0,5.0,6,0.17804699553614078,False,-3.6954087346024678,,-0.0042353170522879515,False,False,包装印刷,6.68,-0.19533222816524604,32.0,29.41546391752577,0.7,0.0,20.59,Other
002236.SZ,002236,大华股份,20080520,主板,778678223.6499999,-5.129589632829368,计算机应用,未知,801222.SI,710000,17.57,14.8891,14.7194,1.507,1.8451,5744093.464,4201210.0775,721644573.6,False,0,0,False,False,18.86,0.40000000000000036,-7.135306553911214,-6.839872746553544,False,-5.129589632829368,-3.057119871279157,16.93,16.28,588773138.13,84.378,,,7670732067.6,-104.9348,1.8318,0,5744093.464,721644573.6,1.0,1.5,PASS,False,0.7627118644067796,16.93,16.28,-4.9399999999999995,26.809999999999995,ESP-Q,14.8891,1.507,1.8318,0.8794506792675724,143.4918742857143,10.0,0.0,17.57,18.86,0,92.55441008018327,,0.4423076923076923,0,0,5.0,16,-1.1468674354294999,False,0.40000000000000036,,0.0008348708400157597,False,False,计算机应用,26.809999999999995,0.08728600246462426,50.0,40.266323024054984,0.7,0.0,38.19,Other
002265.SZ,002265,建设工业,20080806,主板,283540109.5,-1.7497812773403232,汽车零部件,未知,801093.SI,280000,22.46,99.7071,99.6747,5.95,1.1563,2320208.7541,2320208.7541,225972825.79999998,True,0,0,False,False,26.3,-2.8126352228472484,-8.662057747051644,-14.600760456273765,False,-1.7497812773403232,-3.057119871279157,-7.8,10.23,25154965.94,72.9408,,,264004386.97,-426.6085,0.8885,0,2320208.7541,225972825.79999998,1.0,1.5,PASS,False,0.5932203389830508,-7.8,10.23,-7.975999999999999,-3.9,ESP-Q,99.7071,5.95,0.8885,,74.48131470588235,0.0,0.0,22.46,26.3,0,54.29553264604811,,0.4189189189189189,0,0,5.0,23,-2.8879307049634373,False,-2.8126352228472484,,-0.014471296639012027,False,False,汽车零部件,-3.9,0.0556248712756365,50.0,28.788659793814432,0.7,0.0,20.15,Other
002240.SZ,002240,盛新锂能,20080523,主板,3267067593.15,1.093911248709989,家用轻工,未知,801142.SI,360000,48.98,,,4.1768,6.2861,4483109.3851,4471426.9204,2911243204.7999997,True,2,0,False,False,63.13,-4.073638856247563,25.076608784473954,-22.414066212577232,False,1.093911248709989,-3.057119871279157,409.93,9.48,622318509.18,134.1101,,,-1919767815.0700002,-108.4561,4.423,1,4483109.3851,2911243204.7999997,1.0,1.5,PASS,False,0.6271186440677966,409.93,9.48,-14.92,439.77000000000004,ESP-Q,,4.1768,4.423,,179.96904166666664,0.0,0.0,48.98,63.13,10,65.922107674685,,0.3888888888888889,0,1,55.0,6,-4.331120646586817,False,-4.073638856247563,,-0.022371669257999455,False,False,家用轻工,439.77000000000004,0.5852880910905152,50.0,57.2766323024055,0.7,10.0,30.09,Other
002239.SZ,002239,奥特佳,20080522,主板,186000936.95,-10.163934426229492,服装家纺,未知,801132.SI,350000,2.74,49.4047,50.7726,1.5368,2.2931,963123.4024,734968.1826,157219838.00000003,False,0,0,False,False,3.07,-2.8368794326240954,-14.10658307210031,-10.749185667752437,False,-10.163934426229492,-3.057119871279157,-18.02,49.44,36130379.7,87.1822,,,387990349.88,266.0429,0.7207,0,963123.4024,157219838.00000003,1.0,1.5,PASS,False,0.11864406779661017,-18.02,49.44,17.065,-35.085,,49.4047,1.5368,0.7207,,85.02447272727274,0.0,0.0,2.74,3.07,0,97.13631156930126,,0.1875,0,0,5.0,5,-12.262096575101587,False,-2.8368794326240954,,-0.01200217402573532,False,False,服装家纺,-35.085,-0.7995044181092236,22.0,36.04089347079037,1.0,0.0,36.04,Other
002242.SZ,002242,九阳股份,20080528,主板,293821874.45,-7.577174929840957,白色家电,未知,801111.SI,330000,9.88,64.0789,76.1432,2.2376,2.0469,753860.796,752545.4963,141278718.99999997,True,1,0,False,False,12.55,-7.317073170731703,-4.999999999999993,-21.27490039840637,False,-7.577174929840957,-3.057119871279157,-23.87,78.41,81085913.91,97.8729,,,672145963.74,-140.4694,2.3956,0,753860.796,141278718.99999997,1.0,1.5,PASS,False,0.23728813559322035,-23.87,78.41,-17.555,-11.935,ESP-Q,64.0789,2.2376,2.3956,,53.917895,0.0,0.0,9.88,12.55,0,65.922107674685,,0.25,0,0,5.0,8,-9.749084031385646,False,-7.317073170731703,,-0.03474811567543709,False,False,白色家电,-11.935,-0.1944218681573056,32.0,28.6766323024055,0.7,0.0,20.07,Other
002241.SZ,002241,歌尔股份,20080522,主板,2697194150.9500003,1.505901505901508,电子制造,未知,801085.SI,270000,24.94,22.4681,22.2751,2.3687,5.2857,8853129.1458,7837627.583,3178793373.7999997,True,0,0,False,False,26.24,-1.5396762731938352,-4.663608562691124,-4.954268292682917,False,1.505901505901508,-3.057119871279157,19.57,-38.17,349464356.39,69.4762,,,4929701920.46,-100.9051,1.3635,0,8853129.1458,3178793373.7999997,1.0,1.5,PASS,False,0.5084745762711864,19.57,-38.17,-24.905,9.785,ESP-Q,22.4681,2.3687,1.3635,1.1480889115993869,72.22433125,0.0,0.0,24.94,26.24,0,71.70675830469645,,0.3888888888888889,0,1,55.0,11,-3.161055029712478,False,-1.5396762731938352,,-0.004867305925363685,False,False,电子制造,9.785,-0.2904550911378992,32.0,55.412027491408935,0.7,0.0,38.79,Other
002248.SZ,002248,华东数控,20080612,主板,223544488.40000007,-1.85483870967742,通用机械,未知,801072.SI,640000,12.17,110.8773,110.3382,32.6208,4.6878,374222.1452,374222.1452,173259657.59999996,True,0,0,False,False,14.05,-9.111277072442125,-13.195435092724672,-13.38078291814947,False,-1.85483870967742,-3.057119871279157,-1.94,560.28,7295860.89,89.7607,,,69965809.27,-100.1943,7.357,0,374222.1452,173259657.59999996,1.0,1.5,PASS,False,0.7796610169491526,-1.94,560.28,1.3,-3.24,ESP-Q,110.8773,32.6208,7.357,,114.34343529411765,0.0,0.0,12.17,14.05,0,86.5979381443299,,0.32558139534883723,0,0,5.0,13,-10.157193108686101,False,-9.111277072442125,,-0.03861729622363936,False,False,通用机械,-3.24,0.22195270916205517,50.0,38.47938144329897,0.7,0.0,26.94,Other
002263.SZ,002263,大东南,20080728,主板,747119393.1000001,-26.095617529880478,包装印刷,未知,801141.SI,360000,3.71,377.4512,384.4955,2.5087,4.3291,696871.5971,696866.0321,313338637.6,False,0,0,False,False,5.15,-5.837563451776651,9.763313609467449,-27.96116504854369,False,-26.095617529880478,-3.057119871279157,-95.29,0.7,116606.33,2.6989,,,25109123.55,-319.1824,0.1557,0,696871.5971,313338637.6,1.0,1.5,PASS,False,0.9152542372881356,-95.29,0.7,0.78,-96.07000000000001,ESP-Q,377.4512,2.5087,0.1557,,151.91444,0.0,0.0,3.71,5.15,0,91.17983963344788,,0.10526315789473684,0,0,5.0,6,-21.685944699155016,False,-5.837563451776651,,-0.036874420395417586,False,False,包装印刷,-96.07000000000001,-0.6669158140577096,22.0,34.253951890034365,0.7,0.0,23.98,Other
002274.SZ,002274,华昌化工,20080925,主板,179613608.55,-2.9126213592232997,化学制品,未知,801034.SI,220000,6.0,,,1.0827,3.9752,571418.7876,562709.478,182431443.4,False,0,0,False,False,7.06,-4.610492845786962,-2.280130293159599,-15.014164305949008,False,-2.9126213592232997,-3.057119871279157,85.37,-144.79,40147832.81,82.9083,,,-193954230.28,41.1712,0.9218,0,571418.7876,182431443.4,1.0,1.5,PASS,False,0.4406779661016949,85.37,-144.79,8.2371,85.37,ESP-Q,,1.0827,0.9218,,104.193015625,0.0,0.0,6.0,7.06,0,65.922107674685,,0.5394736842105263,0,0,5.0,23,2.790916330791571,False,-4.610492845786962,,0.011570482415697395,False,False,化学制品,85.37,0.06414255066667923,50.0,32.2766323024055,0.7,0.0,22.59,Other
002251.SZ,002251,步步高,20080619,主板,234843969.95,-13.882352941176467,一般零售,未知,801203.SI,450000,3.66,87.2281,89.2815,1.1583,2.6525,984064.0862,787804.7956,201322721.19999996,False,0,0,False,False,4.34,-3.6842105263157787,-25.609756097560975,-15.668202764976957,False,-13.882352941176467,-3.057119871279157,100.38,83.34,85099963.05,73.0791,,,-93986965.65,254.3571,1.3814,0,984064.0862,201322721.19999996,1.0,1.5,PASS,False,0.576271186440678,100.38,83.34,-2.645,105.66999999999999,ESP-Q,87.2281,1.1583,1.3814,0.8689788802550309,44.26595714285714,0.0,0.0,3.66,4.34,0,97.82359679266895,,0.3333333333333333,0,0,5.0,4,-3.25426665511565,False,-3.6842105263157787,,-0.028457490693798423,False,False,一般零售,105.66999999999999,1.7485030355549682,68.0,45.447079037800684,0.7,0.0,31.81,Other
002256.SZ,002256,兆新股份,20080625,主板,998667614.9000001,9.512195121951228,电力,未知,801161.SI,410000,4.49,215.1525,179.8865,7.0261,7.2807,916286.0301,904441.7698,643720888.5999999,False,2,1,False,False,5.75,-7.422680412371118,27.195467422096332,-21.913043478260864,False,9.512195121951228,-3.057119871279157,-121.46,49.79,-23896528.36,-222.8771,,,-100602322.87,-689.5599,0.8951,0,916286.0301,643720888.5999999,1.0,1.5,PASS,False,0.3050847457627119,-121.46,49.79,0.02,-121.47999999999999,ESP-Q,215.1525,7.0261,0.8951,,55.30460465116279,0.0,0.0,4.49,5.75,0,88.77434135166094,,0.8181818181818182,1,1,85.0,14,9.746847106929513,True,-7.422680412371118,,-0.020264436366546713,False,False,电力,-121.47999999999999,-1.6959025740204263,12.0,71.53230240549829,0.7,0.0,50.07,Tier2
002259.SZ,002259,升达林业,20080716,主板,267643196.89999998,-11.09185441941074,燃气,未知,801163.SI,410000,5.13,29.2746,19.5523,8.4233,3.8586,385944.401,385944.401,136403231.39999998,False,1,1,False,False,6.26,-4.6468401486988835,-8.064516129032262,-18.051118210862615,False,-11.09185441941074,-3.057119871279157,-118.96,-43.3,-3229169.48,-4.198,,,86954353.94,-9.9658,18.3527,0,385944.401,136403231.39999998,1.0,1.5,PASS,False,0.1864406779661017,-118.96,-43.3,-5.75,-59.48,ESP-Q,29.2746,8.4233,18.3527,,185.42465714285714,0.0,0.0,5.13,6.26,0,61.626575028636886,,0.5,0,0,5.0,3,-2.179165032054936,False,-4.6468401486988835,,-0.018179848087175057,False,False,燃气,-59.48,-1.1056653570521329,22.0,25.387972508591062,0.7,0.0,17.77,Other
002258.SZ,002258,利尔化学,20080708,主板,234913585.5,-15.845824411134913,化学制品,未知,801034.SI,220000,11.79,19.7114,21.4099,1.1787,3.8744,943715.4918,942196.0756,245203404.79999998,True,0,0,False,False,14.46,-4.457050243111837,-25.66204287515763,-18.464730290456444,False,-15.845824411134913,-3.057119871279157,-27.4,138.83,109064280.08,94.7886,,,1246375201.0,-211.5838,1.4477,1,943715.4918,245203404.79999998,1.0,1.5,PASS,False,0.4406779661016949,-27.4,138.83,8.2371,-35.6371,ESP-Q,19.7114,1.1787,1.4477,,104.193015625,0.0,0.0,11.79,14.46,10,65.922107674685,,0.11842105263157894,0,0,5.0,23,-10.142286721120042,False,-4.457050243111837,,0.017920101518979693,False,False,化学制品,-35.6371,-0.1999065681107261,32.0,28.6766323024055,0.7,10.0,10.07,Other
002250.SZ,002250,联化科技,20080619,主板,322922686.7,-13.677264547090584,化学制品,未知,801034.SI,220000,14.39,35.7767,31.2683,1.8946,2.5415,1294917.5593,1287870.1129,254618531.00000003,False,0,0,False,False,17.66,-6.740116655865192,-18.746470920383963,-18.51642129105322,False,-13.677264547090584,-3.057119871279157,105.66,194.36,98277194.26,96.4427,,,963433736.1800001,-35.5803,1.5039,0,1294917.5593,254618531.00000003,1.0,1.5,PASS,False,0.4406779661016949,105.66,194.36,8.2371,105.66,ESP-Q,35.7767,1.8946,1.5039,0.33860212000757145,104.193015625,0.0,0.0,14.39,17.66,0,65.922107674685,,0.25,0,0,5.0,23,-7.973726857075713,False,-6.740116655865192,,-0.05874250393323689,False,False,化学制品,105.66,0.10841728016596938,50.0,32.2766323024055,0.7,0.0,22.59,Other
002268.SZ,002268,电科网安,20080811,主板,165048836.45,-9.867629362214203,计算机应用,未知,801222.SI,710000,14.98,219.7517,346.9518,2.3043,1.3964,1266762.8523,1266191.2155,174523954.6,True,0,0,False,False,16.81,-0.3989361702127603,-26.460481099656363,-10.886377156454486,False,-9.867629362214203,-3.057119871279157,-13.69,-67.64,-161370642.76,,,,-546390673.75,,-2.7948,0,1266762.8523,174523954.6,1.0,1.5,PASS,False,0.7627118644067796,-13.69,-67.64,-4.9399999999999995,-6.845,,219.7517,2.3043,-2.7948,,143.4918742857143,0.0,0.0,14.98,16.81,0,75.02863688430699,,0.2692307692307692,0,0,5.0,16,-5.884907164814335,False,-0.3989361702127603,,-0.012428321450629403,False,False,计算机应用,-6.845,-0.054772426759495584,32.0,31.4085910652921,1.0,0.0,31.41,Other
002270.SZ,002270,华明装备,20080905,主板,640626050.4,-15.585851142225504,通用机械,未知,801072.SI,640000,22.91,28.9298,29.2727,6.9999,3.0358,2053252.4624,2053219.5591,523518604.1999999,False,0,0,False,False,29.26,-4.858803986710958,-32.27904227017439,-21.70198222829802,False,-15.585851142225504,-3.057119871279157,-9.51,15.27,143098725.96,87.7763,,,1741430445.88,55.4491,5.2055,0,2053252.4624,523518604.1999999,1.0,1.5,PASS,False,0.7796610169491526,-9.51,15.27,1.3,-10.81,,28.9298,6.9999,5.2055,,114.34343529411765,10.0,0.0,22.91,29.26,0,88.88888888888889,,0.06976744186046512,0,0,5.0,13,-23.888205541234186,False,-4.858803986710958,,-0.02995586192864182,False,False,通用机械,-10.81,0.20174337998669875,50.0,39.166666666666664,1.0,0.0,49.17,Other
002272.SZ,002272,川润股份,20080919,主板,1267684890.05,16.14071391619245,通用机械,未知,801072.SI,640000,22.45,,,7.4603,38.4007,1088549.5385,916258.805,1712377476.6,False,4,3,False,True,24.94,19.797225186766276,32.68321513002361,-9.98396150761829,False,16.14071391619245,-3.057119871279157,-30.6,64.39,-35843718.14,,,,-129535532.03,,-2.094,0,1088549.5385,1712377476.6,1.0,1.5,PASS,False,0.7796610169491526,-30.6,64.39,1.3,-31.900000000000002,,,7.4603,-2.094,,114.34343529411765,0.0,0.0,22.45,24.94,0,90.37800687285224,CHASE,0.7441860465116279,1,1,75.0,13,7.838359517183768,True,19.797225186766276,突破型|OVERHEAT,0.04044823738803474,True,True,通用机械,-31.900000000000002,0.1454402422973637,50.0,74.61340206185567,1.0,0.0,74.61,Tier2
002396.SZ,002396,星网锐捷,20100623,主板,1008588111.1499999,14.083983649201027,通信设备,未知,801102.SI,730000,30.7,43.9778,44.5106,2.5616,6.1628,1798083.9509,1790670.4535,1082122889.2,False,1,1,False,False,33.79,-1.7914267434421038,3.78634212305613,-9.144717372003552,False,14.083983649201027,-3.057119871279157,-69.36,-8.12,9042531.11,24.2899,,,526477314.22,-1873.063,0.5321,0,1798083.9509,1082122889.2,1.0,1.5,PASS,False,0.9830508474576272,-69.36,-8.12,4.779999999999999,-74.14,ESP-Q,43.9778,2.5616,0.5321,,182.74448076923076,0.0,0.0,30.7,33.79,0,65.922107674685,,0.775,1,1,75.0,13,14.911730691618859,True,-1.7914267434421038,,0.013826507264807978,False,False,通信设备,-74.14,-0.45836295297877033,32.0,63.6766323024055,0.7,0.0,44.57,Other
601788.SH,601788,光大证券,20090818,主板,517706233.35,-3.7279267495094692,证券,未知,801193.SI,490000,14.72,18.2243,16.6713,1.0913,1.4366,6787079.4046,5750660.691,479532050.4,False,0,0,False,False,15.71,-1.538461538461533,-11.856287425149691,-6.301718650541055,False,-3.7279267495094692,-3.057119871279157,50.07,18.24,1030974323.67,88.4064,,,8672684481.17,-19.2236,1.5854,0,6787079.4046,479532050.4,1.0,1.5,PASS,False,0.03389830508474576,50.07,18.24,31.015,50.07,ESP-Q,18.2243,1.0913,1.5854,0.36397643299380866,30.001145454545455,0.0,0.0,14.72,15.71,0,71.8213058419244,,0.29545454545454547,0,0,5.0,14,-1.84411912392351,False,-1.538461538461533,,-0.0027274505900606546,False,False,证券,50.07,0.5470831136194176,50.0,34.04639175257732,0.7,0.0,23.83,Other
002276.SZ,002276,万马股份,20090710,主板,322585281.25,-11.172413793103441,高低压设备,未知,801734.SI,630000,12.88,37.517,39.6404,2.1263,2.3988,1302265.1744,1297132.752,258560420.60000002,True,0,0,False,False,14.77,-3.808812546676621,-26.315789473684205,-12.796208530805675,False,-11.172413793103441,-3.057119871279157,-36.71,-2.47,38372667.99,60.6845,,,910618397.5799999,-632.817,1.0308,0,1302265.1744,258560420.60000002,1.0,1.5,PASS,False,0.4745762711864407,-36.71,-2.47,10.365,-47.075,ESP-Q,37.517,2.1263,1.0308,,142.6951,0.0,0.0,12.88,14.77,0,65.922107674685,,0.3225806451612903,0,0,5.0,10,-5.693786460171468,False,-3.808812546676621,,-0.02645482038938363,False,False,高低压设备,-47.075,-0.4159163837486716,32.0,28.6766323024055,0.7,0.0,20.07,Other
002284.SZ,002284,亚太股份,20090828,主板,303336573.50000006,-5.8950395398993605,汽车零部件,未知,801093.SI,280000,13.09,19.7393,18.1844,2.7597,6.1669,967482.3555,956734.2874,298399307.4,True,0,0,False,False,14.52,1.0810810810810922,-20.18292682926829,-9.848484848484851,False,-5.8950395398993605,-3.057119871279157,33.21,129.02,128562556.14,90.4744,,,1044498722.88,-167.6968,4.1368,0,967482.3555,298399307.4,1.0,1.5,PASS,False,0.5932203389830508,33.21,129.02,-7.975999999999999,49.162,ESP-Q,19.7393,2.7597,4.1368,0.5943781993375489,74.48131470588235,10.0,0.0,13.09,14.52,0,91.86712485681558,,0.3108108108108108,0,0,5.0,23,-7.033188967522475,False,1.0810810810810922,,-0.01473960936109246,False,False,汽车零部件,49.162,0.25742977719047133,50.0,40.060137457044675,0.7,0.0,38.04,Other
002283.SZ,002283,天润工业,20090821,主板,575595272.0,6.394810009267848,汽车零部件,未知,801093.SI,280000,11.48,35.5641,31.5369,2.1808,4.5738,1308096.8403,1151244.8553,638312955.8,True,2,1,False,False,13.24,-7.119741100323617,25.46448087431694,-13.293051359516618,False,6.394810009267848,-3.057119871279157,33.2,12.08,119950557.26,82.4702,,,914255723.64,26.6266,2.3565,0,1308096.8403,638312955.8,1.0,1.5,PASS,False,0.5932203389830508,33.2,12.08,-7.975999999999999,49.152,,35.5641,2.1808,2.3565,1.0712078313253013,74.48131470588235,0.0,0.0,11.48,13.24,0,91.63802978235968,,0.7027027027027027,1,1,100.0,23,5.256660581644734,True,-7.119741100323617,,-0.0006542245153780238,False,False,汽车零部件,49.152,0.2573917452832845,50.0,87.4914089347079,1.0,0.0,87.49,Tier1
002277.SZ,002277,友阿股份,20090717,主板,218184474.74999997,11.764705882352944,一般零售,未知,801203.SI,450000,6.65,,,1.4502,5.1221,927124.912,927124.912,372372877.8,True,1,1,False,False,6.99,1.6819571865443583,-5.940594059405935,-4.864091559370531,False,11.764705882352944,-3.057119871279157,13.07,-12799.52,38973842.06,91.9363,,,-222720512.29999998,183.8964,0.6667,0,927124.912,372372877.8,1.0,1.5,PASS,False,0.576271186440678,13.07,-12799.52,-2.645,18.36,ESP-Q,,1.4502,0.6667,,44.26595714285714,0.0,0.0,6.65,6.99,0,74.45589919816724,,0.9166666666666666,1,1,100.0,4,22.392792168413763,True,1.6819571865443583,,0.00756644811422486,False,False,一般零售,18.36,0.10641917150479765,50.0,82.33676975945018,0.7,0.0,57.64,Tier1
002278.SZ,002278,神开股份,20090811,主板,177643605.54999998,-18.056749785038704,专用设备,未知,801074.SI,640000,9.53,66.2366,104.9784,2.6338,3.2593,370352.872,317113.4622,91156227.4,False,0,0,False,False,12.69,-8.011583011583012,-28.614232209737832,-24.901497241922776,False,-18.056749785038704,-3.057119871279157,-126.04,137.37,-4139238.0,,,,100941859.96000001,-7704.1498,-0.1537,0,370352.872,91156227.4,1.0,1.5,PASS,False,0.6440677966101694,-126.04,137.37,-10.094999999999999,-63.02,ESP-Q,66.2366,2.6338,-0.1537,,147.6403775510204,0.0,0.0,9.53,12.69,0,38.60252004581902,CAT-0,0.09259259259259259,0,0,5.0,17,-18.855253758858247,False,-8.011583011583012,,-0.031102420294823442,False,False,专用设备,-63.02,-0.43698468684489317,32.0,20.480756013745705,0.35,0.0,7.17,Other
002285.SZ,002285,世联行,20090828,主板,172819436.45000002,-8.16993464052288,房地产开发,未知,801181.SI,430000,2.81,,,2.5571,3.9684,559984.9597,555042.0047,141681865.99999997,False,0,0,False,False,3.37,-9.646302250803851,-0.7067137809187329,-16.617210682492576,False,-8.16993464052288,-3.057119871279157,14.92,-138.01,-14208203.85,,,,-737283061.05,-1632.64,-0.1842,0,559984.9597,141681865.99999997,1.0,1.5,PASS,False,0.847457627118644,14.92,-138.01,-7.28,29.48,ESP-Q,,2.5571,-0.1842,,87.53592727272726,0.0,0.0,2.81,3.37,0,65.922107674685,,0.3448275862068966,0,0,5.0,9,-4.323780794369026,False,-9.646302250803851,,-0.055560186431783606,False,False,房地产开发,29.48,-0.0994056631277198,32.0,28.6766323024055,0.7,0.0,20.07,Other
002281.SZ,002281,光迅科技,20090821,主板,13397266438.7,78.42187371705394,通信设备,未知,801102.SI,730000,217.3,185.2338,169.1887,16.952,11.535,17529064.091,16938508.3156,17534699588.399998,False,3,3,False,True,246.8,10.590869764364609,210.33990288489005,-11.952998379254453,False,78.42187371705394,-3.057119871279157,61.23,45.37,227777420.56,94.9343,,,2181628088.92,72.2302,2.3491,0,17529064.091,17534699588.399998,1.0,1.5,PASS,False,0.9830508474576272,61.23,45.37,4.779999999999999,61.23,,185.2338,16.952,2.3491,3.0252131308182264,182.74448076923076,0.0,0.0,217.3,246.8,0,75.02863688430699,CHASE,1.0,1,1,75.0,13,79.24962075947177,True,10.590869764364609,突破型|OVERHEAT,-0.022819963249122274,True,True,通信设备,61.23,-0.023506372125903768,32.0,66.4085910652921,1.0,0.0,66.41,Tier2
002291.SZ,002291,遥望科技,20090903,主板,268155122.05,-0.31347962382444194,服装家纺,未知,801132.SI,350000,6.36,,,1.999,6.0836,594742.9045,552763.6717,369630539.8,True,0,0,False,False,7.05,-6.470588235294105,-17.50972762645914,-9.787234042553184,False,-0.31347962382444194,-3.057119871279157,-5.73,36.72,-96370537.81,-42.3769,,,-1418104484.36,-8.658,7.9468,0,594742.9045,369630539.8,1.0,1.5,PASS,False,0.11864406779661017,-5.73,36.72,17.065,-22.795,ESP-Q,,1.999,7.9468,,85.02447272727274,0.0,0.0,6.36,7.05,0,65.922107674685,,0.5,0,1,55.0,5,-2.411641772696538,False,-6.470588235294105,,-0.0036574087287969013,False,False,服装家纺,-22.795,-0.707778942235752,22.0,51.6766323024055,0.7,0.0,36.17,Other
002292.SZ,002292,奥飞娱乐,20090910,主板,263674471.25,-4.305043050430513,文化传媒,未知,801761.SI,720000,7.78,160.0601,148.4593,3.8692,3.4102,1150428.3643,791901.6129,322109898.6,True,0,0,False,False,8.39,-0.8917197452229186,-19.042663891779387,-7.270560190703224,False,-4.305043050430513,-3.057119871279157,-21.48,119.07,36107840.85,65.989,,,170703935.1,-51.351,1.8487,0,1150428.3643,322109898.6,1.0,1.5,PASS,False,0.864406779661017,-21.48,119.07,-15.175,-10.74,ESP-Q,160.0601,3.8692,1.8487,,118.69075000000001,0.0,0.0,7.78,8.39,0,65.922107674685,,0.4375,0,0,5.0,5,-3.102587331003509,False,-0.8917197452229186,,-0.012866509225577975,False,False,文化传媒,-10.74,-0.13258251335961044,32.0,28.6766323024055,0.7,0.0,20.07,Other
002293.SZ,002293,罗莱生活,20090910,主板,152160574.50000003,4.509803921568634,服装家纺,未知,801132.SI,350000,10.66,17.0984,16.0338,2.0477,0.81,888876.0847,881137.5516,108068920.8,True,0,0,False,False,11.66,-8.024158757549603,2.895752895752901,-8.576329331046317,False,4.509803921568634,-3.057119871279157,29.31,14.27,137256212.59,93.0208,,,1049556213.17,-34.3396,3.4554,0,888876.0847,108068920.8,1.0,1.5,PASS,False,0.11864406779661017,29.31,14.27,17.065,29.31,ESP-Q,17.0984,2.0477,3.4554,0.5833640395769363,85.02447272727274,0.0,0.0,10.66,11.66,0,65.922107674685,,0.5625,0,1,55.0,5,2.411641772696538,False,-8.024158757549603,,0.013005773259714894,False,False,服装家纺,29.31,-0.318897256280728,32.0,53.6766323024055,0.7,0.0,37.57,Other
600999.SH,600999,招商证券,20091117,主板,1020668206.5999999,11.730769230769234,证券,未知,801193.SI,490000,17.43,12.2742,11.3864,1.2193,2.7129,15158046.2229,12936555.1891,1822400893.8000002,True,0,0,False,False,18.25,10.386320455984798,3.688280785246878,-4.493150684931512,False,11.730769230769234,-3.057119871279157,41.7,18.52,3268808625.57,99.9463,,,29606914149.35,515.5243,2.3418,0,15158046.2229,1822400893.8000002,1.0,1.5,PASS,False,0.03389830508474576,41.7,18.52,31.015,10.685000000000002,,12.2742,1.2193,2.3418,0.2943453237410072,30.001145454545455,10.0,0.0,17.43,18.25,0,71.8213058419244,,0.9545454545454546,1,1,100.0,14,13.614576856355193,True,10.386320455984798,OVERHEAT,-0.001918864295550252,False,True,证券,10.685000000000002,0.015617890121208108,50.0,81.54639175257732,1.0,0.0,91.55,Tier2
601126.SH,601126,四方股份,20101231,主板,2241684724.3999996,63.66733466933869,电气自动化设备,未知,801732.SI,630000,81.67,82.0774,79.2874,13.1606,3.5467,6803972.6185,6738472.4618,2714223704.0,True,2,2,False,False,88.88,6.744216442295126,97.27053140096619,-8.112061206120602,False,63.66733466933869,-3.057119871279157,13.0,14.64,263907214.93,97.5031,,,2204272703.63,4.6124,5.3782,0,6803972.6185,2714223704.0,1.0,1.5,PASS,False,0.4067796610169492,13.0,14.64,-25.5,6.5,,82.0774,13.1606,5.3782,6.313646153846154,54.13474375,0.0,0.0,81.67,88.88,0,65.922107674685,,1.0,1,1,100.0,6,64.54653956230506,True,6.744216442295126,,-0.00544931504890079,True,False,电气自动化设备,6.5,0.004403425152834618,50.0,79.7766323024055,1.0,0.0,79.78,Tier2
002467.SZ,002467,二六三,20100908,主板,631493271.6000001,-11.950549450549453,通信运营,未知,801223.SI,730000,6.41,,,5.6395,4.2975,881613.3706,876124.3799,375418424.20000005,True,0,0,False,False,7.57,-4.896142433234418,-14.8738379814077,-15.323645970937916,False,-11.950549450549453,-3.057119871279157,-90.77,-610.21,1298679.26,,,,-219390332.35999998,,-0.7737,0,881613.3706,375418424.20000005,1.0,1.5,PASS,False,0.05084745762711865,-90.77,-610.21,-21.39,-45.385,,,5.6395,-0.7737,,128.04296,0.0,0.0,6.41,7.57,0,65.922107674685,,0.2857142857142857,0,0,5.0,3,-9.590034429090222,False,-4.896142433234418,,-0.026208329031466863,False,False,通信运营,-45.385,0.3204582633940103,50.0,32.2766323024055,1.0,0.0,32.28,Other
002446.SZ,002446,盛路通信,20100713,主板,482960738.6000001,-4.360189573459728,通信设备,未知,801102.SI,730000,10.09,132.653,132.7837,3.6288,5.0895,923654.4655,855407.2917,455274212.4,True,0,0,False,False,11.35,-2.6061776061776065,-8.439201451905621,-11.10132158590308,False,-4.360189573459728,-3.057119871279157,-10.54,105.92,17325435.11,69.2777,,,176717366.61,-164.8033,0.9856,0,923654.4655,455274212.4,1.0,1.5,PASS,False,0.9830508474576272,-10.54,105.92,4.779999999999999,-15.319999999999999,ESP-Q,132.653,3.6288,0.9856,,182.74448076923076,0.0,0.0,10.09,11.35,0,89.46162657502865,,0.375,0,0,5.0,13,-3.5324425310418963,False,-2.6061776061776065,,-0.004565029162645273,False,False,通信设备,-15.319999999999999,-0.26941219516119175,32.0,35.738487972508594,0.7,0.0,25.02,Other
002448.SZ,002448,中原内配,20100716,主板,493450669.3,-8.311345646437996,汽车零部件,未知,801093.SI,280000,13.9,19.9805,16.4684,2.0788,2.976,817889.4079,806908.2161,303367975.00000006,True,1,0,False,False,17.52,-8.007941760423554,-13.449564134495628,-20.662100456621,False,-8.311345646437996,-3.057119871279157,16.55,107.0,126385741.7,63.7434,,,1069611831.47,-67.7208,5.151,0,817889.4079,303367975.00000006,1.0,1.5,PASS,False,0.5932203389830508,16.55,107.0,-7.975999999999999,32.501999999999995,ESP-Q,19.9805,2.0788,5.151,1.2072809667673714,74.48131470588235,10.0,0.0,13.9,17.52,0,87.0561282932417,,0.22972972972972974,0,0,5.0,23,-9.44949507406111,False,-8.007941760423554,,-0.032729029849194055,False,False,汽车零部件,32.501999999999995,0.19406861981718818,50.0,38.61683848797251,0.7,0.0,37.03,Other
002438.SZ,002438,江苏神通,20100623,主板,152158451.85000002,-0.9163103237629922,金属制品,未知,801075.SI,640000,16.22,28.8437,29.255,2.1629,2.3157,823225.7617,760524.4419,145721809.6,False,0,0,False,False,17.75,-3.6817102137767233,-11.269146608315106,-8.61971830985916,False,-0.9163103237629922,-3.057119871279157,-11.41,-1.18,79826637.84,93.3758,,,710593650.24,-11.6155,2.2716,0,823225.7617,145721809.6,1.0,1.5,PASS,False,0.5423728813559322,-11.41,-1.18,-11.295,-5.705,ESP-Q,28.8437,2.1629,2.2716,,68.8756909090909,0.0,0.0,16.22,17.75,0,92.32531500572738,,0.6363636363636364,0,0,5.0,4,5.5826414582076485,True,-3.6817102137767233,,-0.022210676631041024,False,False,金属制品,-5.705,0.13270785764051063,50.0,40.197594501718214,0.7,0.0,28.14,Other
002298.SZ,002298,中电鑫龙,20090929,主板,683138272.15,3.9292730844793677,高低压设备,未知,801734.SI,630000,10.58,,,4.1966,11.9867,783037.3333,699080.8922,968553095.4,True,1,0,False,False,12.01,-6.701940035273369,-0.09442870632672129,-11.906744379683598,False,3.9292730844793677,-3.057119871279157,-38.42,54.36,24765600.01,57.6641,,,-663235936.0500001,-57.8764,2.3295,0,783037.3333,968553095.4,1.0,1.5,PASS,False,0.4745762711864407,-38.42,54.36,10.365,-48.785000000000004,ESP-Q,,4.1966,2.3295,,142.6951,0.0,0.0,10.58,12.01,0,69.3012600229095,,0.6774193548387096,0,1,55.0,10,9.40790041741134,True,-6.701940035273369,,-0.01733120277382008,False,False,高低压设备,-48.785000000000004,-0.42899195732439305,32.0,54.69037800687285,0.7,0.0,38.28,Other
002301.SZ,002301,齐心集团,20091021,主板,216034976.09999993,24.700598802395213,家用轻工,未知,801142.SI,360000,8.33,74.4946,80.6424,1.9251,4.2931,600849.5082,598085.8558,326442230.4,True,1,0,False,False,8.74,1.833740831295838,9.317585301837262,-4.691075514874143,False,24.700598802395213,-3.057119871279157,-9.81,27.89,39693551.56,92.9225,,,329726482.37,-47.3701,1.3767,0,600849.5082,326442230.4,1.0,1.5,PASS,False,0.6271186440677966,-9.81,27.89,-14.92,-4.905,ESP-Q,74.4946,1.9251,1.3767,,179.96904166666664,0.0,0.0,8.33,8.74,0,65.922107674685,,0.8888888888888888,1,1,100.0,6,19.27556690709841,True,1.833740831295838,,-0.0035873116048741422,True,False,家用轻工,-4.905,-0.3543516606949289,32.0,76.1766323024055,0.7,0.0,53.32,Tier2
002489.SZ,002489,浙江永强,20101021,主板,260617298.45000002,17.804154302670618,家用轻工,未知,801142.SI,360000,3.97,18.5136,34.645,1.8739,3.3413,861099.4763,759469.5117,421055213.4,True,0,0,False,False,4.21,-0.9975062344139585,9.366391184573008,-5.700712589073631,False,17.804154302670618,-3.057119871279157,-16.57,14.19,209147082.18,134.9348,,,924142646.69,185.1048,3.4215,1,861099.4763,421055213.4,1.0,1.5,PASS,False,0.6271186440677966,-16.57,14.19,-14.92,-8.285,,18.5136,1.8739,3.4215,,179.96904166666664,10.0,0.0,3.97,4.21,10,65.922107674685,,0.7777777777777778,1,1,100.0,6,12.379122407373812,True,-0.9975062344139585,,0.04432648684465994,True,False,家用轻工,-8.285,-0.3614939159623372,32.0,76.1766323024055,1.0,10.0,76.18,Tier2
002304.SZ,002304,洋河股份,20091106,主板,279763801.75,-10.31570480595213,饮料制造,未知,801123.SI,340000,44.6,30.4559,66.1613,1.3645,0.4237,6718745.03,6718586.477,269070451.0,False,0,0,False,False,50.5,-2.9379760609357986,-17.514333271684844,-11.683168316831683,False,-10.31570480595213,-3.057119871279157,-32.88,-68.77,2427861532.48,99.2361,,,12551052873.75,58.9585,5.0949,0,6718745.03,269070451.0,1.0,1.5,PASS,False,0.2711864406779661,-32.88,-68.77,2.46,-35.34,,30.4559,1.3645,5.0949,,41.77951363636364,0.0,0.0,44.6,50.5,0,65.922107674685,,0.16,0,0,5.0,8,-8.189720553983626,False,-2.9379760609357986,,-0.03781860706671405,False,False,饮料制造,-35.34,-0.27500137548285614,32.0,28.6766323024055,1.0,0.0,28.68,Other
002350.SZ,002350,北京科锐,20100203,主板,484110709.24999994,13.760806916426493,高低压设备,未知,801734.SI,630000,15.79,157.0634,426.6519,4.7801,4.7204,856341.2032,837738.5621,426067370.6,True,1,0,False,False,17.88,-3.6019536019536003,62.44855967078187,-11.68903803131991,False,13.760806916426493,-3.057119871279157,-341.09,14.28,-23843316.78,,,,60096315.82,,-1.331,0,856341.2032,426067370.6,1.0,1.5,PASS,False,0.4745762711864407,-341.09,14.28,10.365,-351.455,,157.0634,4.7801,-1.331,,142.6951,0.0,0.0,15.79,17.88,0,94.15807560137456,,0.8064516129032258,1,1,100.0,10,19.239434249358467,True,-3.6019536019536003,,-0.0074468270123572294,False,False,高低压设备,-351.455,-2.743368480227078,5.0,79.24742268041237,1.0,0.0,79.25,Tier2
601139.SH,601139,深圳燃气,20091225,主板,210868856.10000002,-6.733524355300869,燃气,未知,801163.SI,410000,6.51,13.301,12.9881,1.1349,1.1146,1872759.7594,1872759.7594,231070815.6,False,0,0,False,False,7.15,-0.3062787136294043,-3.268945022288272,-8.951048951048957,False,-6.733524355300869,-3.057119871279157,13.45,2.87,259727073.62,97.289,,,3212360065.76,21.8675,1.6074,0,1872759.7594,231070815.6,1.0,1.5,PASS,False,0.1864406779661017,13.45,2.87,-5.75,24.95,ESP-Q,13.301,1.1349,1.6074,0.9889219330855019,185.42465714285714,0.0,0.0,6.51,7.15,0,67.92668957617411,,0.625,0,0,5.0,3,2.179165032054936,False,-0.3062787136294043,,0.0049309557996115635,False,False,燃气,24.95,0.8422990875388543,50.0,32.87800687285223,0.7,0.0,23.01,Other
002312.SZ,002312,川发龙蟒,20091203,主板,398389559.8,-15.75757575757576,计算机应用,未知,801222.SI,710000,9.73,44.3653,45.7603,1.8937,1.4156,1836741.0944,1832956.0797,263290745.80000004,True,0,0,False,False,11.76,-5.71705426356589,-16.120689655172406,-17.261904761904756,False,-15.75757575757576,-3.057119871279157,2.45,-16.95,106019724.86,116.9687,,,1212585070.2,-120.9266,0.9387,0,1836741.0944,263290745.80000004,1.0,1.5,PASS,False,0.7627118644067796,2.45,-16.95,-4.9399999999999995,1.225,ESP-Q,44.3653,1.8937,0.9387,18.108285714285714,143.4918742857143,10.0,0.0,9.73,11.76,0,76.51775486827033,,0.09615384615384616,0,0,5.0,16,-11.774853560175892,False,-5.71705426356589,,-0.03233319427285551,False,False,计算机应用,1.225,-0.02070879508994731,32.0,31.855326460481102,0.7,0.0,32.3,Other
601618.SH,601618,中国中冶,20090921,主板,285382124.0500001,-5.067567567567566,专业工程,未知,801724.SI,620000,2.81,44.0572,43.2231,0.5644,0.5345,5823336.9868,5016585.9868,273196922.59999996,False,0,0,False,False,2.99,-2.768166089965396,-6.333333333333336,-6.020066889632114,False,-5.067567567567566,-3.057119871279157,-7.19,-91.17,1491341000.0,91.3413,,,7318856000.0,-1090.0091,1.0431,0,5823336.9868,273196922.59999996,1.0,1.5,PASS,False,0.5254237288135594,-7.19,-91.17,-11.64,-3.595,ESP-Q,44.0572,0.5644,1.0431,,85.53638666666667,0.0,0.0,2.81,2.99,0,62.77205040091638,,0.8,1,0,40.0,5,3.473357699336355,False,-2.768166089965396,,0.01857099727610439,False,False,专业工程,-3.595,-0.33011020130264135,32.0,45.23161512027491,0.7,0.0,31.66,Other
002313.SZ,002313,日海智能,20091203,主板,229767963.45000002,14.218009478673,通信设备,未知,801102.SI,730000,9.64,,,47.0629,3.372,360921.6,360896.2227,136753216.0,True,2,0,False,False,10.54,-3.1155778894472186,-3.599999999999992,-8.53889943074002,False,14.218009478673,-3.057119871279157,113.65,-70.55,3789290.03,38.4321,,,-311514757.99,-790.911,14.0864,0,360921.6,136753216.0,1.0,1.5,PASS,False,0.9830508474576272,113.65,-70.55,4.779999999999999,113.65,ESP-Q,,47.0629,14.0864,,182.74448076923076,0.0,0.0,9.64,10.54,0,65.922107674685,,0.8,1,1,100.0,13,15.045756521090832,True,-3.1155778894472186,,-0.024754737036539243,False,False,通信设备,113.65,0.14488530969656258,50.0,79.7766323024055,0.7,0.0,55.84,Tier1
601117.SH,601117,中国化学,20100107,主板,832374761.8000001,-8.060747663551403,专业工程,未知,801724.SI,620000,7.87,7.4671,7.328,0.6981,1.4034,4805946.2695,4791309.0139,650097968.6,False,0,0,False,False,8.7,-2.839506172839501,-5.294825511432011,-9.54022988505746,False,-8.060747663551403,-3.057119871279157,8.81,10.44,1536204097.09,98.0329,,,14643031786.35,-67.9271,2.3039,0,4805946.2695,650097968.6,1.0,1.5,PASS,False,0.5254237288135594,8.81,10.44,-11.64,4.405,ESP-Q,7.4671,0.6981,2.3039,0.8475709421112372,85.53638666666667,10.0,0.0,7.87,8.7,0,65.922107674685,,0.6666666666666666,0,0,5.0,5,0.4801776033525176,False,-2.839506172839501,,0.006483161100067378,False,False,专业工程,4.405,-0.24336939712401282,32.0,28.6766323024055,0.7,0.0,30.07,Other
002317.SZ,002317,众生药业,20091211,主板,1246619696.8,34.04136389044159,中药,未知,801155.SI,370000,23.98,73.911,69.5689,4.8991,8.2991,2038133.2838,1826358.5396,1583773200.3999999,True,2,1,False,False,25.3,11.742777260018645,26.543535620052783,-5.21739130434783,False,34.04136389044159,-3.057119871279157,30.9,207.97,102671532.63,102.8536,,,815886984.0600001,126.1561,2.4293,0,2038133.2838,1583773200.3999999,1.0,1.5,PASS,False,0.13559322033898305,30.9,207.97,7.69,30.9,,73.911,4.8991,2.4293,2.3919417475728157,165.87102631578946,0.0,0.0,23.98,25.3,0,76.05956471935853,CHASE,1.0,1,1,100.0,7,40.731835606284484,True,11.742777260018645,OVERHEAT,-0.001152740816379139,True,True,中药,30.9,0.448649632909863,50.0,82.81786941580756,1.0,0.0,82.82,Tier2
002474.SZ,002474,榕基软件,20100915,主板,310818505.45,8.469945355191255,计算机应用,未知,801222.SI,710000,7.94,,,3.7458,8.961,494026.8,419892.7327,467807804.1999999,True,1,1,False,False,8.55,-3.523693803159178,-11.284916201117312,-7.134502923976616,False,8.469945355191255,-3.057119871279157,25.16,14.44,-8774571.56,,,,-152236098.75,,-0.5889,0,494026.8,467807804.1999999,1.0,1.5,PASS,False,0.7627118644067796,25.16,14.44,-4.9399999999999995,35.04,,,3.7458,-0.5889,,143.4918742857143,0.0,0.0,7.94,8.55,0,65.922107674685,,0.8846153846153846,1,1,100.0,16,12.452667552591123,True,-3.523693803159178,,0.007489870680012809,False,False,计算机应用,35.04,0.12202499733951676,50.0,79.7766323024055,1.0,0.0,79.78,Tier1
002331.SZ,002331,皖通科技,20100106,主板,296780903.49999994,6.574394463667832,计算机应用,未知,801222.SI,710000,9.24,,,2.7426,5.571,395870.9361,365767.382,185470625.0,False,1,0,False,False,10.74,-4.049844236760125,0.10834236186347823,-13.966480446927376,False,6.574394463667832,-3.057119871279157,-86.01,-1966.88,-29820316.8,,,,-468484914.38,,-1.9881,0,395870.9361,185470625.0,1.0,1.5,PASS,False,0.7627118644067796,-86.01,-1966.88,-4.9399999999999995,-43.005,,,2.7426,-1.9881,,143.4918742857143,0.0,0.0,9.24,10.74,0,89.46162657502865,,0.8653846153846154,1,1,75.0,16,10.557116661067699,True,-4.049844236760125,,-0.03414896471748652,False,False,计算机应用,-43.005,-0.20740451116728564,32.0,70.7384879725086,1.0,0.0,70.74,Tier2
002328.SZ,002328,新朋股份,20091230,主板,866343709.5000001,-19.327731092436984,汽车零部件,未知,801093.SI,280000,9.6,52.6638,36.1138,2.1688,10.2406,740899.2,547959.5472,483668898.79999995,False,0,0,False,False,12.55,-5.3254437869822535,36.55761024182076,-23.50597609561754,False,-19.327731092436984,-3.057119871279157,-60.9,-41.46,9807403.27,9.3423,,,203000483.99,29.8486,3.1162,0,740899.2,483668898.79999995,1.0,1.5,PASS,False,0.5932203389830508,-60.9,-41.46,-7.975999999999999,-30.45,ESP-Q,52.6638,2.1688,3.1162,,74.48131470588235,0.0,0.0,9.6,12.55,0,90.60710194730814,,0.04054054054054054,0,0,5.0,23,-20.465880520060097,False,-5.3254437869822535,,-0.012336043555420204,False,False,汽车零部件,-30.45,-0.04534984230543591,32.0,36.08213058419244,0.7,0.0,25.26,Other
002320.SZ,002320,海峡股份,20091216,主板,168694652.50000003,-6.0426540284360115,航运,未知,801176.SI,420000,7.93,102.4007,100.7568,4.3955,1.033,1772987.8037,1772987.8037,175371637.39999998,False,0,0,False,False,8.72,-1.122194513715713,-25.399811853245534,-9.05963302752295,False,-6.0426540284360115,-3.057119871279157,5.42,-48.04,122267090.6,100.1475,,,388228849.14,125.7516,3.0073,0,1772987.8037,175371637.39999998,1.0,1.5,PASS,False,0.1016949152542373,5.42,-48.04,11.495000000000001,-6.075000000000001,|VAL-X,102.4007,4.3955,3.0073,18.893118081180813,29.364757142857144,0.0,15.0,7.93,8.72,0,74.68499427262314,,0.42857142857142855,0,0,5.0,3,-1.6470496328316093,False,-1.122194513715713,,-0.019212910455429347,False,False,航运,-6.075000000000001,-0.28969574759288313,32.0,31.305498281786946,1.0,15.0,16.31,Other
601877.SH,601877,正泰电器,20100121,主板,1139258054.6000001,-5.021565003080719,高低压设备,未知,801734.SI,630000,30.83,14.7182,14.3866,1.4563,2.391,6625271.353,6625271.353,1332040987.1999998,False,0,0,False,False,35.15,-4.195152268489755,-1.6586921850079817,-12.290184921763869,False,-5.021565003080719,-3.057119871279157,11.27,9.44,1209860721.94,95.4872,,,11573429841.26,177.5887,2.8157,0,6625271.353,1332040987.1999998,1.0,1.5,PASS,False,0.4745762711864407,11.27,9.44,10.365,0.9049999999999994,,14.7182,1.4563,2.8157,1.3059627329192547,142.6951,10.0,0.0,30.83,35.15,0,65.922107674685,,0.5483870967741935,0,0,5.0,10,0.4570623298512544,False,-4.195152268489755,,0.0033019178839089687,False,False,高低压设备,0.9049999999999994,-0.049035670202992106,32.0,28.6766323024055,1.0,0.0,38.68,Other
002324.SZ,002324,普利特,20091218,主板,594778576.0999999,-21.716287215411555,塑料,未知,801036.SI,220000,13.41,40.5909,48.7432,3.1805,3.0777,1491642.9086,1040986.065,341024424.2,False,0,0,False,False,17.7,-6.6805845511482165,-25.292479108635092,-24.237288135593214,False,-21.716287215411555,-3.057119871279157,-62.2,207.09,40808910.26,85.8202,,,894515934.0400001,-346.0222,1.0194,0,1491642.9086,341024424.2,1.0,1.5,PASS,False,0.6779661016949152,-62.2,207.09,-4.92,-31.1,ESP-Q,40.5909,3.1805,1.0194,,184.85352307692307,0.0,0.0,13.41,17.7,0,80.75601374570446,,0.11764705882352941,0,0,5.0,6,-30.91782080434305,False,-6.6805845511482165,,-0.05493125360751272,False,False,塑料,-31.1,-0.47093626898221386,32.0,33.12680412371134,0.7,0.0,23.19,Other
002326.SZ,002326,永太科技,20091222,主板,1278559425.1,-8.622078968573732,化学制品,未知,801034.SI,220000,22.68,,437.2495,7.5472,5.8623,2098189.4784,1832904.7073,991364403.5999999,True,0,0,False,False,27.7,-3.57142857142857,-12.398609501738122,-18.12274368231047,False,-8.622078968573732,-3.057119871279157,558.81,90.02,83156660.12,79.4509,,,54812313.34,75.8465,3.8396,0,2098189.4784,991364403.5999999,1.0,1.5,PASS,False,0.4406779661016949,558.81,90.02,8.2371,558.81,ESP-Q,,7.5472,3.8396,,104.193015625,0.0,0.0,22.68,27.7,0,88.20160366552119,,0.4473684210526316,0,0,5.0,23,-2.9185412785588607,False,-3.57142857142857,,-0.005644200778028705,False,False,化学制品,558.81,1.0972341196239945,68.0,42.56048109965636,0.7,0.0,29.79,Other
002329.SZ,002329,皇氏集团,20100106,主板,159797561.24999997,10.8910891089109,食品加工,未知,801124.SI,340000,4.48,,,7.4847,6.0727,372916.9853,291913.63,155330688.0,True,0,0,False,False,4.92,-5.6842105263157805,19.786096256684505,-8.943089430894302,False,10.8910891089109,-3.057119871279157,-462.12,4.05,-8638349.8,-212.1517,,,-590428685.88,247.9321,0.8349,0,372916.9853,155330688.0,1.0,1.5,PASS,False,0.288135593220339,-462.12,4.05,8.68,-470.8,ESP-Q,,7.4847,0.8349,,51.683299999999996,0.0,0.0,4.48,4.92,0,86.368843069874,,0.8235294117647058,1,1,100.0,6,7.373684333988351,True,-5.6842105263157805,,-0.02725572132590153,False,False,食品加工,-470.8,-2.98762892807752,5.0,76.9106529209622,0.7,0.0,53.84,Tier2
002334.SZ,002334,英威腾,20100113,主板,409476609.95000005,8.148148148148149,电气自动化设备,未知,801732.SI,630000,8.76,34.5959,50.3305,2.3574,6.7949,720720.7656,643870.5943,477964430.2,True,1,1,False,False,9.39,-3.0973451327433565,-11.782477341389729,-6.709265175718859,False,8.148148148148149,-3.057119871279157,-226.87,-30.25,-33650330.01,,,,381607983.57000005,,-0.9913,0,720720.7656,477964430.2,1.0,1.5,PASS,False,0.4067796610169492,-226.87,-30.25,-25.5,-113.435,,34.5959,2.3574,-0.9913,,54.13474375,0.0,0.0,8.76,9.39,0,89.46162657502865,,0.6470588235294118,0,1,65.0,6,9.027353041114516,True,-3.0973451327433565,,-0.005637699977751491,False,False,电气自动化设备,-113.435,-1.551596839489938,12.0,61.738487972508594,1.0,0.0,61.74,Tier2
002338.SZ,002338,奥普光电,20100115,主板,614423347.1999999,-2.2635029659694106,仪器仪表,未知,801073.SI,640000,62.61,186.6047,153.6311,10.396,5.032,1502640.0,1502640.0,532576999.00000006,False,1,0,False,False,67.96,-1.6030174446016066,15.94444444444445,-7.872277810476747,False,-2.2635029659694106,-3.057119871279157,163.58,20.89,29410766.25,94.578,,,139883286.03,-390.5706,2.1748,0,1502640.0,532576999.00000006,1.0,1.5,PASS,False,0.6949152542372882,163.58,20.89,0.78,163.58,ESP-Q,186.6047,10.396,2.1748,1.1407549822716714,92.29922857142857,0.0,0.0,62.61,67.96,0,66.89576174112256,,0.5714285714285714,0,0,5.0,3,0.0,False,-1.6030174446016066,,0.0019534640061437173,False,False,仪器仪表,163.58,2.0232869543980883,82.0,38.96872852233677,0.7,0.0,27.28,Other
002340.SZ,002340,格林美,20100122,主板,1999360667.15,-4.834905660377364,金属非金属新材料,未知,801051.SI,240000,8.07,26.0553,25.8725,1.8874,2.7484,4117604.2464,4096317.3788,1134335383.1999998,False,0,0,False,False,9.69,-4.6099290780141855,-13.22580645161291,-16.718266253869963,False,-4.834905660377364,-3.057119871279157,6.71,5.87,475599326.62,91.0327,,,3372042352.0299997,31.9247,2.4186,0,4117604.2464,1134335383.1999998,1.0,1.5,PASS,False,0.8305084745762712,6.71,5.87,22.085,-15.375,,26.0553,1.8874,2.4186,3.8830551415797316,108.89996666666667,0.0,0.0,8.07,9.69,0,62.77205040091638,,0.375,0,0,5.0,5,-2.9681906846893256,False,-4.6099290780141855,,-0.04443353350340649,False,False,金属非金属新材料,-15.375,-0.40848466361938623,32.0,27.73161512027491,1.0,0.0,27.73,Other
002339.SZ,002339,积成电子,20100122,主板,204012409.6,-14.7338403041825,电气自动化设备,未知,801732.SI,630000,8.97,224.2639,555.1937,2.5889,4.9611,452170.7698,429412.2697,183706864.60000002,False,0,0,False,False,10.74,-7.238883143743524,-24.239864864864856,-16.48044692737429,False,-14.7338403041825,-3.057119871279157,-25.5,-55.31,-79409226.83,,,,-213803689.8,,-4.115,0,452170.7698,183706864.60000002,1.0,1.5,PASS,False,0.4067796610169492,-25.5,-55.31,-25.5,-12.75,,224.2639,2.5889,-4.115,,54.13474375,0.0,0.0,8.97,10.74,0,88.77434135166094,,0.11764705882352941,0,0,5.0,6,-13.854635411216133,False,-7.238883143743524,,-0.05030121624725127,False,False,电气自动化设备,-12.75,-0.2453402284459762,32.0,35.53230240549828,1.0,0.0,35.53,Other
002345.SZ,002345,潮宏基,20100128,主板,191710875.9,-18.060498220640564,家用轻工,未知,801142.SI,360000,9.21,16.4648,14.3145,2.2045,1.6891,818320.2031,798718.2452,145746120.2,True,0,0,False,False,11.66,-5.246913580246915,-32.527472527472526,-21.01200686106346,False,-18.060498220640564,-3.057119871279157,39.94,176.84,263077229.59,99.8168,,,1425016242.39,102.7967,6.7694,0,818320.2031,145746120.2,1.0,1.5,PASS,False,0.6271186440677966,39.94,176.84,-14.92,69.78,,16.4648,2.2045,6.7694,0.4122383575363045,179.96904166666664,10.0,0.0,9.21,11.66,0,68.38487972508591,,0.05555555555555555,0,0,5.0,6,-23.485530115937372,False,-5.246913580246915,,-0.009101853400714429,False,False,家用轻工,69.78,-0.19653528949777166,32.0,29.41546391752577,1.0,0.0,39.42,Other
002346.SZ,002346,柘中股份,20100128,主板,152598264.05000004,5.879292403746117,高低压设备,未知,801734.SI,630000,20.35,21.1241,32.22,3.1055,2.366,898605.9716,797950.9216,205344067.2,True,1,1,False,False,22.41,1.1431411530815172,0.5931784478497404,-9.192324854975453,False,5.879292403746117,-3.057119871279157,69.42,-39.41,29116364.69,4336.4986,,,256983917.71,,0.0232,0,898605.9716,205344067.2,1.0,1.5,PASS,False,0.4745762711864407,69.42,-39.41,10.365,69.42,ESP-Q,21.1241,3.1055,0.0232,0.30429415154134254,142.6951,0.0,0.0,20.35,22.41,0,79.49599083619702,,0.7096774193548387,1,1,100.0,10,11.35791973667809,True,1.1431411530815172,,-0.002601195281714032,False,False,高低压设备,69.42,0.4748666242651662,50.0,83.8487972508591,0.7,0.0,58.69,Tier1
002347.SZ,002347,泰尔股份,20100128,主板,162540762.90000004,-2.657004830917864,通用机械,未知,801072.SI,640000,8.06,,,3.6845,5.1918,406790.0345,397666.6182,190807966.40000004,True,0,0,False,False,8.76,-4.5023696682464305,-17.33333333333332,-7.990867579908667,False,-2.657004830917864,-3.057119871279157,10.57,-211.32,-8800991.0,,,,-205175445.28,,-0.6891,0,406790.0345,190807966.40000004,1.0,1.5,PASS,False,0.7796610169491526,10.57,-211.32,1.3,10.57,ESP-Q,,3.6845,-0.6891,,114.34343529411765,0.0,0.0,8.06,8.76,0,97.13631156930126,,0.27906976744186046,0,0,5.0,13,-10.959359229926545,False,-4.5023696682464305,,0.003087187767218929,False,False,通用机械,10.57,0.2588207191900171,50.0,41.640893470790374,0.7,0.0,29.15,Other
601678.SH,601678,滨化股份,20100223,主板,696209969.8499999,17.554240631163708,化学制品,未知,801034.SI,220000,5.96,54.4153,44.46,1.0487,13.5034,1225874.4205,1217828.4205,1734402715.6,False,2,2,False,False,6.79,2.581755593803803,12.241054613935987,-12.223858615611194,False,17.554240631163708,-3.057119871279157,79.84,-49.33,119408939.33,81.5392,,,312631927.03,82.9693,1.2619,1,1225874.4205,1734402715.6,1.0,1.5,PASS,False,0.4406779661016949,79.84,-49.33,8.2371,79.84,ESP-Q,54.4153,1.0487,1.2619,0.6815543587174349,104.193015625,0.0,0.0,5.96,6.79,10,65.922107674685,,0.868421052631579,1,1,75.0,23,23.257778321178577,True,2.581755593803803,,0.006620163741440626,True,False,化学制品,79.84,0.05207555933444293,50.0,67.2766323024055,0.7,10.0,37.09,Other
002591.SZ,002591,恒大高新,20110621,主板,227029920.5,22.046109510086453,营销传播,未知,801751.SI,720000,8.47,,,3.9749,7.1346,254268.9629,189315.0553,163190249.4,True,2,0,False,False,9.41,-5.363128491620095,11.009174311926607,-9.989373007438884,False,22.046109510086453,-3.057119871279157,672.93,-21.87,5412149.55,87.0511,,,-58079237.27,392.265,0.9767,0,254268.9629,163190249.4,1.0,1.5,PASS,False,1.0,672.93,-21.87,20.09,672.93,ESP-Q,,3.9749,0.9767,,185.31451428571427,0.0,0.0,8.47,9.41,0,57.388316151202744,,0.8888888888888888,1,1,100.0,3,28.52655643746076,True,-5.363128491620095,,-0.023953577125690857,True,False,营销传播,672.93,2.4571315125237274,82.0,83.61649484536082,0.7,0.0,58.53,Tier2
002355.SZ,002355,兴民智通,20100209,主板,167241348.75000003,3.678929765886285,汽车零部件,未知,801093.SI,280000,6.2,,,5.0641,4.8083,414458.22,383263.323,165588399.8,True,1,0,False,False,6.77,-6.202723146747358,-17.001338688085667,-8.419497784342678,False,3.678929765886285,-3.057119871279157,-3256.04,51.86,-44827377.86,,,,-188390458.88,,-18.8444,0,414458.22,165588399.8,1.0,1.5,PASS,False,0.5932203389830508,-3256.04,51.86,-7.975999999999999,-1628.02,,,5.0641,-18.8444,,74.48131470588235,0.0,0.0,6.2,6.77,0,65.922107674685,,0.6216216216216216,0,1,55.0,23,2.540780338263171,False,-6.202723146747358,,-0.017654134126899344,False,False,汽车零部件,-1510.412,-5.673927584711127,5.0,48.2766323024055,1.0,0.0,48.28,Other
002353.SZ,002353,杰瑞股份,20100205,主板,2393558394.6,13.512590695689264,专用设备,未知,801074.SI,640000,132.98,50.7941,48.5729,5.7957,1.9892,13615234.8672,9189431.5023,2014291867.8,False,0,0,False,False,151.99,-3.539823008849574,35.12854384716999,-12.507401802750195,False,13.512590695689264,-3.057119871279157,25.58,11.69,580239869.31,98.6377,,,6276855958.19,-181.3854,2.5292,0,13615234.8672,2014291867.8,1.0,1.5,PASS,False,0.6440677966101694,25.58,11.69,-10.094999999999999,45.769999999999996,ESP-Q,50.7941,5.7957,2.5292,1.9856958561376077,147.6403775510204,0.0,0.0,132.98,151.99,0,65.922107674685,,0.8333333333333334,1,1,75.0,17,12.714086721869721,True,-3.539823008849574,,-0.046911757102129976,False,False,专用设备,45.769999999999996,-0.06714231561136334,32.0,63.6766323024055,0.7,0.0,44.57,Other
002549.SZ,002549,凯美特气,20110218,主板,1188394934.8500001,-12.832929782082314,综合,未知,801231.SI,510000,18.0,182.5708,263.2945,6.0322,7.2618,1251626.2218,1246247.1468,979318545.4,True,0,0,False,False,21.23,-9.819639278557112,-12.066438690766967,-15.214319359397077,False,-12.832929782082314,-3.057119871279157,-72.08,3719.55,7986101.53,74.4136,,,175966820.03,-77.5618,0.5189,1,1251626.2218,979318545.4,1.0,1.5,PASS,False,0.9322033898305084,-72.08,3719.55,-7.0,-36.04,ESP-Q,182.5708,6.0322,0.5189,,210.72467916666668,0.0,0.0,18.0,21.23,10,90.37800687285224,,0.1891891891891892,0,0,5.0,12,-8.766799308445139,False,-9.819639278557112,,-0.03547668937752686,False,False,综合,-36.04,-0.4218956924713706,32.0,36.01340206185567,0.7,10.0,15.21,Other
002455.SZ,002455,百川股份,20100803,主板,727805272.5,-13.888888888888895,化学制品,未知,801034.SI,220000,9.61,,,2.5319,10.8889,694286.4625,635040.3061,492563013.3999999,False,0,0,False,False,12.27,-3.9000000000000035,-30.613718411552348,-21.67889160554197,False,-13.888888888888895,-3.057119871279157,-91.98,-256.53,3278706.06,17.6814,,,-101098110.61,177.1832,0.8181,0,694286.4625,492563013.3999999,1.0,1.5,PASS,False,0.4406779661016949,-91.98,-256.53,8.2371,-100.2171,ESP-Q,,2.5319,0.8181,,104.193015625,0.0,0.0,9.61,12.27,0,90.60710194730814,,0.23684210526315788,0,0,5.0,23,-8.185351198874024,False,-3.9000000000000035,,-0.01759533298278595,False,False,化学制品,-100.2171,-0.3408263330719956,32.0,36.08213058419244,0.7,0.0,25.26,Other
002375.SZ,002375,亚厦股份,20100323,主板,165345965.45,8.557457212713949,装修装饰,未知,801722.SI,620000,4.44,18.0313,18.0898,0.7148,3.6676,594958.4451,590962.4287,211582703.99999997,False,2,2,False,False,5.08,-1.7699115044247593,4.225352112676073,-12.598425196850382,False,8.557457212713949,-3.057119871279157,37.77,1.11,63379375.16,96.5022,,,679776712.4399999,-556.4895,0.7921,0,594958.4451,211582703.99999997,1.0,1.5,PASS,False,0.3898305084745763,37.77,1.11,9.255,37.77,ESP-Q,18.0313,0.7148,0.7921,0.47739740534815994,57.39425,10.0,0.0,4.44,5.08,0,97.9381443298969,,0.8,1,1,70.0,2,1.9426712204960292,False,-1.7699115044247593,,-0.003860050210144746,False,False,装修装饰,37.77,0.2097741327098551,50.0,74.38144329896906,0.7,0.0,62.07,Tier1
601688.SH,601688,华泰证券,20100226,主板,2174845755.2999997,-1.5822784810126667,证券,未知,801193.SI,490000,18.66,10.2812,9.6024,0.9457,2.2548,16844127.8247,13634410.6258,2020253250.6000001,True,0,0,False,False,19.92,0.7559395248380119,-15.870153291253375,-6.325301204819289,False,-1.5822784810126667,-3.057119871279157,32.86,80.08,4801848057.26,100.0281,,,33709378415.82,611.4136,2.295,0,16844127.8247,2020253250.6000001,1.0,1.5,PASS,False,0.03389830508474576,32.86,80.08,31.015,1.8449999999999989,,10.2812,0.9457,2.295,0.31287888009738285,30.001145454545455,10.0,0.0,18.66,19.92,0,92.21076746849943,,0.5454545454545454,0,0,5.0,14,0.3015291445732926,False,0.7559395248380119,,0.0008985012151323165,False,False,证券,1.8449999999999989,-0.10366997520122871,32.0,36.56323024054983,1.0,0.0,46.56,Other
601058.SH,601058,赛轮轮胎,20110630,主板,622651197.5999999,-9.104046242774565,汽车零部件,未知,801093.SI,280000,12.58,11.7429,11.6838,1.8453,1.4657,4136430.1258,4136430.1258,540081850.6,False,0,0,False,False,14.7,-1.9485580670303926,-18.417639429312583,-14.421768707482984,False,-9.104046242774565,-3.057119871279157,2.25,-13.4,1030078521.89,97.5129,,,9134829966.51,14.0537,4.7983,0,4136430.1258,540081850.6,1.0,1.5,PASS,False,0.5932203389830508,2.25,-13.4,-7.975999999999999,1.125,,11.7429,1.8453,4.7983,5.2190666666666665,74.48131470588235,10.0,0.0,12.58,14.7,0,65.922107674685,,0.20270270270270271,0,0,5.0,23,-10.24219567039768,False,-1.9485580670303926,,0.010352245874440067,False,False,汽车零部件,1.125,0.07473590463702591,50.0,32.2766323024055,1.0,0.0,42.28,Other
002366.SZ,002366,融发核电,20100312,主板,420380299.1999999,-2.071823204419898,白色家电,未知,801111.SI,330000,7.09,,,3.1779,2.5399,1475384.7868,1311902.9889,364384646.59999996,True,0,0,False,False,7.99,-6.710526315789467,-5.087014725568939,-11.264080100125163,False,-2.071823204419898,-3.057119871279157,39.83,-254.27,1471823.42,14.5845,,,-206313631.72,-21.3429,0.2193,0,1475384.7868,364384646.59999996,1.0,1.5,PASS,False,0.23728813559322035,39.83,-254.27,-17.555,74.94,ESP-Q,,3.1779,0.2193,,53.917895,0.0,0.0,7.09,7.99,0,65.922107674685,,0.375,0,0,5.0,8,-4.243732305964587,False,-6.710526315789467,,-0.04179498116084252,False,False,白色家电,74.94,0.15395800534397033,50.0,32.2766323024055,0.7,0.0,22.59,Other
601179.SH,601179,中国西电,20100128,主板,4150054934.2,-9.89379541643376,高低压设备,未知,801734.SI,630000,16.12,65.0788,62.5319,3.5382,4.7677,8262922.3514,8262922.3514,3276153213.4,True,0,0,False,False,19.89,-5.950991831971997,11.09579600275672,-18.954248366013072,False,-9.89379541643376,-3.057119871279157,,19.86,,,,,2727361009.6,,,0,8262922.3514,3276153213.4,1.0,1.5,PASS,False,0.4745762711864407,,19.86,10.365,0.0,DATA-INC,65.0788,3.5382,,,142.6951,0.0,0.0,16.12,19.89,0,65.922107674685,,0.3548387096774194,0,0,5.0,10,-4.415168083501786,False,-5.950991831971997,,-0.007559426661980107,False,False,高低压设备,0.0,-0.055955783703593186,32.0,28.6766323024055,1.0,0.0,28.68,Other
002361.SZ,002361,神剑股份,20100303,主板,5093530011.2,-23.754958131335393,塑料,未知,801036.SI,220000,17.3,1237.229,,7.5085,14.0419,1645290.4964,1399602.851,2675870096.0,True,1,0,False,False,23.95,-8.514013749338966,33.90092879256967,-27.766179540709814,False,-23.754958131335393,-3.057119871279157,-194.26,-74.7,-10923302.21,,,,44018124.39999999,,-0.2401,0,1645290.4964,2675870096.0,1.0,1.5,PASS,False,0.6779661016949152,-194.26,-74.7,-4.92,-97.13,,1237.229,7.5085,-0.2401,,184.85352307692307,0.0,0.0,17.3,23.95,0,54.29553264604811,,0.058823529411764705,0,0,5.0,6,-32.95649172026689,False,-8.514013749338966,,0.007072503284342922,False,False,塑料,-97.13,-0.9475538538841269,22.0,23.18865979381443,1.0,0.0,23.19,Other
002368.SZ,002368,太极股份,20100312,主板,241859466.09999993,-20.957498778700533,计算机应用,未知,801222.SI,710000,16.18,,,2.5343,1.9961,1008388.2207,1005706.6446,231630009.20000002,False,0,0,False,False,20.68,-0.30807147258163914,-29.344978165938862,-21.760154738878146,False,-20.957498778700533,-3.057119871279157,-45398.87,-504.26,-122427915.42,,,,-914602505.45,,-2.9625,0,1008388.2207,231630009.20000002,1.0,1.5,PASS,False,0.7627118644067796,-45398.87,-504.26,-4.9399999999999995,-22699.435,,,2.5343,-2.9625,,143.4918742857143,0.0,0.0,16.18,20.68,0,92.21076746849943,,0.057692307692307696,0,0,5.0,16,-16.974776581300667,False,-0.30807147258163914,,-0.01480434249430806,False,False,计算机应用,-1510.412,-6.401358855320548,5.0,31.163230240549826,1.0,0.0,31.16,Other
002371.SZ,002371,北方华创,20100316,主板,8209436382.2,47.21334043876011,半导体,未知,801081.SI,270000,662.99,87.026,86.1827,12.2297,3.198,48055677.6082,48017267.1499,11954680708.4,True,0,0,False,False,721.6,11.991554054054054,36.384020406483984,-8.122228381374729,False,47.21334043876011,-3.057119871279157,3.6,-4.22,1626678172.85,99.5069,,,15245652309.95,41.6765,4.245,0,48055677.6082,11954680708.4,1.0,1.5,PASS,False,0.8813559322033898,3.6,-4.22,21.265,-17.665,,87.026,12.2297,4.245,24.173888888888886,141.87467999999998,0.0,0.0,662.99,721.6,0,97.13631156930126,CHASE,1.0,1,1,100.0,7,26.2055194309391,True,11.991554054054054,OVERHEAT,0.016061231172926686,True,True,半导体,-17.665,-0.3039108944293302,32.0,85.54089347079037,1.0,0.0,85.54,Tier2
002373.SZ,002373,千方科技,20100318,主板,251181697.8,-13.571428571428568,计算机应用,未知,801222.SI,710000,8.47,49.8597,261.436,1.1673,2.1318,1338419.4181,1166816.3804,205154455.6,False,0,0,False,False,10.07,-1.1668611435239118,-28.523206751054843,-15.888778550148952,False,-13.571428571428568,-3.057119871279157,-84.15,108.11,-40298130.78,-1078.6805,,,122586891.89,-3091.558,0.0324,0,1338419.4181,205154455.6,1.0,1.5,PASS,False,0.7627118644067796,-84.15,108.11,-4.9399999999999995,-42.075,ESP-Q,49.8597,1.1673,0.0324,,143.4918742857143,0.0,0.0,8.47,10.07,0,92.21076746849943,,0.11538461538461539,0,0,5.0,16,-9.5887063740287,False,-1.1668611435239118,,0.004557834353580922,False,False,计算机应用,-42.075,-0.20347896253622244,32.0,36.56323024054983,0.7,0.0,25.59,Other
002380.SZ,002380,科远智慧,20100331,主板,500608532.0,43.13784764207982,计算机应用,未知,801222.SI,710000,47.35,81.8139,73.6748,4.7636,12.5411,1136360.458,673335.8927,931450518.6,True,0,0,False,False,48.48,12.25699383594121,50.079239302694134,-2.3308580858085737,False,43.13784764207982,-3.057119871279157,29.45,-54.14,71473721.17,93.7378,,,504445962.05,23.4865,3.1832,0,1136360.458,931450518.6,1.0,1.5,PASS,False,0.7627118644067796,29.45,-54.14,-4.9399999999999995,39.33,ESP-Q,81.8139,4.7636,3.1832,2.778061120543294,143.4918742857143,0.0,0.0,47.35,48.48,0,90.83619702176404,CHASE,1.0,1,1,100.0,16,47.120569839479685,True,12.25699383594121,OVERHEAT,0.0019624767404448247,True,True,计算机应用,39.33,0.14013317328280822,50.0,87.2508591065292,0.7,0.0,61.08,Tier2
002397.SZ,002397,梦洁股份,20100429,主板,191437392.85,25.179856115107913,服装家纺,未知,801132.SI,350000,5.22,81.8836,73.005,3.1858,3.7942,390341.9132,338176.7072,128275780.59999998,False,2,1,False,False,5.91,-0.5714285714285783,19.17808219178081,-11.675126903553302,False,25.179856115107913,-3.057119871279157,109.75,161.71,14134779.06,89.2695,,,96811814.99000001,182.6761,1.3007,1,390341.9132,128275780.59999998,1.0,1.5,PASS,False,0.11864406779661017,109.75,161.71,17.065,109.75,,81.8836,3.1858,1.3007,0.7460920273348519,85.02447272727274,0.0,0.0,5.22,5.91,10,84.7651775486827,CHASE,0.875,1,1,75.0,5,23.081693966235818,True,-0.5714285714285783,,-0.008435888432857462,True,False,服装家纺,109.75,0.2814605369871373,50.0,72.9295532646048,1.0,10.0,62.93,Tier2
002378.SZ,002378,章源钨业,20100331,主板,2428772840.75,-13.565056905567507,稀有金属,未知,801054.SI,240000,28.1,116.2426,53.6577,12.4114,4.7317,3375983.6415,3358291.0469,1451638681.2,False,1,0,False,False,35.88,-7.138136153337737,-8.079816813869801,-21.683389074693427,False,-13.565056905567507,-3.057119871279157,824.73,64.25,378435519.01,99.2454,,,976686698.62,-0.9208,15.0816,0,3375983.6415,1451638681.2,1.0,1.5,PASS,False,0.8983050847457628,824.73,64.25,108.81,824.73,ESP-Q,116.2426,12.4114,15.0816,0.140946249075455,123.306975,0.0,0.0,28.1,35.88,0,65.922107674685,,0.3125,0,0,5.0,5,-4.397453134194196,False,-7.138136153337737,,-0.02498162972620709,False,False,稀有金属,824.73,1.0451706247328276,68.0,35.8766323024055,0.7,0.0,25.11,Other
002383.SZ,002383,合众思壮,20100402,主板,151984063.5,-12.82051282051282,计算机设备,未知,801101.SI,710000,8.5,,,4.1919,1.7566,629306.2593,629306.2593,111743229.39999999,False,0,0,False,False,10.4,-4.279279279279291,-22.93744333635539,-18.26923076923077,False,-12.82051282051282,-3.057119871279157,-192.05,26.39,-1264390.71,-298.7357,,,-222607439.07,-3078.9829,0.0281,0,629306.2593,111743229.39999999,1.0,1.5,PASS,False,0.7288135593220338,-192.05,26.39,7.12,-199.17000000000002,ESP-Q,,4.1919,0.0281,,116.38087647058823,0.0,0.0,8.5,10.4,0,65.922107674685,,0.16666666666666666,0,0,5.0,8,-10.934690309690309,False,-4.279279279279291,,-0.025543205216388074,False,False,计算机设备,-199.17000000000002,-0.739939546215019,22.0,26.6766323024055,0.7,0.0,18.67,Other
002421.SZ,002421,达实智能,20100603,主板,565560464.9,38.947368421052616,计算机应用,未知,801222.SI,710000,3.96,,,3.0923,46.2065,839750.329,793337.3657,1651867364.4,False,4,4,False,True,4.7,23.364485981308402,34.23728813559321,-15.74468085106383,False,38.947368421052616,-3.057119871279157,57.47,-25795.11,-19003668.8,,,,-705695098.9399999,,-0.5956,0,839750.329,1651867364.4,1.0,1.5,PASS,False,0.7627118644067796,57.47,-25795.11,-4.9399999999999995,67.35,ESP-Q,,3.0923,-0.5956,,143.4918742857143,0.0,0.0,3.96,4.7,0,65.922107674685,,0.9807692307692307,1,1,75.0,16,42.93009061845248,True,23.364485981308402,突破型|OVERHEAT,-0.0023461387075758952,True,True,计算机应用,67.35,0.25840615461871186,50.0,67.2766323024055,0.7,0.0,47.09,Other
002384.SZ,002384,东山精密,20100409,主板,18221951501.95,22.17827626918536,电子制造,未知,801085.SI,270000,206.97,273.499,185.8185,16.7459,6.4882,37908781.0898,28692700.7009,19457361018.4,False,2,0,False,False,230.0,1.780181952298987,165.41420877147982,-10.013043478260874,False,22.17827626918536,-3.057119871279157,166.99,7.5,1059278407.74,95.4397,,,3753184585.99,85.0721,5.0337,0,37908781.0898,19457361018.4,1.0,1.5,PASS,False,0.5084745762711864,166.99,7.5,-24.905,216.8,ESP-Q,273.499,16.7459,5.0337,1.6378166357266903,72.22433125,0.0,10.0,206.97,230.0,0,89.46162657502865,CHASE,0.8611111111111112,1,1,85.0,11,17.511319733571376,True,1.780181952298987,,-0.021310865835654245,True,False,电子制造,216.8,0.4213832284025561,50.0,79.33848797250859,0.7,10.0,45.54,Other
002386.SZ,002386,天原股份,20100409,主板,383194190.6499999,-6.471494607087824,化学原料,未知,801033.SI,220000,6.07,90.0065,51.6466,1.0324,2.3501,790099.7733,789952.554,197299489.8,True,0,0,False,False,7.44,-6.037151702786369,3.9383561643835607,-18.413978494623663,False,-6.471494607087824,-3.057119871279157,492.67,77.63,74606929.29,97.439,,,-37890007.68999999,-285.6024,1.0057,0,790099.7733,197299489.8,1.0,1.5,PASS,False,0.6101694915254238,492.67,77.63,-6.205,505.08,ESP-Q,90.0065,1.0324,1.0057,0.18269125378042098,75.93632,0.0,0.0,6.07,7.44,0,74.45589919816724,,0.6,0,0,5.0,5,0.2634191860156232,False,-6.037151702786369,,-0.01563288379508735,False,False,化学原料,505.08,0.6083085710287073,50.0,34.83676975945018,0.7,0.0,24.39,Other
002377.SZ,002377,国创高新,20100323,主板,166652934.85000002,-6.666666666666654,房地产开发,未知,801181.SI,430000,3.08,142.8889,115.7065,7.0998,4.616,282228.1619,268706.1827,89314478.60000001,False,0,0,False,False,3.77,-8.059701492537318,-12.994350282485879,-18.302387267904507,False,-6.666666666666654,-3.057119871279157,371.34,98.23,6626476.32,97.0402,,,-23056862.96,-589.7453,1.7328,0,282228.1619,89314478.60000001,1.0,1.5,PASS,False,0.847457627118644,371.34,98.23,-7.28,385.8999999999999,ESP-Q,142.8889,7.0998,1.7328,0.38479264286098996,87.53592727272726,0.0,0.0,3.08,3.77,0,78.12142038946163,,0.3793103448275862,0,0,5.0,9,-2.820512820512799,False,-8.059701492537318,,0.0045176325272229065,False,False,房地产开发,385.8999999999999,0.7582101241899348,50.0,35.93642611683849,0.7,0.0,25.16,Other
002407.SZ,002407,多氟多,20100518,主板,6126976867.099999,27.73082942097027,化学制品,未知,801034.SI,220000,40.81,228.313,92.7867,5.6892,26.854,4858155.3141,4402449.5349,8664781876.400002,True,3,2,False,True,43.89,11.900191938579674,33.89107611548556,-7.017543859649122,False,27.73082942097027,-3.057119871279157,1724.01,124.45,380151002.68,101.2308,,,450740969.78000003,-138.4745,4.3749,0,4858155.3141,8664781876.400002,1.0,1.5,PASS,False,0.4406779661016949,1724.01,124.45,8.2371,1724.01,ESP-Q,228.313,5.6892,4.3749,0.13243136640738742,104.193015625,0.0,0.0,40.81,43.89,0,79.72508591065292,CHASE,0.9078947368421053,1,1,100.0,23,33.43436711098514,True,11.900191938579674,突破型|OVERHEAT,0.02046607894531329,True,True,化学制品,1724.01,3.639812474112555,96.91943742233767,93.30141325766341,0.7,0.0,65.31,Tier2
002387.SZ,002387,维信诺,20100413,主板,177548193.09999996,4.854368932038833,计算机应用,未知,801222.SI,710000,8.64,,,4.6286,4.4545,1206831.7812,1205248.7604,346652974.8,False,0,0,False,False,9.27,8.1351689612015,-3.4636871508379796,-6.796116504854355,False,4.854368932038833,-3.057119871279157,-40.41,9.01,-826833108.02,,,,-6464568631.35,,-21.3151,0,1206831.7812,346652974.8,1.0,1.5,PASS,False,0.7627118644067796,-40.41,9.01,-4.9399999999999995,-20.205,,,4.6286,-21.3151,,143.4918742857143,0.0,0.0,8.64,9.27,0,69.3012600229095,,0.8076923076923077,1,1,75.0,16,8.8370911294387,True,8.1351689612015,OVERHEAT,0.02284922204900383,False,True,计算机应用,-20.205,-0.11116525440573657,32.0,64.69037800687285,1.0,0.0,64.69,Tier2
002389.SZ,002389,航天彩虹,20100413,主板,513051611.55000013,-7.78175313059033,元件,未知,801083.SI,270000,20.62,754.0167,127.8021,2.5034,2.1297,2030896.8353,2030577.5449,374138993.6,False,0,0,False,False,23.16,-3.101503759398494,-12.55301102629346,-10.967184801381691,False,-7.78175313059033,-3.057119871279157,-84.89,-795.37,-61403500.84,-60.7412,,,-143803780.01,-149.3629,1.2541,0,2030896.8353,374138993.6,1.0,1.5,PASS,False,0.7457627118644068,-84.89,-795.37,2.79,-87.68,ESP-Q,754.0167,2.5034,1.2541,,204.28836129032257,0.0,0.0,20.62,23.16,0,70.44673539518901,,0.09090909090909091,0,0,5.0,10,-18.6256409916975,False,-3.101503759398494,,-0.03270166970029852,False,False,元件,-87.68,-0.4336006035052318,32.0,30.034020618556703,0.7,0.0,21.02,Other
601101.SH,601101,昊华能源,20100331,主板,521549084.0499999,25.74850299401199,煤炭开采,未知,801021.SI,210000,10.5,29.5073,27.2112,1.2279,2.2947,1511997.8223,1511997.8223,413353391.8,True,2,0,False,False,11.88,-1.4084507042253502,35.30927835051547,-11.616161616161625,False,25.74850299401199,-3.057119871279157,17.84,-52.91,322140364.15,100.7378,,,1814990014.9099998,180.6593,2.6422,0,1511997.8223,413353391.8,1.0,1.5,PASS,False,0.1694915254237288,17.84,-52.91,-3.7,25.24,ESP-Q,29.5073,1.2279,2.6422,1.6539966367713006,32.17243333333333,0.0,0.0,10.5,11.88,0,65.922107674685,,1.0,1,1,100.0,7,29.25389052843764,True,-1.4084507042253502,,-0.005859973288717439,True,False,煤炭开采,25.24,0.232204703129328,50.0,79.7766323024055,0.7,0.0,55.84,Tier2
002410.SZ,002410,广联达,20100525,主板,413377781.6999999,-11.5891132572432,计算机应用,未知,801222.SI,710000,10.07,41.0627,40.6253,2.9183,2.2861,1663507.9524,1581109.2489,371614827.4,False,0,0,False,False,11.74,-1.851851851851849,-28.53087295954577,-14.224872231686536,False,-11.5891132572432,-3.057119871279157,24.08,99.68,23587159.47,68.9702,,,860408979.4200001,-683.7748,0.5641,0,1663507.9524,371614827.4,1.0,1.5,PASS,False,0.7627118644067796,24.08,99.68,-4.9399999999999995,33.959999999999994,ESP-Q,41.0627,2.9183,0.5641,1.7052616279069768,143.4918742857143,0.0,0.0,10.07,11.74,0,74.45589919816724,,0.21153846153846154,0,0,5.0,16,-7.606391059843332,False,-1.851851851851849,,-0.011047944453669948,False,False,计算机应用,33.959999999999994,0.11746629570344336,50.0,34.83676975945018,0.7,0.0,24.39,Other
002408.SZ,002408,齐翔腾达,20100518,主板,272057779.04999995,-14.992272024729514,化学制品,未知,801034.SI,220000,5.5,,,1.4267,1.2808,1563569.0439,1513103.2532,170588061.6,False,0,0,False,False,6.79,-5.335628227194489,-4.347826086956519,-18.998527245949926,False,-14.992272024729514,-3.057119871279157,-1766.92,-3905.64,-92400315.01,,,,-797210220.8199999,,-0.8304,0,1563569.0439,170588061.6,1.0,1.5,PASS,False,0.4406779661016949,-1766.92,-3905.64,8.2371,-1775.1571000000001,,,1.4267,-0.8304,,104.193015625,0.0,0.0,5.5,6.79,0,80.87056128293241,,0.18421052631578946,0,0,5.0,23,-9.288734334714643,False,-5.335628227194489,,-0.06750981267215082,False,False,化学制品,-1510.412,-3.4180070989063247,5.0,27.761168384879724,1.0,0.0,27.76,Other
002400.SZ,002400,省广集团,20100506,主板,1131601364.3500001,-6.480446927374306,营销传播,未知,801751.SI,720000,8.37,162.1854,183.3398,2.9116,6.0744,1459173.1761,1444799.7853,1151548299.4,True,0,0,False,False,9.88,-5.743243243243256,-24.321880650994586,-15.283400809716618,False,-6.480446927374306,-3.057119871279157,10.87,-176.76,22519382.48,147.1043,,,101900804.09,-7434.2719,0.3056,0,1459173.1761,1151548299.4,1.0,1.5,PASS,False,1.0,10.87,-176.76,20.09,-9.22,ESP-Q,162.1854,2.9116,0.3056,14.920459981600736,185.31451428571427,0.0,0.0,8.37,9.88,0,65.922107674685,,0.5555555555555556,0,0,5.0,3,0.0,False,-5.743243243243256,,-0.003870441180188083,False,False,营销传播,-9.22,-0.5459841137155365,22.0,26.6766323024055,0.7,0.0,18.67,Other
002406.SZ,002406,远东传动,20100518,主板,381625718.2,5.781865965834432,汽车零部件,未知,801093.SI,280000,8.05,37.6291,34.0097,1.4275,6.9054,587831.191,484781.3829,427704514.00000006,True,1,0,False,False,8.63,-4.507710557532607,-1.2269938650306678,-6.7207415990729995,False,5.781865965834432,-3.057119871279157,76.88,55.13,35592728.81,79.0545,,,274775244.43,49.3722,1.0994,0,587831.191,427704514.00000006,1.0,1.5,PASS,False,0.5932203389830508,76.88,55.13,-7.975999999999999,92.832,ESP-Q,37.6291,1.4275,1.0994,0.4894523933402706,74.48131470588235,0.0,0.0,8.05,8.63,0,84.7651775486827,,0.6891891891891891,0,1,55.0,23,4.643716538211318,False,-4.507710557532607,,0.0007035230935488777,False,False,汽车零部件,92.832,0.4235151158754216,50.0,62.929553264604806,0.7,0.0,44.05,Other
002405.SZ,002405,四维图新,20100518,主板,594823951.85,4.725274725274731,计算机应用,未知,801222.SI,710000,9.53,218.2083,202.5259,2.5636,5.538,2259228.3197,2244873.3675,782176691.3999999,True,0,0,False,False,9.88,6.718924972004481,-11.348837209302332,-3.5425101214575094,False,4.725274725274731,-3.057119871279157,8.15,-32.44,-139531419.57,,,,-2657903336.96,,-1.6263,0,2259228.3197,782176691.3999999,1.0,1.5,PASS,False,0.7627118644067796,8.15,-32.44,-4.9399999999999995,18.03,ESP-Q,218.2083,2.5636,-1.6263,26.7740245398773,143.4918742857143,0.0,0.0,9.53,9.88,0,65.922107674685,,0.7884615384615384,1,1,100.0,16,8.7079969226746,True,6.718924972004481,,-0.0053126870860853975,False,False,计算机应用,18.03,0.0502254465713611,50.0,79.7766323024055,0.7,0.0,55.84,Tier1
002402.SZ,002402,和而泰,20100511,主板,1298788923.2500002,-4.627006610009444,电子制造,未知,801085.SI,270000,30.3,42.2297,42.1929,4.0618,5.6731,2801654.0036,2480252.2651,1153033181.3999999,False,0,0,False,False,33.92,-3.349282296650724,-15.856706470424875,-10.672169811320753,False,-4.627006610009444,-3.057119871279157,1.71,85.82,164511669.91,96.7856,,,1714849877.97,-16.3189,2.4977,0,2801654.0036,1153033181.3999999,1.0,1.5,PASS,False,0.5084745762711864,1.71,85.82,-24.905,0.855,ESP-Q,42.2297,4.0618,2.4977,24.695730994152047,72.22433125,0.0,0.0,30.3,33.92,0,65.922107674685,,0.25,0,0,5.0,11,-9.29396314562343,False,-3.349282296650724,,-0.020484102812063934,False,False,电子制造,0.855,-0.321161639907294,32.0,28.6766323024055,0.7,0.0,20.07,Other
002409.SZ,002409,雅克科技,20100525,主板,2412484928.3500004,30.03767553373673,半导体,未知,801081.SI,270000,113.9,54.191,53.8455,6.6914,13.3574,5420816.2524,3627974.0883,4604007565.6,False,1,1,False,False,125.0,5.992927600967812,26.34498058790904,-8.879999999999999,False,30.03767553373673,-3.057119871279157,-3.81,5.91,244385624.22,91.6373,,,2521716206.29,-11.9372,3.3401,0,5420816.2524,4604007565.6,1.0,1.5,PASS,False,0.8813559322033898,-3.81,5.91,21.265,-25.075,ESP-Q,54.191,6.6914,3.3401,,141.87467999999998,10.0,0.0,113.9,125.0,0,65.922107674685,,0.782608695652174,1,1,85.0,7,9.029854525915717,True,5.992927600967812,,-0.003907573973928741,True,False,半导体,-25.075,-0.3286355906676878,32.0,68.6766323024055,0.7,0.0,58.07,Tier2
002415.SZ,002415,海康威视,20100528,主板,2285477651.45,-6.2259116513489365,计算机设备,未知,801101.SI,710000,31.63,20.4211,19.4061,3.6606,0.6888,28988488.7127,28613770.0922,1859306905.7999997,False,0,0,False,False,37.09,-4.498792270531393,-2.3162445954292843,-14.720949042868703,False,-6.2259116513489365,-3.057119871279157,37.44,15.98,2647647238.1,95.199,,,30810777414.54,-57.505,3.2833,0,28988488.7127,1859306905.7999997,1.0,1.5,PASS,False,0.7288135593220338,37.44,15.98,7.12,37.44,ESP-Q,20.4211,3.6606,3.2833,0.5454353632478632,116.38087647058823,10.0,0.0,31.63,37.09,0,92.55441008018327,,0.375,0,0,5.0,8,-4.340089140526427,False,-4.498792270531393,,-0.009974184519910001,False,False,计算机设备,37.44,-0.2170244712312222,32.0,36.66632302405498,0.7,0.0,35.67,Other
002414.SZ,002414,高德红外,20100716,主板,1404406290.15,-4.405594405594416,其他电子,未知,801082.SI,270000,13.67,85.0796,60.2768,7.8816,2.7059,5838096.2596,4645903.1932,911120878.6,False,0,0,False,False,15.52,-2.217453505007161,-18.824228028503565,-11.920103092783506,False,-4.405594405594416,-3.057119871279157,430.69,225.07,351779124.36,96.1404,,,1656946057.6100001,-25.0006,5.0649,0,5838096.2596,911120878.6,1.0,1.5,PASS,False,0.8135593220338984,430.69,225.07,16.535,430.69,ESP-Q,85.0796,7.8816,5.0649,0.19754254800436508,108.22777500000001,0.0,0.0,13.67,15.52,0,65.922107674685,,0.3888888888888889,0,0,5.0,6,-2.517591518577367,False,-2.217453505007161,,-0.02846597071143811,False,False,其他电子,430.69,1.2092180961316004,68.0,35.8766323024055,0.7,0.0,25.11,Other
002413.SZ,002413,雷科防务,20100528,主板,1486179621.3500001,-19.50530035335689,白色家电,未知,801111.SI,330000,11.39,,,4.5694,6.2953,1502729.0858,1475495.3361,744114159.2,False,0,0,False,False,15.5,-9.960474308300393,-17.28395061728394,-26.516129032258064,False,-19.50530035335689,-3.057119871279157,51.75,75.0,-19087887.3,,,,-278754726.53,,-0.4844,0,1502729.0858,744114159.2,1.0,1.5,PASS,False,0.23728813559322035,51.75,75.0,-17.555,86.86000000000001,,,4.5694,-0.4844,,53.917895,0.0,0.0,11.39,15.5,0,65.922107674685,,0.08333333333333333,0,0,5.0,8,-21.67720945490158,False,-9.960474308300393,,-0.05730838551193234,False,False,白色家电,86.86000000000001,0.20175873158437568,50.0,32.2766323024055,1.0,0.0,32.28,Other
002418.SZ,002418,康盛股份,20100601,主板,1169309448.45,-11.908646003262636,白色家电,未知,801111.SI,330000,5.4,244.7151,353.3755,4.2142,11.6845,613656.0,613654.4005,702626068.9999999,False,2,0,False,False,7.12,-9.090909090909093,13.684210526315788,-24.157303370786508,False,-11.908646003262636,-3.057119871279157,-72.87,109.29,2941060.92,60.8504,,,31327903.82,174.7725,0.3325,0,613656.0,702626068.9999999,1.0,1.5,PASS,False,0.23728813559322035,-72.87,109.29,-17.555,-36.435,ESP-Q,244.7151,4.2142,0.3325,,53.917895,0.0,0.0,5.4,7.12,0,94.15807560137456,,0.20833333333333334,0,0,5.0,8,-14.080555104807324,False,-9.090909090909093,,-0.021622697354380688,False,False,白色家电,-36.435,-0.2926700051447158,32.0,37.14742268041237,0.7,0.0,26.0,Other
002442.SZ,002442,龙星科技,20100706,主板,164926986.55,28.621291448516573,橡胶,未知,801037.SI,220000,7.37,93.7466,187.1609,2.0179,27.9604,370924.6578,363092.5448,320361634.8000001,True,2,2,True,False,7.37,20.81967213114755,15.698587127158547,0.0,False,28.621291448516573,-3.057119871279157,-124.38,-83.73,-6947020.65,-78.6487,,,116439321.19999999,-2922.764,0.4799,0,370924.6578,320361634.8000001,1.0,1.5,PASS,False,0.423728813559322,-124.38,-83.73,-28.13,-62.19,ESP-Q,93.7466,2.0179,0.4799,,47.013079999999995,0.0,0.0,7.37,7.37,0,99.65635738831615,CHASE,1.0,1,1,100.0,2,21.76333521272882,True,20.81967213114755,LOCK|OVERHEAT,0.032410495063610295,True,True,橡胶,-62.19,-0.9113124164864883,22.0,84.29690721649484,0.7,0.0,59.01,Tier2
002426.SZ,002426,胜利精密,20100608,主板,628562156.8,-9.92366412213741,电子制造,未知,801085.SI,270000,3.54,,,7.3371,4.9645,1204529.5743,1204520.3614,610006845.4,True,0,0,False,False,4.16,-6.842105263157894,-7.8125,-14.903846153846157,False,-9.92366412213741,-3.057119871279157,-136.39,16.34,-77989644.96,,,,-889364566.2099999,,-4.4992,0,1204529.5743,610006845.4,1.0,1.5,PASS,False,0.5084745762711864,-136.39,16.34,-24.905,-68.195,,,7.3371,-4.4992,,72.22433125,0.0,0.0,3.54,4.16,0,87.5143184421535,,0.1111111111111111,0,0,5.0,11,-14.590620657751396,False,-6.842105263157894,,-0.009531303116720844,False,False,电子制造,-68.195,-0.5585958160021104,22.0,33.154295532646046,1.0,0.0,33.15,Other
002456.SZ,002456,欧菲光,20100803,主板,633660281.9999999,-8.37751855779426,光学光电子,未知,801084.SI,270000,8.64,696.8685,,7.7376,3.3347,2901357.4896,2866230.0671,618552988.0,True,0,0,False,False,9.62,-1.2571428571428456,-11.836734693877549,-10.187110187110171,False,-8.37751855779426,-3.057119871279157,-194.44,-134.95,-253466762.56,,,,-569281847.23,,-6.3659,0,2901357.4896,618552988.0,1.0,1.5,PASS,False,0.9491525423728814,-194.44,-134.95,-19.355800000000002,-97.22,,696.8685,7.7376,-6.3659,,229.99712142857143,0.0,0.0,8.64,9.62,0,92.55441008018327,,0.2,0,0,5.0,7,-14.135216281568873,False,-1.2571428571428456,,-0.01604936036200619,False,False,光学光电子,-97.22,-0.8359297598603054,22.0,34.66632302405498,1.0,0.0,34.67,Other
002430.SZ,002430,杭氧股份,20100610,主板,903228888.15,-9.17553191489361,专用设备,未知,801074.SI,640000,27.32,28.1695,27.0566,2.6543,2.4546,2672876.1569,2671725.4385,551770524.0,False,0,0,False,False,33.43,-8.842175508842177,-12.238997751365243,-18.276996709542324,False,-9.17553191489361,-3.057119871279157,13.04,5.68,251578025.2,94.8971,,,2351000166.32,137.0247,2.6433,0,2672876.1569,551770524.0,1.0,1.5,PASS,False,0.6440677966101694,13.04,5.68,-10.094999999999999,33.23,ESP-Q,28.1695,2.6543,2.6433,2.16023773006135,147.6403775510204,0.0,0.0,27.32,33.43,0,67.0103092783505,,0.2777777777777778,0,0,5.0,17,-9.974035888713152,False,-8.842175508842177,,-0.03359097424809958,False,False,专用设备,33.23,-0.10977328661300378,32.0,29.003092783505153,0.7,0.0,20.3,Other
002434.SZ,002434,万里扬,20100618,主板,184769710.99999997,2.6075619295958363,汽车零部件,未知,801093.SI,280000,7.87,43.0255,50.5817,1.7442,3.4819,1033016.2,1032009.0761,206597172.6,True,0,0,False,False,8.07,0.8974358974358942,-18.10613943808532,-2.478314745972743,False,2.6075619295958363,-3.057119871279157,-52.87,-141.67,43801435.79,60.9127,,,359278313.81,-12.1276,1.2216,0,1033016.2,206597172.6,1.0,1.5,PASS,False,0.5932203389830508,-52.87,-141.67,-7.975999999999999,-26.435,ESP-Q,43.0255,1.7442,1.2216,,74.48131470588235,0.0,0.0,7.87,8.07,0,69.3012600229095,,0.5675675675675675,0,1,55.0,23,1.4694125019727222,False,0.8974358974358942,,0.011909504859142078,False,False,汽车零部件,-26.435,-0.0300800315699178,32.0,54.69037800687285,0.7,0.0,38.28,Other
002436.SZ,002436,兴森科技,20100618,主板,4749919528.05,18.007798652959938,其他电子,未知,801082.SI,270000,33.29,419.2946,392.0649,10.6013,15.057,5658213.2912,5053190.4048,5067528626.4,False,1,0,False,False,36.41,5.7161003493172435,45.49825174825175,-8.569074430101619,False,18.007798652959938,-3.057119871279157,308.32,172.03,28173909.69,150.3034,,,364630152.78999996,,0.3508,0,5658213.2912,5067528626.4,1.0,1.5,PASS,False,0.8135593220338984,308.32,172.03,16.535,308.32,,419.2946,10.6013,0.3508,1.3599331862999482,108.22777500000001,0.0,0.0,33.29,36.41,0,89.46162657502865,CHASE,0.8888888888888888,1,1,75.0,6,19.895801539976986,True,5.7161003493172435,,0.001444972596040382,True,False,其他电子,308.32,0.709926687570723,50.0,74.33848797250859,1.0,0.0,74.34,Tier2
002440.SZ,002440,闰土股份,20100706,主板,441809667.34999996,-19.154443485763593,化学制品,未知,801034.SI,220000,9.37,15.7342,13.0783,1.0403,2.8561,1053187.911,886738.784,274760035.59999996,False,0,0,False,False,12.65,-5.9236947791164845,-36.64638269100744,-25.928853754940718,False,-19.154443485763593,-3.057119871279157,236.83,68.32,148670706.56,80.9209,,,834991402.2,6.6378,1.8314,0,1053187.911,274760035.59999996,1.0,1.5,PASS,False,0.4406779661016949,236.83,68.32,8.2371,236.83,,15.7342,1.0403,1.8314,0.06643668454165434,104.193015625,0.0,0.0,9.37,12.65,0,69.3012600229095,,0.039473684210526314,0,0,5.0,23,-13.450905795748723,False,-5.9236947791164845,,-0.018596155292170954,False,False,化学制品,236.83,0.39464282321288363,50.0,33.29037800687285,1.0,0.0,33.29,Other
002443.SZ,002443,金洲管道,20100706,主板,487327544.54999995,32.948583420776515,金属制品,未知,801075.SI,640000,12.67,47.8817,43.562,1.8904,7.8747,659518.5038,657646.5075,567272385.2000002,True,1,0,False,False,13.88,2.7575020275750095,43.00225733634313,-8.717579250720464,False,32.948583420776515,-3.057119871279157,45.89,-31.98,35305024.33,88.4492,,,305240198.44,52.1921,1.146,0,659518.5038,567272385.2000002,1.0,1.5,PASS,False,0.5423728813559322,45.89,-31.98,-11.295,68.48,ESP-Q,47.8817,1.8904,1.146,1.0434016125517542,68.8756909090909,0.0,0.0,12.67,13.88,0,88.77434135166094,CHASE,1.0,1,1,100.0,4,39.447535202747154,True,2.7575020275750095,,0.03449453973954206,True,False,金属制品,68.48,0.5966102530959715,50.0,86.63230240549828,0.7,0.0,60.64,Tier2
002613.SZ,002613,北玻股份,20110830,主板,226591411.05000004,1.5037593984962294,专用设备,未知,801074.SI,640000,4.05,142.1418,421.9061,2.0192,6.3672,445730.3203,313337.126,176693673.6,False,0,0,False,False,4.6,1.5037593984962294,0.24752475247524774,-11.956521739130432,False,1.5037593984962294,-3.057119871279157,-103.31,-66.56,-669936.55,-38.8651,,,61561824.849999994,7585.3161,0.0781,0,445730.3203,176693673.6,1.0,1.5,PASS,False,0.6440677966101694,-103.31,-66.56,-10.094999999999999,-51.655,ESP-Q,142.1418,2.0192,0.0781,,147.6403775510204,0.0,0.0,4.05,4.6,0,97.4799541809851,,0.5370370370370371,0,1,40.0,17,0.7052554246766873,False,1.5037593984962294,,0.005690413566621461,False,False,专用设备,-51.655,-0.3983482446253043,32.0,55.64398625429553,0.7,0.0,38.95,Other
002439.SZ,002439,启明星辰,20100623,主板,761383283.2,-0.1986754966887383,计算机应用,未知,801222.SI,710000,15.07,,,1.6763,6.5595,1825580.1089,1097998.9959,635895206.0,False,0,0,False,False,17.15,-5.635566687539139,1.2768817204301008,-12.128279883381921,False,-0.1986754966887383,-3.057119871279157,236.11,-294.68,70056074.71,143.8149,,,-900183005.6800001,-76.0649,0.4483,0,1825580.1089,635895206.0,1.0,1.5,PASS,False,0.7627118644067796,236.11,-294.68,-4.9399999999999995,245.99,ESP-Q,,1.6763,0.4483,,143.4918742857143,0.0,0.0,15.07,17.15,0,62.77205040091638,,0.6538461538461539,0,1,40.0,16,3.7840467007111296,False,-5.635566687539139,,-0.04814275773070352,False,False,计算机应用,245.99,1.0124491733855154,68.0,52.43161512027491,0.7,0.0,36.7,Other
002444.SZ,002444,巨星科技,20100713,主板,527285224.2499999,1.2792511700468134,通用机械,未知,801072.SI,640000,32.46,15.4491,15.1197,2.0275,1.2091,3877276.1788,3722282.4249,570405646.4000001,True,0,0,False,False,36.85,-6.455331412103749,-9.958391123439657,-11.913161465400268,False,1.2792511700468134,-3.057119871279157,9.31,0.94,505437476.46,98.0685,,,6120930936.93,12.445,2.717,0,3877276.1788,570405646.4000001,1.0,1.5,PASS,False,0.7796610169491526,9.31,0.94,1.3,9.31,ESP-Q,15.4491,2.0275,2.717,1.659409237379162,114.34343529411765,10.0,0.0,32.46,36.85,0,65.922107674685,,0.37209302325581395,0,1,55.0,13,-7.023103228961868,False,-6.455331412103749,,-0.011792572118015588,False,False,通用机械,9.31,0.25545694709477945,50.0,57.2766323024055,0.7,0.0,50.09,Tier2
002466.SZ,002466,天齐锂业,20100831,主板,6901149898.8,-6.972139725639925,稀有金属,未知,801054.SI,240000,65.78,243.5999,50.4371,2.4313,4.3666,11269550.1155,9707312.4391,4594488029.200001,False,0,0,False,False,82.49,-4.818405440601936,28.376268540202965,-20.2570008485877,False,-6.972139725639925,-3.057119871279157,3987.18,104.53,1815751653.83,96.787,,,2247503625.95,6.9364,4.2273,0,11269550.1155,4594488029.200001,1.0,1.5,PASS,False,0.8983050847457628,3987.18,104.53,108.81,3987.18,ESP-Q,243.5999,2.4313,4.2273,0.06109578699732643,123.306975,0.0,0.0,65.78,82.49,0,65.922107674685,,0.75,1,0,40.0,5,2.1954640457333863,False,-4.818405440601936,,-0.03810404948163921,False,False,稀有金属,2014.9280000000006,3.203607385994517,95.61082215798355,58.89879673400221,0.7,0.0,41.23,Other
002445.SZ,002445,中南文化,20100713,主板,783372076.0500001,2.318840579710124,文化传媒,未知,801761.SI,720000,3.53,112.3578,159.977,3.672,5.5224,838942.4584,835306.0085,920866166.2,True,0,0,False,False,4.27,-16.94117647058824,15.359477124182996,-17.33021077283372,False,2.318840579710124,-3.057119871279157,-77.78,-25.55,2727947.57,10.3591,,,114631354.18,-265.8471,1.1594,0,838942.4584,920866166.2,1.0,1.5,PASS,False,0.864406779661017,-77.78,-25.55,-15.175,-38.89,ESP-Q,112.3578,3.672,1.1594,,118.69075000000001,0.0,0.0,3.53,4.27,0,76.97594501718214,,0.625,0,1,55.0,5,3.521296299137128,False,-16.94117647058824,,0.008539101925517581,False,False,文化传媒,-38.89,-0.1652906512918667,32.0,56.99278350515464,0.7,0.0,39.89,Other
002449.SZ,002449,国星光电,20100716,主板,153105153.75,3.308823529411753,光学光电子,未知,801084.SI,270000,8.43,,,1.3877,11.1798,521376.2535,521376.2535,256234916.60000002,True,0,0,False,False,9.1,3.9457459926017346,-0.47225501770957745,-7.362637362637359,False,3.308823529411753,-3.057119871279157,-468.72,-571.33,-39085583.76,,,,-52683998.9,,-0.8899,0,521376.2535,256234916.60000002,1.0,1.5,PASS,False,0.9491525423728814,-468.72,-571.33,-19.355800000000002,-234.36,,,1.3877,-0.8899,,229.99712142857143,0.0,0.0,8.43,9.1,0,92.55441008018327,,0.35,0,1,55.0,7,-2.44887419436286,False,3.9457459926017346,,0.022016517734957948,False,False,光学光电子,-234.36,-2.182047369594936,12.0,57.66632302405498,1.0,0.0,57.67,Tier2
002457.SZ,002457,青龙管业,20100803,主板,337233374.75,16.81338028169015,金属制品,未知,801075.SI,640000,13.27,34.1386,34.3975,1.743,16.0789,442536.9836,442249.7531,545951795.6,False,0,0,False,False,13.48,9.578860445912474,6.586345381526115,-1.5578635014836806,False,16.81338028169015,-3.057119871279157,14.06,-51.25,-6463581.32,,,,166155684.53,,-0.2494,0,442536.9836,545951795.6,1.0,1.5,PASS,False,0.5423728813559322,14.06,-51.25,-11.295,36.65,ESP-Q,34.1386,1.743,-0.2494,2.4280654338549073,68.8756909090909,0.0,0.0,13.27,13.48,0,96.44902634593356,CHASE,0.9090909090909091,1,1,75.0,4,23.31233206366079,True,9.578860445912474,OVERHEAT,0.010192914466075577,True,True,金属制品,36.65,0.39756714131667215,50.0,76.43470790378007,0.7,0.0,53.5,Tier2
002452.SZ,002452,长高电新,20100720,主板,328083485.35,2.9197080291970767,高低压设备,未知,801734.SI,630000,11.28,20.4224,19.1287,2.5226,5.8997,699734.5919,581197.849,419228103.2,True,0,0,False,False,12.03,4.444444444444429,10.805500982318271,-6.234413965087282,False,2.9197080291970767,-3.057119871279157,79.83,0.44,54558125.98,96.3578,,,588532704.27,106.2304,2.0521,0,699734.5919,419228103.2,1.0,1.5,PASS,False,0.4745762711864407,79.83,0.44,10.365,79.83,ESP-Q,20.4224,2.5226,2.0521,0.25582362520355756,142.6951,0.0,0.0,11.28,12.03,0,78.00687285223368,,0.6451612903225806,0,1,55.0,10,8.39833536212905,True,4.444444444444429,,-0.019510071474456766,False,False,高低压设备,79.83,0.5544670458577156,50.0,60.902061855670105,0.7,0.0,42.63,Other
002454.SZ,002454,松芝股份,20100720,主板,180261049.50000003,-8.100289296046281,汽车零部件,未知,801093.SI,280000,9.53,24.2091,26.5538,1.4681,2.6687,599038.2648,597867.6148,170782510.2,True,1,1,False,False,10.69,-4.028197381671705,3.925845147219187,-10.851262862488309,False,-8.100289296046281,-3.057119871279157,-31.02,157.25,61511997.94,86.1624,,,606354013.52,-202.8998,1.7654,0,599038.2648,170782510.2,1.0,1.5,PASS,False,0.5932203389830508,-31.02,157.25,-7.975999999999999,-15.51,ESP-Q,24.2091,1.4681,1.7654,,74.48131470588235,0.0,0.0,9.53,10.69,0,75.48682703321879,,0.24324324324324326,0,0,5.0,23,-9.238438723669395,False,-4.028197381671705,,-0.002652613549244581,False,False,汽车零部件,-15.51,0.01146982703170992,50.0,35.14604810996563,0.7,0.0,24.6,Other
002453.SZ,002453,华软科技,20100720,主板,211302783.25,14.949494949494957,化学制品,未知,801034.SI,220000,5.69,,,6.1951,4.3138,462236.8947,342908.052,182705296.40000004,False,2,0,False,False,6.77,-8.373590982286627,-6.568144499178974,-15.95273264401772,False,14.949494949494957,-3.057119871279157,-52.81,5.98,-38268472.45,,,,-511225662.13,,-5.0039,0,462236.8947,182705296.40000004,1.0,1.5,PASS,False,0.4406779661016949,-52.81,5.98,8.2371,-61.0471,,,6.1951,-5.0039,,104.193015625,0.0,0.0,5.69,6.77,0,93.81443298969072,,0.8157894736842105,1,1,75.0,23,20.653032639509828,True,-8.373590982286627,,-0.05021238571487683,False,False,化学制品,-61.0471,-0.25535362954872326,32.0,72.04432989690721,1.0,0.0,72.04,Tier2
002460.SZ,002460,赣锋锂业,20100810,主板,5840507401.1,-9.63291746641075,稀有金属,未知,801054.SI,240000,75.33,97.9206,41.4978,3.3997,4.791,15794398.9453,9124105.4803,4528193450.0,False,0,0,False,False,91.67,-3.4973097617217563,13.585645355850428,-17.824806370677436,False,-9.63291746641075,-3.057119871279157,685.83,56.56,1418844330.93,77.2255,,,-821417745.0399998,35.102,4.0113,0,15794398.9453,4528193450.0,1.0,1.5,PASS,False,0.8983050847457628,685.83,56.56,108.81,685.8299999999999,ESP-Q,97.9206,3.3997,4.0113,0.14277678141813568,123.306975,0.0,0.0,75.33,91.67,0,79.72508591065292,,0.5,0,0,5.0,5,-0.46531369503743925,False,-3.4973097617217563,,-0.036621946882591766,False,False,稀有金属,685.8299999999999,0.7932739939711823,50.0,36.41752577319588,0.7,0.0,25.49,Other
601717.SH,601717,中创智领,20100803,主板,432598795.9000001,-9.181636726546905,汽车零部件,未知,801093.SI,280000,18.2,7.5684,7.9317,1.2972,1.3101,3249427.8726,2806741.6286,385084839.40000004,True,0,0,False,False,20.76,-0.7633587786259555,-26.04632263307599,-12.331406551059743,False,-9.181636726546905,-3.057119871279157,-35.6,0.64,637809216.8,71.495,,,9554958587.99,14.9164,3.6237,0,3249427.8726,385084839.40000004,1.0,1.5,PASS,False,0.5932203389830508,-35.6,0.64,-7.975999999999999,-17.8,ESP-Q,7.5684,1.2972,3.6237,,74.48131470588235,10.0,0.0,18.2,20.76,0,65.922107674685,,0.1891891891891892,0,0,5.0,23,-10.31978615417002,False,-0.7633587786259555,,0.0043702575063584645,False,False,汽车零部件,-17.8,0.002760520285922504,50.0,32.2766323024055,0.7,0.0,32.59,Other
002463.SZ,002463,沪电股份,20100818,主板,6954196310.099999,3.8869965938689743,元件,未知,801083.SI,270000,103.7,52.2084,46.3878,12.6081,4.0089,19955649.8787,19939544.7398,6127534767.6,False,0,0,False,False,114.46,0.6893873191571975,49.92048575972243,-9.400663987419177,False,3.8869965938689743,-3.057119871279157,56.02,47.69,1162681935.0,93.6075,,,9243483002.0,36.6726,7.7867,0,19955649.8787,6127534767.6,1.0,1.5,PASS,False,0.7457627118644068,56.02,47.69,2.79,56.02,,52.2084,12.6081,7.7867,0.9319600142806139,204.28836129032257,0.0,0.0,103.7,114.46,0,69.3012600229095,,0.3939393939393939,0,1,40.0,10,-6.956891267238196,False,0.6893873191571975,,-0.028907774044039474,False,False,元件,56.02,-0.1511581067913426,32.0,47.19037800687285,1.0,0.0,47.19,Other
002484.SZ,002484,江海股份,20100929,主板,2249453235.9500003,55.57735426008967,元件,未知,801083.SI,270000,55.51,69.9866,68.9656,7.3476,5.8572,4721258.3965,4554441.543,3295984551.9999995,True,2,1,False,False,59.99,14.077270859021795,83.56481481481481,-7.467911318553099,False,55.57735426008967,-3.057119871279157,12.57,6.3,154429209.68,95.3222,,,1667360157.78,101.8929,2.5524,0,4721258.3965,3295984551.9999995,1.0,1.5,PASS,False,0.7457627118644068,12.57,6.3,2.79,12.57,,69.9866,7.3476,2.5524,5.56774860779634,204.28836129032257,0.0,0.0,55.51,59.99,0,99.0836197021764,CHASE,1.0,1,1,100.0,10,44.7334663989825,True,14.077270859021795,OVERHEAT,-0.0054165423474661365,True,True,元件,12.57,-0.23655912615264035,32.0,86.12508591065293,1.0,0.0,86.13,Tier2
002470.SZ,002470,金正大,20100908,主板,708067476.9499999,-15.172413793103445,化学制品,未知,801034.SI,220000,2.46,233.6617,217.107,3.7915,3.6061,808362.8245,808291.0356,386170159.2,True,0,0,False,False,3.17,-12.765957446808507,16.037735849056588,-22.397476340694,False,-15.172413793103445,-3.057119871279157,1250.14,95.06,4455233.62,38.9401,,,-102721029.88999999,514.0723,0.5385,0,808362.8245,386170159.2,1.0,1.5,PASS,False,0.4406779661016949,1250.14,95.06,8.2371,1250.14,ESP-Q,233.6617,3.7915,0.5385,0.18690842625625928,104.193015625,0.0,0.0,2.46,3.17,0,66.55211912943871,,0.17105263157894737,0,0,5.0,23,-9.468876103088574,False,-12.765957446808507,,-0.028368453646663253,False,False,化学制品,1250.14,2.605782603840075,82.0,38.865635738831614,0.7,0.0,27.21,Other
601177.SH,601177,杭齿前进,20101011,主板,257584504.60000002,15.426251691474956,通用机械,未知,801072.SI,640000,17.06,27.4355,26.4834,2.3884,7.8673,695559.231,682502.36,339370996.6,True,1,0,False,False,17.9,0.5303476723629963,-0.8139534883720989,-4.692737430167593,False,15.426251691474956,-3.057119871279157,19.16,3.33,59846540.59,95.3664,,,569885192.65,-41.8404,2.1833,0,695559.231,339370996.6,1.0,1.5,PASS,False,0.7796610169491526,19.16,3.33,1.3,19.16,ESP-Q,27.4355,2.3884,2.1833,1.4319154488517747,114.34343529411765,0.0,0.0,17.06,17.9,0,75.94501718213058,CHASE,0.6976744186046512,0,1,55.0,13,7.123897292466275,True,0.5303476723629963,,-0.009775289305041734,True,False,通用机械,19.16,0.2817531019662802,50.0,60.28350515463917,0.7,0.0,42.2,Other
601377.SH,601377,兴业证券,20101013,主板,496958981.29999995,-2.348993288590595,证券,未知,801193.SI,490000,5.82,17.5105,16.0083,0.8874,1.7034,5026144.6051,5026144.6051,464545285.2,False,0,0,False,False,6.21,-1.1884550084889534,-15.036496350364958,-6.28019323671497,False,-2.348993288590595,-3.057119871279157,42.65,39.98,718658400.56,91.47,,,6028739418.47,882.8996,1.2675,0,5026144.6051,464545285.2,1.0,1.5,PASS,False,0.03389830508474576,42.65,39.98,31.015,11.634999999999998,,17.5105,0.8874,1.2675,0.41056271981242676,30.001145454545455,0.0,0.0,5.82,6.21,0,71.8213058419244,,0.45454545454545453,0,0,5.0,14,-0.4651856630046358,False,-1.1884550084889534,,0.009513625883788986,False,False,证券,11.634999999999998,0.02843728741264639,50.0,34.04639175257732,1.0,0.0,34.05,Other
302132.SZ,302132,中航成飞,20100827,创业板,581203636.5500001,-6.150736355760911,仪器仪表,未知,801073.SI,640000,65.0,50.6035,50.0748,8.1077,1.1817,17368593.944,3809451.7435,468843516.5999999,False,0,0,False,False,75.55,-4.692082111436957,-18.197835388874893,-13.96426207809397,False,-6.150736355760911,-3.057119871279157,43.77,3391.33,185726095.11,96.3622,,,6455001335.49,988.2742,0.9042,0,17368593.944,468843516.5999999,1.0,1.5,PASS,False,0.6949152542372882,43.77,3391.33,0.78,43.77,,50.6035,8.1077,0.9042,1.1561229152387478,92.29922857142857,0.0,0.0,65.0,75.55,0,50.0,COV-LOW,0.42857142857142855,0,0,5.0,3,-3.8872333897915,False,-4.692082111436957,,-0.03738016897407478,False,False,仪器仪表,43.77,0.3311379799916376,50.0,27.5,1.0,0.0,27.5,Other
002478.SZ,002478,常宝股份,20100921,主板,360153195.75,-27.255460588793913,金属制品,未知,801075.SI,640000,7.66,14.3076,15.7551,1.1365,3.9357,690016.0386,553606.5365,181157907.59999996,False,0,0,False,False,11.69,-6.127450980392157,-26.275264677574594,-34.47390932420872,False,-27.255460588793913,-3.057119871279157,-28.0,-11.68,67567321.21,100.9803,,,1088132952.1399999,97.594,1.1084,0,690016.0386,181157907.59999996,1.0,1.5,PASS,False,0.5423728813559322,-28.0,-11.68,-11.295,-14.0,,14.3076,1.1365,1.1084,,68.8756909090909,0.0,0.0,7.66,11.69,0,80.52691867124857,,0.09090909090909091,0,0,5.0,4,-20.75650880682327,False,-6.127450980392157,,-0.03757505950746954,False,False,金属制品,-14.0,0.08083658487238975,50.0,36.65807560137457,1.0,0.0,36.66,Other
002471.SZ,002471,中超控股,20100910,主板,1123081187.0,-16.683725690890473,高低压设备,未知,801734.SI,630000,8.14,,,6.1743,11.0653,1114170.64,1093617.9337,635661285.2,True,0,0,False,False,10.3,1.6229712858926382,-9.050279329608923,-20.97087378640776,False,-16.683725690890473,-3.057119871279157,68.72,39.63,-6389891.85,,,,-55489480.87,,-0.2628,0,1114170.64,635661285.2,1.0,1.5,PASS,False,0.4745762711864407,68.72,39.63,10.365,68.72,,,6.1743,-0.2628,,142.6951,0.0,0.0,8.14,10.3,0,51.890034364261176,,0.16129032258064516,0,0,5.0,10,-11.2050983579585,False,1.6229712858926382,,-0.019945717315764725,False,False,高低压设备,68.72,0.4695140502868007,50.0,28.067010309278352,1.0,0.0,28.07,Other
002527.SZ,002527,新时达,20101224,主板,194363249.95,5.089820359281427,专用设备,未知,801074.SI,640000,14.04,1690.2394,1519.4203,7.4843,5.254,930938.0526,742559.6407,341337766.6,True,0,0,False,False,14.41,2.2578295702840423,-15.776844631073795,-2.567661346287309,False,5.089820359281427,-3.057119871279157,-63.32,82.2,-23784392.86,,,,-122286152.57000001,,-0.6019,0,930938.0526,341337766.6,1.0,1.5,PASS,False,0.6440677966101694,-63.32,82.2,-10.094999999999999,-31.66,,1690.2394,7.4843,-0.6019,,147.6403775510204,0.0,10.0,14.04,14.41,0,93.24169530355097,,0.6111111111111112,0,1,55.0,17,4.291316385461885,False,2.2578295702840423,,0.009881091689261831,False,False,专用设备,-31.66,-0.3303732633511576,32.0,61.87250859106529,1.0,10.0,51.87,Tier2
002472.SZ,002472,双环传动,20100910,主板,1145423601.7999997,14.293059125964014,汽车零部件,未知,801093.SI,280000,44.46,29.9545,29.7637,3.6669,8.3088,3778808.7514,3327974.01,2041374809.0,True,0,0,False,False,45.98,4.61176470588236,3.5880708294501407,-3.305785123966931,False,14.293059125964014,-3.057119871279157,-4.04,20.32,258063286.19,90.8384,,,2864667779.93,164.6805,2.7958,0,3778808.7514,2041374809.0,1.0,1.5,PASS,False,0.5932203389830508,-4.04,20.32,-7.975999999999999,-2.02,,29.9545,3.6669,2.7958,,74.48131470588235,0.0,0.0,44.46,45.98,0,88.88888888888889,,0.8513513513513513,1,1,100.0,23,13.1549096983409,True,4.61176470588236,,0.004691911549020793,False,False,汽车零部件,-2.02,0.06277486982676328,50.0,86.66666666666666,1.0,0.0,86.67,Tier2
002595.SZ,002595,豪迈科技,20110628,主板,386596540.79999995,-36.417233560090715,专用设备,未知,801074.SI,640000,56.08,27.1809,27.2302,5.5442,0.3757,6505280.0,6460296.101,309791005.0,False,0,0,False,False,98.5,-4.900797015431579,-40.52391557959487,-43.065989847715734,False,-36.417233560090715,-3.057119871279157,-0.94,20.16,496506491.99,96.3503,,,5647123900.08,19.7288,4.1963,0,6505280.0,309791005.0,1.0,1.5,PASS,False,0.6440677966101694,-0.94,20.16,-10.094999999999999,-0.47,,27.1809,5.5442,4.1963,,147.6403775510204,10.0,0.0,56.08,98.5,0,86.25429553264605,,0.018518518518518517,0,0,5.0,17,-37.21573753391026,False,-4.900797015431579,,-0.005173939682755816,False,False,专用设备,-0.47,-0.22433977168120817,32.0,34.77628865979381,1.0,0.0,44.78,Other
002475.SZ,002475,立讯精密,20100915,主板,15571353594.45,3.224334600760459,电子制造,未知,801085.SI,270000,67.87,29.7896,28.7235,5.5977,2.6798,49449988.3869,49336565.3732,13319578028.2,False,0,0,False,False,81.78,-8.283783783783782,33.602362204724436,-17.00904866715578,False,3.224334600760459,-3.057119871279157,15.22,21.16,2776105716.16,75.8573,,,32086422703.23,-164.9909,4.2116,0,49449988.3869,13319578028.2,1.0,1.5,PASS,False,0.5084745762711864,15.22,21.16,-24.905,7.61,ESP-Q,29.7896,5.5977,4.2116,1.9572667542706963,72.22433125,10.0,0.0,67.87,81.78,0,85.6815578465063,,0.4166666666666667,0,1,40.0,11,-1.442621934853527,False,-8.283783783783782,,-0.05057515996204937,False,False,电子制造,7.61,-0.29793400979113926,32.0,52.10446735395189,0.7,0.0,46.47,Other
002500.SZ,002500,山西证券,20101115,主板,154706977.64999998,-6.927175843694489,证券,未知,801193.SI,490000,5.24,20.3484,20.2283,1.0031,1.6463,1881040.2906,1881040.2906,221273449.8,True,0,0,False,False,5.78,-2.23880597014926,-12.080536912751672,-9.342560553633216,False,-6.927175843694489,-3.057119871279157,-3.76,26.19,239675161.0,93.9729,,,2321927524.0,1748.6081,1.369,0,1881040.2906,221273449.8,1.0,1.5,PASS,False,0.03389830508474576,-3.76,26.19,31.015,-34.775,,20.3484,1.0031,1.369,,30.001145454545455,0.0,0.0,5.24,5.78,0,69.3012600229095,,0.11363636363636363,0,0,5.0,14,-5.0433682181085295,False,-2.23880597014926,,0.009635272555293012,False,False,证券,-34.775,-0.5978240055301466,22.0,27.690378006872848,1.0,0.0,27.69,Other
002488.SZ,002488,金固股份,20101021,主板,296144137.75000006,0.0,汽车零部件,未知,801093.SI,280000,11.43,273.7441,199.5031,3.2799,2.3988,1137786.8513,1051656.0109,252768795.4,False,0,0,False,False,13.25,-6.003289473684214,-9.572784810126588,-13.735849056603778,False,0.0,-3.057119871279157,288.7,114.09,24237926.0,104.447,,,118963472.42,-435.5507,0.6657,0,1137786.8513,252768795.4,1.0,1.5,PASS,False,0.5932203389830508,288.7,114.09,-7.975999999999999,304.652,ESP-Q,273.7441,3.2799,0.6657,0.9481957048839627,74.48131470588235,0.0,0.0,11.43,13.25,0,92.21076746849943,,0.4864864864864865,0,1,40.0,23,-1.138149427623114,False,-6.003289473684214,,-0.03519164688013895,False,False,汽车零部件,304.652,1.2291069739071638,68.0,61.26323024054983,0.7,0.0,42.88,Other
002487.SZ,002487,大金重工,20101015,主板,1437985213.4499998,-12.863547534199327,金属制品,未知,801075.SI,640000,75.8,43.8154,36.9871,5.5881,2.2554,4834140.0654,4782375.6163,1216624432.3999999,False,0,0,False,False,94.18,-2.067183462532307,22.416020671834612,-19.51582076874072,False,-12.863547534199327,-3.057119871279157,73.86,148.68,426949053.83,98.231,,,2962226309.71,83.2296,5.1174,0,4834140.0654,1216624432.3999999,1.0,1.5,PASS,False,0.5423728813559322,73.86,148.68,-11.295,96.45,,43.8154,5.5881,5.1174,0.593222312483076,68.8756909090909,0.0,0.0,75.8,94.18,0,86.25429553264605,,0.18181818181818182,0,0,5.0,4,-6.364595752228686,False,-2.067183462532307,,-0.04056932410225105,False,False,金属制品,96.45,0.7715155574147589,50.0,38.376288659793815,1.0,0.0,38.38,Other
002493.SZ,002493,荣盛石化,20101102,主板,805221049.9,-6.946688206785145,化学纤维,未知,801032.SI,220000,11.52,135.6554,37.4214,2.4813,0.6593,11507837.4766,10757453.4766,677198597.4,False,0,0,False,False,14.11,-11.588641596316196,-21.041809458533244,-18.355776045357896,False,-6.946688206785145,-3.057119871279157,389.9,18.58,3029323370.99,107.6026,,,5757272830.44,144.4925,6.2581,0,11507837.4766,677198597.4,1.0,1.5,PASS,False,0.6610169491525424,389.9,18.58,33.59,389.9,ESP-Q,135.6554,2.4813,6.2581,0.3479235701461913,122.71699000000001,0.0,0.0,11.52,14.11,0,69.3012600229095,,0.6,0,0,5.0,4,1.1458818641480004,False,-11.588641596316196,,-0.0417533663722887,False,False,化学纤维,389.9,0.7965956475799897,50.0,33.29037800687285,0.7,0.0,23.3,Other
002491.SZ,002491,通鼎互联,20101021,主板,3456878075.3999996,29.791044776119403,通信设备,未知,801102.SI,730000,21.74,,,10.6098,12.9665,2674008.043,2557643.3256,4041094718.1999993,True,4,3,False,True,27.45,-3.7627268702965955,134.7732181425486,-20.801457194899818,False,29.791044776119403,-3.057119871279157,765.14,-221.95,102828643.59,200.5472,,,89602877.19000001,-22.7949,2.0555,0,2674008.043,4041094718.1999993,1.0,1.5,PASS,False,0.9830508474576272,765.14,-221.95,4.779999999999999,765.14,ESP-Q,,10.6098,2.0555,,182.74448076923076,0.0,0.0,21.74,27.45,0,65.922107674685,,0.975,1,1,100.0,13,30.618791818537233,True,-3.7627268702965955,突破型,-0.018640882089101037,True,False,通信设备,765.14,2.237702875330263,82.0,86.1766323024055,0.7,0.0,60.32,Tier2
002497.SZ,002497,雅化集团,20101109,主板,1638561224.65,-15.29117541979278,化学制品,未知,801034.SI,220000,23.71,43.2133,30.7484,2.4769,4.5518,2732725.7349,2512282.2352,1103515838.6,True,1,0,False,False,32.0,-8.313998453209582,-12.702503681885124,-25.906249999999996,False,-15.29117541979278,-3.057119871279157,419.73,322.97,356555349.32,105.234,,,1414374011.5,-105.9944,3.114,0,2732725.7349,1103515838.6,1.0,1.5,PASS,False,0.4406779661016949,419.73,322.97,8.2371,419.73,ESP-Q,43.2133,2.4769,3.114,0.10295499487765944,104.193015625,0.0,0.0,23.71,32.0,0,65.922107674685,,0.15789473684210525,0,0,5.0,23,-9.587637729777908,False,-8.313998453209582,,-0.011572756295253938,False,False,化学制品,419.73,0.7937481965702109,50.0,32.2766323024055,0.7,0.0,22.59,Other
601996.SH,601996,丰林集团,20110929,主板,225639892.95000002,11.450381679389299,家用轻工,未知,801142.SI,360000,2.92,,,1.3344,6.297,327307.0095,327307.0095,218809978.19999996,False,2,1,False,False,3.2,-4.2622950819672045,20.164609053497927,-8.750000000000002,False,11.450381679389299,-3.057119871279157,24.8528,-3.0567,-29449145.44,,,,-281283795.97,,-1.1202,0,327307.0095,218809978.19999996,1.0,1.5,PASS,False,0.6271186440677966,24.8528,-3.0567,-14.92,54.6928,ESP-Q,,1.3344,-1.1202,,179.96904166666664,0.0,0.0,2.92,3.2,0,66.55211912943871,,0.6111111111111112,0,1,40.0,6,6.0253497840924926,True,-4.2622950819672045,,0.025050140544339947,False,False,家用轻工,54.6928,-0.22841595034701515,32.0,46.365635738831614,0.7,0.0,32.46,Other
002643.SZ,002643,万润股份,20111220,主板,379007479.54999995,-0.23710729104922112,化学制品,未知,801034.SI,220000,16.83,54.6027,53.1179,2.1722,5.8986,1553340.3757,1530377.7677,692316213.6,False,0,0,False,False,18.6,-6.9137168141592875,-1.348182883939042,-9.51612903225808,False,-0.23710729104922112,-3.057119871279157,9.0,29.81,82852408.7,94.3364,,,846092493.78,105.7641,1.2295,0,1553340.3757,692316213.6,1.0,1.5,PASS,False,0.4406779661016949,9.0,29.81,8.2371,0.7629000000000001,,54.6027,2.1722,1.2295,6.066966666666667,104.193015625,0.0,0.0,16.83,18.6,0,91.52348224513173,,0.6447368421052632,0,1,40.0,23,5.46643039896565,True,-6.9137168141592875,,0.004414399149036232,False,False,化学制品,0.7629000000000001,-0.1204782707339808,32.0,53.85704467353952,1.0,0.0,53.86,Tier2
002805.SZ,002805,丰元股份,20160707,主板,730548508.95,27.465181058495823,化学原料,未知,801033.SI,220000,22.88,,,6.8523,7.4763,640783.0183,637929.4476,625275495.0,True,4,1,False,True,27.3,-3.5819637589549203,39.68253968253968,-16.1904761904762,False,27.465181058495823,-3.057119871279157,140.27,-37.9333,36537279.11,47.4917,,,-1086331605.37,8.2792,8.5811,0,640783.0183,625275495.0,1.0,1.5,PASS,False,0.6101694915254238,140.27,-37.9333,-6.205,152.68000000000004,ESP-Q,,6.8523,8.5811,,75.93632,0.0,0.0,22.88,27.3,0,80.41237113402062,CHASE,1.0,1,1,100.0,5,34.20009485159927,True,-3.5819637589549203,突破型,-0.02298492387779588,True,False,化学原料,152.68000000000004,0.07886043803025834,50.0,84.12371134020619,0.7,0.0,58.89,Tier2
002510.SZ,002510,天汽模,20101125,主板,248852391.85000002,7.525325615050638,汽车零部件,未知,801093.SI,280000,7.43,114.5285,126.0601,2.9751,6.4565,754248.06,746601.2809,491381978.20000005,True,0,0,False,False,7.66,0.8141112618724522,-12.588235294117656,-3.0026109660574507,False,7.525325615050638,-3.057119871279157,5.02,-92.33,13235320.49,90.1166,,,23100820.68,205.8064,0.581,0,754248.06,491381978.20000005,1.0,1.5,PASS,False,0.5932203389830508,5.02,-92.33,-7.975999999999999,2.51,,114.5285,2.9751,0.581,22.8144422310757,74.48131470588235,0.0,0.0,7.43,7.66,0,89.91981672394044,,0.7162162162162162,1,1,100.0,23,6.3871761874275235,True,0.8141112618724522,,-0.0008384922695274209,False,False,汽车零部件,2.51,0.08000332378240388,50.0,86.97594501718213,1.0,0.0,86.98,Tier1
601777.SH,601777,千里科技,20101125,主板,743225582.75,20.98039215686276,其他交运设备,未知,801881.SI,280000,12.34,660.9591,494.8863,5.3912,2.5576,5579037.4876,5579037.4876,913999676.1999999,True,0,0,False,False,12.9,2.747710241465451,8.340649692712908,-4.341085271317835,False,20.98039215686276,-3.057119871279157,-96.75,-275.312,749706.5,1.5499,,,-564042653.41,,0.4688,0,5579037.4876,913999676.1999999,1.0,1.5,PASS,False,0.15254237288135594,-96.75,-275.312,-3.01,-48.375,,660.9591,5.3912,0.4688,,147.43112000000002,0.0,10.0,12.34,12.9,0,74.45589919816724,CHASE,1.0,1,1,100.0,2,31.40525238812404,True,2.747710241465451,,-0.013674785969290509,True,False,其他交运设备,-48.375,-0.9693140923723073,22.0,76.73676975945017,1.0,10.0,66.74,Tier2
002515.SZ,002515,金字火腿,20101203,主板,664662503.7500001,7.198748043818459,食品加工,未知,801124.SI,340000,6.85,327.7367,598.0091,3.1569,9.5369,829270.7023,754766.5129,890999468.4,True,1,1,False,False,8.1,0.7352941176470562,16.29881154499151,-15.432098765432102,False,7.198748043818459,-3.057119871279157,-48.44,-2.66,12551077.26,97.2848,,,79731052.4,212.3925,0.4923,0,829270.7023,890999468.4,1.0,1.5,PASS,False,0.288135593220339,-48.44,-2.66,8.68,-57.12,,327.7367,3.1569,0.4923,,51.683299999999996,0.0,0.0,6.85,8.1,0,75.94501718213058,,0.7647058823529411,1,1,100.0,6,3.681343268895909,False,0.7352941176470562,,-0.009274977354644472,False,False,食品加工,-57.12,-0.36090652471791895,32.0,79.18350515463918,1.0,0.0,79.18,Tier2
002520.SZ,002520,日发精机,20101210,主板,329164911.90000004,14.795008912655971,通用机械,未知,801072.SI,640000,6.44,,,16.3215,5.6878,483157.8901,462031.4701,398892655.8,True,2,1,False,False,7.15,-7.07070707070706,-4.166666666666652,-9.93006993006993,False,14.795008912655971,-3.057119871279157,100.43,-92.07,212314.32,0.6277,,,-2022638544.21,51.9268,12.0675,0,483157.8901,398892655.8,1.0,1.5,PASS,False,0.7796610169491526,100.43,-92.07,1.3,100.43,ESP-Q,,16.3215,12.0675,,114.34343529411765,0.0,0.0,6.44,7.15,0,88.88888888888889,,0.6511627906976745,0,1,55.0,13,6.49265451364729,True,-7.07070707070706,,-0.03843121605697132,False,False,通用机械,100.43,0.498716402109109,50.0,64.16666666666666,0.7,0.0,44.92,Other
002522.SZ,002522,浙江众成,20101210,主板,491213014.34999996,4.14012738853502,包装印刷,未知,801141.SI,360000,6.54,101.676,100.4723,2.5419,7.5013,592379.7191,591883.0009,487220562.4,True,2,1,False,False,7.82,-5.079825834542806,10.472972972972983,-16.368286445012792,False,4.14012738853502,-3.057119871279157,8.42,-27.3,14283209.85,93.4442,,,133289270.9,238.2265,0.6579,0,592379.7191,487220562.4,1.0,1.5,PASS,False,0.9152542372881356,8.42,-27.3,0.78,8.42,ESP-Q,101.676,2.5419,0.6579,12.075534441805226,151.91444,0.0,0.0,6.54,7.82,0,70.44673539518901,,0.7894736842105263,1,1,100.0,6,8.549800219260483,True,-5.079825834542806,,-0.03534419739297953,False,False,包装印刷,8.42,-0.18734628714867294,32.0,77.5340206185567,0.7,0.0,54.27,Tier2
002606.SZ,002606,大连电瓷,20110805,主板,884288314.15,22.240392477514305,高低压设备,未知,801734.SI,630000,14.95,30.9833,26.1374,3.3328,9.9241,656414.4639,629607.3722,578234795.0,False,2,1,False,False,18.13,-6.210790464240901,28.76830318690784,-17.539988968560394,False,22.240392477514305,-3.057119871279157,232.89,5.96,55401139.98,93.1034,,,389807661.07,48.283,3.0676,1,656414.4639,578234795.0,1.0,1.5,PASS,False,0.4745762711864407,232.89,5.96,10.365,232.89,ESP-Q,30.9833,3.3328,3.0676,0.13303834428270858,142.6951,0.0,0.0,14.95,18.13,10,75.94501718213058,CHASE,0.967741935483871,1,1,75.0,10,27.719019810446277,True,-6.210790464240901,,-0.028164130352654828,True,False,高低压设备,232.89,1.7248455788986015,68.0,73.88350515463918,0.7,10.0,41.72,Other
601933.SH,601933,永辉超市,20101215,主板,429762380.3,-11.340206185567014,一般零售,未知,801203.SI,450000,3.44,,,14.5867,1.5092,3121812.7256,3121812.7256,319214139.8,False,0,0,False,False,4.01,-6.0109289617486406,-20.185614849187928,-14.214463840398995,False,-11.340206185567014,-3.057119871279157,79.55,-41.7509,246580893.41,85.957,,,-5474218095.62,158.8616,14.3455,0,3121812.7256,319214139.8,1.0,1.5,PASS,False,0.576271186440678,79.55,-41.7509,-2.645,84.83999999999999,ESP-Q,,14.5867,14.3455,,44.26595714285714,0.0,0.0,3.44,4.01,0,65.922107674685,,0.5,0,0,5.0,4,-0.712119899506197,False,-6.0109289617486406,,0.004694278708419247,False,False,一般零售,84.83999999999999,1.3567425626633745,68.0,35.8766323024055,0.7,0.0,25.11,Other
002536.SZ,002536,飞龙股份,20110111,主板,1935057651.2499998,15.79220779220778,汽车零部件,未知,801093.SI,280000,44.58,80.8523,101.6345,7.2961,10.0787,2562395.4887,2426939.9924,1927041508.6,False,1,1,False,False,49.36,0.33760972316001503,51.58109486569194,-9.683954619124801,False,15.79220779220778,-3.057119871279157,-54.2,-6.98,56259389.17,97.2757,,,903184770.25,-212.813,1.6512,0,2562395.4887,1927041508.6,1.0,1.5,PASS,False,0.5932203389830508,-54.2,-6.98,-7.975999999999999,-27.1,ESP-Q,80.8523,7.2961,1.6512,,74.48131470588235,0.0,0.0,44.58,49.36,0,91.86712485681558,CHASE,0.8648648648648649,1,1,85.0,23,14.654058364584666,True,0.33760972316001503,,0.016041221488360957,True,False,汽车零部件,-27.1,-0.032609153397842976,32.0,76.46013745704468,0.7,0.0,53.52,Tier2
002557.SZ,002557,洽洽食品,20110302,主板,270955795.75,-11.335531739488868,食品加工,未知,801124.SI,340000,21.51,34.1689,26.5739,1.995,1.1066,1088094.5438,1085767.7533,168488180.6,True,0,0,False,False,25.99,0.9859154929577452,-6.681127982646418,-17.237398999615227,False,-11.335531739488868,-3.057119871279157,156.47,-67.68,148971180.76,88.5359,,,513228755.96999997,20.1441,3.09,0,1088094.5438,168488180.6,1.0,1.5,PASS,False,0.288135593220339,156.47,-67.68,8.68,156.47,ESP-Q,34.1689,1.995,3.09,0.21837349012590274,51.683299999999996,0.0,0.0,21.51,25.99,0,65.922107674685,,0.29411764705882354,0,0,5.0,6,-14.852936514411418,False,0.9859154929577452,,-0.03683742088020654,False,False,食品加工,156.47,0.9953148012673285,50.0,32.2766323024055,0.7,0.0,22.59,Other
002539.SZ,002539,云图控股,20110118,主板,343557056.8,-8.852691218130316,化学制品,未知,801034.SI,220000,12.87,18.7931,17.7259,1.6,1.9357,1554340.4817,1145164.3954,294814814.40000004,True,0,0,False,False,15.85,-9.557273366127905,-12.389380530973447,-18.801261829653004,False,-8.852691218130316,-3.057119871279157,2.45,11.99,255801492.73,84.268,,,2216440457.82,-136.7766,3.1761,0,1554340.4817,294814814.40000004,1.0,1.5,PASS,False,0.4406779661016949,2.45,11.99,8.2371,-5.7871,ESP-Q,18.7931,1.6,3.1761,7.670653061224489,104.193015625,10.0,0.0,12.87,15.85,0,58.99198167239405,,0.4342105263157895,0,0,5.0,23,-3.149153528115445,False,-9.557273366127905,,-0.016912314128630684,False,False,化学制品,-5.7871,-0.1347710000696314,32.0,26.597594501718213,0.7,0.0,28.62,Other
002533.SZ,002533,金杯电工,20101231,主板,222278965.20000005,-7.238229093464521,高低压设备,未知,801734.SI,630000,13.2,16.149,16.2792,2.3119,2.007,968802.2018,841691.9716,216778978.4,True,0,0,False,False,14.42,-5.376344086021501,-6.911142454160791,-8.46047156726769,False,-7.238229093464521,-3.057119871279157,-7.49,2.36,114221512.22,86.7861,,,1333548925.96,-1315.3316,2.895,0,968802.2018,216778978.4,1.0,1.5,PASS,False,0.4745762711864407,-7.49,2.36,10.365,-17.855,ESP-Q,16.149,2.3119,2.895,,142.6951,10.0,0.0,13.2,14.42,0,87.5143184421535,,0.3870967741935484,0,0,5.0,10,-1.759601760532548,False,-5.376344086021501,,-0.012352441887821246,False,False,高低压设备,-17.855,-0.19248465282318694,32.0,35.154295532646046,0.7,0.0,34.61,Other
002537.SZ,002537,海联金汇,20110110,主板,186721836.65,-12.387096774193552,计算机应用,未知,801222.SI,710000,6.79,26.5341,26.4161,1.816,2.0527,797157.3699,793886.6269,166021171.40000004,False,0,0,False,False,7.83,-5.431754874651807,-25.466520307354546,-13.282247765006383,False,-12.387096774193552,-3.057119871279157,21.02,16.14,28055006.84,53.9696,,,421582371.6,-373.624,1.1917,0,797157.3699,166021171.40000004,1.0,1.5,PASS,False,0.7627118644067796,21.02,16.14,-4.9399999999999995,30.9,ESP-Q,26.5341,1.816,1.1917,1.2623263558515698,143.4918742857143,10.0,0.0,6.79,7.83,0,65.922107674685,,0.1346153846153846,0,0,5.0,16,-8.404374576793684,False,-5.431754874651807,,-0.037225065232632935,False,False,计算机应用,30.9,0.10454997440123548,50.0,32.2766323024055,0.7,0.0,32.59,Other
002545.SZ,002545,东方铁塔,20110211,主板,610702182.6500001,1.1941618752764338,高低压设备,未知,801734.SI,630000,22.88,23.5973,20.2989,2.7863,1.6292,2846414.0459,2585814.5639,450243752.8,False,0,0,False,False,26.75,-6.459525756336881,-10.938108213312582,-14.467289719626175,False,1.1941618752764338,-3.057119871279157,95.87,111.14,399547259.66,99.4234,,,2856591848.01,101.7911,4.0239,0,2846414.0459,450243752.8,1.0,1.5,PASS,False,0.4745762711864407,95.87,111.14,10.365,95.87,,23.5973,2.7863,4.0239,0.24613852091373734,142.6951,10.0,0.0,22.88,26.75,0,86.25429553264605,,0.6129032258064516,0,1,40.0,10,6.672789208208407,True,-6.459525756336881,,-0.05593246004930573,False,False,高低压设备,95.87,0.6771174553048331,50.0,55.876288659793815,1.0,0.0,65.88,Tier1
002544.SZ,002544,普天科技,20110128,主板,384643514.9499999,-15.498022294138792,通信设备,未知,801102.SI,730000,23.5,636.7962,641.2034,4.2928,2.5233,1599254.6415,1599100.6366,341699764.2,False,0,0,False,False,28.28,-7.662082514734769,-23.327895595432302,-16.902404526166904,False,-15.498022294138792,-3.057119871279157,22.93,201.82,-17793125.27,,,,-35174249.26,,-0.4438,0,1599254.6415,341699764.2,1.0,1.5,PASS,False,0.9830508474576272,22.93,201.82,4.779999999999999,22.93,|VAL-X,636.7962,4.2928,-0.4438,27.77131269079808,182.74448076923076,0.0,15.0,23.5,28.28,0,65.922107674685,,0.1,0,0,5.0,13,-14.67027525172096,False,-7.662082514734769,,-0.047964998749340744,False,False,通信设备,22.93,-0.14653959253415366,32.0,28.6766323024055,1.0,15.0,13.68,Other
002541.SZ,002541,鸿路钢构,20110118,主板,223003160.5,-13.79980563654033,专业工程,未知,801724.SI,620000,17.74,19.394,19.0609,1.242,2.1674,1224092.5582,880208.7005,298637991.20000005,True,0,0,False,False,21.02,-3.6393264530146796,-20.090090090090097,-15.604186489058048,False,-13.79980563654033,-3.057119871279157,21.65,-9.76,139670650.35,94.6221,,,1171592659.41,-422.9545,1.468,0,1224092.5582,298637991.20000005,1.0,1.5,PASS,False,0.5254237288135594,21.65,-9.76,-11.64,44.93,ESP-Q,19.394,1.242,1.468,0.8957967667436489,85.53638666666667,0.0,0.0,17.74,21.02,0,84.7651775486827,,0.3333333333333333,0,0,5.0,5,-5.25888036963641,False,-3.6393264530146796,,0.03326582573999872,False,False,专业工程,44.93,0.19602698904335222,50.0,37.929553264604806,0.7,0.0,26.55,Other
601116.SH,601116,三江购物,20110302,主板,179284353.09999996,-13.841807909604531,一般零售,未知,801203.SI,450000,12.2,35.6548,37.7968,1.9954,1.9874,668167.648,668167.648,141536903.8,False,0,0,False,False,14.65,-5.936777178103325,-24.12935323383084,-16.723549488054612,False,-13.841807909604531,-3.057119871279157,-2.57,,51914570.44,86.3173,,,208536553.95,149.9371,1.8124,0,668167.648,141536903.8,1.0,1.5,PASS,False,0.576271186440678,-2.57,,-2.645,-1.285,,35.6548,1.9954,1.8124,,44.26595714285714,0.0,0.0,12.2,14.65,0,92.21076746849943,,0.4166666666666667,0,0,5.0,4,-3.213721623543714,False,-5.936777178103325,,-0.004975027010620258,False,False,一般零售,-1.285,-0.26305439978446593,32.0,36.56323024054983,1.0,0.0,36.56,Other
601137.SH,601137,博威合金,20110127,主板,430554470.3,-2.0517830972154316,金属非金属新材料,未知,801051.SI,240000,20.05,147.4495,,1.9626,2.8291,1841568.9413,1840205.5413,510049755.4,True,0,0,False,False,21.26,-1.619234543670256,1.160443995963667,-5.6914393226716875,False,-2.0517830972154316,-3.057119871279157,-124.06,-89.99,-73606658.04,,,,1595119521.0,,-1.0013,0,1841568.9413,510049755.4,1.0,1.5,PASS,False,0.8305084745762712,-124.06,-89.99,22.085,-146.145,,147.4495,1.9626,-1.0013,,108.89996666666667,0.0,0.0,20.05,21.26,0,65.922107674685,,0.5,0,0,5.0,5,-0.18506812152739305,False,-1.619234543670256,,0.0009240470968950121,False,False,金属非金属新材料,-146.145,-0.5981181595476461,22.0,26.6766323024055,1.0,0.0,26.68,Other
601519.SH,601519,大智慧,20110128,主板,395433031.75,-0.6493506493506329,计算机应用,未知,801222.SI,710000,10.71,,,16.4227,4.6114,2130390.36,2130390.36,430350395.6,True,0,0,False,False,11.54,1.0377358490566202,-12.285012285012286,-7.192374350086639,False,-0.6493506493506329,-3.057119871279157,-1.5866,61.1047,-30672827.89,,,,-171633910.47,,-2.2469,0,2130390.36,430350395.6,1.0,1.5,PASS,False,0.7627118644067796,-1.5866,61.1047,-4.9399999999999995,-0.7933,,,16.4227,-2.2469,,143.4918742857143,0.0,0.0,10.71,11.54,0,65.922107674685,,0.6346153846153846,0,0,5.0,16,3.333371548049235,False,1.0377358490566202,,0.02779384027048284,False,False,计算机应用,-0.7933,-0.0292280798233611,32.0,28.6766323024055,1.0,0.0,28.68,Other
002552.SZ,002552,宝鼎科技,20110225,主板,774461462.35,65.22136010953903,通用机械,未知,801072.SI,640000,36.2,113.0499,81.5061,8.969,9.497,1404506.8982,1333981.9062,1148937953.0,False,6,5,False,True,40.09,12.667289137877379,83.56997971602436,-9.703167872287356,False,65.22136010953903,-3.057119871279157,249.55,593.32,70035013.87,106.039,,,272681525.86,48.9552,4.3114,0,1404506.8982,1148937953.0,1.0,1.5,PASS,False,0.7796610169491526,249.55,593.32,1.3,249.55,,113.0499,8.969,4.3114,0.45301502704868757,114.34343529411765,0.0,0.0,36.2,40.09,0,80.75601374570446,CHASE,1.0,1,1,75.0,13,56.91900571053036,True,12.667289137877379,突破型|OVERHEAT,0.006482873975197058,True,True,通用机械,249.55,0.8968161599200926,50.0,71.72680412371133,1.0,0.0,71.73,Tier2
002546.SZ,002546,新联电子,20110211,主板,178471352.45000005,-10.344827586206895,电气自动化设备,未知,801732.SI,630000,7.8,11.2494,11.5724,1.7187,2.8411,650558.2949,624961.0349,150237033.0,False,0,0,False,False,9.03,-5.2247873633049835,-14.28571428571428,-13.621262458471762,False,-10.344827586206895,-3.057119871279157,0.34,0.05,40355903.17,44.2728,,,254505198.62,14.0583,2.374,0,650558.2949,150237033.0,1.0,1.5,PASS,False,0.4067796610169492,0.34,0.05,-25.5,0.17,ESP-Q,11.2494,1.7187,2.374,33.086470588235294,54.13474375,10.0,0.0,7.8,9.03,0,88.77434135166094,,0.29411764705882354,0,0,5.0,6,-9.465622693240528,False,-5.2247873633049835,,-0.053325661013711334,False,False,电气自动化设备,0.17,-0.07772007236822888,32.0,35.53230240549828,0.7,0.0,34.87,Other
601799.SH,601799,星宇股份,20110201,主板,621111759.1500001,9.05581718520805,汽车零部件,未知,801093.SI,280000,141.26,24.8478,24.3524,3.6484,3.6845,4035507.4728,4035507.4728,976066053.1999999,True,0,0,False,False,146.0,3.8600102933607827,-6.759075907590761,-3.246575342465763,False,9.05581718520805,-3.057119871279157,10.94,16.29,347005659.22,97.7049,,,3043588352.52,110.509,3.0926,0,4035507.4728,976066053.1999999,1.0,1.5,PASS,False,0.5932203389830508,10.94,16.29,-7.975999999999999,26.891999999999996,,24.8478,3.6484,3.0926,2.2712797074954296,74.48131470588235,10.0,0.0,141.26,146.0,0,65.922107674685,,0.7702702702702703,1,1,100.0,23,7.917667757584935,True,3.8600102933607827,,0.003547628842282306,False,False,汽车零部件,26.891999999999996,0.17273271988536837,50.0,79.7766323024055,1.0,0.0,89.78,Tier1
002706.SZ,002706,良信股份,20140121,主板,908649731.6000001,17.27019498607243,高低压设备,未知,801734.SI,630000,12.63,53.4855,64.8999,3.4542,7.4917,1418506.9003,1154863.443,1126943629.4,True,1,0,False,False,13.88,6.582278481012671,14.505893019038997,-9.005763688760805,False,17.27019498607243,-3.057119871279157,-53.53,-11.43,46691566.77,82.6409,,,774780869.47,46.3369,1.3166,0,1418506.9003,1126943629.4,1.0,1.5,PASS,False,0.4745762711864407,-53.53,-11.43,10.365,-63.895,,53.4855,3.4542,1.3166,,142.6951,0.0,0.0,12.63,13.88,0,82.93241695303551,CHASE,0.8709677419354839,1,1,100.0,10,22.748822319004404,True,6.582278481012671,,0.00032066378477147865,True,False,高低压设备,-63.895,-0.5445310899145392,22.0,79.27972508591066,1.0,0.0,79.28,Tier2
002559.SZ,002559,亚威股份,20110303,主板,382451417.45,0.18691588785046953,通用机械,未知,801072.SI,640000,10.72,55.7867,57.8429,3.3965,7.9519,589348.1057,540293.3696,469853405.6,False,0,0,False,False,12.6,-5.467372134038795,2.7804410354746123,-14.920634920634912,False,0.18691588785046953,-3.057119871279157,-8.97,95.14,29852834.47,92.8605,,,281059920.63,12.2684,1.8121,1,589348.1057,469853405.6,1.0,1.5,PASS,False,0.7796610169491526,-8.97,95.14,1.3,-10.270000000000001,,55.7867,3.3965,1.8121,,114.34343529411765,0.0,0.0,10.72,12.6,10,88.88888888888889,,0.3488372093023256,0,1,40.0,13,-8.115438511158212,False,-5.467372134038795,,-0.023033162129585,False,False,通用机械,-10.270000000000001,0.20318499659894348,50.0,56.666666666666664,1.0,10.0,46.67,Other
601216.SH,601216,君正集团,20110222,主板,464448359.00000006,0.5671077504725952,化学原料,未知,801033.SI,220000,5.32,13.5315,14.8273,1.5035,0.8794,4489025.2515,4489025.2515,446329529.20000005,True,0,0,False,False,5.75,-4.659498207885305,-6.50263620386643,-7.4782608695652115,False,0.5671077504725952,-3.057119871279157,-24.86,19.78,710613093.01,99.0563,,,8258837046.23,127.1851,2.4265,0,4489025.2515,446329529.20000005,1.0,1.5,PASS,False,0.6101694915254238,-24.86,19.78,-6.205,-12.43,,13.5315,1.5035,2.4265,,75.93632,0.0,0.0,5.32,5.75,0,92.21076746849943,,0.8,1,1,100.0,5,7.302021543576043,True,-4.659498207885305,,0.011967435809143076,False,False,化学原料,-12.43,-0.1692019377908936,32.0,84.06323024054983,1.0,0.0,84.06,Tier2
002553.SZ,002553,南方精工,20110225,主板,201047752.7,-17.25490196078431,汽车零部件,未知,801093.SI,280000,21.1,21.5764,29.3167,4.745,2.8338,745694.3383,529188.0,164199829.0,True,0,0,False,False,25.97,-3.2997250229147568,-22.908293752283516,-18.752406623026562,False,-17.25490196078431,-3.057119871279157,-16.56,-6.85,25180828.62,9735.6343,,,289960152.92,,0.0165,0,745694.3383,164199829.0,1.0,1.5,PASS,False,0.5932203389830508,-16.56,-6.85,-7.975999999999999,-8.28,,21.5764,4.745,0.0165,,74.48131470588235,0.0,0.0,21.1,25.97,0,92.43986254295532,,0.05405405405405406,0,0,5.0,23,-18.39305138840742,False,-3.2997250229147568,,-0.008340080700439146,False,False,汽车零部件,-8.28,0.03896689592779857,50.0,40.23195876288659,1.0,0.0,40.23,Other
002565.SZ,002565,顺灏股份,20110318,主板,3491741399.199999,-26.83691756272403,包装印刷,未知,801141.SI,360000,16.33,293.6837,263.8859,9.4196,7.063,1730961.9096,1730906.7959,1841208653.9999998,True,1,0,False,False,22.99,-13.138297872340443,6.9417157825802045,-28.96911700739452,False,-26.83691756272403,-3.057119871279157,-23.1,-90.53,12853497.79,64.3211,,,68615380.31,208.9873,1.0957,0,1730961.9096,1841208653.9999998,1.0,1.5,PASS,False,0.9152542372881356,-23.1,-90.53,0.78,-23.880000000000003,ESP-Q,293.6837,9.4196,1.0957,,151.91444,0.0,0.0,16.33,22.99,0,65.922107674685,,0.05263157894736842,0,0,5.0,6,-22.427244731998563,False,-13.138297872340443,,-0.025887343077602848,False,False,包装印刷,-23.880000000000003,-0.3355910542954036,32.0,28.6766323024055,0.7,0.0,20.07,Other
002563.SZ,002563,森马服饰,20110311,主板,161807327.60000002,6.331471135940414,服装家纺,未知,801132.SI,350000,5.71,17.2378,15.5479,1.3614,0.7271,1538325.4814,1260249.9831,87975237.39999999,False,0,0,False,False,6.18,-2.0583190394511175,4.1970802919707895,-7.6051779935275015,False,6.331471135940414,-3.057119871279157,54.08,-22.22,298216130.12,95.7786,,,1952737926.1399999,79.5777,2.6964,0,1538325.4814,87975237.39999999,1.0,1.5,PASS,False,0.11864406779661017,54.08,-22.22,17.065,54.08,ESP-Q,17.2378,1.3614,2.6964,0.31874630177514796,85.02447272727274,0.0,0.0,5.71,6.18,0,65.922107674685,,0.625,0,1,40.0,5,4.233308987068318,False,-2.0583190394511175,,-0.030530077734398135,False,False,服装家纺,54.08,-0.13402825405242091,32.0,46.1766323024055,0.7,0.0,32.32,Other
002562.SZ,002562,兄弟科技,20110310,主板,165837308.3,-6.228373702422152,化学制品,未知,801034.SI,220000,5.42,65.1287,56.6074,1.6829,3.3062,619409.479,440927.4584,165682760.79999998,True,0,0,False,False,6.06,-7.823129251700678,-24.930747922437668,-10.561056105610556,False,-6.228373702422152,-3.057119871279157,62.51,169.2,30425736.99,86.3762,,,277688613.43,75.544,0.9561,0,619409.479,165682760.79999998,1.0,1.5,PASS,False,0.4406779661016949,62.51,169.2,8.2371,62.51,,65.1287,1.6829,0.9561,1.041892497200448,104.193015625,0.0,0.0,5.42,6.06,0,84.19243986254295,,0.5,0,0,5.0,23,-0.5248360124072811,False,-7.823129251700678,,-0.023514213336727773,False,False,化学制品,62.51,0.014259834237217765,50.0,37.75773195876289,1.0,0.0,37.76,Other
002568.SZ,002568,百润股份,20110325,主板,241779182.8,5.468295520651534,食品加工,未知,801124.SI,340000,18.13,29.6265,28.0815,3.7464,2.3432,1888463.7699,1383466.435,289476611.4,True,1,0,False,False,19.44,2.429378531073434,-9.395302348825595,-6.738683127572031,False,5.468295520651534,-3.057119871279157,17.41,-10.16,208720199.31,96.4345,,,1685814035.45,62.8345,4.2704,0,1888463.7699,289476611.4,1.0,1.5,PASS,False,0.288135593220339,17.41,-10.16,8.68,17.41,ESP-Q,29.6265,3.7464,4.2704,1.701694428489374,51.683299999999996,0.0,0.0,18.13,19.44,0,67.12485681557845,,0.7058823529411765,1,1,100.0,6,1.9508907457289837,False,2.429378531073434,,0.014992920153865281,False,False,食品加工,17.41,0.11233274409466823,50.0,80.13745704467354,0.7,0.0,56.1,Tier1
603328.SH,603328,依顿电子,20140701,主板,511029026.7000001,-12.780269058295968,元件,未知,801083.SI,270000,11.67,25.0214,30.1009,2.6921,2.9846,1165182.527,1165182.527,308013716.6,True,0,0,False,False,14.72,-2.5876460767946585,-2.911813643926786,-20.720108695652172,False,-12.780269058295968,-3.057119871279157,-68.15,5.66,34339585.6,91.1565,,,1081217981.93,369.5092,0.8717,0,1165182.527,308013716.6,1.0,1.5,PASS,False,0.7457627118644068,-68.15,5.66,2.79,-70.94000000000001,,25.0214,2.6921,0.8717,,204.28836129032257,0.0,0.0,11.67,14.72,0,85.6815578465063,,0.030303030303030304,0,0,5.0,10,-23.624156919403138,False,-2.5876460767946585,,0.0032371285279110323,False,False,元件,-70.94000000000001,-0.4006981164141358,32.0,34.60446735395189,1.0,0.0,34.6,Other
002579.SZ,002579,中京电子,20110506,主板,659671109.9,-3.1842304776345753,元件,未知,801083.SI,270000,12.77,285.84,298.2725,3.2559,10.8464,782313.9777,745016.9886,572158849.1999999,False,0,0,False,False,13.98,-2.2205206738131755,9.896729776247849,-8.655221745350506,False,-3.1842304776345753,-3.057119871279157,203.82,121.77,4012549.03,71.3994,,,49371051.17,5982.464,0.2337,0,782313.9777,572158849.1999999,1.0,1.5,PASS,False,0.7457627118644068,203.82,121.77,2.79,203.82,ESP-Q,285.84,3.2559,0.2337,1.4024138946128937,204.28836129032257,0.0,0.0,12.77,13.98,0,91.52348224513173,,0.2727272727272727,0,0,5.0,10,-14.028118338741745,False,-2.2205206738131755,,-0.01952197366168505,False,False,元件,203.82,0.13934294410853781,50.0,39.957044673539514,0.7,0.0,27.97,Other
601233.SH,601233,桐昆股份,20110518,主板,926005820.6500001,-4.597132970835394,化学纤维,未知,801032.SI,220000,19.3,22.5869,13.8319,1.1416,1.2813,4591472.8757,4583117.3846,765358400.4000001,False,1,0,False,False,24.45,-5.577299412915848,-16.738567730802412,-21.06339468302658,False,-4.597132970835394,-3.057119871279157,193.18,70.31,1757946491.43,92.6366,,,5706417701.95,-180.7044,4.832,0,4591472.8757,765358400.4000001,1.0,1.5,PASS,False,0.6610169491525424,193.18,70.31,33.59,193.18,ESP-Q,22.5869,1.1416,4.832,0.11692152396728439,122.71699000000001,10.0,0.0,19.3,24.45,0,65.922107674685,,0.7,1,0,40.0,4,3.495437100097752,False,-5.577299412915848,,-0.0028334306798823883,False,False,化学纤维,193.18,0.44451961526143735,50.0,49.7766323024055,0.7,0.0,44.84,Other
601208.SH,601208,东材科技,20110520,主板,3536367039.6500006,32.187413362905474,塑料,未知,801036.SI,220000,47.68,168.7414,126.6198,7.9117,8.2914,4816552.2722,4816552.2722,3564104103.0,True,1,0,False,False,52.67,4.607283896445802,71.88175919250182,-9.474083918739328,False,32.187413362905474,-3.057119871279157,41.74,86.56,107951940.8,57.7801,,,730576877.77,-7.3442,3.0805,0,4816552.2722,3564104103.0,1.0,1.5,PASS,False,0.6779661016949152,41.74,86.56,-4.92,51.580000000000005,ESP-Q,168.7414,7.9117,3.0805,4.042678485864878,184.85352307692307,0.0,0.0,47.68,52.67,0,91.17983963344788,CHASE,1.0,1,1,100.0,6,22.985879773973977,True,4.607283896445802,,-0.005473970256867877,True,False,塑料,51.580000000000005,0.12586430529751014,50.0,87.35395189003437,0.7,0.0,61.15,Tier2
002584.SZ,002584,西陇科学,20110602,主板,191214671.85,3.1887755102040893,化学制品,未知,801034.SI,220000,8.09,,,2.1639,10.6568,473440.0854,378957.0603,278405268.0,False,0,0,False,False,8.5,-1.3414634146341364,-6.90448791714614,-4.823529411764705,False,3.1887755102040893,-3.057119871279157,105.83,-28.19,12287917.69,102.566,,,158371826.6,-1150.5263,0.5499,0,473440.0854,278405268.0,1.0,1.5,PASS,False,0.4406779661016949,105.83,-28.19,8.2371,105.83,ESP-Q,,2.1639,0.5499,,104.193015625,0.0,0.0,8.09,8.5,0,60.93928980526919,,0.7105263157894737,1,1,75.0,23,8.892313200218961,True,-1.3414634146341364,,0.0016137626135368265,False,False,化学制品,105.83,0.10878823649987177,50.0,65.78178694158075,0.7,0.0,46.05,Other
601222.SH,601222,林洋能源,20110808,主板,262968954.29999998,2.4232633279482885,电力,未知,801161.SI,410000,6.34,52.9829,71.5565,0.8631,3.9305,1294133.5789,1294133.5789,519347347.1999999,False,1,1,False,False,7.06,3.5947712418300526,2.922077922077926,-10.198300283286121,False,2.4232633279482885,-3.057119871279157,-64.53,-58.9,43120074.03,71.6117,,,1062580015.6099999,-596.1623,0.3961,0,1294133.5789,519347347.1999999,1.0,1.5,PASS,False,0.3050847457627119,-64.53,-58.9,0.02,-64.55,ESP-Q,52.9829,0.8631,0.3961,,55.30460465116279,0.0,0.0,6.34,7.06,0,89.23253150057275,,0.6590909090909091,0,1,40.0,14,2.657915312926573,False,3.5947712418300526,,0.020206553864317446,False,False,电力,-64.55,-0.9147594326400461,22.0,51.169759450171824,0.7,0.0,35.82,Other
002583.SZ,002583,海能达,20110527,主板,256626932.14999995,-16.682286785379564,通信设备,未知,801102.SI,730000,8.89,,,7.9396,2.0342,1616752.6297,1140338.8845,241820156.40000004,True,0,0,False,False,10.88,-7.1055381400208955,-17.53246753246752,-18.290441176470583,False,-16.682286785379564,-3.057119871279157,-171.34,66.98,-11738346.21,,,,540436660.58,,-1.5081,0,1616752.6297,241820156.40000004,1.0,1.5,PASS,False,0.9830508474576272,-171.34,66.98,4.779999999999999,-176.12,,,7.9396,-1.5081,,182.74448076923076,0.0,0.0,8.89,10.88,0,65.922107674685,,0.075,0,0,5.0,13,-15.854539742961732,False,-7.1055381400208955,,-0.06257662719270386,False,False,通信设备,-176.12,-0.7859589795383871,22.0,26.6766323024055,1.0,0.0,26.68,Other
601311.SH,601311,骆驼股份,20110602,主板,436015479.0,-10.536585365853657,汽车零部件,未知,801093.SI,280000,9.17,12.8399,14.1471,1.0508,2.0069,1075774.9902,1075774.9902,174773741.2,False,0,0,False,False,11.28,-1.0787486515641764,-3.4736842105263177,-18.70567375886525,False,-10.536585365853657,-3.057119871279157,-19.08,-5.42,165872353.99,104.1488,,,1608686512.71,-133.789,1.5677,0,1075774.9902,174773741.2,1.0,1.5,PASS,False,0.5932203389830508,-19.08,-5.42,-7.975999999999999,-9.54,ESP-Q,12.8399,1.0508,1.5677,,74.48131470588235,0.0,0.0,9.17,11.28,0,79.72508591065292,,0.10810810810810811,0,0,5.0,23,-11.674734793476771,False,-1.0787486515641764,,-0.0025276677688916204,False,False,汽车零部件,-9.54,0.03417487562225615,50.0,36.41752577319588,0.7,0.0,25.49,Other
002587.SZ,002587,奥拓电子,20110610,主板,161317706.40000004,4.636785162287471,光学光电子,未知,801084.SI,270000,6.77,405.943,353.6906,3.2841,4.6616,443099.3136,360646.5094,129027635.00000001,False,0,0,False,False,7.42,-4.243281471004257,-3.285714285714292,-8.760107816711592,False,4.636785162287471,-3.057119871279157,40.26,126.91,14675136.3,96.4498,,,51750436.7,-480.2536,1.1424,0,443099.3136,129027635.00000001,1.0,1.5,PASS,False,0.9491525423728814,40.26,126.91,-19.355800000000002,78.9716,ESP-Q,405.943,3.2841,1.1424,10.083035270740188,229.99712142857143,0.0,0.0,6.77,7.42,0,92.55441008018327,,0.45,0,1,40.0,7,-1.1209125614871418,False,-4.243281471004257,,-0.011619680868378272,False,False,光学光电子,78.9716,0.893504507656977,50.0,57.766323024054984,0.7,0.0,40.44,Other
603156.SH,603156,养元饮品,20180212,主板,758399951.4499999,32.5030012004802,饮料制造,未知,801123.SI,340000,44.15,44.165,39.0335,5.6142,2.6306,5564125.4539,5564125.4539,1436131492.6,True,2,2,False,False,53.0,-5.622060709705012,40.51559516231698,-16.698113207547173,False,32.5030012004802,-3.057119871279157,33.02,-17.57,739271291.09,91.5281,,,3529760734.0699997,-38.2301,8.5341,0,5564125.4539,1436131492.6,1.0,1.5,PASS,False,0.2711864406779661,33.02,-17.57,2.46,33.02,ESP-Q,44.165,5.6142,8.5341,1.3375227135069654,41.77951363636364,0.0,0.0,44.15,53.0,0,65.922107674685,,0.96,1,1,100.0,8,34.6289854524487,True,-5.622060709705012,,-0.009725871338744013,True,False,饮料制造,33.02,0.625953684247019,50.0,79.7766323024055,0.7,0.0,55.84,Tier2
002588.SZ,002588,史丹利,20110610,主板,277101995.29999995,-11.205273069679844,化学制品,未知,801034.SI,220000,9.43,10.5137,9.9967,1.3747,1.4041,1086234.1371,809694.2855,136390367.4,False,1,0,False,False,12.1,-5.700000000000005,-10.869565217391308,-22.066115702479337,False,-11.205273069679844,-3.057119871279157,18.78,30.7,315011593.49,92.213,,,2575070895.68,-87.8095,4.4219,0,1086234.1371,136390367.4,1.0,1.5,PASS,False,0.4406779661016949,18.78,30.7,8.2371,18.78,ESP-Q,10.5137,1.3747,4.4219,0.5598349307774227,104.193015625,10.0,0.0,9.43,12.1,0,65.922107674685,,0.3157894736842105,0,0,5.0,23,-5.501735379664973,False,-5.700000000000005,,-0.04051744705161757,False,False,化学制品,18.78,-0.08116322741896549,32.0,28.6766323024055,0.7,0.0,30.07,Other
601567.SH,601567,三星电气,20110615,主板,563216880.6999999,-29.289360031409494,电气自动化设备,未知,801732.SI,630000,18.01,19.8655,26.5845,2.1643,1.3635,2530782.1294,2530782.1294,474113520.4,False,0,0,False,False,26.28,-0.4972375690607711,-25.42443064182194,-31.46879756468798,False,-29.289360031409494,-3.057119871279157,-69.13,-57.75,142059663.53,84.9004,,,3487467724.48,7.7386,1.4412,0,2530782.1294,474113520.4,1.0,1.5,PASS,False,0.4067796610169492,-69.13,-57.75,-25.5,-34.565,,19.8655,2.1643,1.4412,,54.13474375,0.0,0.0,18.01,26.28,0,74.45589919816724,,0.058823529411764705,0,0,5.0,6,-28.410155138443127,False,-0.4972375690607711,,-0.005687856963545051,False,False,电气自动化设备,-34.565,-0.5283614130308103,22.0,29.236769759450176,1.0,0.0,29.24,Other
002734.SZ,002734,利民股份,20150127,主板,366470325.2,-2.7602070155261615,化学制品,未知,801034.SI,220000,16.91,16.7717,15.9717,1.9643,2.42,804644.8042,734478.7393,207590916.39999998,True,0,0,False,False,18.74,-0.7629107981220629,-13.415258576548904,-9.765208110992518,False,-2.7602070155261615,-3.057119871279157,40.18,786.88,133876403.17,101.3058,,,1221258539.6100001,41.8101,3.2803,0,804644.8042,207590916.39999998,1.0,1.5,PASS,False,0.4406779661016949,40.18,786.88,8.2371,40.18,,16.7717,1.9643,3.2803,0.4174141363862618,104.193015625,10.0,0.0,16.91,18.74,0,69.7594501718213,,0.5526315789473685,0,0,5.0,23,2.9433306744887093,False,-0.7629107981220629,,-0.018140582359795997,False,False,化学制品,40.18,-0.03446637126890097,32.0,29.827835051546387,1.0,0.0,39.83,Other
002600.SZ,002600,领益智造,20110715,主板,3640024952.5000005,8.228730822873075,电子制造,未知,801085.SI,270000,15.52,49.5791,53.6487,4.6775,5.1857,11342324.3514,11173941.8465,6774451717.6,True,0,0,False,False,17.88,-8.382526564344762,0.8447043534762777,-13.19910514541387,False,8.228730822873075,-3.057119871279157,-33.15,7.41,239005515.99,61.0265,,,4094576388.21,183.6342,1.6172,0,11342324.3514,6774451717.6,1.0,1.5,PASS,False,0.5084745762711864,-33.15,7.41,-24.905,-16.575,ESP-Q,49.5791,4.6775,1.6172,,72.22433125,0.0,0.0,15.52,17.88,0,91.52348224513173,,0.6944444444444444,0,1,55.0,11,3.561774287259089,False,-8.382526564344762,,-0.019461238407054434,False,False,电子制造,-16.575,-0.38109614663187985,32.0,61.35704467353952,0.7,0.0,42.95,Other
002601.SZ,002601,龙佰集团,20110715,主板,556344512.15,-9.034443817052518,化学制品,未知,801034.SI,220000,16.11,30.8624,51.5263,1.6814,1.4389,3841023.6182,3202028.0882,502395341.4,False,0,0,False,False,18.19,-8.20512820512821,-24.719626168224295,-11.434854315558008,False,-9.034443817052518,-3.057119871279157,-73.28,-44.18,175891530.9,94.0589,,,4310521142.08,153.5897,0.8179,0,3841023.6182,502395341.4,1.0,1.5,PASS,False,0.4406779661016949,-73.28,-44.18,8.2371,-81.5171,,30.8624,1.6814,0.8179,,104.193015625,0.0,0.0,16.11,18.19,0,74.22680412371135,,0.42105263157894735,0,0,5.0,23,-3.3309061270376468,False,-8.20512820512821,,0.014747629123065287,False,False,化学制品,-81.5171,-0.3000211363427336,32.0,31.168041237113407,1.0,0.0,31.17,Other
601901.SH,601901,方正证券,20110810,主板,408804214.95,0.0,证券,未知,801193.SI,490000,7.01,14.5356,13.543,1.1009,1.2628,5770703.0779,5770703.0779,441647043.8,True,0,0,False,False,7.33,0.0,-8.246073298429312,-4.365620736698506,False,0.0,-3.057119871279157,22.86,29.1,1458479334.74,98.1461,,,8841396306.51,424.1166,2.8796,0,5770703.0779,441647043.8,1.0,1.5,PASS,False,0.03389830508474576,22.86,29.1,31.015,-8.155000000000001,,14.5356,1.1009,2.8796,0.6358530183727035,30.001145454545455,0.0,0.0,7.01,7.33,0,85.10882016036655,,0.7613636363636364,1,1,100.0,14,1.8838076255859593,False,0.0,,0.006722358951565508,False,False,证券,-8.155000000000001,-0.2386109993216323,32.0,81.93264604810997,1.0,0.0,81.93,Tier2
002603.SZ,002603,以岭药业,20110728,主板,291632279.0,-1.7758726270667435,中药,未知,801155.SI,370000,16.04,20.8306,19.5696,2.3511,1.0576,2679811.4231,2207960.5103,213319493.6,False,0,0,False,False,17.78,-2.9643073200242065,-7.816091954022985,-9.78627671541058,False,-1.7758726270667435,-3.057119871279157,25.19,254.16,406950828.35,99.5359,,,3236483543.43,122.2052,3.6525,0,2679811.4231,213319493.6,1.0,1.5,PASS,False,0.13559322033898305,25.19,254.16,7.69,25.19,,20.8306,2.3511,3.6525,0.8269392616117507,165.87102631578946,0.0,0.0,16.04,17.78,0,65.922107674685,,0.6190476190476191,0,0,5.0,7,4.91459908877615,False,-2.9643073200242065,,-0.028349824012798834,False,False,中药,25.19,0.40986936511052485,50.0,32.2766323024055,1.0,0.0,32.28,Other
603456.SH,603456,九洲药业,20141010,主板,262711292.34999993,-21.79640718562874,医疗服务,未知,801156.SI,370000,13.06,15.911,17.8174,1.3066,1.6003,1161616.5126,1161616.5126,175535940.0,True,0,0,False,False,17.17,0.5388760585065544,-25.58404558404559,-23.937099592312173,False,-21.79640718562874,-3.057119871279157,-32.67,22.83,168770734.87,98.0745,,,2169584143.85,61.8395,1.9539,0,1161616.5126,175535940.0,1.0,1.5,PASS,False,0.711864406779661,-32.67,22.83,17.45,-50.120000000000005,,15.911,1.3066,1.9539,,76.5296625,0.0,0.0,13.06,17.17,0,65.922107674685,,0.09090909090909091,0,0,5.0,4,-16.623993392525307,False,0.5388760585065544,,-0.004333927779567853,False,False,医疗服务,-50.120000000000005,-0.668618142175802,22.0,26.6766323024055,1.0,0.0,26.68,Other
601636.SH,601636,旗滨集团,20110812,主板,698151976.9,13.643926788685533,玻璃制造,未知,801712.SI,610000,6.83,32.643,124.6804,1.3525,6.7311,2020760.4962,2020760.4962,625813472.1999999,True,0,0,False,False,7.06,7.053291536050166,-3.667136812411842,-3.257790368271951,False,13.643926788685533,-3.057119871279157,-1653.22,-64.3,-53962555.2,-411.4734,,,820313925.01,-947.214,0.088,0,2020760.4962,625813472.1999999,1.0,1.5,PASS,False,0.559322033898305,-1653.22,-64.3,-7.38,-826.61,ESP-Q,32.643,1.3525,0.088,,132.5669,0.0,0.0,6.83,7.06,0,65.922107674685,,1.0,1,1,100.0,2,18.225626935672302,True,7.053291536050166,,0.028936434189191135,False,False,玻璃制造,-826.61,-0.5222565057335865,22.0,74.1766323024055,0.7,0.0,51.92,Tier2
601677.SH,601677,明泰铝业,20110919,主板,769114937.5500001,-1.207464324917662,工业金属,未知,801055.SI,240000,18.0,11.4204,10.0719,1.1297,5.048,2238342.5286,2237923.1286,851803402.9999999,True,0,0,False,False,19.04,5.757931844888375,13.278791692888614,-5.462184873949571,False,-1.207464324917662,-3.057119871279157,74.08,17.53,659327951.21,93.9152,,,4363089473.69,20.8387,3.6076,0,2238342.5286,851803402.9999999,1.0,1.5,PASS,False,0.3559322033898305,74.08,17.53,55.81,18.269999999999996,,11.4204,1.1297,3.6076,0.15416306695464363,38.288555,0.0,0.0,18.0,19.04,0,57.73195876288659,,0.6666666666666666,0,0,5.0,7,4.106124525256549,False,5.757931844888375,,0.0019244345855189246,False,False,工业金属,18.269999999999996,-0.37930416476913564,32.0,26.21958762886598,1.0,0.0,26.22,Other
002745.SZ,002745,木林森,20150217,主板,534391775.9000001,12.296983758700698,光学光电子,未知,801084.SI,270000,9.68,,,1.2113,6.7657,1436673.0742,1030038.1559,508423932.79999995,False,0,0,False,False,10.61,0.0,9.75056689342404,-8.76531573986805,False,12.296983758700698,-3.057119871279157,-16.22,-574.55,108620430.9,25.9399,,,-1019074402.3699999,63.6789,3.5756,0,1436673.0742,508423932.79999995,1.0,1.5,PASS,False,0.9491525423728814,-16.22,-574.55,-19.355800000000002,-8.11,ESP-Q,,1.2113,3.5756,,229.99712142857143,0.0,0.0,9.68,10.61,0,74.5704467353952,,0.75,1,1,85.0,7,6.539286034926085,True,0.0,,-0.02669772159220441,False,False,光学光电子,-8.11,0.038742401459899684,50.0,74.87113402061856,0.7,0.0,52.41,Tier2
002617.SZ,002617,露笑科技,20110920,主板,1382782675.8000002,15.155440414507781,电力,未知,801161.SI,410000,8.89,80.0471,91.8015,2.6351,12.6702,1697255.6442,1669205.7909,3065391972.3999996,False,1,1,False,False,10.24,-5.021367521367514,3.6130536130536184,-13.18359375,False,15.155440414507781,-3.057119871279157,-28.6,21.38,65418079.6,92.2486,,,710093271.16,135.4112,1.1074,0,1697255.6442,3065391972.3999996,1.0,1.5,PASS,False,0.3050847457627119,-28.6,21.38,0.02,-28.62,,80.0471,2.6351,1.1074,,55.30460465116279,0.0,0.0,8.89,10.24,0,82.0160366552119,CHASE,0.9318181818181818,1,1,85.0,14,15.390092399486067,True,-5.021367521367514,,-0.03819914134699524,True,False,电力,-28.62,-0.42175973002636175,32.0,73.50481099656358,1.0,0.0,73.5,Tier2
601669.SH,601669,中国电建,20111018,主板,1717914153.5,-7.588532883642484,基础建设,未知,801723.SI,620000,5.48,9.4332,10.1259,0.6414,2.1391,9439935.315,7163196.1658,1257703524.8,False,0,0,False,False,6.15,-4.861111111111105,0.7352941176470562,-10.894308943089426,False,-7.588532883642484,-3.057119871279157,-27.04,-24.1,1895618702.8,97.1556,,,21668394319.03,-1277.0576,1.158,0,9439935.315,1257703524.8,1.0,1.5,PASS,False,0.0847457627118644,-27.04,-24.1,-7.28,-13.52,ESP-Q,9.4332,0.6414,1.158,,58.68530769230769,0.0,0.0,5.48,6.15,0,86.25429553264605,,0.47368421052631576,0,0,5.0,6,-0.7670524772564242,False,-4.861111111111105,,0.0002522772596495838,False,False,基础建设,-13.52,-0.3875854448554403,32.0,34.77628865979381,0.7,0.0,24.34,Other
601100.SH,601100,恒立液压,20111028,主板,1390989715.2,13.585657370517934,通用机械,未知,801072.SI,640000,114.04,55.9256,55.2284,8.549,0.9426,15290722.5928,15290722.5928,1347818695.4,True,0,0,False,False,118.85,-1.7066023099465477,-3.796186941116919,-4.0471182162389425,False,13.585657370517934,-3.057119871279157,-18.33,9.21,557398389.25,85.4654,,,6511523692.61,70.5399,3.7092,0,15290722.5928,1347818695.4,1.0,1.5,PASS,False,0.7796610169491526,-18.33,9.21,1.3,-19.63,,55.9256,8.549,3.7092,,114.34343529411765,0.0,0.0,114.04,118.85,0,65.922107674685,,0.6046511627906976,0,1,55.0,13,5.2833029715092525,True,-1.7066023099465477,,-0.0003361950683723082,False,False,通用机械,-19.63,0.17819697532003517,50.0,57.2766323024055,1.0,0.0,57.28,Tier2
002628.SZ,002628,成都路桥,20111103,主板,231054037.04999998,-3.9426523297490967,基础建设,未知,801723.SI,620000,5.36,,,1.4379,4.8819,405805.8224,404028.6539,233291743.2,False,1,1,False,False,6.47,-7.7452667814113525,17.030567685589524,-17.15610510046367,False,-3.9426523297490967,-3.057119871279157,222.11,-32.93,13023904.9,96.6673,,,-134460844.37,97.3938,0.478,0,405805.8224,233291743.2,1.0,1.5,PASS,False,0.0847457627118644,222.11,-32.93,-7.28,236.67000000000002,ESP-Q,,1.4379,0.478,,58.68530769230769,0.0,0.0,5.36,6.47,0,75.94501718213058,,0.6842105263157895,0,0,5.0,6,2.8788280766369634,False,-7.7452667814113525,,-0.021056468654075317,False,False,基础建设,236.67000000000002,0.9037951831804847,50.0,35.28350515463917,0.7,0.0,24.7,Other
002625.SZ,002625,光启技术,20111103,主板,1217515285.5,-5.226480836236935,汽车零部件,未知,801093.SI,280000,38.08,119.4367,115.1409,8.3915,1.3197,8204670.5785,8204643.4465,1025295007.0,False,0,0,False,False,43.08,-5.532126023319284,-18.649861140781887,-11.60631383472609,False,-5.226480836236935,-3.057119871279157,19.24,9.05,172178993.61,97.7443,,,1839373643.3899999,24.5522,1.8156,0,8204670.5785,1025295007.0,1.0,1.5,PASS,False,0.5932203389830508,19.24,9.05,-7.975999999999999,35.19199999999999,,119.4367,8.3915,1.8156,6.207728690228691,74.48131470588235,0.0,0.0,38.08,43.08,0,80.75601374570446,,0.32432432432432434,0,0,5.0,23,-6.364630263860049,False,-5.532126023319284,,-0.041773001101673146,False,False,汽车零部件,35.19199999999999,0.2042992028504494,50.0,36.72680412371134,1.0,0.0,36.73,Other
603686.SH,603686,福龙马,20150126,主板,320825386.70000005,-11.269841269841264,专用设备,未知,801074.SI,640000,16.77,44.8971,44.3821,1.9901,4.2303,696676.7875,696676.7875,301457223.6,True,0,0,False,False,20.28,-9.693053311793221,-29.180743243243246,-17.307692307692314,False,-11.269841269841264,-3.057119871279157,-1.87,20.71,61495092.74,94.1865,,,412043306.81,-28.4994,1.8827,0,696676.7875,301457223.6,1.0,1.5,PASS,False,0.6440677966101694,-1.87,20.71,-10.094999999999999,-0.935,ESP-Q,44.8971,1.9901,1.8827,,147.6403775510204,0.0,0.0,16.77,20.28,0,80.41237113402062,,0.24074074074074073,0,0,5.0,17,-12.068345243660806,False,-9.693053311793221,,-0.014752839067751,False,False,专用设备,-0.935,-0.22592058519921157,32.0,33.023711340206184,0.7,0.0,23.12,Other
002623.SZ,002623,亚玛顿,20111013,主板,240561860.10000002,-8.969804618117227,玻璃制造,未知,801712.SI,610000,20.5,,,1.4911,7.0043,408078.125,407204.0563,302373274.6,False,1,1,False,False,25.99,-10.5584642233857,-30.36684782608696,-21.123509041939204,False,-8.969804618117227,-3.057119871279157,-1357.76,5.07,-42958778.23,,,,-298828984.55,,-1.4044,0,408078.125,302373274.6,1.0,1.5,PASS,False,0.559322033898305,-1357.76,5.07,-7.38,-678.88,,,1.4911,-1.4044,,132.5669,0.0,0.0,20.5,25.99,0,97.4799541809851,,0.3333333333333333,0,0,0.0,2,-4.388104471130459,False,-10.5584642233857,TIER2_FORCED,-0.016375718900303666,False,False,玻璃制造,-678.88,-0.2824814052602514,32.0,35.64398625429553,1.0,0.0,35.64,Tier2
601225.SH,601225,陕西煤业,20140128,主板,1245862224.95,-8.156862745098037,煤炭开采,未知,801021.SI,210000,23.42,13.5437,14.0419,2.2239,0.427,22705690.0,22705690.0,1072962664.2,True,0,0,False,False,26.83,-1.8440905280804554,2.8546332894159088,-12.709653373089813,False,-8.156862745098037,-3.057119871279157,-7.47,-27.49,4212077200.0,100.0496,,,38273728500.0,116.3143,4.2305,0,22705690.0,1072962664.2,1.0,1.5,PASS,False,0.1694915254237288,-7.47,-27.49,-3.7,-3.735,,13.5437,2.2239,4.2305,,32.17243333333333,10.0,0.0,23.42,26.83,0,86.48339060710195,,0.4090909090909091,0,0,5.0,7,-4.651475210672384,False,-1.8440905280804554,,0.007429428883496399,False,False,煤炭开采,-3.735,-0.2631843753697481,32.0,34.84501718213058,1.0,0.0,44.85,Other
002637.SZ,002637,赞宇科技,20111125,主板,338395041.65,-11.040000000000006,化学制品,未知,801034.SI,220000,11.12,28.6816,26.0438,1.3859,6.3963,523085.912,517513.114,354007889.6,True,0,0,False,False,13.51,-16.45379413974456,-18.534798534798547,-17.690599555884535,False,-11.040000000000006,-3.057119871279157,35.93,60.98,100824868.2,99.6406,,,502589088.79999995,-27.5907,2.7038,0,523085.912,354007889.6,1.0,1.5,PASS,False,0.4406779661016949,35.93,60.98,8.2371,35.93,ESP-Q,28.6816,1.3859,2.7038,0.7982632897300306,104.193015625,0.0,0.0,11.12,13.51,0,94.04352806414661,,0.34210526315789475,0,0,5.0,23,-5.336462309985135,False,-16.45379413974456,,-0.027489304121967685,False,False,化学制品,35.93,-0.043740279616460515,32.0,37.113058419243984,0.7,0.0,25.98,Other
002636.SZ,002636,金安国纪,20111125,主板,2023567058.1,1.9102196752626588,元件,未知,801083.SI,270000,42.68,103.3121,64.8359,8.1466,5.51,3107104.0,3091378.1998,1366947120.3999999,False,1,0,False,False,50.22,-0.512820512820511,67.30693845550763,-15.013938669852644,False,1.9102196752626588,-3.057119871279157,699.9,422.86,215140164.67,106.5893,,,632192933.44,-2.8332,5.4355,0,3107104.0,1366947120.3999999,1.0,1.5,PASS,False,0.7457627118644068,699.9,422.86,2.79,699.9,ESP-Q,103.3121,8.1466,5.4355,0.14760980140020002,204.28836129032257,0.0,0.0,42.68,50.22,0,76.28865979381443,,0.30303030303030304,0,1,40.0,10,-8.93366818584451,False,-0.512820512820511,,-0.026225718034903076,False,False,元件,699.9,1.1143886905930622,68.0,56.48659793814433,0.7,0.0,39.54,Other
601555.SH,601555,东吴证券,20111212,主板,424837894.59999996,-2.3170731707316983,证券,未知,801193.SI,490000,8.01,11.2043,11.797,0.9098,1.1708,3979930.9724,3979930.9724,337731531.4,False,0,0,False,False,8.73,-2.0782396088019572,-14.147909967845662,-8.247422680412376,False,-2.3170731707316983,-3.057119871279157,-17.86,50.59,798627002.4,99.6871,,,7282178508.55,938.9802,1.8413,0,3979930.9724,337731531.4,1.0,1.5,PASS,False,0.03389830508474576,-17.86,50.59,31.015,-48.875,,11.2043,0.9098,1.8413,,30.001145454545455,0.0,0.0,8.01,8.73,0,71.8213058419244,,0.4772727272727273,0,0,5.0,14,-0.433265545145739,False,-2.0782396088019572,,0.014665968557925284,False,False,证券,-48.875,-0.7880908495399157,22.0,28.44639175257732,1.0,0.0,28.45,Other
002631.SZ,002631,德尔未来,20111111,主板,282600947.3,4.683195592286493,家用轻工,未知,801142.SI,360000,7.6,,,2.995,2.7127,605934.9896,603114.9875,167677183.4,False,0,0,False,False,9.2,-6.288532675709002,33.56766256590509,-17.391304347826086,False,4.683195592286493,-3.057119871279157,-2.41,-86.21,-21628202.67,,,,-361966409.64,,-0.6918,0,605934.9896,167677183.4,1.0,1.5,PASS,False,0.6271186440677966,-2.41,-86.21,-14.92,-1.205,,,2.995,-0.6918,,179.96904166666664,0.0,0.0,7.6,9.2,0,65.922107674685,,0.5,0,1,40.0,6,-0.741836303010313,False,-6.288532675709002,,-0.011888022680726302,False,False,家用轻工,-1.205,-0.3465332155797186,32.0,46.1766323024055,1.0,0.0,46.18,Other
601800.SH,601800,中国交建,20120309,主板,315323573.35,-13.161465400271366,基础建设,未知,801723.SI,620000,6.4,7.0609,7.7804,0.3576,0.3862,10415772.304,7541587.856,295977854.8,False,0,0,False,False,7.45,-4.33482810164425,-20.19950124688279,-14.093959731543626,False,-13.161465400271366,-3.057119871279157,-21.97,-43.48,4112696295.0,100.2481,,,35116557570.0,-822.8764,1.3141,0,10415772.304,295977854.8,1.0,1.5,PASS,False,0.0847457627118644,-21.97,-43.48,-7.28,-10.985,ESP-Q,7.0609,0.3576,1.3141,,58.68530769230769,0.0,0.0,6.4,7.45,0,65.922107674685,,0.3684210526315789,0,0,5.0,6,-6.339984993885306,False,-4.33482810164425,,0.006323817812718083,False,False,基础建设,-10.985,-0.374500789625131,32.0,28.6766323024055,0.7,0.0,20.07,Other
002635.SZ,002635,安洁科技,20111125,主板,469745737.85,4.6875,电子制造,未知,801085.SI,270000,17.42,103.3312,100.0196,2.0022,12.688,1149174.3638,689018.6759,817872938.0,True,1,1,False,False,18.44,3.9379474940334225,21.648044692737443,-5.5314533622559665,False,4.6875,-3.057119871279157,-41.6,-84.12,14684075.02,42.0829,,,129492245.55,219.7067,0.5985,0,1149174.3638,817872938.0,1.0,1.5,PASS,False,0.5084745762711864,-41.6,-84.12,-24.905,-20.8,ESP-Q,103.3312,2.0022,0.5985,,72.22433125,0.0,0.0,17.42,18.44,0,65.922107674685,,0.5277777777777778,0,1,55.0,11,0.020543464386014065,False,3.9379474940334225,,0.03895496333397414,False,False,电子制造,-20.8,-0.3956241610272542,32.0,53.6766323024055,0.7,0.0,37.57,Other
002632.SZ,002632,道明光学,20111122,主板,162081536.99999997,-15.283483976992596,塑料,未知,801036.SI,220000,10.31,29.0539,30.4922,3.0367,2.1786,643961.6618,592232.9596,134504604.2,True,0,0,False,False,12.25,-6.865401987353204,-17.05551086082059,-15.836734693877553,False,-15.283483976992596,-3.057119871279157,-9.97,39.38,38749895.78,94.5217,,,493593854.01,116.9814,1.8585,0,643961.6618,134504604.2,1.0,1.5,PASS,False,0.6779661016949152,-9.97,39.38,-4.92,-4.985,,29.0539,3.0367,1.8585,,184.85352307692307,0.0,0.0,10.31,12.25,0,90.26345933562429,,0.17647058823529413,0,0,5.0,6,-24.485017565924096,False,-6.865401987353204,,-0.03453413745954692,False,False,塑料,-4.985,-0.28243303969683664,32.0,35.97903780068729,1.0,0.0,35.98,Other
002648.SZ,002648,卫星化学,20111228,主板,1580796892.65,-6.893967778194076,化学制品,未知,801034.SI,220000,24.85,15.7627,14.287,2.3612,1.5442,8371084.5397,8365708.9752,1592443852.6,True,0,0,False,False,30.2,-11.502849002848992,11.735611510791388,-17.715231788079468,False,-6.893967778194076,-3.057119871279157,15.47,4.02,1953892611.64,92.2952,,,15379237604.83,90.4783,6.1356,0,8371084.5397,1592443852.6,1.0,1.5,PASS,False,0.4406779661016949,15.47,4.02,8.2371,15.47,ESP-Q,15.7627,2.3612,6.1356,1.0189204912734324,104.193015625,10.0,0.0,24.85,30.2,0,65.922107674685,,0.4868421052631579,0,0,5.0,23,-1.1904300881792054,False,-11.502849002848992,,-0.03987309794393632,False,False,化学制品,15.47,-0.08838596544965305,32.0,28.6766323024055,0.7,0.0,30.07,Other
002645.SZ,002645,华宏科技,20111220,主板,1140868238.05,23.986044483209778,专用设备,未知,801074.SI,640000,28.43,87.332,45.7955,4.1812,8.3975,1784267.8235,1589031.0275,1006286186.6,True,3,1,False,True,30.53,1.7173524150268404,77.13395638629284,-6.878480183426139,False,23.986044483209778,-3.057119871279157,696.5,140.26,211383947.89,97.6634,,,619055624.28,160.9556,5.209,0,1784267.8235,1006286186.6,1.0,1.5,PASS,False,0.6440677966101694,696.5,140.26,-10.094999999999999,716.69,,87.332,4.1812,5.209,0.1253869346733668,147.6403775510204,0.0,0.0,28.43,30.53,0,93.24169530355097,CHASE,0.9074074074074074,1,1,100.0,17,23.187540509390235,True,1.7173524150268404,突破型,-0.012515028155161305,True,False,专用设备,716.69,2.2137166209453043,82.0,94.3725085910653,1.0,0.0,94.37,Tier2
002673.SZ,002673,西部证券,20120503,主板,221650740.15000004,-5.000000000000004,证券,未知,801193.SI,490000,6.84,17.4333,17.4987,1.0015,0.9271,3057193.8862,3057193.8862,230564676.20000002,False,0,0,False,False,7.38,-1.7241379310344862,-12.307692307692308,-7.317073170731703,False,-5.000000000000004,-3.057119871279157,-2.97,25.36,276817870.12,97.3002,,,4017327645.59,-4.3271,0.9379,0,3057193.8862,230564676.20000002,1.0,1.5,PASS,False,0.03389830508474576,-2.97,25.36,31.015,-33.985,ESP-Q,17.4333,1.0015,0.9379,,30.001145454545455,0.0,0.0,6.84,7.38,0,69.3012600229095,,0.20454545454545456,0,0,5.0,14,-3.1161923744140454,False,-1.7241379310344862,,-0.027545762863592102,False,False,证券,-33.985,-0.5871636646246348,22.0,27.690378006872848,0.7,0.0,19.38,Other
002638.SZ,002638,勤上股份,20111125,主板,245734450.05000004,-5.345211581291764,文化传媒,未知,801761.SI,720000,4.25,,,3.2299,3.4289,610552.5983,574889.0038,215395400.8,True,0,0,False,False,5.17,-4.063205417607218,35.78274760383386,-17.794970986460346,False,-5.345211581291764,-3.057119871279157,-140.81,19.84,-25753183.74,,,,-313792456.22,,-1.2288,0,610552.5983,215395400.8,1.0,1.5,PASS,False,0.864406779661017,-140.81,19.84,-15.175,-70.405,,,3.2299,-1.2288,,118.69075000000001,0.0,0.0,4.25,5.17,0,82.4742268041237,,0.3125,0,0,5.0,5,-4.14275586186476,False,-4.063205417607218,,-0.023233039181289893,False,False,文化传媒,-70.405,-0.2019086607744619,32.0,33.64226804123711,1.0,0.0,33.64,Other
002647.SZ,002647,仁东控股,20111228,主板,808185795.35,-3.645401822700911,多元金融,未知,801191.SI,490000,11.63,36.5586,,21.1218,3.6305,1314529.1971,1180784.1971,463029374.0,False,2,0,False,False,14.0,-5.677210056772097,22.679324894514764,-16.928571428571427,False,-3.645401822700911,-3.057119871279157,206.5,129.14,21638223.87,46.015,,,105979879.33000001,-20.7705,7.9426,0,1314529.1971,463029374.0,1.0,1.5,PASS,False,0.3220338983050847,206.5,129.14,17.765,206.5,ESP-Q,36.5586,21.1218,7.9426,0.17703922518159806,44.777813333333334,0.0,0.0,11.63,14.0,0,74.45589919816724,,0.7058823529411765,1,0,40.0,6,3.1598911829701763,False,-5.677210056772097,,-0.029493787834668037,False,False,多元金融,206.5,1.2109812711560213,68.0,55.93676975945017,0.7,0.0,39.16,Other
002642.SZ,002642,荣联科技,20111220,主板,295380850.35,10.983397190293731,计算机应用,未知,801222.SI,710000,8.69,287.2303,288.2435,4.8384,5.3329,574913.292,574913.292,347334244.8000001,True,1,1,False,False,9.59,0.6952491309385689,1.1641443538998875,-9.384775808133472,False,10.983397190293731,-3.057119871279157,-97.0,128.18,27198.8,3.3343,,,22777910.01,-96357.7121,0.0686,0,574913.292,347334244.8000001,1.0,1.5,PASS,False,0.7627118644067796,-97.0,128.18,-4.9399999999999995,-48.5,ESP-Q,287.2303,4.8384,0.0686,,143.4918742857143,0.0,0.0,8.69,9.59,0,84.42153493699885,,0.9230769230769231,1,1,100.0,16,14.966119387693599,True,0.6952491309385689,,0.0039251239979932896,False,False,计算机应用,-48.5,-0.23059901625082563,32.0,81.72646048109965,0.7,0.0,57.21,Tier2
603599.SH,603599,广信股份,20150513,主板,316317065.74999994,-16.143170197224244,化学制品,未知,801034.SI,220000,11.48,15.9077,15.9968,1.0224,2.022,1044989.2081,1044989.2081,201076712.6,True,1,0,False,False,15.35,-5.747126436781603,-21.36986301369862,-25.21172638436482,False,-16.143170197224244,-3.057119871279157,4.98,-27.56,131858010.7,83.8115,,,1394164040.3899999,72.0901,1.5499,0,1044989.2081,201076712.6,1.0,1.5,PASS,False,0.4406779661016949,4.98,-27.56,8.2371,-3.2570999999999994,,15.9077,1.0224,1.5499,3.194317269076305,104.193015625,0.0,0.0,11.48,15.35,0,65.922107674685,,0.09210526315789473,0,0,5.0,23,-10.439632507209373,False,-5.747126436781603,,0.010142347152751089,False,False,化学制品,-3.2570999999999994,-0.12925029698273124,32.0,28.6766323024055,1.0,0.0,28.68,Other
601360.SH,601360,三六零,20120116,主板,1086012918.0000002,-3.898458748866729,计算机应用,未知,801222.SI,710000,10.6,282.0975,114.9522,2.541,1.5063,7419531.3517,7419531.3517,952691889.8,False,0,0,False,False,12.1,-3.460837887067403,-17.829457364341096,-12.396694214876035,False,-3.898458748866729,-3.057119871279157,131.6982,102.9617,89522000.0,81.9303,,,-311283000.0,-38.0379,0.373,0,7419531.3517,952691889.8,1.0,1.5,PASS,False,0.7627118644067796,131.6982,102.9617,-4.9399999999999995,141.5782,ESP-Q,282.0975,2.541,0.373,2.1419996628655515,143.4918742857143,0.0,0.0,10.6,12.1,0,65.922107674685,,0.5192307692307693,0,0,5.0,16,0.08426344853313905,False,-3.460837887067403,,-0.0014974830949804761,False,False,计算机应用,141.5782,0.5717248738620283,50.0,32.2766323024055,0.7,0.0,22.59,Other
002652.SZ,002652,扬子新材,20120119,主板,275779837.5,22.176591375770016,其他建材,未知,801713.SI,610000,5.95,,,12.975,6.2464,304678.08,304678.08,208901345.00000003,True,2,0,False,False,6.77,-3.7216828478964348,43.3734939759036,-12.112259970457895,False,22.176591375770016,-3.057119871279157,28.41,23.73,-3635800.97,,,,-59034708.12,,-1.3593,0,304678.08,208901345.00000003,1.0,1.5,PASS,False,0.3389830508474576,28.41,23.73,-12.22,52.85,,,12.975,-1.3593,,33.882133333333336,0.0,0.0,5.95,6.77,0,90.26345933562429,CHASE,1.0,1,1,100.0,3,12.977259005991337,True,-3.7216828478964348,,-0.021458595508492835,True,False,其他建材,52.85,0.23479270420483428,50.0,87.07903780068729,1.0,0.0,87.08,Tier2
002654.SZ,002654,万润科技,20120217,主板,1451639273.4499998,16.698903932946507,营销传播,未知,801751.SI,720000,18.1,476.3981,535.2966,9.7826,25.7953,1529997.6046,1529889.0046,3019257288.8,False,3,3,False,True,20.1,9.233554616777306,25.95685455810719,-9.950248756218905,False,16.698903932946507,-3.057119871279157,8.3,-34.41,-4262901.86,,,,26485288.57,,-0.3428,0,1529997.6046,3019257288.8,1.0,1.5,PASS,False,1.0,8.3,-34.41,20.09,-11.79,,476.3981,9.7826,-0.3428,57.397361445783126,185.31451428571427,0.0,10.0,18.1,20.1,0,90.26345933562429,CHASE,0.7777777777777778,1,1,75.0,3,23.179350860320813,True,9.233554616777306,突破型|OVERHEAT,0.022765522425778274,True,True,营销传播,-11.79,-0.5572983512870895,22.0,68.97903780068728,1.0,10.0,58.98,Tier2
601388.SH,601388,怡球资源,20120423,主板,336069891.25,-13.480392156862752,工业金属,未知,801055.SI,240000,3.53,45.7522,37.2925,1.6569,2.9863,777031.5834,777031.5834,202899216.39999998,False,0,0,False,False,4.4,-3.28767123287671,-9.487179487179487,-19.772727272727288,False,-13.480392156862752,-3.057119871279157,247.12,1316.66,64155873.85,106.9826,,,323231594.92,-102.5862,1.2785,0,777031.5834,202899216.39999998,1.0,1.5,PASS,False,0.3559322033898305,247.12,1316.66,55.81,247.12,ESP-Q,45.7522,1.6569,1.2785,0.18514163159598576,38.288555,0.0,0.0,3.53,4.4,0,65.922107674685,,0.09523809523809523,0,0,5.0,7,-8.166803306688541,False,-3.28767123287671,,0.010505462811090438,False,False,工业金属,247.12,0.9534959060763063,50.0,32.2766323024055,0.7,0.0,22.59,Other
601515.SH,601515,衢州东峰,20120216,主板,206876249.1,-12.631578947368416,包装印刷,未知,801141.SI,360000,4.15,,,1.63,2.0197,798655.3285,798655.3285,176853343.99999997,False,0,0,False,False,5.2,-10.94420600858369,-12.997903563941282,-20.192307692307686,False,-12.631578947368416,-3.057119871279157,-248.8485,22.1131,-9853318.83,,,,-457431307.83,,-0.2154,0,798655.3285,176853343.99999997,1.0,1.5,PASS,False,0.9152542372881356,-248.8485,22.1131,0.78,-249.6285,,,1.63,-0.2154,,151.91444,0.0,0.0,4.15,5.2,0,82.35967926689575,,0.3157894736842105,0,0,5.0,6,-8.221906116642952,False,-10.94420600858369,,0.010695134250236304,False,False,包装印刷,-249.6285,-1.3716911724447447,22.0,31.607903780068725,1.0,0.0,31.61,Other
002657.SZ,002657,中科金财,20120228,主板,192403527.4,-11.612021857923505,计算机应用,未知,801222.SI,710000,19.41,,,3.8761,3.294,660040.9223,652423.361,160743293.0,False,0,0,False,False,22.59,-4.992657856093974,-28.953147877013173,-14.077025232403717,False,-11.612021857923505,-3.057119871279157,-19.55,-100.3,-47572570.0,,,,-367752749.26,,-2.005,0,660040.9223,160743293.0,1.0,1.5,PASS,False,0.7627118644067796,-19.55,-100.3,-4.9399999999999995,-9.775,,,3.8761,-2.005,,143.4918742857143,0.0,0.0,19.41,22.59,0,95.64719358533792,,0.19230769230769232,0,0,5.0,16,-7.629299660523637,False,-4.992657856093974,,-0.013108415716238244,False,False,计算机应用,-9.775,-0.06714001545736131,32.0,37.59415807560138,1.0,0.0,37.59,Other
002669.SZ,002669,康达新材,20120416,主板,236901636.49999997,-1.2693935119887145,化学制品,未知,801034.SI,220000,14.0,33.8616,33.7292,1.531,9.9742,424760.0,423804.92,354745335.20000005,True,0,0,False,False,15.4,-0.5681818181818232,-1.9607843137254832,-9.090909090909093,False,-1.2693935119887145,-3.057119871279157,33.48,105.43,4490057.29,65.4109,,,94800979.8,-567.425,0.2458,0,424760.0,354745335.20000005,1.0,1.5,PASS,False,0.4406779661016949,33.48,105.43,8.2371,33.48,ESP-Q,33.8616,1.531,0.2458,1.0113978494623657,104.193015625,0.0,0.0,14.0,15.4,0,91.75257731958763,,0.6052631578947368,0,0,5.0,23,4.434144178026156,False,-0.5681818181818232,,0.0197554397685799,False,False,化学制品,33.48,-0.049086415016818374,32.0,36.42577319587629,0.7,0.0,25.5,Other
002670.SZ,002670,国盛证券,20120416,主板,248537691.7,-9.613928841786535,证券,未知,801193.SI,490000,11.94,84.6461,113.239,2.0381,1.3844,2310491.0757,1938280.657,183219307.6,False,0,0,False,False,14.1,-3.709677419354851,-24.668769716088335,-15.319148936170212,False,-9.613928841786535,-3.057119871279157,-95.89,75.92,2767048.88,188.4062,,,722148299.15,19005.2709,0.013,0,2310491.0757,183219307.6,1.0,1.5,PASS,False,0.03389830508474576,-95.89,75.92,31.015,-126.905,,84.6461,2.0381,0.013,,30.001145454545455,0.0,0.0,11.94,14.1,0,69.3012600229095,,0.06818181818181818,0,0,5.0,14,-7.730121216200576,False,-3.709677419354851,,-0.03738666248952418,False,False,证券,-126.905,-1.8410356607514249,12.0,25.690378006872848,1.0,0.0,25.69,Other
603123.SH,603123,翠微股份,20120503,主板,239819591.84999996,-9.91596638655462,一般零售,未知,801203.SI,450000,10.72,,,5.2564,2.7618,856245.7049,699239.8173,159478347.8,False,0,0,False,False,12.47,-4.62633451957295,-16.053249804228653,-14.033680834001604,False,-9.91596638655462,-3.057119871279157,11.41,22.54,-80608636.33,,,,-1122279121.11,,-1.8474,0,856245.7049,159478347.8,1.0,1.5,PASS,False,0.576271186440678,11.41,22.54,-2.645,16.7,,,5.2564,-1.8474,,44.26595714285714,0.0,0.0,10.72,12.47,0,95.99083619702176,,0.5833333333333334,0,0,5.0,4,0.712119899506197,False,-4.62633451957295,,-0.014584549276779612,False,False,一般零售,16.7,0.07519870174963462,50.0,41.297250859106526,1.0,0.0,41.3,Other
603333.SH,603333,尚纬股份,20120507,主板,248387589.85000005,21.662468513853895,高低压设备,未知,801734.SI,630000,9.66,,,2.9409,9.5746,600395.6481,600395.6481,561818015.1999999,False,2,2,False,False,10.5,0.10362694300518616,20.298879202988807,-7.9999999999999964,False,21.662468513853895,-3.057119871279157,89.6267,-651.89,-1807176.02,-329.8665,,,-116721276.66,-2298.7982,0.0268,0,600395.6481,561818015.1999999,1.0,1.5,PASS,False,0.4745762711864407,89.6267,-651.89,10.365,89.6267,ESP-Q,,2.9409,0.0268,,142.6951,0.0,0.0,9.66,10.5,0,80.41237113402062,CHASE,0.9354838709677419,1,1,75.0,10,27.141095846785866,True,0.10362694300518616,,0.024671992982211437,True,False,高低压设备,89.6267,0.6293778479917914,50.0,71.62371134020619,0.7,0.0,50.14,Tier2
002676.SZ,002676,顺威股份,20120525,主板,211308249.54999998,-15.204678362573098,白色家电,未知,801111.SI,330000,5.8,52.3814,50.416,3.1036,2.1294,417600.0,417586.3462,123523547.39999999,False,0,0,False,False,8.23,-7.496012759170645,-26.67509481668774,-29.52612393681653,False,-15.204678362573098,-3.057119871279157,1.15,-45.39,23896468.44,90.9713,,,164453742.11,453.3541,1.9665,0,417600.0,123523547.39999999,1.0,1.5,PASS,False,0.23728813559322035,1.15,-45.39,-17.555,0.575,,52.3814,3.1036,1.9665,45.54904347826087,53.917895,0.0,0.0,5.8,8.23,0,98.3963344788087,,0.125,0,0,5.0,8,-17.376587464117787,False,-7.496012759170645,,-0.026372215956211118,False,False,白色家电,0.575,-0.14425516637312186,32.0,38.418900343642605,1.0,0.0,38.42,Other
603861.SH,603861,白云电器,20160322,主板,313625973.49999994,-5.478627332931973,高低压设备,未知,801734.SI,630000,15.7,41.5627,42.0987,2.1175,3.2068,848628.8894,829880.7705,270011283.40000004,False,0,0,False,False,18.4,0.9646302250803762,-5.135951661631433,-14.67391304347826,False,-5.478627332931973,-3.057119871279157,-16.6,8.88,29887990.91,87.7937,,,419958708.78999996,-738.1568,0.8528,0,848628.8894,270011283.40000004,1.0,1.5,PASS,False,0.4745762711864407,-16.6,8.88,10.365,-26.965000000000003,ESP-Q,41.5627,2.1175,0.8528,,142.6951,0.0,0.0,15.7,18.4,0,47.07903780068728,,0.5161290322580645,0,0,5.0,10,0.0,False,0.9646302250803762,,-0.0017354458868943613,False,False,高低压设备,-26.965000000000003,-0.26214457988448625,32.0,23.023711340206184,0.7,0.0,16.12,Other
002685.SZ,002685,华东重机,20120612,主板,768623695.9000001,6.139315230224307,专用设备,未知,801074.SI,640000,8.99,135.7689,104.7389,5.4923,12.7976,905913.8863,905792.4538,654280055.4000001,True,1,0,False,False,9.98,3.096330275229353,23.3196159122085,-9.919839679358722,False,6.139315230224307,-3.057119871279157,56.92,141.45,52257054.01,96.53,,,172298908.36,-69.2974,3.3367,0,905913.8863,654280055.4000001,1.0,1.5,PASS,False,0.6440677966101694,56.92,141.45,-10.094999999999999,77.11,ESP-Q,135.7689,5.4923,3.3367,2.385258257203092,147.6403775510204,0.0,0.0,8.99,9.98,0,84.87972508591065,,0.6666666666666666,0,1,55.0,17,5.3408112564047645,True,3.096330275229353,,-0.004787338095524199,False,False,专用设备,77.11,0.0394011159031033,50.0,62.9639175257732,0.7,0.0,44.07,Other
603077.SH,603077,和邦生物,20120731,主板,714553012.1,-15.841584158415845,化学原料,未知,801033.SI,220000,2.55,,,1.2696,2.128,2252083.0481,2252083.0481,436808913.0,False,0,0,False,False,3.23,-5.55555555555557,7.14285714285714,-21.052631578947377,False,-15.841584158415845,-3.057119871279157,1919.23,-2340.63,171310111.83,98.6872,,,-218340423.98,11.0116,0.9649,0,2252083.0481,436808913.0,1.0,1.5,PASS,False,0.6101694915254238,1919.23,-2340.63,-6.205,1931.6399999999999,ESP-Q,,1.2696,0.9649,,75.93632,0.0,0.0,2.55,3.23,0,65.922107674685,,0.4,0,0,5.0,5,-9.106670365312397,False,-5.55555555555557,,0.0011885059490085454,False,False,化学原料,1931.6399999999999,2.7515819212281043,82.0,38.6766323024055,0.7,0.0,27.07,Other
002692.SZ,002692,远程股份,20120808,主板,221658734.89999998,-27.023121387283243,高低压设备,未知,801734.SI,630000,5.05,2044.9407,,3.1743,2.6954,362663.73,362455.6826,95407622.99999999,True,0,0,False,False,7.19,-8.34845735027223,-7.339449541284415,-29.76356050069542,False,-27.023121387283243,-3.057119871279157,-316.5,-142.59,-37376526.06,,,,2386736.5999999978,,-3.1857,0,362663.73,95407622.99999999,1.0,1.5,PASS,False,0.4745762711864407,-316.5,-142.59,10.365,-326.865,,2044.9407,3.1743,-3.1857,,142.6951,0.0,0.0,5.05,7.19,0,69.41580756013745,,0.03225806451612903,0,0,5.0,10,-21.54449405435127,False,-8.34845735027223,,-0.05907905230600627,False,False,高低压设备,-326.865,-2.5553402029013537,5.0,24.324742268041234,1.0,0.0,24.32,Other
002698.SZ,002698,博实股份,20120911,主板,237252655.40000004,1.0752688172043001,专用设备,未知,801074.SI,640000,14.1,25.5751,29.2988,3.4123,2.8101,1441811.8208,1184736.842,294655767.8,True,1,0,False,False,15.4,-4.081632653061218,-13.761467889908264,-8.441558441558449,False,1.0752688172043001,-3.057119871279157,-50.95,7.32,68791432.53,87.7324,,,1258096356.01,3.7758,1.8615,0,1441811.8208,294655767.8,1.0,1.5,PASS,False,0.6440677966101694,-50.95,7.32,-10.094999999999999,-25.475,,25.5751,3.4123,1.8615,,147.6403775510204,0.0,0.0,14.1,15.4,0,65.922107674685,,0.5185185185185185,0,1,55.0,17,0.27676484338475804,False,-4.081632653061218,,-0.006325075527962709,False,False,专用设备,-25.475,-0.3093467437622305,32.0,53.6766323024055,1.0,0.0,53.68,Tier2
002752.SZ,002752,昇兴股份,20150422,主板,334298466.1,1.7391304347825987,包装印刷,未知,801141.SI,360000,7.02,22.328,18.7487,1.9125,2.7322,685796.7645,684819.8269,202157933.8,True,1,0,False,False,7.85,-3.703703703703709,6.363636363636371,-10.573248407643309,False,1.7391304347825987,-3.057119871279157,78.62,,148067277.01,97.7049,,,478255357.94,179.8138,4.1906,0,685796.7645,202157933.8,1.0,1.5,PASS,False,0.9152542372881356,78.62,,0.78,78.62,ESP-Q,22.328,1.9125,4.1906,0.28399898244721444,151.91444,10.0,0.0,7.02,7.85,0,87.7434135166094,,0.7368421052631579,1,1,100.0,6,6.148803265508063,True,-3.703703703703709,,-0.009931640577659231,False,False,包装印刷,78.62,0.13484512627858683,50.0,86.32302405498282,0.7,0.0,70.43,Tier1
603766.SH,603766,隆鑫通用,20120810,主板,271920206.45,-10.66152858060373,其他交运设备,未知,801881.SI,280000,13.91,17.3356,17.7178,2.9592,1.0877,2856476.7134,2856476.7134,258714612.20000002,False,0,0,False,False,16.26,-4.00276052449966,-10.604113110539847,-14.452644526445269,False,-10.66152858060373,-3.057119871279157,-3.01,48.88,469000671.84,99.5048,,,4664542078.93,86.7953,4.9004,0,2856476.7134,258714612.20000002,1.0,1.5,PASS,False,0.15254237288135594,-3.01,48.88,-3.01,-1.505,,17.3356,2.9592,4.9004,,147.43112000000002,10.0,0.0,13.91,16.26,0,65.922107674685,,0.5,0,0,0.0,2,-0.23666834934244996,False,-4.00276052449966,TIER2_FORCED,0.010372007581171875,False,False,其他交运设备,-1.505,0.02111377230909971,50.0,29.7766323024055,1.0,0.0,39.78,Tier2
002681.SZ,002681,奋达科技,20120605,主板,212895761.7,5.232558139534871,电子制造,未知,801085.SI,270000,5.43,,,4.5729,4.6696,974496.162,852110.7962,262568306.4,True,0,0,False,False,5.73,-1.272727272727281,-12.8410914927769,-5.235602094240854,False,5.232558139534871,-3.057119871279157,-155.2,-244.66,-19945051.96,,,,-110552773.88,,-0.7403,0,974496.162,262568306.4,1.0,1.5,PASS,False,0.5084745762711864,-155.2,-244.66,-24.905,-77.6,,,4.5729,-0.7403,,72.22433125,0.0,0.0,5.43,5.73,0,85.6815578465063,,0.6111111111111112,0,1,55.0,11,0.5656016039208849,False,-1.272727272727281,,-0.0024272918814202877,False,False,电子制造,-77.6,-0.5909356918337072,22.0,57.60446735395189,1.0,0.0,57.6,Tier2
002686.SZ,002686,亿利达,20120703,主板,233827122.45,-15.061728395061724,通用机械,未知,801072.SI,640000,6.88,127.7474,207.3052,2.4145,5.6257,389572.5235,359637.4543,167632128.79999998,False,0,0,False,False,8.38,-12.132822477650063,-0.28985507246377384,-17.899761336515517,False,-15.061728395061724,-3.057119871279157,-99.98,-307.54,2382.39,0.1462,,,702857.2599999979,-321.3177,0.1011,0,389572.5235,167632128.79999998,1.0,1.5,PASS,False,0.7796610169491526,-99.98,-307.54,1.3,-101.28,ESP-Q,127.7474,2.4145,0.1011,,114.34343529411765,0.0,0.0,6.88,8.38,0,89.23253150057275,,0.09302325581395349,0,0,5.0,13,-23.364082794070406,False,-12.132822477650063,,-0.052701471967217736,False,False,通用机械,-101.28,-0.03978079577215106,32.0,35.669759450171824,0.7,0.0,24.97,Other
002683.SZ,002683,广东宏大,20120612,主板,585341379.6499999,-14.08114558472553,化学制品,未知,801034.SI,220000,36.0,28.5795,28.2849,4.0904,1.9566,2735586.2268,2399612.8212,484799245.8,False,0,0,False,False,42.2,-1.0717230008243983,-27.710843373493976,-14.691943127962093,False,-14.08114558472553,-3.057119871279157,20.17,10.99,104441640.33,100.9228,,,2167266001.56,-478.3291,1.4732,0,2735586.2268,484799245.8,1.0,1.5,PASS,False,0.4406779661016949,20.17,10.99,8.2371,20.17,ESP-Q,28.5795,4.0904,1.4732,1.4169310857709467,104.193015625,0.0,0.0,36.0,42.2,0,69.3012600229095,,0.21052631578947367,0,0,5.0,23,-8.377607894710659,False,-1.0717230008243983,,0.011015116050612722,False,False,化学制品,20.17,-0.07813011386529307,32.0,29.690378006872848,0.7,0.0,20.78,Other
603993.SH,603993,洛阳钼业,20121009,主板,4799861636.5,-12.151394422310746,稀有金属,未知,801054.SI,240000,17.64,18.5555,15.6253,4.2468,1.1503,37739563.1505,30800925.5985,4374134320.6,False,0,0,False,False,21.45,-6.567796610169485,-19.7452229299363,-17.762237762237753,False,-12.151394422310746,-3.057119871279157,90.58,55.56,7485958752.45,96.4679,,,51154016764.68,92.8471,9.0447,0,37739563.1505,4374134320.6,1.0,1.5,PASS,False,0.8983050847457628,90.58,55.56,108.81,-18.230000000000004,,18.5555,4.2468,9.0447,0.20485206447339369,123.306975,10.0,0.0,17.64,21.45,0,12.142038946162657,CAT-0,0.375,0,0,5.0,5,-2.9837906509374346,False,-6.567796610169485,,-0.015612924824919078,False,False,稀有金属,-18.230000000000004,-0.48354632175267565,32.0,12.542611683848797,0.5,0.0,16.27,Other
603288.SH,603288,海天味业,20140211,主板,621224041.1500001,-13.062730627306262,食品加工,未知,801124.SI,340000,35.34,29.3819,28.4077,4.9213,0.3057,20680349.3521,19651162.3225,548481723.3999999,False,0,0,False,False,41.15,-3.9934800325998387,-0.8417508417508324,-14.119076549210197,False,-13.062730627306262,-3.057119871279157,9.34,12.81,2347422648.43,96.0596,,,18164890265.83,-16.1776,5.8636,0,20680349.3521,548481723.3999999,1.0,1.5,PASS,False,0.288135593220339,9.34,12.81,8.68,0.6600000000000001,ESP-Q,29.3819,4.9213,5.8636,3.1458137044967884,51.683299999999996,0.0,0.0,35.34,41.15,0,65.922107674685,,0.23529411764705882,0,0,5.0,6,-16.580135402228812,False,-3.9934800325998387,,0.010693774223116818,False,False,食品加工,0.6600000000000001,0.005976139336707214,50.0,32.2766323024055,0.7,0.0,22.59,Other
002792.SZ,002792,通宇通讯,20160328,主板,2435227785.05,-8.968347010550993,通信设备,未知,801102.SI,730000,46.59,593.4224,1434.135,8.6521,12.0242,2440552.0638,1573924.2616,2197698499.2000003,True,1,0,False,False,54.4,-3.6799669216456388,3.0296329057938998,-14.356617647058812,False,-8.968347010550993,-3.057119871279157,-694.99,-969.8298,-23014841.46,,,,-34171775.43,,-0.458,0,2440552.0638,2197698499.2000003,1.0,1.5,PASS,False,0.9830508474576272,-694.99,-969.8298,4.779999999999999,-699.77,,593.4224,8.6521,-0.458,,182.74448076923076,0.0,0.0,46.59,54.4,0,65.922107674685,,0.225,0,0,5.0,13,-8.140599968133161,False,-3.6799669216456388,,-0.0011278662552860167,False,False,通信设备,-699.77,-2.46810900216972,12.0,24.6766323024055,1.0,0.0,24.68,Other
601608.SH,601608,中信重工,20120706,主板,245737478.8,-11.323763955342903,专用设备,未知,801074.SI,640000,5.56,67.816,67.0731,2.7015,1.0113,2546231.711,2546231.711,257954207.20000002,True,0,0,False,False,6.35,-4.957264957264962,-24.456521739130444,-12.44094488188977,False,-11.323763955342903,-3.057119871279157,14.86,2.36,94353070.9,99.2335,,,952690412.48,34.848,1.0132,0,2546231.711,257954207.20000002,1.0,1.5,PASS,False,0.6440677966101694,14.86,2.36,-10.094999999999999,35.05,ESP-Q,67.816,2.7015,1.0132,4.563660834454913,147.6403775510204,0.0,0.0,5.56,6.35,0,94.15807560137456,,0.2222222222222222,0,0,5.0,17,-12.122267929162446,False,-4.957264957264962,,0.0017273607696745602,False,False,专用设备,35.05,-0.10358601649952806,32.0,37.14742268041237,0.7,0.0,26.0,Other
002709.SZ,002709,天赐材料,20140123,主板,8054414335.000001,9.31994695965146,化学制品,未知,801034.SI,220000,57.71,86.3822,41.0386,6.3687,10.279,11764539.8246,8708502.5906,7115033652.4,True,1,0,False,False,64.98,0.2954466458116034,33.43352601156069,-11.188057863958145,False,9.31994695965146,-3.057119871279157,1062.23,256.32,1560155731.93,94.3032,,,3527650686.28,-1.1044,8.9589,0,11764539.8246,7115033652.4,1.0,1.5,PASS,False,0.4406779661016949,1062.23,256.32,8.2371,1062.23,ESP-Q,86.3822,6.3687,8.9589,0.08132155936096702,104.193015625,0.0,0.0,57.71,64.98,0,68.95761741122566,,0.75,1,1,100.0,23,15.023484649666331,True,0.2954466458116034,,0.0022353934974421595,False,False,化学制品,1062.23,2.195744929113036,82.0,87.0872852233677,0.7,0.0,60.96,Tier1
002725.SZ,002725,跃岭股份,20140129,主板,187720533.14999998,-10.422870756402624,汽车零部件,未知,801093.SI,280000,15.04,264.307,1739.7065,3.9445,10.8183,385024.0,322396.4353,182380066.60000002,False,0,0,False,False,18.15,-10.2089552238806,-1.7635532331809367,-17.13498622589531,False,-10.422870756402624,-3.057119871279157,-200.72,-33.71,-6373125.49,,,,14323274.95,,-0.5491,0,385024.0,182380066.60000002,1.0,1.5,PASS,False,0.5932203389830508,-200.72,-33.71,-7.975999999999999,-100.36,,264.307,3.9445,-0.5491,,74.48131470588235,0.0,0.0,15.04,18.15,0,91.63802978235968,,0.12162162162162163,0,0,5.0,23,-11.561020184025738,False,-10.2089552238806,,-0.013082514274585243,False,False,汽车零部件,-100.36,-0.3112309054486665,32.0,36.391408934707904,1.0,0.0,36.39,Other
002708.SZ,002708,光洋股份,20140121,主板,383047341.59999996,12.601326455416363,汽车零部件,未知,801093.SI,280000,15.28,85.0567,79.8275,4.8556,6.3355,858885.6936,789451.2099,483246679.2,False,0,0,False,False,16.5,-1.6097875080489321,9.612625538020092,-7.393939393939397,False,12.601326455416363,-3.057119871279157,-44.29,135.1,13423741.41,41.8747,,,207403569.5,-207.2856,1.8307,0,858885.6936,483246679.2,1.0,1.5,PASS,False,0.5932203389830508,-44.29,135.1,-7.975999999999999,-22.145,ESP-Q,85.0567,4.8556,1.8307,,74.48131470588235,0.0,0.0,15.28,16.5,0,89.23253150057275,,0.8378378378378378,1,1,85.0,23,11.463177027793249,True,-1.6097875080489321,,-0.006428000173493169,False,False,汽车零部件,-22.145,-0.01376434338676147,32.0,75.66975945017182,0.7,0.0,52.97,Tier2
603185.SH,603185,弘元绿能,20181228,主板,517644727.45,-17.557251908396953,专用设备,未知,801074.SI,640000,20.52,75.0208,,1.1878,3.3577,1401673.5977,1393353.5585,587267417.2,True,0,0,False,False,25.47,-5.263157894736848,-21.379310344827594,-19.43462897526501,False,-17.557251908396953,-3.057119871279157,38.9799,87.89,-57361751.14,,,,-595002230.9300001,,-2.4071,0,1401673.5977,587267417.2,1.0,1.5,PASS,False,0.6440677966101694,38.9799,87.89,-10.094999999999999,59.1699,,75.0208,1.1878,-2.4071,1.924602166757739,147.6403775510204,0.0,0.0,20.52,25.47,0,84.7651775486827,,0.1111111111111111,0,0,5.0,17,-18.355755882216496,False,-5.263157894736848,,0.013741849113368117,False,False,专用设备,59.1699,-0.02158802946105378,32.0,34.32955326460481,1.0,0.0,34.33,Other
002815.SZ,002815,崇达技术,20161012,主板,664086279.05,-4.455760661998731,元件,未知,801083.SI,270000,15.01,57.1794,76.8169,2.0828,6.4269,1852461.1373,1166490.163,594234871.0,False,0,0,False,False,17.06,-3.9667306461932283,0.0,-12.016412661195774,False,-4.455760661998731,-3.057119871279157,-69.81,17.88,33737353.76,104.0633,,,881416238.0,188.3665,0.3653,0,1852461.1373,594234871.0,1.0,1.5,PASS,False,0.7457627118644068,-69.81,17.88,2.79,-72.60000000000001,,57.1794,2.0828,0.3653,,204.28836129032257,0.0,0.0,15.01,17.06,0,91.86712485681558,,0.15151515151515152,0,0,5.0,10,-15.299648523105901,False,-3.9667306461932283,,-0.015099029528525822,False,False,元件,-72.60000000000001,-0.40396084810895166,32.0,36.460137457044674,1.0,0.0,36.46,Other
002703.SZ,002703,浙江世宝,20121102,主板,869863452.0500001,-3.6284470246734424,汽车零部件,未知,801093.SI,280000,19.92,90.7773,94.3671,7.7439,11.6986,1638683.7089,1167407.7634,967200994.4,True,2,2,False,False,21.87,4.842105263157914,-13.164777680906713,-8.916323731138542,False,-3.6284470246734424,-3.057119871279157,-13.9,12.95,38880312.55,92.8641,,,402402189.33,23.3068,1.9983,0,1638683.7089,967200994.4,1.0,1.5,PASS,False,0.5932203389830508,-13.9,12.95,-7.975999999999999,-6.95,,90.7773,7.7439,1.9983,,74.48131470588235,0.0,0.0,19.92,21.87,0,91.63802978235968,,0.35135135135135137,0,0,5.0,23,-4.7665964522965565,False,4.842105263157914,,0.05245238580191709,False,False,汽车零部件,-6.95,0.0440251395836489,50.0,39.991408934707906,1.0,0.0,39.99,Other
603699.SH,603699,纽威股份,20140117,主板,502437097.7,8.03389830508474,通用机械,未知,801072.SI,640000,63.74,30.8679,29.3553,9.8808,0.6377,4941653.1982,4832401.7483,352953382.2,True,0,0,False,False,67.17,-2.2392638036809798,15.86984184693694,-5.106446330206937,False,8.03389830508474,-3.057119871279157,40.12,38.32,343770813.96,99.5902,,,3624849403.07,70.4238,7.1618,0,4941653.1982,352953382.2,1.0,1.5,PASS,False,0.7796610169491526,40.12,38.32,1.3,40.12,,30.8679,9.8808,7.1618,0.7693893320039881,114.34343529411765,10.0,0.0,63.74,67.17,0,65.922107674685,,0.4883720930232558,0,1,55.0,13,-0.2684560939239411,False,-2.2392638036809798,,-0.006377726507547635,False,False,通用机械,40.12,0.33770918380451925,50.0,57.2766323024055,1.0,0.0,67.28,Tier1
603308.SH,603308,应流股份,20140122,主板,1714117431.8500001,1.4006791171476962,通用机械,未知,801072.SI,640000,71.67,139.5914,129.1721,9.821,2.6399,4866735.4751,4866735.4751,1334644979.2,True,1,0,False,False,84.66,-2.8071602929210626,10.414419966106925,-15.343727852586808,False,1.4006791171476962,-3.057119871279157,31.42,15.78,117961343.49,98.1659,,,903508419.2,-129.7221,2.3479,0,4866735.4751,1334644979.2,1.0,1.5,PASS,False,0.7796610169491526,31.42,15.78,1.3,31.42,ESP-Q,139.5914,9.821,2.3479,4.442756206238064,114.34343529411765,0.0,0.0,71.67,84.66,0,75.94501718213058,,0.3953488372093023,0,1,55.0,13,-6.901675281860985,False,-2.8071602929210626,,-0.006743688497595818,False,False,通用机械,31.42,0.3144831383850212,50.0,60.28350515463917,0.7,0.0,42.2,Other
603989.SH,603989,艾华集团,20150515,主板,318183723.1,33.12725399278722,元件,未知,801083.SI,270000,25.84,38.8816,39.2855,2.6073,10.062,1030447.1582,1030447.1582,677639131.1999999,True,2,2,False,False,27.25,29.200000000000003,41.12506826870563,-5.174311926605501,False,33.12725399278722,-3.057119871279157,-13.88,39.76,59059493.55,85.8143,,,641809503.44,7.0236,1.7567,0,1030447.1582,677639131.1999999,1.0,1.5,PASS,False,0.7457627118644068,-13.88,39.76,2.79,-16.67,,38.8816,2.6073,1.7567,,204.28836129032257,0.0,0.0,25.84,27.25,0,99.0836197021764,CHASE,0.8181818181818182,1,1,100.0,10,22.283366131680047,True,29.200000000000003,OVERHEAT,0.01610873646137785,True,True,元件,-16.67,-0.2940303760059049,32.0,86.12508591065293,1.0,0.0,86.13,Tier2
603088.SH,603088,宁波精达,20141111,主板,265900627.49999994,-11.934766493699033,通用机械,未知,801072.SI,640000,11.88,49.6885,65.0417,5.1939,5.2415,596836.9036,520191.7459,265059396.59999996,False,0,0,False,False,13.92,0.0,-8.685626441199068,-14.655172413793094,False,-11.934766493699033,-3.057119871279157,-80.07,-26.1,6534348.74,81.4382,,,255775364.79,116.3315,0.7007,0,596836.9036,265059396.59999996,1.0,1.5,PASS,False,0.7796610169491526,-80.07,-26.1,1.3,-81.36999999999999,,49.6885,5.1939,0.7007,,114.34343529411765,0.0,0.0,11.88,13.92,0,50.0,COV-LOW,0.13953488372093023,0,0,5.0,13,-20.237120892707715,False,0.0,,0.0007260258028906381,False,False,通用机械,-81.36999999999999,0.013372142653390033,50.0,27.5,1.0,0.0,27.5,Other
603009.SH,603009,北特科技,20140718,主板,475760883.45,9.513534719497851,汽车零部件,未知,801093.SI,280000,55.83,161.7661,156.3794,9.4064,7.9873,1933894.3371,1889337.2795,671700246.4,True,0,0,False,False,56.32,7.675988428158131,8.513119533527691,-0.8700284090909172,False,9.513534719497851,-3.057119871279157,16.11,99.39,24038298.75,88.4474,,,269813262.85,-51.1337,1.4307,0,1933894.3371,671700246.4,1.0,1.5,PASS,False,0.5932203389830508,16.11,99.39,-7.975999999999999,32.062,ESP-Q,161.7661,9.4064,1.4307,10.041346989447549,74.48131470588235,0.0,10.0,55.83,56.32,0,95.41809851088202,,0.7972972972972973,1,1,100.0,23,8.375385291874737,True,7.675988428158131,,0.01494074201908877,False,False,汽车零部件,32.062,0.19239521590096703,50.0,88.62542955326461,0.7,10.0,52.04,Tier2
603688.SH,603688,石英股份,20141031,主板,2154600663.45,39.423631123919314,金属非金属新材料,未知,801051.SI,240000,72.57,256.3689,286.1907,6.7154,8.6445,3930959.3433,3930959.3433,2464280254.0,True,2,1,False,False,76.44,4.372213433050476,62.56720430107525,-5.062794348508637,False,39.423631123919314,-3.057119871279157,-3.34,-71.7,25224626.86,68.6016,,,239633525.16,12.8808,0.6301,0,3930959.3433,2464280254.0,1.0,1.5,PASS,False,0.8305084745762712,-3.34,-71.7,22.085,-25.425,ESP-Q,256.3689,6.7154,0.6301,,108.89996666666667,0.0,0.0,72.57,76.44,0,65.922107674685,,0.9375,1,1,100.0,5,41.290346099607355,True,4.372213433050476,,0.0017439615482045868,True,False,金属非金属新材料,-25.425,-0.42305846979877765,32.0,76.1766323024055,0.7,0.0,53.32,Tier2
002782.SZ,002782,可立克,20151222,主板,561099504.2,31.28491620111731,电子制造,未知,801085.SI,270000,28.2,46.6766,54.8301,6.5308,11.0899,1398618.5167,1371933.384,1079108534.3999999,False,4,4,False,True,30.66,10.892646480534808,26.91269126912692,-8.023483365949124,False,31.28491620111731,-3.057119871279157,-66.82,21.92,21045910.2,82.6505,,,650801726.8299999,325.2541,1.1424,0,1398618.5167,1079108534.3999999,1.0,1.5,PASS,False,0.5084745762711864,-66.82,21.92,-24.905,-33.41,,46.6766,6.5308,1.1424,,72.22433125,0.0,0.0,28.2,30.66,0,87.7434135166094,CHASE,0.9444444444444444,1,1,85.0,11,26.61795966550332,True,10.892646480534808,突破型|OVERHEAT,0.01855702166596758,True,True,电子制造,-33.41,-0.4389846962996023,32.0,75.22302405498282,1.0,0.0,75.22,Tier2
002705.SZ,002705,新宝股份,20140121,主板,452611730.45000005,-25.336322869955154,白色家电,未知,801111.SI,330000,13.32,10.821,13.0089,1.2462,1.6924,1081418.539,1075764.2842,171458967.20000002,False,0,0,False,False,19.68,-1.1869436201780381,-5.330490405117272,-32.3170731707317,False,-25.336322869955154,-3.057119871279157,-72.25,-9.26,68028164.74,86.3394,,,2397966866.33,-142.6528,0.9106,0,1081418.539,171458967.20000002,1.0,1.5,PASS,False,0.23728813559322035,-72.25,-9.26,-17.555,-36.125,ESP-Q,10.821,1.2462,0.9106,,53.917895,0.0,0.0,13.32,19.68,0,69.3012600229095,,0.041666666666666664,0,0,5.0,8,-27.508231971499843,False,-1.1869436201780381,,-0.026025006336794106,False,False,白色家电,-36.125,-0.291426865452222,32.0,29.690378006872848,0.7,0.0,20.78,Other
002838.SZ,002838,道恩股份,20170106,主板,298446875.09999996,30.13148283418554,塑料,未知,801036.SI,220000,35.63,90.233,64.637,4.5357,2.1559,1704533.5063,1498710.8326,287090249.4,True,0,0,False,False,38.3,-2.7034407427635077,25.457746478873243,-6.971279373368134,False,30.13148283418554,-3.057119871279157,103.49,46.82,75246570.36,63.1849,,,448430987.69,114.527,3.2194,0,1704533.5063,287090249.4,1.0,1.5,PASS,False,0.6779661016949152,103.49,46.82,-4.92,113.33,ESP-Q,90.233,4.5357,3.2194,0.8719006667310852,184.85352307692307,0.0,0.0,35.63,38.3,0,73.53951890034365,CHASE,0.9411764705882353,1,1,100.0,6,20.929949245254043,True,-2.7034407427635077,,-0.03931000928488548,True,False,塑料,113.33,0.5715880046416436,50.0,82.0618556701031,0.7,0.0,57.44,Tier2
603005.SH,603005,晶方科技,20140210,主板,1790741476.1000001,16.763754045307433,半导体,未知,801081.SI,270000,36.08,63.6613,63.6476,5.1352,28.7677,2353035.5152,2353035.5152,2954368774.7999997,False,1,1,False,False,40.45,9.532483302975114,14.177215189873404,-10.803461063040798,False,16.763754045307433,-3.057119871279157,11.63,51.6,61393570.51,93.8215,,,786520043.45,131.7859,1.412,0,2353035.5152,2954368774.7999997,1.0,1.5,PASS,False,0.8813559322033898,11.63,51.6,21.265,-9.635,,63.6613,5.1352,1.412,5.473886500429922,141.87467999999998,0.0,0.0,36.08,40.45,0,89.46162657502865,CHASE,0.43478260869565216,0,1,40.0,7,-4.244066962513582,False,9.532483302975114,OVERHEAT,-0.004065978520122324,True,True,半导体,-9.635,-0.27711746517237856,32.0,53.238487972508594,1.0,0.0,53.24,Tier2
603099.SH,603099,长白山,20140822,主板,217760150.3,8.848553601815112,景点,未知,801212.SI,460000,38.38,80.8133,78.5649,6.9405,4.5542,1045301.7907,1045301.7907,247542654.99999997,True,0,0,False,False,39.38,1.9118428040361346,-5.815950920245394,-2.539360081259523,False,8.848553601815112,-3.057119871279157,81.31,-15.63,7973154.24,98.4773,,,283840872.79,73.0852,0.5393,0,1045301.7907,247542654.99999997,1.0,1.5,PASS,False,0.7966101694915254,81.31,-15.63,17.8423,81.31,ESP-Q,80.8133,6.9405,0.5393,0.9938912802853277,80.8133,0.0,0.0,38.38,39.38,0,87.7434135166094,,1.0,1,1,100.0,1,0.0,False,1.9118428040361346,,-0.0074426363520534245,False,False,全市场,81.31,0.0,50.0,86.32302405498282,0.7,0.0,60.43,Tier1
000333.SZ,000333,美的集团,20130918,主板,2624563371.75,2.515723270440251,白色家电,未知,801111.SI,330000,81.5,14.1133,14.0328,2.665,0.4546,62021615.8604,55899372.9511,2878461999.7999997,True,0,0,False,False,83.44,-1.2958701707641906,3.099304237824163,-2.325023969319273,False,2.515723270440251,-3.057119871279157,-14.02,15.46,10961722000.0,86.486,,,115604434000.0,96.5298,5.5648,0,62021615.8604,2878461999.7999997,1.0,1.5,PASS,False,0.23728813559322035,-14.02,15.46,-17.555,-7.01,,14.1133,2.665,5.5648,,53.917895,0.0,0.0,81.5,83.44,0,65.922107674685,,0.5416666666666666,0,1,55.0,8,0.34381416889556204,False,-1.2958701707641906,,0.00811041796587754,False,False,白色家电,-7.01,-0.174671987558816,32.0,53.6766323024055,1.0,0.0,53.68,Tier2
603997.SH,603997,继峰股份,20150302,主板,228101880.00000003,3.95962732919255,汽车零部件,未知,801093.SI,280000,13.39,37.5574,35.4331,3.1496,1.1015,1703562.6529,1703562.6529,230462376.00000003,True,1,0,False,False,13.98,-1.6886930983847193,-6.166783461807979,-4.220314735336195,False,3.95962732919255,-3.057119871279157,25.96,175.0372,111530725.2,84.7289,,,981550194.6,-359.473,2.4456,0,1703562.6529,230462376.00000003,1.0,1.5,PASS,False,0.5932203389830508,25.96,175.0372,-7.975999999999999,41.912,ESP-Q,37.5574,3.1496,2.4456,1.4467411402157164,74.48131470588235,0.0,0.0,13.39,13.98,0,87.7434135166094,,0.6351351351351351,0,1,55.0,23,2.821477901569436,False,-1.6886930983847193,,0.01012087092045131,False,False,汽车零部件,41.912,0.22985664448000898,50.0,63.82302405498282,0.7,0.0,44.68,Other
002798.SZ,002798,帝欧水华,20160525,主板,186974871.1,14.545454545454529,家用轻工,未知,801142.SI,360000,8.19,,,2.5886,3.6948,454643.6657,396694.8809,133383440.19999999,True,1,1,False,False,8.77,-1.0869565217391242,25.42113323124042,-6.613454960091225,False,14.545454545454529,-3.057119871279157,2.08,5.63,-48978168.32,,,,-827234000.41,,-0.8316,1,454643.6657,133383440.19999999,1.0,1.5,PASS,False,0.6271186440677966,2.08,5.63,-14.92,1.04,,,2.5886,-0.8316,,179.96904166666664,0.0,0.0,8.19,8.77,10,75.60137457044674,,0.6666666666666666,0,1,55.0,6,9.120422650157723,True,-1.0869565217391242,,-0.003147242502310826,False,False,家用轻工,1.04,-0.3417893211787329,32.0,56.580412371134024,1.0,10.0,46.58,Other
002802.SZ,002802,洪汇新材,20160629,主板,158315095.15,-9.465855307640291,化学制品,未知,801034.SI,220000,13.39,58.9052,56.97,3.7151,4.3951,242688.2467,200425.8142,84090010.4,True,0,0,False,False,15.69,-6.559665038381013,-3.18148951554591,-14.659018483110254,False,-9.465855307640291,-3.057119871279157,-10.81,-29.96,9064753.79,70.9074,,,92837186.95,18.3732,1.9768,1,242688.2467,84090010.4,1.0,1.5,PASS,False,0.4406779661016949,-10.81,-29.96,8.2371,-19.0471,ESP-Q,58.9052,3.7151,1.9768,,104.193015625,0.0,0.0,13.39,15.69,10,43.184421534937,,0.39473684210526316,0,0,5.0,23,-3.7623176176254205,False,-6.559665038381013,,-0.028632179807349268,False,False,化学制品,-19.0471,-0.1637055941140172,32.0,21.855326460481102,0.7,10.0,5.3,Other
603010.SH,603010,万盛股份,20141010,主板,229269005.95,0.529500756429635,塑料,未知,801036.SI,220000,13.29,,,3.0602,2.2497,777505.2594,758564.3514,164520150.2,False,0,0,False,False,15.98,-8.659793814433003,12.91418861512319,-16.833541927409268,False,0.529500756429635,-3.057119871279157,-209.51,-1103.79,-9388778.77,-66.8188,,,-964923120.8799999,234.1718,0.5385,0,777505.2594,164520150.2,1.0,1.5,PASS,False,0.6779661016949152,-209.51,-1103.79,-4.92,-104.755,ESP-Q,,3.0602,0.5385,,184.85352307692307,0.0,0.0,13.29,15.98,0,75.94501718213058,,0.35294117647058826,0,1,40.0,6,-8.672032832501863,False,-8.659793814433003,,-0.012594320490390878,False,False,塑料,-104.755,-1.0025926102808722,22.0,47.18350515463918,0.7,0.0,33.03,Other
002739.SZ,002739,儒意电影,20150122,主板,378638250.15000004,-10.221793635486975,文化传媒,未知,801761.SI,720000,9.31,38.2488,,2.5813,1.6384,1966065.9771,1955018.4891,371500072.00000006,True,0,0,False,False,10.46,2.5330396475770955,-25.460368294635703,-10.994263862332698,False,-10.221793635486975,-3.057119871279157,-92.54,128.3139,60854290.59,70.0161,,,1463632964.72,138.9404,1.1499,0,1966065.9771,371500072.00000006,1.0,1.5,PASS,False,0.864406779661017,-92.54,128.3139,-15.175,-46.27,ESP-Q,38.2488,2.5813,1.1499,,118.69075000000001,10.0,0.0,9.31,10.46,0,92.21076746849943,,0.25,0,0,5.0,5,-9.019337916059971,False,2.5330396475770955,,0.008321398610848095,False,False,文化传媒,-46.27,-0.17386564446913316,32.0,36.56323024054983,0.7,0.0,35.59,Other
600909.SH,600909,华安证券,20161206,主板,773109739.4000001,26.690391459074725,证券,未知,801193.SI,490000,7.12,16.9671,17.7351,1.356,9.1546,3577237.0059,3577237.0059,2011549787.7999997,True,1,1,False,False,7.28,24.693520140105086,11.598746081504707,-2.197802197802201,False,26.690391459074725,-3.057119871279157,-17.09,40.92,430426398.79,99.3258,,,4389543523.74,599.919,1.7267,0,3577237.0059,2011549787.7999997,1.0,1.5,PASS,False,0.03389830508474576,-17.09,40.92,31.015,-48.105000000000004,,16.9671,1.356,1.7267,,30.001145454545455,0.0,0.0,7.12,7.28,0,71.8213058419244,CHASE,1.0,1,1,100.0,14,28.574199084660684,True,24.693520140105086,OVERHEAT,0.022560197229818505,True,True,证券,-48.105000000000004,-0.7777003906826447,22.0,75.94639175257731,1.0,0.0,75.95,Tier2
601211.SH,601211,国泰海通,20150626,主板,2121533399.6499996,-9.074626865671643,证券,未知,801193.SI,490000,15.23,9.6547,12.2287,0.8225,1.3923,26848854.0376,20555794.2239,1827837668.4,False,0,0,False,False,17.07,-1.360103626942999,-22.335543090260067,-10.779144698301113,False,-9.074626865671643,-3.057119871279157,73.43,71.93,5710848828.0,89.3931,,,50683161136.0,649.0173,1.916,0,26848854.0376,1827837668.4,1.0,1.5,PASS,False,0.03389830508474576,73.43,71.93,31.015,73.43,,9.6547,0.8225,1.916,0.1314816832357347,30.001145454545455,0.0,0.0,15.23,17.07,0,71.8213058419244,,0.09090909090909091,0,0,5.0,14,-7.190819240085684,False,-1.360103626942999,,-0.003746771390041909,False,False,证券,73.43,0.8623053459646804,50.0,34.04639175257732,1.0,0.0,34.05,Other
002779.SZ,002779,中坚科技,20151209,主板,285602848.6,-22.969304656504484,专用设备,未知,801074.SI,640000,73.78,79.0093,85.7472,14.4955,2.172,1363454.4,1223333.8956,200383043.4,False,0,0,False,False,96.16,-1.5084768388733072,-26.005415705546074,-23.27371048252912,False,-22.969304656504484,-3.057119871279157,-29.8,-22.04,28250114.24,98.6066,,,136196652.56,-492.4598,3.0933,0,1363454.4,200383043.4,1.0,1.5,PASS,False,0.6440677966101694,-29.8,-22.04,-10.094999999999999,-14.9,ESP-Q,79.0093,14.4955,3.0933,,147.6403775510204,0.0,0.0,73.78,96.16,0,50.0,COV-LOW,0.05555555555555555,0,0,5.0,17,-23.767808630324026,False,-1.5084768388733072,,-0.0018678226526644968,False,False,专用设备,-14.9,-0.27339598472376575,32.0,23.9,0.7,0.0,16.73,Other
600958.SH,600958,东方证券,20150323,主板,997758233.4499999,8.06270996640539,证券,未知,801193.SI,490000,9.65,14.5543,14.1733,1.0021,1.4127,8199262.7068,7208050.9638,861958487.4,True,0,0,False,False,10.14,0.31185031185032575,-5.206286836935159,-4.832347140039451,False,8.06270996640539,-3.057119871279157,,69.85,,,,,10528334773.18,561.0313,1.895,0,8199262.7068,861958487.4,1.0,1.5,PASS,False,0.03389830508474576,,69.85,31.015,0.0,DATA-INC,14.5543,1.0021,1.895,,30.001145454545455,0.0,0.0,9.65,10.14,0,71.8213058419244,,0.9318181818181818,1,1,100.0,14,9.946517591991348,True,0.31185031185032575,,0.016766074393745736,False,False,证券,0.0,-0.12856659415144317,32.0,77.94639175257731,1.0,0.0,77.95,Tier2
601198.SH,601198,东兴证券,20150226,主板,301687945.9,4.813664596273282,证券,未知,801193.SI,490000,13.5,20.7626,21.0294,1.4172,1.4909,4363801.452,4363801.452,558672159.8000001,True,0,0,False,False,13.88,6.132075471698117,-4.6610169491525415,-2.737752161383289,False,4.813664596273282,-3.057119871279157,,32.99,,,,,4534555889.96,1548.6571,1.0537,0,4363801.452,558672159.8000001,1.0,1.5,PASS,False,0.03389830508474576,,32.99,31.015,0.0,DATA-INC,20.7626,1.4172,1.0537,,30.001145454545455,0.0,0.0,13.5,13.88,0,65.922107674685,,0.9090909090909091,1,1,100.0,14,6.697472221859241,True,6.132075471698117,,-0.013161958884795719,False,False,证券,0.0,-0.12856659415144317,32.0,76.1766323024055,1.0,0.0,76.18,Tier2
601689.SH,601689,拓普集团,20150319,主板,3018517767.9,21.48234900451731,汽车零部件,未知,801093.SI,280000,72.61,45.4052,45.6296,5.1319,4.6741,12618424.1464,12618424.1464,4858668968.0,True,0,0,False,False,74.68,3.832403832403819,0.8332176086654597,-2.7718264595608,False,21.48234900451731,-3.057119871279157,-2.77,-4.3,473133166.14,85.7436,,,4900629250.0,80.1019,2.2668,0,12618424.1464,4858668968.0,1.0,1.5,PASS,False,0.5932203389830508,-2.77,-4.3,-7.975999999999999,-1.385,,45.4052,5.1319,2.2668,,74.48131470588235,0.0,0.0,72.61,74.68,0,65.922107674685,,0.9324324324324325,1,1,100.0,23,20.344199576894198,True,3.832403832403819,,-0.0016869126196098617,True,False,汽车零部件,-1.385,0.0651898959331279,50.0,79.7766323024055,1.0,0.0,79.78,Tier2
601226.SH,601226,华电科工,20141211,主板,176952602.60000005,-14.616193480546801,专业工程,未知,801724.SI,620000,8.12,60.2196,50.497,2.1705,1.6435,943725.6444,943725.6444,155273712.4,False,0,0,False,False,9.61,-5.909617612978002,-24.041159962581858,-15.504682622268472,False,-14.616193480546801,-3.057119871279157,36.74,89.11,-52365670.12,,,,269476025.02,,-1.1939,0,943725.6444,155273712.4,1.0,1.5,PASS,False,0.5254237288135594,36.74,89.11,-11.64,60.02,,60.2196,2.1705,-1.1939,1.6390745781164942,85.53638666666667,0.0,0.0,8.12,9.61,0,86.25429553264605,,0.26666666666666666,0,0,5.0,5,-6.075268213642881,False,-5.909617612978002,,-0.004938119583434872,False,False,专业工程,60.02,0.35964183092529034,50.0,38.376288659793815,1.0,0.0,38.38,Other
603030.SH,603030,全筑股份,20150320,主板,178554547.04999998,6.61478599221792,装修装饰,未知,801722.SI,620000,2.74,,,5.1611,4.4253,360839.7845,360839.7845,126808217.39999999,False,2,0,False,False,3.15,-6.164383561643827,-2.491103202846967,-13.015873015873003,False,6.61478599221792,-3.057119871279157,102.12,-187.68,440874.4,19.6171,,,-372219270.67999995,-18.0029,0.3222,0,360839.7845,126808217.39999999,1.0,1.5,PASS,False,0.3898305084745763,102.12,-187.68,9.255,102.12,ESP-Q,,5.1611,0.3222,,57.39425,0.0,0.0,2.74,3.15,0,82.93241695303551,,0.6,0,1,35.0,2,0.0,False,-6.164383561643827,,0.00029934965577549686,False,False,装修装饰,102.12,1.1421519086374123,68.0,55.97972508591066,0.7,0.0,39.19,Other
603369.SH,603369,今世缘,20140703,主板,368119214.75,10.027311744049939,饮料制造,未知,801123.SI,340000,28.2,13.5038,14.9963,1.959,0.9026,3515976.1043,3515976.1043,312500032.2,False,0,0,False,False,29.49,1.6216216216216273,-12.93609138623032,-4.374364191251267,False,10.027311744049939,-3.057119871279157,-15.74,-23.22,1380976821.52,99.7146,,,8744507546.71,115.0069,8.0262,0,3515976.1043,312500032.2,1.0,1.5,PASS,False,0.2711864406779661,-15.74,-23.22,2.46,-18.2,,13.5038,1.959,8.0262,,41.77951363636364,10.0,0.0,28.2,29.49,0,65.922107674685,,0.84,1,1,85.0,8,12.153295996018443,True,1.6216216216216273,,0.007035775549710356,False,False,饮料制造,-18.2,-0.04910363230307175,32.0,68.6766323024055,1.0,0.0,78.68,Tier2
603011.SH,603011,合锻智能,20141107,主板,375396812.6,-12.032816773017318,专用设备,未知,801074.SI,640000,19.3,,,5.1189,4.5968,954219.8634,954219.8634,357101948.4,False,0,0,False,False,22.65,-8.357075023741679,-25.568839182414195,-14.790286975717425,False,-12.032816773017318,-3.057119871279157,-620.57,-166.9,-30514691.47,,,,-336625767.31,,-1.528,0,954219.8634,357101948.4,1.0,1.5,PASS,False,0.6440677966101694,-620.57,-166.9,-10.094999999999999,-310.285,,,5.1189,-1.528,,147.6403775510204,0.0,0.0,19.3,22.65,0,87.5143184421535,,0.18518518518518517,0,0,5.0,17,-12.83132074683686,False,-8.357075023741679,,-0.00816598733218903,False,False,专用设备,-310.285,-1.2775865245419127,22.0,33.154295532646046,1.0,0.0,33.15,Other
603726.SH,603726,朗迪集团,20160421,主板,215103387.75000006,21.57028281975517,白色家电,未知,801111.SI,330000,28.8,30.149,23.5165,3.5742,7.747,534675.456,531953.856,332659670.6,False,3,1,False,True,31.49,5.07114191900766,4.461371055495111,-8.542394410924093,False,21.57028281975517,-3.057119871279157,-15.38,-16.13,28511497.93,32.6132,,,359093625.75,14.6388,6.0218,0,534675.456,332659670.6,1.0,1.5,PASS,False,0.23728813559322035,-15.38,-16.13,-17.555,-7.69,ESP-Q,30.149,3.5742,6.0218,,53.917895,0.0,0.0,28.8,31.49,0,89.46162657502865,CHASE,0.9166666666666666,1,1,85.0,8,19.398373718210483,True,5.07114191900766,突破型,0.00035207155421464523,True,False,白色家电,-7.69,-0.17739887462622164,32.0,75.7384879725086,0.7,0.0,53.02,Tier2
002768.SZ,002768,国恩股份,20150630,主板,295102179.85,23.572815533980584,塑料,未知,801036.SI,220000,63.64,22.7883,19.4269,2.7799,3.1064,1917155.0,1124825.0675,378211805.4000001,True,0,0,False,False,66.08,2.1181001283697043,19.39962476547843,-3.6924939467312345,False,23.572815533980584,-3.057119871279157,149.38,55.15,255460570.52,99.5483,,,2009408666.79,43.2877,4.0642,0,1917155.0,378211805.4000001,1.0,1.5,PASS,False,0.6779661016949152,149.38,55.15,-4.92,159.21999999999997,,22.7883,2.7799,4.0642,0.15255255054224126,184.85352307692307,10.0,0.0,63.64,66.08,0,69.3012600229095,,0.8823529411764706,1,1,100.0,6,14.371281945049086,True,2.1181001283697043,,-0.012950520689702403,True,False,塑料,159.21999999999997,0.9028310906805468,50.0,80.79037800687286,1.0,0.0,90.79,Tier2
603606.SH,603606,东方电缆,20141015,主板,1027418929.8500001,-6.285807824521205,高低压设备,未知,801734.SI,630000,57.25,30.967,28.9064,4.6289,1.6664,3937170.4818,3937170.4818,747039460.8000001,False,1,0,False,False,67.58,-2.403682236617788,2.1227256510881087,-15.285587451908844,False,-6.285807824521205,-3.057119871279157,34.61,38.01,369446206.82,99.4359,,,2987832194.4700003,-223.5486,4.4262,0,3937170.4818,747039460.8000001,1.0,1.5,PASS,False,0.4745762711864407,34.61,38.01,10.365,34.61,ESP-Q,30.967,4.6289,4.4262,0.894741404218434,142.6951,0.0,0.0,57.25,67.58,0,86.25429553264605,,0.41935483870967744,0,0,5.0,10,-0.8071804915892322,False,-2.403682236617788,,-0.001801163196905777,False,False,高低压设备,34.61,0.2086907668553057,50.0,38.376288659793815,0.7,0.0,26.86,Other
002730.SZ,002730,电光科技,20141009,主板,829646574.4000001,15.489233094068755,专用设备,未知,801074.SI,640000,30.57,165.0241,162.0653,6.7093,5.2131,1106878.1932,1057813.3432,483389731.40000004,False,0,0,False,False,36.0,-5.531520395550061,86.40243902439026,-15.083333333333337,False,15.489233094068755,-3.057119871279157,7.09,-49.13,21402260.89,97.9125,,,152485905.16,329.3971,1.3338,0,1106878.1932,483389731.40000004,1.0,1.5,PASS,False,0.6440677966101694,7.09,-49.13,-10.094999999999999,3.545,,165.0241,6.7093,1.3338,23.27561354019746,147.6403775510204,0.0,0.0,30.57,36.0,0,85.91065292096219,CHASE,0.8703703703703703,1,1,75.0,17,14.690729120249213,True,-5.531520395550061,,-0.01928356943266653,True,False,专用设备,3.545,-0.21069038184296363,32.0,69.67319587628866,1.0,0.0,69.67,Tier2
603318.SH,603318,水发燃气,20150424,主板,1027017126.0499997,15.555555555555545,燃气,未知,801163.SI,410000,9.88,,,2.9156,12.6601,548017.1394,453562.0729,696015229.8000001,True,5,0,False,False,15.1,-10.018214936247716,42.36311239193085,-34.56953642384105,False,15.555555555555545,-3.057119871279157,-72.79,-410.13,4994503.82,94.7994,,,-42794843.57,-62.9064,0.3231,0,548017.1394,696015229.8000001,1.0,1.5,PASS,False,0.1864406779661017,-72.79,-410.13,-5.75,-36.395,ESP-Q,,2.9156,0.3231,,185.42465714285714,0.0,0.0,9.88,15.1,0,65.922107674685,,0.75,1,1,100.0,3,24.468244942911348,True,-10.018214936247716,,-0.0004834233019054365,True,False,燃气,-36.395,-0.5730494716632554,22.0,74.1766323024055,0.7,0.0,51.92,Tier2
603116.SH,603116,红蜻蜓,20150629,主板,172154816.24999997,39.99999999999999,服装家纺,未知,801132.SI,350000,7.91,,,1.8023,5.7893,455774.8328,455774.8328,240508171.99999997,True,0,0,False,False,8.52,-0.6281407035175879,24.566929133858274,-7.159624413145538,False,39.99999999999999,-3.057119871279157,363.53,-116.7758,5113504.27,55.4094,,,-280973553.79,104.5642,0.3656,0,455774.8328,240508171.99999997,1.0,1.5,PASS,False,0.11864406779661017,363.53,-116.7758,17.065,363.53,ESP-Q,,1.8023,0.3656,,85.02447272727274,0.0,0.0,7.91,8.52,0,76.6323024054983,CHASE,0.9375,1,1,100.0,5,37.901837851127894,True,-0.6281407035175879,,-0.0036355518703957653,True,False,服装家纺,363.53,2.175528174673846,82.0,89.38969072164949,0.7,0.0,62.57,Tier2
002786.SZ,002786,银宝山新,20151223,主板,173217035.20000002,26.080892608089258,专用设备,未知,801074.SI,640000,9.04,,,22.4868,7.8112,448033.248,446677.248,347315568.2,True,1,0,False,False,9.22,7.491082045184294,5.730994152046764,-1.9522776572668321,False,26.080892608089258,-3.057119871279157,139.3,55.67,8251775.46,57.4262,,,-147148162.54,306.343,7.5591,0,448033.248,347315568.2,1.0,1.5,PASS,False,0.6440677966101694,139.3,55.67,-10.094999999999999,159.49,ESP-Q,,22.4868,7.5591,,147.6403775510204,0.0,0.0,9.04,9.22,0,84.87972508591065,CHASE,0.9444444444444444,1,1,100.0,17,25.282388634269715,True,7.491082045184294,OVERHEAT,0.015865169296335854,True,True,专用设备,159.49,0.3194600785119662,50.0,85.4639175257732,0.7,0.0,59.82,Tier2
600959.SH,600959,江苏有线,20150428,主板,235782328.94999993,-5.210918114143926,文化传媒,未知,801761.SI,720000,3.82,73.927,87.8557,0.84,1.35,1910274.1561,1910274.1561,255566534.6,False,0,0,False,False,4.16,0.0,-9.04761904761906,-8.173076923076927,False,-5.210918114143926,-3.057119871279157,-1823.3242,-18.5019,-115389305.55,-182.2365,,,-391075108.8,,0.2788,0,1910274.1561,255566534.6,1.0,1.5,PASS,False,0.864406779661017,-1823.3242,-18.5019,-15.175,-911.6621,ESP-Q,73.927,0.84,0.2788,,118.69075000000001,0.0,0.0,3.82,4.16,0,65.922107674685,,0.375,0,0,5.0,5,-4.008462394716922,False,0.0,,0.0030662859542903275,False,False,文化传媒,-911.6621,-1.1793847980138896,22.0,26.6766323024055,0.7,0.0,18.67,Other
603383.SH,603383,顶点软件,20170522,主板,220524594.14999995,2.6234567901234573,计算机应用,未知,801222.SI,710000,33.25,38.3206,33.5865,4.409,4.6459,682885.3712,682876.3937,222176011.6,True,0,0,False,False,34.59,2.3076923076922995,-7.278304517568324,-3.873952009251236,False,2.6234567901234573,-3.057119871279157,130.5,-13.49,39879927.85,85.8686,,,326402291.53999996,-192.2662,3.0442,1,682885.3712,222176011.6,1.0,1.5,PASS,False,0.7627118644067796,130.5,-13.49,-4.9399999999999995,140.38,ESP-Q,38.3206,4.409,3.0442,0.29364444444444443,143.4918742857143,10.0,0.0,33.25,34.59,10,73.76861397479955,,0.75,1,1,100.0,16,6.606178987523325,True,2.3076923076922995,,-0.011343078339417544,False,False,计算机应用,140.38,0.5666672476580069,50.0,82.13058419243987,0.7,10.0,57.49,Tier1
002771.SZ,002771,真视通,20150629,主板,230686348.85000002,-22.304620650313755,计算机应用,未知,801222.SI,710000,13.62,,,4.8247,6.0491,285698.7042,237688.9601,119304947.6,False,0,0,False,False,18.25,-5.7439446366782,-14.875000000000005,-25.369863013698634,False,-22.304620650313755,-3.057119871279157,14.31,-2704.72,-13350797.45,,,,-168376808.6,,-2.2112,1,285698.7042,119304947.6,1.0,1.5,PASS,False,0.7627118644067796,14.31,-2704.72,-4.9399999999999995,24.189999999999998,ESP-Q,,4.8247,-2.2112,,143.4918742857143,0.0,0.0,13.62,18.25,10,82.2451317296678,,0.038461538461538464,0,0,5.0,16,-18.321898452913885,False,-5.7439446366782,,-0.02297281620908844,False,False,计算机应用,24.189999999999998,0.07622692997711293,50.0,37.17353951890034,0.7,10.0,16.02,Other
603101.SH,603101,汇嘉时代,20160506,主板,266660790.05,-23.0,一般零售,未知,801203.SI,450000,7.7,47.1037,42.8855,2.5273,2.5837,362208.0,362208.0,97156023.0,False,0,0,False,False,11.38,-5.8679706601466926,-17.73504273504273,-32.33743409490334,False,-23.0,-3.057119871279157,8.09,172.66,58146607.21,90.2462,,,270586006.94,181.1101,4.5239,0,362208.0,97156023.0,1.0,1.5,PASS,False,0.576271186440678,8.09,172.66,-2.645,13.379999999999999,,47.1037,2.5273,4.5239,5.822459826946848,44.26595714285714,0.0,0.0,7.7,11.38,0,73.99770904925545,,0.08333333333333333,0,0,5.0,4,-12.371913713939183,False,-5.8679706601466926,,0.01264275619331091,False,False,一般零售,13.379999999999999,0.012757762239308575,50.0,34.69931271477664,1.0,0.0,34.7,Other
002735.SZ,002735,王子新材,20141203,主板,155732563.54999995,-15.602836879432624,包装印刷,未知,801141.SI,360000,13.09,,,3.1432,4.997,491207.9481,373142.6774,181271298.60000002,False,0,0,False,False,15.7,-9.03405142460042,-27.519379844961232,-16.624203821656046,False,-15.602836879432624,-3.057119871279157,30.51,-148.17,10083378.06,100.004,,,-121090814.64999999,,0.644,0,491207.9481,181271298.60000002,1.0,1.5,PASS,False,0.9152542372881356,30.51,-148.17,0.78,30.51,ESP-Q,,3.1432,0.644,,151.91444,0.0,0.0,13.09,15.7,0,75.94501718213058,,0.21052631578947367,0,0,5.0,6,-11.19316404870716,False,-9.03405142460042,,-0.043171029858941286,False,False,包装印刷,30.51,-0.08596155320838564,32.0,31.683505154639178,0.7,0.0,22.18,Other
002741.SZ,002741,光华科技,20150216,主板,680091897.4000001,15.423134702053098,化学制品,未知,801034.SI,220000,23.05,103.1586,89.4441,5.5388,10.4479,1071876.4246,982755.6856,788468270.0,False,1,0,False,False,25.12,1.1408512505485024,8.777725342142517,-8.240445859872613,False,15.423134702053098,-3.057119871279157,96.62,162.75,39776424.51,96.6736,,,285609052.71,-348.8594,2.1002,0,1071876.4246,788468270.0,1.0,1.5,PASS,False,0.4406779661016949,96.62,162.75,8.2371,96.62,ESP-Q,103.1586,5.5388,2.1002,1.0676733595528876,104.193015625,0.0,0.0,23.05,25.12,0,89.46162657502865,CHASE,0.8421052631578947,1,1,75.0,23,21.126672392067967,True,1.1408512505485024,,0.0028119203476390966,True,False,化学制品,96.62,0.0886911315866898,50.0,74.33848797250859,0.7,0.0,52.04,Tier2
603017.SH,603017,中衡设计,20141231,主板,435911102.80000013,-13.62763915547025,基础建设,未知,801723.SI,620000,13.5,76.0086,76.6664,2.4974,4.9685,372856.8956,372856.8956,178062123.0,False,3,0,False,False,17.8,-8.536585365853655,8.173076923076916,-24.157303370786522,False,-13.62763915547025,-3.057119871279157,-0.58,32.92,17945335.71,85.6453,,,136374537.46,102.9141,1.413,0,372856.8956,178062123.0,1.0,1.5,PASS,False,0.0847457627118644,-0.58,32.92,-7.28,-0.29,,76.0086,2.4974,1.413,,58.68530769230769,0.0,0.0,13.5,17.8,0,76.97594501718214,,0.2631578947368421,0,0,5.0,6,-6.80615874908419,False,-8.536585365853655,,-0.0030142851270107303,False,False,基础建设,-0.29,-0.3192974808724062,32.0,31.99278350515464,1.0,0.0,31.99,Other
603798.SH,603798,康普顿,20160406,主板,180264607.15,2.084539664157492,石油化工,未知,801035.SI,220000,17.63,88.591,104.6764,3.6408,2.3829,452120.733,452120.733,133689496.19999999,True,0,0,False,False,20.4,-7.210526315789478,16.06319947333772,-13.578431372549016,False,2.084539664157492,-3.057119871279157,-9.58,-10.45,46456835.94,100.0177,,,187765481.32999998,232.6199,3.8117,0,452120.733,133689496.19999999,1.0,1.5,PASS,False,0.2033898305084746,-9.58,-10.45,13.370000000000001,-22.950000000000003,,88.591,3.6408,3.8117,,39.986374999999995,0.0,0.0,17.63,20.4,0,95.07445589919816,,1.0,1,1,100.0,2,5.879862361764449,True,-7.210526315789478,,0.010550642387819711,False,False,石油化工,-22.950000000000003,-0.4929856868700895,32.0,84.92233676975945,1.0,0.0,84.92,Tier2
603779.SH,603779,威龙股份,20160516,主板,170838697.20000002,134.5718901453958,饮料制造,未知,801123.SI,340000,14.52,,,9.8422,42.6298,482184.1588,482184.1588,454577917.5999999,True,8,8,True,True,14.52,46.37096774193547,112.28070175438596,0.0,False,134.5718901453958,-3.057119871279157,-190.6365,-338.9758,-7677989.0,,,,-63401094.46,,-1.5197,0,482184.1588,454577917.5999999,1.0,1.5,PASS,False,0.2711864406779661,-190.6365,-338.9758,2.46,-193.09650000000002,,,9.8422,-1.5197,,41.77951363636364,0.0,0.0,14.52,14.52,0,54.86827033218786,,1.0,1,1,100.0,8,136.6978743973643,True,46.37096774193547,LOCK|突破型|OVERHEAT,0.06957863394637896,True,True,饮料制造,-193.09650000000002,-2.354163412935695,12.0,68.86048109965637,1.0,0.0,68.86,Tier2
002747.SZ,002747,埃斯顿,20150320,主板,913167964.9,35.50519357884796,通用机械,未知,801072.SI,640000,28.7,617.6219,213.3665,8.5786,14.2801,2777581.5601,2245501.2824,2040573231.3999999,True,0,0,False,False,28.71,12.858828155721591,17.719442165709598,-0.034831069313834284,False,35.50519357884796,-3.057119871279157,364.53,100.87,19358592.41,19.7866,,,11094877.349999998,-122.6879,3.7636,0,2777581.5601,2040573231.3999999,1.0,1.5,PASS,False,0.7796610169491526,364.53,100.87,1.3,364.53,ESP-Q,617.6219,8.5786,3.7636,1.6942964913724523,114.34343529411765,0.0,10.0,28.7,28.71,0,65.922107674685,,0.9534883720930233,1,1,100.0,13,27.202839179839277,True,12.858828155721591,OVERHEAT,0.03697226257376452,True,True,通用机械,364.53,1.2037737119124938,68.0,83.3766323024055,0.7,10.0,48.36,Other
603901.SH,603901,永创智能,20150529,主板,192660838.00000003,-0.1615508885298933,专用设备,未知,801074.SI,640000,12.36,51.9436,42.4694,2.0606,2.4438,712869.9179,667807.0426,161292282.79999998,True,0,0,False,False,13.67,-5.0691244239631335,-15.400410677618071,-9.583028529626924,False,-0.1615508885298933,-3.057119871279157,65.36,,66814264.48,93.7144,,,261963962.33999997,53.3359,2.4715,0,712869.9179,161292282.79999998,1.0,1.5,PASS,False,0.6440677966101694,65.36,,-10.094999999999999,85.55,ESP-Q,51.9436,2.0606,2.4715,0.7947307221542228,147.6403775510204,0.0,0.0,12.36,13.67,0,88.88888888888889,,0.48148148148148145,0,1,55.0,17,-0.9600548623494354,False,-5.0691244239631335,,-0.0035301129396823677,False,False,专用设备,85.55,0.06809373115460611,50.0,64.16666666666666,0.7,0.0,44.92,Other
603703.SH,603703,盛洋科技,20150423,主板,166311057.95,-0.8676789587852451,通信设备,未知,801102.SI,730000,13.71,,,6.8841,2.9903,568940.4865,568940.4865,169340859.4,False,0,0,False,False,15.04,-0.43572984749454813,-5.121107266435976,-8.843085106382965,False,-0.8676789587852451,-3.057119871279157,-13.85,47.52,5611347.23,91.8417,,,-9455168.25,-3276.6145,0.7402,0,568940.4865,169340859.4,1.0,1.5,PASS,False,0.9830508474576272,-13.85,47.52,4.779999999999999,-18.63,ESP-Q,,6.8841,0.7402,,182.74448076923076,0.0,0.0,13.71,15.04,0,77.66323024054984,,0.5,0,0,5.0,13,-0.03993191636741389,False,-0.43572984749454813,,-0.012663392324405076,False,False,通信设备,-18.63,-0.28004509227741387,32.0,32.19896907216495,0.7,0.0,22.54,Other
603031.SH,603031,安孚科技,20160822,主板,1079919004.2,-8.330347545682548,饮料制造,未知,801123.SI,340000,51.17,84.6464,66.314,6.7909,8.9266,1912969.7262,1608735.5182,1348221115.6,True,2,1,False,False,59.48,2.5450901803607318,-6.264883678329369,-13.971082716879613,False,-8.330347545682548,-3.057119871279157,83.86,30.54,127860423.15,95.6683,,,613527122.37,63.3256,4.7791,0,1912969.7262,1348221115.6,1.0,1.5,PASS,False,0.2711864406779661,83.86,30.54,2.46,83.86,,84.6464,6.7909,4.7791,1.0093775339852133,41.77951363636364,0.0,0.0,51.17,59.48,0,45.131729667812145,,0.32,0,0,5.0,8,-6.204363293714043,False,2.5450901803607318,,0.018444770999843322,False,False,饮料制造,83.86,1.2960027661175113,68.0,29.639518900343646,1.0,0.0,29.64,Other
601882.SH,601882,海天精工,20161107,主板,176502158.05000004,19.97950819672132,通用机械,未知,801072.SI,640000,23.42,28.4978,27.695,4.2105,2.255,1222524.0,1222524.0,250064860.2,True,0,0,False,False,25.2,-3.7797863599013937,10.263653483992474,-7.063492063492049,False,19.97950819672132,-3.057119871279157,-20.13,-18.41,68039381.61,61.1026,,,972793285.6400001,-165.408,3.7068,0,1222524.0,250064860.2,1.0,1.5,PASS,False,0.7796610169491526,-20.13,-18.41,1.3,-21.43,ESP-Q,28.4978,4.2105,3.7068,,114.34343529411765,10.0,0.0,23.42,25.2,0,87.7434135166094,CHASE,0.8604651162790697,1,1,100.0,13,11.677153797712638,True,-3.7797863599013937,,-0.00895127768051857,True,False,通用机械,-21.43,0.17339158661255277,50.0,86.32302405498282,0.7,0.0,70.43,Tier2
601985.SH,601985,中国核电,20150610,主板,1305914567.85,-1.9079685746352437,电力,未知,801161.SI,410000,8.74,19.3207,21.8382,1.4983,0.9651,17976433.8127,16503990.9738,1286339666.0,False,0,0,False,False,9.32,-4.37636761487965,2.5821596244131495,-6.22317596566524,False,-1.9079685746352437,-3.057119871279157,-34.99,6.75,2036928966.29,98.6685,,,24773936424.449997,154.6523,1.7225,0,17976433.8127,1286339666.0,1.0,1.5,PASS,False,0.3050847457627119,-34.99,6.75,0.02,-35.010000000000005,,19.3207,1.4983,1.7225,,55.30460465116279,0.0,0.0,8.74,9.32,0,71.8213058419244,,0.3181818181818182,0,0,5.0,14,-1.673316589656959,False,-4.37636761487965,,-0.008461396514343689,False,False,电力,-35.010000000000005,-0.5094376621082277,22.0,28.44639175257732,1.0,0.0,28.45,Other
601015.SH,601015,陕西黑猫,20141105,主板,207268724.75000003,-12.749999999999995,煤炭开采,未知,801021.SI,210000,3.49,,,1.4817,2.2141,712831.676,712831.676,140628634.8,False,0,0,False,False,4.14,-6.933333333333325,-21.573033707865164,-15.700483091787431,False,-12.749999999999995,-3.057119871279157,-4.88,-4.39,-320960972.62,,,,-2852255886.81,,-6.3093,0,712831.676,140628634.8,1.0,1.5,PASS,False,0.1694915254237288,-4.88,-4.39,-3.7,-2.44,,,1.4817,-6.3093,,32.17243333333333,0.0,0.0,3.49,4.14,0,86.48339060710195,,0.09090909090909091,0,0,5.0,7,-9.244612465574342,False,-6.933333333333325,,-0.00156056460496404,False,False,煤炭开采,-2.44,-0.24104360378540632,32.0,34.84501718213058,1.0,0.0,34.85,Other
603025.SH,603025,大豪科技,20150422,主板,286394072.65,-3.9975772259236986,电气自动化设备,未知,801732.SI,630000,15.85,24.9241,22.7007,7.1875,1.2066,1769897.8152,1758042.0152,201590842.60000002,True,0,0,False,False,17.88,-3.8811400848999367,-7.634032634032639,-11.353467561521246,False,-3.9975772259236986,-3.057119871279157,35.4,23.9,233098476.77,97.9841,,,1974716448.34,40.552,8.3667,1,1769897.8152,201590842.60000002,1.0,1.5,PASS,False,0.4067796610169492,35.4,23.9,-25.5,86.4,ESP-Q,24.9241,7.1875,8.3667,0.7040706214689265,54.13474375,10.0,0.0,15.85,17.88,10,65.922107674685,,0.47058823529411764,0,0,5.0,6,-3.118372332957331,False,-3.8811400848999367,,-0.015174251725636535,False,False,电气自动化设备,86.4,1.0410017587915352,68.0,35.8766323024055,0.7,10.0,25.11,Other
603969.SH,603969,银龙股份,20150227,主板,199120936.75,-6.498951781970641,金属制品,未知,801075.SI,640000,8.92,21.2609,21.4971,2.7456,3.118,777408.1496,757849.2656,206293692.20000002,True,0,0,False,False,10.23,-10.97804391217565,-10.261569416498995,-12.805474095796676,False,-6.498951781970641,-3.057119871279157,-11.18,55.33,62426246.81,95.1401,,,599765995.47,-59.7588,2.3444,0,777408.1496,206293692.20000002,1.0,1.5,PASS,False,0.5423728813559322,-11.18,55.33,-11.295,-5.59,ESP-Q,21.2609,2.7456,2.3444,,68.8756909090909,10.0,0.0,8.92,10.23,0,61.512027491408936,,0.5454545454545454,0,0,5.0,4,0.0,False,-10.97804391217565,,-0.010183879109438592,False,False,金属制品,-5.59,0.13342698920993004,50.0,30.95360824742268,0.7,0.0,31.67,Other
603667.SH,603667,五洲新春,20161025,主板,2801504989.7,19.083754918493547,通用机械,未知,801072.SI,640000,84.74,355.2721,384.9573,8.136,17.1353,3246829.387,3103202.273,4811589900.400001,True,1,1,False,False,87.87,0.36716806822219006,-6.509267431597532,-3.562080345965646,False,19.083754918493547,-3.057119871279157,-19.01,9.84,26222788.49,85.1389,,,267946712.94,128.2998,1.029,0,3246829.387,4811589900.400001,1.0,1.5,PASS,False,0.7796610169491526,-19.01,9.84,1.3,-20.310000000000002,,355.2721,8.136,1.029,,114.34343529411765,0.0,10.0,84.74,87.87,0,91.63802978235968,CHASE,0.813953488372093,1,1,100.0,13,10.781400519484865,True,0.36716806822219006,,-0.00017442675164637027,True,False,通用机械,-20.310000000000002,0.17638160625276406,50.0,87.4914089347079,1.0,10.0,77.49,Tier2
603660.SH,603660,苏州科达,20161201,主板,512921733.1,22.955665024630534,计算机设备,未知,801101.SI,710000,12.48,,,10.0614,6.5835,718580.9854,713222.8846,528123003.40000004,False,0,0,False,False,14.53,-5.022831050228316,24.30278884462154,-14.108740536820363,False,22.955665024630534,-3.057119871279157,-130.9324,-138.3093,-165225249.06,,,,-1249764911.06,,-20.6109,0,718580.9854,528123003.40000004,1.0,1.5,PASS,False,0.7288135593220338,-130.9324,-138.3093,7.12,-138.0524,,,10.0614,-20.6109,,116.38087647058823,0.0,0.0,12.48,14.53,0,92.55441008018327,CHASE,0.7916666666666666,1,1,75.0,8,24.841487535453044,True,-5.022831050228316,,-0.011714619732801253,True,False,计算机设备,-138.0524,-0.604867848540239,22.0,69.66632302405498,1.0,0.0,69.67,Tier2
603919.SH,603919,金徽酒,20160310,主板,150053126.35,10.363836824696794,饮料制造,未知,801123.SI,340000,20.02,28.6561,31.2331,2.8723,3.6658,1015534.514,1015534.514,217111422.8,True,1,1,False,False,20.61,6.659563132658497,-5.699481865284984,-2.862688015526438,False,10.363836824696794,-3.057119871279157,-12.77,-10.36,201935518.76,98.7194,,,1158072268.87,109.9587,5.8733,0,1015534.514,217111422.8,1.0,1.5,PASS,False,0.2711864406779661,-12.77,-10.36,2.46,-15.23,,28.6561,2.8723,5.8733,,41.77951363636364,0.0,0.0,20.02,20.61,0,65.922107674685,,0.88,1,1,100.0,8,12.489821076665297,True,6.659563132658497,,0.026889508908420498,False,False,饮料制造,-15.23,-0.0099603244125257,32.0,76.1766323024055,1.0,0.0,76.18,Tier2
603556.SH,603556,海兴电力,20161110,主板,198470084.95000002,-10.86538461538462,仪器仪表,未知,801073.SI,640000,27.81,18.5476,19.9147,1.8128,1.0682,1352300.6568,1352300.6568,139345163.6,True,0,0,False,False,32.4,-0.1436265709156337,-24.756493506493516,-14.166666666666671,False,-10.86538461538462,-3.057119871279157,-46.32,-29.31,76729704.22,84.3868,,,1838909690.5700002,-88.2454,1.2257,0,1352300.6568,139345163.6,1.0,1.5,PASS,False,0.6949152542372882,-46.32,-29.31,0.78,-47.1,ESP-Q,18.5476,1.8128,1.2257,,92.29922857142857,0.0,0.0,27.81,32.4,0,92.78350515463917,,0.2857142857142857,0,0,5.0,3,-8.60188164941521,False,-0.1436265709156337,,-0.004022888200781424,False,False,仪器仪表,-47.1,-0.9522738996871385,22.0,34.73505154639175,0.7,0.0,24.31,Other
603612.SH,603612,索通发展,20170718,主板,413554691.40000004,-20.321050711419186,金属非金属新材料,未知,801051.SI,240000,21.84,14.5696,15.3523,1.8412,3.1349,1087860.1385,1087860.1385,450413908.4,False,0,0,False,False,27.88,-5.658747300215983,-29.228775113415427,-21.664275466284078,False,-20.321050711419186,-3.057119871279157,-12.85,365.19,208138097.11,100.8584,,,2109229273.23,-288.4815,3.5541,0,1087860.1385,450413908.4,1.0,1.5,PASS,False,0.8305084745762712,-12.85,365.19,22.085,-34.935,ESP-Q,14.5696,1.8412,3.5541,,108.89996666666667,10.0,0.0,21.84,27.88,0,80.75601374570446,,0.0625,0,0,5.0,5,-18.45433573573115,False,-5.658747300215983,,-0.0035891211081434497,False,False,金属非金属新材料,-34.935,-0.4368492057953957,32.0,33.12680412371134,0.7,0.0,33.19,Other
603090.SH,603090,宏盛股份,20160831,主板,452843247.35,7.607621736062109,通用机械,未知,801072.SI,640000,76.24,92.5408,100.1143,12.2619,17.6224,762400.0,762400.0,624437017.8000001,True,1,1,False,False,79.08,16.379178751335655,-8.03377563329314,-3.591299949418314,False,7.607621736062109,-3.057119871279157,-33.32,67.55,15447456.26,89.6256,,,161009844.15,60.5366,2.683,1,762400.0,624437017.8000001,1.0,1.5,PASS,False,0.7796610169491526,-33.32,67.55,1.3,-34.62,,92.5408,12.2619,2.683,,114.34343529411765,0.0,0.0,76.24,79.08,10,83.8487972508591,,0.46511627906976744,0,1,55.0,13,-0.6947326629465724,False,16.379178751335655,OVERHEAT,0.009638762134269984,False,True,通用机械,-34.62,0.13817876602827925,50.0,62.65463917525773,1.0,10.0,52.65,Tier2
603160.SH,603160,汇顶科技,20161017,主板,434438667.0,-8.122194874764721,元件,未知,801083.SI,270000,63.46,35.3186,38.9559,3.2149,1.6245,2956517.5376,2956517.5376,404805911.2,False,0,0,False,False,72.03,-2.3391812865497075,-19.36467598475222,-11.89782035263085,False,-8.122194874764721,-3.057119871279157,-25.08,31.05,98828514.69,84.3321,,,1742121810.83,-34.0826,1.2499,0,2956517.5376,404805911.2,1.0,1.5,PASS,False,0.7457627118644068,-25.08,31.05,2.79,-27.869999999999997,ESP-Q,35.3186,3.2149,1.2499,,204.28836129032257,0.0,0.0,63.46,72.03,0,89.46162657502865,,0.06060606060606061,0,0,5.0,10,-18.966082735871893,False,-2.3391812865497075,,0.0005749916194403343,False,False,元件,-27.869999999999997,-0.3160439874408079,32.0,35.738487972508594,0.7,0.0,25.02,Other
603012.SH,603012,创力集团,20150320,主板,244806440.15,5.23968784838349,专用设备,未知,801074.SI,640000,9.44,57.5552,66.584,1.5885,6.1182,610296.0,610296.0,253080412.0,True,1,1,False,False,10.16,3.056768558951961,16.39950678175093,-7.086614173228356,False,5.23968784838349,-3.057119871279157,-44.95,-63.44,16171014.8,69.51,,,234991832.79999998,-43.1527,0.6072,0,610296.0,253080412.0,1.0,1.5,PASS,False,0.6440677966101694,-44.95,-63.44,-10.094999999999999,-22.475,ESP-Q,57.5552,1.5885,0.6072,,147.6403775510204,0.0,0.0,9.44,10.16,0,65.922107674685,,0.6296296296296297,0,1,55.0,17,4.441183874563947,False,3.056768558951961,,6.464348878854538e-05,False,False,专用设备,-22.475,-0.29914794687188584,32.0,53.6766323024055,0.7,0.0,37.57,Other
603663.SH,603663,三祥新材,20160801,主板,452547031.9,-4.2153589315525934,稀有金属,未知,801054.SI,240000,45.9,165.2862,137.865,13.9792,4.6154,1942945.8525,1940742.6525,603824540.5999999,True,1,1,False,False,49.48,7.017952902774538,1.683650863978725,-7.235246564268383,False,-4.2153589315525934,-3.057119871279157,200.24,58.67,34231696.16,92.7962,,,271746100.68,109.8277,2.6749,0,1942945.8525,603824540.5999999,1.0,1.5,PASS,False,0.8983050847457628,200.24,58.67,108.81,200.24,ESP-Q,165.2862,13.9792,2.6749,0.8254404714342789,123.306975,0.0,0.0,45.9,49.48,0,80.75601374570446,,0.8125,1,0,55.0,5,4.952244839820718,False,7.017952902774538,,0.014257204348514815,False,False,稀有金属,200.24,-0.08734864772462224,32.0,58.12680412371134,0.7,0.0,40.69,Other
603618.SH,603618,杭电股份,20150217,主板,2929162080.2500005,55.183044315992305,高低压设备,未知,801734.SI,630000,40.27,,,10.2911,15.8174,2784169.6056,2784169.6056,3098964074.2000003,False,5,2,False,True,44.5,10.631868131868139,177.53273604410757,-9.50561797752808,False,55.183044315992305,-3.057119871279157,329.85,-410.61,76706086.42,94.8841,,,-433726911.52,-345.6362,2.9836,1,2784169.6056,3098964074.2000003,1.0,1.5,PASS,False,0.4745762711864407,329.85,-410.61,10.365,329.85,ESP-Q,,10.2911,2.9836,,142.6951,0.0,0.0,40.27,44.5,10,65.922107674685,,1.0,1,1,75.0,10,60.661671648924276,True,10.631868131868139,突破型|OVERHEAT,0.016640196208019258,True,True,高低压设备,329.85,2.466253540244769,82.0,73.6766323024055,0.7,10.0,41.57,Other
603986.SH,603986,兆易创新,20160818,主板,17075165626.599997,41.01936200084892,半导体,未知,801081.SI,270000,431.9,183.7391,105.337,11.9813,9.4692,30280614.8587,28844216.3073,25439379622.8,False,2,1,False,False,464.83,15.069004102946671,39.9092970521542,-7.084310393046922,False,41.01936200084892,-3.057119871279157,529.9,42.57,1410064284.2,96.4972,,,4465825293.88,109.9664,6.5999,1,30280614.8587,25439379622.8,1.0,1.5,PASS,False,0.8813559322033898,529.9,42.57,21.265,529.9,,183.7391,11.9813,6.5999,0.34674297037176827,141.87467999999998,0.0,0.0,431.9,464.83,10,92.55441008018327,CHASE,0.9565217391304348,1,1,85.0,7,20.011540993027907,True,15.069004102946671,OVERHEAT,-0.0021168299229146,True,True,半导体,529.9,1.5231307109358914,68.0,83.86632302405498,1.0,10.0,73.87,Tier2
002760.SZ,002760,凤形股份,20150611,主板,209655078.75,2.100456621004576,通用机械,未知,801072.SI,640000,22.36,119.7074,101.5173,2.884,9.8394,241462.7466,241462.7466,318761739.6,True,1,1,False,False,26.5,-6.286672254819781,-4.851063829787239,-15.622641509433965,False,2.100456621004576,-3.057119871279157,286.41,115.45,5594672.59,83.9832,,,28539853.71,-1427.3291,0.7989,0,241462.7466,318761739.6,1.0,1.5,PASS,False,0.7796610169491526,286.41,115.45,1.3,286.41,ESP-Q,119.7074,2.884,0.7989,0.4179581718515415,114.34343529411765,0.0,0.0,22.36,26.5,0,90.83619702176404,,0.4186046511627907,0,1,55.0,13,-6.201897778004105,False,-6.286672254819781,,-0.037059841715638725,False,False,通用机械,286.41,0.9952198420077594,50.0,64.7508591065292,0.7,0.0,45.33,Other
002787.SZ,002787,华源控股,20151231,主板,668973818.25,47.67309875141883,包装印刷,未知,801141.SI,360000,26.02,76.8556,74.5715,4.7191,11.4336,872129.5106,652738.0166,612480469.1999999,False,5,2,False,True,28.57,-2.8379387602688655,102.17560217560218,-8.92544627231362,False,47.67309875141883,-3.057119871279157,7.85,86.63,24324327.31,95.0128,,,262195072.5,-489.8226,1.3849,0,872129.5106,612480469.1999999,1.0,1.5,PASS,False,0.9152542372881356,7.85,86.63,0.78,7.85,ESP-Q,76.8556,4.7191,1.3849,9.79052229299363,151.91444,0.0,0.0,26.02,28.57,0,52.80641466208477,,1.0,1,1,75.0,6,52.08277158214429,True,-2.8379387602688655,突破型,-0.005574055101738844,True,False,包装印刷,7.85,-0.1899623712747917,32.0,59.74192439862543,0.7,0.0,41.82,Other
002821.SZ,002821,凯莱英,20161118,主板,1008792222.9499999,13.311775801670711,医疗服务,未知,801156.SI,370000,126.15,40.1956,41.0025,2.5358,3.9004,4552437.7466,3998954.1548,894865167.8,True,1,0,False,False,132.98,6.933966262609137,25.42254921455558,-5.136110693337336,False,13.311775801670711,-3.057119871279157,-10.88,22.01,271925058.17,89.3546,,,2602574914.17,156.6659,1.7103,0,4552437.7466,894865167.8,1.0,1.5,PASS,False,0.711864406779661,-10.88,22.01,17.45,-28.33,,40.1956,2.5358,1.7103,,76.5296625,0.0,0.0,126.15,132.98,0,65.922107674685,,0.9090909090909091,1,1,100.0,4,18.484189594774147,True,6.933966262609137,,-0.006638564555101544,False,False,医疗服务,-28.33,-0.5758621141754791,22.0,74.1766323024055,1.0,0.0,74.18,Tier2
002809.SZ,002809,红墙股份,20160823,主板,157120688.35,-10.105871029836388,化学制品,未知,801034.SI,220000,9.34,,,1.2342,18.0881,224403.0389,158752.2453,340448915.99999994,False,1,1,False,False,11.99,-18.070175438596493,-27.145085803432146,-22.101751459549625,False,-10.105871029836388,-3.057119871279157,-380.53,-236.06,-13058206.19,,,,-86850504.08999999,,-0.6844,0,224403.0389,340448915.99999994,1.0,1.5,PASS,False,0.4406779661016949,-380.53,-236.06,8.2371,-388.76709999999997,,,1.2342,-0.6844,,104.193015625,0.0,0.0,9.34,11.99,0,48.797250859106526,,0.3815789473684211,0,0,5.0,23,-4.402333339821517,False,-18.070175438596493,,-0.017785810570349284,False,False,化学制品,-388.76709999999997,-0.9704701574692441,22.0,21.539175257731955,1.0,0.0,21.54,Other
002832.SZ,002832,比音勒芬,20161223,主板,288580984.8999999,7.879114948731769,服装家纺,未知,801132.SI,350000,19.99,20.7165,18.8412,1.9915,2.6839,1140843.4609,778447.1497,255968047.39999998,True,1,0,False,False,22.1,-5.439924314096512,33.08921438082555,-9.547511312217205,False,7.879114948731769,-3.057119871279157,17.88,-32.79,377614356.68,97.7666,,,1846173587.47,90.4057,6.9572,0,1140843.4609,255968047.39999998,1.0,1.5,PASS,False,0.11864406779661017,17.88,-32.79,17.065,0.8149999999999977,,20.7165,1.9915,6.9572,1.1586409395973154,85.02447272727274,0.0,0.0,19.99,22.1,0,84.87972508591065,,0.6875,0,1,55.0,5,5.780952799859673,True,-5.439924314096512,,0.0062655471051526026,False,False,服装家纺,0.8149999999999977,-0.5315675113673494,22.0,57.363917525773196,1.0,0.0,57.36,Tier1
002979.SZ,002979,雷赛智能,20200408,主板,1115810762.8500001,55.201383741042754,电气自动化设备,未知,801732.SI,630000,62.81,87.7793,81.8586,10.5219,15.6851,1978302.9974,1392874.604,2117345221.1999996,False,2,2,False,False,66.94,5.033444816053523,50.9492910358087,-6.169704212727812,False,55.201383741042754,-3.057119871279157,30.83,10.53,70154795.1,97.2746,,,558333488.02,-63.164,3.964,0,1978302.9974,2117345221.1999996,1.0,1.5,PASS,False,0.4067796610169492,30.83,10.53,-25.5,81.83,ESP-Q,87.7793,10.5219,3.964,2.847204022056439,54.13474375,0.0,0.0,62.81,66.94,0,87.17067583046965,CHASE,0.9411764705882353,1,1,85.0,6,56.080588634009125,True,5.033444816053523,,-0.0009277419447772854,True,False,电气自动化设备,81.83,0.9817119667423628,50.0,78.6512027491409,0.7,0.0,55.06,Tier2
002795.SZ,002795,永和智控,20160428,主板,348498327.25,12.771084337349393,通用机械,未知,801072.SI,640000,9.36,,,9.2696,12.4288,413419.4317,406625.4944,428675589.6000001,True,1,0,False,False,10.8,-6.024096385542177,32.57790368271956,-13.333333333333341,False,12.771084337349393,-3.057119871279157,53.24,60.74,-8380748.35,-12.3225,,,-212069501.32,-16.0358,16.4831,0,413419.4317,428675589.6000001,1.0,1.5,PASS,False,0.7796610169491526,53.24,60.74,1.3,53.24,ESP-Q,,9.2696,16.4831,,114.34343529411765,0.0,0.0,9.36,10.8,0,80.52691867124857,,0.5813953488372093,0,1,55.0,13,4.4687299383407115,False,-6.024096385542177,,0.0022218431218028437,False,False,通用机械,53.24,0.3727351281612796,50.0,61.65807560137457,0.7,0.0,43.16,Other
603799.SH,603799,华友钴业,20150129,主板,5040512643.05,-13.801526717557255,稀有金属,未知,801054.SI,240000,56.46,17.5258,14.559,2.1607,3.1706,10708923.4481,10657430.2343,3501786212.9999995,True,0,0,False,False,70.85,-3.7340153452685376,-22.124137931034483,-20.31051517290049,False,-13.801526717557255,-3.057119871279157,68.76,52.64,2070367801.44,82.905,,,14462800004.16,31.8424,5.055,0,10708923.4481,3501786212.9999995,1.0,1.5,PASS,False,0.8983050847457628,68.76,52.64,108.81,-40.05,,17.5258,2.1607,5.055,0.25488365328679463,123.306975,0.0,0.0,56.46,70.85,0,62.77205040091638,,0.25,0,0,5.0,5,-4.633922946183944,False,-3.7340153452685376,,-0.008806402832913087,False,False,稀有金属,-40.05,-0.5231171243676439,22.0,25.73161512027491,1.0,0.0,25.73,Other
600936.SH,600936,北投科技,20160815,主板,455103996.95000005,44.029850746268686,文化传媒,未知,801761.SI,720000,5.79,,,9.7327,14.2467,967524.1924,967524.1924,712671900.8,True,4,3,False,True,5.9,5.850091407678248,33.41013824884793,-1.8644067796610209,False,44.029850746268686,-3.057119871279157,111.8171,49.8121,24819175.83,99.4263,,,-1331465236.95,-315.9817,2.543,0,967524.1924,712671900.8,1.0,1.5,PASS,False,0.864406779661017,111.8171,49.8121,-15.175,142.1671,ESP-Q,,9.7327,2.543,,118.69075000000001,0.0,0.0,5.79,5.9,0,76.51775486827033,CHASE,1.0,1,1,100.0,5,45.232306465695686,True,5.850091407678248,突破型|OVERHEAT,0.03959900651059748,True,True,文化传媒,142.1671,0.04508379277258493,50.0,82.9553264604811,0.7,0.0,58.07,Tier2
603690.SH,603690,至纯科技,20170113,主板,682640259.7,15.278838808250583,半导体,未知,801081.SI,270000,30.18,,,3.3268,12.7301,1155786.1065,1155786.1065,1360700035.3999999,False,0,0,False,False,31.82,5.635281764088207,7.901322845906322,-5.153991200502828,False,15.278838808250583,-3.057119871279157,-160.0648,-274.031,-84429944.25,,,,-1034015194.14,,-2.2621,0,1155786.1065,1360700035.3999999,1.0,1.5,PASS,False,0.8813559322033898,-160.0648,-274.031,21.265,-181.32979999999998,,,3.3268,-2.2621,,141.87467999999998,0.0,0.0,30.18,31.82,0,89.46162657502865,CHASE,0.391304347826087,0,1,40.0,7,-5.7289821995704315,False,5.635281764088207,,0.008695737296338556,True,False,半导体,-181.32979999999998,-0.8500056940125356,22.0,51.238487972508594,1.0,0.0,51.24,Tier2
603317.SH,603317,天味食品,20190416,主板,326098898.65,15.457875457875447,食品加工,未知,801124.SI,340000,15.76,29.4534,22.5207,4.0183,0.9554,1677990.5153,1677990.5153,175561980.6,False,2,0,False,False,17.3,-1.3767209011264159,18.496240601503743,-8.901734104046245,False,15.457875457875447,-3.057119871279157,360.06,-10.22,233803750.62,93.4805,,,1261700201.75,78.6113,5.3796,0,1677990.5153,175561980.6,1.0,1.5,PASS,False,0.288135593220339,360.06,-10.22,8.68,360.06,ESP-Q,29.4534,4.0183,5.3796,0.08180136643892684,51.683299999999996,0.0,0.0,15.76,17.3,0,71.8213058419244,CHASE,0.8823529411764706,1,1,85.0,6,11.940470682952897,True,-1.3767209011264159,,-0.0066301363620829105,True,False,食品加工,360.06,2.2880396468000623,82.0,80.44639175257731,0.7,0.0,56.31,Tier2
603977.SH,603977,国泰集团,20161111,主板,284504662.0500001,-9.351535836177483,贸易,未知,801202.SI,450000,13.28,32.7093,33.1235,2.3854,2.5896,825009.1476,825009.1476,233734697.2,False,0,0,False,False,15.56,-7.456445993031357,-7.841776544066626,-14.652956298200525,False,-9.351535836177483,-3.057119871279157,-13.66,55.6,34239543.52,85.7488,,,537635714.33,-332.7196,1.1619,0,825009.1476,233734697.2,1.0,1.5,PASS,False,0.3728813559322034,-13.66,55.6,2.375,-16.035,ESP-Q,32.7093,2.3854,1.1619,,140.81984285714287,0.0,0.0,13.28,15.56,0,63.45933562428407,,0.25,0,0,5.0,3,-2.826728384345156,False,-7.456445993031357,,0.00511494376552428,False,False,贸易,-16.035,-0.29834318402275306,32.0,27.93780068728522,0.7,0.0,19.56,Other
002797.SZ,002797,第一创业,20160511,主板,1242673988.95,-5.419354838709678,证券,未知,801193.SI,490000,7.33,36.6095,33.4592,1.7426,5.8544,3080359.2,3080359.2,1054434132.8000001,False,0,0,False,False,8.07,-1.7426273458445052,5.772005772005784,-9.169764560099136,False,-5.419354838709678,-3.057119871279157,70.54,-5.45,195079236.52,98.9121,,,2280871300.52,268.4844,1.1281,0,3080359.2,1054434132.8000001,1.0,1.5,PASS,False,0.03389830508474576,70.54,-5.45,31.015,70.54,ESP-Q,36.6095,1.7426,1.1281,0.5189892259710801,30.001145454545455,0.0,0.0,7.33,8.07,0,74.45589919816724,,0.18181818181818182,0,0,5.0,14,-3.535547213123719,False,-1.7426273458445052,,-0.00755030560751761,False,False,证券,70.54,0.8233073899938838,50.0,34.83676975945018,0.7,0.0,24.39,Other
603060.SH,603060,国检集团,20161109,主板,178850800.75,13.980263157894735,综合,未知,801231.SI,510000,6.93,46.6562,45.15,2.7576,3.207,557144.9654,557144.9654,160580520.39999998,False,3,1,False,True,7.29,6.944444444444442,2.212389380530966,-4.938271604938271,False,13.980263157894735,-3.057119871279157,7.31,-51.67,-37495210.68,,,,39086026.21,,-1.2647,0,557144.9654,160580520.39999998,1.0,1.5,PASS,False,0.9322033898305084,7.31,-51.67,-7.0,21.31,ESP-Q,46.6562,2.7576,-1.2647,6.382517099863201,210.72467916666668,0.0,0.0,6.93,7.29,0,87.7434135166094,,0.8918918918918919,1,1,75.0,12,18.04639363153191,True,6.944444444444442,突破型,0.02432050759827484,False,False,综合,21.31,-0.3057661972273675,32.0,70.22302405498282,0.7,0.0,49.16,Other
603315.SH,603315,福鞍股份,20150424,主板,490708220.04999995,-7.762557077625565,通用机械,未知,801072.SI,640000,16.16,108.6361,125.3577,2.9774,6.575,517711.8826,517711.8826,410245294.40000004,False,2,0,False,False,20.6,-14.722955145118732,0.6226650062266526,-21.553398058252426,False,-7.762557077625565,-3.057119871279157,-12.73,-38.55,22984207.26,114.4953,,,184465032.74,145.7246,1.1537,0,517711.8826,410245294.40000004,1.0,1.5,PASS,False,0.7796610169491526,-12.73,-38.55,1.3,-14.030000000000001,,108.6361,2.9774,1.1537,,114.34343529411765,0.0,0.0,16.16,20.6,0,84.7651775486827,,0.20930232558139536,0,0,5.0,13,-16.064911476634247,False,-14.722955145118732,,-0.009212926773008076,False,False,通用机械,-14.030000000000001,0.19314707352109142,50.0,37.929553264604806,1.0,0.0,37.93,Other
603936.SH,603936,博敏电子,20151209,主板,1251056298.3000002,30.91140854047163,元件,未知,801083.SI,270000,20.54,1958.3967,,3.0112,16.194,1294837.5002,1294837.5002,1362192710.0000002,True,3,2,False,True,22.68,-2.700142112742776,68.36065573770492,-9.43562610229277,False,30.91140854047163,-3.057119871279157,-189.38,90.4629,-19301433.46,,,,907028.6999999993,,-0.252,0,1294837.5002,1362192710.0000002,1.0,1.5,PASS,False,0.7457627118644068,-189.38,90.4629,2.79,-192.17,,1958.3967,3.0112,-0.252,,204.28836129032257,0.0,0.0,20.54,22.68,0,89.46162657502865,CHASE,0.7878787878787878,1,1,100.0,10,20.06752067936446,True,-2.700142112742776,突破型,0.0042997806925602995,True,False,元件,-192.17,-0.6389758051867508,22.0,81.2384879725086,1.0,0.0,81.24,Tier2
603616.SH,603616,韩建河山,20150611,主板,185417586.85,9.81308411214954,其他建材,未知,801713.SI,610000,7.05,,,12.9624,18.6353,275879.19,270926.565,308097569.8,True,0,0,False,False,7.39,8.461538461538453,4.289940828402372,-4.6008119079837595,False,9.81308411214954,-3.057119871279157,-353.47,64.2065,-10153410.36,,,,-86069559.65,,-4.4904,0,275879.19,308097569.8,1.0,1.5,PASS,False,0.3389830508474576,-353.47,64.2065,-12.22,-176.735,,,12.9624,-4.4904,,33.882133333333336,0.0,0.0,7.05,7.39,0,78.23596792668958,,0.625,0,1,55.0,3,0.6137517423708605,False,8.461538461538453,OVERHEAT,0.001781643335205693,False,True,其他建材,-176.735,-1.4163982470734977,22.0,55.37079037800687,1.0,0.0,55.37,Tier2
603338.SH,603338,浙江鼎力,20150325,主板,394640805.2,9.45621751299479,专用设备,未知,801074.SI,640000,54.75,14.5969,14.4128,2.3407,1.319,2772254.6375,2772254.6375,383338976.4,True,1,0,False,False,59.28,-3.930514125285145,-7.250550567508052,-7.641700404858298,False,9.45621751299479,-3.057119871279157,1.56,11.36,437511506.13,96.6021,,,4867742843.59,-34.3652,3.8958,0,2772254.6375,383338976.4,1.0,1.5,PASS,False,0.6440677966101694,1.56,11.36,-10.094999999999999,0.78,ESP-Q,14.5969,2.3407,3.8958,9.356987179487179,147.6403775510204,10.0,0.0,54.75,59.28,0,65.922107674685,,0.7407407407407407,1,1,100.0,17,8.657713539175248,True,-3.930514125285145,,-0.00444927370676663,False,False,专用设备,0.78,-0.2200902729768979,32.0,76.1766323024055,0.7,0.0,63.32,Tier1
603108.SH,603108,润达医疗,20150527,主板,361192624.15000004,5.989773557341138,医疗服务,未知,801156.SI,370000,14.51,,,2.3821,8.836,875973.5478,875973.5478,755809404.8000001,False,1,1,False,False,16.22,9.674981103552538,-8.913998744507223,-10.542540073982732,False,5.989773557341138,-3.057119871279157,29.99,-1898.75,-53161947.11,,,,-931405579.9100001,,-1.4264,0,875973.5478,755809404.8000001,1.0,1.5,PASS,False,0.711864406779661,29.99,-1898.75,17.45,29.99,ESP-Q,,2.3821,-1.4264,,76.5296625,0.0,0.0,14.51,16.22,0,65.922107674685,,0.7272727272727273,1,1,85.0,4,11.162187350444574,True,9.674981103552538,OVERHEAT,0.0035614401312965864,False,True,医疗服务,29.99,-0.32760458535589054,32.0,68.6766323024055,0.7,0.0,48.07,Other
601611.SH,601611,中国核建,20160606,主板,533788297.15,-13.192982456140356,基础建设,未知,801723.SI,620000,12.37,28.2637,31.8491,1.6556,1.0595,3728112.9202,3728112.9202,444197025.8000001,True,0,0,False,False,14.47,-4.772902232486532,-18.349834983498358,-14.512785072563938,False,-13.192982456140356,-3.057119871279157,-29.21,-30.91,372565116.17,92.4762,,,3553733704.63,-1144.0223,1.2061,0,3728112.9202,444197025.8000001,1.0,1.5,PASS,False,0.0847457627118644,-29.21,-30.91,-7.28,-14.605,ESP-Q,28.2637,1.6556,1.2061,,58.68530769230769,0.0,0.0,12.37,14.47,0,65.922107674685,,0.3157894736842105,0,0,5.0,6,-6.371502049754296,False,-4.772902232486532,,-0.008644925951545186,False,False,基础建设,-14.605,-0.39318578052600656,32.0,28.6766323024055,0.7,0.0,20.07,Other
603508.SH,603508,思维列控,20151224,主板,166581757.79999995,-0.08183306055645767,计算机应用,未知,801222.SI,710000,24.42,16.7415,15.7819,2.3472,1.2721,931072.0286,931072.0286,174200615.80000004,True,1,0,False,False,27.29,-9.15178571428571,-7.987942727957787,-10.516672773909852,False,-0.08183306055645767,-3.057119871279157,26.08,0.59,159654709.26,99.3966,,,1407700928.01,71.3131,3.9315,0,931072.0286,174200615.80000004,1.0,1.5,PASS,False,0.7627118644067796,26.08,0.59,-4.9399999999999995,35.959999999999994,ESP-Q,16.7415,2.3472,3.9315,0.6419286809815951,143.4918742857143,10.0,0.0,24.42,27.29,0,65.922107674685,,0.6730769230769231,0,1,55.0,16,3.90088913684341,False,-9.15178571428571,,0.00452644824415071,False,False,计算机应用,35.959999999999994,0.1259083357702459,50.0,57.2766323024055,0.7,0.0,50.09,Tier2
603929.SH,603929,亚翔集成,20161230,主板,1084507744.8999999,-5.597950797801365,专业工程,未知,801724.SI,620000,176.9,42.3054,35.67,17.362,2.4552,3774338.4,3774338.4,1063753427.2,True,0,0,False,False,214.75,-7.2364971158888185,20.520506881046472,-17.62514551804424,False,-5.597950797801365,-3.057119871279157,202.36,37.89,246919168.47,99.5834,,,1725524361.23,-78.7296,10.2673,0,3774338.4,1063753427.2,1.0,1.5,PASS,False,0.5254237288135594,202.36,37.89,-11.64,225.64,ESP-Q,42.3054,17.362,10.2673,0.20906009092706065,85.53638666666667,0.0,0.0,176.9,214.75,0,95.1890034364261,,0.7333333333333333,1,0,55.0,5,2.9429744691025554,False,-7.2364971158888185,,-0.00814277977799067,False,False,专业工程,225.64,2.155393329433347,82.0,72.45670103092783,0.7,0.0,50.72,Tier2
603131.SH,603131,上海沪工,20160607,主板,390022252.8,-2.0408163265306034,通用机械,未知,801072.SI,640000,21.6,,,4.4073,3.9011,727719.5952,727719.5952,283911858.6,False,1,0,False,False,25.48,-6.209292227529306,-10.48487360132614,-15.2276295133438,False,-2.0408163265306034,-3.057119871279157,-116.04,-984.0281,-783844.6,-6.6603,,,-59096216.32,-291.3811,0.7602,1,727719.5952,283911858.6,1.0,1.5,PASS,False,0.7796610169491526,-116.04,-984.0281,1.3,-117.34,ESP-Q,,4.4073,0.7602,,114.34343529411765,0.0,0.0,21.6,25.48,10,88.88888888888889,,0.3023255813953488,0,0,5.0,13,-10.343170725539284,False,-6.209292227529306,,-0.009513445810733155,False,False,通用机械,-117.34,-0.08265554168446596,32.0,35.56666666666666,0.7,10.0,14.9,Other
603085.SH,603085,天成自控,20150630,主板,174832504.95,19.532554257095146,汽车零部件,未知,801093.SI,280000,14.32,66.9802,63.8277,5.8775,3.4347,568647.2,568647.2,164358472.4,True,0,0,False,False,14.9,2.066999287241633,19.732441471571892,-3.892617449664426,False,19.532554257095146,-3.057119871279157,71.87,563.9455,26263007.61,104.5817,,,160631047.42000002,-207.9323,2.6443,0,568647.2,164358472.4,1.0,1.5,PASS,False,0.5932203389830508,71.87,563.9455,-7.975999999999999,87.822,ESP-Q,66.9802,5.8775,2.6443,0.9319632670098789,74.48131470588235,0.0,0.0,14.32,14.9,0,65.922107674685,,0.9054054054054054,1,1,100.0,23,18.39440482947203,True,2.066999287241633,,0.005591801870630693,True,False,汽车零部件,87.822,0.4044611303748125,50.0,79.7766323024055,0.7,0.0,55.84,Tier2
603268.SH,603268,松发股份,20150319,主板,1416825754.7,1.6254416961130724,家用轻工,未知,801142.SI,360000,143.8,52.587,37.039,13.2378,2.9131,13959791.9971,3354132.009,922858655.1999999,False,0,0,False,False,168.53,-8.290816326530614,43.65634365634368,-14.673945291639468,False,1.6254416961130724,-3.057119871279157,5180.163,2694.8882,1092102400.0,99.8756,,,3813019782.8,302.4845,10.936,0,13959791.9971,922858655.1999999,1.0,1.5,PASS,False,0.6271186440677966,5180.163,2694.8882,-14.92,5210.003,,52.587,13.2378,10.936,0.010151611059343115,179.96904166666664,0.0,0.0,143.8,168.53,0,81.90148911798396,,0.4444444444444444,0,1,40.0,6,-3.7995901991837338,False,-8.290816326530614,,-0.014986628938100424,False,False,家用轻工,2014.9280000000006,3.9137438669782014,97.74123160093461,64.11869305558211,1.0,0.0,64.12,Tier1
603198.SH,603198,迎驾贡酒,20150528,主板,318866546.85,4.114642451759343,饮料制造,未知,801123.SI,340000,36.69,14.7821,14.7371,2.5591,0.8338,2935200.0,2935200.0,234338050.4,True,1,0,False,False,40.88,3.9965986394557618,-6.712433257055683,-10.249510763209402,False,4.114642451759343,-3.057119871279157,0.18,-25.49,817506078.61,97.9547,,,5296952893.33,103.0628,7.551,0,2935200.0,234338050.4,1.0,1.5,PASS,False,0.2711864406779661,0.18,-25.49,2.46,-2.28,,14.7821,2.5591,7.551,82.12277777777778,41.77951363636364,10.0,0.0,36.69,40.88,0,65.922107674685,,0.8,1,1,100.0,8,6.240626703727847,True,3.9965986394557618,,0.0015258724937810017,False,False,饮料制造,-2.28,0.1607150416422122,50.0,79.7766323024055,1.0,0.0,89.78,Tier2
603958.SH,603958,哈森股份,20160629,主板,242136563.25000003,-12.46714232069095,服装家纺,未知,801132.SI,350000,23.31,,,7.8532,4.4789,511328.16,511328.16,228130138.8,False,0,0,False,False,27.49,-5.512768544791258,19.599794766546943,-15.205529283375775,False,-12.46714232069095,-3.057119871279157,210.07,38.729,16762929.74,97.3865,,,-48289481.17999999,124.0129,2.6558,0,511328.16,228130138.8,1.0,1.5,PASS,False,0.11864406779661017,210.07,38.729,17.065,210.07,,,7.8532,2.6558,,85.02447272727274,0.0,0.0,23.31,27.49,0,87.7434135166094,,0.125,0,0,5.0,5,-14.565304469563046,False,-5.512768544791258,,0.002464207383373045,False,False,服装家纺,210.07,1.0301911911471604,68.0,42.42302405498282,1.0,0.0,42.42,Other
603738.SH,603738,泰晶科技,20160928,主板,2637000680.75,35.938852033458325,元件,未知,801083.SI,270000,47.13,348.245,273.1585,10.0015,13.3971,1818687.7498,1818687.7498,3163289929.0,True,5,2,False,True,58.28,-15.203310543360915,169.62242562929063,-19.131777625257374,False,35.938852033458325,-3.057119871279157,5040.95,-38.94,15290105.09,66.3504,,,88538986.44,255.7435,1.283,0,1818687.7498,3163289929.0,1.0,1.5,PASS,False,0.7457627118644068,5040.95,-38.94,2.79,5040.95,ESP-Q,348.245,10.0015,1.283,0.06908320852220316,204.28836129032257,0.0,0.0,47.13,58.28,0,96.67812142038946,CHASE,0.8787878787878788,1,1,100.0,10,25.094964172351155,True,-15.203310543360915,突破型,-0.013095612769203242,True,False,元件,2014.9280000000006,3.6990775672017775,97.09723270160534,98.4228829664379,0.7,0.0,68.9,Tier2
002777.SZ,002777,久远银海,20151231,主板,175726188.9,-2.1289537712895434,计算机应用,未知,801222.SI,710000,16.09,85.4511,89.1238,3.8639,3.0593,656843.7401,650858.989,232058126.79999998,True,1,1,False,False,17.6,-2.896801448400732,-18.490374873353588,-8.579545454545467,False,-2.1289537712895434,-3.057119871279157,-18.08,16.88,8678671.0,73.9583,,,123628123.2,-969.2355,0.6929,0,656843.7401,232058126.79999998,1.0,1.5,PASS,False,0.7627118644067796,-18.08,16.88,-4.9399999999999995,-9.04,ESP-Q,85.4511,3.8639,0.6929,,143.4918742857143,0.0,0.0,16.09,17.6,0,69.3012600229095,,0.5769230769230769,0,0,5.0,16,1.8537684261103244,False,-2.896801448400732,,-0.014523948959333881,False,False,计算机应用,-9.04,-0.06403756573281137,32.0,29.690378006872848,0.7,0.0,20.78,Other
002803.SZ,002803,吉宏股份,20160712,主板,365866386.75000006,16.950082281952827,包装印刷,未知,801141.SI,360000,21.32,34.6876,33.1086,3.4678,5.3583,960264.074,615474.8764,276553742.6,False,0,0,False,False,23.72,-5.328596802841911,15.056664867781965,-10.11804384485665,False,16.950082281952827,-3.057119871279157,21.75,50.87,70339692.37,97.2044,,,630904869.82,12.3877,2.6471,0,960264.074,276553742.6,1.0,1.5,PASS,False,0.9152542372881356,21.75,50.87,0.78,21.75,,34.6876,3.4678,2.6471,1.5948321839080462,151.91444,10.0,0.0,21.32,23.72,0,69.3012600229095,,0.8947368421052632,1,1,75.0,6,21.359755112678293,True,-5.328596802841911,,-0.016219198482002074,True,False,包装印刷,21.75,-0.12616663556768473,32.0,64.69037800687285,1.0,0.0,74.69,Tier2
603306.SH,603306,华懋科技,20140926,主板,1941425659.2000003,1.0150375939849576,汽车零部件,未知,801093.SI,280000,107.48,162.6257,247.5836,11.0184,4.9415,3541415.9788,3541415.9788,1896786561.1999998,True,1,0,False,False,116.97,-0.1857355126300142,37.86557208825041,-8.11319141660254,False,1.0150375939849576,-3.057119871279157,-91.59,-36.06,6856275.15,58.6191,,,441007009.18,882.05,0.3388,0,3541415.9788,1896786561.1999998,1.0,1.5,PASS,False,0.5932203389830508,-91.59,-36.06,-7.975999999999999,-45.795,ESP-Q,162.6257,11.0184,0.3388,,74.48131470588235,0.0,0.0,107.48,116.97,0,91.63802978235968,,0.5,0,1,55.0,23,-0.12311183363815648,False,-0.1857355126300142,,0.010996244970289478,False,False,汽车零部件,-45.795,-0.10370980388364895,32.0,61.391408934707904,0.7,0.0,42.97,Other
603169.SH,603169,兰石重装,20141009,主板,210018287.5,-13.70143149284253,专用设备,未知,801074.SI,640000,8.44,,,4.1461,1.3038,1102510.2775,1102510.2775,140073730.20000002,False,0,0,False,False,9.92,-4.416761041902606,-17.81888997078871,-14.919354838709687,False,-13.70143149284253,-3.057119871279157,0.362,-805.44,-42378565.91,,,,-816805466.4399999,,-1.4866,0,1102510.2775,140073730.20000002,1.0,1.5,PASS,False,0.6440677966101694,0.362,-805.44,-10.094999999999999,0.181,,,4.1461,-1.4866,,147.6403775510204,0.0,0.0,8.44,9.92,0,65.922107674685,,0.12962962962962962,0,0,5.0,17,-14.499935466662073,False,-4.416761041902606,,-0.011395712814958228,False,False,专用设备,0.181,-0.2221266327560034,32.0,28.6766323024055,1.0,0.0,28.68,Other
603859.SH,603859,能科科技,20161021,主板,422018618.20000005,7.483156881616937,电气自动化设备,未知,801732.SI,630000,44.67,48.45,48.4314,3.4556,7.7117,1093064.6304,1093064.6304,938223029.4,False,1,1,False,False,47.61,8.422330097087372,-8.086419753086416,-6.175173282923751,False,7.483156881616937,-3.057119871279157,-17.96,14.19,34691523.58,70.6841,,,473671989.23999995,-178.5884,1.5637,0,1093064.6304,938223029.4,1.0,1.5,PASS,False,0.4067796610169492,-17.96,14.19,-25.5,-8.98,ESP-Q,48.45,3.4556,1.5637,,54.13474375,0.0,0.0,44.67,47.61,0,88.77434135166094,,0.5882352941176471,0,1,50.0,6,8.362361774583304,True,8.422330097087372,OVERHEAT,0.008650608189598412,False,True,电气自动化设备,-8.98,-0.19642939342948182,32.0,58.03230240549828,0.7,0.0,40.62,Other
603311.SH,603311,金海高科,20150518,主板,341063455.25,63.77952755905512,白色家电,未知,801111.SI,330000,31.2,93.7618,104.8437,5.4582,14.1095,735957.7898,735957.7898,779072043.0000001,True,3,3,False,True,31.47,35.06493506493504,84.72468916518649,-0.8579599618684486,False,63.77952755905512,-3.057119871279157,-27.77,-8.8,14893474.72,42.0933,,,154925317.92,80.5235,2.6355,0,735957.7898,779072043.0000001,1.0,1.5,PASS,False,0.23728813559322035,-27.77,-8.8,-17.555,-13.885,ESP-Q,93.7618,5.4582,2.6355,,53.917895,0.0,0.0,31.2,31.47,0,96.90721649484536,CHASE,1.0,1,1,100.0,8,61.607618457510426,True,35.06493506493504,突破型|OVERHEAT,0.004782332309177312,True,True,白色家电,-13.885,-0.20224161783589537,32.0,85.47216494845361,0.7,0.0,59.83,Tier2
603027.SH,603027,千禾味业,20160307,主板,183980332.9,-17.91967044284244,食品加工,未知,801124.SI,340000,7.97,30.5689,31.7039,3.0239,1.351,1062500.9534,995943.4475,108681914.60000002,False,0,0,False,False,10.14,-4.892601431980914,-22.696411251212425,-21.400394477317562,False,-17.91967044284244,-3.057119871279157,-9.48,-31.53,143602656.94,96.9348,,,915893727.45,260.8862,4.307,0,1062500.9534,108681914.60000002,1.0,1.5,PASS,False,0.288135593220339,-9.48,-31.53,8.68,-18.16,,30.5689,3.0239,4.307,,51.683299999999996,0.0,0.0,7.97,10.14,0,65.922107674685,,0.11764705882352941,0,0,5.0,6,-21.43707521776499,False,-4.892601431980914,,0.007656840038972448,False,False,食品加工,-18.16,-0.11352423687492423,32.0,28.6766323024055,1.0,0.0,28.68,Other
603678.SH,603678,火炬电子,20150126,主板,433888885.65,-3.38504936530325,元件,未知,801083.SI,270000,34.25,50.9375,64.44,2.6469,3.7534,1628815.7112,1628815.7112,546736669.0,True,0,0,False,False,36.5,6.598194833488935,-12.224500256278837,-6.164383561643838,False,-3.38504936530325,-3.057119871279157,-70.72,75.42,29676091.9,74.8218,,,885996841.6700001,-692.5876,0.6464,0,1628815.7112,546736669.0,1.0,1.5,PASS,False,0.7457627118644068,-70.72,75.42,2.79,-73.51,ESP-Q,50.9375,2.6469,0.6464,,204.28836129032257,0.0,0.0,34.25,36.5,0,98.96907216494846,,0.21212121212121213,0,0,5.0,10,-14.22893722641042,False,6.598194833488935,,-0.0023998573646040093,False,False,元件,-73.51,-0.4057494540380376,32.0,38.590721649484536,0.7,0.0,27.01,Other
603319.SH,603319,美湖股份,20161130,主板,868900651.8000001,-8.31241283124129,汽车零部件,未知,801093.SI,280000,32.87,107.3224,155.6027,4.5268,10.8042,1114784.9916,1114784.9916,752277328.9999999,True,0,0,False,False,42.06,1.1695906432748426,-14.711987545407379,-21.849738468854028,False,-8.31241283124129,-3.057119871279157,-64.59,-37.06,18454563.1,83.2633,,,332076638.71000004,-145.0168,0.9027,0,1114784.9916,752277328.9999999,1.0,1.5,PASS,False,0.5932203389830508,-64.59,-37.06,-7.975999999999999,-32.295,ESP-Q,107.3224,4.5268,0.9027,,74.48131470588235,0.0,0.0,32.87,42.06,0,75.94501718213058,,0.21621621621621623,0,0,5.0,23,-9.450562258864403,False,1.1695906432748426,,0.009236487293854774,False,False,汽车零部件,-32.295,-0.05236672918140874,32.0,31.683505154639178,0.7,0.0,22.18,Other
002812.SZ,002812,恩捷股份,20160914,主板,3701151806.5500007,0.5801687763713037,包装印刷,未知,801141.SI,360000,76.28,525.5552,198.7872,2.9286,4.4085,7491702.1103,6275228.1147,2656040073.2,True,1,0,False,False,87.71,-0.22236756049706097,18.263565891472865,-13.031581347622845,False,0.5801687763713037,-3.057119871279157,793.83,118.07,260959203.6,100.2499,,,192858216.38,58.6565,1.0199,0,7491702.1103,2656040073.2,1.0,1.5,PASS,False,0.9152542372881356,793.83,118.07,0.78,793.83,,525.5552,2.9286,1.0199,0.6620500610962045,151.91444,0.0,0.0,76.28,87.71,0,65.922107674685,,0.6842105263157895,0,1,55.0,6,4.989841607096768,False,-0.22236756049706097,,-0.015347343762023883,False,False,包装印刷,793.83,3.4173881575793055,96.25216447273792,66.52706519695309,1.0,0.0,66.53,Tier1
603819.SH,603819,神力股份,20161125,主板,156805636.65000004,-3.593642017968224,电机,未知,801731.SI,630000,13.95,154.0531,116.1573,3.7397,3.4078,303733.6109,303733.6109,117459580.4,True,1,0,False,False,15.62,-4.452054794520555,8.391608391608397,-10.691421254801536,False,-3.593642017968224,-3.057119871279157,770.49,132.9356,5317815.35,77.177,,,30578118.53,-51.3583,0.852,0,303733.6109,117459580.4,1.0,1.5,PASS,False,0.9661016949152542,770.49,132.9356,-5.324999999999999,781.1400000000001,ESP-Q,154.0531,3.7397,0.852,0.19994172539552751,176.7947,0.0,0.0,13.95,15.62,0,86.25429553264605,,0.2,0,0,5.0,4,-9.592175762980837,False,-4.452054794520555,,-0.013354809093444591,False,False,电机,781.1400000000001,2.6964233374169266,82.0,44.77628865979382,0.7,0.0,31.34,Other
603026.SH,603026,石大胜华,20150529,主板,2258483156.15,-1.1498890457938282,化学制品,未知,801034.SI,220000,98.0,1434.3956,69.9435,4.3863,7.586,2280469.9372,2280469.9372,1583520961.1999998,True,1,0,False,False,122.16,-2.6328862394436214,47.857573928786955,-19.777341191879504,False,-1.1498890457938282,-3.057119871279157,1044.7626,150.61,279985486.86,99.4241,,,170326614.43,-256.0771,5.571,0,2280469.9372,1583520961.1999998,1.0,1.5,PASS,False,0.4406779661016949,1044.7626,150.61,8.2371,1044.7626,ESP-Q,1434.3956,4.3863,5.571,1.3729392686912798,104.193015625,0.0,0.0,98.0,122.16,0,85.10882016036655,,0.618421052631579,0,0,5.0,23,4.553648644221043,False,-2.6328862394436214,,-0.002442493719817882,False,False,化学制品,1044.7626,2.1576293840141747,82.0,44.432646048109966,0.7,0.0,31.1,Other
600977.SH,600977,中国电影,20160809,主板,569252515.75,-1.6216216216216273,文化传媒,未知,801761.SI,720000,14.56,233.2484,189.6911,2.4741,2.5471,2718352.0,2718352.0,588139693.1999999,True,0,0,False,False,15.12,0.8310249307479367,-21.509433962264147,-3.703703703703698,False,-1.6216216216216273,-3.057119871279157,20.9,-87.7,-153490699.8,,,,-620037857.29,,-1.0321,0,2718352.0,588139693.1999999,1.0,1.5,PASS,False,0.864406779661017,20.9,-87.7,-15.175,51.25,ESP-Q,233.2484,2.4741,-1.0321,11.16021052631579,118.69075000000001,0.0,0.0,14.56,15.12,0,74.45589919816724,,0.5,0,0,5.0,5,-0.4191659021946237,False,0.8310249307479367,,0.0005097938465980074,False,False,文化传媒,51.25,-0.0605548945169616,32.0,31.236769759450176,0.7,0.0,21.87,Other
603300.SH,603300,海南华铁,20150529,主板,432759496.70000005,-13.31444759206798,多元金融,未知,801191.SI,490000,6.12,23.1561,27.4026,1.8296,3.5591,1220679.4355,1220679.4355,378452084.20000005,False,0,0,False,False,7.14,-6.849315068493156,-15.117891816920936,-14.28571428571428,False,-13.31444759206798,-3.057119871279157,-38.99,-11.31,103648139.5,95.1906,,,1367849164.92,703.7038,1.6496,0,1220679.4355,378452084.20000005,1.0,1.5,PASS,False,0.3220338983050847,-38.99,-11.31,17.765,-56.755,,23.1561,1.8296,1.6496,,44.777813333333334,0.0,0.0,6.12,7.14,0,84.7651775486827,,0.17647058823529413,0,0,5.0,6,-6.5091545863968925,False,-6.849315068493156,,0.002476429842225461,False,False,多元金融,-56.755,-0.9105499084274395,22.0,32.32955326460481,1.0,0.0,32.33,Other
603598.SH,603598,引力传媒,20150527,主板,610576644.6999999,4.299583911234395,营销传播,未知,801751.SI,720000,22.56,355.2757,304.6524,27.226,9.0949,608404.6224,607727.8224,756505215.4,True,2,1,False,False,26.42,-10.93564942755626,-18.290474465773276,-14.610143830431499,False,4.299583911234395,-3.057119871279157,19.26,197.9303,8891895.57,85.5934,,,61087889.75,-1975.1174,4.7673,0,608404.6224,756505215.4,1.0,1.5,PASS,False,1.0,19.26,197.9303,20.09,-0.8299999999999983,ESP-Q,355.2757,27.226,4.7673,18.44629802699896,185.31451428571427,0.0,0.0,22.56,26.42,0,87.62886597938144,,0.6666666666666666,0,1,55.0,3,10.7800308386087,True,-10.93564942755626,,0.022392297866659774,False,False,营销传播,-0.8299999999999983,-0.5090477505928399,22.0,58.18865979381443,0.7,0.0,40.73,Other
603019.SH,603019,中科曙光,20141106,主板,7085904574.2,4.306487695749439,计算机设备,未知,801101.SI,710000,93.25,62.6917,61.5222,6.0488,5.7131,13643554.6858,13639741.5068,7336601087.6,False,0,0,False,False,105.0,-1.2809654880372556,1.6902944383860419,-11.190476190476195,False,4.306487695749439,-3.057119871279157,53.3,33.97,164129860.91,72.0361,,,2759160727.4700003,-503.5188,1.0174,0,13643554.6858,7336601087.6,1.0,1.5,PASS,False,0.7288135593220338,53.3,33.97,7.12,53.3,ESP-Q,62.6917,6.0488,1.0174,1.176204502814259,116.38087647058823,0.0,0.0,93.25,105.0,0,75.02863688430699,,0.625,0,1,40.0,8,6.19231020657195,True,-1.2809654880372556,,-0.0031931394083554716,False,False,计算机设备,53.3,-0.1819734036971238,32.0,48.9085910652921,0.7,0.0,34.24,Other
603067.SH,603067,振华股份,20160913,主板,1364726399.6,14.101876675603231,化学原料,未知,801033.SI,220000,42.56,48.7912,48.4795,7.6212,4.8107,3215516.1194,3215516.1194,1602161397.0,True,2,1,False,False,44.32,7.856056766345665,19.954904171364163,-3.971119133574008,False,14.101876675603231,-3.057119871279157,7.41,10.31,123437900.85,101.4968,,,1364786613.82,-85.0477,3.2085,0,3215516.1194,1602161397.0,1.0,1.5,PASS,False,0.6101694915254238,7.41,10.31,-6.205,19.82,ESP-Q,48.7912,7.6212,3.2085,6.58450742240216,75.93632,0.0,0.0,42.56,44.32,0,74.22680412371135,,0.9333333333333333,1,1,100.0,5,20.836790468706678,True,7.856056766345665,,0.003384265758841373,False,False,化学原料,19.82,-0.12074932062517288,32.0,78.66804123711341,0.7,0.0,55.07,Tier2
603601.SH,603601,再升科技,20150122,主板,3823613439.8,11.50061500615005,玻璃制造,未知,801712.SI,610000,18.13,369.0567,561.7946,7.6538,18.4873,2071064.1804,2071064.1804,3776863268.8,False,1,1,False,False,19.99,7.468879668049788,68.49442379182156,-9.304652326163076,False,11.50061500615005,-3.057119871279157,-66.91,-73.27,9213220.74,64.3977,,,117516416.52,215.8114,0.5527,0,2071064.1804,3776863268.8,1.0,1.5,PASS,False,0.559322033898305,-66.91,-73.27,-7.38,-33.455,ESP-Q,369.0567,7.6538,0.5527,,132.5669,0.0,0.0,18.13,19.99,0,65.922107674685,,0.8333333333333334,1,1,70.0,2,16.08231515313682,True,7.468879668049788,,0.013121248133298857,False,False,玻璃制造,-33.455,0.765084046733266,50.0,64.7766323024055,0.7,0.0,45.34,Other
601878.SH,601878,浙商证券,20170626,主板,334809019.8,0.0,证券,未知,801193.SI,490000,9.55,18.1062,16.7484,1.1587,1.1344,4367975.7902,4367975.7902,287484221.8000001,False,0,0,False,False,10.1,-0.10460251046024993,-9.478672985781989,-5.44554455445544,False,0.0,-3.057119871279157,35.89,24.94,753970691.01,100.3745,,,6141949048.16,660.2717,2.0169,0,4367975.7902,287484221.8000001,1.0,1.5,PASS,False,0.03389830508474576,35.89,24.94,31.015,4.875,,18.1062,1.1587,2.0169,0.5044915018110895,30.001145454545455,0.0,0.0,9.55,10.1,0,65.922107674685,,0.7613636363636364,1,1,75.0,14,1.8838076255859593,False,-0.10460251046024993,,0.011066902310888417,False,False,证券,4.875,-0.06278284489274641,32.0,63.6766323024055,1.0,0.0,63.68,Tier1
603682.SH,603682,锦和商管,20200421,主板,181876931.2,25.321888412017167,商业物业经营,未知,801205.SI,450000,8.76,,,7.5762,3.4122,413910.0,413910.0,135246942.4,False,1,1,False,False,9.73,-2.9900332225913595,13.76623376623376,-9.969167523124367,False,25.321888412017167,-3.057119871279157,38.7691,-127.1269,-1430620.32,-15.6996,,,-217726541.35999998,,1.3061,0,413910.0,135246942.4,1.0,1.5,PASS,False,0.06779661016949153,38.7691,-127.1269,-5.225,49.219100000000005,ESP-Q,,7.5762,1.3061,,17.663,0.0,0.0,8.76,9.73,0,87.17067583046965,CHASE,1.0,1,1,70.0,1,7.843130440826393,True,-2.9900332225913595,,0.008441372730300193,True,False,商业物业经营,49.219100000000005,0.7071067811865475,50.0,71.1512027491409,0.7,0.0,49.81,Other
002736.SZ,002736,国信证券,20141229,主板,422376366.24999994,-9.7173144876325,证券,未知,801193.SI,490000,10.22,9.453,9.6484,1.0437,0.4763,10467061.4073,9823902.8233,315148467.2,False,0,0,False,False,11.46,-1.256038647342983,-17.447495961227787,-10.820244328097727,False,-9.7173144876325,-3.057119871279157,-9.62,35.04,2101755000.0,99.8597,,,22284272400.0,378.5063,1.5494,0,10467061.4073,315148467.2,1.0,1.5,PASS,False,0.03389830508474576,-9.62,35.04,31.015,-40.635,,9.453,1.0437,1.5494,,30.001145454545455,0.0,0.0,10.22,11.46,0,69.3012600229095,,0.045454545454545456,0,0,5.0,14,-7.833506862046541,False,-1.256038647342983,,0.003223687224978814,False,False,证券,-40.635,-0.6768994456647031,22.0,27.690378006872848,1.0,0.0,27.69,Other
603345.SH,603345,安井食品,20170222,主板,600885167.5,2.805401444572375,食品加工,未知,801124.SI,340000,98.21,24.0814,21.4235,2.0388,1.8747,3273230.6012,2880442.6525,448707844.79999995,False,1,0,False,False,112.5,-2.0349127182044957,11.98403648802735,-12.702222222222225,False,2.805401444572375,-3.057119871279157,53.04,-8.49,524970309.8,93.2188,,,3239782900.2599998,142.972,3.5703,0,3273230.6012,448707844.79999995,1.0,1.5,PASS,False,0.288135593220339,53.04,-8.49,8.68,53.04,ESP-Q,24.0814,2.0388,3.5703,0.4540233785822021,51.683299999999996,0.0,0.0,98.21,112.5,0,65.922107674685,,0.47058823529411764,0,1,40.0,6,-0.7120033303501749,False,-2.0349127182044957,,-0.0004939516991724591,False,False,食品加工,53.04,0.33857070394697575,50.0,49.7766323024055,0.7,0.0,34.84,Other
603737.SH,603737,三棵树,20160603,主板,273077766.40000004,-19.436913451511995,其他建材,未知,801713.SI,610000,38.63,36.7809,36.7086,9.5,0.6409,2850188.8982,2850188.8982,274243878.6,False,0,0,False,False,49.29,-6.14674441205052,-29.119266055045866,-21.627104889429894,False,-19.436913451511995,-3.057119871279157,268.218,278.22,24462124.36,22.9307,,,1438071329.91,73.4428,3.62,0,2850188.8982,274243878.6,1.0,1.5,PASS,False,0.3389830508474576,268.218,278.22,-12.22,292.6580000000001,ESP-Q,36.7809,9.5,3.62,0.13713061763192627,33.882133333333336,0.0,0.0,38.63,49.29,0,65.922107674685,,0.25,0,0,5.0,3,-28.63624582129067,False,-6.14674441205052,,-0.00031894969976904226,False,False,其他建材,292.6580000000001,1.9595081675153918,68.0,35.8766323024055,0.7,0.0,25.11,Other
603778.SH,603778,国晟科技,20151231,主板,1884167164.1,-17.965517241379313,基础建设,未知,801723.SI,620000,23.79,,,55.6251,8.2447,1570240.2035,1529357.1408,1148619624.6,False,0,0,False,False,29.46,9.028414298808428,72.2664735698769,-19.24643584521385,False,-17.965517241379313,-3.057119871279157,20.7333,-123.6517,-35409037.44,,,,-857061017.6200001,,-11.7452,0,1570240.2035,1148619624.6,1.0,1.5,PASS,False,0.0847457627118644,20.7333,-123.6517,-7.28,35.2933,ESP-Q,,55.6251,-11.7452,,58.68530769230769,0.0,0.0,23.79,29.46,0,56.5864833906071,,0.10526315789473684,0,0,5.0,6,-11.144036834993253,False,9.028414298808428,OVERHEAT,-0.003891444865072999,False,True,基础建设,35.2933,-0.13563073039640508,32.0,25.875945017182133,0.7,0.0,18.11,Other
601858.SH,601858,中国科传,20170118,主板,427104440.6499999,17.228969860548805,文化传媒,未知,801761.SI,720000,26.06,42.5701,42.3298,3.6098,1.7558,2060043.0,2060043.0,496173026.20000005,False,1,1,False,False,31.3,-7.6214108472173026,17.493237150586104,-16.741214057507992,False,17.228969860548805,-3.057119871279157,-14.78,5.74,29871212.55,79.6411,,,983885628.55,-922.3331,0.659,0,2060043.0,496173026.20000005,1.0,1.5,PASS,False,0.864406779661017,-14.78,5.74,-15.175,-7.39,ESP-Q,42.5701,3.6098,0.659,,118.69075000000001,0.0,0.0,26.06,31.3,0,65.922107674685,,0.875,1,1,85.0,5,18.43142557997581,True,-7.6214108472173026,,-0.021349306309534802,True,False,文化传媒,-7.39,-0.12869007065719273,32.0,68.6766323024055,0.7,0.0,48.07,Other
603239.SH,603239,浙江仙通,20161230,主板,162576309.79999998,-7.791131371736427,汽车零部件,未知,801093.SI,280000,22.25,27.1446,29.4832,4.3773,2.5092,602352.0,602352.0,143543074.6,True,0,0,False,False,26.48,-5.919661733615211,-9.991909385113262,-15.974320241691842,False,-7.791131371736427,-3.057119871279157,-25.25,31.79,48966049.28,99.7535,,,522810277.88,-62.0965,3.6335,0,602352.0,143543074.6,1.0,1.5,PASS,False,0.5932203389830508,-25.25,31.79,-7.975999999999999,-12.625,ESP-Q,27.1446,4.3773,3.6335,,74.48131470588235,0.0,0.0,22.25,26.48,0,50.0,COV-LOW,0.25675675675675674,0,0,5.0,23,-8.92928079935954,False,-5.919661733615211,,-0.007619594061935968,False,False,汽车零部件,-12.625,0.022442032255114586,50.0,27.5,0.7,0.0,19.25,Other
603186.SH,603186,华正新材,20170103,主板,1566082029.7,50.528145473993824,元件,未知,801083.SI,270000,112.58,63.7897,61.0284,7.6038,13.0815,1765147.6516,1765147.6516,1832837257.8000002,False,2,2,False,False,123.57,11.564760677831742,40.848242211935435,-8.893744436351858,False,50.528145473993824,-3.057119871279157,102.89,155.3676,29184725.4,94.3849,,,178790671.88,193.5797,1.5185,0,1765147.6516,1832837257.8000002,1.0,1.5,PASS,False,0.7457627118644068,102.89,155.3676,2.79,102.89,,63.7897,7.6038,1.5185,0.6199795898532413,204.28836129032257,0.0,0.0,112.58,123.57,0,79.72508591065292,CHASE,0.9090909090909091,1,1,85.0,10,39.684257612886654,True,11.564760677831742,OVERHEAT,0.0007445778396308955,True,True,元件,102.89,-0.05903507393831557,32.0,72.81752577319588,1.0,0.0,72.82,Tier2
603416.SH,603416,信捷电气,20161221,主板,250987875.55,25.20797059392532,电气自动化设备,未知,801732.SI,630000,64.72,40.0132,38.7393,3.6905,3.9537,1017001.2328,901193.64,448068201.79999995,True,0,0,False,False,67.29,0.9514896272032392,14.792479602695984,-3.819289641848722,False,25.20797059392532,-3.057119871279157,9.92,16.4,44505205.55,81.8596,,,447272806.88,-40.687,1.9887,0,1017001.2328,448068201.79999995,1.0,1.5,PASS,False,0.4067796610169492,9.92,16.4,-25.5,4.96,ESP-Q,40.0132,3.6905,1.9887,4.033588709677419,54.13474375,0.0,0.0,64.72,67.29,0,84.7651775486827,CHASE,0.8235294117647058,1,1,100.0,6,26.087175486891688,True,0.9514896272032392,,0.023352114700396068,True,False,电气自动化设备,4.96,-0.015576067135070247,32.0,81.82955326460481,0.7,0.0,57.28,Tier2
603505.SH,603505,金石资源,20170503,主板,535974410.55,15.28312259483231,化学制品,未知,801034.SI,220000,20.97,54.1799,55.1287,9.3065,5.4894,1764979.5009,1764979.5009,1220879644.8000002,True,1,1,False,False,22.52,2.945508100147265,9.446764091858029,-6.882770870337485,False,15.28312259483231,-3.057119871279157,-9.49,23.63,62348152.08,101.7767,,,742491216.22,173.1532,3.2843,0,1764979.5009,1220879644.8000002,1.0,1.5,PASS,False,0.4406779661016949,-9.49,23.63,8.2371,-17.7271,,54.1799,9.3065,3.2843,,104.193015625,0.0,0.0,20.97,22.52,0,88.20160366552119,CHASE,0.8289473684210527,1,1,100.0,23,20.986660284847183,True,2.945508100147265,,0.014192365548764213,True,False,化学制品,-17.7271,-0.1608252272860693,32.0,82.86048109965635,1.0,0.0,82.86,Tier2
002865.SZ,002865,钧达股份,20170425,主板,2046447088.8500001,20.196923076923067,其他交运设备,未知,801881.SI,280000,97.66,,,7.5453,9.5574,3039824.2638,2182977.9442,2261954746.8,False,1,1,False,False,110.63,0.4629153379281936,9.129511677282377,-11.723763897676942,False,20.196923076923067,-3.057119871279157,79.97,-46.68,-43503152.62,-307.1474,,,-2863862954.6899996,-10714.7475,0.3684,1,3039824.2638,2261954746.8,1.0,1.5,PASS,False,0.15254237288135594,79.97,-46.68,-3.01,85.99000000000001,ESP-Q,,7.5453,0.3684,,147.43112000000002,0.0,0.0,97.66,110.63,10,94.50171821305841,CHASE,0.8333333333333334,1,1,70.0,2,30.621783308184348,True,0.4629153379281936,,0.001031382245404571,True,False,其他交运设备,85.99000000000001,1.8700040223688332,68.0,76.95051546391753,0.7,10.0,43.87,Other
002824.SZ,002824,和胜股份,20170112,主板,497540014.95000005,-12.307692307692298,工业金属,未知,801055.SI,240000,24.51,49.248,45.5496,3.2675,6.8715,762699.3319,554357.6946,323518313.8,True,1,0,False,False,29.4,-5.036807438977132,8.933333333333348,-16.632653061224477,False,-12.307692307692298,-3.057119871279157,160.02,103.07,22439092.1,91.2522,,,297118948.34000003,1054.165,1.0597,0,762699.3319,323518313.8,1.0,1.5,PASS,False,0.3559322033898305,160.02,103.07,55.81,160.02,,49.248,3.2675,1.0597,0.30776152980877386,38.288555,0.0,0.0,24.51,29.4,0,79.26689576174113,,0.14285714285714285,0,0,5.0,7,-6.9941034575180865,False,-5.036807438977132,,-0.002966570704046357,False,False,工业金属,160.02,0.44623400452228407,50.0,36.28006872852234,1.0,0.0,36.28,Other
603322.SH,603322,超讯通信,20160728,主板,417419083.5,0.16910935738445598,通信设备,未知,801102.SI,730000,35.54,,,21.2863,8.8328,560063.473,560063.473,555317870.0,True,0,0,False,False,40.16,-0.5874125874125946,-4.795070988481109,-11.50398406374501,False,0.16910935738445598,-3.057119871279157,-17.35,24.6232,41239059.9,98.98,,,124271432.77000001,-115.8194,17.1968,0,560063.473,555317870.0,1.0,1.5,PASS,False,0.9830508474576272,-17.35,24.6232,4.779999999999999,-22.130000000000003,ESP-Q,,21.2863,17.1968,,182.74448076923076,0.0,0.0,35.54,40.16,0,98.3963344788087,,0.575,0,1,55.0,13,0.9968563998022872,False,-0.5874125874125946,,0.005012336357691209,False,False,通信设备,-22.130000000000003,-0.29128833696224093,32.0,63.418900343642605,0.7,0.0,44.39,Other
601881.SH,601881,中国银河,20170123,主板,560565971.9,-2.513747054202675,证券,未知,801193.SI,490000,12.41,10.8386,10.5813,1.1195,0.8617,13569593.1997,8989081.2701,511833239.2,False,0,0,False,False,13.15,-0.08051529790660261,-16.318273769386384,-5.627376425855513,False,-2.513747054202675,-3.057119871279157,9.91,25.28,3320424189.97,100.0065,,,33301309095.77,1323.0822,2.1851,0,13569593.1997,511833239.2,1.0,1.5,PASS,False,0.03389830508474576,9.91,25.28,31.015,-21.105,,10.8386,1.1195,2.1851,1.0937033299697274,30.001145454545455,10.0,0.0,12.41,13.15,0,65.922107674685,,0.4318181818181818,0,0,5.0,14,-0.6299394286167159,False,-0.08051529790660261,,0.001192536873778191,False,False,证券,-21.105,-0.41335962555755495,32.0,28.6766323024055,1.0,0.0,38.68,Other
002833.SZ,002833,弘亚数控,20161228,主板,189092033.35,9.179793590439989,专用设备,未知,801074.SI,640000,20.1,19.8035,19.2233,2.8542,3.3404,852706.8386,579340.7061,196030745.20000002,False,0,0,False,False,22.52,-6.987505784359083,8.531317494600433,-10.746003552397864,False,9.179793590439989,-3.057119871279157,8.82,-20.84,116504736.0,80.2521,,,1020521178.38,90.3639,4.8777,0,852706.8386,196030745.20000002,1.0,1.5,PASS,False,0.6440677966101694,8.82,-20.84,-10.094999999999999,4.41,,19.8035,2.8542,4.8777,2.2452947845804987,147.6403775510204,10.0,0.0,20.1,22.52,0,84.7651775486827,,0.7222222222222222,1,1,75.0,17,8.381289616620446,True,-6.987505784359083,,-0.05570513525530381,False,False,专用设备,4.41,-0.20774972873958095,32.0,69.32955326460481,1.0,0.0,79.33,Tier1
603585.SH,603585,苏利股份,20161214,主板,157370174.70000002,-28.204029147020993,化学制品,未知,801034.SI,220000,16.75,17.1084,18.3057,1.1833,2.6555,329710.9765,322751.3515,73970341.19999999,False,0,0,False,False,24.8,-7.865786578657863,-18.13294232649072,-32.45967741935484,False,-28.204029147020993,-3.057119871279157,-33.76,1570.9951,22573025.3,104.8546,,,419013874.91999996,288.2548,0.7923,0,329710.9765,73970341.19999999,1.0,1.5,PASS,False,0.4406779661016949,-33.76,1570.9951,8.2371,-41.997099999999996,,17.1084,1.1833,0.7923,,104.193015625,0.0,0.0,16.75,24.8,0,59.67926689576174,,0.013157894736842105,0,0,5.0,23,-22.50049145700612,False,-7.865786578657863,,-0.030778278053301075,False,False,化学制品,-41.997099999999996,-0.2137846991908387,32.0,26.80378006872852,1.0,0.0,26.8,Other
002831.SZ,002831,裕同科技,20161216,主板,543690910.75,16.129876931133815,包装印刷,未知,801141.SI,360000,44.35,25.638,25.5626,3.3098,4.1542,4082477.3725,2266210.5275,619282615.5999999,True,1,1,False,False,47.5,6.944779358572473,37.818520820385345,-6.631578947368421,False,16.129876931133815,-3.057119871279157,1.46,0.75,249916858.64,101.6817,,,3519413416.7,214.092,2.01,0,4082477.3725,619282615.5999999,1.0,1.5,PASS,False,0.9152542372881356,1.46,0.75,0.78,1.46,ESP-Q,25.638,3.3098,2.01,17.56027397260274,151.91444,10.0,0.0,44.35,47.5,0,95.76174112256587,CHASE,0.8421052631578947,1,1,100.0,6,20.539549761859277,True,6.944779358572473,,0.004266065420409547,True,False,包装印刷,1.46,-0.21929005121496536,32.0,85.12852233676976,0.7,0.0,69.59,Tier2
002845.SZ,002845,同兴达,20170125,主板,197424778.29999998,6.318681318681318,光学光电子,未知,801084.SI,270000,15.48,121.4134,125.6081,2.0738,10.1398,507050.0393,387362.7753,320491498.59999996,False,1,1,False,False,16.66,6.100068540095971,1.9091507570770272,-7.082833133253297,False,6.318681318681318,-3.057119871279157,-6.65,74.31,-46191756.67,,,,-78299008.83,,-1.7371,0,507050.0393,320491498.59999996,1.0,1.5,PASS,False,0.9491525423728814,-6.65,74.31,-19.355800000000002,-3.325,,121.4134,2.0738,-1.7371,,229.99712142857143,0.0,0.0,15.48,16.66,0,90.26345933562429,,0.6,0,1,40.0,7,0.5609835949067055,False,6.100068540095971,,0.0029550548780527862,False,False,光学光电子,-3.325,0.08571026468419751,50.0,57.07903780068729,1.0,0.0,57.08,Tier2
603990.SH,603990,麦迪科技,20161208,主板,244778359.49999997,8.994708994709,计算机应用,未知,801222.SI,710000,16.48,128.9008,260.0652,6.0177,7.9988,504753.9407,504753.9407,276708379.8,True,0,0,False,False,17.1,-0.48309178743960457,10.160427807486627,-3.6257309941520544,False,8.994708994709,-3.057119871279157,26.27,102.2452,3190418.77,82.9475,,,22168044.009999998,-157.3603,0.4596,0,504753.9407,276708379.8,1.0,1.5,PASS,False,0.7627118644067796,26.27,102.2452,-4.9399999999999995,36.15,ESP-Q,128.9008,6.0177,0.4596,4.906768176627332,143.4918742857143,0.0,0.0,16.48,17.1,0,77.31958762886599,,0.9038461538461539,1,1,100.0,16,12.977431192108869,True,-0.48309178743960457,,0.009220574325979896,False,False,计算机应用,36.15,0.12671032957659217,50.0,83.1958762886598,0.7,0.0,58.24,Tier1
603298.SH,603298,杭叉集团,20161227,主板,235733227.55000004,6.115384615384611,专用设备,未知,801074.SI,640000,27.59,16.4913,16.2293,3.0023,0.6322,3613771.4432,3613771.4432,186335477.39999998,True,0,0,False,False,30.18,-1.9196587273373589,-7.7566031427616196,-8.581842279655405,False,6.115384615384611,-3.057119871279157,10.83,9.36,464727262.3,98.5411,,,5424418598.25,40.0812,3.9891,0,3613771.4432,186335477.39999998,1.0,1.5,PASS,False,0.6440677966101694,10.83,9.36,-10.094999999999999,31.019999999999996,ESP-Q,16.4913,3.0023,3.9891,1.522742382271468,147.6403775510204,10.0,0.0,27.59,30.18,0,91.98167239404353,,0.6481481481481481,0,1,55.0,17,5.316880641565069,True,-1.9196587273373589,,-0.005243607697837417,False,False,专用设备,31.019999999999996,-0.11728640032222432,32.0,61.49450171821306,0.7,0.0,53.05,Tier2
002837.SZ,002837,英维克,20161229,主板,5627819160.450001,-7.745250986510044,专用设备,未知,801074.SI,640000,100.53,188.2723,203.6259,28.3848,7.7353,9826210.1608,8713485.7631,5569891178.6,False,0,0,False,False,111.29,0.03980495571698217,-11.145483471804841,-9.668433821547318,False,-7.745250986510044,-3.057119871279157,-87.1,17.22,5392856.48,62.2904,,,1094847838.71,-6099.3714,0.2507,0,9826210.1608,5569891178.6,1.0,1.5,PASS,False,0.6440677966101694,-87.1,17.22,-10.094999999999999,-43.55,ESP-Q,188.2723,28.3848,0.2507,,147.6403775510204,0.0,0.0,100.53,111.29,0,71.1340206185567,,0.3333333333333333,0,0,5.0,17,-8.543754960329586,False,0.03980495571698217,,-0.015878496929629435,False,False,专用设备,-43.55,-0.37079449502655665,32.0,30.24020618556701,0.7,0.0,21.17,Other
002841.SZ,002841,视源股份,20170119,主板,237391810.54999998,4.942339373970328,电子制造,未知,801085.SI,270000,38.22,26.2488,24.2188,2.0331,1.3165,2660175.235,1985149.6971,211283841.2,False,0,0,False,False,39.98,-1.9748653500897717,-1.240310077519391,-4.402201100550274,False,4.942339373970328,-3.057119871279157,82.52,-10.07,190248141.16,77.0548,,,1909308135.4099998,-395.9011,1.8342,0,2660175.235,211283841.2,1.0,1.5,PASS,False,0.5084745762711864,82.52,-10.07,-24.905,132.32999999999998,ESP-Q,26.2488,2.0331,1.8342,0.31809015996122153,72.22433125,0.0,0.0,38.22,39.98,0,92.55441008018327,,0.5555555555555556,0,1,40.0,11,0.27538283835634214,False,-1.9748653500897717,,-0.019161662419457874,False,False,电子制造,132.32999999999998,0.13092609799373417,50.0,57.766323024054984,0.7,0.0,40.44,Other
603637.SH,603637,镇海股份,20170208,主板,220080969.3,15.062213490504273,专业工程,未知,801724.SI,620000,17.57,63.4261,71.9209,4.0176,3.9719,419371.0859,419371.0859,164205147.6,True,1,0,False,False,18.8,1.678240740740744,33.308042488619115,-6.542553191489365,False,15.062213490504273,-3.057119871279157,-189.5,-30.85,-3375016.92,,,,121355469.21,,-0.1802,0,419371.0859,164205147.6,1.0,1.5,PASS,False,0.5254237288135594,-189.5,-30.85,-11.64,-94.75,,63.4261,4.0176,-0.1802,,85.53638666666667,0.0,0.0,17.57,18.8,0,95.07445589919816,CHASE,0.8666666666666667,1,1,100.0,5,23.603138757408196,True,1.678240740740744,,0.0037546327721531634,True,False,专业工程,-94.75,-1.3184674519155017,22.0,82.92233676975945,1.0,0.0,82.92,Tier2
603823.SH,603823,百合花,20161220,主板,231248403.4,38.518064911206395,化学制品,未知,801034.SI,220000,22.62,56.4194,57.3995,3.7608,5.1613,941823.7464,941823.7464,458743447.00000006,True,1,1,False,False,24.49,10.233918128654974,33.13713949381991,-7.635769701919138,False,38.518064911206395,-3.057119871279157,-10.63,0.81,39849658.77,92.8064,,,422813473.55,133.9827,1.7294,0,941823.7464,458743447.00000006,1.0,1.5,PASS,False,0.4406779661016949,-10.63,0.81,8.2371,-18.8671,,56.4194,3.7608,1.7294,,104.193015625,0.0,0.0,22.62,24.49,0,50.0,COV-LOW,0.9736842105263158,1,1,100.0,23,44.221602601221264,True,10.233918128654974,OVERHEAT,-0.0028958016271578495,True,True,化学制品,-18.8671,-0.163312816819297,32.0,71.4,1.0,0.0,71.4,Tier2
603228.SH,603228,景旺电子,20170106,主板,3366982000.5499997,15.083627435936787,元件,未知,801083.SI,270000,75.0,60.0049,64.8597,5.7876,5.8585,7386427.8975,7318465.5975,3000877242.6,False,1,0,False,False,81.0,4.997900041999159,22.74959083469721,-7.4074074074074066,False,15.083627435936787,-3.057119871279157,-18.29,-3.15,189470873.32,81.4278,,,1986109313.3899999,100.2927,1.7643,0,7386427.8975,3000877242.6,1.0,1.5,PASS,False,0.7457627118644068,-18.29,-3.15,2.79,-21.08,,60.0049,5.7876,1.7643,,204.28836129032257,0.0,0.0,75.0,81.0,0,87.5143184421535,CHASE,0.6363636363636364,0,1,40.0,10,4.239739574829617,False,4.997900041999159,,-0.016347652952656895,True,False,元件,-21.08,-0.302698235508398,32.0,52.654295532646046,1.0,0.0,52.65,Tier2
002960.SZ,002960,青鸟智控,20190809,主板,222590498.15000004,-20.06773920406436,专用设备,未知,801074.SI,640000,9.44,31.1222,31.5403,1.6161,2.8185,994725.4869,914000.5589,227488478.20000002,True,0,0,False,False,12.68,-3.673469387755113,-18.5504745470233,-25.552050473186128,False,-20.06773920406436,-3.057119871279157,-25.6,-8.68,47454730.2,73.3359,,,724000511.23,-349.8696,1.0196,0,994725.4869,227488478.20000002,1.0,1.5,PASS,False,0.6440677966101694,-25.6,-8.68,-10.094999999999999,-12.8,ESP-Q,31.1222,1.6161,1.0196,,147.6403775510204,0.0,0.0,9.44,12.68,0,91.06529209621993,,0.07407407407407407,0,0,5.0,17,-20.866243177883902,False,-3.673469387755113,,-0.026624029489317434,False,False,专用设备,-12.8,-0.2662568269005245,32.0,36.21958762886598,0.7,0.0,25.35,Other
603638.SH,603638,艾迪精密,20170120,主板,247749667.00000006,14.234234234234243,专用设备,未知,801074.SI,640000,25.36,53.5376,47.5704,5.7862,1.2657,2107641.2222,2107641.2222,262873662.0,True,0,0,False,False,26.86,-2.9468044393417547,-0.39277297721916904,-5.584512285927035,False,14.234234234234243,-3.057119871279157,46.53,13.32,127519890.36,84.2052,,,970725135.62,5.0329,4.0409,0,2107641.2222,262873662.0,1.0,1.5,PASS,False,0.6440677966101694,46.53,13.32,-10.094999999999999,66.72,,53.5376,5.7862,4.0409,1.1506039114549753,147.6403775510204,0.0,0.0,25.36,26.86,0,71.8213058419244,,0.8518518518518519,1,1,100.0,17,13.4357302604147,True,-2.9468044393417547,,-0.01161554273756775,False,False,专用设备,66.72,0.004079282672876485,50.0,81.54639175257732,1.0,0.0,81.55,Tier1
603039.SH,603039,DR泛微网,20170113,主板,534591441.8500001,-9.751523675574303,计算机应用,未知,801222.SI,710000,38.5,41.0268,36.4763,4.5059,4.0198,1184410.7121,1184410.7121,518847263.3999999,True,0,0,False,False,49.99,-17.910447761194025,-23.291492329149232,-22.984596919383883,False,-9.751523675574303,-3.057119871279157,109.45,60.52,49863193.45,80.2552,,,403351214.84,-222.6362,2.4492,0,1184410.7121,518847263.3999999,1.0,1.5,PASS,False,0.7627118644067796,109.45,60.52,-4.9399999999999995,119.33,ESP-Q,41.0268,4.5059,2.4492,0.37484513476473275,143.4918742857143,10.0,0.0,38.5,49.99,0,75.94501718213058,,0.28846153846153844,0,0,5.0,16,-5.768801478174435,False,-17.910447761194025,,0.008828089237127515,False,False,计算机应用,119.33,0.47781477595491006,50.0,35.28350515463917,0.7,0.0,34.7,Other
603037.SH,603037,凯众股份,20170120,主板,175843607.1,-0.06788866259334059,汽车零部件,未知,801093.SI,280000,14.72,53.3958,55.6632,3.955,10.045,392908.1536,391765.6461,287515291.40000004,True,1,1,False,False,15.62,-4.041720990873532,-10.94978826376286,-5.761843790012799,False,-0.06788866259334059,-3.057119871279157,-17.85,-18.98,9970381.18,104.6762,,,149744826.89,-254.9091,0.9317,1,392908.1536,287515291.40000004,1.0,1.5,PASS,False,0.5932203389830508,-17.85,-18.98,-7.975999999999999,-8.925,ESP-Q,53.3958,3.955,0.9317,,74.48131470588235,0.0,0.0,14.72,15.62,10,50.0,COV-LOW,0.47297297297297297,0,1,55.0,23,-1.2060380902164547,False,-4.041720990873532,,0.029627014631916974,False,False,汽车零部件,-8.925,0.03651383791424709,50.0,52.5,0.7,10.0,26.75,Other
603881.SH,603881,数据港,20170208,主板,2643164336.7,-0.7878151260504174,通信设备,未知,801102.SI,730000,37.78,195.6238,194.6102,8.0654,10.1413,2714028.3022,2714028.3022,2992020886.4,True,0,0,False,False,44.96,-6.739076771167607,-11.728971962616818,-15.969750889679712,False,-0.7878151260504174,-3.057119871279157,4.37,-15.17,42155963.75,94.1433,,,319735919.58,439.3529,1.3396,0,2714028.3022,2992020886.4,1.0,1.5,PASS,False,0.9830508474576272,4.37,-15.17,4.779999999999999,-0.40999999999999925,,195.6238,8.0654,1.3396,44.76517162471396,182.74448076923076,0.0,0.0,37.78,44.96,0,92.21076746849943,,0.525,0,0,5.0,13,0.03993191636741389,False,-6.739076771167607,,0.00423217968986902,False,False,通信设备,-0.40999999999999925,-0.22151597280382865,32.0,36.56323024054983,1.0,0.0,36.56,Other
603626.SH,603626,科森科技,20170209,主板,1088907714.6000001,15.673848753696639,电子制造,未知,801085.SI,270000,27.38,,118.89,6.6713,12.9575,1519260.5912,1519260.5912,1255593854.2,True,0,0,False,False,28.99,7.16242661448141,-1.439884809215275,-5.553639185926185,False,15.673848753696639,-3.057119871279157,6.4273,0.7023,-87584451.48,-22.7213,,,-844043966.88,-13.9918,18.4742,0,1519260.5912,1255593854.2,1.0,1.5,PASS,False,0.5084745762711864,6.4273,0.7023,-24.905,3.21365,ESP-Q,,6.6713,18.4742,,72.22433125,0.0,0.0,27.38,28.99,0,85.6815578465063,CHASE,0.75,1,1,100.0,11,11.006892218082653,True,7.16242661448141,,-0.004014586276777752,True,False,电子制造,3.21365,-0.31305122543305736,32.0,82.10446735395189,0.7,0.0,57.47,Tier2
002850.SZ,002850,科达利,20170302,主板,1199992018.9999998,-0.04828585224528892,电子制造,未知,801085.SI,270000,207.0,32.3579,31.0581,4.1751,3.3698,5708026.4076,4120930.7046,1269503209.8,False,0,0,False,False,216.66,6.415792720542868,16.98219836111896,-4.458598726114649,False,-0.04828585224528892,-3.057119871279157,27.19,19.96,448908745.72,97.3486,,,4029944524.37,43.5007,3.3842,0,5708026.4076,1269503209.8,1.0,1.5,PASS,False,0.5084745762711864,27.19,19.96,-24.905,77.0,ESP-Q,32.3579,4.1751,3.3842,1.190066200809121,72.22433125,10.0,0.0,207.0,216.66,0,97.13631156930126,,0.3333333333333333,0,1,40.0,11,-4.715242387859275,False,6.415792720542868,,0.02587921835690084,False,False,电子制造,77.0,-0.05933071537811512,32.0,55.54089347079037,0.7,0.0,48.88,Other
603040.SH,603040,新坐标,20170209,主板,223287501.49999994,9.11270983213428,汽车零部件,未知,801093.SI,280000,91.0,46.5329,46.6531,7.9846,4.969,1241748.6536,1235271.7286,391246329.0,True,1,1,False,False,94.16,9.770808202653791,-12.910326347018852,-3.3559898045879333,False,9.11270983213428,-3.057119871279157,0.15,31.63,62181248.17,94.0301,,,641641168.5600001,70.393,4.3292,0,1241748.6536,391246329.0,1.0,1.5,PASS,False,0.5932203389830508,0.15,31.63,-7.975999999999999,0.075,,46.5329,7.9846,4.3292,310.21933333333334,74.48131470588235,0.0,0.0,91.0,94.16,0,45.70446735395189,,0.7837837837837838,1,1,100.0,23,7.974560404511166,True,9.770808202653791,OVERHEAT,0.017439166777615523,False,True,汽车零部件,0.075,0.07074255438240723,50.0,73.71134020618557,1.0,0.0,73.71,Tier2
002867.SZ,002867,周大生,20170427,主板,172789297.9,0.07987220447285281,家用轻工,未知,801142.SI,360000,12.53,12.3284,11.8836,2.0075,0.6827,1360098.7879,1352108.2954,109694190.60000001,False,1,0,False,False,13.97,-0.7917656373713444,1.0483870967741948,-10.307802433786694,False,0.07987220447285281,-3.057119871279157,16.14,7.52,280896916.37,95.7341,,,2776691804.41,-52.7976,4.4264,0,1360098.7879,109694190.60000001,1.0,1.5,PASS,False,0.6271186440677966,16.14,7.52,-14.92,45.980000000000004,ESP-Q,12.3284,2.0075,4.4264,0.7638413878562578,179.96904166666664,10.0,0.0,12.53,13.97,0,87.7434135166094,,0.3333333333333333,0,1,40.0,6,-5.345159690823953,False,-0.7917656373713444,,-0.0036822369534794865,False,False,家用轻工,45.980000000000004,-0.24682690942804336,32.0,52.723024054982815,0.7,0.0,46.91,Other
603360.SH,603360,百傲化学,20170206,主板,496643713.7999999,-1.506906655504392,化学制品,未知,801034.SI,220000,23.53,79.2157,96.3396,11.7849,3.4236,1661744.2579,1661744.2579,618961516.0000001,True,2,1,False,False,25.35,14.780487804878062,-17.11870376893272,-7.179487179487176,False,-1.506906655504392,-3.057119871279157,-66.77,-35.94,18557088.61,93.5882,,,436495246.91,-196.9631,1.4173,0,1661744.2579,618961516.0000001,1.0,1.5,PASS,False,0.4406779661016949,-66.77,-35.94,8.2371,-75.0071,ESP-Q,79.2157,11.7849,1.4173,,104.193015625,0.0,0.0,23.53,25.35,0,71.8213058419244,,0.5921052631578947,0,0,5.0,23,4.196631034510479,False,14.780487804878062,OVERHEAT,0.03250769179492276,False,True,化学制品,-75.0071,-0.28581569085035413,32.0,30.44639175257732,0.7,0.0,21.31,Other
000166.SZ,000166,申万宏源,20150126,主板,413431347.35,-4.893617021276608,证券,未知,801193.SI,490000,4.47,11.773,11.322,0.9764,0.6108,11192855.2183,10073371.7703,481148785.2,False,0,0,False,False,4.82,-1.541850220264318,-10.956175298804782,-7.261410788381751,False,-4.893617021276608,-3.057119871279157,19.21,85.99,2325276776.03,98.6933,,,23924788385.1,273.2933,2.0829,0,11192855.2183,481148785.2,1.0,1.5,PASS,False,0.03389830508474576,19.21,85.99,31.015,-11.805,,11.773,0.9764,2.0829,0.6128578865174388,30.001145454545455,10.0,0.0,4.47,4.82,0,65.922107674685,,0.22727272727272727,0,0,5.0,14,-3.009809395690649,False,-1.541850220264318,,0.0006048441108973511,False,False,证券,-11.805,-0.2878644731255796,32.0,28.6766323024055,1.0,0.0,38.68,Other
002846.SZ,002846,英联股份,20170207,主板,246916622.40000007,-17.80233271945978,包装印刷,未知,801141.SI,360000,13.39,159.3459,152.9298,3.9456,2.6367,562371.4786,348348.2828,89956988.0,True,1,0,False,False,17.8,-5.770584095707254,-14.221652786675198,-24.775280898876407,False,-17.80233271945978,-3.057119871279157,14.0,152.91,9808870.94,78.3192,,,79787441.96000001,882.7375,0.8826,0,562371.4786,89956988.0,1.0,1.5,PASS,False,0.9152542372881356,14.0,152.91,0.78,14.0,ESP-Q,159.3459,3.9456,0.8826,11.38185,151.91444,0.0,0.0,13.39,17.8,0,38.48797250859107,CAT-0,0.15789473684210525,0,0,5.0,6,-13.392659888734316,False,-5.770584095707254,,-0.039485100487488635,False,False,包装印刷,14.0,-0.1617362004403523,32.0,20.44639175257732,0.35,0.0,7.16,Other
002847.SZ,002847,盐津铺子,20170208,主板,217365441.75,3.51740477492255,食品加工,未知,801124.SI,340000,56.8,20.697,19.3393,7.138,1.3903,1548990.9767,1395696.7738,250567038.2,True,1,0,False,False,61.2,1.4285714285714235,-14.14752116082225,-7.189542483660139,False,3.51740477492255,-3.057119871279157,30.45,25.86,203847025.41,88.3438,,,1806631327.27,125.2097,10.7253,0,1548990.9767,250567038.2,1.0,1.5,PASS,False,0.288135593220339,30.45,25.86,8.68,30.45,,20.697,7.138,10.7253,0.679704433497537,51.683299999999996,10.0,0.0,56.8,61.2,0,75.94501718213058,,0.5294117647058824,0,1,55.0,6,0.0,False,1.4285714285714235,,-0.024890422547959812,False,False,食品加工,30.45,0.19513215460474653,50.0,60.28350515463917,1.0,0.0,70.28,Tier1
603217.SH,603217,元利科技,20190620,主板,180545435.69999996,3.4294053265231605,化学制品,未知,801034.SI,220000,28.35,30.5471,28.466,1.7037,2.7316,589928.346,589928.346,181159533.4,True,0,0,False,False,33.24,-12.688635663689551,12.143987341772156,-14.71119133574007,False,3.4294053265231605,-3.057119871279157,30.53,-6.57,58327759.25,96.0704,,,498529663.57000005,-144.618,1.7692,0,589928.346,181159533.4,1.0,1.5,PASS,False,0.4406779661016949,30.53,-6.57,8.2371,30.53,ESP-Q,30.5471,1.7037,1.7692,1.0005601048149362,104.193015625,0.0,0.0,28.35,33.24,0,50.0,COV-LOW,0.7236842105263158,1,1,100.0,23,9.132943016538032,True,-12.688635663689551,,0.007405350697768909,False,False,化学制品,30.53,-0.05552359845806558,32.0,71.4,0.7,0.0,49.98,Other
603337.SH,603337,杰克科技,20170119,主板,178540357.9,2.6663344131572453,专用设备,未知,801074.SI,640000,41.2,22.9317,22.6415,3.6529,1.7715,1962816.1669,1951749.0229,256901455.20000002,True,0,0,False,False,44.55,-1.0091302258529389,-5.742393045069772,-7.519640852974174,False,2.6663344131572453,-3.057119871279157,2.59,2.54,231385250.84,90.145,,,2073509145.1,111.8885,4.8966,0,1962816.1669,256901455.20000002,1.0,1.5,PASS,False,0.6440677966101694,2.59,2.54,-10.094999999999999,1.295,,22.9317,3.6529,4.8966,8.853938223938224,147.6403775510204,10.0,0.0,41.2,44.55,0,87.7434135166094,,0.5740740740740741,0,1,55.0,17,1.8678304393377032,False,-1.0091302258529389,,0.005603199203429955,False,False,专用设备,1.295,-0.21833947951072208,32.0,60.223024054982815,1.0,0.0,70.22,Tier1
002849.SZ,002849,威星智能,20170217,主板,163455161.95000002,-1.9101123595505642,仪器仪表,未知,801073.SI,640000,17.46,71.4038,73.6406,2.7976,5.3998,385226.9919,382106.1357,210952159.6,True,0,0,False,False,19.78,-2.2943480693900398,-4.642271982523205,-11.729019211324577,False,-1.9101123595505642,-3.057119871279157,-9.29,47.72,24465328.86,96.1275,,,176463082.01,-97.0312,1.8657,0,385226.9919,210952159.6,1.0,1.5,PASS,False,0.6949152542372882,-9.29,47.72,0.78,-10.069999999999999,ESP-Q,71.4038,2.7976,1.8657,,92.29922857142857,0.0,0.0,17.46,19.78,0,98.3963344788087,,0.7142857142857143,1,0,55.0,3,0.35339060641884634,False,-2.2943480693900398,,0.006661795103771175,False,False,仪器仪表,-10.069999999999999,-0.42927685000621985,32.0,63.418900343642605,0.7,0.0,44.39,Other
600996.SH,600996,贵广网络,20161226,主板,312070283.5,2.5374855824682907,文化传媒,未知,801761.SI,720000,8.89,,,7.0643,4.1096,1108405.0702,1108405.0702,521404129.59999996,True,1,1,False,False,9.89,7.4969770253930035,-1.4412416851441123,-10.11122345803842,False,2.5374855824682907,-3.057119871279157,-1.39,-19.0158,-281453457.09,,,,-3169764038.83,,-15.6143,0,1108405.0702,521404129.59999996,1.0,1.5,PASS,False,0.864406779661017,-1.39,-19.0158,-15.175,-0.695,,,7.0643,-15.6143,,118.69075000000001,0.0,0.0,8.89,9.89,0,92.55441008018327,,0.6875,0,1,55.0,5,3.7399413018952945,False,7.4969770253930035,,0.016356582195278233,False,False,文化传媒,-0.695,-0.12091099486833108,32.0,61.66632302405498,1.0,0.0,61.67,Tier2
603393.SH,603393,新天然气,20160912,主板,323590089.09999996,-13.165769000598448,燃气,未知,801163.SI,410000,29.02,15.2466,21.4098,1.3059,2.3346,1230219.691,1228188.3026,336372833.2,True,0,0,False,False,34.56,-5.101373446697188,-1.4266304347826164,-16.030092592592602,False,-13.165769000598448,-3.057119871279157,-58.96,-36.9,146926441.82,101.2425,,,2189332308.42,197.8538,1.5615,0,1230219.691,336372833.2,1.0,1.5,PASS,False,0.1864406779661017,-58.96,-36.9,-5.75,-29.48,,15.2466,1.3059,1.5615,,185.42465714285714,0.0,0.0,29.02,34.56,0,65.922107674685,,0.375,0,0,5.0,3,-4.253079613242644,False,-5.101373446697188,,0.003590063930250729,False,False,燃气,-29.48,-0.41350696148504046,32.0,28.6766323024055,1.0,0.0,28.68,Other
603138.SH,603138,海量数据,20170306,主板,281267745.59999996,-10.204081632653061,计算机应用,未知,801222.SI,710000,17.6,,,6.3938,5.4775,517215.9696,507483.416,231153956.59999996,True,0,0,False,False,22.0,-5.121293800539084,-24.301075268817197,-19.999999999999996,False,-10.204081632653061,-3.057119871279157,-127.1876,28.2689,-44159178.32,,,,-228633532.98000002,,-5.0486,0,517215.9696,231153956.59999996,1.0,1.5,PASS,False,0.7627118644067796,-127.1876,28.2689,-4.9399999999999995,-63.5938,,,6.3938,-5.0486,,143.4918742857143,0.0,0.0,17.6,22.0,0,83.16151202749141,,0.25,0,0,5.0,16,-6.221359435253193,False,-5.121293800539084,,0.0012559162954349774,False,False,计算机应用,-63.5938,-0.29431024843097775,32.0,33.848453608247425,1.0,0.0,33.85,Other
603960.SH,603960,克来机电,20170314,主板,274625960.45,-13.64365971107545,专用设备,未知,801074.SI,640000,21.52,204.5685,266.2436,5.0118,3.509,564249.8808,564249.8808,211529387.60000002,False,0,0,False,False,24.96,-7.241379310344831,-22.394518571943745,-13.782051282051288,False,-13.64365971107545,-3.057119871279157,-62.26,-56.25,2305956.89,81.5987,,,39007052.25,968.8013,0.2513,0,564249.8808,211529387.60000002,1.0,1.5,PASS,False,0.6440677966101694,-62.26,-56.25,-10.094999999999999,-31.13,,204.5685,5.0118,0.2513,,147.6403775510204,0.0,0.0,21.52,24.96,0,88.88888888888889,,0.14814814814814814,0,0,5.0,17,-14.442163684894993,False,-7.241379310344831,,-0.015645535714074666,False,False,专用设备,-31.13,-0.32857147590053,32.0,35.56666666666666,1.0,0.0,35.57,Other
603903.SH,603903,中持股份,20170314,主板,198625261.35000005,11.338448422847392,水务,未知,801164.SI,410000,13.06,,,2.3333,7.3024,333447.2409,333447.2409,342810579.0,True,2,1,False,False,15.05,-5.4308472121651015,4.647435897435903,-13.222591362126245,False,11.338448422847392,-3.057119871279157,,20.5229,,,,,-54314069.6,-141.8912,1.2141,0,333447.2409,342810579.0,1.0,1.5,PASS,False,0.01694915254237288,,20.5229,3.89,0.0,DATA-INC,,2.3333,1.2141,,10.689833333333334,0.0,0.0,13.06,15.05,0,45.70446735395189,,1.0,1,1,100.0,2,7.188466833967716,True,-5.4308472121651015,,-0.004193511058103533,False,False,水务,0.0,-0.562402872492213,22.0,68.11134020618556,1.0,0.0,68.11,Tier2
603991.SH,603991,至正股份,20170308,主板,359794346.15,-0.8659478733339054,半导体,未知,801081.SI,270000,116.77,,958.9501,5.0728,6.0093,1783191.2837,870345.1716,386170396.8,False,0,0,False,False,130.51,-7.0598535498249015,29.184644319061846,-10.52792889433759,False,-0.8659478733339054,-3.057119871279157,446.2196,-170.9962,51191927.28,100.4481,,,-99432436.94,94.3882,1.4535,0,1783191.2837,386170396.8,1.0,1.5,PASS,False,0.8813559322033898,446.2196,-170.9962,21.265,446.2196,ESP-Q,,5.0728,1.4535,,141.87467999999998,0.0,0.0,116.77,130.51,0,80.75601374570446,,0.08695652173913043,0,0,5.0,7,-21.87376888115492,False,-7.0598535498249015,,-0.011183768159536223,False,False,半导体,446.2196,1.243917152082415,68.0,40.32680412371134,0.7,0.0,28.23,Other
002875.SZ,002875,安奈儿,20170601,主板,241369989.30000007,-7.088926174496645,服装家纺,未知,801132.SI,350000,22.15,,,7.6381,2.9346,471832.3715,404100.1191,150674890.19999996,True,1,0,False,False,26.8,-7.283382168271246,27.886836027713624,-17.350746268656724,False,-7.088926174496645,-3.057119871279157,259.09,9.71,14062929.86,93.6576,,,-186306801.06,24.2476,2.4606,0,471832.3715,150674890.19999996,1.0,1.5,PASS,False,0.11864406779661017,259.09,9.71,17.065,259.09,ESP-Q,,7.6381,2.4606,,85.02447272727274,0.0,0.0,22.15,26.8,0,59.56471935853379,,0.3125,0,0,5.0,5,-9.18708832336874,False,-7.283382168271246,,-0.05387368178913976,False,False,服装家纺,259.09,1.3960482153389897,68.0,33.96941580756014,0.7,0.0,23.78,Other
002774.SZ,002774,快意电梯,20170324,主板,160754456.15,4.395604395604402,专用设备,未知,801074.SI,640000,12.35,58.0025,71.0999,3.4247,2.7436,415809.5565,347983.7085,119060368.80000001,True,0,0,False,False,13.69,-3.21316614420063,9.777777777777775,-9.788166544923305,False,4.395604395604402,-3.057119871279157,-145.81,-49.57,-3728903.98,,,,105037704.26,-7634.2395,-0.1626,0,415809.5565,119060368.80000001,1.0,1.5,PASS,False,0.6440677966101694,-145.81,-49.57,-10.094999999999999,-72.905,ESP-Q,58.0025,3.4247,-0.1626,,147.6403775510204,0.0,0.0,12.35,13.69,0,93.24169530355097,,0.5925925925925926,0,1,55.0,17,3.59710042178486,False,-3.21316614420063,,-0.008682317325041296,False,False,专用设备,-72.905,-0.47058972259857856,32.0,61.87250859106529,0.7,0.0,43.31,Other
603078.SH,603078,江化微,20170410,主板,981587248.15,45.099667774086384,化学制品,未知,801034.SI,220000,34.94,128.555,126.1941,6.7536,15.921,1347416.5445,1347416.5445,1855399303.5999997,False,1,1,False,False,38.5,15.504132231404943,41.629509525739735,-9.246753246753247,False,45.099667774086384,-3.057119871279157,10.07,5.19,26474436.88,92.0002,,,237749136.8,112.897,1.4537,0,1347416.5445,1855399303.5999997,1.0,1.5,PASS,False,0.4406779661016949,10.07,5.19,8.2371,1.8329000000000004,,128.555,6.7536,1.4537,12.766137040714995,104.193015625,0.0,0.0,34.94,38.5,0,96.10538373424971,CHASE,0.9868421052631579,1,1,75.0,23,50.803205464101254,True,15.504132231404943,OVERHEAT,0.005853861277773051,True,True,化学制品,1.8329000000000004,-0.11814342792647758,32.0,72.73161512027491,1.0,0.0,72.73,Tier2
002961.SZ,002961,瑞达期货,20190905,主板,230384537.04999998,-6.077795786061591,多元金融,未知,801191.SI,490000,23.18,20.2126,16.5128,2.7645,1.7417,1105531.6977,1105526.4822,215311765.4,False,0,0,False,False,27.21,-7.094188376753507,-1.3197105151128041,-14.810731348768835,False,-6.077795786061591,-3.057119871279157,139.98,45.52,194238720.92,95.3996,,,1351330022.6599998,-314.6808,5.2507,0,1105531.6977,215311765.4,1.0,1.5,PASS,False,0.3220338983050847,139.98,45.52,17.765,139.98,ESP-Q,20.2126,2.7645,5.2507,0.14439634233461923,44.777813333333334,0.0,0.0,23.18,27.21,0,75.94501718213058,,0.5882352941176471,0,0,5.0,6,0.7274972196094964,False,-7.094188376753507,,-0.04968929935314724,False,False,多元金融,139.98,0.6749069171422634,50.0,35.28350515463917,0.7,0.0,24.7,Other
603179.SH,603179,新泉股份,20170317,主板,1971829640.1,-3.264094955489616,汽车零部件,未知,801093.SI,280000,61.94,54.2744,54.9309,5.9731,10.1585,4423746.4381,4423746.4381,2802828647.6,True,1,0,False,False,81.57,-16.646480958148302,-25.651182331052702,-24.065220056393276,False,-3.264094955489616,-3.057119871279157,-4.29,-16.5,200394542.54,98.4746,,,2040902739.4,43.7132,2.7185,0,4423746.4381,2802828647.6,1.0,1.5,PASS,False,0.5932203389830508,-4.29,-16.5,-7.975999999999999,-2.145,,54.2744,5.9731,2.7185,,74.48131470588235,0.0,0.0,61.94,81.57,0,91.63802978235968,,0.36486486486486486,0,0,5.0,23,-4.4022443831127305,False,-16.646480958148302,,0.015514023607850513,False,False,汽车零部件,-2.145,0.06229947098692773,50.0,39.991408934707906,1.0,0.0,39.99,Other
603920.SH,603920,世运电路,20170426,主板,2957594336.8999996,5.549075154140981,元件,未知,801083.SI,270000,63.34,66.7327,84.4064,7.0098,7.6457,4564231.7359,4564231.7359,3075948360.2,True,0,0,False,False,69.35,-0.9073842302878554,1.020733652312611,-8.66618601297764,False,5.549075154140981,-3.057119871279157,-75.82,-7.79,41247260.63,112.5979,,,1541956450.56,740.0405,0.5619,0,4564231.7359,3075948360.2,1.0,1.5,PASS,False,0.7457627118644068,-75.82,-7.79,2.79,-78.61,,66.7327,7.0098,0.5619,,204.28836129032257,0.0,0.0,63.34,69.35,0,87.7434135166094,,0.45454545454545453,0,1,55.0,10,-5.294812706966189,False,-0.9073842302878554,,-0.007708910251608316,False,False,元件,-78.61,-0.4157735092450023,32.0,60.223024054982815,1.0,0.0,60.22,Tier2
603803.SH,603803,瑞斯康达,20170420,主板,772251558.9499999,-4.542504866969499,通信设备,未知,801102.SI,730000,14.71,,,4.0675,7.2963,625003.7123,625003.7123,532977485.80000013,True,2,0,False,False,17.71,-9.809932556713663,42.81553398058253,-16.939582156973465,False,-4.542504866969499,-3.057119871279157,126.8461,38.2922,5671177.43,82.8857,,,-190702360.75,-1161.238,0.4459,0,625003.7123,532977485.80000013,1.0,1.5,PASS,False,0.9830508474576272,126.8461,38.2922,4.779999999999999,126.8461,ESP-Q,,4.0675,0.4459,,182.74448076923076,0.0,0.0,14.71,17.71,0,65.922107674685,,0.35,0,0,5.0,13,-3.7147578245516675,False,-9.809932556713663,,-0.010297621023267657,False,False,通信设备,126.8461,0.1872758757495471,50.0,32.2766323024055,0.7,0.0,22.59,Other
603050.SH,603050,科林电气,20170414,主板,240750961.39999998,16.75126903553299,电气自动化设备,未知,801732.SI,630000,23.0,35.9582,40.7464,5.0442,3.0061,927634.1439,927634.1439,279515812.4,True,0,0,False,False,26.5,1.590106007067127,8.439415370108438,-13.207547169811317,False,16.75126903553299,-3.057119871279157,-47.16,60.84,34656247.31,81.7558,,,595141574.51,-306.159,2.2331,1,927634.1439,279515812.4,1.0,1.5,PASS,False,0.4067796610169492,-47.16,60.84,-25.5,-23.58,ESP-Q,35.9582,5.0442,2.2331,,54.13474375,0.0,0.0,23.0,26.5,10,87.5143184421535,CHASE,0.7058823529411765,1,1,100.0,6,17.630473928499356,True,1.590106007067127,,-0.012007226495643319,True,False,电气自动化设备,-23.58,-0.38584535927585256,32.0,82.65429553264605,0.7,10.0,47.86,Other
002906.SZ,002906,华阳集团,20171013,主板,281234657.3,-2.8077753779697567,汽车零部件,未知,801093.SI,280000,31.5,21.1551,20.8805,2.3983,3.7642,1653494.9792,1652529.6365,384281437.8,True,0,0,False,False,32.8,-0.31645569620253333,-1.5625,-3.963414634146334,False,-2.8077753779697567,-3.057119871279157,5.89,19.1,158753729.72,95.7752,,,1774348739.6799998,91.8129,2.3423,0,1653494.9792,384281437.8,1.0,1.5,PASS,False,0.5932203389830508,5.89,19.1,-7.975999999999999,2.945,,21.1551,2.3983,2.3423,3.59169779286927,74.48131470588235,0.0,0.0,31.5,32.8,0,91.86712485681558,,0.3783783783783784,0,0,5.0,23,-3.945924805592871,False,-0.31645569620253333,,-0.015494113662846365,False,False,汽车零部件,2.945,0.08165771174503163,50.0,40.060137457044675,1.0,0.0,40.06,Other
603906.SH,603906,龙蟠科技,20170410,主板,1945680076.2000003,12.605687932359722,化学制品,未知,801034.SI,220000,29.3,,335.9923,4.6875,14.8207,2274007.8846,1649579.7538,1343646378.0,True,2,0,False,False,34.52,5.509542671948142,61.87845303867403,-15.121668597914262,False,12.605687932359722,-3.057119871279157,466.001,94.2854,196491560.09,91.7063,,,-146523780.11,-578.2713,7.2984,0,2274007.8846,1343646378.0,1.0,1.5,PASS,False,0.4406779661016949,466.001,94.2854,8.2371,466.001,ESP-Q,,4.6875,7.2984,,104.193015625,0.0,0.0,29.3,34.52,0,95.07445589919816,,0.7894736842105263,1,1,100.0,23,18.30922562237459,True,5.509542671948142,,0.004546627811403767,False,False,化学制品,466.001,0.8947159643701937,50.0,88.52233676975945,0.7,0.0,61.97,Tier1
603269.SH,603269,海鸥股份,20170517,主板,492250298.34999996,34.357005758157385,通用机械,未知,801072.SI,640000,21.0,56.0495,54.4223,6.2814,8.0324,648378.7128,648378.7128,673309291.0,True,3,2,False,True,22.98,-3.136531365313655,70.73170731707317,-8.616187989556135,False,34.357005758157385,-3.057119871279157,26.44,22.33,21138777.07,94.3502,,,184120586.60999998,-293.4888,2.1834,0,648378.7128,673309291.0,1.0,1.5,PASS,False,0.7796610169491526,26.44,22.33,1.3,26.44,ESP-Q,56.0495,6.2814,2.1834,2.119875189107413,114.34343529411765,0.0,0.0,21.0,22.98,0,61.512027491408936,,0.9069767441860465,1,1,100.0,13,26.054651359148703,True,-3.136531365313655,突破型,-0.0002940104897703,True,False,通用机械,26.44,0.3011882296276533,50.0,78.45360824742268,0.7,0.0,54.92,Tier2
603826.SH,603826,坤彩科技,20170414,主板,440231178.4,-1.6816468541606455,金属非金属新材料,未知,801051.SI,240000,33.91,,,11.8768,1.6148,2221783.2,2221783.2,398378163.4,True,0,0,False,False,38.0,-2.3610711200691026,84.29347826086956,-10.763157894736853,False,-1.6816468541606455,-3.057119871279157,234.19,-389.86,72383707.31,97.4336,,,76374410.58,179.0021,4.0507,0,2221783.2,398378163.4,1.0,1.5,PASS,False,0.8305084745762712,234.19,-389.86,22.085,234.19,ESP-Q,,11.8768,4.0507,,108.89996666666667,0.0,0.0,33.91,38.0,0,74.22680412371135,,0.5625,0,0,5.0,5,0.18506812152739305,False,-2.3610711200691026,,-0.007741463343736934,False,False,金属非金属新材料,234.19,-0.04658297813084781,32.0,31.168041237113407,0.7,0.0,21.82,Other
002859.SZ,002859,洁美科技,20170407,主板,648344860.35,16.920111372885003,电子制造,未知,801085.SI,270000,54.59,107.0901,100.6671,7.6564,3.3876,2354065.8347,2215804.8519,783212251.5999999,True,0,0,False,False,58.48,5.979421471558921,33.37405326166627,-6.651846785225713,False,16.920111372885003,-3.057119871279157,47.97,7.96,46678805.54,97.7507,,,527744271.29,54.7533,1.5156,0,2354065.8347,783212251.5999999,1.0,1.5,PASS,False,0.5084745762711864,47.97,7.96,-24.905,97.78,ESP-Q,107.0901,7.6564,1.5156,2.232439024390244,72.22433125,0.0,0.0,54.59,58.48,0,99.5418098510882,CHASE,0.8055555555555556,1,1,100.0,11,12.253154837271017,True,5.979421471558921,,0.006193365846869736,True,False,电子制造,97.78,0.01212304536410482,50.0,89.86254295532646,0.7,0.0,62.9,Tier2
603127.SH,603127,昭衍新药,20170825,主板,1469221268.9000003,14.419475655430713,医疗服务,未知,801156.SI,370000,42.77,107.6065,64.7365,3.7455,9.6306,3204962.3369,2696019.8409,1865155227.0000005,True,1,1,False,False,42.77,7.032032032032043,18.607875762617866,0.0,False,14.419475655430713,-3.057119871279157,747.11,1221.3,217391315.27,91.2042,,,580963713.39,49.8638,2.8238,0,3204962.3369,1865155227.0000005,1.0,1.5,PASS,False,0.711864406779661,747.11,1221.3,17.45,747.11,,107.6065,3.7455,2.8238,0.14403033020572606,76.5296625,0.0,0.0,42.77,42.77,0,75.83046964490264,,1.0,1,1,100.0,4,19.591889448534147,True,7.032032032032043,,0.022649149690345077,False,False,医疗服务,747.11,2.725043546796087,82.0,89.14914089347079,1.0,0.0,89.15,Tier1
002870.SZ,002870,香山股份,20170515,主板,219101155.30000004,9.008528784648174,汽车零部件,未知,801093.SI,280000,40.9,56.9031,87.3784,3.3013,4.8783,540189.3512,530606.3095,204975031.8,False,1,0,False,False,44.92,-1.2554321583776007,2.7122049221496747,-8.949243098842397,False,9.008528784648174,-3.057119871279157,-162.54,-64.95,-12585667.1,,,,175382159.27999997,,-0.6352,0,540189.3512,204975031.8,1.0,1.5,PASS,False,0.5932203389830508,-162.54,-64.95,-7.975999999999999,-81.27,,56.9031,3.3013,-0.6352,,74.48131470588235,0.0,0.0,40.9,44.92,0,97.0217640320733,,0.7567567567567568,1,1,85.0,23,7.87037935702506,True,-1.2554321583776007,,-0.0067071093143828715,False,False,汽车零部件,-81.27,-0.23862799462898016,32.0,78.00652920962199,1.0,0.0,78.01,Tier2
002902.SZ,002902,铭普光磁,20170929,主板,1448371453.1000001,22.081911262798638,通信设备,未知,801102.SI,730000,35.77,,,13.8526,19.0563,840627.4148,635389.8285,1536306122.8,True,3,1,False,True,43.03,-9.671717171717164,71.3122605363985,-16.871949802463394,False,22.081911262798638,-3.057119871279157,53.83,15.53,-22277194.22,,,,-485428352.06,,-3.7075,0,840627.4148,1536306122.8,1.0,1.5,PASS,False,0.9830508474576272,53.83,15.53,4.779999999999999,53.83,,,13.8526,-3.7075,,182.74448076923076,0.0,0.0,35.77,43.03,0,96.67812142038946,CHASE,0.9,1,1,100.0,13,22.909658305216468,True,-9.671717171717164,突破型,-0.017793016175799432,True,False,通信设备,53.83,-0.047277803745252305,32.0,85.40343642611683,1.0,0.0,85.4,Tier2
603926.SH,603926,铁流股份,20170510,主板,250994549.85000002,27.376623376623364,汽车零部件,未知,801093.SI,280000,24.52,74.2852,71.4528,3.2892,4.5254,575525.1302,566016.2742,267577349.4,True,0,0,False,False,26.18,-3.0830039525691744,4.965753424657526,-6.340718105423992,False,27.376623376623364,-3.057119871279157,5.24,-33.34,25199172.59,84.9996,,,189860997.48000002,29.6203,1.7078,0,575525.1302,267577349.4,1.0,1.5,PASS,False,0.5932203389830508,5.24,-33.34,-7.975999999999999,2.62,,74.2852,3.2892,1.7078,14.176564885496184,74.48131470588235,0.0,0.0,24.52,26.18,0,50.0,COV-LOW,0.9864864864864865,1,1,100.0,23,26.23847394900025,True,-3.0830039525691744,,-0.007837696277356808,True,False,汽车零部件,2.62,0.08042167476145919,50.0,75.0,1.0,0.0,75.0,Tier2
002860.SZ,002860,星帅尔,20170412,主板,168288928.04999998,-3.1571218795888423,白色家电,未知,801111.SI,330000,13.19,23.7789,24.6593,2.0512,2.8295,474460.8086,463681.4156,145260617.0,True,0,0,False,False,14.54,-6.120996441281146,-4.142441860465118,-9.2847317744154,False,-3.1571218795888423,-3.057119871279157,-11.39,35.9,51989099.16,90.9289,,,493749110.85,180.0104,2.4648,0,474460.8086,145260617.0,1.0,1.5,PASS,False,0.23728813559322035,-11.39,35.9,-17.555,-5.695,,23.7789,2.0512,2.4648,,53.917895,0.0,0.0,13.19,14.54,0,94.38717067583046,,0.3333333333333333,0,0,5.0,8,-5.329030981133531,False,-6.120996441281146,,-0.03711432340614247,False,False,白色家电,-5.695,-0.16939866918581825,32.0,37.21615120274914,1.0,0.0,37.22,Other
603501.SH,603501,豪威集团,20170504,主板,3531617233.3500004,10.565428109854613,半导体,未知,801081.SI,270000,102.66,32.004,35.159,3.9412,5.2991,12946944.1669,12426036.0343,3936796336.8,True,1,0,False,False,108.43,1.2525890127231376,-11.362458988084956,-5.321405515078858,False,10.565428109854613,-3.057119871279157,-27.44,27.91,615527525.46,122.3836,,,9536486834.029999,121.1751,1.6422,0,12946944.1669,3936796336.8,1.0,1.5,PASS,False,0.8813559322033898,-27.44,27.91,21.265,-48.705,,32.004,3.9412,1.6422,,141.87467999999998,0.0,0.0,102.66,108.43,0,92.55441008018327,,0.2608695652173913,0,1,55.0,7,-10.442392897966402,False,1.2525890127231376,,0.0032726508700405546,False,False,半导体,-48.705,-0.40748101200539233,32.0,61.66632302405498,1.0,0.0,61.67,Tier2
603139.SH,603139,康惠股份,20170421,主板,192250645.15,12.570079669519018,中药,未知,801155.SI,370000,38.15,,,6.9813,5.0777,381042.2,381042.2,161403052.2,False,1,0,False,False,40.99,-0.8833463237204575,59.02459358065861,-6.928519151012447,False,12.570079669519018,-3.057119871279157,16.18,-215.76,-15435941.29,-73.9276,,,-406161019.02,137.0219,3.9001,0,381042.2,161403052.2,1.0,1.5,PASS,False,0.13559322033898305,16.18,-215.76,7.69,16.18,ESP-Q,,6.9813,3.9001,,165.87102631578946,0.0,0.0,38.15,40.99,0,84.19243986254295,,0.9047619047619048,1,1,75.0,7,19.26055138536191,True,-0.8833463237204575,,-0.02658499947801483,False,False,中药,16.18,0.3486766833465954,50.0,72.75773195876289,0.7,0.0,50.93,Tier2
002926.SZ,002926,华西证券,20180205,主板,176089392.45000002,-3.157894736842126,证券,未知,801193.SI,490000,8.28,14.7824,13.9066,0.8615,1.1755,2173500.0,2173500.0,149443052.8,False,0,0,False,False,8.85,-0.8383233532934131,-6.015891032917153,-6.440677966101694,False,-3.157894736842126,-3.057119871279157,30.57,109.18,389355171.52,98.9192,,,3432819136.04,555.1582,1.5742,0,2173500.0,149443052.8,1.0,1.5,PASS,False,0.03389830508474576,30.57,109.18,31.015,-0.4450000000000003,,14.7824,0.8615,1.5742,0.4835590448151783,30.001145454545455,0.0,0.0,8.28,8.85,0,69.3012600229095,,0.3181818181818182,0,0,5.0,14,-1.274087111256167,False,-0.8383233532934131,,-0.009154590383788984,False,False,证券,-0.4450000000000003,-0.1345714697248011,32.0,29.690378006872848,1.0,0.0,29.69,Other
603496.SH,603496,恒为科技,20170607,主板,831465616.4499999,2.269553072625685,计算机设备,未知,801101.SI,710000,29.29,268.4447,192.7696,6.7259,8.0207,937892.8727,937892.8727,655740405.8,True,1,0,False,False,32.77,-3.0453492221118927,-2.981119576018554,-10.619469026548689,False,2.269553072625685,-3.057119871279157,16.4248,33.37,-6618538.12,-113.7794,,,72612141.25,531.3125,0.418,0,937892.8727,655740405.8,1.0,1.5,PASS,False,0.7288135593220338,16.4248,33.37,7.12,16.4248,ESP-Q,268.4447,6.7259,0.418,16.343864156641175,116.38087647058823,0.0,10.0,29.29,32.77,0,71.93585337915235,,0.5833333333333334,0,1,55.0,8,4.155375583448196,False,-3.0453492221118927,,-0.0015722532640622304,False,False,计算机设备,16.4248,-0.2634686827345377,32.0,55.480756013745705,0.7,10.0,28.84,Other
603728.SH,603728,鸣志电器,20170509,主板,561054254.05,15.03669568185697,电机,未知,801731.SI,630000,67.4,461.8618,416.6826,9.4946,4.1636,2823268.05,2823268.05,1028119588.1999999,True,0,0,False,False,69.8,3.708262809663032,-6.983163124482461,-3.4383954154727725,False,15.03669568185697,-3.057119871279157,96.14,-21.4,10910412.92,78.9629,,,131310931.46000001,-189.0967,0.4644,0,2823268.05,1028119588.1999999,1.0,1.5,PASS,False,0.9661016949152542,96.14,-21.4,-5.324999999999999,106.79,ESP-Q,461.8618,9.4946,0.4644,4.804054503848555,176.7947,0.0,10.0,67.4,69.8,0,87.7434135166094,CHASE,1.0,1,1,100.0,4,9.038161936844357,True,3.708262809663032,,0.004409350947380562,True,False,电机,106.79,-0.08736091685478635,32.0,82.72302405498282,0.7,10.0,47.91,Other
002876.SZ,002876,三利谱,20170525,主板,205701380.15,-2.5443588885169066,光学光电子,未知,801084.SI,270000,29.11,107.4989,99.6979,2.1092,7.3725,506179.0371,433569.05,171384617.60000005,False,0,0,False,False,31.99,-1.953519703603912,4.449228561176888,-9.002813379180996,False,-2.5443588885169066,-3.057119871279157,80.43,-21.15,55736881.75,167.2918,,,188619352.26999998,-268.382,1.3874,0,506179.0371,171384617.60000005,1.0,1.5,PASS,False,0.9491525423728814,80.43,-21.15,-19.355800000000002,119.14160000000001,ESP-Q,107.4989,2.1092,1.3874,1.3365522814870072,229.99712142857143,0.0,0.0,29.11,31.99,0,92.55441008018327,,0.25,0,0,5.0,7,-8.30205661229152,False,-1.953519703603912,,-0.0028039275407475387,False,False,光学光电子,119.14160000000001,1.2877989832515528,68.0,43.86632302405498,0.7,0.0,30.71,Other
603335.SH,603335,迪生力,20170620,主板,226849902.7,-6.105834464043425,汽车零部件,未知,801093.SI,280000,6.92,61.1122,57.7693,10.4948,3.4515,296276.0632,296276.0632,98417601.60000001,False,1,0,False,False,7.83,-5.593451568894958,10.366826156299847,-11.62196679438059,False,-6.105834464043425,-3.057119871279157,12.1742,22.3666,-19845234.76,,,,-292281287.33,,-6.7559,0,296276.0632,98417601.60000001,1.0,1.5,PASS,False,0.5932203389830508,12.1742,22.3666,-7.975999999999999,28.126199999999997,,61.1122,10.4948,-6.7559,5.019812390136518,74.48131470588235,0.0,0.0,6.92,7.83,0,75.94501718213058,,0.2972972972972973,0,0,5.0,23,-7.243983891666539,False,-5.593451568894958,,-0.005737592233258297,False,False,汽车零部件,28.126199999999997,0.17742661787036873,50.0,35.28350515463917,1.0,0.0,35.28,Other
603316.SH,603316,诚邦股份,20170619,主板,520872402.75,73.89917038927886,基础建设,未知,801723.SI,620000,27.25,,,13.0304,30.8039,720119.4,720119.4,830047384.0000001,True,5,4,True,True,27.25,46.42665233745298,96.60894660894661,0.0,False,73.89917038927886,-3.057119871279157,808.81,-8.7,23071531.28,98.2075,,,-111367538.41,-159.5829,4.3432,0,720119.4,830047384.0000001,1.0,1.5,PASS,False,0.0847457627118644,808.81,-8.7,-7.28,823.3699999999999,ESP-Q,,13.0304,4.3432,,58.68530769230769,0.0,0.0,27.25,27.25,0,78.23596792668958,CHASE,1.0,1,1,100.0,6,80.72065079566492,True,46.42665233745298,LOCK|突破型|OVERHEAT,0.02125419584471923,True,True,基础建设,823.3699999999999,3.932105725043377,97.79631717513013,93.03005381303291,0.7,0.0,65.12,Tier2
603331.SH,603331,百达精工,20170705,主板,204900604.45,-8.268733850129205,通用机械,未知,801072.SI,640000,14.2,,,2.7556,6.8308,287089.4031,287089.4031,270029273.6,True,1,1,False,False,16.28,-10.691823899371078,-28.282828282828287,-12.776412776412782,False,-8.268733850129205,-3.057119871279157,-98.84,-824.26,244329.72,40.2803,,,-121871465.03999999,-2822.7111,0.0582,1,287089.4031,270029273.6,1.0,1.5,PASS,False,0.7796610169491526,-98.84,-824.26,1.3,-100.14,ESP-Q,,2.7556,0.0582,,114.34343529411765,0.0,0.0,14.2,16.28,10,50.0,COV-LOW,0.18604651162790697,0,0,5.0,13,-16.571088249137887,False,-10.691823899371078,,-0.001053922744970482,False,False,通用机械,-100.14,-0.03673738292407889,32.0,23.9,0.7,10.0,6.73,Other
603488.SH,603488,展鹏科技,20170516,主板,200188119.8,-5.137289636846754,专用设备,未知,801074.SI,640000,10.71,,,4.0375,3.9888,312721.7612,312721.7612,130270175.0,True,0,0,False,False,13.18,-8.92857142857142,11.795407098121103,-18.74051593323216,False,-5.137289636846754,-3.057119871279157,-21.0901,-1387.685,-20343750.95,,,,-366410187.43,,-2.3811,0,312721.7612,130270175.0,1.0,1.5,PASS,False,0.6440677966101694,-21.0901,-1387.685,-10.094999999999999,-10.54505,,,4.0375,-2.3811,,147.6403775510204,0.0,0.0,10.71,13.18,0,93.24169530355097,,0.42592592592592593,0,0,5.0,17,-5.9357936106662965,False,-8.92857142857142,,-0.02192742805759538,False,False,专用设备,-10.54505,-0.25859090121789696,32.0,36.87250859106529,1.0,0.0,36.87,Other
002965.SZ,002965,祥鑫科技,20191025,主板,353410505.8999999,22.72727272727273,汽车零部件,未知,801093.SI,280000,38.07,65.1866,194.2251,2.3821,10.8487,1010303.0267,724912.608,512081276.8,True,1,1,False,False,38.59,6.281407035175879,9.711815561959636,-1.3474993521637835,False,22.72727272727273,-3.057119871279157,-125.27,-62.02,-20924047.34,,,,363203421.18,,-0.4014,0,1010303.0267,512081276.8,1.0,1.5,PASS,False,0.5932203389830508,-125.27,-62.02,-7.975999999999999,-62.635,,65.1866,2.3821,-0.4014,,74.48131470588235,0.0,0.0,38.07,38.59,0,95.87628865979381,CHASE,0.9459459459459459,1,1,100.0,23,21.589123299649614,True,6.281407035175879,OVERHEAT,0.029412321258122084,True,True,汽车零部件,-62.635,-0.16775553558629525,32.0,85.16288659793815,1.0,0.0,85.16,Tier2
002866.SZ,002866,传艺科技,20170426,主板,886343801.15,-19.84934086629002,电子制造,未知,801085.SI,270000,21.28,71.7728,99.224,2.9456,7.3366,616103.3608,385620.2128,304393994.1999999,False,1,1,False,False,30.0,-6.952339309138611,9.184197024114948,-29.066666666666663,False,-19.84934086629002,-3.057119871279157,-58.85,162.43,13246005.91,86.5883,,,146849798.35,903.788,0.7279,0,616103.3608,304393994.1999999,1.0,1.5,PASS,False,0.5084745762711864,-58.85,162.43,-24.905,-29.425,,71.7728,2.9456,0.7279,,72.22433125,0.0,0.0,21.28,30.0,0,96.79266895761741,,0.027777777777777776,0,0,5.0,11,-24.516297401904005,False,-6.952339309138611,,-0.030102302611165206,False,False,电子制造,-29.425,-0.42528194189355095,32.0,37.93780068728522,1.0,0.0,37.94,Other
603063.SH,603063,禾望电气,20170728,主板,2004027382.1499999,37.81818181818182,电气自动化设备,未知,801732.SI,630000,56.85,49.1971,54.7939,5.0429,8.1854,2612480.2952,2612480.2952,2271175977.0,False,3,2,False,True,66.36,-3.2505105513955024,93.498978897209,-14.330922242314648,False,37.81818181818182,-3.057119871279157,-59.32,32.34,39462544.13,77.1939,,,1101244405.93,-408.2154,0.9854,1,2612480.2952,2271175977.0,1.0,1.5,PASS,False,0.4067796610169492,-59.32,32.34,-25.5,-29.66,ESP-Q,49.1971,5.0429,0.9854,,54.13474375,0.0,0.0,56.85,66.36,10,86.25429553264605,CHASE,0.8823529411764706,1,1,85.0,6,38.69738671114819,True,-3.2505105513955024,突破型,-0.004310185617189308,True,False,电气自动化设备,-29.66,-0.46472543272420425,32.0,74.7762886597938,0.7,10.0,42.34,Other
605303.SH,605303,园林股份,20210301,主板,184710726.25,31.672597864768683,基础建设,未知,801723.SI,620000,29.6,,,5.6403,9.6255,477262.7277,477262.7277,269303591.20000005,False,1,0,False,False,30.26,14.065510597302522,61.30790190735696,-2.181097157964307,False,31.672597864768683,-3.057119871279157,19.4886,-6.4523,-13077385.67,,,,-338097216.16,,-1.3593,0,477262.7277,269303591.20000005,1.0,1.5,PASS,False,0.0847457627118644,19.4886,-6.4523,-7.28,34.0486,ESP-Q,,5.6403,-1.3593,,58.68530769230769,0.0,0.0,29.6,30.26,0,83.27605956471936,CHASE,0.9473684210526315,1,1,75.0,6,38.49407827115474,True,14.065510597302522,OVERHEAT,0.03176143832605883,True,True,基础建设,34.0486,-0.14205537353848238,32.0,68.88281786941582,0.7,0.0,48.22,Other
002886.SZ,002886,沃特股份,20170627,主板,328795633.6,16.695727986050567,塑料,未知,801036.SI,220000,26.77,109.4141,98.8327,3.8448,7.8916,704595.9435,559702.245,694407505.0,True,0,0,False,False,29.2,-2.120658135283371,10.71133167907361,-8.321917808219181,False,16.695727986050567,-3.057119871279157,129.42,38.7,10386315.29,79.8542,,,81017973.56,342.2293,0.7046,0,704595.9435,694407505.0,1.0,1.5,PASS,False,0.6779661016949152,129.42,38.7,-4.92,139.25999999999996,ESP-Q,109.4141,3.8448,0.7046,0.8454187915314482,184.85352307692307,0.0,0.0,26.77,29.2,0,90.26345933562429,CHASE,0.6470588235294118,0,1,55.0,6,7.4941943971190685,True,-2.120658135283371,,0.0047024119037427205,True,False,塑料,139.25999999999996,0.7587558673783783,50.0,64.57903780068729,0.7,0.0,45.21,Other
002879.SZ,002879,长缆科技,20170707,主板,157872329.05,-22.490706319702603,高低压设备,未知,801734.SI,630000,16.68,24.0799,24.28,1.9104,4.5607,322103.5435,228722.867,106737178.59999998,False,0,0,False,False,22.1,-6.292134831460682,-24.524886877828056,-24.524886877828056,False,-22.490706319702603,-3.057119871279157,-71.84,88.32,348640.4,25.7294,,,189539632.72,-617.4646,0.0772,0,322103.5435,106737178.59999998,1.0,1.5,PASS,False,0.4745762711864407,-71.84,88.32,10.365,-82.205,ESP-Q,24.0799,1.9104,0.0772,,142.6951,0.0,0.0,16.68,22.1,0,47.07903780068728,,0.0967741935483871,0,0,5.0,10,-17.012078986770632,False,-6.292134831460682,,-0.044292059777852506,False,False,高低压设备,-82.205,-0.6845391321200706,22.0,21.023711340206184,0.7,0.0,14.72,Other
603196.SH,603196,璞源材料,20170531,主板,191477594.14999998,-20.513595166163146,服装家纺,未知,801132.SI,350000,26.31,612.3615,322.6333,5.5263,2.3825,1101566.6546,623516.1699,118468872.59999998,True,0,0,False,False,35.35,-8.295573370512377,3.7460567823343727,-25.57284299858558,False,-20.513595166163146,-3.057119871279157,252.36,84.8,21674668.7,91.5606,,,212035.31999999785,94.9278,1.2396,0,1101566.6546,118468872.59999998,1.0,1.5,PASS,False,0.11864406779661017,252.36,84.8,17.065,252.36,|VAL-X,612.3615,5.5263,1.2396,2.4265394674274843,85.02447272727274,0.0,15.0,26.31,35.35,0,45.47537227949599,,0.0625,0,0,5.0,5,-22.61175731503524,False,-8.295573370512377,,-0.014354150588251569,False,False,服装家纺,252.36,1.3458193746043712,68.0,29.7426116838488,1.0,15.0,14.74,Other
603978.SH,603978,深圳新星,20170807,主板,561139075.8499999,27.598425196850386,金属非金属新材料,未知,801051.SI,240000,32.41,,,4.1248,7.9331,684156.6231,684156.6231,595325160.5999999,True,1,0,False,False,34.68,-4.395280235988208,30.790960451977377,-6.545559400230694,False,27.598425196850386,-3.057119871279157,3933.4,73.3422,18312651.14,101.509,,,-155956930.95,557.6938,1.095,0,684156.6231,595325160.5999999,1.0,1.5,PASS,False,0.8305084745762712,3933.4,73.3422,22.085,3933.4,,,4.1248,1.095,,108.89996666666667,0.0,0.0,32.41,34.68,0,96.33447880870561,CHASE,0.875,1,1,100.0,5,29.465140172538423,True,-4.395280235988208,,-0.016536609176574575,True,False,金属非金属新材料,2014.9280000000006,2.5357185610011985,82.0,95.30034364261168,1.0,0.0,95.3,Tier2
601108.SH,601108,财通证券,20171024,主板,478042196.65,-2.0706455542022106,证券,未知,801193.SI,490000,8.04,14.184,12.6149,0.979,2.0072,3733586.3661,3733586.3661,450077882.59999996,False,0,0,False,False,9.01,-2.4271844660194275,-7.159353348729802,-10.765815760266372,False,-2.0706455542022106,-3.057119871279157,118.75,14.77,585936354.08,94.9531,,,6220629974.04,-61.7022,1.6139,0,3733586.3661,450077882.59999996,1.0,1.5,PASS,False,0.03389830508474576,118.75,14.77,31.015,118.75,ESP-Q,14.184,0.979,1.6139,0.11944421052631578,30.001145454545455,0.0,0.0,8.04,9.01,0,78.46506300114548,,0.5,0,0,5.0,14,-0.18683792861625137,False,-2.4271844660194275,,-0.0015949684440161526,False,False,证券,118.75,1.4738580672783494,68.0,39.639518900343646,0.7,0.0,27.75,Other
001332.SZ,001332,锡装股份,20220920,主板,170695091.30000004,11.920874544508052,专用设备,未知,801074.SI,640000,64.5,31.3536,26.1804,2.6804,5.4364,712660.5,309622.5815,164141972.79999998,True,1,0,False,False,69.3,-3.022101939557964,15.07582515611061,-6.926406926406925,False,11.920874544508052,-3.057119871279157,104.59,-13.16,88525061.25,96.9685,,,606728307.39,-59.5974,3.4969,0,712660.5,164141972.79999998,1.0,1.5,PASS,False,0.6440677966101694,104.59,-13.16,-10.094999999999999,124.78,ESP-Q,31.3536,2.6804,3.4969,0.2997762692418013,147.6403775510204,0.0,0.0,64.5,69.3,0,50.0,COV-LOW,0.7962962962962963,1,1,100.0,17,11.12237057068851,True,-3.022101939557964,,-0.015756850442976363,False,False,专用设备,124.78,0.20145999849067905,50.0,75.0,0.7,0.0,52.5,Tier2
603042.SH,603042,华脉科技,20170602,主板,318927250.95,-2.002861230329034,通信设备,未知,801102.SI,730000,20.55,,,3.9571,8.7206,330012.1212,330012.1212,267062881.59999996,False,0,0,False,False,24.2,-5.863490609253308,12.479474548440074,-15.082644628099173,False,-2.002861230329034,-3.057119871279157,66.402,-643.8373,-4229824.61,,,,-155854739.41,-597.7951,-0.2624,0,330012.1212,267062881.59999996,1.0,1.5,PASS,False,0.9830508474576272,66.402,-643.8373,4.779999999999999,66.402,ESP-Q,,3.9571,-0.2624,,182.74448076923076,0.0,0.0,20.55,24.2,0,65.922107674685,,0.4,0,0,5.0,13,-1.1751141879112026,False,-5.863490609253308,,-0.0069112939586098215,False,False,通信设备,66.402,-0.006892068837353662,32.0,28.6766323024055,0.7,0.0,20.07,Other
002893.SZ,002893,京能热力,20170915,主板,194327530.04999998,9.587727708533066,电力,未知,801161.SI,410000,11.43,48.3856,46.37,2.1416,16.9978,301340.52,231775.9604,341774133.00000006,False,1,1,False,False,12.47,4.098360655737698,-0.17467248908296096,-8.340016038492394,False,9.587727708533066,-3.057119871279157,1.47,-2.69,190055530.52,100.0,,,442225148.68,-114.2809,14.4649,0,301340.52,341774133.00000006,1.0,1.5,PASS,False,0.3050847457627119,1.47,-2.69,0.02,1.47,ESP-Q,48.3856,2.1416,14.4649,32.91537414965986,55.30460465116279,0.0,0.0,11.43,12.47,0,92.32531500572738,,0.8409090909090909,1,1,85.0,14,9.822379693511351,True,4.098360655737698,,0.011128167859627986,False,False,电力,1.47,-0.008891345622082021,32.0,76.59759450171822,0.7,0.0,53.62,Tier2
603985.SH,603985,恒润股份,20170505,主板,1310788139.45,3.7328909166321145,通用机械,未知,801072.SI,640000,25.01,132.0746,92.8669,3.3006,8.5941,1102585.8655,1102585.8655,1010467215.6,True,1,0,False,False,29.6,-7.541589648798519,42.914285714285725,-15.506756756756756,False,3.7328909166321145,-3.057119871279157,124.6,165.1885,63484989.29,97.4593,,,257251510.51,7.1427,1.9705,0,1102585.8655,1010467215.6,1.0,1.5,PASS,False,0.7796610169491526,124.6,165.1885,1.3,124.6,,132.0746,3.3006,1.9705,1.059988764044944,114.34343529411765,0.0,0.0,25.01,29.6,0,86.25429553264605,,0.4418604651162791,0,1,55.0,13,-4.569463482376567,False,-7.541589648798519,,0.0014569200824058302,False,False,通用机械,124.6,0.563242093809025,50.0,63.376288659793815,1.0,0.0,63.38,Tier1
603938.SH,603938,三孚股份,20170628,主板,956809879.5,73.39732601988342,化学制品,未知,801034.SI,220000,50.58,241.0135,210.0241,7.6184,13.1742,1935314.7058,1935314.7058,1403909057.6,False,5,4,False,True,56.78,25.229017083436478,94.38893159108378,-10.91933779499824,False,73.39732601988342,-3.057119871279157,55.11,72.96,37174047.49,95.6835,,,195426963.01000002,16.2075,1.5414,0,1935314.7058,1403909057.6,1.0,1.5,PASS,False,0.4406779661016949,55.11,72.96,8.2371,55.11,,241.0135,7.6184,1.5414,4.3733170023589185,104.193015625,0.0,10.0,50.58,56.78,0,90.37800687285224,CHASE,1.0,1,1,75.0,23,79.10086370989829,True,25.229017083436478,突破型|OVERHEAT,0.007748222721407763,True,True,化学制品,55.11,-0.0018876767679447328,32.0,71.01340206185567,1.0,10.0,61.01,Tier2
603767.SH,603767,中马传动,20170613,主板,271140412.24999994,30.64949006977993,汽车零部件,未知,801093.SI,280000,24.34,,,5.4967,8.6524,751209.071,751209.071,560158475.6,True,2,2,False,False,24.34,12.476894639556368,12.894248608534319,0.0,False,30.64949006977993,-3.057119871279157,4.54,-42.3,5927062.64,97.6397,,,62518788.26,330.0092,0.4452,0,751209.071,560158475.6,1.0,1.5,PASS,False,0.5932203389830508,4.54,-42.3,-7.975999999999999,2.27,,,5.4967,0.4452,,74.48131470588235,0.0,0.0,24.34,24.34,0,83.8487972508591,CHASE,1.0,1,1,100.0,23,29.511340642156817,True,12.476894639556368,OVERHEAT,0.03287890955431041,True,True,汽车零部件,2.27,0.07909055800991961,50.0,85.15463917525773,1.0,0.0,85.15,Tier2
603289.SH,603289,泰瑞机器,20171031,主板,159931264.85,-7.762180016515274,专用设备,未知,801074.SI,640000,11.17,36.0386,41.7866,2.2035,4.0542,327718.9791,327718.9791,123502877.20000002,True,0,0,False,False,12.97,0.8122743682310363,1.2692656391659174,-13.87818041634542,False,-7.762180016515274,-3.057119871279157,-77.23,8.28,3591487.49,65.2492,,,196680545.58999997,-1025.7045,0.3686,0,327718.9791,123502877.20000002,1.0,1.5,PASS,False,0.6440677966101694,-77.23,8.28,-10.094999999999999,-38.615,ESP-Q,36.0386,2.2035,0.3686,,147.6403775510204,0.0,0.0,11.17,12.97,0,50.0,COV-LOW,0.3148148148148148,0,0,5.0,17,-8.560683990334816,False,0.8122743682310363,,-0.0024582420702867745,False,False,专用设备,-38.615,-0.3540174741419398,32.0,23.9,0.7,0.0,16.73,Other
603110.SH,603110,东方材料,20171013,主板,427849263.5,26.77871148459383,化学制品,未知,801034.SI,220000,22.63,,4096.6897,6.5345,6.773,455376.0945,455376.0945,334748168.8,False,2,1,False,False,27.58,-7.139926138695129,32.88314738696416,-17.947788252356776,False,26.77871148459383,-3.057119871279157,423.56,-157.82,10078029.24,96.6564,,,4923016.74,-33.2387,1.5075,0,455376.0945,334748168.8,1.0,1.5,PASS,False,0.4406779661016949,423.56,-157.82,8.2371,423.56,ESP-Q,,6.5345,1.5075,,104.193015625,0.0,0.0,22.63,27.58,0,51.890034364261176,,0.8947368421052632,1,1,75.0,23,32.482249174608704,True,-7.139926138695129,,-0.019965307054553863,True,False,化学制品,423.56,0.8021056245634234,50.0,63.06701030927835,0.7,0.0,44.15,Other
603226.SH,603226,菲林格尔,20170615,主板,183927011.70000002,29.28348909657319,家用轻工,未知,801142.SI,360000,49.8,,,20.7888,1.7095,1770349.0146,1770349.0146,238888358.0,True,1,0,False,False,52.99,5.174234424498403,71.78337357709555,-6.020003774297045,False,29.28348909657319,-3.057119871279157,1.7169,-98.5888,-14992034.19,,,,-164808419.35999998,,-1.6651,0,1770349.0146,238888358.0,1.0,1.5,PASS,False,0.6271186440677966,1.7169,-98.5888,-14.92,0.85845,,,20.7888,-1.6651,,179.96904166666664,0.0,0.0,49.8,52.99,0,87.7434135166094,CHASE,0.9444444444444444,1,1,100.0,6,23.858457201276387,True,5.174234424498403,,0.0009682346612352958,True,False,家用轻工,0.85845,-0.34217295326269676,32.0,82.72302405498282,1.0,0.0,82.72,Tier2
603916.SH,603916,苏博特,20171110,主板,330421026.34999996,30.78260869565217,化学制品,未知,801034.SI,220000,15.04,52.9906,50.5432,1.5047,7.9322,641151.8777,632172.9977,454632418.00000006,True,0,0,False,False,16.82,0.19986675549632515,18.3320220298977,-10.582639714625452,False,30.78260869565217,-3.057119871279157,20.37,25.54,26303766.22,87.1362,,,257995948.24,325.9283,0.6934,0,641151.8777,454632418.00000006,1.0,1.5,PASS,False,0.4406779661016949,20.37,25.54,8.2371,20.37,,52.9906,1.5047,0.6934,2.601404025527737,104.193015625,0.0,0.0,15.04,16.82,0,80.75601374570446,CHASE,0.9210526315789473,1,1,100.0,23,36.48614638566704,True,0.19986675549632515,,0.003044833450284963,True,False,化学制品,20.37,-0.07769369464893733,32.0,80.62680412371134,1.0,0.0,80.63,Tier2
603683.SH,603683,晶华新材,20171020,主板,343135056.90000004,-0.8928571428571397,化学制品,未知,801034.SI,220000,27.75,90.4559,84.0833,4.7779,4.4503,807996.3532,799670.3542,264212759.8,False,0,0,False,False,30.35,-1.8741159830268805,11.580217129071158,-8.56672158154861,False,-0.8928571428571397,-3.057119871279157,41.38,39.88,26271391.8,102.7809,,,215379697.70999998,144.9123,1.531,0,807996.3532,264212759.8,1.0,1.5,PASS,False,0.4406779661016949,41.38,39.88,8.2371,41.38,,90.4559,4.7779,1.531,2.185981150314161,104.193015625,0.0,0.0,27.75,30.35,0,75.94501718213058,,0.631578947368421,0,0,5.0,23,4.810680547157731,False,-1.8741159830268805,,0.028434995260070862,False,False,化学制品,41.38,-0.0318478559707665,32.0,31.683505154639178,1.0,0.0,31.68,Other
603933.SH,603933,睿能科技,20170706,主板,337662454.05,4.234527687296419,电子制造,未知,801085.SI,270000,25.6,152.0283,94.2952,3.9682,6.8587,531314.112,531314.112,339192221.8,True,1,0,False,False,27.42,-4.406273338312172,10.583153347732189,-6.637490882567465,False,4.234527687296419,-3.057119871279157,170.57,3.82,33573113.35,97.2847,,,134385107.63,53.9984,2.6053,0,531314.112,339192221.8,1.0,1.5,PASS,False,0.5084745762711864,170.57,3.82,-24.905,220.38,ESP-Q,152.0283,3.9682,2.6053,0.8912956557425105,72.22433125,0.0,0.0,25.6,27.42,0,87.7434135166094,,0.4444444444444444,0,1,55.0,11,-0.4324288483175671,False,-4.406273338312172,,0.0002001224969025748,False,False,电子制造,220.38,0.4336933565766247,50.0,63.82302405498282,0.7,0.0,44.68,Other
603286.SH,603286,日盈电子,20170627,主板,340829268.85,-1.6546762589928155,汽车零部件,未知,801093.SI,280000,68.35,,,9.8837,6.6416,803875.8396,790335.0211,366920396.59999996,True,0,0,False,False,71.6,-0.5384167636787063,-2.746158224245887,-4.5391061452513926,False,-1.6546762589928155,-3.057119871279157,28.0828,-2283.76,-6486632.52,,,,-108110536.96,,-0.6874,1,803875.8396,366920396.59999996,1.0,1.5,PASS,False,0.5932203389830508,28.0828,-2283.76,-7.975999999999999,44.0348,ESP-Q,,9.8837,-0.6874,,74.48131470588235,0.0,0.0,68.35,71.6,10,94.38717067583046,,0.43243243243243246,0,0,5.0,23,-2.7928256866159296,False,-0.5384167636787063,,-0.0035618077620209847,False,False,汽车零部件,44.0348,0.23793005773763234,50.0,40.81615120274914,0.7,10.0,18.57,Other
603809.SH,603809,豪能股份,20171128,主板,154496549.39999998,1.2612612612612706,汽车零部件,未知,801093.SI,280000,11.24,37.3238,37.3867,2.7422,2.8782,1034404.6191,1034404.6191,213053251.79999998,True,0,0,False,False,11.77,-2.0905923344947785,-12.800620636152061,-4.502973661852161,False,1.2612612612612706,-3.057119871279157,-5.66,,96698322.42,93.3458,,,348836930.24,34.4902,2.7852,0,1034404.6191,213053251.79999998,1.0,1.5,PASS,False,0.5932203389830508,-5.66,,-7.975999999999999,-2.83,,37.3238,2.7422,2.7852,,74.48131470588235,0.0,0.0,11.24,11.77,0,91.63802978235968,,0.5135135135135135,0,1,55.0,23,0.12311183363815648,False,-2.0905923344947785,,-0.007951955673053566,False,False,汽车零部件,-2.83,0.059694285344628874,50.0,64.9914089347079,1.0,0.0,64.99,Tier2
601162.SH,601162,天风证券,20181019,主板,519217026.75000006,-5.835543766578255,证券,未知,801193.SI,490000,3.55,229.496,271.1418,1.3052,1.9584,3576264.7581,3052279.5183,412057465.8,False,0,0,False,False,3.9,-1.388888888888895,-12.990196078431381,-8.974358974358976,False,-5.835543766578255,-3.057119871279157,-218.61,1245.85,-34316229.02,-15350.3148,,,335118331.46,,0.0008,0,3576264.7581,412057465.8,1.0,1.5,PASS,False,0.03389830508474576,-218.61,1245.85,31.015,-249.625,ESP-Q,229.496,1.3052,0.0008,,30.001145454545455,0.0,0.0,3.55,3.9,0,71.8213058419244,,0.1590909090909091,0,0,5.0,14,-3.9517361409922955,False,-1.388888888888895,,0.005306249992112766,False,False,证券,-249.625,-3.497031908757018,5.0,25.046391752577318,0.7,0.0,17.53,Other
001979.SZ,001979,招商蛇口,20151230,主板,591213045.5999999,-0.5813953488371992,房地产开发,未知,801181.SI,430000,8.55,75.2962,124.8448,0.79,0.7323,7708707.5062,7193613.9216,597658130.8000001,True,0,0,False,False,10.03,-5.733186328555673,-17.231364956437556,-14.755732801595201,False,-0.5813953488371992,-3.057119871279157,-197.09,-93.1,-374921698.66,-958.4224,,,2723590292.5,-752.3679,0.0401,0,7708707.5062,597658130.8000001,1.0,1.5,PASS,False,0.847457627118644,-197.09,-93.1,-7.28,-98.545,ESP-Q,75.2962,0.79,0.0401,,87.53592727272726,0.0,0.0,8.55,10.03,0,65.922107674685,,0.6896551724137931,0,0,5.0,9,3.2647584973166555,False,-5.733186328555673,,-0.012009105673383582,False,False,房地产开发,-98.545,-0.40745869374144167,32.0,28.6766323024055,0.7,0.0,20.07,Other
603757.SH,603757,大元泵业,20170711,主板,839631788.0,10.160132523467702,通用机械,未知,801072.SI,640000,59.85,77.152,95.4602,5.2612,12.0423,1116485.3451,1116485.3451,1146724657.8,True,1,1,False,False,67.56,-3.1553398058252413,39.186046511627914,-11.412078152753114,False,10.160132523467702,-3.057119871279157,-69.08,-38.52,11051708.54,96.4459,,,359347394.84000003,-237.2159,0.5414,0,1116485.3451,1146724657.8,1.0,1.5,PASS,False,0.7796610169491526,-69.08,-38.52,1.3,-70.38,ESP-Q,77.152,5.2612,0.5414,,114.34343529411765,0.0,0.0,59.85,67.56,0,78.23596792668958,,0.5581395348837209,0,1,55.0,13,1.8577781244590206,False,-3.1553398058252413,,0.014517757161669117,False,False,通用机械,-70.38,0.04271171037296291,50.0,60.970790378006875,0.7,0.0,42.68,Other
603458.SH,603458,勘设股份,20170809,主板,226136723.50000003,12.189054726368154,基础建设,未知,801723.SI,620000,13.53,,,1.6066,10.0875,414186.4674,414186.4674,263046137.4,True,0,0,False,False,14.12,1.272455089820368,30.34682080924853,-4.178470254957512,False,12.189054726368154,-3.057119871279157,17.8065,-27.449,-16620522.31,,,,-642055737.06,,-0.6161,0,414186.4674,263046137.4,1.0,1.5,PASS,False,0.0847457627118644,17.8065,-27.449,-7.28,32.3665,ESP-Q,,1.6066,-0.6161,,58.68530769230769,0.0,0.0,13.53,14.12,0,85.33791523482245,,0.8421052631578947,1,1,100.0,6,19.010535132754214,True,1.272455089820368,,-0.01032385460299302,False,False,基础建设,32.3665,-0.15073770038775383,32.0,82.00137457044673,0.7,0.0,57.4,Tier1
601619.SH,601619,嘉泽新能,20170720,主板,465570848.15,-14.35406698564593,电力,未知,801161.SI,410000,5.37,21.8999,25.8129,1.9633,1.9493,1564159.5757,1307426.5082,323387338.00000006,True,0,0,False,False,6.44,-7.5731497418244365,-7.8902229845626115,-16.61490683229814,False,-14.35406698564593,-3.057119871279157,-44.51,12.64,133331339.95,101.5124,,,1914051028.07,151.4878,1.6476,0,1564159.5757,323387338.00000006,1.0,1.5,PASS,False,0.3050847457627119,-44.51,12.64,0.02,-44.53,,21.8999,1.9633,1.6476,,55.30460465116279,0.0,0.0,5.37,6.44,0,87.7434135166094,,0.09090909090909091,0,0,5.0,14,-14.119415000667646,False,-7.5731497418244365,,-0.010409684263140427,False,False,电力,-44.53,-0.6400626876824631,22.0,33.223024054982815,1.0,0.0,33.22,Other
603882.SH,603882,金域医学,20170908,主板,167251990.04999995,-7.935368043087976,医疗服务,未知,801156.SI,370000,25.64,,,1.8709,1.3848,1187794.2171,1179785.0554,130777096.39999999,True,0,0,False,False,28.98,-1.3846153846153841,-17.76779987171263,-11.525189786059354,False,-7.935368043087976,-3.057119871279157,233.95,32.47,51838135.77,121.1439,,,-291077835.40999997,65.535,0.6544,0,1187794.2171,130777096.39999999,1.0,1.5,PASS,False,0.711864406779661,233.95,32.47,17.45,233.95,,,1.8709,0.6544,,76.5296625,0.0,0.0,25.64,28.98,0,71.8213058419244,,0.36363636363636365,0,0,5.0,4,-2.7629542499845403,False,-1.3846153846153841,,-0.0020133492780196765,False,False,医疗服务,233.95,0.5406156748986238,50.0,34.04639175257732,1.0,0.0,34.05,Other
002885.SZ,002885,京泉华,20170627,主板,1201613807.5,65.80645161290322,电子制造,未知,801085.SI,270000,48.83,157.0902,136.6589,8.5748,18.5582,1322887.5547,1158520.1935,1530184467.8000002,True,2,1,False,False,52.6,12.953967152440438,65.63772048846674,-7.167300380228148,False,65.80645161290322,-3.057119871279157,77.59,121.33,28710369.85,93.2794,,,180954022.42000002,99.155,2.0158,0,1322887.5547,1530184467.8000002,1.0,1.5,PASS,False,0.5084745762711864,77.59,121.33,-24.905,127.4,,157.0902,8.5748,2.0158,2.0246191519525714,72.22433125,0.0,10.0,48.83,52.6,0,79.26689576174113,CHASE,0.9722222222222222,1,1,100.0,11,61.13949507728923,True,12.953967152440438,OVERHEAT,0.004386046343811097,True,True,电子制造,127.4,0.11397388237972343,50.0,83.78006872852234,1.0,10.0,73.78,Tier2
603380.SH,603380,易德龙,20170622,主板,157030846.54999998,15.718157181571835,电子制造,未知,801085.SI,270000,42.7,30.8329,32.4763,4.2463,5.129,685083.924,685083.924,306029404.0,False,1,1,False,False,44.98,15.094339622641506,10.5358529640176,-5.068919519786563,False,15.718157181571835,-3.057119871279157,-25.76,20.88,29969864.18,98.1761,,,531854878.92,291.309,1.9061,0,685083.924,306029404.0,1.0,1.5,PASS,False,0.5084745762711864,-25.76,20.88,-24.905,-12.88,,30.8329,4.2463,1.9061,,72.22433125,0.0,0.0,42.7,44.98,0,91.86712485681558,CHASE,0.7777777777777778,1,1,85.0,11,11.051200645957849,True,15.094339622641506,OVERHEAT,-0.004743923451273753,True,True,电子制造,-12.88,-0.36839058137959385,32.0,76.46013745704468,1.0,0.0,76.46,Tier2
002881.SZ,002881,美格智能,20170622,主板,286742848.29999995,16.282018767435957,通信设备,未知,801102.SI,730000,45.85,97.0222,96.7845,5.0794,10.2235,1384705.3045,834132.3606,638883065.8,True,1,1,False,False,46.69,12.986692952193213,-4.399499582985822,-1.799100449775104,False,16.282018767435957,-3.057119871279157,5.95,0.19,47475447.72,101.7592,,,361834747.01,-324.7326,2.107,0,1384705.3045,638883065.8,1.0,1.5,PASS,False,0.9830508474576272,5.95,0.19,4.779999999999999,1.1700000000000008,ESP-Q,97.0222,5.0794,2.107,16.306252100840336,182.74448076923076,0.0,0.0,45.85,46.69,0,96.67812142038946,CHASE,0.825,1,1,100.0,13,17.109765809853787,True,12.986692952193213,OVERHEAT,0.021033222542065133,True,True,通信设备,1.1700000000000008,-0.21644045091753533,32.0,85.40343642611683,0.7,0.0,59.78,Tier2
603305.SH,603305,旭升集团,20170710,主板,639267120.7,10.529715762273906,汽车零部件,未知,801093.SI,280000,17.11,54.1574,50.1056,2.1136,5.5405,1977417.3393,1977417.3393,898616777.6,True,0,0,False,False,17.6,3.3212560386473466,-0.926462072958889,-2.7840909090909194,False,10.529715762273906,-3.057119871279157,39.94,-11.03,113787357.64,90.9062,,,876904185.13,140.3289,1.3456,0,1977417.3393,898616777.6,1.0,1.5,PASS,False,0.5932203389830508,39.94,-11.03,-7.975999999999999,55.891999999999996,ESP-Q,54.1574,2.1136,1.3456,1.3559689534301453,74.48131470588235,0.0,0.0,17.11,17.6,0,89.23253150057275,,0.8108108108108109,1,1,100.0,23,9.391566334650792,True,3.3212560386473466,,0.005377431360422979,False,False,汽车零部件,55.891999999999996,0.2830252507272177,50.0,86.76975945017182,0.7,0.0,60.74,Tier1
603129.SH,603129,春风动力,20170818,主板,338238219.35,-10.18819188191883,其他交运设备,未知,801881.SI,280000,243.39,22.2972,22.1978,4.6671,0.7435,3735616.9687,3735616.9687,370010830.20000005,False,0,0,False,False,285.0,-7.2764676749590524,-0.5353494074376797,-14.600000000000001,False,-10.18819188191883,-3.057119871279157,1.55,9.7,416879132.51,98.6261,,,4299620470.2,-68.457,5.4518,0,3735616.9687,370010830.20000005,1.0,1.5,PASS,False,0.15254237288135594,1.55,9.7,-3.01,0.775,ESP-Q,22.2972,4.6671,5.4518,14.385290322580644,147.43112000000002,0.0,0.0,243.39,285.0,0,75.94501718213058,,0.6666666666666666,0,0,0.0,2,0.23666834934244996,False,-7.2764676749590524,TIER2_FORCED,0.003520275243828002,False,False,其他交运设备,0.775,0.06929332279925562,50.0,32.78350515463917,0.7,0.0,22.95,Tier2
002891.SZ,002891,中宠股份,20170821,主板,377963615.05,-29.69299273494258,食品加工,未知,801124.SI,340000,30.0,26.4484,27.8236,2.8106,2.2472,965693.238,965693.238,199870666.6,False,0,0,False,False,43.24,-3.3193683532065754,-37.66881362975275,-30.619796484736362,False,-29.69299273494258,-3.057119871279157,-24.99,-8.73,66202923.8,90.5543,,,940778734.6,-166.9722,2.3182,0,965693.238,199870666.6,1.0,1.5,PASS,False,0.288135593220339,-24.99,-8.73,8.68,-33.67,ESP-Q,26.4484,2.8106,2.3182,,51.683299999999996,0.0,0.0,30.0,43.24,0,69.3012600229095,,0.058823529411764705,0,0,5.0,6,-33.21039750986513,False,-3.3193683532065754,,-0.01647290467474363,False,False,食品加工,-33.67,-0.21200727805677352,32.0,29.690378006872848,0.7,0.0,20.78,Other
600901.SH,600901,江苏金租,20180301,主板,270285631.3,-8.701854493580596,多元金融,未知,801191.SI,490000,6.4,11.4388,11.2647,1.4332,0.542,3706794.5158,3705889.5558,187504721.4,False,0,0,False,False,7.23,-3.6144578313252906,0.7874015748031704,-11.479944674965425,False,-8.701854493580596,-3.057119871279157,4.65,11.73,804793300.0,97.9264,,,8003213400.0,-171.8412,3.2276,0,3706794.5158,187504721.4,1.0,1.5,PASS,False,0.3220338983050847,4.65,11.73,17.765,-13.115,ESP-Q,11.4388,1.4332,3.2276,2.4599569892473117,44.777813333333334,0.0,0.0,6.4,7.23,0,74.45589919816724,,0.47058823529411764,0,0,5.0,6,-1.8965614879095085,False,-3.6144578313252906,,0.007716445751338956,False,False,多元金融,-13.115,-0.5588619227214806,22.0,29.236769759450176,0.7,0.0,20.47,Other
002897.SZ,002897,意华股份,20170907,主板,1179995894.7500005,-1.7091454272863627,通信设备,未知,801102.SI,730000,65.56,39.9341,43.2429,4.4715,9.1441,1271081.843,1195979.6964,1203532805.1999998,True,0,0,False,False,76.39,-3.7298091042584303,12.491420727522318,-14.177248330933367,False,-1.7091454272863627,-3.057119871279157,-40.36,152.39,37815240.01,93.9053,,,725990922.03,579.3088,1.4304,0,1271081.843,1203532805.1999998,1.0,1.5,PASS,False,0.9830508474576272,-40.36,152.39,4.779999999999999,-45.14,,39.9341,4.4715,1.4304,,182.74448076923076,0.0,0.0,65.56,76.39,0,75.94501718213058,,0.425,0,0,5.0,13,-0.8813983848685314,False,-3.7298091042584303,,-0.02504425242807876,False,False,通信设备,-45.14,-0.3652046398759179,32.0,31.683505154639178,1.0,0.0,31.68,Other
002895.SZ,002895,川恒股份,20170825,主板,352402573.04999995,-11.84174624829467,化学制品,未知,801034.SI,220000,32.31,15.5342,15.7009,2.7918,1.1571,1957683.5235,1922320.5516,240279977.79999998,False,0,0,False,False,38.24,-5.471035693387938,-16.143264988320784,-15.507322175732218,False,-11.84174624829467,-3.057119871279157,-1.56,32.74,186996845.01,99.1445,,,2884324788.71,-242.9663,2.4137,0,1957683.5235,240279977.79999998,1.0,1.5,PASS,False,0.4406779661016949,-1.56,32.74,8.2371,-9.7971,ESP-Q,15.5342,2.7918,2.4137,,104.193015625,0.0,0.0,32.31,38.24,0,87.7434135166094,,0.27631578947368424,0,0,5.0,23,-6.1382085582798,False,-5.471035693387938,,-0.015442942210876578,False,False,化学制品,-9.7971,-0.14352120535756405,32.0,35.223024054982815,0.7,0.0,24.66,Other
603386.SH,603386,骏亚科技,20170912,主板,244113386.35000005,7.986111111111116,元件,未知,801083.SI,270000,15.55,,,3.8764,5.1266,507431.5808,507431.5808,422940519.2,True,1,1,False,False,17.25,-8.096926713947994,5.067567567567566,-9.85507246376811,False,7.986111111111116,-3.057119871279157,-252.7,82.6804,-20551770.5,,,,-14777604.980000004,,-1.55,0,507431.5808,422940519.2,1.0,1.5,PASS,False,0.7457627118644068,-252.7,82.6804,2.79,-255.48999999999998,,,3.8764,-1.55,,204.28836129032257,0.0,0.0,15.55,17.25,0,79.26689576174113,,0.48484848484848486,0,1,55.0,10,-2.857776749996054,False,-8.096926713947994,,0.016553060072062618,False,False,元件,-255.48999999999998,-0.7634313298347916,22.0,55.680068728522336,1.0,0.0,55.68,Tier2
603605.SH,603605,珀莱雅,20171115,主板,245333759.4,-8.251864125932073,化学制品,未知,801034.SI,220000,55.37,14.6387,14.873,3.4499,0.983,2192519.1563,2192519.1563,187746167.4,True,0,0,False,False,62.55,-1.3364219529579446,-24.04663923182443,-11.47881694644285,False,-8.251864125932073,-3.057119871279157,-9.97,-3.23,341157237.18,93.0378,,,3581974117.26,23.8547,5.8449,0,2192519.1563,187746167.4,1.0,1.5,PASS,False,0.4406779661016949,-9.97,-3.23,8.2371,-18.2071,,14.6387,3.4499,5.8449,,104.193015625,10.0,0.0,55.37,62.55,0,65.922107674685,,0.4605263157894737,0,0,5.0,23,-2.548326435917202,False,-1.3364219529579446,,0.009926913026938822,False,False,化学制品,-18.2071,-0.16187263340532304,32.0,28.6766323024055,1.0,0.0,38.68,Other
603083.SH,603083,剑桥科技,20171110,主板,6239430030.849999,11.180740832661161,通信设备,未知,801102.SI,730000,179.19,239.8291,180.3508,8.4663,10.7219,6319142.0338,4938268.0558,5783677688.2,True,2,1,False,False,209.66,-4.74697001913672,76.28135759960648,-14.53305351521511,False,11.180740832661161,-3.057119871279157,285.9,71.09,116923697.09,98.8124,,,750024071.9300001,-225.4181,1.5765,0,6319142.0338,5783677688.2,1.0,1.5,PASS,False,0.9830508474576272,285.9,71.09,4.779999999999999,285.9,ESP-Q,239.8291,8.4663,1.5765,0.8388565932144108,182.74448076923076,0.0,0.0,179.19,209.66,0,65.922107674685,,0.725,1,1,100.0,13,12.008487875078993,True,-4.74697001913672,,-0.003703852660572439,False,False,通信设备,285.9,0.6982135659712635,50.0,79.7766323024055,0.7,0.0,55.84,Tier1
002892.SZ,002892,科力尔,20170817,主板,159223138.05,5.945945945945952,电机,未知,801731.SI,630000,11.76,264.2077,454.6059,6.88,6.7952,875700.215,589321.7476,364009431.8,True,1,1,False,False,11.8,3.703703703703698,-7.909162098668753,-0.3389830508474634,False,5.945945945945952,-3.057119871279157,-156.8,-59.11,-6365723.23,,,,95093549.14,,-0.9117,0,875700.215,364009431.8,1.0,1.5,PASS,False,0.9661016949152542,-156.8,-59.11,-5.324999999999999,-78.4,,264.2077,6.88,-0.9117,,176.7947,0.0,0.0,11.76,11.8,0,82.93241695303551,,0.5,0,1,55.0,4,-0.05258779906666167,False,3.703703703703698,,0.03882967980171063,False,False,电机,-78.4,-0.8518437611471841,22.0,56.779725085910655,1.0,0.0,56.78,Tier2
002920.SZ,002920,德赛西威,20171226,主板,1224464832.9000003,0.5876777251184961,计算机应用,未知,801222.SI,710000,106.12,25.8126,27.1488,4.3931,5.3517,6333340.2279,6331350.4779,1708981696.2,True,1,1,False,False,113.0,1.0666666666666602,-13.46326347549539,-6.088495575221231,False,0.5876777251184961,-3.057119871279157,-4.21,24.05,475908494.76,103.1248,,,5765773433.39,197.2488,3.0185,0,6333340.2279,1708981696.2,1.0,1.5,PASS,False,0.7627118644067796,-4.21,24.05,-4.9399999999999995,-2.105,,25.8126,4.3931,3.0185,,143.4918742857143,10.0,0.0,106.12,113.0,0,97.2508591065292,,0.6923076923076923,0,1,55.0,16,4.570399922518364,False,1.0666666666666602,,0.0015779455098904763,False,False,计算机应用,-2.105,-0.03476479180117355,32.0,63.07525773195876,1.0,0.0,73.08,Tier2
603499.SH,603499,翔港科技,20171016,主板,164781785.0,-4.7118023787740215,包装印刷,未知,801141.SI,360000,20.83,54.2104,59.6295,6.8094,2.4267,630304.1144,630304.1144,149926736.2,True,1,1,False,False,23.76,-3.8319482917820946,-10.021598272138233,-12.331649831649848,False,-4.7118023787740215,-3.057119871279157,-27.34,90.76,29288727.69,95.6618,,,311176863.2,128.2023,3.3631,0,630304.1144,149926736.2,1.0,1.5,PASS,False,0.9152542372881356,-27.34,90.76,0.78,-28.12,,54.2104,6.8094,3.3631,,151.91444,10.0,0.0,20.83,23.76,0,82.2451317296678,,0.42105263157894735,0,0,5.0,6,-0.3021295480485575,False,-3.8319482917820946,,0.011592195734543138,False,False,包装印刷,-28.12,-0.35505104849670815,32.0,33.57353951890034,1.0,0.0,43.57,Other
603659.SH,603659,璞泰来,20171103,主板,2145622175.2999997,-12.424075096631693,其他电子,未知,801082.SI,270000,31.72,28.7262,26.3128,3.3046,2.4689,6776657.8691,6776657.8691,1465368159.2,True,0,0,False,False,37.66,-1.5212666873641756,12.164073550212162,-15.772703133297927,False,-12.424075096631693,-3.057119871279157,38.23,108.74,655246331.62,93.0686,,,5456922545.849999,105.6411,3.3992,0,6776657.8691,1465368159.2,1.0,1.5,PASS,False,0.8135593220338984,38.23,108.74,16.535,38.23,,28.7262,3.3046,3.3992,0.7514046560292964,108.22777500000001,10.0,0.0,31.72,37.66,0,98.73997709049256,,0.16666666666666666,0,0,5.0,6,-10.536072209614645,False,-1.5212666873641756,,0.004297316002125478,False,False,其他电子,38.23,-0.3920886473823483,32.0,38.521993127147766,1.0,0.0,48.52,Other
603283.SH,603283,赛腾股份,20171225,主板,1116964516.0,32.67326732673268,专用设备,未知,801074.SI,640000,67.0,37.4586,35.7836,5.1002,11.2845,1816866.0211,1816866.0211,1899185750.9999998,True,1,0,False,False,72.72,9.477124183006524,40.49066890333404,-7.865786578657863,False,32.67326732673268,-3.057119871279157,46.57,-12.0,88987108.14,97.7193,,,1027808135.2099999,-23.9275,2.5866,0,1816866.0211,1899185750.9999998,1.0,1.5,PASS,False,0.6440677966101694,46.57,-12.0,-10.094999999999999,66.75999999999999,ESP-Q,37.4586,5.1002,2.5866,0.804350440197552,147.6403775510204,0.0,0.0,67.0,72.72,0,92.43986254295532,CHASE,0.9629629629629629,1,1,100.0,17,31.874763352913135,True,9.477124183006524,OVERHEAT,-0.007331115568834412,True,True,专用设备,66.75999999999999,0.004215266631414386,50.0,87.73195876288659,0.7,0.0,61.41,Tier2
600025.SH,600025,华能水电,20171215,主板,353990228.45000005,-5.182926829268286,电力,未知,801161.SI,410000,9.33,20.4404,20.3566,2.4499,0.2285,17382810.9418,17382810.9418,472473431.00000006,False,0,0,False,False,9.95,-1.8927444794952675,3.436807095343686,-6.23115577889447,False,-5.182926829268286,-3.057119871279157,1.33,2.65,1540823154.93,99.8421,,,22243386210.29,185.548,1.8468,0,17382810.9418,472473431.00000006,1.0,1.5,PASS,False,0.3050847457627119,1.33,2.65,0.02,1.33,,20.4404,2.4499,1.8468,15.368721804511278,55.30460465116279,0.0,0.0,9.33,9.95,0,71.8213058419244,,0.18181818181818182,0,0,5.0,14,-4.948274844290001,False,-1.8927444794952675,,0.002750525214752821,False,False,电力,1.33,-0.010812301880526658,32.0,30.44639175257732,1.0,0.0,30.45,Other
002970.SZ,002970,锐明技术,20191217,主板,650791556.3999999,11.300406376992811,计算机设备,未知,801101.SI,710000,71.21,34.0007,39.984,6.4182,6.6174,1301113.9565,891339.2729,431882064.8,False,0,0,False,False,80.3,-3.142002176278569,-7.567497403946022,-11.320049813200505,False,11.300406376992811,-3.057119871279157,-45.64,29.58,43748124.64,100.6554,,,817726159.39,-607.895,2.0658,0,1301113.9565,431882064.8,1.0,1.5,PASS,False,0.7288135593220338,-45.64,29.58,7.12,-52.76,ESP-Q,34.0007,6.4182,2.0658,,116.38087647058823,0.0,0.0,71.21,80.3,0,91.86712485681558,,0.7083333333333334,1,1,75.0,8,13.186228887815322,True,-3.142002176278569,,-0.007589780237924663,False,False,计算机设备,-52.76,-0.41636913022086114,32.0,71.46013745704468,0.7,0.0,50.02,Tier2
603103.SH,603103,横店影视,20171012,主板,200942891.8,-18.32374691865243,文化传媒,未知,801761.SI,720000,19.88,79.1889,,9.8636,0.9086,1260789.6,1260789.6,97545434.19999999,True,0,0,False,False,24.99,-1.4866204162537255,-43.03724928366762,-20.44817927170868,False,-18.32374691865243,-3.057119871279157,-92.5,137.9342,24410842.74,60.841,,,429046260.71999997,313.1056,3.189,0,1260789.6,97545434.19999999,1.0,1.5,PASS,False,0.864406779661017,-92.5,137.9342,-15.175,-46.25,ESP-Q,79.1889,9.8636,3.189,,118.69075000000001,0.0,0.0,19.88,24.99,0,59.67926689576174,,0.125,0,0,5.0,5,-17.121291199225425,False,-1.4866204162537255,,0.0006545668003103786,False,False,文化传媒,-46.25,-0.17384240600523815,32.0,26.80378006872852,0.7,0.0,18.76,Other
003036.SZ,003036,泰坦股份,20210128,主板,640721384.35,72.21213221939699,专用设备,未知,801074.SI,640000,47.41,216.5659,209.7832,7.2207,8.2316,1025402.6147,1025376.3021,614540023.8,True,4,2,False,True,49.41,10.641773628938145,163.09655937846833,-4.047763610605138,False,72.21213221939699,-3.057119871279157,29.85,-71.18,14550827.28,70.9415,,,71179277.43,-665.578,1.3752,0,1025402.6147,614540023.8,1.0,1.5,PASS,False,0.6440677966101694,29.85,-71.18,-10.094999999999999,50.04,ESP-Q,216.5659,7.2207,1.3752,7.255139028475711,147.6403775510204,0.0,0.0,47.41,49.41,0,87.17067583046965,CHASE,1.0,1,1,100.0,17,71.41362824557746,True,10.641773628938145,突破型|OVERHEAT,0.007306163365593505,True,True,专用设备,50.04,-0.052626028037439515,32.0,82.55120274914088,0.7,0.0,57.79,Tier2
002921.SZ,002921,联诚精密,20171227,主板,248389046.75000003,17.138171381713807,汽车零部件,未知,801093.SI,280000,28.57,,,3.2454,4.376,425607.6528,366962.0224,193092695.6,True,0,0,False,False,33.26,-7.868429538858434,19.340016708437744,-14.10102224894768,False,17.138171381713807,-3.057119871279157,81.63,8.15,-1772820.74,,,,-81498011.56,,-0.0723,0,425607.6528,193092695.6,1.0,1.5,PASS,False,0.5932203389830508,81.63,8.15,-7.975999999999999,97.582,,,3.2454,-0.0723,,74.48131470588235,0.0,0.0,28.57,33.26,0,83.8487972508591,CHASE,0.8783783783783784,1,1,100.0,23,16.00002195409069,True,-7.868429538858434,,-0.015788995048596342,True,False,汽车零部件,97.582,0.4415802717891728,50.0,85.15463917525773,1.0,0.0,85.15,Tier2
002903.SZ,002903,宇环数控,20171013,主板,576796977.55,32.62875855909495,通用机械,未知,801072.SI,640000,44.55,,,8.965,8.1382,698089.59,475195.4663,587033143.6,True,3,0,False,False,50.11,-6.799163179916324,98.08803912850155,-11.095589702654163,False,32.62875855909495,-3.057119871279157,-1984.85,-1830.33,-11625261.2,,,,-49647740.46,,-1.105,0,698089.59,587033143.6,1.0,1.5,PASS,False,0.7796610169491526,-1984.85,-1830.33,1.3,-1986.1499999999999,,,8.965,-1.105,,114.34343529411765,0.0,0.0,44.55,50.11,0,88.88888888888889,CHASE,0.8837209302325582,1,1,100.0,13,24.326404160086266,True,-6.799163179916324,,-0.01687209657580666,True,False,通用机械,-1510.412,-3.8016846847455077,5.0,77.66666666666666,1.0,0.0,77.67,Tier2
002896.SZ,002896,中大力德,20170829,主板,734683768.5999999,10.096418732782396,通用机械,未知,801072.SI,640000,79.93,250.5033,278.6609,13.0377,9.5798,1570805.7013,1570805.7013,1117043578.1999998,True,0,0,False,False,83.12,-0.831265508684853,-7.263023552616299,-3.8378248315688146,False,10.096418732782396,-3.057119871279157,-43.19,-20.27,6804036.91,61.5081,,,135527664.23,-83.015,0.9193,0,1570805.7013,1117043578.1999998,1.0,1.5,PASS,False,0.7796610169491526,-43.19,-20.27,1.3,-44.489999999999995,ESP-Q,250.5033,13.0377,0.9193,,114.34343529411765,0.0,10.0,79.93,83.12,0,50.0,COV-LOW,0.5348837209302325,0,1,55.0,13,1.794064333773715,False,-0.831265508684853,,-0.01120668909987103,False,False,通用机械,-44.489999999999995,0.1118292179489176,50.0,52.5,0.7,10.0,26.75,Other
603893.SH,603893,瑞芯微,20200207,主板,2144585277.8000002,7.325187862100613,半导体,未知,801081.SI,270000,187.1,75.742,67.923,16.6886,5.2974,7876808.966,7875274.746,3280682250.6,True,0,0,False,False,203.0,8.175300647548568,1.491727691890432,-7.832512315270934,False,7.325187862100613,-3.057119871279157,53.84,87.39,319900584.29,97.1767,,,2600554944.56,106.9377,7.2332,0,7876808.966,3280682250.6,1.0,1.5,PASS,False,0.8813559322033898,53.84,87.39,21.265,53.84,,75.742,16.6886,7.2332,1.4067979197622584,141.87467999999998,0.0,0.0,187.1,203.0,0,89.46162657502865,,0.17391304347826086,0,1,55.0,7,-13.682633145720402,False,8.175300647548568,OVERHEAT,-0.0052503195029021885,False,True,半导体,53.84,-0.06532258072841764,32.0,60.738487972508594,1.0,0.0,60.74,Tier2
603655.SH,603655,朗博科技,20171229,主板,173033656.7,-1.5196078431372495,汽车零部件,未知,801093.SI,280000,40.18,94.1315,98.6528,7.3963,2.5306,425908.0,425908.0,96823646.60000001,False,1,0,False,False,51.9,-1.7363658596233789,-2.452051468803107,-22.581888246628136,False,-1.5196078431372495,-3.057119871279157,-22.66,77.88,7581784.13,92.2053,,,100972797.69,59.2079,1.4382,0,425908.0,96823646.60000001,1.0,1.5,PASS,False,0.5932203389830508,-22.66,77.88,-7.975999999999999,-11.33,,94.1315,7.3963,1.4382,,74.48131470588235,0.0,0.0,40.18,51.9,0,43.06987399770905,,0.44594594594594594,0,0,5.0,23,-2.6577572707603636,False,-1.7363658596233789,,0.0009583401412423396,False,False,汽车零部件,-11.33,0.02736716423581096,50.0,25.420962199312715,1.0,0.0,25.42,Other
603829.SH,603829,洛凯股份,20171017,主板,205938837.7,-11.935483870967733,高低压设备,未知,801734.SI,630000,24.57,57.4177,83.1957,3.064,3.4426,457655.9527,457655.9527,128065129.0,True,0,0,False,False,30.19,-7.943049831397531,0.7793273174733439,-18.615435574693606,False,-11.935483870967733,-3.057119871279157,-96.1,,1049937.8,32.4512,,,70438810.36,-12399.3659,0.2168,0,457655.9527,128065129.0,1.0,1.5,PASS,False,0.4745762711864407,-96.1,,10.365,-106.46499999999999,ESP-Q,57.4177,3.064,0.2168,,142.6951,0.0,0.0,24.57,30.19,0,47.07903780068728,,0.2903225806451613,0,0,5.0,10,-6.45685653803576,False,-7.943049831397531,,0.0038110298885442135,False,False,高低压设备,-106.46499999999999,-0.8700440531417084,22.0,21.023711340206184,0.7,0.0,14.72,Other
002922.SZ,002922,伊戈尔,20171229,主板,1091639395.4,4.646413071227973,电子制造,未知,801085.SI,270000,40.99,86.7379,76.5478,4.576,9.7293,1736856.6615,1539185.9034,1363239501.0,False,1,1,False,False,46.0,-3.11982982746396,-10.247427195095248,-10.89130434782608,False,4.646413071227973,-3.057119871279157,89.82,-26.32,52261546.86,76.101,,,497636547.90999997,-243.4117,1.8125,0,1736856.6615,1363239501.0,1.0,1.5,PASS,False,0.5084745762711864,89.82,-26.32,-24.905,139.63,ESP-Q,86.7379,4.576,1.8125,0.9656858160765976,72.22433125,0.0,0.0,40.99,46.0,0,80.41237113402062,,0.5,0,1,40.0,11,-0.020543464386013177,False,-3.11982982746396,,-0.007456011838623928,False,False,电子制造,139.63,0.15602775600231,50.0,54.123711340206185,0.7,0.0,37.89,Other
603912.SH,603912,佳力图,20171101,主板,467084816.25,-1.6129032258064502,专用设备,未知,801074.SI,640000,10.37,,,3.2653,7.669,561920.4863,561920.4863,358308900.99999994,True,1,0,False,False,12.18,-10.371650821089029,9.73544973544973,-14.860426929392457,False,-1.6129032258064502,-3.057119871279157,-37.1105,-513.7,-23242831.06,,,,-173214291.1,,-1.1394,1,561920.4863,358308900.99999994,1.0,1.5,PASS,False,0.6440677966101694,-37.1105,-513.7,-10.094999999999999,-18.55525,,,3.2653,-1.1394,,147.6403775510204,0.0,0.0,10.37,12.18,10,71.1340206185567,,0.46296296296296297,0,0,5.0,17,-2.4114071996259923,False,-10.371650821089029,,-0.002000536464501341,False,False,专用设备,-18.55525,-0.28582236883490975,32.0,30.24020618556701,1.0,10.0,20.24,Other
002915.SZ,002915,中欣氟材,20171205,主板,382516573.84999996,2.4186046511627923,化学制品,未知,801034.SI,220000,22.02,392.2256,688.9712,4.9653,11.3985,738271.8727,634339.2233,832067760.8000001,True,2,1,False,False,25.41,-4.716572912159234,-4.344048653344923,-13.341204250295158,False,2.4186046511627923,-3.057119871279157,-329.39,103.58,-6067283.92,,,,8972263.41,,-0.356,0,738271.8727,832067760.8000001,1.0,1.5,PASS,False,0.4406779661016949,-329.39,103.58,8.2371,-337.6271,,392.2256,4.9653,-0.356,,104.193015625,0.0,0.0,22.02,25.41,0,96.33447880870561,,0.6710526315789473,0,1,55.0,23,8.122142341177664,True,-4.716572912159234,,0.013377780835755262,False,False,化学制品,-337.6271,-0.8588777638470806,22.0,60.80034364261168,1.0,0.0,60.8,Tier2
002939.SZ,002939,长城证券,20181026,主板,398704779.00000006,-0.7751937984495916,证券,未知,801193.SI,490000,8.96,15.3719,15.2712,1.108,1.7645,3614846.5526,3227983.0294,455377930.59999996,False,0,0,False,False,10.09,-2.3965141612200314,-7.438016528925607,-11.19920713577799,False,-0.7751937984495916,-3.057119871279157,2.85,49.28,621269282.26,100.0796,,,6281590042.2300005,595.1991,1.9249,0,3614846.5526,455377930.59999996,1.0,1.5,PASS,False,0.03389830508474576,2.85,49.28,31.015,-28.165,,15.3719,1.108,1.9249,5.393649122807018,30.001145454545455,0.0,0.0,8.96,10.09,0,69.3012600229095,,0.6590909090909091,0,0,5.0,14,1.1086138271363677,False,-2.3965141612200314,,-0.027501241935325885,False,False,证券,-28.165,-0.5086279885865598,22.0,27.690378006872848,1.0,0.0,27.69,Other
002913.SZ,002913,奥士康,20171201,主板,423097329.55,2.798434442270059,元件,未知,801083.SI,270000,52.53,54.1427,78.2374,3.7632,3.0681,1667094.7275,1584752.219,380658615.6,False,0,0,False,False,59.99,1.2333783002505205,24.24314096499527,-12.435405900983499,False,2.798434442270059,-3.057119871279157,-83.65,-9.35,17595186.2,100.8299,,,779190040.02,1395.4819,0.3934,0,1667094.7275,380658615.6,1.0,1.5,PASS,False,0.7457627118644068,-83.65,-9.35,2.79,-86.44000000000001,,54.1427,3.7632,0.3934,,204.28836129032257,0.0,0.0,52.53,59.99,0,91.86712485681558,,0.36363636363636365,0,1,40.0,10,-8.045453418837111,False,1.2333783002505205,,0.0056078332235805686,False,False,元件,-86.44000000000001,-0.43116338223922474,32.0,53.960137457044674,1.0,0.0,53.96,Tier2
002925.SZ,002925,盈趣科技,20180115,主板,237640570.85000002,0.0,电子制造,未知,801085.SI,270000,20.12,26.9051,26.152,3.0049,2.2215,1552598.1346,1470868.8134,220556457.0,False,0,0,False,False,21.52,-2.754954084098604,-7.238358690640845,-6.505576208178432,False,0.0,-3.057119871279157,-18.93,-7.12,60182837.1,64.5347,,,578835480.61,140.3639,1.8207,1,1552598.1346,220556457.0,1.0,1.5,PASS,False,0.5084745762711864,-18.93,-7.12,-24.905,-9.465,ESP-Q,26.9051,3.0049,1.8207,,72.22433125,0.0,0.0,20.12,21.52,10,89.23253150057275,,0.3611111111111111,0,1,40.0,11,-4.666956535613986,False,-2.754954084098604,,0.009501195294846495,False,False,电子制造,-9.465,-0.35664781944818474,32.0,53.169759450171824,0.7,10.0,27.22,Other
002945.SZ,002945,华林证券,20190117,主板,197821705.34999996,-2.9562982005141403,证券,未知,801193.SI,490000,15.1,80.5363,82.0387,5.5451,0.9411,4077000.0,4077000.0,184707432.8,True,0,0,False,False,16.39,0.3989361702127603,-18.68605277329025,-7.870652837095793,False,-2.9562982005141403,-3.057119871279157,-12.22,24.29,93093428.87,99.2884,,,1255606511.93,6644.9057,1.2834,0,4077000.0,184707432.8,1.0,1.5,PASS,False,0.03389830508474576,-12.22,24.29,31.015,-43.235,,80.5363,5.5451,1.2834,,30.001145454545455,0.0,0.0,15.1,16.39,0,75.94501718213058,,0.38636363636363635,0,0,5.0,14,-1.072490574928181,False,0.3989361702127603,,-0.009933493200571304,False,False,证券,-43.235,-0.7119841119360081,22.0,29.683505154639178,1.0,0.0,29.68,Other
600903.SH,600903,贵州燃气,20171107,主板,415372396.2,60.096153846153854,燃气,未知,801163.SI,410000,9.99,243.7765,149.2245,3.7537,14.1144,1148859.3986,1148859.3986,1271192654.2,True,4,4,False,True,10.66,24.71910112359552,51.13464447806353,-6.285178236397748,False,60.096153846153854,-3.057119871279157,48.56,-47.48,97570088.15,96.2416,,,245195355.68,180.4852,3.1965,0,1148859.3986,1271192654.2,1.0,1.5,PASS,False,0.1864406779661017,48.56,-47.48,-5.75,60.06,ESP-Q,243.7765,3.7537,3.1965,5.020109143327842,185.42465714285714,0.0,0.0,9.99,10.66,0,71.8213058419244,CHASE,1.0,1,1,100.0,3,69.00884323350965,True,24.71910112359552,突破型|OVERHEAT,0.009444854798365926,True,True,燃气,60.06,1.6523551298175416,68.0,85.14639175257732,0.7,0.0,59.6,Tier2
601456.SH,601456,国联民生,20200731,主板,254482054.64999998,-0.3232758620689613,证券,未知,801193.SI,490000,9.25,26.1561,24.6747,0.9823,0.9228,5254548.3456,4048707.9957,225543030.8,True,0,0,False,False,9.74,-0.8574490889603492,-5.030800821355241,-5.030800821355241,False,-0.3232758620689613,-3.057119871279157,28.34,412.38,484473835.7,97.5276,,,5278281413.89,878.3636,0.9374,0,5254548.3456,225543030.8,1.0,1.5,PASS,False,0.03389830508474576,28.34,412.38,31.015,-2.6750000000000007,,26.1561,0.9823,0.9374,0.922939308398024,30.001145454545455,0.0,0.0,9.25,9.74,0,87.17067583046965,,0.7045454545454546,1,1,100.0,14,1.560531763516998,False,-0.8574490889603492,,0.004155925183947157,False,False,证券,-2.6750000000000007,-0.16466331810365112,32.0,82.55120274914088,1.0,0.0,82.55,Tier2
002989.SZ,002989,中天精装,20200610,主板,341356602.9500001,19.43585780525503,装修装饰,未知,801722.SI,620000,30.91,,,4.4716,8.936,623191.4735,566693.4028,524751013.20000005,True,2,0,False,False,35.67,-4.687018193031145,9.765625,-13.344547238575831,False,19.43585780525503,-3.057119871279157,-50.7,52.37,-16276503.73,,,,-336871028.96,,-0.6229,0,623191.4735,524751013.20000005,1.0,1.5,PASS,False,0.3898305084745763,-50.7,52.37,9.255,-59.955000000000005,,,4.4716,-0.6229,,57.39425,0.0,0.0,30.91,35.67,0,87.17067583046965,CHASE,1.0,1,1,100.0,2,12.82107181303711,True,-4.687018193031145,,-0.0036436138977079635,True,False,装修装饰,-59.955000000000005,-1.2061795293339763,22.0,80.55120274914088,1.0,0.0,80.55,Tier2
002916.SZ,002916,深南电路,20171213,主板,3563053055.7500005,16.43923746317679,元件,未知,801083.SI,270000,343.88,71.5074,64.4485,12.9483,2.1495,23423956.8689,22861467.3666,3539713140.8,True,0,0,False,False,366.0,6.382057231245164,46.33191489361701,-6.043715846994536,False,16.43923746317679,-3.057119871279157,75.04,78.96,849446715.47,99.9078,,,7410514171.150001,26.2363,4.8254,0,23423956.8689,3539713140.8,1.0,1.5,PASS,False,0.7457627118644068,75.04,78.96,2.79,75.04,,71.5074,12.9483,4.8254,0.9529237739872068,204.28836129032257,0.0,0.0,343.88,366.0,0,89.46162657502865,CHASE,0.6666666666666666,0,1,65.0,10,5.595349602069621,True,6.382057231245164,,-0.00012624186757550322,True,False,元件,75.04,-0.113774277372427,32.0,65.7384879725086,1.0,0.0,65.74,Tier2
603486.SH,603486,科沃斯,20180528,主板,686461962.35,6.899781454886056,白色家电,未知,801111.SI,330000,68.48,22.547,23.4805,4.2726,2.5213,3964461.6909,3926317.6461,896060929.6000001,False,1,0,False,False,71.0,5.111281657712974,-3.35873553485746,-3.549295774647887,False,6.899781454886056,-3.057119871279157,11.46,126.14,396566358.11,97.9722,,,4160910904.6900005,43.5343,4.3902,0,3964461.6909,896060929.6000001,1.0,1.5,PASS,False,0.23728813559322035,11.46,126.14,-17.555,5.73,,22.547,4.2726,4.3902,1.9674520069808028,53.917895,0.0,0.0,68.48,71.0,0,82.93241695303551,,0.6666666666666666,0,1,40.0,8,4.7278723533413665,False,5.111281657712974,,0.005960978568723005,False,False,白色家电,5.73,-0.12358295632536269,32.0,51.279725085910655,1.0,0.0,51.28,Tier2
603225.SH,603225,新凤鸣,20170418,主板,352594006.49999994,-4.595060310166577,化学纤维,未知,801032.SI,220000,16.61,27.3606,25.8108,1.3248,0.9878,2786317.1686,2771454.3745,320341810.79999995,True,0,0,False,False,19.28,-2.4662360540223194,-20.335731414868118,-13.84854771784233,False,-4.595060310166577,-3.057119871279157,93.87,-6.9,504738043.7,137.3164,,,2178267792.4300003,-576.8684,1.8849,0,2786317.1686,320341810.79999995,1.0,1.5,PASS,False,0.6610169491525424,93.87,-6.9,33.59,93.87,ESP-Q,27.3606,1.3248,1.8849,0.2914733141578779,122.71699000000001,0.0,0.0,16.61,19.28,0,71.8213058419244,,0.8,1,0,55.0,4,3.497509760766569,False,-2.4662360540223194,,0.007080936674514539,False,False,化学纤维,93.87,0.26678135392778835,50.0,59.04639175257732,0.7,0.0,41.33,Other
002995.SZ,002995,天地在线,20200805,主板,204445818.89999998,-13.705583756345185,营销传播,未知,801751.SI,720000,20.4,,,4.512,7.1522,362007.1392,229331.1043,216793290.79999998,True,0,0,False,False,24.1,-9.009812667261386,-23.823749066467524,-15.352697095435698,False,-13.705583756345185,-3.057119871279157,96.95,-88.68,-538883.28,,,,-208475963.85,,-0.0424,0,362007.1392,216793290.79999998,1.0,1.5,PASS,False,1.0,96.95,-88.68,20.09,96.95,ESP-Q,,4.512,-0.0424,,185.31451428571427,0.0,0.0,20.4,24.1,0,87.17067583046965,,0.2222222222222222,0,0,5.0,3,-7.225136828970879,False,-9.009812667261386,,0.012523589292066617,False,False,营销传播,96.95,-0.0785784316253471,32.0,35.05120274914089,0.7,0.0,24.54,Other
603897.SH,603897,长城科技,20180410,主板,644707358.2,8.17120622568095,高低压设备,未知,801734.SI,630000,55.6,36.383,37.6136,4.5264,5.9169,1147782.3864,1147782.3864,664250045.4,True,1,0,False,False,60.6,-1.7667844522968212,108.4739407574053,-8.25082508250825,False,8.17120622568095,-3.057119871279157,-17.25,34.74,43641281.56,97.8338,,,698708070.8199999,281.9931,1.7706,0,1147782.3864,664250045.4,1.0,1.5,PASS,False,0.4745762711864407,-17.25,34.74,10.365,-27.615000000000002,,36.383,4.5264,1.7706,,142.6951,0.0,0.0,55.6,60.6,0,59.67926689576174,,0.7419354838709677,1,1,100.0,10,13.649833558612922,True,-1.7667844522968212,,0.0040382534263754,False,False,高低压设备,-27.615000000000002,-0.2671148271501113,32.0,74.30378006872851,1.0,0.0,74.3,Tier2
603890.SH,603890,春秋电子,20171212,主板,854428390.9499999,5.454545454545445,电子制造,未知,801085.SI,270000,20.88,32.7465,30.5557,2.8266,17.9111,932935.9413,932935.9413,815431374.0,True,1,1,False,False,22.51,4.087736789631102,35.408560311284035,-7.241226121723687,False,5.454545454545445,-3.057119871279157,82.87,169.55,58772640.76,96.7859,,,558098130.9300001,344.1233,1.8163,1,932935.9413,815431374.0,1.0,1.5,PASS,False,0.5084745762711864,82.87,169.55,-24.905,132.68,,32.7465,2.8266,1.8163,0.3951550621455291,72.22433125,0.0,0.0,20.88,22.51,10,77.20504009163804,,0.6388888888888888,0,1,55.0,11,0.7875889189314593,False,4.087736789631102,,0.007680339793648103,False,False,电子制造,132.68,0.13212960214483033,50.0,60.66151202749141,1.0,10.0,50.66,Tier2
603666.SH,603666,亿嘉和,20180612,主板,167374511.49999997,14.712471994025389,通用机械,未知,801072.SI,640000,30.72,,,2.9802,3.5054,631389.4502,631389.4502,199866740.8,False,0,0,False,False,31.9,0.39215686274509665,-3.4872761545711617,-3.699059561128526,False,14.712471994025389,-3.057119871279157,-1107.55,69.3156,-52885358.15,,,,-192434076.61,,-2.3757,0,631389.4502,199866740.8,1.0,1.5,PASS,False,0.7796610169491526,-1107.55,69.3156,1.3,-1108.85,,,2.9802,-2.3757,,114.34343529411765,0.0,0.0,30.72,31.9,0,71.8213058419244,,0.627906976744186,0,1,40.0,13,6.4101175950167075,True,0.39215686274509665,,-0.010187236227412895,False,False,通用机械,-1108.85,-2.7296505179932664,5.0,42.54639175257732,1.0,0.0,42.55,Other
603596.SH,603596,伯特利,20180427,主板,630703573.2,-28.509343763581064,汽车零部件,未知,801093.SI,280000,32.9,22.5534,22.5831,3.7713,7.2896,2953233.7773,2953233.7773,882860707.0,True,0,0,False,False,48.57,3.296703296703285,-36.116504854368934,-32.2627136092238,False,-28.509343763581064,-3.057119871279157,-4.48,9.63,253843704.56,94.4916,,,2334072436.45,38.4731,3.3063,0,2953233.7773,882860707.0,1.0,1.5,PASS,False,0.5932203389830508,-4.48,9.63,-7.975999999999999,-2.24,,22.5534,3.7713,3.3063,,74.48131470588235,10.0,0.0,32.9,48.57,0,79.49599083619702,,0.013513513513513514,0,0,5.0,23,-29.647493191204177,False,3.296703296703285,,0.018691589949485683,False,False,汽车零部件,-2.24,0.061938167868652694,50.0,36.34879725085911,1.0,0.0,46.35,Other
603105.SH,603105,芯能科技,20180709,主板,260799914.3,-23.076923076923084,电力,未知,801161.SI,410000,9.2,22.9137,26.2161,2.1405,3.1213,460010.0317,460010.0317,154379844.2,False,0,0,False,False,12.34,-7.8156312625250575,-8.457711442786087,-25.44570502431118,False,-23.076923076923084,-3.057119871279157,-92.16,,2082501.22,90.9927,,,289048778.18,114.8427,0.1005,0,460010.0317,154379844.2,1.0,1.5,PASS,False,0.3050847457627119,-92.16,,0.02,-92.17999999999999,,22.9137,2.1405,0.1005,,55.30460465116279,0.0,0.0,9.2,12.34,0,95.53264604810997,,0.045454545454545456,0,0,5.0,14,-22.8422710919448,False,-7.8156312625250575,,-0.01000292330858939,False,False,电力,-92.17999999999999,-1.2938738713602271,22.0,35.55979381443299,1.0,0.0,35.56,Other
603516.SH,603516,淳中科技,20180202,主板,1381999621.7,-18.183673469387763,计算机设备,未知,801101.SI,710000,120.27,87.43,82.6347,14.3502,4.2324,2444707.5915,2444707.5915,1324362130.2,True,1,0,False,False,167.48,2.3661588220273977,-22.631071083949816,-28.188440410795312,False,-18.183673469387763,-3.057119871279157,17.19,-148.14,-13483539.3,-788.5848,,,-126766643.61,-1517.2101,0.1004,0,2444707.5915,1324362130.2,1.0,1.5,PASS,False,0.7288135593220338,17.19,-148.14,7.12,17.19,ESP-Q,87.43,14.3502,0.1004,5.0860965677719605,116.38087647058823,0.0,0.0,120.27,167.48,0,92.55441008018327,,0.125,0,0,5.0,8,-16.297850958565252,False,2.3661588220273977,,-0.0058845083850631264,False,False,计算机设备,17.19,-0.26177756817734404,32.0,36.66632302405498,0.7,0.0,25.67,Other
002931.SZ,002931,锋龙股份,20180403,主板,696931565.1,-12.51639224828791,汽车零部件,未知,801093.SI,280000,60.04,578.2256,731.7232,13.7458,9.358,1311909.1594,1208326.1821,694700787.6,True,1,1,False,False,72.01,2.5623505295524485,-33.17751808569839,-16.622691292876002,False,-12.51639224828791,-3.057119871279157,-59.19,527.86,2749334.88,82.9779,,,53568435.62,-244.6094,0.3477,0,1311909.1594,694700787.6,1.0,1.5,PASS,False,0.5932203389830508,-59.19,527.86,-7.975999999999999,-29.595,ESP-Q,578.2256,13.7458,0.3477,,74.48131470588235,0.0,0.0,60.04,72.01,0,91.63802978235968,,0.0945945945945946,0,0,5.0,23,-13.654541675911025,False,2.5623505295524485,,-0.0007527845080932568,False,False,汽车零部件,-29.595,-0.042098114240960695,32.0,36.391408934707904,0.7,0.0,25.47,Other
603773.SH,603773,沃格光电,20180417,主板,2035514236.5499995,38.472056058793356,光学光电子,未知,801084.SI,270000,81.02,,,17.2418,16.1884,1820816.2006,1820184.2446,1742660580.8,True,4,1,False,True,88.88,8.041072142952398,125.18065591995553,-8.843384338433847,False,38.472056058793356,-3.057119871279157,-100.45,-29.75,-56447001.69,,,,-376113793.33,,-4.7353,0,1820816.2006,1742660580.8,1.0,1.5,PASS,False,0.9491525423728814,-100.45,-29.75,-19.355800000000002,-50.225,,,17.2418,-4.7353,,229.99712142857143,0.0,0.0,81.02,88.88,0,94.84536082474226,CHASE,1.0,1,1,100.0,7,32.714358335018744,True,8.041072142952398,突破型|OVERHEAT,0.003713867260529502,True,True,光学光电子,-50.225,-0.37464350443169986,32.0,84.85360824742267,1.0,0.0,84.85,Tier2
603150.SH,603150,万朗磁塑,20220124,主板,159140218.8,9.201533588931499,塑料,未知,801036.SI,220000,65.51,50.3007,55.6612,3.2174,2.4872,559999.133,559999.133,132139601.6,False,1,1,False,False,77.8,-8.633193863319388,6.7285760834147945,-15.796915167095104,False,9.201533588931499,-3.057119871279157,-18.95,-25.81,28468536.39,105.9753,,,282399473.93,-846.1787,1.5477,0,559999.133,132139601.6,1.0,1.5,PASS,False,0.6779661016949152,-18.95,-25.81,-4.92,-9.475,ESP-Q,50.3007,3.2174,1.5477,,184.85352307692307,0.0,0.0,65.51,77.8,0,50.0,COV-LOW,0.5294117647058824,0,1,40.0,6,0.0,False,-8.633193863319388,,-0.02689292436884359,False,False,塑料,-9.475,-0.3148427467422643,32.0,41.4,0.7,0.0,28.98,Other
603267.SH,603267,鸿远电子,20190515,主板,514888828.05,11.155078198605617,元件,未知,801083.SI,270000,58.99,54.5481,47.6596,3.0562,6.1419,1363146.1819,1363146.1819,667519006.2,True,0,0,False,False,61.66,5.132774906433801,4.629301170627875,-4.330197859228013,False,11.155078198605617,-3.057119871279157,-31.29,110.03,39163826.39,40.6597,,,642595263.92,-131.3684,2.155,0,1363146.1819,667519006.2,1.0,1.5,PASS,False,0.7457627118644068,-31.29,110.03,2.79,-34.08,ESP-Q,54.5481,3.0562,2.155,,204.28836129032257,0.0,0.0,58.99,61.66,0,75.94501718213058,,0.5454545454545454,0,1,55.0,10,0.3111903374984468,False,5.132774906433801,,0.005220390495833498,False,False,元件,-34.08,-0.32824974878105323,32.0,56.68350515463918,0.7,0.0,39.68,Other
002927.SZ,002927,泰永长征,20180223,主板,239984808.89999998,20.581655480984338,高低压设备,未知,801734.SI,630000,21.56,,,4.7786,8.5326,481202.3401,475852.1894,551907018.2,True,1,1,False,False,23.5,9.999999999999986,9.386098427194312,-8.25531914893618,False,20.581655480984338,-3.057119871279157,-18.77,-141.78,9681547.02,90.3705,,,54518441.86,-54.5102,1.0696,0,481202.3401,551907018.2,1.0,1.5,PASS,False,0.4745762711864407,-18.77,-141.78,10.365,-29.134999999999998,ESP-Q,,4.7786,1.0696,,142.6951,0.0,0.0,21.56,23.5,0,82.13058419243985,CHASE,0.9032258064516129,1,1,100.0,10,26.06028281391631,True,9.999999999999986,OVERHEAT,0.004618060567848185,True,True,高低压设备,-29.134999999999998,-0.27873755921741916,32.0,81.03917525773196,0.7,0.0,56.73,Tier2
603220.SH,603220,中贝通信,20181115,主板,1899414822.7,1.4925373134328401,通信设备,未知,801102.SI,730000,29.92,197.2167,256.5537,4.1666,11.91,1604749.9876,1299309.1334,2035823470.1999998,True,1,0,False,False,34.59,-3.9486356340288853,14.767932489451475,-13.501011853136745,False,1.4925373134328401,-3.057119871279157,-121.94,-44.52,-3980209.88,,,,207464783.5,,-0.0001,0,1604749.9876,2035823470.1999998,1.0,1.5,PASS,False,0.9830508474576272,-121.94,-44.52,4.779999999999999,-126.72,,197.2167,4.1666,-0.0001,,182.74448076923076,0.0,0.0,29.92,34.59,0,71.8213058419244,,0.625,0,1,55.0,13,2.3202843558506716,False,-3.9486356340288853,,0.00927165841867754,False,False,通信设备,-126.72,-0.6272686117011145,22.0,53.44639175257732,1.0,0.0,53.45,Tier2
603693.SH,603693,江苏新能,20180703,主板,499614949.90000004,10.31331592689293,电力,未知,801161.SI,410000,16.9,29.689,33.239,2.0973,6.1138,1506594.2372,1506594.2372,597007684.9999999,True,1,1,False,False,18.0,13.119143239625153,38.29787234042552,-6.111111111111123,False,10.31331592689293,-3.057119871279157,-31.61,26.85,109536300.12,100.0433,,,1228264454.28,142.0231,1.5364,0,1506594.2372,597007684.9999999,1.0,1.5,PASS,False,0.3050847457627119,-31.61,26.85,0.02,-31.63,,29.689,2.0973,1.5364,,55.30460465116279,0.0,0.0,16.9,18.0,0,86.25429553264605,,0.8863636363636364,1,1,100.0,14,10.547967911871215,True,13.119143239625153,OVERHEAT,0.030601532117618124,False,True,电力,-31.63,-0.4630602895829214,32.0,82.2762886597938,1.0,0.0,82.28,Tier2
002992.SZ,002992,宝明科技,20200803,主板,151951722.14999998,-17.253521126760564,光学光电子,未知,801084.SI,270000,47.0,711.9144,547.9126,11.5488,1.6311,850082.5845,734304.9794,92064449.79999998,False,0,0,False,False,56.98,-2.225920532556691,-17.471466198419673,-17.514917514917506,False,-17.253521126760564,-3.057119871279157,14.76,109.82,-13295684.22,,,,-22457477.75,,-1.8882,0,850082.5845,92064449.79999998,1.0,1.5,PASS,False,0.9491525423728814,14.76,109.82,-19.355800000000002,7.38,|VAL-X,711.9144,11.5488,-1.8882,48.23268292682927,229.99712142857143,0.0,15.0,47.0,56.98,0,87.17067583046965,,0.1,0,0,5.0,7,-23.011218850535176,False,-2.225920532556691,,0.0012343524054393609,False,False,光学光电子,7.38,0.1907867486583059,50.0,38.65120274914089,1.0,15.0,23.65,Other
601869.SH,601869,长飞光纤,20180720,主板,6358340095.4,-1.5147544420567094,通信设备,未知,801102.SI,730000,375.8,382.343,268.8681,21.8611,3.3823,31112673.9586,15270193.8401,5540753953.399999,True,0,0,False,False,430.0,0.360528775537472,76.10947092178641,-12.604651162790692,False,-1.5147544420567094,-3.057119871279157,966.44,40.56,461220234.0,93.151,,,1260223840.0,87.3356,3.5319,0,31112673.9586,5540753953.399999,1.0,1.5,PASS,False,0.9830508474576272,966.44,40.56,4.779999999999999,966.44,,382.343,21.8611,3.5319,0.39562000745002274,182.74448076923076,0.0,0.0,375.8,430.0,0,92.55441008018327,,0.45,0,0,5.0,13,-0.6870073996388781,False,0.360528775537472,,-0.009010867587833836,False,False,通信设备,966.44,2.8843500624890286,82.0,46.66632302405498,1.0,0.0,46.67,Other
601066.SH,601066,中信建投,20180620,主板,344702094.65,4.134129536058806,证券,未知,801193.SI,490000,22.67,18.6287,15.6109,2.0381,0.4752,17584427.1048,14725686.2363,342457354.2,True,0,0,False,False,23.53,2.2552999548939967,-5.620316402997494,-3.6549086272843145,False,4.134129536058806,-3.057119871279157,97.44,30.77,3623252987.92,98.7961,,,24609160910.879997,664.7471,2.9825,0,17584427.1048,342457354.2,1.0,1.5,PASS,False,0.03389830508474576,97.44,30.77,31.015,97.44,ESP-Q,18.6287,2.0381,2.9825,0.19118123973727422,30.001145454545455,0.0,0.0,22.67,23.53,0,71.8213058419244,,0.8863636363636364,1,1,100.0,14,6.017937161644765,True,2.2552999548939967,,0.008019509348550733,False,False,证券,97.44,1.1862987448777693,68.0,85.14639175257732,0.7,0.0,59.6,Tier1
603681.SH,603681,永冠新材,20190326,主板,179927935.6,21.308724832214775,化学制品,未知,801034.SI,220000,21.69,41.5809,37.4423,1.5226,4.6989,515662.0293,515662.0293,220484462.0,False,0,0,False,False,22.1,4.883945841392667,4.934687953555872,-1.8552036199095068,False,21.308724832214775,-3.057119871279157,-1744.83,-75.0,-19154483.04,-71.5267,,,27495420.749999996,445.939,0.9488,0,515662.0293,220484462.0,1.0,1.5,PASS,False,0.4406779661016949,-1744.83,-75.0,8.2371,-1753.0671,ESP-Q,41.5809,1.5226,0.9488,,104.193015625,0.0,0.0,21.69,22.1,0,65.922107674685,,0.881578947368421,1,1,75.0,23,27.012262522229648,True,4.883945841392667,,-0.014702305336969998,True,False,化学制品,-1510.412,-3.4180070989063247,5.0,58.2766323024055,0.7,0.0,40.79,Other
603297.SH,603297,永新光学,20180910,主板,368836249.2,25.0,光学光电子,未知,801084.SI,270000,145.35,73.3408,76.6594,7.6636,2.3007,1612464.9345,1609447.4685,457533987.20000005,True,0,0,False,False,153.99,3.4887860448558294,16.746987951807224,-5.610753945061376,False,25.0,-3.057119871279157,-9.36,-0.72,40231722.03,87.2017,,,438318700.43,39.2365,2.217,0,1612464.9345,457533987.20000005,1.0,1.5,PASS,False,0.9491525423728814,-9.36,-0.72,-19.355800000000002,-4.68,,73.3408,7.6636,2.217,,229.99712142857143,10.0,0.0,145.35,153.99,0,92.55441008018327,CHASE,0.9,1,1,100.0,7,19.242302276225388,True,3.4887860448558294,,-0.006064904863785309,True,False,光学光电子,-4.68,0.07241006517136084,50.0,87.76632302405498,1.0,0.0,97.77,Tier2
603650.SH,603650,彤程新材,20180627,主板,1089853232.4,6.062281186659302,橡胶,未知,801037.SI,220000,57.56,63.0375,60.6492,8.2075,5.7964,3546173.5753,3536908.8213,1645276786.0,False,0,0,False,False,64.4,-0.03473428273705892,-2.2916313019860746,-10.62111801242236,False,6.062281186659302,-3.057119871279157,10.67,29.58,176957352.01,97.0685,,,1508128282.0,11.545,4.2859,0,3546173.5753,1645276786.0,1.0,1.5,PASS,False,0.423728813559322,10.67,29.58,-28.13,5.335,,63.0375,8.2075,4.2859,5.907919400187442,47.013079999999995,0.0,0.0,57.56,64.4,0,80.75601374570446,,0.5,0,1,35.0,2,-0.7956750491284525,False,-0.03473428273705892,,-0.003268307193051035,False,False,橡胶,5.335,0.17143897805750216,50.0,51.72680412371134,1.0,0.0,51.73,Tier2
605088.SH,605088,冠盛股份,20200817,主板,171256888.3,-2.3490849494673616,汽车零部件,未知,801093.SI,280000,35.75,24.5513,25.0795,2.4511,2.3369,724745.6395,713982.0295,141548330.6,False,0,0,False,False,39.32,-2.641612200435728,-0.969529085872578,-9.079348931841302,False,-2.3490849494673616,-3.057119871279157,-10.91,0.45,67499321.05,86.7963,,,502643486.63,142.2771,2.6627,0,724745.6395,141548330.6,1.0,1.5,PASS,False,0.5932203389830508,-10.91,0.45,-7.975999999999999,-5.455,,24.5513,2.4511,2.6627,,74.48131470588235,0.0,0.0,35.75,39.32,0,87.17067583046965,,0.40540540540540543,0,0,5.0,23,-3.4872343770904757,False,-2.641612200435728,,-0.011210797497053298,False,False,汽车零部件,-5.455,0.04971090970808216,50.0,38.65120274914089,1.0,0.0,38.65,Other
002937.SZ,002937,兴瑞科技,20180926,主板,363519487.34999996,5.1724137931034475,电子制造,未知,801085.SI,270000,33.55,69.0873,71.0518,6.7067,5.6926,999054.4028,996286.4607,511329389.6,False,0,0,False,False,37.56,-0.7102693104468871,31.414022718370525,-10.676251331203424,False,5.1724137931034475,-3.057119871279157,-24.69,-35.69,28989085.97,80.1316,,,361038287.87,65.0722,2.3085,0,999054.4028,511329389.6,1.0,1.5,PASS,False,0.5084745762711864,-24.69,-35.69,-24.905,-12.345,,69.0873,6.7067,2.3085,,72.22433125,0.0,0.0,33.55,37.56,0,92.55441008018327,,0.5833333333333334,0,1,40.0,11,0.5054572574894616,False,-0.7102693104468871,,0.0028353738868794488,False,False,电子制造,-12.345,-0.3665509393200612,32.0,54.16632302405498,1.0,0.0,54.17,Tier2
603629.SH,603629,利通电子,20181224,主板,5093398719.249999,77.49777646012454,电子制造,未知,801085.SI,270000,179.61,161.0289,88.1631,20.989,10.6385,4711529.52,4634494.791,5344086967.2,True,4,1,False,True,181.5,5.652941176470594,212.52827562206372,-1.0413223140495753,False,77.49777646012454,-3.057119871279157,860.24,3906.41,278232194.62,102.5654,,,709791293.9,178.0107,12.9465,0,4711529.52,5344086967.2,1.0,1.5,PASS,False,0.5084745762711864,860.24,3906.41,-24.905,910.05,,161.0289,20.989,12.9465,0.18719066772063608,72.22433125,0.0,10.0,179.61,181.5,0,50.0,COV-LOW,1.0,1,1,100.0,11,72.83081992451055,True,5.652941176470594,突破型|OVERHEAT,0.0005305789410282812,True,True,电子制造,910.05,2.8051810933950474,82.0,81.4,1.0,10.0,71.4,Tier2
603527.SH,603527,众源新材,20170907,主板,231181204.0,0.897226753670477,工业金属,未知,801055.SI,240000,12.37,62.1409,133.256,1.8483,4.5253,392093.3744,392093.3744,179312925.60000002,True,0,0,False,False,14.08,-4.256965944272451,14.00921658986174,-12.144886363636365,False,0.897226753670477,-3.057119871279157,290.9555,-185.62,25083766.15,65.3196,,,-83620140.24000001,-575.0315,1.8266,0,392093.3744,179312925.60000002,1.0,1.5,PASS,False,0.3559322033898305,290.9555,-185.62,55.81,290.9555,ESP-Q,62.1409,1.8483,1.8266,0.2135752718199175,38.288555,0.0,0.0,12.37,14.08,0,50.0,COV-LOW,0.7142857142857143,1,1,100.0,7,6.210815603844688,True,-4.256965944272451,,-0.0038489697228732784,False,False,工业金属,290.9555,1.2087895809967577,68.0,78.6,0.7,0.0,55.02,Tier2
002941.SZ,002941,新疆交建,20181128,主板,186712510.85,-16.480793060718714,基础建设,未知,801723.SI,620000,13.48,20.8216,21.2023,2.0986,2.0201,983704.5799,983704.5799,163535328.2,True,0,0,False,False,16.2,1.812688821752273,-15.113350125944592,-16.79012345679012,False,-16.480793060718714,-3.057119871279157,-33.31,4.14,-16831328.74,,,,824395185.8399999,,-0.3382,0,983704.5799,163535328.2,1.0,1.5,PASS,False,0.0847457627118644,-33.31,4.14,-7.28,-16.655,,20.8216,2.0986,-0.3382,,58.68530769230769,0.0,0.0,13.48,16.2,0,69.3012600229095,,0.15789473684210525,0,0,5.0,6,-9.659312654332654,False,1.812688821752273,,-0.0064889342260170835,False,False,基础建设,-16.655,-0.40376705990357425,32.0,29.690378006872848,1.0,0.0,29.69,Other
603915.SH,603915,国茂股份,20190614,主板,264224923.79999992,15.359688917692814,通用机械,未知,801072.SI,640000,17.8,49.7295,47.3169,3.0819,3.1077,1168805.8144,1168805.8144,492914715.6000001,False,0,0,False,False,20.54,-7.098121085594988,0.96426545660806,-13.339824732229788,False,15.359688917692814,-3.057119871279157,30.9,-12.15,50163161.47,91.1767,,,325252596.64,4.3025,1.4613,0,1168805.8144,492914715.6000001,1.0,1.5,PASS,False,0.7796610169491526,30.9,-12.15,1.3,30.9,ESP-Q,49.7295,3.0819,1.4613,1.6093689320388351,114.34343529411765,0.0,0.0,17.8,20.54,0,71.8213058419244,CHASE,0.6744186046511628,0,1,40.0,13,7.057334518684133,True,-7.098121085594988,,-0.011403737344261092,True,False,通用机械,30.9,0.3130949149806374,50.0,51.54639175257732,0.7,0.0,36.08,Other
603657.SH,603657,春光科技,20180730,主板,165449835.3,17.436093094238835,白色家电,未知,801111.SI,330000,30.78,,,4.7702,4.3664,416114.9739,416114.9739,230732929.39999998,False,2,1,False,False,36.58,2.8056112224448926,7.023643949930447,-15.855658829961715,False,17.436093094238835,-3.057119871279157,-1151.58,-246.48,-35408082.34,,,,-39216236.93,,-3.9388,0,416114.9739,230732929.39999998,1.0,1.5,PASS,False,0.23728813559322035,-1151.58,-246.48,-17.555,-575.79,,,4.7702,-3.9388,,53.917895,0.0,0.0,30.78,36.58,0,50.0,COV-LOW,0.8333333333333334,1,1,85.0,8,15.264183992694146,True,2.8056112224448926,,0.01668920715485153,True,False,白色家电,-575.79,-2.455552614322047,12.0,59.9,1.0,0.0,59.9,Tier2
603662.SH,603662,柯力传感,20190806,主板,428013695.75000006,18.48857644991213,仪器仪表,未知,801073.SI,640000,67.42,55.5968,61.871,6.7869,5.74,1893354.9701,1893354.9701,860534104.0,True,0,0,False,False,69.5,5.3108403623867595,0.04451699065144421,-2.9928057553956777,False,18.48857644991213,-3.057119871279157,20.76,11.06,51517483.54,125.2878,,,437119631.73,91.5915,1.4843,0,1893354.9701,860534104.0,1.0,1.5,PASS,False,0.6949152542372882,20.76,11.06,0.78,20.76,,55.5968,6.7869,1.4843,2.678073217726397,92.29922857142857,0.0,0.0,67.42,69.5,0,94.38717067583046,CHASE,0.8571428571428571,1,1,100.0,3,20.752079415881543,True,5.3108403623867595,,0.004949193647312921,True,False,仪器仪表,20.76,0.006153855952805856,50.0,88.31615120274914,1.0,0.0,88.32,Tier2
603259.SH,603259,药明康德,20180508,主板,4913209170.7,5.763571790969069,医疗服务,未知,801156.SI,370000,104.23,16.2396,15.4493,3.6926,2.3583,31099700.8266,25779000.0041,3864664364.8,True,1,0,False,False,114.5,1.0666149520023316,2.2765184967127983,-8.969432314410476,False,5.763571790969069,-3.057119871279157,83.56,32.56,4275624429.82,91.9189,,,32620721127.66,64.0401,5.6749,0,31099700.8266,3864664364.8,1.0,1.5,PASS,False,0.711864406779661,83.56,32.56,17.45,83.56,,16.2396,3.6926,5.6749,0.19434657730971755,76.5296625,10.0,0.0,104.23,114.5,0,76.97594501718214,,0.6363636363636364,0,1,65.0,4,10.935985584072505,True,1.0666149520023316,,0.006749307961249928,False,False,医疗服务,83.56,-0.09956693414077805,32.0,61.99278350515464,1.0,0.0,71.99,Tier1
003010.SZ,003010,若羽臣,20200925,主板,209268042.39999998,-11.439588688946023,营销传播,未知,801751.SI,720000,27.56,44.0985,35.8225,10.8312,2.9552,857279.9159,623247.8536,154984768.4,True,0,0,False,False,33.0,-4.172461752433943,-19.083969465648863,-16.48484848484849,False,-11.439588688946023,-3.057119871279157,167.45,78.43,67403755.41,93.1844,,,428080803.33,-34.4846,9.5765,0,857279.9159,154984768.4,1.0,1.5,PASS,False,1.0,167.45,78.43,20.09,167.45,ESP-Q,44.0985,10.8312,9.5765,0.2633532397730666,185.31451428571427,10.0,0.0,27.56,33.0,0,87.17067583046965,,0.3333333333333333,0,0,5.0,3,-4.959141761571717,False,-4.172461752433943,,-0.02192267020817594,False,False,营销传播,167.45,0.23179267685499896,50.0,38.65120274914089,0.7,0.0,37.06,Other
001210.SZ,001210,金房能源,20210729,主板,200312608.4,38.20754716981132,电力,未知,801161.SI,410000,29.3,34.1827,33.5054,3.1164,11.0484,459461.1407,279226.1931,448663732.4,True,2,2,False,False,31.35,-3.0122476001324117,21.57676348547717,-6.539074960127589,False,38.20754716981132,-3.057119871279157,3.76,54.33,131160718.93,98.8398,,,465264493.1,-81.3592,9.425,0,459461.1407,448663732.4,1.0,1.5,PASS,False,0.3050847457627119,3.76,54.33,0.02,3.76,ESP-Q,34.1827,3.1164,9.425,9.091143617021276,55.30460465116279,0.0,0.0,29.3,31.35,0,50.0,COV-LOW,0.9772727272727273,1,1,100.0,14,38.442199154789606,True,-3.0122476001324117,,-0.009529876640574444,True,False,电力,3.76,0.022530010319619553,50.0,75.0,0.7,0.0,52.5,Tier2
603937.SH,603937,丽岛新材,20171102,主板,275964888.45000005,17.56329113924049,其他建材,未知,801713.SI,610000,14.86,,1332.6273,2.006,5.3636,310411.3157,310411.3157,182459152.39999998,True,5,1,False,True,18.88,-6.423173803526461,14.837712519319934,-21.292372881355938,False,17.56329113924049,-3.057119871279157,,,,,,,-28070977.48,566.1944,1.6552,0,310411.3157,182459152.39999998,1.0,1.5,PASS,False,0.3389830508474576,,,-12.22,0.0,DATA-INC,,2.006,1.6552,,33.882133333333336,0.0,0.0,14.86,18.88,0,50.0,COV-LOW,0.875,1,1,100.0,3,8.363958769461812,True,-6.423173803526461,突破型,-0.014147987966183771,True,False,其他建材,0.0,-0.1453080940836421,32.0,71.4,1.0,0.0,71.4,Tier2
600933.SH,600933,爱柯迪,20171117,主板,358439621.15000004,3.36680448907265,汽车零部件,未知,801093.SI,280000,17.5,15.3886,15.9088,1.8331,3.9485,1802733.2838,1716771.539,434680183.0,True,0,0,False,False,18.25,-0.7936507936508019,-5.251759610178663,-4.109589041095896,False,3.36680448907265,-3.057119871279157,-17.78,26.96,194072295.9,88.6356,,,2159624115.06,164.5187,2.2252,0,1802733.2838,434680183.0,1.0,1.5,PASS,False,0.5932203389830508,-17.78,26.96,-7.975999999999999,-8.89,,15.3886,1.8331,2.2252,,74.48131470588235,0.0,0.0,17.5,18.25,0,91.63802978235968,,0.6081081081081081,0,1,55.0,23,2.228655061449536,False,-0.7936507936508019,,-0.00449155504418088,False,False,汽车零部件,-8.89,0.03664694958940104,50.0,64.9914089347079,1.0,0.0,64.99,Tier2
002952.SZ,002952,亚世光电,20190328,主板,331591992.05,7.988274093074388,光学光电子,未知,801084.SI,270000,29.47,453.3435,319.5754,5.4983,10.6476,484309.98,387957.9093,373797880.0,True,2,1,False,False,30.68,-1.4051522248243575,29.02802101576181,-3.9439374185136877,False,7.988274093074388,-3.057119871279157,149.32,-58.79,7958118.37,89.1067,,,19774517.69,701.2829,1.0202,0,484309.98,373797880.0,1.0,1.5,PASS,False,0.9491525423728814,149.32,-58.79,-19.355800000000002,188.03159999999997,ESP-Q,453.3435,5.4983,1.0202,3.0360534422716317,229.99712142857143,0.0,0.0,29.47,30.68,0,90.26345933562429,,0.65,0,1,55.0,7,2.230576369299775,False,-1.4051522248243575,,0.02482312098720302,False,False,光学光电子,188.03159999999997,1.9639987946458843,68.0,68.17903780068728,0.7,0.0,47.73,Other
002947.SZ,002947,恒铭达,20190201,主板,1224634620.05,22.72727272727275,电子制造,未知,801085.SI,270000,89.37,43.0468,39.8147,7.362,6.8152,2289742.8358,1772240.5959,1121856254.0,True,0,0,False,False,95.06,8.881578947368428,83.06022122081116,-5.985693246370715,False,22.72727272727275,-3.057119871279157,34.82,15.33,138736273.21,91.6442,,,1275202979.06,118.9844,4.7686,0,2289742.8358,1121856254.0,1.0,1.5,PASS,False,0.5084745762711864,34.82,15.33,-24.905,84.63,ESP-Q,43.0468,7.362,4.7686,1.2362665134979895,72.22433125,0.0,0.0,89.37,95.06,0,85.6815578465063,CHASE,0.8888888888888888,1,1,100.0,11,18.060316191658764,True,8.881578947368428,OVERHEAT,0.015750698757076066,True,True,电子制造,84.63,-0.033094324884220136,32.0,82.10446735395189,0.7,0.0,57.47,Tier2
002967.SZ,002967,广电计量,20191108,主板,306450320.45,-4.066130473637175,综合,未知,801231.SI,510000,21.47,32.229,31.3353,2.7805,2.9883,1368240.0569,1174895.7056,296962965.4,False,0,0,False,False,23.19,-1.8289894833104836,-7.096495023799221,-7.416990081931873,False,-4.066130473637175,-3.057119871279157,657.62,20.84,8915258.7,52.6565,,,694253677.13,-14966.4814,0.3969,0,1368240.0569,296962965.4,1.0,1.5,PASS,False,0.9322033898305084,657.62,20.84,-7.0,671.62,ESP-Q,32.229,2.7805,0.3969,0.04900854596879657,210.72467916666668,0.0,0.0,21.47,23.19,0,69.3012600229095,,0.5135135135135135,0,0,5.0,12,0.0,False,-1.8289894833104836,,-0.011753249512784404,False,False,综合,671.62,1.0110633067330108,68.0,36.89037800687285,0.7,0.0,25.82,Other
001330.SZ,001330,博纳影业,20220818,主板,1116089689.5999997,7.248018120045296,未知,未知,,,9.47,,,3.4247,8.3016,1301669.4778,1101216.4139,1081111659.8,False,0,0,False,False,10.13,3.49726775956285,-25.841816758026614,-6.515301085883518,False,7.248018120045296,-3.057119871279157,94.55,-46.08,-53667352.17,,,,-3725487102.92,,-1.1618,1,1301669.4778,1081111659.8,1.0,1.5,PASS,False,0.4576271186440678,94.55,-46.08,-0.58,95.71,ESP-Q,,3.4247,-1.1618,,95.07506363636365,0.0,0.0,9.47,10.13,10,50.0,COV-LOW,0.6923076923076923,0,1,40.0,4,1.681706406589356,False,3.49726775956285,,0.0008812688391737232,False,False,独立池,95.71,0.0,3.852652490694138,35.770530498138825,0.7,10.0,15.04,Other
603068.SH,603068,博通集成,20190415,主板,158777372.05,11.323039660914326,半导体,未知,801081.SI,270000,36.77,250.9785,253.9415,3.1794,4.7754,558121.972,558121.972,212488500.39999995,False,0,0,False,False,39.01,-1.8419647624132396,-4.269721426711781,-5.742117405793379,False,11.323039660914326,-3.057119871279157,414.06,35.24,13723561.24,84.5395,,,-47043768.42,272.9563,0.9406,0,558121.972,212488500.39999995,1.0,1.5,PASS,False,0.8813559322033898,414.06,35.24,21.265,414.06,,250.9785,3.1794,0.9406,0.606140414432691,141.87467999999998,0.0,0.0,36.77,39.01,0,92.43986254295532,,0.30434782608695654,0,1,40.0,7,-9.68478134690669,False,-1.8419647624132396,,-0.0055256640018478105,False,False,半导体,414.06,1.1366113030747111,68.0,61.3319587628866,1.0,0.0,61.33,Tier1
603045.SH,603045,福达合金,20180517,主板,673501520.6499999,70.80545892427081,金属非金属新材料,未知,801051.SI,240000,63.83,80.0066,29.3818,6.9005,7.9556,864546.4244,864546.4244,921631352.9999999,True,5,2,False,True,78.45,-8.723008723008729,113.4782608695652,-18.636073932441054,False,70.80545892427081,-3.057119871279157,2012.38,849.16,179776661.79,99.2888,,,321572642.08,-66.9223,15.5804,0,864546.4244,921631352.9999999,1.0,1.5,PASS,False,0.8305084745762712,2012.38,849.16,22.085,2012.38,ESP-Q,80.0066,6.9005,15.5804,0.03975720291396257,108.89996666666667,0.0,0.0,63.83,78.45,0,65.922107674685,,1.0,1,1,100.0,5,72.67217389995885,True,-8.723008723008729,突破型,-0.02628491258929262,True,False,金属非金属新材料,2012.38,2.5320236298424823,82.0,86.1766323024055,0.7,0.0,60.32,Tier2
603583.SH,603583,捷昌驱动,20180921,主板,219269740.05000004,-11.229783338419297,电气自动化设备,未知,801732.SI,630000,29.09,28.2525,33.4833,2.3851,3.4323,1122207.7081,1111956.3921,262150954.00000003,True,0,0,False,False,34.02,1.927119831814994,-23.34650856389987,-14.491475602586723,False,-11.229783338419297,-3.057119871279157,-60.52,52.56,41377489.09,81.981,,,1019354416.7199999,7.0946,1.0749,0,1122207.7081,262150954.00000003,1.0,1.5,PASS,False,0.4067796610169492,-60.52,52.56,-25.5,-30.26,,28.2525,2.3851,1.0749,,54.13474375,0.0,0.0,29.09,34.02,0,71.8213058419244,,0.23529411764705882,0,0,5.0,6,-10.35057844545293,False,1.927119831814994,,-0.009804999004962671,False,False,电气自动化设备,-30.26,-0.47250965049871263,32.0,30.44639175257732,1.0,0.0,30.45,Other
002951.SZ,002951,金时科技,20190315,主板,154657526.3,-4.47852760736197,包装印刷,未知,801141.SI,360000,15.57,,,4.1535,2.0732,630585.0,624550.7297,158101327.60000002,True,1,0,False,False,17.74,-6.8222621184919285,-20.07186858316222,-12.232243517474629,False,-4.47852760736197,-3.057119871279157,-27.55,-281.13,-16243809.65,,,,-313216036.46,,-0.7616,0,630585.0,158101327.60000002,1.0,1.5,PASS,False,0.9152542372881356,-27.55,-281.13,0.78,-28.330000000000002,,,4.1535,-0.7616,,151.91444,0.0,0.0,15.57,17.74,0,69.3012600229095,,0.47368421052631576,0,0,5.0,6,-0.06885477663650619,False,-6.8222621184919285,,-0.02506253426204574,False,False,包装印刷,-28.330000000000002,-0.3560148689642256,32.0,29.690378006872848,1.0,0.0,29.69,Other
603712.SH,603712,七一二,20180226,主板,198052634.6,-5.132850241545883,通信设备,未知,801102.SI,730000,15.71,,,3.171,1.9541,1212812.0,1212812.0,286573238.2,True,0,0,False,False,17.26,4.663557628247839,-19.18724279835391,-8.980301274623415,False,-5.132850241545883,-3.057119871279157,,-87.87,,,,,-900568873.72,,-1.6908,0,1212812.0,286573238.2,1.0,1.5,PASS,False,0.9830508474576272,,-87.87,4.779999999999999,0.0,DATA-INC,,3.171,-1.6908,,182.74448076923076,0.0,0.0,15.71,17.26,0,65.922107674685,,0.275,0,0,5.0,13,-4.305103199128052,False,4.663557628247839,,0.008407798299659791,False,False,通信设备,0.0,-0.2201989069978918,32.0,28.6766323024055,1.0,0.0,28.68,Other
600929.SH,600929,雪天盐业,20180326,主板,226239785.84999996,-16.430594900849847,化学原料,未知,801033.SI,220000,5.9,125.6429,148.6329,1.2794,2.1237,967666.821,967666.821,188454779.2,False,0,0,False,False,7.33,-7.086614173228334,-2.8006589785831926,-19.50886766712141,False,-16.430594900849847,-3.057119871279157,82.16,-99.24,14384555.39,96.7517,,,50753588.53,367.5746,0.1968,0,967666.821,188454779.2,1.0,1.5,PASS,False,0.6101694915254238,82.16,-99.24,-6.205,94.57,ESP-Q,125.6429,1.2794,0.1968,1.5292465920155793,75.93632,0.0,0.0,5.9,7.33,0,65.922107674685,,0.26666666666666666,0,0,5.0,5,-9.695681107746399,False,-7.086614173228334,,-0.005127331355281237,False,False,化学原料,94.57,-0.00844441727206826,32.0,28.6766323024055,0.7,0.0,20.07,Other
603927.SH,603927,中科软,20190909,主板,160052685.35000002,-3.541416566626654,计算机应用,未知,801222.SI,710000,16.07,59.6344,59.5296,4.2057,1.4012,1335481.28,1335481.28,161265038.4,True,0,0,False,False,17.5,-1.2292562999385304,-16.950904392764865,-8.171428571428574,False,-3.541416566626654,-3.057119871279157,-15.537,-45.56,-19565110.0,,,,408690186.55,,-0.4976,0,1335481.28,161265038.4,1.0,1.5,PASS,False,0.7627118644067796,-15.537,-45.56,-4.9399999999999995,-7.7685,,59.6344,4.2057,-0.4976,,143.4918742857143,0.0,0.0,16.07,17.5,0,71.8213058419244,,0.5384615384615384,0,0,5.0,16,0.44130563077321394,False,-1.2292562999385304,,-0.008559821238389841,False,False,计算机应用,-7.7685,-0.058670538760341666,32.0,30.44639175257732,1.0,0.0,30.45,Other
603867.SH,603867,新化股份,20190627,主板,332853635.1,11.52502910360884,化学制品,未知,801034.SI,220000,38.32,32.0,30.851,2.6555,6.9518,833409.1992,826511.5992,585024009.8,True,0,0,False,False,41.15,5.043859649122817,23.136246786632398,-6.877278250303764,False,11.52502910360884,-3.057119871279157,11.25,9.25,77517470.91,95.3828,,,639308039.3299999,-47.8634,2.6245,0,833409.1992,585024009.8,1.0,1.5,PASS,False,0.4406779661016949,11.25,9.25,8.2371,3.0129,ESP-Q,32.0,2.6555,2.6245,2.8444444444444446,104.193015625,0.0,0.0,38.32,41.15,0,89.46162657502865,,0.7631578947368421,1,1,100.0,23,17.228566793623713,True,5.043859649122817,,-0.016241094104838535,False,False,化学制品,3.0129,-0.11556855454997869,32.0,83.2384879725086,0.7,0.0,58.27,Tier1
603687.SH,603687,大胜达,20190726,主板,1021452449.0999999,-14.219948849104869,包装印刷,未知,801141.SI,360000,16.77,119.6116,132.9339,2.8188,13.7044,922403.4359,922403.4359,711673427.4,False,2,1,False,False,20.0,7.84565916398714,44.44444444444444,-16.15,False,-14.219948849104869,-3.057119871279157,-7.22,-37.72,18038127.15,81.7564,,,130857537.62,20.9942,0.6764,0,922403.4359,711673427.4,1.0,1.5,PASS,False,0.9152542372881356,-7.22,-37.72,0.78,-8.0,,119.6116,2.8188,0.6764,,151.91444,0.0,0.0,16.77,20.0,0,75.94501718213058,,0.2631578947368421,0,0,5.0,6,-9.810276018379405,False,7.84565916398714,,0.012753490217465208,False,False,包装印刷,-8.0,-0.26270786846598926,32.0,31.683505154639178,1.0,0.0,31.68,Other
603236.SH,603236,移远通信,20190716,主板,607073491.9999999,-5.022307202039511,通信设备,未知,801102.SI,730000,74.51,25.62,27.9786,3.0656,4.8333,2144572.295,1949611.18,562743540.6,True,0,0,False,False,85.81,1.9428102339581255,-12.802808660035103,-13.168628364992419,False,-5.022307202039511,-3.057119871279157,-35.29,51.84,129817340.77,91.8561,,,2083616079.43,-313.34,2.0412,0,2144572.295,562743540.6,1.0,1.5,PASS,False,0.9830508474576272,-35.29,51.84,4.779999999999999,-40.07,ESP-Q,25.62,3.0656,2.0412,,182.74448076923076,0.0,0.0,74.51,85.81,0,96.67812142038946,,0.3,0,0,5.0,13,-4.1945601596216795,False,1.9428102339581255,,-0.0028553504648911763,False,False,通信设备,-40.07,-0.34891799686103997,32.0,37.90343642611683,0.7,0.0,26.53,Other
603327.SH,603327,福蓉科技,20190523,主板,375989333.4,-1.4218009478673022,电子制造,未知,801085.SI,270000,10.4,91.8645,74.4691,4.3427,2.7093,1087277.7344,1087277.7344,272832178.6,True,0,0,False,False,11.33,-1.9792648444863281,2.060843964671255,-8.208296557811124,False,-1.4218009478673022,-3.057119871279157,178.29,,46761583.17,96.8775,,,156854347.70000002,-46.9319,2.1,0,1087277.7344,272832178.6,1.0,1.5,PASS,False,0.5084745762711864,178.29,,-24.905,228.1,ESP-Q,91.8645,4.3427,2.1,0.5152532391048292,72.22433125,0.0,0.0,10.4,11.33,0,85.6815578465063,,0.3055555555555556,0,0,5.0,11,-6.088757483481288,False,-1.9792648444863281,,-0.0040635238895590595,False,False,电子制造,228.1,0.4602392195665158,50.0,38.204467353951884,0.7,0.0,26.74,Other
600989.SH,600989,宝丰能源,20190516,主板,3025190185.950001,-4.013015184381774,化学原料,未知,801033.SI,220000,26.55,17.1538,15.4841,3.9684,1.1438,19470070.8,19470070.8,2444707073.7999997,True,0,0,False,False,31.61,-6.776685393258431,15.284411636995232,-16.007592534008218,False,-4.013015184381774,-3.057119871279157,30.92,69.91,3400165713.98,92.8836,,,29471119520.379997,126.2118,7.2844,0,19470070.8,2444707073.7999997,1.0,1.5,PASS,False,0.6101694915254238,30.92,69.91,-6.205,43.33,,17.1538,3.9684,7.2844,0.5547800776196636,75.93632,10.0,0.0,26.55,31.61,0,90.37800687285224,,0.6666666666666666,0,0,5.0,5,2.7218986087216734,False,-6.776685393258431,,-0.010851209946582141,False,False,化学原料,43.33,-0.08542773831304591,32.0,36.01340206185567,1.0,0.0,46.01,Other
603115.SH,603115,海星股份,20190809,主板,662469979.9,117.16985007188336,工业金属,未知,801055.SI,240000,105.74,124.0217,114.5973,11.8142,4.883,2557749.0896,2557749.0896,876849949.0,True,5,2,False,True,107.31,39.68295904887713,319.27042030134817,-1.463050973814195,False,117.16985007188336,-3.057119871279157,85.27,28.64,41965152.53,105.8274,,,423817840.15999997,-10.3096,1.8494,0,2557749.0896,876849949.0,1.0,1.5,PASS,False,0.3559322033898305,85.27,28.64,55.81,85.27,ESP-Q,124.0217,11.8142,1.8494,1.4544587779992963,38.288555,0.0,10.0,105.74,107.31,0,99.0836197021764,CHASE,1.0,1,1,100.0,7,122.48343892205757,True,39.68295904887713,突破型|OVERHEAT,-0.007850271124488967,True,True,工业金属,85.27,0.010897297964727616,50.0,89.72508591065292,0.7,10.0,52.81,Tier2
603786.SH,603786,科博达,20191015,主板,228256549.1,1.8861272695223086,汽车零部件,未知,801093.SI,280000,57.8,28.1447,30.1288,4.0466,3.2392,2334291.726,2334291.726,330518660.2,True,0,0,False,False,60.0,3.435934144595554,-16.158978822164205,-3.6666666666666736,False,1.8861272695223086,-3.057119871279157,-25.54,9.35,145458279.79,96.1947,,,2029687648.52,97.9806,2.6528,0,2334291.726,330518660.2,1.0,1.5,PASS,False,0.5932203389830508,-25.54,9.35,-7.975999999999999,-12.77,,28.1447,4.0466,2.6528,,74.48131470588235,0.0,0.0,57.8,60.0,0,91.86712485681558,,0.5405405405405406,0,1,55.0,23,0.7479778418991945,False,3.435934144595554,,-0.0016933083806314714,False,False,汽车零部件,-12.77,0.02189056960090534,50.0,65.06013745704468,1.0,0.0,65.06,Tier2
601138.SH,601138,工业富联,20180608,主板,17208719295.199997,6.660153069532648,电子制造,未知,801085.SI,270000,65.5,36.8363,31.9754,7.376,1.0565,129978804.4602,129978804.4602,16450199802.199999,True,1,1,False,False,74.0,-3.135167110322401,19.634703196347036,-11.486486486486491,False,6.660153069532648,-3.057119871279157,109.05,46.02,10249511000.0,96.7404,,,77762740000.0,202.8931,6.1778,0,129978804.4602,16450199802.199999,1.0,1.5,PASS,False,0.5084745762711864,109.05,46.02,-24.905,158.85999999999999,,36.8363,7.376,6.1778,0.3377927556166896,72.22433125,0.0,0.0,65.5,74.0,0,68.61397479954181,,0.6666666666666666,0,1,55.0,11,1.9931965339186624,False,-3.135167110322401,,-0.004291715041307008,False,False,电子制造,158.85999999999999,0.22215171264681863,50.0,58.08419243986254,1.0,0.0,58.08,Tier1
002984.SZ,002984,森麒麟,20200911,主板,224075366.0,-12.653975363941772,汽车零部件,未知,801093.SI,280000,15.6,14.3722,16.6096,1.1948,2.0561,1616607.5188,1113728.9654,200869203.20000002,False,0,0,False,False,18.02,-0.31948881789137795,-24.271844660194187,-13.429522752497224,False,-12.653975363941772,-3.057119871279157,-44.41,-49.95,197144528.78,94.0056,,,2921692279.6,89.6268,1.5175,0,1616607.5188,200869203.20000002,1.0,1.5,PASS,False,0.5932203389830508,-44.41,-49.95,-7.975999999999999,-22.205,,14.3722,1.1948,1.5175,,74.48131470588235,0.0,0.0,15.6,18.02,0,87.17067583046965,,0.08108108108108109,0,0,5.0,23,-13.792124791564886,False,-0.31948881789137795,,-0.025599544380123983,False,False,汽车零部件,-22.205,-0.013992534829882533,32.0,35.05120274914089,1.0,0.0,35.05,Other
603815.SH,603815,交建股份,20191021,主板,237974140.9,-5.657708628005665,基础建设,未知,801723.SI,620000,6.67,,,2.6218,3.2093,412822.4647,412822.4647,110623814.80000001,False,1,0,False,False,7.77,-5.255681818181824,-3.473227206946461,-14.157014157014158,False,-5.657708628005665,-3.057119871279157,73.85,-714.24,57177409.29,99.6926,,,-470693357.9200001,-118.8548,3.7117,0,412822.4647,110623814.80000001,1.0,1.5,PASS,False,0.0847457627118644,73.85,-714.24,-7.28,88.41,ESP-Q,,2.6218,3.7117,,58.68530769230769,0.0,0.0,6.67,7.77,0,35.051546391752574,CAT-0,0.631578947368421,0,0,5.0,6,1.1637717783803954,False,-5.255681818181824,,0.010112830119875614,False,False,基础建设,88.41,0.1385364121960079,50.0,23.01546391752577,0.35,0.0,8.06,Other
603529.SH,603529,爱玛科技,20210615,主板,240984134.04999998,-27.10280373831776,其他交运设备,未知,801881.SI,280000,21.06,8.9839,11.2416,1.8487,0.834,1827782.6201,1784962.3245,146721705.4,False,0,0,False,False,29.24,-4.272727272727284,-28.000000000000004,-27.97537619699042,False,-27.10280373831776,-3.057119871279157,-69.25,8.84,182252319.11,92.9279,,,5149292070.05,-408.2231,1.9416,0,1827782.6201,146721705.4,1.0,1.5,PASS,False,0.15254237288135594,-69.25,8.84,-3.01,-34.625,ESP-Q,8.9839,1.8487,1.9416,,147.43112000000002,0.0,0.0,21.06,29.24,0,50.0,COV-LOW,0.16666666666666666,0,0,0.0,2,-16.677943507056483,False,-4.272727272727284,TIER2_FORCED,0.0035342420378171777,False,False,其他交运设备,-34.625,-0.6787575927057968,22.0,19.4,0.7,0.0,13.58,Tier2
603489.SH,603489,八方股份,20191111,主板,242271410.05,-1.0843046896177766,电机,未知,801731.SI,630000,36.49,83.2646,68.0936,3.0904,1.601,856121.0054,856121.0054,174068259.6,True,1,0,False,False,40.56,-7.268106734434565,23.736859952526302,-10.034516765285995,False,-1.0843046896177766,-3.057119871279157,132.52,107.43,40651168.8,90.8358,,,203170860.99,-69.9667,1.6276,0,856121.0054,174068259.6,1.0,1.5,PASS,False,0.9661016949152542,132.52,107.43,-5.324999999999999,143.17,ESP-Q,83.2646,3.0904,1.6276,0.6283172351343194,176.7947,0.0,0.0,36.49,40.56,0,94.38717067583046,,0.3,0,0,5.0,4,-7.08283843463039,False,-7.268106734434565,,-0.01211708208116687,False,False,电机,143.17,0.06281936218488866,50.0,40.81615120274914,0.7,0.0,28.57,Other
603390.SH,603390,通达电气,20191125,主板,356794309.74999994,18.016528925619824,汽车零部件,未知,801093.SI,280000,14.28,58.926,38.5276,2.9348,7.5156,502159.0332,500533.9249,487824656.00000006,True,3,1,False,True,15.68,-3.513513513513522,9.761721752498076,-8.92857142857143,False,18.016528925619824,-3.057119871279157,348.03,387.04,62989293.54,98.6419,,,190756745.13,-32.692,3.8031,1,502159.0332,487824656.00000006,1.0,1.5,PASS,False,0.5932203389830508,348.03,387.04,-7.975999999999999,363.98199999999997,ESP-Q,58.926,2.9348,3.8031,0.16931299025946042,74.48131470588235,0.0,0.0,14.28,15.68,10,91.86712485681558,CHASE,0.8918918918918919,1,1,100.0,23,16.87837949799671,True,-3.513513513513522,突破型,0.0038023908016458128,True,False,汽车零部件,363.98199999999997,1.4547502792467129,68.0,91.16013745704467,0.7,10.0,53.81,Tier2
002969.SZ,002969,嘉美包装,20191202,主板,1281902483.85,-10.647085819183111,包装印刷,未知,801141.SI,360000,19.47,246.9708,151.7215,6.5678,7.7237,2138771.1474,2127555.5201,1185861866.6000001,True,1,0,False,False,24.1,-2.941176470588236,-35.207986688851925,-19.21161825726142,False,-10.647085819183111,-3.057119871279157,430.93,-56.32,67117949.88,100.2664,,,198717645.82,91.4658,2.3084,0,2138771.1474,1185861866.6000001,1.0,1.5,PASS,False,0.9152542372881356,430.93,-56.32,0.78,430.93,ESP-Q,246.9708,6.5678,2.3084,0.5731111781495835,151.91444,0.0,0.0,19.47,24.1,0,69.3012600229095,,0.3684210526315789,0,0,5.0,6,-6.237412988457647,False,-2.941176470588236,,-0.019561755865575747,False,False,包装印刷,430.93,1.751814597283685,68.0,36.89037800687285,0.7,0.0,25.82,Other
003043.SZ,003043,华亚智能,20210406,主板,285516462.7,9.328160818197851,半导体,未知,801081.SI,270000,62.0,98.0906,110.3273,4.6984,8.5755,829754.7544,519747.0912,450565335.59999996,False,0,0,False,False,69.51,3.6962702793109203,17.2687724607528,-10.804200834412326,False,9.328160818197851,-3.057119871279157,-73.33,-26.15,4335401.11,55.5716,,,136731172.85,1070.9708,0.4218,0,829754.7544,450565335.59999996,1.0,1.5,PASS,False,0.8813559322033898,-73.33,-26.15,21.265,-94.595,ESP-Q,98.0906,4.6984,0.4218,,141.87467999999998,0.0,0.0,62.0,69.51,0,50.0,COV-LOW,0.21739130434782608,0,1,40.0,7,-11.679660189623164,False,3.6962702793109203,,0.017824006314555434,False,False,半导体,-94.595,-0.5606006220429405,22.0,39.4,0.7,0.0,27.58,Other
603950.SH,603950,长源东谷,20200526,主板,724952214.65,11.976351351351354,汽车零部件,未知,801093.SI,280000,66.29,55.2374,54.5134,6.9401,2.4953,2148663.0732,2145189.4772,601665054.9999999,False,1,0,False,False,77.92,-5.096635647816738,65.10585305105856,-14.925564681724834,False,11.976351351351354,-3.057119871279157,6.82,60.85,79438435.31,95.8873,,,835080730.83,233.1412,2.7126,0,2148663.0732,601665054.9999999,1.0,1.5,PASS,False,0.5932203389830508,6.82,60.85,-7.975999999999999,3.41,,55.2374,6.9401,2.7126,8.099325513196481,74.48131470588235,0.0,0.0,66.29,77.92,0,90.95074455899199,,0.8243243243243243,1,1,85.0,23,10.83820192372824,True,-5.096635647816738,,-0.008261889235547264,False,False,汽车零部件,3.41,0.0834261954292199,50.0,79.7852233676976,1.0,0.0,79.79,Tier1
603610.SH,603610,麒盛科技,20191029,主板,192315361.85000002,14.952681388012623,家用轻工,未知,801142.SI,360000,18.22,61.287,68.2898,2.0668,3.6109,643150.7335,643150.7335,345121905.40000004,True,2,1,False,False,19.7,-5.595854922279797,1.27848804891606,-7.512690355329954,False,14.952681388012623,-3.057119871279157,-20.37,-41.23,42361020.87,125.636,,,414721694.9,84.9539,1.0838,0,643150.7335,345121905.40000004,1.0,1.5,PASS,False,0.6271186440677966,-20.37,-41.23,-14.92,-10.185,,61.287,2.0668,1.0838,,179.96904166666664,0.0,0.0,18.22,19.7,0,82.93241695303551,,0.7222222222222222,1,1,100.0,6,9.527649492715817,True,-5.595854922279797,,0.0017035720336371555,False,False,家用轻工,-10.185,-0.3655087931836614,32.0,81.27972508591066,1.0,0.0,81.28,Tier2
002971.SZ,002971,和远气体,20200113,主板,550924439.1499999,11.71925305859627,化学制品,未知,801034.SI,220000,34.7,121.7937,138.1763,4.0654,11.7469,734789.85,542712.6845,1050301962.4000001,True,3,2,False,True,45.33,-15.79713661732589,8.471397311659912,-23.450253695124633,False,11.71925305859627,-3.057119871279157,-4.46,-35.7,16004060.85,88.6939,,,133506829.78,23.5332,1.0624,0,734789.85,1050301962.4000001,1.0,1.5,PASS,False,0.4406779661016949,-4.46,-35.7,8.2371,-12.697099999999999,,121.7937,4.0654,1.0624,,104.193015625,0.0,0.0,34.7,45.33,0,90.83619702176404,,0.7763157894736842,1,1,100.0,23,17.422790748611142,True,-15.79713661732589,突破型,-0.010185013647217928,False,False,化学制品,-12.697099999999999,-0.14984928399472233,32.0,83.65085910652921,1.0,0.0,83.65,Tier2
601609.SH,601609,金田股份,20200422,主板,1011325852.1000001,20.913242009132425,工业金属,未知,801055.SI,240000,13.24,30.4168,29.6498,2.2616,7.5005,2288716.9675,2288716.9675,1780022312.6,False,1,1,False,False,14.54,1.846153846153853,17.688888888888886,-8.940852819807422,False,20.913242009132425,-3.057119871279157,-21.79,29.41,80865616.09,47.4937,,,1208418869.36,-1830.1662,1.6488,0,2288716.9675,1780022312.6,1.0,1.5,PASS,False,0.3559322033898305,-21.79,29.41,55.81,-77.6,ESP-Q,30.4168,2.2616,1.6488,,38.288555,0.0,0.0,13.24,14.54,0,87.5143184421535,CHASE,0.9523809523809523,1,1,75.0,7,26.226830859306638,True,1.846153846153853,,3.272430802498459e-05,True,False,工业金属,-77.6,-0.9376416906242919,22.0,68.15429553264605,0.7,0.0,47.71,Other
603195.SH,603195,公牛集团,20200206,主板,256091852.10000002,6.166868198307118,家用轻工,未知,801142.SI,360000,43.9,19.4975,19.1064,4.4548,0.4151,7936722.8718,7904916.3824,266786266.60000002,True,0,0,False,False,45.3,2.594064033652721,2.642038812251557,-3.0905077262693093,False,6.166868198307118,-3.057119871279157,15.01,-3.13,983604877.44,92.9469,,,9151856602.27,133.2857,6.1146,0,7936722.8718,266786266.60000002,1.0,1.5,PASS,False,0.6271186440677966,15.01,-3.13,-14.92,44.85,ESP-Q,19.4975,4.4548,6.1146,1.298967355096602,179.96904166666664,10.0,0.0,43.9,45.3,0,65.922107674685,,0.5555555555555556,0,1,55.0,6,0.7418363030103121,False,2.594064033652721,,-0.007872519666961853,False,False,家用轻工,44.85,-0.24921470482809407,32.0,53.6766323024055,0.7,0.0,47.57,Other
605090.SH,605090,九丰能源,20210525,主板,1562339839.65,-15.805211448099099,燃气,未知,801163.SI,410000,39.42,18.804,19.7612,2.4128,2.9041,2782721.9285,2777245.3079,793416483.4,False,1,1,False,False,49.84,-9.814687714481806,-8.453320947515097,-20.90690208667737,False,-15.805211448099099,-3.057119871279157,-16.03,0.89,392934216.88,90.4605,,,3720119207.79,11.1826,3.7701,0,2782721.9285,793416483.4,1.0,1.5,PASS,False,0.1864406779661017,-16.03,0.89,-5.75,-8.015,,18.804,2.4128,3.7701,,185.42465714285714,0.0,0.0,39.42,49.84,0,50.0,COV-LOW,0.25,0,0,5.0,3,-6.892522060743294,False,-9.814687714481806,,-0.005096982737161775,False,False,燃气,-8.015,0.08173237054321418,50.0,27.5,1.0,0.0,27.5,Other
603290.SH,603290,斯达半导,20200204,主板,1346534873.95,21.007821007821015,半导体,未知,801081.SI,270000,122.23,72.232,89.198,4.2031,6.7959,2927084.1749,2927084.1749,1844552111.6,True,1,1,False,False,135.0,-2.17687074829932,16.276636225266362,-9.459259259259255,False,21.007821007821015,-3.057119871279157,-83.49,-22.61,16793621.89,63.0704,,,759017458.61,-406.225,0.3831,0,2927084.1749,1844552111.6,1.0,1.5,PASS,False,0.8813559322033898,-83.49,-22.61,21.265,-104.755,ESP-Q,72.232,4.2031,0.3831,,141.87467999999998,0.0,0.0,122.23,135.0,0,93.47079037800687,CHASE,0.5217391304347826,0,1,55.0,7,0.0,False,-2.17687074829932,,0.00239046651157464,True,False,半导体,-104.755,-0.5945011502186102,22.0,59.94123711340206,0.7,0.0,41.96,Other
002980.SZ,002980,华盛昌,20200415,主板,1576597878.3,28.710462287104612,仪器仪表,未知,801073.SI,640000,105.8,225.0157,258.0465,17.7488,16.4665,2003864.2728,1071616.9255,1850041693.5999997,False,3,2,False,True,114.91,9.899241716007069,350.7882403067746,-7.927943608041077,False,28.710462287104612,-3.057119871279157,-37.37,-35.35,17427269.05,98.1254,,,205287342.05,66.6671,1.5804,0,2003864.2728,1850041693.5999997,1.0,1.5,PASS,False,0.6949152542372882,-37.37,-35.35,0.78,-38.15,,225.0157,17.7488,1.5804,,92.29922857142857,0.0,0.0,105.8,114.91,0,87.17067583046965,CHASE,1.0,1,1,85.0,3,30.973965253074024,True,9.899241716007069,突破型|OVERHEAT,-0.01027916830199019,True,True,仪器仪表,-38.15,-0.8258676454434382,22.0,73.05120274914088,1.0,0.0,73.05,Tier2
605289.SH,605289,罗曼股份,20210426,主板,720953251.5,-19.672260924635843,专业工程,未知,801724.SI,620000,101.47,284.7528,179.0325,11.6002,3.2009,1548538.7435,1539020.8575,536252967.4,False,3,1,False,True,175.0,-34.20011672394787,12.76950433429651,-42.01714285714285,False,-19.672260924635843,-3.057119871279157,221.94,216.6352,46238479.13,99.3749,,,125304176.19,253.9401,3.4745,0,1548538.7435,536252967.4,1.0,1.5,PASS,False,0.5254237288135594,221.94,216.6352,-11.64,245.21999999999997,,284.7528,11.6002,3.4745,1.2830170316301703,85.53638666666667,0.0,0.0,101.47,175.0,0,50.0,COV-LOW,0.06666666666666667,0,0,5.0,5,-11.131335657731922,False,-34.20011672394787,突破型,-0.0025763959871401712,False,False,专业工程,245.21999999999997,2.36769144766054,82.0,33.900000000000006,1.0,0.0,33.9,Other
601696.SH,601696,中银证券,20200226,主板,428161875.0,-3.07443365695792,证券,未知,801193.SI,490000,11.98,31.8386,29.5446,1.7196,2.3607,3328044.0,3328044.0,515521878.59999996,False,0,0,False,False,12.88,0.419111483654655,-14.306151645207443,-6.987577639751552,False,-3.07443365695792,-3.057119871279157,27.53,19.07,353278146.35,97.7098,,,2175782143.01,3321.9522,1.889,0,3328044.0,515521878.59999996,1.0,1.5,PASS,False,0.03389830508474576,27.53,19.07,31.015,-3.4849999999999994,,31.8386,1.7196,1.889,1.1565056302215764,30.001145454545455,0.0,0.0,11.98,12.88,0,71.8213058419244,,0.36363636363636365,0,0,5.0,14,-1.1906260313719608,False,0.419111483654655,,0.010000759424649017,False,False,证券,-3.4849999999999994,-0.1755935410574038,32.0,30.44639175257732,1.0,0.0,30.45,Other
002975.SZ,002975,博杰股份,20200205,主板,1559811657.05,11.808155418395216,专用设备,未知,801074.SI,640000,110.5,157.1751,98.7576,9.7723,10.6161,2299844.6328,1517762.131,1758401795.6000001,True,1,1,False,False,127.64,-3.9046873641186197,31.68871409843881,-13.4283923534942,False,11.808155418395216,-3.057119871279157,383.58,1007.58,64367751.43,97.6708,,,237285346.27,52.505,2.8394,0,2299844.6328,1758401795.6000001,1.0,1.5,PASS,False,0.6440677966101694,383.58,1007.58,-10.094999999999999,403.77,,157.1751,9.7723,2.8394,0.40975832942280616,147.6403775510204,0.0,0.0,110.5,127.64,0,89.46162657502865,,0.7777777777777778,1,1,100.0,17,11.009651444575674,True,-3.9046873641186197,,-0.025347500212977478,False,False,专用设备,403.77,1.1499141133030926,68.0,90.4384879725086,1.0,0.0,90.44,Tier1
605111.SH,605111,新洁能,20200928,主板,1369090331.8,38.3011985409067,半导体,未知,801081.SI,270000,53.08,56.0063,58.0299,5.0776,11.8347,2204585.2656,2204585.2656,1882030846.8,False,0,0,False,False,59.52,10.606376328401733,12.576882290562041,-10.819892473118287,False,38.3011985409067,-3.057119871279157,-14.84,-14.12,88647185.6,93.7637,,,934769044.53,55.4624,2.1816,0,2204585.2656,1882030846.8,1.0,1.5,PASS,False,0.8813559322033898,-14.84,-14.12,21.265,-36.105000000000004,,56.0063,5.0776,2.1816,,141.87467999999998,10.0,0.0,53.08,59.52,0,87.17067583046965,CHASE,0.9130434782608695,1,1,85.0,7,17.293377533085682,True,10.606376328401733,OVERHEAT,-0.005528751117901434,True,True,半导体,-36.105000000000004,-0.36543901840170734,32.0,75.05120274914088,1.0,0.0,85.05,Tier2
605358.SH,605358,立昂微,20200911,主板,2168109390.35,32.147460685743745,半导体,未知,801081.SI,270000,51.26,,,4.9309,10.8984,3441482.6541,3441482.6541,3312336898.0,True,2,2,False,False,57.77,-0.6781631466770022,30.101522842639582,-11.268824649472053,False,32.147460685743745,-3.057119871279157,114.3958,31.2702,11697500.0,161.9118,,,-312153300.0,,0.1003,0,3441482.6541,3312336898.0,1.0,1.5,PASS,False,0.8813559322033898,114.3958,31.2702,21.265,114.3958,ESP-Q,,4.9309,0.1003,,141.87467999999998,0.0,0.0,51.26,57.77,0,91.86712485681558,CHASE,0.8695652173913043,1,1,100.0,7,11.13963967792273,True,-0.6781631466770022,,-0.006161299594857029,True,False,半导体,114.3958,0.1367319078641244,50.0,87.56013745704468,0.7,0.0,61.29,Tier2
601975.SH,601975,招商南油,20190108,主板,1670947681.9499998,26.211453744493408,航运,未知,801176.SI,420000,5.73,20.4488,18.3849,2.2383,13.0858,2681837.5005,2681837.5005,2410337622.9999995,True,0,0,False,False,5.86,15.75757575757577,61.86440677966103,-2.2184300341296925,False,26.211453744493408,-3.057119871279157,24.68,-22.29,352024421.13,81.5134,,,3150201541.92,61.9534,3.6569,0,2681837.5005,2410337622.9999995,1.0,1.5,PASS,False,0.1016949152542373,24.68,-22.29,11.495000000000001,24.68,ESP-Q,20.4488,2.2383,3.6569,0.8285575364667747,29.364757142857144,0.0,0.0,5.73,5.86,0,74.68499427262314,CHASE,1.0,1,1,100.0,3,30.60705814009781,True,15.75757575757577,OVERHEAT,0.015666224320615207,True,True,航运,24.68,0.09240907424594696,50.0,82.40549828178695,0.7,0.0,57.68,Tier2
601702.SH,601702,华峰铝业,20200907,主板,162946757.59999996,-8.004002001000487,工业金属,未知,801055.SI,240000,18.39,15.2788,15.5819,2.749,1.2283,1836297.7734,1836297.7734,202732957.60000002,True,0,0,False,False,20.36,2.794857462269418,-20.07822685788788,-9.67583497053045,False,-8.004002001000487,-3.057119871279157,-3.66,-3.89,238262897.46,98.09,,,2795294646.6000004,-11.63,3.7045,0,1836297.7734,202732957.60000002,1.0,1.5,PASS,False,0.3559322033898305,-3.66,-3.89,55.81,-59.47,ESP-Q,15.2788,2.749,3.7045,,38.288555,0.0,0.0,18.39,20.36,0,87.5143184421535,,0.3333333333333333,0,0,5.0,7,-2.6904131508262754,False,2.794857462269418,,0.012495502087845122,False,False,工业金属,-59.47,-0.8320543395889943,22.0,33.154295532646046,0.7,0.0,23.21,Other
002993.SZ,002993,奥海科技,20200817,主板,486516932.5499999,26.056910569105685,电子制造,未知,801085.SI,270000,62.02,40.5315,49.7249,3.5303,5.0007,1712000.08,1478847.8785,634884163.5999999,True,1,1,False,False,66.22,4.9407783417935836,29.613375130616504,-6.3424947145877315,False,26.056910569105685,-3.057119871279157,-88.21,-18.49,12653227.72,27.1236,,,826649736.2,352.9756,0.9635,0,1712000.08,634884163.5999999,1.0,1.5,PASS,False,0.5084745762711864,-88.21,-18.49,-24.905,-44.105,ESP-Q,40.5315,3.5303,0.9635,,72.22433125,0.0,0.0,62.02,66.22,0,85.6815578465063,CHASE,0.9166666666666666,1,1,100.0,11,21.389954033491698,True,4.9407783417935836,,0.0028366434594934704,True,False,电子制造,-44.105,-0.4757603445738103,32.0,82.10446735395189,0.7,0.0,57.47,Tier2
603565.SH,603565,中谷物流,20200925,主板,184679059.14999998,-11.386138613861373,航运,未知,801176.SI,420000,10.74,11.2714,11.3844,2.0574,0.3873,2255467.7726,2255467.7726,121080853.39999999,False,0,0,False,False,12.4,1.0348071495766664,3.2692307692307576,-13.387096774193552,False,-11.386138613861373,-3.057119871279157,11.89,41.01,494345153.6,93.8049,,,3996974882.6099997,95.4296,4.9209,0,2255467.7726,121080853.39999999,1.0,1.5,PASS,False,0.1016949152542373,11.89,41.01,11.495000000000001,0.3949999999999996,,11.2714,2.0574,4.9209,0.947973086627418,29.364757142857144,10.0,0.0,10.74,12.4,0,87.17067583046965,,0.2857142857142857,0,0,5.0,3,-6.990534218256971,False,1.0348071495766664,,-0.0035265686478797185,False,False,航运,0.3949999999999996,-0.20931147845624745,32.0,35.05120274914089,1.0,0.0,45.05,Other
002988.SZ,002988,豪美新材,20200518,主板,186430460.60000002,-5.313588850174211,工业金属,未知,801055.SI,240000,32.61,68.8091,69.747,3.0284,2.3367,814509.316,814509.316,232835636.6,True,1,1,False,False,35.86,4.118773946360155,-13.386454183266927,-9.063022866703852,False,-5.313588850174211,-3.057119871279157,3.05,-41.76,41158383.8,103.4794,,,388318480.3,-286.928,1.4687,0,814509.316,232835636.6,1.0,1.5,PASS,False,0.3559322033898305,3.05,-41.76,55.81,-52.760000000000005,ESP-Q,68.8091,3.0284,1.4687,22.560360655737707,38.288555,0.0,0.0,32.61,35.86,0,87.17067583046965,,0.5238095238095238,0,0,5.0,7,0.0,False,4.118773946360155,,0.0132734839594782,False,False,工业金属,-52.760000000000005,-0.7929759542913193,22.0,33.05120274914089,0.7,0.0,23.14,Other
605168.SH,605168,三人行,20200528,主板,743974871.2,48.58743302484167,营销传播,未知,801751.SI,720000,61.01,67.7172,100.8993,4.7035,5.9017,1286194.4316,1286194.4316,829185289.1999999,True,4,1,False,True,65.0,0.5604087687489656,45.60859188544153,-6.138461538461537,False,48.58743302484167,-3.057119871279157,192.02,-16.38,53211611.14,483.8133,,,532929934.08,-1809.4106,0.403,0,1286194.4316,829185289.1999999,1.0,1.5,PASS,False,1.0,192.02,-16.38,20.09,192.02,ESP-Q,67.7172,4.7035,0.403,0.35265701489428186,185.31451428571427,0.0,0.0,61.01,65.0,0,87.62886597938144,CHASE,1.0,1,1,100.0,3,55.067879952215975,True,0.5604087687489656,突破型,0.003332355184483978,True,False,营销传播,192.02,0.33996030998070265,50.0,86.28865979381443,0.7,0.0,60.4,Tier2
605389.SH,605389,长龄液压,20210322,主板,385572625.6,41.42165984369186,通用机械,未知,801072.SI,640000,114.0,130.1266,123.4104,7.6152,1.4294,1642592.598,1553441.064,296604969.8,True,0,0,False,False,132.58,-7.317073170731703,56.59340659340659,-14.014180117664809,False,41.42165984369186,-3.057119871279157,21.04,12.39,35953438.31,95.3814,,,301523018.55,22.1494,1.7777,0,1642592.598,296604969.8,1.0,1.5,PASS,False,0.7796610169491526,21.04,12.39,1.3,21.04,,130.1266,7.6152,1.7777,6.1847243346007605,114.34343529411765,0.0,0.0,114.0,132.58,0,50.0,COV-LOW,0.9767441860465116,1,1,100.0,13,33.11930544468318,True,-7.317073170731703,,-0.002837848221107251,True,False,通用机械,21.04,0.2867720635052062,50.0,75.0,1.0,0.0,75.0,Tier2
605366.SH,605366,宏柏新材,20200812,主板,466002002.15,-15.401146131805154,化学制品,未知,801034.SI,220000,11.81,,,3.4245,4.7952,916547.7637,916547.7637,526841943.8,False,1,1,False,False,14.57,0.08474576271186862,47.62500000000001,-18.943033630748108,False,-15.401146131805154,-3.057119871279157,-295.14,-313.9887,-32082382.01,,,,-302263815.87,,-1.1886,0,916547.7637,526841943.8,1.0,1.5,PASS,False,0.4406779661016949,-295.14,-313.9887,8.2371,-303.3771,,,3.4245,-1.1886,,104.193015625,0.0,0.0,11.81,14.57,0,87.17067583046965,,0.13157894736842105,0,0,5.0,23,-9.697608441790283,False,0.08474576271186862,,0.012466357320255162,False,False,化学制品,-303.3771,-0.7841409730461596,22.0,33.05120274914089,1.0,0.0,33.05,Other
003021.SZ,003021,兆威机电,20201204,主板,674448255.9000001,11.158755484643002,电机,未知,801731.SI,630000,111.47,117.2794,123.9876,5.8044,5.8664,2982323.0003,2311513.8182,1308392125.6,True,0,0,False,False,117.5,5.170299084819319,-12.027464288532864,-5.131914893617018,False,11.158755484643002,-3.057119871279157,-31.89,22.6,32139133.45,78.4805,,,514212954.09,88.5769,0.9503,0,2982323.0003,1308392125.6,1.0,1.5,PASS,False,0.9661016949152542,-31.89,22.6,-5.324999999999999,-15.945,ESP-Q,117.2794,5.8044,0.9503,,176.7947,0.0,0.0,111.47,117.5,0,87.17067583046965,,0.8,1,1,100.0,4,5.160221739630389,True,5.170299084819319,,0.027022739941295247,False,False,电机,-15.945,-0.5940232738623324,22.0,80.55120274914088,0.7,0.0,56.39,Tier2
003001.SZ,003001,中岩大地,20201013,主板,159970779.80000004,32.9225352112676,专业工程,未知,801724.SI,620000,22.65,285.7196,392.4056,3.3025,13.5236,395125.4108,258809.0766,356314054.4,True,1,1,False,False,23.75,15.033011681056351,15.679264555669059,-4.631578947368431,False,32.9225352112676,-3.057119871279157,-77.3,-94.25,2105048.65,31.8248,,,44481043.46,-714.9103,0.5546,0,395125.4108,356314054.4,1.0,1.5,PASS,False,0.5254237288135594,-77.3,-94.25,-11.64,-38.65,ESP-Q,285.7196,3.3025,0.5546,,85.53638666666667,0.0,10.0,22.65,23.75,0,87.17067583046965,CHASE,0.9333333333333333,1,1,100.0,5,41.46346047817152,True,15.033011681056351,OVERHEAT,0.031911031974936256,True,True,专业工程,-38.65,-0.7101975626128691,22.0,80.55120274914088,0.7,10.0,46.39,Other
605388.SH,605388,均瑶健康,20200818,主板,192912481.95000005,-17.73584905660377,饮料制造,未知,801123.SI,340000,6.54,,,2.556,1.7734,392716.536,392716.536,65443313.0,True,0,0,False,False,9.1,-4.941860465116276,-5.354558610709114,-28.13186813186813,False,-17.73584905660377,-3.057119871279157,7.49,-243.3224,7556333.66,87.2065,,,-201444709.61,-786.5166,0.5655,1,392716.536,65443313.0,1.0,1.5,PASS,False,0.2711864406779661,7.49,-243.3224,2.46,7.49,ESP-Q,,2.556,0.5655,,41.77951363636364,0.0,0.0,6.54,9.1,10,87.17067583046965,,0.08,0,0,5.0,8,-15.609864804635265,False,-4.941860465116276,,0.0005719453108430328,False,False,饮料制造,7.49,0.28947939116767857,50.0,38.65120274914089,0.7,10.0,17.06,Other
605222.SH,605222,起帆电缆,20200731,主板,820710164.6,12.24615384615384,高低压设备,未知,801734.SI,630000,36.48,88.2023,76.7907,3.2003,5.1057,1506271.3369,1506271.3369,560705377.4,False,1,0,False,False,43.99,-3.848181338956247,75.30033637674194,-17.07206183223461,False,12.24615384615384,-3.057119871279157,44.56,22.83,91762462.76,96.2467,,,590655105.88,-780.9446,1.9879,0,1506271.3369,560705377.4,1.0,1.5,PASS,False,0.4745762711864407,44.56,22.83,10.365,44.56,ESP-Q,88.2023,3.2003,1.9879,1.9794052962298023,142.6951,0.0,0.0,36.48,43.99,0,87.5143184421535,,0.7741935483870968,1,1,75.0,10,17.724781179085813,True,-3.848181338956247,,-0.011002605325456298,False,False,高低压设备,44.56,0.28477378269064363,50.0,73.75429553264604,0.7,0.0,51.63,Tier2
605318.SH,605318,法狮龙,20200803,主板,302477088.45000005,8.585580627407818,其他建材,未知,801713.SI,610000,98.65,,40071.6175,19.3968,1.9471,1240316.8612,1240316.8612,350638041.0,True,1,1,False,False,107.69,10.842696629213489,29.461942257217856,-8.394465595691326,False,8.585580627407818,-3.057119871279157,83.1385,65.8,-1506385.88,,,,-25667364.54,,-0.1537,0,1240316.8612,350638041.0,1.0,1.5,PASS,False,0.3389830508474576,83.1385,65.8,-12.22,107.57849999999999,,,19.3968,-0.1537,,33.882133333333336,0.0,0.0,98.65,107.69,0,87.17067583046965,,0.5,0,1,55.0,3,-0.6137517423708605,False,10.842696629213489,OVERHEAT,0.014630072235457604,False,True,其他建材,107.57849999999999,0.6284038023908489,50.0,63.65120274914089,1.0,0.0,63.65,Tier2
003019.SZ,003019,宸展光电,20201117,主板,256616740.00000006,5.939187269110557,光学光电子,未知,801084.SI,270000,37.28,33.9583,38.2926,3.8267,7.8618,659411.2645,637389.0365,396740488.8,True,0,0,False,False,38.81,1.9972640218878457,18.915470494417864,-3.9422829167740314,False,5.939187269110557,-3.057119871279157,-39.55,29.87,24226962.19,87.4505,,,412383189.1,4.0578,1.6151,0,659411.2645,396740488.8,1.0,1.5,PASS,False,0.9491525423728814,-39.55,29.87,-19.355800000000002,-19.775,,33.9583,3.8267,1.6151,,229.99712142857143,10.0,0.0,37.28,38.81,0,87.17067583046965,,0.55,0,1,55.0,7,0.1814895453359444,False,1.9972640218878457,,0.021313050788263403,False,False,光学光电子,-19.775,-0.075757102095259,32.0,60.05120274914089,1.0,0.0,70.05,Tier2
605133.SH,605133,嵘泰股份,20210224,主板,463053819.25,27.355901189386998,汽车零部件,未知,801093.SI,280000,41.76,61.8838,63.0587,3.0908,6.2181,1180843.9788,1178125.2357,589059025.6,True,0,0,False,False,43.8,5.748290706507975,30.01245330012454,-4.657534246575345,False,27.355901189386998,-3.057119871279157,-14.29,15.78,38342933.75,85.8347,,,410035020.31,151.0043,1.174,0,1180843.9788,589059025.6,1.0,1.5,PASS,False,0.5932203389830508,-14.29,15.78,-7.975999999999999,-7.145,,61.8838,3.0908,1.174,,74.48131470588235,0.0,0.0,41.76,43.8,0,83.27605956471936,CHASE,0.972972972972973,1,1,100.0,23,26.217751761763886,True,5.748290706507975,,-0.01448863282852994,True,False,汽车零部件,-7.145,0.04328351739350543,50.0,84.98281786941581,1.0,0.0,84.98,Tier2
605255.SH,605255,天普股份,20200825,主板,206530622.60000002,-15.218517878735538,汽车零部件,未知,801093.SI,280000,98.16,503.3652,875.0111,16.1922,0.9352,1316129.28,1316129.28,149217172.2,False,1,1,False,False,122.1,-3.858961802154748,-27.348086744134413,-19.606879606879602,False,-15.218517878735538,-3.057119871279157,-73.0,-20.89,2009145.64,,,,44039697.34,504.5276,-0.2924,0,1316129.28,149217172.2,1.0,1.5,PASS,False,0.5932203389830508,-73.0,-20.89,-7.975999999999999,-36.5,,503.3652,16.1922,-0.2924,,74.48131470588235,0.0,0.0,98.16,122.1,0,87.17067583046965,,0.06756756756756757,0,0,5.0,23,-16.356667306358652,False,-3.858961802154748,,-0.008049141264985871,False,False,汽车零部件,-36.5,-0.0683591461534769,32.0,35.05120274914089,1.0,0.0,35.05,Other
605077.SH,605077,华康股份,20210209,主板,336962684.0,20.44270833333335,食品加工,未知,801124.SI,340000,18.5,27.9902,39.6401,1.8272,8.0696,560642.6018,553944.6768,382595754.8,True,0,0,False,False,19.44,2.20994475138121,16.498740554156164,-4.835390946502061,False,20.44270833333335,-3.057119871279157,,-33.5,,,,,446082266.22,-103.9809,0.6817,0,560642.6018,382595754.8,1.0,1.5,PASS,False,0.288135593220339,,-33.5,8.68,0.0,DATA-INC,27.9902,1.8272,0.6817,,51.683299999999996,0.0,0.0,18.5,19.44,0,83.27605956471936,CHASE,0.9411764705882353,1,1,100.0,6,16.9253035584108,True,2.20994475138121,,0.1116319451205642,True,False,食品加工,0.0,0.001785371626841286,50.0,84.98281786941581,1.0,0.0,84.98,Tier2
605055.SH,605055,迎丰股份,20210129,主板,169273835.95,22.80219780219781,纺织制造,未知,801131.SI,350000,13.41,,,6.0068,5.5826,590040.0,590040.0,182705075.60000002,True,1,1,False,False,14.2,4.195804195804209,33.43283582089551,-5.563380281690133,False,22.80219780219781,-3.057119871279157,-103.18,-220.03,-19876703.85,,,,-129331078.95,,-1.8143,0,590040.0,182705075.60000002,1.0,1.5,PASS,False,0.4915254237288136,-103.18,-220.03,2.285,-105.465,,,6.0068,-1.8143,,73.3666625,0.0,0.0,13.41,14.2,0,87.17067583046965,CHASE,1.0,1,1,100.0,3,36.44626559880799,True,4.195804195804209,,-0.008257242122509265,True,False,纺织制造,-105.465,-0.4086146167441605,32.0,82.55120274914088,1.0,0.0,82.55,Tier2
003023.SZ,003023,彩虹集团,20201211,主板,193641762.9,1.828094932649127,白色家电,未知,801111.SI,330000,31.75,52.53,64.813,2.1074,7.5397,334459.58,333756.997,128889892.4,True,0,0,False,False,34.3,4.200853298326224,35.279079676182356,-7.434402332361511,False,1.828094932649127,-3.057119871279157,-34.38,-41.28,19213023.13,100.6442,,,172370679.35,710.4002,1.2102,0,334459.58,128889892.4,1.0,1.5,PASS,False,0.23728813559322035,-34.38,-41.28,-17.555,-17.19,,52.53,2.1074,1.2102,,53.917895,0.0,0.0,31.75,34.3,0,87.17067583046965,,0.5,0,1,55.0,8,-0.34381416889556204,False,4.200853298326224,,0.0017482361497498059,False,False,白色家电,-17.19,-0.215495091009095,32.0,60.05120274914089,1.0,0.0,60.05,Tier2
003007.SZ,003007,直真科技,20200923,主板,367448557.4500001,20.916777926123743,计算机应用,未知,801222.SI,710000,54.34,366.612,276.1168,4.2685,13.8593,649767.5178,394441.3281,491122147.2,False,3,2,False,True,57.0,5.617103984450922,20.114942528735625,-4.666666666666663,False,20.916777926123743,-3.057119871279157,21.1,-74.33,-23437265.24,,,,-109809753.31,,-2.6676,0,649767.5178,491122147.2,1.0,1.5,PASS,False,0.7627118644067796,21.1,-74.33,-4.9399999999999995,30.979999999999997,ESP-Q,366.612,4.2685,-2.6676,17.374976303317535,143.4918742857143,0.0,10.0,54.34,57.0,0,87.17067583046965,CHASE,0.9615384615384616,1,1,75.0,16,24.89950012352361,True,5.617103984450922,突破型,0.02984139606985333,True,False,计算机应用,30.979999999999997,0.10488765600390758,50.0,73.6512027491409,0.7,10.0,41.56,Other
605186.SH,605186,健麾信息,20201222,主板,164713298.49999997,24.19839679358717,专用设备,未知,801074.SI,640000,24.79,109.5244,109.5714,3.0474,5.679,337144.0,337144.0,280574974.40000004,True,1,1,False,False,27.51,-3.2774092859929715,11.616389013957672,-9.887313704107603,False,24.19839679358717,-3.057119871279157,1.61,-8.01,3346716.23,98.0603,,,32103249.1,-1806.7034,0.309,0,337144.0,280574974.40000004,1.0,1.5,PASS,False,0.6440677966101694,1.61,-8.01,-10.094999999999999,0.805,ESP-Q,109.5244,3.0474,0.309,68.02757763975156,147.6403775510204,0.0,0.0,24.79,27.51,0,87.17067583046965,CHASE,0.9259259259259259,1,1,100.0,17,23.39989281976763,True,-3.2774092859929715,,-0.008321056162673954,True,False,专用设备,0.805,-0.2200052830028117,32.0,82.55120274914088,0.7,0.0,57.79,Tier2
003026.SZ,003026,中晶科技,20201218,主板,735610496.5000001,22.669152903569522,半导体,未知,801081.SI,270000,46.05,138.5684,119.7226,8.7619,14.6738,596895.495,445719.792,603765758.4000001,True,1,0,False,False,54.06,-5.441478439425063,36.80926916221034,-14.816870144284133,False,22.669152903569522,-3.057119871279157,104.94,97.82,13140192.02,94.8806,,,106728397.65,58.1424,2.0538,0,596895.495,603765758.4000001,1.0,1.5,PASS,False,0.8813559322033898,104.94,97.82,21.265,104.94,,138.5684,8.7619,2.0538,1.3204535925290641,141.87467999999998,0.0,0.0,46.05,54.06,0,87.17067583046965,CHASE,0.6086956521739131,0,1,55.0,7,1.661331895748507,False,-5.441478439425063,,-0.010181962801431714,True,False,半导体,104.94,0.1051810599976383,50.0,63.65120274914089,1.0,0.0,63.65,Tier2
603112.SH,603112,华翔股份,20200917,主板,277284241.7,7.994186046511631,白色家电,未知,801111.SI,330000,22.29,21.5746,21.0522,2.729,4.1842,1203573.9628,1191637.9799,257550146.79999998,True,0,0,False,False,23.15,0.22482014388489624,27.66323024054982,-3.7149028077753776,False,7.994186046511631,-3.057119871279157,4.52,20.85,120049689.0,81.766,,,1237750077.58,-23.8355,3.3061,0,1203573.9628,257550146.79999998,1.0,1.5,PASS,False,0.23728813559322035,4.52,20.85,-17.555,2.26,ESP-Q,21.5746,2.729,3.3061,4.7731415929203544,53.917895,0.0,0.0,22.29,23.15,0,87.17067583046965,,0.75,1,1,100.0,8,5.8222769449669425,True,0.22482014388489624,,-0.0075446288879472845,False,False,白色家电,2.26,-0.13749810062521223,32.0,82.55120274914088,0.7,0.0,57.79,Tier1
605268.SH,605268,王力安防,20210224,主板,171603720.74999997,-13.291139240506322,家用轻工,未知,801142.SI,360000,10.96,38.9192,37.4201,2.8363,1.1662,489147.54,482842.8,58303175.6,False,0,0,False,False,14.23,-6.643952299829636,-3.2656663724624835,-22.97962052002811,False,-13.291139240506322,-3.057119871279157,26.31,-21.67,15768017.59,54.6883,,,277340689.53,191.906,1.6859,0,489147.54,58303175.6,1.0,1.5,PASS,False,0.6271186440677966,26.31,-21.67,-14.92,56.15,ESP-Q,38.9192,2.8363,1.6859,1.4792550361079437,179.96904166666664,0.0,0.0,10.96,14.23,0,83.27605956471936,,0.1111111111111111,0,0,5.0,6,-18.71617113580313,False,-6.643952299829636,,0.00671404431595131,False,False,家用轻工,56.15,-0.22533675082758692,32.0,33.88281786941581,0.7,0.0,23.72,Other
605060.SH,605060,联德股份,20210301,主板,580504578.0,-10.678807947019864,通用机械,未知,801072.SI,640000,53.95,57.0057,53.2221,5.1353,2.3957,1297993.84,1289083.458,358388897.99999994,False,1,0,False,False,67.92,-4.950669485553194,-8.837445082798235,-20.56831566548881,False,-10.678807947019864,-3.057119871279157,36.17,20.29,60755580.25,97.4462,,,562306237.98,119.8882,2.4961,0,1297993.84,358388897.99999994,1.0,1.5,PASS,False,0.7796610169491526,36.17,20.29,1.3,36.17,,57.0057,5.1353,2.4961,1.5760492120541885,114.34343529411765,0.0,0.0,53.95,67.92,0,83.27605956471936,,0.16279069767441862,0,0,5.0,13,-18.981162346028547,False,-4.950669485553194,,-0.013638842025617257,False,False,通用机械,36.17,0.3271640252519885,50.0,37.48281786941581,1.0,0.0,37.48,Other
003018.SZ,003018,金富科技,20201106,主板,900146017.6999999,40.653319283456256,包装印刷,未知,801141.SI,360000,66.74,172.0048,180.8455,10.7024,6.3553,1735240.0,1584324.175,1247622099.2,True,5,3,False,True,71.56,12.850862360500503,192.20665499124343,-6.735606484069323,False,40.653319283456256,-3.057119871279157,-4.12,-31.73,20327451.78,98.6574,,,249549706.39000002,-106.3391,1.2789,0,1735240.0,1247622099.2,1.0,1.5,PASS,False,0.9152542372881356,-4.12,-31.73,0.78,-4.9,ESP-Q,172.0048,10.7024,1.2789,,151.91444,0.0,0.0,66.74,71.56,0,87.17067583046965,CHASE,0.9473684210526315,1,1,100.0,6,45.06299211418172,True,12.850862360500503,突破型|OVERHEAT,0.02648339568140547,True,True,包装印刷,-4.9,-0.2484800425169222,32.0,82.55120274914088,0.7,0.0,57.79,Tier2
605117.SH,605117,德业股份,20210420,主板,2186904086.9,17.928816166701633,白色家电,未知,801111.SI,330000,168.65,48.3679,41.9815,13.2613,1.7936,15336340.4457,15336340.4457,2789416990.2,True,0,0,False,False,174.56,12.18652298277123,78.27695560253703,-3.3856553620531638,False,17.928816166701633,-3.057119871279157,87.25,8.2,1147046203.37,96.5613,,,7922437887.96,133.1371,10.8612,0,15336340.4457,2789416990.2,1.0,1.5,PASS,False,0.23728813559322035,87.25,8.2,-17.555,122.36000000000001,ESP-Q,48.3679,13.2613,10.8612,0.5543598853868195,53.917895,0.0,0.0,168.65,174.56,0,50.0,COV-LOW,0.875,1,1,100.0,8,15.756907065156945,True,12.18652298277123,OVERHEAT,-0.009923070052879191,True,True,白色家电,122.36000000000001,0.3441182770151129,50.0,75.0,0.7,0.0,52.5,Tier2
605058.SH,605058,澳弘电子,20201021,主板,153074711.65,-3.624338624338619,元件,未知,801083.SI,270000,36.43,34.1545,34.9621,2.8652,2.8953,520671.9499,520671.9499,122662595.60000002,False,0,0,False,False,40.4,-2.801494130202764,14.200626959247664,-9.826732673267324,False,-3.624338624338619,-3.057119871279157,-14.48,12.27,30034098.5,90.7442,,,348533838.88,73.2943,1.8102,0,520671.9499,122662595.60000002,1.0,1.5,PASS,False,0.7457627118644068,-14.48,12.27,2.79,-17.27,,34.1545,2.8652,1.8102,,204.28836129032257,0.0,0.0,36.43,40.4,0,91.86712485681558,,0.18181818181818182,0,0,5.0,10,-14.46822648544579,False,-2.801494130202764,,-0.006432442559091778,False,False,元件,-17.27,-0.295209676618489,32.0,36.460137457044674,1.0,0.0,36.46,Other
605277.SH,605277,新亚电子,20210106,主板,155364365.79999998,-9.087136929460582,电子制造,未知,801085.SI,270000,21.91,32.1809,32.5936,4.0678,3.2402,709857.3772,697033.3096,153194741.6,True,0,0,False,False,24.69,-6.207191780821919,-14.58089668615984,-11.25961927906035,False,-9.087136929460582,-3.057119871279157,-5.76,44.95,47952683.51,107.821,,,520227451.84999996,59.8185,2.5812,0,709857.3772,153194741.6,1.0,1.5,PASS,False,0.5084745762711864,-5.76,44.95,-24.905,-2.88,,32.1809,4.0678,2.5812,,72.22433125,10.0,0.0,21.91,24.69,0,87.17067583046965,,0.1388888888888889,0,0,5.0,11,-13.754093465074568,False,-6.207191780821919,,0.008991105633986226,False,False,电子制造,-2.88,-0.3340047484911338,32.0,35.05120274914089,1.0,0.0,45.05,Other
605196.SH,605196,华通线缆,20210511,主板,545192871.75,-18.31713872234856,高低压设备,未知,801734.SI,630000,39.51,70.6648,65.4338,5.9628,1.9952,2018851.0871,1995107.9477,523279086.8,True,0,0,False,False,50.1,-4.909747292418776,-9.89737742303307,-21.137724550898206,False,-18.31713872234856,-3.057119871279157,-32.94,-12.13,22135647.86,34.295,,,671738133.97,-121.3136,1.9201,0,2018851.0871,523279086.8,1.0,1.5,PASS,False,0.4745762711864407,-32.94,-12.13,10.365,-43.305,ESP-Q,70.6648,5.9628,1.9201,,142.6951,0.0,0.0,39.51,50.1,0,50.0,COV-LOW,0.12903225806451613,0,0,5.0,10,-12.838511389416587,False,-4.909747292418776,,-0.0130417973888122,False,False,高低压设备,-43.305,-0.38708894960804613,32.0,23.9,0.7,0.0,16.73,Other
603931.SH,603931,格林达,20200819,主板,468552176.8,56.128221244500324,其他电子,未知,801082.SI,270000,49.68,80.9216,82.6118,4.968,7.4904,991406.0318,991406.0318,510399515.5999999,False,3,0,False,False,55.78,7.323395981853542,54.42959278831208,-10.935819290068128,False,56.128221244500324,-3.057119871279157,-8.59,-22.07,25250200.27,86.1301,,,264503885.93,91.3314,1.4853,0,991406.0318,510399515.5999999,1.0,1.5,PASS,False,0.8135593220338984,-8.59,-22.07,16.535,-25.125,,80.9216,4.968,1.4853,,108.22777500000001,0.0,0.0,49.68,55.78,0,87.17067583046965,CHASE,1.0,1,1,75.0,6,58.016224131517376,True,7.323395981853542,,-0.006366444075025776,True,False,其他电子,-25.125,-0.6505883383962763,22.0,68.05120274914088,1.0,0.0,68.05,Tier2
605376.SH,605376,博迁新材,20201208,主板,1612237209.1999998,30.291697830964857,稀有金属,未知,801054.SI,240000,139.36,166.3259,150.0593,20.7104,7.0174,3645657.6,3645657.6,2044955990.8,True,3,1,False,True,148.9,13.300813008130085,31.248822753814288,-6.406984553391537,False,30.291697830964857,-3.057119871279157,63.99,184.0,68154340.15,95.1527,,,515394026.42,-184.8509,4.1222,0,3645657.6,2044955990.8,1.0,1.5,PASS,False,0.8983050847457628,63.99,184.0,108.81,-44.82,ESP-Q,166.3259,20.7104,4.1222,2.5992483200500076,123.306975,0.0,0.0,139.36,148.9,0,98.73997709049256,CHASE,1.0,1,1,100.0,5,39.45930160233817,True,13.300813008130085,突破型|OVERHEAT,0.002122089668432972,True,True,稀有金属,-44.82,-0.5317675702188539,22.0,84.02199312714777,0.7,0.0,58.82,Tier2
600916.SH,600916,中国黄金,20210205,主板,234934189.49999994,-11.013215859030833,家用轻工,未知,801142.SI,360000,8.08,49.2836,44.5617,1.859,1.782,1357440.0,1357440.0,229545272.8,False,0,0,False,False,9.2,-3.464755077658288,-25.115848007414264,-12.173913043478258,False,-11.013215859030833,-3.057119871279157,21.6,-69.58,162012578.85,98.9429,,,1008983420.41,-464.7144,2.2679,0,1357440.0,229545272.8,1.0,1.5,PASS,False,0.6271186440677966,21.6,-69.58,-14.92,51.440000000000005,ESP-Q,49.2836,1.859,2.2679,2.281648148148148,179.96904166666664,0.0,0.0,8.08,9.2,0,87.17067583046965,,0.16666666666666666,0,0,5.0,6,-16.43824775432764,False,-3.464755077658288,,0.0031753647907724366,False,False,家用轻工,51.440000000000005,-0.2352894201499222,32.0,35.05120274914089,0.7,0.0,24.54,Other
605319.SH,605319,无锡振华,20210607,主板,171847360.75,-6.543438077634011,汽车零部件,未知,801093.SI,280000,25.28,19.0255,18.7732,3.0962,1.7295,885046.5331,880127.0451,162218240.6,True,0,0,False,False,28.27,-3.548264021365888,1.4853472501003662,-10.576582950123804,False,-6.543438077634011,-3.057119871279157,7.86,24.84,99539911.37,98.7537,,,1073927582.23,57.9513,3.5654,0,885046.5331,162218240.6,1.0,1.5,PASS,False,0.5932203389830508,7.86,24.84,-7.975999999999999,3.93,,19.0255,3.0962,3.5654,2.4205470737913486,74.48131470588235,10.0,0.0,25.28,28.27,0,50.0,COV-LOW,0.28378378378378377,0,0,5.0,23,-7.681587505257125,False,-3.548264021365888,,0.010967571277284923,False,False,汽车零部件,3.93,0.08540385460293581,50.0,27.5,1.0,0.0,37.5,Other
605162.SH,605162,新中港,20210707,主板,233768173.79999998,-24.603174603174605,电力,未知,801161.SI,410000,10.45,35.26,36.2346,3.057,3.2614,434141.9259,434141.9259,147419968.2,False,0,0,False,False,14.6,-7.766990291262143,13.958560523446017,-28.424657534246577,False,-24.603174603174605,-3.057119871279157,-29.42,-16.2,10240627.68,84.3411,,,265705880.66,43.0332,0.9169,0,434141.9259,147419968.2,1.0,1.5,PASS,False,0.3050847457627119,-29.42,-16.2,0.02,-29.44,,35.26,3.057,0.9169,,55.30460465116279,0.0,0.0,10.45,14.6,0,50.0,COV-LOW,0.022727272727272728,0,0,5.0,14,-24.36852261819632,False,-7.766990291262143,,-0.021911551190218745,False,False,电力,-29.44,-0.4330110452543946,32.0,23.9,1.0,0.0,23.9,Other
605305.SH,605305,中际联合,20210506,主板,322906544.6499999,-12.460063897763584,专用设备,未知,801074.SI,640000,41.1,16.4699,15.5799,2.8508,2.6983,873457.2,873457.2,213233261.20000002,False,0,0,False,False,48.9,-5.798762319504935,4.367699339766373,-15.95092024539877,False,-12.460063897763584,-3.057119871279157,29.34,85.82,120458124.99,93.5021,,,1279999145.5,-5.9998,4.2918,0,873457.2,213233261.20000002,1.0,1.5,PASS,False,0.6440677966101694,29.34,85.82,-10.094999999999999,49.53,ESP-Q,16.4699,2.8508,4.2918,0.561346284935242,147.6403775510204,10.0,0.0,41.1,48.9,0,50.0,COV-LOW,0.16666666666666666,0,0,5.0,17,-13.258567871583127,False,-5.798762319504935,,-0.0015371428670582113,False,False,专用设备,49.53,-0.05435982350879809,32.0,23.9,0.7,0.0,26.73,Other
003031.SZ,003031,中瓷电子,20210104,主板,2147949861.95,25.265306122448973,通信设备,未知,801102.SI,730000,153.45,123.009,109.325,10.4729,4.8692,6921406.1214,5219704.5001,2660406761.9999995,True,2,2,False,False,175.97,-4.452054794520555,108.01138674257827,-12.797635960675125,False,25.265306122448973,-3.057119871279157,66.97,15.13,189683294.62,98.1272,,,1408980386.09,162.4616,2.9688,0,6921406.1214,2660406761.9999995,1.0,1.5,PASS,False,0.9830508474576272,66.97,15.13,4.779999999999999,66.97,,123.009,10.4729,2.9688,1.8367776616395401,182.74448076923076,0.0,0.0,153.45,175.97,0,87.17067583046965,CHASE,0.925,1,1,100.0,13,26.093053164866802,True,-4.452054794520555,,-0.02412485242764045,True,False,通信设备,66.97,-0.005067450842787456,32.0,82.55120274914088,1.0,0.0,82.55,Tier2
603171.SH,603171,税友股份,20210630,主板,461549610.04999995,-6.394466003036959,计算机应用,未知,801222.SI,710000,55.48,165.4704,157.9017,8.7507,1.3089,2254402.06,2251877.72,301836873.99999994,True,0,0,False,False,64.44,-3.445875391576758,-16.93367270549485,-13.904407200496582,False,-6.394466003036959,-3.057119871279157,33.28,7.96,28843589.37,92.2222,,,277774643.78,-1259.2972,1.2214,1,2254402.06,301836873.99999994,1.0,1.5,PASS,False,0.7627118644067796,33.28,7.96,-4.9399999999999995,43.16,ESP-Q,165.4704,8.7507,1.2214,4.972067307692308,143.4918742857143,0.0,0.0,55.48,64.44,10,50.0,COV-LOW,0.40384615384615385,0,0,5.0,16,-2.411743805637091,False,-3.445875391576758,,-0.008738792084771872,False,False,计算机应用,43.16,0.15629968001073508,50.0,27.5,0.7,10.0,9.25,Other
001299.SZ,001299,美能能源,20221031,主板,155333616.20000002,-19.092755585646582,燃气,未知,801163.SI,410000,11.95,36.6374,36.218,3.3449,4.8322,375487.1485,338035.9548,162783668.40000004,True,0,0,False,False,15.66,2.3116438356164393,-9.125475285171113,-23.69093231162197,False,-19.092755585646582,-3.057119871279157,6.58,19.11,26174778.03,94.5254,,,221257105.18,43.5191,2.2556,0,375487.1485,162783668.40000004,1.0,1.5,PASS,False,0.1864406779661017,6.58,19.11,-5.75,18.08,,36.6374,3.3449,2.2556,5.567993920972644,185.42465714285714,0.0,0.0,11.95,15.66,0,50.0,COV-LOW,0.125,0,0,5.0,3,-10.180066198290778,False,2.3116438356164393,,0.004828677860785697,False,False,燃气,18.08,0.6837948149539901,50.0,27.5,1.0,0.0,27.5,Other
605287.SH,605287,德才股份,20210706,主板,495238553.0000001,-0.37098103874690924,装修装饰,未知,801722.SI,620000,48.34,96.7572,112.8927,4.2798,4.3805,676760.0,676760.0,325111855.6,True,2,0,False,False,66.21,0.3737541528239241,-20.25734081161332,-26.989880682676326,False,-0.37098103874690924,-3.057119871279157,-25.63,114.292,30493080.85,90.2136,,,143163318.51999998,268.8827,2.159,1,676760.0,325111855.6,1.0,1.5,PASS,False,0.3898305084745763,-25.63,114.292,9.255,-34.885,,96.7572,4.2798,2.159,,57.39425,0.0,0.0,48.34,66.21,10,50.0,COV-LOW,0.4,0,1,50.0,2,-6.985767030964829,False,0.3737541528239241,,0.014746216433131159,False,False,装修装饰,-34.885,-0.8429361595980963,22.0,44.4,1.0,10.0,34.4,Other
605016.SH,605016,百龙创园,20210421,主板,159391606.2,0.7957559681697646,农产品加工,未知,801012.SI,110000,26.6,30.3143,27.4022,5.366,1.0136,1117232.7712,1117232.7712,129246057.2,False,0,0,False,False,29.1,-2.3853211009174258,7.692307692307709,-8.591065292096223,False,0.7957559681697646,-3.057119871279157,,57.07,,,,,790511853.69,96.5476,5.9644,0,1117232.7712,129246057.2,1.0,1.5,PASS,False,0.2542372881355932,,57.07,-22.09,0.0,DATA-INC,30.3143,5.366,5.9644,,53.185766666666666,0.0,0.0,26.6,29.1,0,50.0,COV-LOW,0.8333333333333334,1,1,70.0,2,9.672404998563199,True,-2.3853211009174258,,0.0011195699118410284,False,False,农产品加工,0.0,-0.7605270772772219,22.0,54.4,1.0,0.0,54.4,Tier2
600906.SH,600906,财达证券,20210507,主板,228551016.79999992,0.7886435331230235,证券,未知,801193.SI,490000,6.39,27.7553,23.5001,1.6574,2.4834,2073555.0,1357386.1331,175971187.59999996,True,0,0,False,False,6.74,0.9478672985781866,-5.192878338278939,-5.192878338278939,False,0.7886435331230235,-3.057119871279157,116.46,9.32,253325538.2,99.9754,,,2037462871.94,791.5293,2.0459,0,2073555.0,175971187.59999996,1.0,1.5,PASS,False,0.03389830508474576,116.46,9.32,31.015,116.46,ESP-Q,27.7553,1.6574,2.0459,0.2383247466941439,30.001145454545455,0.0,0.0,6.39,6.74,0,50.0,COV-LOW,0.8181818181818182,1,1,100.0,14,2.6724511587089825,False,0.9478672985781866,,-0.0036015552544961865,False,False,证券,116.46,1.4429565727547768,68.0,78.6,0.7,0.0,55.02,Tier2
605589.SH,605589,圣泉集团,20210810,主板,2104290157.4500003,19.84732824427482,塑料,未知,801036.SI,220000,43.96,36.9653,38.0762,3.4106,6.3054,3720723.8372,3718659.9152,2437262543.2,False,1,1,False,False,48.5,4.467680608365021,40.08922880815806,-9.360824742268036,False,19.84732824427482,-3.057119871279157,-9.46,12.61,173476429.01,97.8176,,,2322229114.58,-232.466,1.6461,0,3720723.8372,2437262543.2,1.0,1.5,PASS,False,0.6779661016949152,-9.46,12.61,-4.92,-4.73,ESP-Q,36.9653,3.4106,1.6461,,184.85352307692307,0.0,0.0,43.96,48.5,0,50.0,COV-LOW,0.8235294117647058,1,1,75.0,6,10.645794655343321,True,4.467680608365021,,0.004107973496298249,True,False,塑料,-4.73,-0.2805923993189783,32.0,58.9,0.7,0.0,41.23,Other
003035.SZ,003035,南网能源,20210119,主板,830170197.1,-13.32503113325031,电力,未知,801161.SI,410000,6.96,76.0879,77.3747,3.7461,1.3314,2636363.6358,2636363.6358,409994190.0,False,0,0,False,False,9.2,-6.3257065948855935,6.748466257668717,-24.347826086956516,False,-13.32503113325031,-3.057119871279157,-6.07,428.8323,84595217.99,98.8479,,,984608410.4399999,238.1313,1.2238,1,2636363.6358,409994190.0,1.0,1.5,PASS,False,0.3050847457627119,-6.07,428.8323,0.02,-6.09,,76.0879,3.7461,1.2238,,55.30460465116279,0.0,0.0,6.96,9.2,10,87.17067583046965,,0.11363636363636363,0,0,5.0,14,-13.090379148272024,False,-6.3257065948855935,,-0.05234627326340668,False,False,电力,-6.09,-0.11262298357809247,32.0,35.05120274914089,1.0,10.0,25.05,Other
600905.SH,600905,三峡能源,20210610,主板,715906339.6,-0.728155339805836,电力,未知,801161.SI,410000,4.09,31.4785,50.6744,1.3032,0.5635,11692348.9081,11692348.9081,712710730.4,False,0,0,False,False,4.29,-0.48661800486619056,0.2450980392156854,-4.662004662004671,False,-0.728155339805836,-3.057119871279157,-50.12,-48.03,1039829468.87,99.975,,,11134639594.539999,270.0651,1.1662,0,11692348.9081,712710730.4,1.0,1.5,PASS,False,0.3050847457627119,-50.12,-48.03,0.02,-50.14,,31.4785,1.3032,1.1662,,55.30460465116279,0.0,0.0,4.09,4.29,0,50.0,COV-LOW,0.45454545454545453,0,0,5.0,14,-0.49350335482755137,False,-0.48661800486619056,,0.0010141982706756945,False,False,电力,-50.14,-0.717038149181566,22.0,21.9,1.0,0.0,21.9,Other
605499.SH,605499,东鹏饮料,20210527,主板,964227104.0499998,-26.871305816321467,饮料制造,未知,801123.SI,340000,147.23,24.4824,23.0351,5.673,1.0462,10809616.4411,9952996.8187,1268451322.6000001,True,0,0,False,False,211.18,-20.88236874630556,-44.399546827794566,-30.282223695425714,False,-26.871305816321467,-3.057119871279157,25.15,28.26,1199921196.77,95.427,,,11194402675.08,28.8161,8.4144,0,10809616.4411,1268451322.6000001,1.0,1.5,PASS,False,0.2711864406779661,25.15,28.26,2.46,25.15,,24.4824,5.673,8.4144,0.973455268389662,41.77951363636364,0.0,0.0,147.23,211.18,0,50.0,COV-LOW,0.04,0,0,5.0,8,-24.745321564352963,False,-20.88236874630556,,0.009920617213753232,False,False,饮料制造,25.15,0.5222305081195451,50.0,27.5,1.0,0.0,27.5,Other
601995.SH,601995,中金公司,20201102,主板,631750653.8,0.6189213085764811,证券,未知,801193.SI,490000,34.14,16.8328,14.5508,1.6052,0.9434,16480254.9474,9980973.8902,696005723.3999999,True,0,0,False,False,34.95,1.4863258026159398,-1.5854713173825252,-2.3175965665236165,False,0.6189213085764811,-3.057119871279157,76.14,70.73,3537751927.0,98.8904,,,23923517600.0,580.8959,2.8111,0,16480254.9474,696005723.3999999,1.0,1.5,PASS,False,0.03389830508474576,76.14,70.73,31.015,76.14,,16.8328,1.6052,2.8111,0.221076963488311,30.001145454545455,0.0,0.0,34.14,34.95,0,87.17067583046965,,0.7954545454545454,1,1,100.0,14,2.50272893416244,False,1.4863258026159398,,-0.00991295014069711,False,False,证券,76.14,0.8988743635013098,50.0,86.1512027491409,1.0,0.0,86.15,Tier1
605056.SH,605056,咸亨国际,20210720,主板,268926816.95,-12.589928057553957,仪器仪表,未知,801073.SI,640000,24.3,38.3225,37.6799,5.4143,2.7825,994825.476,980245.476,232068263.99999997,True,0,0,False,False,29.08,0.9975062344139696,5.560382276281506,-16.437414030261344,False,-12.589928057553957,-3.057119871279157,9.48,15.12,23688775.19,91.1157,,,469277614.36,-715.3457,1.4271,0,994825.476,232068263.99999997,1.0,1.5,PASS,False,0.6949152542372882,9.48,15.12,0.78,9.48,ESP-Q,38.3225,5.4143,1.4271,4.042457805907173,92.29922857142857,0.0,0.0,24.3,29.08,0,50.0,COV-LOW,0.14285714285714285,0,0,5.0,3,-10.326425091584547,False,0.9975062344139696,,-4.671038454150206e-05,False,False,仪器仪表,9.48,-0.15316039520573485,32.0,23.9,0.7,0.0,16.73,Other
601399.SH,601399,国机重装,20200608,主板,472835151.45000005,-7.619047619047626,专用设备,未知,801074.SI,640000,3.88,60.3835,58.3713,1.8813,1.3393,2798859.6853,2798859.6853,362070187.59999996,False,0,0,False,False,4.54,-5.134474327628357,-21.93158953722334,-14.537444933920707,False,-7.619047619047626,-3.057119871279157,16.13,29.48,122729933.58,96.638,,,1187629743.6399999,-1091.07,0.8549,0,2798859.6853,362070187.59999996,1.0,1.5,PASS,False,0.6440677966101694,16.13,29.48,-10.094999999999999,36.31999999999999,ESP-Q,60.3835,1.8813,0.8549,3.7435523868567886,147.6403775510204,0.0,0.0,3.88,4.54,0,87.17067583046965,,0.35185185185185186,0,0,5.0,17,-8.417551592867168,False,-5.134474327628357,,0.001808710023636303,False,False,专用设备,36.31999999999999,-0.09926852581594886,32.0,35.05120274914089,0.7,0.0,24.54,Other
605566.SH,605566,福莱蒽特,20211025,主板,166441511.54999998,13.022556390977446,化学制品,未知,801034.SI,220000,37.58,111.7031,89.1868,2.4654,7.4183,501091.72,501091.72,230727082.20000002,True,1,1,False,False,38.63,5.236628395407439,21.186713963237658,-2.7180947450168413,False,13.022556390977446,-3.057119871279157,90.27,243.3,24540899.87,97.9649,,,148217351.01,-79.1002,1.2413,1,501091.72,230727082.20000002,1.0,1.5,PASS,False,0.4406779661016949,90.27,243.3,8.2371,90.27,ESP-Q,111.7031,2.4654,1.2413,1.237433255788191,104.193015625,0.0,0.0,37.58,38.63,10,50.0,COV-LOW,0.8026315789473685,1,1,100.0,23,18.72609408099232,True,5.236628395407439,,0.015573810600220372,False,False,化学制品,90.27,0.07483482146739492,50.0,75.0,0.7,10.0,42.5,Other
001215.SZ,001215,千味央厨,20210906,主板,344094556.95,3.557910673732012,食品加工,未知,801124.SI,340000,41.04,62.7249,61.6024,2.1452,10.5124,398746.4704,397684.3388,349671273.0,False,2,0,False,False,49.8,0.588235294117645,0.09756097560975618,-17.59036144578313,False,3.557910673732012,-3.057119871279157,1.0,-24.62,21187167.29,93.7364,,,171330933.82,123.002,1.2234,0,398746.4704,349671273.0,1.0,1.5,PASS,False,0.288135593220339,1.0,-24.62,8.68,-7.68,,62.7249,2.1452,1.2234,62.7249,51.683299999999996,0.0,0.0,41.04,49.8,0,50.0,COV-LOW,0.5882352941176471,0,1,40.0,6,0.04050589880946198,False,0.588235294117645,,0.009490971062879381,False,False,食品加工,-7.68,-0.046979925360689505,32.0,41.4,1.0,0.0,41.4,Other
605488.SH,605488,福莱新材,20210513,主板,324125036.75,13.896296296296295,塑料,未知,801036.SI,220000,38.44,150.159,189.5081,5.1276,9.4782,1160434.777,1061743.6366,556445875.1999999,True,1,1,False,False,40.1,9.765848086807516,-9.680451127819556,-4.139650872817969,False,13.896296296296295,-3.057119871279157,-47.82,31.57,16175001.87,85.875,,,175242411.79,-237.9672,0.9775,0,1160434.777,556445875.1999999,1.0,1.5,PASS,False,0.6779661016949152,-47.82,31.57,-4.92,-23.91,ESP-Q,150.159,5.1276,0.9775,,184.85352307692307,0.0,0.0,38.44,40.1,0,50.0,COV-LOW,0.5882352941176471,0,1,55.0,6,4.694762707364797,False,9.765848086807516,OVERHEAT,0.01326698630121969,False,True,塑料,-23.91,-0.4190374285241682,32.0,48.9,0.7,0.0,34.23,Other
001207.SZ,001207,联科科技,20210623,主板,221918706.85000002,7.653631284916207,橡胶,未知,801037.SI,220000,19.27,19.9579,21.2549,2.5262,6.4274,584146.4327,563882.7713,307315765.8000001,False,1,1,False,False,21.9,-9.274952919020707,-28.043315907393584,-12.009132420091317,False,7.653631284916207,-3.057119871279157,-28.13,6.86,59128736.76,90.6602,,,730471160.1899999,147.6056,2.7322,0,584146.4327,307315765.8000001,1.0,1.5,PASS,False,0.423728813559322,-28.13,6.86,-28.13,-14.065,,19.9579,2.5262,2.7322,,47.013079999999995,10.0,0.0,19.27,21.9,0,50.0,COV-LOW,0.6666666666666666,0,1,35.0,2,0.7956750491284525,False,-9.274952919020707,,-0.025280512785937192,False,False,橡胶,-14.065,-0.1396365799455103,32.0,38.9,1.0,0.0,48.9,Other
600955.SH,600955,维远股份,20210915,主板,163405798.34999996,-6.7349137931034475,化学原料,未知,801033.SI,220000,17.31,,,1.241,1.2517,952050.0,952050.0,122291449.0,False,0,0,False,False,20.14,-6.178861788617884,-11.728709841917395,-14.051638530287992,False,-6.7349137931034475,-3.057119871279157,176.4409,-2162.62,118702028.18,166.4271,,,-1153602924.23,254.0233,0.9343,0,952050.0,122291449.0,1.0,1.5,PASS,False,0.6101694915254238,176.4409,-2162.62,-6.205,188.85090000000002,ESP-Q,,1.241,0.9343,,75.93632,0.0,0.0,17.31,20.14,0,50.0,COV-LOW,0.5333333333333333,0,0,5.0,5,0.0,False,-6.178861788617884,,-0.01174783586687083,False,False,化学原料,188.85090000000002,0.13320384175861702,50.0,27.5,0.7,0.0,19.25,Other
001211.SZ,001211,双枪科技,20210805,主板,350212140.74999994,70.13069811922217,家用轻工,未知,801142.SI,360000,53.37,1569.2477,,4.4509,17.462,384264.0,357560.3205,448663514.8,False,4,2,False,True,61.66,-7.616409901332877,84.6712802768166,-13.444696723970162,False,70.13069811922217,-3.057119871279157,-33.27,-136.73,5362880.17,98.493,,,13632913.7,-880.0064,0.6326,1,384264.0,448663514.8,1.0,1.5,PASS,False,0.6271186440677966,-33.27,-136.73,-14.92,-16.635,ESP-Q,1569.2477,4.4509,0.6326,,179.96904166666664,0.0,0.0,53.37,61.66,10,50.0,COV-LOW,1.0,1,1,75.0,6,64.70566622392536,True,-7.616409901332877,突破型,-0.018272536098880326,True,False,家用轻工,-16.635,-0.3791382448034199,32.0,58.9,0.7,10.0,31.23,Other
001208.SZ,001208,华菱线缆,20210624,主板,526881327.75000006,-23.43263672743442,高低压设备,未知,801734.SI,630000,17.22,99.754,101.3331,3.7376,6.62,1099239.4439,548859.3574,334604953.59999996,False,0,0,False,False,22.69,-10.498960498960496,-20.5719557195572,-24.1075363596298,False,-23.43263672743442,-3.057119871279157,-21.36,4.02,21983174.19,72.208,,,241484805.59,-301.9221,1.0392,0,1099239.4439,334604953.59999996,1.0,1.5,PASS,False,0.4745762711864407,-21.36,4.02,10.365,-31.725,ESP-Q,99.754,3.7376,1.0392,,142.6951,0.0,0.0,17.22,22.69,0,50.0,COV-LOW,0.06451612903225806,0,0,5.0,10,-17.95400939450245,False,-10.498960498960496,,-0.0501473439007001,False,False,高低压设备,-31.725,-0.2985420829373715,32.0,23.9,0.7,0.0,16.73,Other
001234.SZ,001234,泰慕士,20220111,主板,293118739.29999995,-5.731298846296995,服装家纺,未知,801132.SI,350000,25.33,58.8349,69.1088,2.9351,3.8167,277144.9021,231732.7715,88188198.39999999,True,3,0,False,False,38.3,-8.32428519724937,-10.049715909090917,-33.86422976501306,False,-5.731298846296995,-3.057119871279157,-27.66,-33.74,12549134.13,90.8622,,,103272961.60000001,13.8053,1.4739,0,277144.9021,88188198.39999999,1.0,1.5,PASS,False,0.11864406779661017,-27.66,-33.74,17.065,-44.725,,58.8349,2.9351,1.4739,,85.02447272727274,0.0,0.0,25.33,38.3,0,50.0,COV-LOW,0.4375,0,0,5.0,5,-7.829460995169091,False,-8.32428519724937,,-0.022433046598070945,False,False,服装家纺,-44.725,-0.8714518214794652,22.0,21.9,1.0,0.0,21.9,Other
003041.SZ,003041,真爱美家,20210406,主板,340742179.5500001,8.880455407969645,服装家纺,未知,801132.SI,350000,57.38,35.3294,269.1209,5.6145,1.8574,826272.0,785092.6692,162611764.39999998,False,3,0,False,False,71.0,-7.808483290488432,-7.451612903225802,-19.183098591549296,False,8.880455407969645,-3.057119871279157,-81.98,3.9,2815953.79,60.0601,,,151131229.48,-1015.0739,0.3191,0,826272.0,162611764.39999998,1.0,1.5,PASS,False,0.11864406779661017,-81.98,3.9,17.065,-99.045,ESP-Q,35.3294,5.6145,0.3191,,85.02447272727274,0.0,0.0,57.38,71.0,0,50.0,COV-LOW,0.75,1,1,75.0,5,6.78229325909755,True,-7.808483290488432,,0.00572289412243074,False,False,服装家纺,-99.045,-1.2768649906777552,22.0,56.9,0.7,0.0,39.83,Other
601059.SH,601059,信达证券,20230201,主板,172800863.0,2.3214285714285854,证券,未知,801193.SI,490000,17.19,29.4382,26.0349,2.5108,0.6378,5574717.0,5574717.0,272870915.79999995,True,0,0,False,False,17.51,3.491872366044557,-3.263927968486202,-1.8275271273557991,False,2.3214285714285854,-3.057119871279157,126.42,42.04,451723103.86,99.8638,,,4759491471.38,410.3046,1.5796,0,5574717.0,272870915.79999995,1.0,1.5,PASS,False,0.03389830508474576,126.42,42.04,31.015,126.42,ESP-Q,29.4382,2.5108,1.5796,0.23286030691346304,30.001145454545455,0.0,0.0,17.19,17.51,0,50.0,COV-LOW,0.8409090909090909,1,1,100.0,14,4.205236197014544,False,3.491872366044557,,0.011117857483677631,False,False,证券,126.42,1.577357832778699,68.0,78.6,0.7,0.0,55.02,Tier2
601728.SH,601728,中国电信,20210820,主板,1538551313.4499998,5.833333333333335,通信运营,未知,801223.SI,730000,6.35,17.5102,18.3473,1.2407,0.5491,58107033.0739,49294877.7239,3684833694.7999997,True,0,0,False,False,7.39,0.3159557661927215,11.992945326278658,-14.073071718538566,False,5.833333333333335,-3.057119871279157,-25.28,1.9,6573766324.59,89.4374,,,88320377708.48001,244.9476,1.5821,0,58107033.0739,3684833694.7999997,1.0,1.5,PASS,False,0.05084745762711865,-25.28,1.9,-21.39,-12.64,,17.5102,1.2407,1.5821,,128.04296,0.0,0.0,6.35,7.39,0,50.0,COV-LOW,0.8571428571428571,1,1,100.0,3,8.193848354792566,True,0.3159557661927215,,0.015075119943676146,False,False,通信运营,-12.64,0.37836843506078843,50.0,75.0,1.0,0.0,75.0,Tier2
603132.SH,603132,金徽股份,20220222,主板,160237201.05,-7.723785166240416,工业金属,未知,801055.SI,240000,18.04,32.5359,27.0034,5.5381,0.6725,1764312.0,1764312.0,141729438.4,True,0,0,False,False,20.7,-4.550264550264549,8.348348348348345,-12.850241545893725,False,-7.723785166240416,-3.057119871279157,118.84,3.4,201484216.58,98.3197,,,1284177003.33,80.9688,6.1949,0,1764312.0,141729438.4,1.0,1.5,PASS,False,0.3559322033898305,118.84,3.4,55.81,118.84,ESP-Q,32.5359,5.5381,6.1949,0.27377903062941766,38.288555,0.0,0.0,18.04,20.7,0,50.0,COV-LOW,0.38095238095238093,0,0,5.0,7,-2.4101963160662043,False,-4.550264550264549,,-0.023033674370429018,False,False,工业金属,118.84,0.20640570250167972,50.0,27.5,0.7,0.0,19.25,Other
001268.SZ,001268,联合精密,20220630,主板,181347535.74999997,9.438020973379956,未知,未知,,,40.7,83.0066,137.3933,4.3139,3.3053,439288.6694,274453.6694,137558842.0,False,2,0,False,False,47.2,-6.134686346863461,25.076828518746176,-13.771186440677962,False,9.438020973379956,-3.057119871279157,-109.56,-29.54,-1861674.9,,,,159763862.92000002,,-0.172,0,439288.6694,137558842.0,1.0,1.5,PASS,False,0.4576271186440678,-109.56,-29.54,-0.58,-54.78,,83.0066,4.3139,-0.172,,95.07506363636365,0.0,0.0,40.7,47.2,0,50.0,COV-LOW,0.7692307692307693,1,1,75.0,4,3.8717092599240157,False,-6.134686346863461,,-0.003142654486766272,False,False,独立池,-54.78,0.0,0.0,52.5,1.0,0.0,52.5,Tier2
001258.SZ,001258,立新能源,20220727,主板,464228907.8,10.010649627263035,电力,未知,801161.SI,410000,10.33,113.3228,95.6644,3.1595,9.9843,964133.334,964123.2623,624172843.6,True,1,1,False,False,11.18,10.599571734475388,37.184594953519245,-7.602862254025045,False,10.010649627263035,-3.057119871279157,137.18,55.94,3530206.73,55.6791,,,213688677.04999998,870.8052,0.2081,0,964133.334,624172843.6,1.0,1.5,PASS,False,0.3050847457627119,137.18,55.94,0.02,137.18,ESP-Q,113.3228,3.1595,0.2081,0.8260883510715847,55.30460465116279,0.0,0.0,10.33,11.18,0,50.0,COV-LOW,0.8636363636363636,1,1,100.0,14,10.24530161224132,True,10.599571734475388,OVERHEAT,0.04433905020087226,False,True,电力,137.18,1.8532013246173598,68.0,78.6,0.7,0.0,55.02,Tier2
001298.SZ,001298,好上好,20221031,主板,536410712.70000005,2.705181109582755,其他电子,未知,801082.SI,270000,22.4,127.1437,82.3605,5.823,4.7359,968831.4205,912619.5635,378643420.6,True,1,0,False,False,25.28,-4.761904761904767,-27.20181995450114,-11.392405063291145,False,2.705181109582755,-3.057119871279157,249.04,198.89,58379208.97,98.8853,,,210974184.38,-1179.0819,3.5539,0,968831.4205,378643420.6,1.0,1.5,PASS,False,0.8135593220338984,249.04,198.89,16.535,249.04,ESP-Q,127.1437,5.823,3.5539,0.5105352553806617,108.22777500000001,0.0,0.0,22.4,25.28,0,50.0,COV-LOW,0.7222222222222222,1,1,100.0,6,4.593183996599803,False,-4.761904761904767,,-0.009715130383891548,False,False,其他电子,249.04,0.46805372279595137,50.0,75.0,0.7,0.0,52.5,Tier2
001309.SZ,001309,德明利,20220701,主板,9649169582.2,27.497085114652165,计算机设备,未知,801101.SI,710000,656.1,216.2243,36.269,22.7831,8.8492,14883343.6214,10584626.4162,11359491806.800001,True,2,1,False,False,759.99,-7.858888295930111,163.1874523647158,-13.669916709430385,False,27.497085114652165,-3.057119871279157,4547.48,120.77,3333768890.4,99.6289,,,3829184098.83,-6.1526,67.649,0,14883343.6214,11359491806.800001,1.0,1.5,PASS,False,0.7288135593220338,4547.48,120.77,7.12,4547.48,ESP-Q,216.2243,22.7831,67.649,0.04754815854055433,116.38087647058823,0.0,0.0,656.1,759.99,0,50.0,COV-LOW,0.875,1,1,100.0,8,29.382907625474676,True,-7.858888295930111,,-0.036318543757388876,True,False,计算机设备,2014.9280000000006,4.153282302783226,98.45984690834968,84.69196938166994,0.7,0.0,59.28,Tier2
001283.SZ,001283,豪鹏科技,20220905,主板,419548375.74999994,6.71766342141864,未知,未知,,,76.73,37.7626,36.2879,2.1536,8.9957,766863.1531,611743.2914,434703179.0,True,0,0,False,False,80.05,5.849082632087188,13.121037888839759,-4.147407870081188,False,6.71766342141864,-3.057119871279157,52.74,158.95,38346059.41,95.7062,,,472836646.54999995,126.5639,1.1333,0,766863.1531,434703179.0,1.0,1.5,PASS,False,0.4576271186440678,52.74,158.95,-0.58,53.9,,37.7626,2.1536,1.1333,0.7160144103147515,95.07506363636365,0.0,0.0,76.73,80.05,0,50.0,COV-LOW,0.6153846153846154,0,1,55.0,4,1.1513517079627,False,5.849082632087188,,0.0037674903543951604,False,False,独立池,53.9,0.0,2.782286349183593,43.05645726983672,1.0,0.0,43.06,Other
001266.SZ,001266,宏英智能,20220228,主板,293788422.5,54.56193353474319,未知,未知,,,51.16,346.782,108.1522,5.3755,20.9533,530208.6417,297436.5762,465329405.6,False,3,1,False,True,54.66,4.600286240032703,47.86127167630057,-6.403219904866453,False,54.56193353474319,-3.057119871279157,1897.13,-31.32,34125116.24,93.9796,,,61354772.0,-3.9682,3.752,0,530208.6417,465329405.6,1.0,1.5,PASS,False,0.4576271186440678,1897.13,-31.32,-0.58,1898.29,ESP-Q,346.782,5.3755,3.752,0.1827929556751514,95.07506363636365,0.0,0.0,51.16,54.66,0,50.0,COV-LOW,1.0,1,1,85.0,4,48.99562182128725,True,4.600286240032703,突破型,0.016639460132972482,True,False,独立池,1898.29,0.0,50.0,67.5,0.7,0.0,47.25,Other
603061.SH,603061,金海通,20230303,主板,1032574507.3499999,27.754194461289682,半导体,未知,801081.SI,270000,316.0,155.7397,117.8048,16.3149,6.2908,2749200.0,2749200.0,1302020078.1999998,False,2,2,False,False,366.0,2.0045837502824515,17.428465254552194,-13.661202185792353,False,27.754194461289682,-3.057119871279157,233.17,152.52,80989798.0,98.1666,,,447332052.24,107.1757,4.9668,0,2749200.0,1302020078.1999998,1.0,1.5,PASS,False,0.8813559322033898,233.17,152.52,21.265,233.16999999999996,,155.7397,16.3149,4.9668,0.6679234035253249,141.87467999999998,0.0,0.0,316.0,366.0,0,50.0,COV-LOW,0.7391304347826086,1,1,85.0,7,6.746373453468667,True,2.0045837502824515,,0.00679915008070267,True,False,半导体,233.16999999999996,0.533041761569109,50.0,67.5,1.0,0.0,67.5,Tier2
603191.SH,603191,望变电气,20220428,主板,365288136.70000005,5.56631171345594,未知,未知,,,21.81,103.9312,107.356,2.8751,7.794,719652.8777,719652.8777,681502724.4,True,1,1,False,False,24.11,8.184523809523792,-4.884430876580903,-9.539610120282049,False,5.56631171345594,-3.057119871279157,-62.38,79.38,4002222.58,32.5732,,,194194654.56,-1332.5718,0.4917,0,719652.8777,681502724.4,1.0,1.5,PASS,False,0.4576271186440678,-62.38,79.38,-0.58,-31.19,ESP-Q,103.9312,2.8751,0.4917,,95.07506363636365,0.0,0.0,21.81,24.11,0,50.0,COV-LOW,0.5384615384615384,0,1,55.0,4,0.0,False,8.184523809523792,OVERHEAT,0.014614028246284922,False,True,独立池,-31.19,0.0,0.6039210064155407,42.62078420128311,0.7,0.0,29.83,Other
603206.SH,603206,嘉环科技,20220506,主板,191575815.8,18.874560375146565,通信运营,未知,801223.SI,730000,20.28,116.2706,130.2109,2.7132,11.585,618945.5757,618945.5757,497448149.20000005,False,2,2,False,False,23.13,16.68584579976986,19.083969465648853,-12.32166018158235,False,18.874560375146565,-3.057119871279157,-29.42,-40.54,9639214.77,66.3947,,,85155758.93,-6597.2645,0.6385,0,618945.5757,497448149.20000005,1.0,1.5,PASS,False,0.05084745762711865,-29.42,-40.54,-21.39,-14.71,ESP-Q,116.2706,2.7132,0.6385,,128.04296,0.0,0.0,20.28,23.13,0,50.0,COV-LOW,1.0,1,1,85.0,3,21.235075396605797,True,16.68584579976986,OVERHEAT,0.014367206197614907,True,True,通信运营,-14.71,0.3747075996553759,50.0,67.5,0.7,0.0,47.25,Other
001301.SZ,001301,尚太科技,20221228,主板,673886724.6999999,20.786592782808498,未知,未知,,,89.37,24.643,26.2655,3.2443,5.5173,2330790.602,1659997.2649,705962371.8000001,True,0,0,False,False,92.88,11.782363977485932,14.225460122699406,-3.779069767441856,False,20.786592782808498,-3.057119871279157,-22.4,19.24,191716808.17,106.0259,,,2375954076.26,-723.8978,2.5454,0,2330790.602,705962371.8000001,1.0,1.5,PASS,False,0.4576271186440678,-22.4,19.24,-0.58,-11.2,ESP-Q,24.643,3.2443,2.5454,,95.07506363636365,0.0,0.0,89.37,92.88,0,50.0,COV-LOW,0.9230769230769231,1,1,100.0,4,15.220281069352557,True,11.782363977485932,OVERHEAT,0.021181780552977623,True,True,独立池,-11.2,0.0,1.1156794175323976,65.22313588350647,0.7,0.0,45.66,Other
001339.SZ,001339,智微智能,20220815,主板,1314347863.4,50.159522818698846,计算机设备,未知,801101.SI,710000,108.25,159.7618,114.7665,11.5604,12.2693,2731045.8533,1348070.407,1540394669.8,True,1,0,False,False,119.9,6.294186959937154,97.35642661804921,-9.7164303586322,False,50.159522818698846,-3.057119871279157,177.69,18.39,100156541.48,91.7709,,,423293314.18,-241.6488,4.7288,1,2731045.8533,1540394669.8,1.0,1.5,PASS,False,0.7288135593220338,177.69,18.39,7.12,177.69,ESP-Q,159.7618,11.5604,4.7288,0.899104057628454,116.38087647058823,0.0,0.0,108.25,119.9,10,50.0,COV-LOW,0.9583333333333334,1,1,100.0,8,52.04534532952135,True,6.294186959937154,,-0.004022943029269235,True,False,计算机设备,177.69,0.09293216317339933,50.0,75.0,0.7,10.0,42.5,Other
001314.SZ,001314,亿道信息,20230214,主板,301145035.54999995,20.266238237319257,电子制造,未知,801085.SI,270000,52.4,114.3532,68.0404,3.5399,2.9834,747402.16,651799.9896,174991858.4,False,1,0,False,False,59.28,-4.431880357468543,8.354011579818032,-11.605937921727405,False,20.266238237319257,-3.057119871279157,1395.49,222.49,41813598.93,97.4419,,,119924423.33,-1113.6667,2.0341,0,747402.16,174991858.4,1.0,1.5,PASS,False,0.5084745762711864,1395.49,222.49,-24.905,1445.3,ESP-Q,114.3532,3.5399,2.0341,0.08194483658069926,72.22433125,0.0,0.0,52.4,59.28,0,50.0,COV-LOW,0.8333333333333334,1,1,85.0,11,15.599281701705271,True,-4.431880357468543,,-0.023657271829672536,True,False,电子制造,1445.3,4.64568279874987,99.93704839624961,77.48740967924992,0.7,0.0,54.24,Tier2
001270.SZ,001270,铖昌科技,20220606,主板,1245595191.8,2.591036414565817,未知,未知,,,146.5,257.842,228.7249,19.3517,10.1164,3019583.2997,2981267.4699,1699057719.0,True,0,0,False,False,164.61,-0.8929779461507192,15.345248405637356,-11.001761739870009,False,2.591036414565817,-3.057119871279157,51.48,336.93,43664243.73,97.6301,,,289822370.95,-47.8019,2.9135,0,3019583.2997,1699057719.0,1.0,1.5,PASS,False,0.4576271186440678,51.48,336.93,-0.58,52.63999999999999,ESP-Q,257.842,19.3517,2.9135,5.0085858585858585,95.07506363636365,0.0,10.0,146.5,164.61,0,50.0,COV-LOW,0.46153846153846156,0,1,55.0,4,-2.975275298890123,False,-0.8929779461507192,,-0.023202342477058924,False,False,独立池,52.63999999999999,0.0,2.7500294408290533,43.05000588816581,0.7,10.0,20.14,Other
001331.SZ,001331,胜通能源,20220908,主板,362393576.95,20.286162289298293,燃气,未知,801163.SI,410000,61.37,940.9325,,11.7779,10.054,1732106.88,1209768.399,595734130.9999999,True,1,1,False,False,62.59,11.137269105396586,18.019230769230752,-1.9491931618469516,False,20.286162289298293,-3.057119871279157,-124.36,2.98,-1431670.74,,,,-534906.8199999975,,-0.5648,0,1732106.88,595734130.9999999,1.0,1.5,PASS,False,0.1864406779661017,-124.36,2.98,-5.75,-62.18,,940.9325,11.7779,-0.5648,,185.42465714285714,0.0,10.0,61.37,62.59,0,50.0,COV-LOW,0.875,1,1,100.0,3,29.198851676654098,True,11.137269105396586,OVERHEAT,-0.004721888189923106,True,True,燃气,-62.18,-1.1679596126531713,22.0,69.4,1.0,10.0,59.4,Tier2
600941.SH,600941,中国移动,20220105,主板,1162217057.1999998,0.09310986964619072,通信运营,未知,801223.SI,730000,96.75,15.2923,15.4374,1.4735,1.5603,209649648.9717,8734279.1132,1750337429.4,True,0,0,False,False,103.36,-1.2452791670919616,4.470359572400384,-6.395123839009287,False,0.09310986964619072,-3.057119871279157,-3.5,4.3,27900000000.0,95.0855,,,341327000000.0,191.5469,2.084,0,209649648.9717,1750337429.4,1.0,1.5,PASS,False,0.05084745762711865,-3.5,4.3,-21.39,-1.75,,15.2923,1.4735,2.084,,128.04296,10.0,0.0,96.75,103.36,0,50.0,COV-LOW,0.7142857142857143,1,1,100.0,3,2.4536248911054215,False,-1.2452791670919616,,-0.004825252383046185,False,False,通信运营,-1.75,0.397627612628393,50.0,75.0,1.0,0.0,85.0,Tier2
601868.SH,601868,中国能建,20210928,主板,3235965634.2000003,-0.666666666666671,基础建设,未知,801723.SI,620000,2.98,22.5735,23.1978,1.0475,2.3749,13183574.6064,9663760.8355,2560085353.8,True,1,0,False,False,3.58,-8.024691358024693,24.68619246861925,-16.759776536312852,False,-0.666666666666671,-3.057119871279157,-6.53,-29.08,1295157000.0,89.0452,,,8548782000.0,-746.2889,1.1737,0,13183574.6064,2560085353.8,1.0,1.5,PASS,False,0.0847457627118644,-6.53,-29.08,-7.28,-3.265,ESP-Q,22.5735,1.0475,1.1737,,58.68530769230769,0.0,0.0,2.98,3.58,0,50.0,COV-LOW,0.7368421052631579,1,0,55.0,6,6.154813739719389,True,-8.024691358024693,,0.0007108747426008682,False,False,基础建设,-3.265,-0.3346532399691202,32.0,48.9,0.7,0.0,34.23,Other
601136.SH,601136,首创证券,20221222,主板,194198285.74999997,-4.726826273787599,证券,未知,801193.SI,490000,15.52,40.1564,38.4947,2.9988,0.5764,4242134.0576,4242134.0576,183879618.0,False,0,0,False,False,17.06,-3.5425730267246713,-13.247624371157073,-9.026963657678778,False,-4.726826273787599,-3.057119871279157,31.46,4.97,195619345.0,99.4736,,,2497195225.34,-871.4342,1.3153,0,4242134.0576,183879618.0,1.0,1.5,PASS,False,0.03389830508474576,31.46,4.97,31.015,0.4450000000000003,ESP-Q,40.1564,2.9988,1.3153,1.2764272091544817,30.001145454545455,0.0,0.0,15.52,17.06,0,50.0,COV-LOW,0.25,0,0,5.0,14,-2.8430186482016397,False,-3.5425730267246713,,-0.005611932720544704,False,False,证券,0.4450000000000003,-0.12256171857808519,32.0,23.9,0.7,0.0,16.73,Other
603281.SH,603281,江瀚新材,20230131,主板,185373123.10000002,8.167388167388157,化学制品,未知,801034.SI,220000,37.48,33.4549,32.922,2.8566,1.7044,1399253.3358,1399253.3358,202134832.20000002,True,0,0,False,False,39.66,1.903208265361589,16.578538102643847,-5.496722138174482,False,8.167388167388157,-3.057119871279157,10.78,-30.77,100750351.49,97.4677,,,994824000.3100001,25.7241,2.133,0,1399253.3358,202134832.20000002,1.0,1.5,PASS,False,0.4406779661016949,10.78,-30.77,8.2371,2.5428999999999995,,33.4549,2.8566,2.133,3.103423005565863,104.193015625,0.0,0.0,37.48,39.66,0,50.0,COV-LOW,0.7368421052631579,1,1,100.0,23,13.870925857403028,True,1.903208265361589,,-0.006748613945027976,False,False,化学制品,2.5428999999999995,-0.11659413970841469,32.0,71.4,1.0,0.0,71.4,Tier1
001267.SZ,001267,汇绿生态,20211117,主板,3518715309.7500005,28.46911369740375,基础建设,未知,801723.SI,620000,57.4,511.6619,542.226,28.3061,7.2403,4506845.2517,3493114.6429,3659082078.5999994,True,3,2,False,True,69.78,-8.525896414342625,88.44386080105056,-17.7414732014904,False,28.46911369740375,-3.057119871279157,-24.52,29.0,14059098.07,94.562,,,149929345.5,-815.7767,0.9094,0,4506845.2517,3659082078.5999994,1.0,1.5,PASS,False,0.0847457627118644,-24.52,29.0,-7.28,-12.26,ESP-Q,511.6619,28.3061,0.9094,,58.68530769230769,0.0,0.0,57.4,69.78,0,50.0,COV-LOW,0.8947368421052632,1,1,100.0,6,35.29059410378981,True,-8.525896414342625,突破型,-0.03252591699172814,True,False,基础建设,-12.26,-0.38108182923800843,32.0,71.4,0.7,0.0,49.98,Other
600938.SH,600938,中国海油,20220421,主板,1792589017.3999999,-3.258547008547008,未知,未知,,,36.22,14.1015,13.8095,2.0565,1.5381,172153493.33,10829780.0,1625390566.6,False,0,0,False,False,40.52,-0.7943029307039162,5.321314335562666,-10.61204343534058,False,-3.258547008547008,-3.057119871279157,5.4,-9.8,39038000000.0,99.7292,,,329685000000.0,105.3448,4.7741,0,172153493.33,1625390566.6,1.0,1.5,PASS,False,0.4576271186440678,5.4,-9.8,-0.58,6.5600000000000005,ESP-Q,14.1015,2.0565,4.7741,2.6113888888888885,95.07506363636365,10.0,0.0,36.22,40.52,0,50.0,COV-LOW,0.23076923076923078,0,0,5.0,4,-8.824858722002949,False,-0.7943029307039162,,0.009118436013084312,False,False,独立池,6.5600000000000005,0.0,1.5703482210059037,17.814069644201183,0.7,0.0,22.47,Other
601061.SH,601061,中信金属,20230410,主板,319077848.15000004,2.7734976887519247,贸易,未知,801202.SI,450000,13.34,24.3047,18.7022,2.6978,0.3443,6536600.0,6536600.0,243691617.99999997,True,1,0,False,False,14.85,-3.052325581395343,-7.361111111111118,-10.168350168350171,False,2.7734976887519247,-3.057119871279157,146.05,41.0,1444764519.6,104.9578,,,6262724913.96,210.2614,5.7998,0,6536600.0,243691617.99999997,1.0,1.5,PASS,False,0.3728813559322034,146.05,41.0,2.375,146.05,,24.3047,2.6978,5.7998,0.16641355700102703,140.81984285714287,10.0,0.0,13.34,14.85,0,50.0,COV-LOW,0.875,1,1,100.0,3,9.298305140584251,True,-3.052325581395343,,-0.020009223953175895,False,False,贸易,146.05,1.2365040649316077,68.0,78.6,1.0,0.0,88.6,Tier1
001287.SZ,001287,中电港,20230410,主板,1375936170.3,-2.4754277393520208,其他电子,未知,801082.SI,270000,26.79,71.6299,56.8501,3.6763,6.7252,2035772.3599,2035772.3599,1317831486.0,False,1,0,False,False,32.0,-6.1646234676007055,11.718098415346123,-16.281250000000004,False,-2.4754277393520208,-3.057119871279157,146.04,69.17,187724150.34,118.4806,,,934349083.2,-6882.9933,2.9003,0,2035772.3599,1317831486.0,1.0,1.5,PASS,False,0.8135593220338984,146.04,69.17,16.535,146.04,ESP-Q,71.6299,3.6763,2.9003,0.4904813749657629,108.22777500000001,0.0,0.0,26.79,32.0,0,50.0,COV-LOW,0.5,0,0,5.0,6,-0.5874248523349723,False,-6.1646234676007055,,-0.010941869441455443,False,False,其他电子,146.04,0.047795366321567494,50.0,27.5,0.7,0.0,19.25,Other
001286.SZ,001286,陕西能源,20230410,主板,323001324.6,-3.143585386576031,电力,未知,801161.SI,410000,11.4,14.205,13.3829,1.555,1.6314,4275000.0,1538999.772,282914373.40000004,True,0,0,False,False,12.12,-0.7832898172323799,15.267947421638016,-5.940594059405935,False,-3.143585386576031,-3.057119871279157,27.17,1.02,888551661.23,100.0708,,,7644064144.89,84.4497,3.2929,0,4275000.0,282914373.40000004,1.0,1.5,PASS,False,0.3050847457627119,27.17,1.02,0.02,27.17,,14.205,1.555,3.2929,0.5228192859771806,55.30460465116279,10.0,0.0,11.4,12.12,0,50.0,COV-LOW,0.22727272727272727,0,0,5.0,14,-2.9089334015977464,False,-0.7832898172323799,,-0.0027289527407920156,False,False,电力,27.17,0.3437413389638265,50.0,27.5,1.0,0.0,37.5,Other
603125.SH,603125,常青科技,20230410,主板,253312501.90000004,38.211814795103784,化学制品,未知,801034.SI,220000,25.97,66.4856,51.5241,4.1564,4.171,1051360.0659,1051360.0659,386689539.59999996,False,1,0,False,False,29.2,1.7234625930278025,30.963187090267287,-11.061643835616442,False,38.211814795103784,-3.057119871279157,141.68,-21.41,80166143.84,98.6036,,,391543212.34000003,62.7515,3.267,0,1051360.0659,386689539.59999996,1.0,1.5,PASS,False,0.4406779661016949,141.68,-21.41,8.2371,141.68,ESP-Q,66.4856,4.1564,3.267,0.4692659514398645,104.193015625,0.0,0.0,25.97,29.2,0,50.0,COV-LOW,0.9605263157894737,1,1,75.0,23,43.91535248511865,True,1.7234625930278025,,0.012077389632902382,True,False,化学制品,141.68,0.18701638103163876,50.0,62.5,0.7,0.0,43.75,Other
601133.SH,601133,柏诚股份,20230410,主板,720339522.0500001,38.09920800333475,专业工程,未知,801724.SI,620000,33.13,85.2644,91.0877,5.7784,9.6363,1749325.0387,1737293.2829,1177166376.2,False,3,3,False,True,35.66,17.56564939673528,95.34198113207549,-7.094784071789107,False,38.09920800333475,-3.057119871279157,-29.55,-3.91,29743765.29,95.6972,,,431354795.96,-1775.2005,1.0322,0,1749325.0387,1177166376.2,1.0,1.5,PASS,False,0.5254237288135594,-29.55,-3.91,-11.64,-14.775,ESP-Q,85.2644,5.7784,1.0322,,85.53638666666667,0.0,0.0,33.13,35.66,0,50.0,COV-LOW,1.0,1,1,75.0,5,46.64013327023867,True,17.56564939673528,突破型|OVERHEAT,0.007689100120054405,True,True,专业工程,-14.775,-0.4513304751422747,32.0,58.9,0.7,0.0,41.23,Other
001289.SZ,001289,龙源电力,20220124,主板,194060560.1,7.492063492063483,电力,未知,801161.SI,410000,16.93,31.2693,33.3144,1.8453,0.1329,14153168.7657,8535994.5397,145797979.8,True,0,0,False,False,18.25,-1.968731905037635,8.734746307000641,-7.232876712328773,False,7.492063492063483,-3.057119871279157,-11.95,-22.81,1638867742.17,100.9259,,,13626192160.529999,117.9636,2.1408,0,14153168.7657,145797979.8,1.0,1.5,PASS,False,0.3050847457627119,-11.95,-22.81,0.02,-11.969999999999999,,31.2693,1.8453,2.1408,,55.30460465116279,0.0,0.0,16.93,18.25,0,50.0,COV-LOW,0.75,1,1,100.0,14,7.726715477041768,True,-1.968731905037635,,-0.026798172814441898,False,False,电力,-11.969999999999999,-0.19330314643276725,32.0,71.4,1.0,0.0,71.4,Tier2
603120.SH,603120,肯特催化,20250416,主板,153233515.75,30.990173847316726,化学制品,未知,801034.SI,220000,51.99,57.0142,55.7901,3.945,10.4986,469989.6,197042.1,279159928.4,True,1,1,False,False,56.67,-2.439482079189337,24.08114558472554,-8.25833774483854,False,30.990173847316726,-3.057119871279157,1.83,-16.8,17709236.49,91.4549,,,168386382.76,105.3914,1.6385,0,469989.6,279159928.4,1.0,1.5,PASS,False,0.4406779661016949,1.83,-16.8,8.2371,-6.4071,,57.0142,3.945,1.6385,31.15530054644809,104.193015625,0.0,0.0,51.99,56.67,0,50.0,COV-LOW,0.9342105263157895,1,1,100.0,23,36.693711537331595,True,-2.439482079189337,,-0.004334360999849723,True,False,化学制品,-6.4071,-0.1361238996403342,32.0,71.4,1.0,0.0,71.4,Tier2
603119.SH,603119,浙江荣泰,20230801,主板,1821209782.5,-0.13700336280981773,汽车零部件,未知,801093.SI,280000,80.18,136.1948,130.4427,18.7192,14.6126,3791391.2234,2125078.701,2348937926.0,True,1,0,False,False,94.56,10.197910940076959,-19.425183398653402,-15.207275803722498,False,-0.13700336280981773,-3.057119871279157,29.46,18.8,67582324.25,94.1358,,,621817572.61,104.4975,3.4635,0,3791391.2234,2348937926.0,1.0,1.5,PASS,False,0.5932203389830508,29.46,18.8,-7.975999999999999,45.412,,136.1948,18.7192,3.4635,4.623041412084182,74.48131470588235,0.0,0.0,80.18,94.56,0,50.0,COV-LOW,0.4594594594594595,0,1,55.0,23,-1.2751527904329318,False,10.197910940076959,OVERHEAT,-0.002435845517180007,False,True,汽车零部件,45.412,0.24316781199540458,50.0,52.5,1.0,0.0,52.5,Tier2
603162.SH,603162,海通发展,20230329,主板,361163227.85,-16.42611683848798,未知,未知,,,12.16,35.9103,27.4752,3.6341,6.7952,1669826.4426,502959.2618,326247345.8,True,1,0,False,False,19.74,-34.79892761394101,-15.143056524773202,-38.39918946301925,False,-16.42611683848798,-3.057119871279157,212.55,-8.12,209747139.39,99.6914,,,1008782859.2099999,179.2463,4.592,0,1669826.4426,326247345.8,1.0,1.5,PASS,False,0.4576271186440678,212.55,-8.12,-0.58,213.71000000000004,ESP-Q,35.9103,3.6341,4.592,0.16894989414255468,95.07506363636365,0.0,0.0,12.16,19.74,0,50.0,COV-LOW,0.07692307692307693,0,0,5.0,4,-21.992428551943924,False,-34.79892761394101,,-0.00798890878211379,False,False,独立池,213.71000000000004,0.0,6.873537558817657,18.874707511763532,0.7,0.0,13.21,Other
603275.SH,603275,众辰科技,20230823,主板,204827184.00000003,1.8930726024547484,未知,未知,,,48.98,40.6069,40.2022,2.4149,7.5644,728684.5262,203443.1468,172499645.8,True,1,1,False,False,55.6,-7.445200302343169,-0.6490872210953347,-11.906474820143897,False,1.8930726024547484,-3.057119871279157,3.31,-19.9,36636115.99,80.8207,,,364973149.87,9.3661,1.5142,0,728684.5262,172499645.8,1.0,1.5,PASS,False,0.4576271186440678,3.31,-19.9,-0.58,1.655,,40.6069,2.4149,1.5142,12.267945619335348,95.07506363636365,0.0,0.0,48.98,55.6,0,50.0,COV-LOW,0.38461538461538464,0,1,55.0,4,-3.673239111001192,False,-7.445200302343169,,-0.004081341377716337,False,False,独立池,1.655,0.0,1.4447766849114472,42.78895533698229,1.0,0.0,42.79,Other
601096.SH,601096,宏盛华源,20231222,主板,204037806.35000002,-8.54092526690392,专业工程,未知,801724.SI,620000,5.14,37.0482,35.7967,2.8838,2.9749,1375029.7152,844489.9421,191668834.6,False,0,0,False,False,6.07,-7.885304659498216,-14.190317195325552,-15.321252059308076,False,-8.54092526690392,-3.057119871279157,14.59,57.57,95437582.59,93.8375,,,851978341.33,-172.9029,2.1571,0,1375029.7152,191668834.6,1.0,1.5,PASS,False,0.5254237288135594,14.59,57.57,-11.64,37.870000000000005,ESP-Q,37.0482,2.8838,2.1571,2.5392871830020565,85.53638666666667,0.0,0.0,5.14,6.07,0,50.0,COV-LOW,0.5333333333333333,0,0,5.0,5,0.0,False,-7.885304659498216,,-0.0013545237713130586,False,False,专业工程,37.870000000000005,0.11947822935571262,50.0,27.5,0.7,0.0,19.25,Other
603124.SH,603124,江南新材,20250320,主板,355638504.15000004,-4.69065911847959,金属非金属新材料,未知,801051.SI,240000,117.85,78.3882,65.875,8.9077,2.8899,1717607.1702,914619.8259,282985897.40000004,False,0,0,False,False,141.0,-1.4219991635299079,17.861786178617866,-16.41843971631206,False,-4.69065911847959,-3.057119871279157,109.06,40.35,74666170.69,95.5284,,,535487803.64,-532.567,4.1364,0,1717607.1702,282985897.40000004,1.0,1.5,PASS,False,0.8305084745762712,109.06,40.35,22.085,109.06,ESP-Q,78.3882,8.9077,4.1364,0.7187621492756281,108.89996666666667,0.0,0.0,117.85,141.0,0,50.0,COV-LOW,0.4375,0,0,5.0,5,-2.823944142791551,False,-1.4219991635299079,,0.0027654027992207435,False,False,金属非金属新材料,109.06,-0.2280377410390313,32.0,23.9,0.7,0.0,16.73,Other
600930.SH,600930,华电新能,20250716,主板,1403106711.35,-1.3071895424836666,电力,未知,801161.SI,410000,6.04,34.6907,39.3518,2.2812,3.8704,25195428.5713,1950807.4186,1072371091.5999999,True,0,0,False,False,6.84,-3.514376996805113,2.5466893039049365,-11.695906432748536,False,-1.3071895424836666,-3.057119871279157,-28.98,-15.03,2051117933.0,99.5052,,,23147541816.0,227.3436,1.5002,0,25195428.5713,1072371091.5999999,1.0,1.5,PASS,False,0.3050847457627119,-28.98,-15.03,0.02,-29.0,,34.6907,2.2812,1.5002,,55.30460465116279,0.0,0.0,6.04,6.84,0,50.0,COV-LOW,0.36363636363636365,0,0,5.0,14,-1.072537557505382,False,-3.514376996805113,,-0.006531013499543469,False,False,电力,-29.0,-0.42697375415642574,32.0,23.9,1.0,0.0,23.9,Other
001369.SZ,001369,双欣材料,20251230,主板,242564762.00000003,-9.435133457479827,化学纤维,未知,801032.SI,220000,14.59,31.2106,31.0633,2.37,8.1499,1673473.0,293301.8771,201646306.6,True,0,0,False,False,16.69,-6.653870761356373,-1.418918918918921,-12.582384661473945,False,-9.435133457479827,-3.057119871279157,-0.98,4.4,118338205.16,92.6246,,,1277583329.85,-62.0644,1.8262,0,1673473.0,201646306.6,1.0,1.5,PASS,False,0.6610169491525424,-0.98,4.4,33.59,-34.57,ESP-Q,31.2106,2.37,1.8262,,122.71699000000001,0.0,0.0,14.59,16.69,0,50.0,COV-LOW,0.4,0,0,5.0,4,-1.342563386546681,False,-6.653870761356373,,-0.042349592973003766,False,False,化学纤维,-34.57,0.036908206352580596,50.0,27.5,0.7,0.0,19.25,Other
001359.SZ,001359,平安电工,20240328,主板,259256370.95,18.71331017131905,塑料,未知,801036.SI,220000,99.09,76.0724,75.175,8.8921,4.8165,1838150.862,459546.7203,252363506.20000002,False,1,1,False,False,114.9,-0.7412601422418064,30.58777016341594,-13.759791122715404,False,18.71331017131905,-3.057119871279157,5.9,9.71,54583326.55,98.7801,,,600507774.38,16.8194,2.7089,0,1838150.862,252363506.20000002,1.0,1.5,PASS,False,0.6779661016949152,5.9,9.71,-4.92,15.74,,76.0724,8.8921,2.7089,12.893627118644067,184.85352307692307,0.0,0.0,99.09,114.9,0,50.0,COV-LOW,0.7058823529411765,1,1,75.0,6,9.511776582387553,True,-0.7412601422418064,,-0.03171127903113731,True,False,塑料,15.74,-0.13283589526109302,32.0,58.9,1.0,0.0,58.9,Tier2
001389.SZ,001389,广合科技,20240402,主板,1812382810.55,13.01326595072647,元件,未知,801083.SI,270000,178.9,83.2151,72.3725,11.7226,6.1424,8452895.548,2719031.2217,1374657369.8,False,2,1,False,False,197.87,-0.9851671463360634,83.26162671583693,-9.587102643149537,False,13.01326595072647,-3.057119871279157,67.88,45.66,390761484.37,99.5435,,,2559900324.65,71.2831,7.0182,0,8452895.548,1374657369.8,1.0,1.5,PASS,False,0.7457627118644068,67.88,45.66,2.79,67.88,,83.2151,11.7226,7.0182,1.2259148497348265,204.28836129032257,0.0,0.0,178.9,197.87,0,50.0,COV-LOW,0.5757575757575758,0,1,40.0,10,2.1693780896193005,False,-0.9851671463360634,,-0.008229345358167585,False,False,元件,67.88,-0.12784726468259713,32.0,41.4,1.0,0.0,41.4,Other
603271.SH,603271,永杰新材,20250311,主板,194130655.2,-9.170731707317081,工业金属,未知,801055.SI,240000,46.55,22.0514,19.9565,3.0092,3.2926,915731.6,440251.2614,151048026.0,True,0,0,False,False,53.8,-2.164775115594786,-0.5554368724631553,-13.475836431226762,False,-9.170731707317081,-3.057119871279157,64.73,33.44,134968271.92,113.1277,,,1057356704.4399999,89.9653,3.9989,0,915731.6,151048026.0,1.0,1.5,PASS,False,0.3559322033898305,64.73,33.44,55.81,8.920000000000002,,22.0514,3.0092,3.9989,0.3406673876100726,38.288555,0.0,0.0,46.55,53.8,0,50.0,COV-LOW,0.19047619047619047,0,0,5.0,7,-3.85714285714287,False,-2.164775115594786,,-0.0017188571265141937,False,False,工业金属,8.920000000000002,-0.43375765247901055,32.0,23.9,1.0,0.0,23.9,Other
603285.SH,603285,键邦股份,20240705,主板,238004763.40000007,31.120646138314,化学制品,未知,801034.SI,220000,51.95,61.1883,63.4558,4.8266,6.5872,831200.0,323631.7721,229174542.6,False,1,1,False,False,54.38,3.9000000000000146,46.09111361079865,-4.46855461566752,False,31.120646138314,-3.057119871279157,-13.58,-17.41,30053328.22,94.5679,,,313862303.06,107.0411,1.8547,0,831200.0,229174542.6,1.0,1.5,PASS,False,0.4406779661016949,-13.58,-17.41,8.2371,-21.8171,,61.1883,4.8266,1.8547,,104.193015625,0.0,0.0,51.95,54.38,0,50.0,COV-LOW,0.9473684210526315,1,1,75.0,23,36.82418382832887,True,3.9000000000000146,,-0.004863367033408956,True,False,化学制品,-21.8171,-0.1697500002605442,32.0,58.9,1.0,0.0,58.9,Tier2
603296.SH,603296,华勤技术,20230808,主板,2106403177.5999997,4.56943753111001,电子制造,未知,801085.SI,270000,105.04,27.8328,26.4089,3.6776,2.9868,11284242.8342,5992400.1748,2054258288.6000001,False,0,0,False,False,122.0,-7.738252086078168,18.181818181818187,-13.901639344262296,False,4.56943753111001,-3.057119871279157,8.08,38.3,822155517.54,77.5191,,,8054386522.25,52.6733,4.035,0,11284242.8342,2054258288.6000001,1.0,1.5,PASS,False,0.5084745762711864,8.08,38.3,-24.905,4.04,ESP-Q,27.8328,3.6776,4.035,3.4446534653465344,72.22433125,10.0,0.0,105.04,122.0,0,50.0,COV-LOW,0.4722222222222222,0,1,40.0,11,-0.09751900450397599,False,-7.738252086078168,,-0.009340115739195746,False,False,电子制造,4.04,-0.31020975213231944,32.0,41.4,0.7,0.0,38.98,Other
603375.SH,603375,盛景微,20240124,主板,225171509.5,22.943305186972253,半导体,未知,801081.SI,270000,50.96,506.7701,609.2952,3.3123,10.6125,512997.335,325027.6142,242553869.40000004,False,2,1,False,False,53.98,6.299541093032968,33.193936225823315,-5.59466469062615,False,22.943305186972253,-3.057119871279157,-599.58,-107.13,-820955.21,-33.2857,,,23029806.450000003,15199.4831,0.1594,0,512997.335,242553869.40000004,1.0,1.5,PASS,False,0.8813559322033898,-599.58,-107.13,21.265,-620.845,ESP-Q,506.7701,3.3123,0.1594,,141.87467999999998,0.0,0.0,50.96,53.98,0,50.0,COV-LOW,0.6521739130434783,0,1,40.0,7,1.9354841791512385,False,6.299541093032968,,0.011891873751591758,True,False,半导体,-620.845,-2.3165211882285948,12.0,37.4,0.7,0.0,26.18,Other
603341.SH,603341,龙旗科技,20240301,主板,398219312.4,-4.979360165118674,电子制造,未知,801085.SI,270000,36.83,32.8943,43.117,2.6648,5.0672,1924701.3419,980461.8566,371649748.2,False,0,0,False,False,40.96,-6.2611351488928495,-21.353833013025834,-10.08300781250001,False,-4.979360165118674,-3.057119871279157,-349.16,-15.91,-151060919.74,-980.3619,,,621089876.0699999,,0.2361,0,1924701.3419,371649748.2,1.0,1.5,PASS,False,0.5084745762711864,-349.16,-15.91,-24.905,-174.58,ESP-Q,32.8943,2.6648,0.2361,,72.22433125,0.0,0.0,36.83,40.96,0,50.0,COV-LOW,0.2222222222222222,0,0,5.0,11,-9.64631670073266,False,-6.2611351488928495,,0.002534402418793571,False,False,电子制造,-174.58,-0.9244094991859926,22.0,21.9,0.7,0.0,15.33,Other
603400.SH,603400,华之杰,20250620,主板,172409748.3,19.839022208973024,通用机械,未知,801072.SI,640000,80.4,64.6517,72.3084,6.5562,13.8727,804000.0,160800.0,216758375.2,True,1,1,False,False,90.0,-7.7134986225895315,31.86813186813189,-10.666666666666657,False,19.839022208973024,-3.057119871279157,-31.81,-20.5,30123976.95,96.7285,,,343944108.68,145.6447,2.5553,0,804000.0,216758375.2,1.0,1.5,PASS,False,0.7796610169491526,-31.81,-20.5,1.3,-33.11,,64.6517,6.5562,2.5553,,114.34343529411765,0.0,0.0,80.4,90.0,0,50.0,COV-LOW,0.8372093023255814,1,1,100.0,13,11.536667809964342,True,-7.7134986225895315,,0.0031665673087241156,True,False,通用机械,-33.11,0.14220995322177835,50.0,75.0,1.0,0.0,75.0,Tier2
603381.SH,603381,永臻股份,20240626,主板,194099411.45,-10.126582278481,未知,未知,,,22.01,,,1.5615,5.1498,522201.1735,312845.0469,169705448.0,False,0,0,False,False,27.34,-7.443229604709833,-26.657780739753413,-19.495245062179944,False,-10.126582278481,-3.057119871279157,-52.67,-207.36,14170574.3,58.1605,,,-110647779.49999999,-1670.13,0.7288,1,522201.1735,169705448.0,1.0,1.5,PASS,False,0.4576271186440678,-52.67,-207.36,-0.58,-26.335,ESP-Q,,1.5615,0.7288,,95.07506363636365,0.0,0.0,22.01,27.34,10,50.0,COV-LOW,0.15384615384615385,0,0,5.0,4,-15.69289399193694,False,-7.443229604709833,,-0.006587531902336184,False,False,独立池,-26.335,0.0,0.7282125064641821,17.645642501292837,0.7,10.0,2.35,Other
603248.SH,603248,锡华科技,20251223,主板,356422204.50000006,10.532276330690848,未知,未知,,,29.28,66.8995,68.8126,5.7657,27.5826,1346880.0,202936.5119,524341137.0,False,2,1,False,False,32.87,-7.3417721518987396,30.133333333333347,-10.921813203529041,False,10.532276330690848,-3.057119871279157,-18.67,42.61,27693479.46,96.0415,,,483318793.59000003,-321.2475,1.2409,0,1346880.0,524341137.0,1.0,1.5,PASS,False,0.4576271186440678,-18.67,42.61,-0.58,-9.335,ESP-Q,66.8995,5.7657,1.2409,,95.07506363636365,0.0,0.0,29.28,32.87,0,50.0,COV-LOW,0.8461538461538461,1,1,75.0,4,4.965964617234908,False,-7.3417721518987396,,0.01852742316819586,False,False,独立池,-9.335,0.0,1.163424762041299,52.73268495240826,0.7,0.0,36.91,Other
001325.SZ,001325,元创股份,20251218,主板,154401435.69999996,-31.15158999691262,橡胶,未知,801037.SI,220000,44.6,22.1592,22.1142,1.9156,7.6699,349664.0,87416.0,80593541.60000001,False,0,0,False,False,66.37,-8.381265406737882,-11.857707509881422,-32.80096429109538,False,-31.15158999691262,-3.057119871279157,-0.34,3.38,24811298.8,97.0174,,,372169912.52000004,-113.427,1.4126,0,349664.0,80593541.60000001,1.0,1.5,PASS,False,0.423728813559322,-0.34,3.38,-28.13,-0.17,ESP-Q,22.1592,1.9156,1.4126,,47.013079999999995,0.0,0.0,44.6,66.37,0,50.0,COV-LOW,0.16666666666666666,0,0,0.0,2,-38.00954623270037,False,-8.381265406737882,TIER2_FORCED,-0.05137969546183059,False,False,橡胶,-0.17,0.08316727976850302,50.0,25.0,0.7,0.0,17.5,Tier2
001280.SZ,001280,中国铀业,20251203,主板,953108692.9499998,-11.020025764140994,稀有金属,未知,801054.SI,240000,75.98,95.5006,91.3959,9.2286,6.7564,15714045.4532,1201146.9939,733400434.4,False,0,0,False,False,87.56,-3.04963634043639,-14.629213483146064,-13.225216994061217,False,-11.020025764140994,-3.057119871279157,69.82,18.49,209236130.33,97.7329,,,3789193447.71,280.8229,1.2621,0,15714045.4532,733400434.4,1.0,1.5,PASS,False,0.8983050847457628,69.82,18.49,108.81,-38.99000000000001,,95.5006,9.2286,1.2621,1.367811515325122,123.306975,0.0,0.0,75.98,87.56,0,50.0,COV-LOW,0.4375,0,0,5.0,5,-1.8524219927676828,False,-3.04963634043639,,-0.04916826816782019,False,False,稀有金属,-38.99000000000001,-0.5211948030673752,22.0,21.9,1.0,0.0,21.9,Other
603092.SH,603092,德力佳,20251107,主板,207069931.9,-0.05628253834246699,未知,未知,,,71.03,34.3401,31.6683,4.9534,10.8809,2841200.7103,245562.4584,200607493.0,False,0,0,False,False,78.31,-4.052411184654869,3.4367263725061825,-9.296386157578851,False,-0.05628253834246699,-3.057119871279157,28.66,49.18,186155742.35,87.6005,,,1971341309.87,86.5664,3.7774,0,2841200.7103,200607493.0,1.0,1.5,PASS,False,0.4576271186440678,28.66,49.18,-0.58,29.819999999999997,,34.3401,4.9534,3.7774,1.198189113747383,95.07506363636365,10.0,0.0,71.03,78.31,0,50.0,COV-LOW,0.3076923076923077,0,1,40.0,4,-5.622594251798407,False,-4.052411184654869,,-0.005504829630480376,False,False,独立池,29.819999999999997,0.0,2.165820989519065,35.433164197903814,1.0,0.0,45.43,Other
601112.SH,601112,振石股份,20260129,主板,289538642.95,-6.663400293973543,玻璃制造,未知,801712.SI,610000,19.05,45.172,44.0476,5.0445,6.8268,3315397.9291,337661.0709,184816116.6,False,0,0,False,False,21.59,-2.5575447570332477,-3.0040733197555958,-11.764705882352933,False,-6.663400293973543,-3.057119871279157,8.6,20.03,192751977.19,96.2893,,,1887467399.71,-14.7098,3.9083,0,3315397.9291,184816116.6,1.0,1.5,PASS,False,0.559322033898305,8.6,20.03,-7.38,23.36,ESP-Q,45.172,5.0445,3.9083,5.252558139534884,132.5669,0.0,0.0,19.05,21.59,0,50.0,COV-LOW,0.5,0,0,0.0,2,-2.0817001469867753,False,-2.5575447570332477,TIER2_FORCED,0.015746028228163844,False,False,玻璃制造,23.36,0.8572983724179104,50.0,25.0,0.7,0.0,17.5,Tier2
001257.SZ,001257,盛龙股份,20260331,主板,699969814.1499999,-3.081914030819144,稀有金属,未知,801054.SI,240000,23.9,49.6417,48.874,5.7406,18.9824,4387922.4526,327305.6913,618787620.4000001,True,0,0,False,False,28.29,-1.280462618752587,-13.65606936416185,-15.517850830682223,False,-3.081914030819144,-3.057119871279157,3.77,15.84,382786571.15,99.4077,,,1850606203.6399999,159.6664,5.7838,0,4387922.4526,618787620.4000001,1.0,1.5,PASS,False,0.8983050847457628,3.77,15.84,108.81,-105.04,,49.6417,5.7406,5.7838,13.167559681697613,123.306975,10.0,0.0,23.9,28.29,0,50.0,COV-LOW,0.875,1,0,55.0,5,6.085689740554168,True,-1.280462618752587,,-0.0019875155226925876,False,False,稀有金属,-105.04,-0.6409771822020524,22.0,46.9,1.0,0.0,56.9,Tier2
603459.SH,603459,红板科技,20260408,主板,1933399632.45,54.85483870967742,元件,未知,801083.SI,270000,96.01,134.0522,130.3009,17.7588,48.7868,7236788.1984,758976.8887,2370790364.2000003,True,3,2,False,True,99.89,14.57040572792363,66.39514731369151,-3.8842726999699595,False,54.85483870967742,-3.057119871279157,11.76,169.2797,117158121.93,94.6385,,,870974921.9300001,24.2633,5.2027,0,7236788.1984,2370790364.2000003,1.0,1.5,PASS,False,0.7457627118644068,11.76,169.2797,2.79,11.759999999999998,,134.0522,17.7588,5.2027,11.398996598639457,204.28836129032257,0.0,0.0,96.01,99.89,0,50.0,COV-LOW,0.9696969696969697,1,1,100.0,10,44.01095084857025,True,14.57040572792363,突破型|OVERHEAT,0.007630189525106009,True,True,元件,11.759999999999998,-0.2381511819796289,32.0,71.4,1.0,0.0,71.4,Tier2
603293.SH,603293,埃泰克,20260416,主板,325364440.65,-5.077989601386479,汽车零部件,未知,801093.SI,280000,54.77,39.4882,38.8686,3.366,35.1408,980879.5339,192223.5907,314637084.3999999,True,0,0,False,False,59.45,6.328868180935743,-22.88087862573922,-7.872161480235496,False,-5.077989601386479,-3.057119871279157,1.79,15.71,55342771.77,95.3553,,,374525571.77,127.6301,3.8097,0,980879.5339,314637084.3999999,1.0,1.5,PASS,False,0.5932203389830508,1.79,15.71,-7.975999999999999,0.895,,39.4882,3.366,3.8097,22.0604469273743,74.48131470588235,0.0,0.0,54.77,59.45,0,50.0,COV-LOW,0.33783783783783783,0,0,5.0,23,-6.216139029009593,False,6.328868180935743,,0.003321953980571462,False,False,汽车零部件,0.895,0.07386117077172848,50.0,27.5,1.0,0.0,27.5,Other
001312.SZ,001312,福恩股份,20260421,主板,342425253.45000005,-23.258096172718346,纺织制造,未知,801131.SI,350000,23.46,23.7644,23.6267,2.3443,13.1656,547400.0016,134097.9911,172429657.0,True,0,0,False,False,36.53,-1.3041649137568334,-23.258096172718346,-35.77881193539556,False,-23.258096172718346,-3.057119871279157,2.38,-17.1,37042484.06,91.1953,,,348372653.64,-202.3964,3.052,0,547400.0016,172429657.0,1.0,1.5,PASS,False,0.4915254237288136,2.38,-17.1,2.285,0.09499999999999975,ESP-Q,23.7644,2.3443,3.052,9.985042016806723,73.3666625,0.0,0.0,23.46,36.53,0,50.0,COV-LOW,0.1111111111111111,0,0,5.0,3,-9.614028376108164,False,-1.3041649137568334,,-0.007640042902131786,False,False,纺织制造,0.09499999999999975,-0.2563095302627699,32.0,23.9,0.7,0.0,16.73,Other
603407.SH,603407,长裕集团,20260511,主板,1273186064.7777777,-27.60235191637631,稀有金属,未知,801054.SI,240000,66.49,108.7814,107.1571,13.1545,27.16,2711962.4109,238778.8348,871038948.3999999,True,0,0,False,False,110.28,-13.42447916666667,-27.60235191637631,-39.70801595937614,False,-27.60235191637631,-3.057119871279157,12.2,17.9471,54321200.0,97.4078,,,411145500.0,17.7714,3.6152,0,2711962.4109,871038948.3999999,1.0,1.5,PASS,False,0.8983050847457628,12.2,17.9471,108.81,-96.61,,108.7814,13.1545,3.6152,8.916508196721312,123.306975,0.0,0.0,66.49,110.28,0,50.0,COV-LOW,0.0625,0,0,5.0,5,-18.434748145003,False,-13.42447916666667,,0.0015612046001066298,False,False,稀有金属,-96.61,-0.625689287332933,22.0,21.9,1.0,0.0,21.9,Other
