ts_code,symbol,name,list_date,delist_date,market,list_status,avg_amount_20d,pct_20d,l2_name,l1_name,l2_code,l1_code,close,pe,pe_ttm,pb,turnover_rate,total_mv,circ_mv,avg_amount_5d,vol_confirm,limit_20d,limit_10d,is_lock,is_breakout,high_20d,low_20d,pct_5d,pct_60d,drawdown_20d,has_crash_veto,pct_20d_n,market_med_20d,q0_dt_yoy,q1_dt_yoy,q0_profit_dedt,q0_dt_profit_ratio,q0_net_income,ttm_net_income,ttm_profit_dedt,ttm_ocf_ratio,roe,reduce_deduct,total_mv_n,avg_amt_5d_n,l1_leader,l1_score,l1_flag,itf_adj,l2_pe_mkt_pct,q0_dt_yoy_n,q1_dt_yoy_n,ind_med,esp_raw,l2_flags,pe_n,pb_n,roe_n,peg_n,pe_mean,val_bonus,val_penalty,close_n,high_20d_n,reduce_penalty,cat_score,cat_flag,mom_rank,l4_mom_ok,l4_rel_ok,l4_score,ind_mom_cnt,alpha_excess,alpha_flag,pct_5d_n,l4_flag,big_ratio,chasing_high,overheat_flag,z_group,esp_raw_w,esp_z,esp_score,egs_base,mult,deduct,final_score,tier
000001.SZ,000001,平安银行,19910403,,主板,L,1215614136.6000004,-3.429602888086647,未知,未知,,,10.68,4.8614,4.8132,0.4466,0.4917,20725520.6355,20725181.4974,974226256.1999999,False,0,0,False,False,11.6,10.69,-2.638762511373982,-1.9248395967002785,-7.758620689655171,False,-3.429602888086647,-3.057119871279157,3.2,-4.9,14488000000.0,99.759,,,120311000000.0,217.3903,2.652,0,20725520.6355,974226256.1999999,1.0,1.5,PASS,False,0.2857142857142857,3.2,-4.9,2.125,3.2,ESP-Q,4.8614,0.4466,2.652,1.5191875,87.7931712264151,0.0,0.0,10.68,11.6,0,67.81214203894616,,0.5553435114503816,0,0,5.0,158,1.3846542030873934,False,-2.638762511373982,,-0.04163735444817503,False,False,独立池,3.2,0.0,22.161952417240606,27.276033095131968,0.7,0.0,19.09,Other
000002.SZ,000002,万科Ａ,19910129,,主板,L,481263566.3000001,-11.02564102564102,房地产开发,房地产,801181.SI,430000,3.46,,,0.3735,0.8918,4128025.477,3362059.8093,459378842.4,False,0,0,False,False,4.16,3.47,-8.201058201058187,-29.471544715447152,-16.58653846153846,False,-11.02564102564102,-3.057119871279157,11.67,-89.27,-5334173713.54,,,,-129328697212.95999,,-5.234,0,4128025.477,459378842.4,1.0,1.5,PASS,False,0.6666666666666666,11.67,-89.27,-25.055,5.835,,,0.3735,-5.234,,71.32621,0.0,0.0,3.46,4.16,0,65.2348224513173,,0.19230769230769232,0,0,5.0,8,-9.61843275322436,False,-8.201058201058187,,-0.08319175993419052,False,False,房地产开发,5.835,-0.018297969560826105,32.0,28.470446735395193,1.0,0.0,28.47,Other
000006.SZ,000006,深振业Ａ,19920427,,主板,L,461591160.29999995,8.169596690796288,房地产开发,房地产,801181.SI,430000,10.88,,,2.7357,3.5696,1468794.61,1468783.5124,604726505.8,True,2,2,False,False,11.25,9.09,7.61316872427984,12.837108953613829,-7.022222222222219,False,8.169596690796288,-3.057119871279157,124.77,96.6,6931220.37,92.0793,,,-134432268.94,1215.9487,0.1403,0,1468794.61,604726505.8,1.0,1.5,PASS,False,0.6666666666666666,124.77,96.6,-25.055,174.88,,,2.7357,0.1403,,71.32621,0.0,0.0,10.88,11.25,0,65.2348224513173,,0.7692307692307693,1,1,100.0,8,9.576804963212949,True,7.61316872427984,,0.020922911893463306,False,False,房地产开发,174.88,0.87373975470597,50.0,79.5704467353952,1.0,0.0,79.57,Tier1
000007.SZ,000007,全新好,19920413,,主板,L,201486584.15,-15.36780772032047,一般零售,商业贸易,801203.SI,450000,12.46,2239.877,,24.1034,8.9416,431674.2628,431674.2628,154512695.20000002,False,1,0,False,False,17.79,11.58,-8.43183609141056,-8.503937007874018,-34.68240584598089,False,-15.36780772032047,-3.057119871279157,-231.39,-63.71,-2328706.65,,,,6040372.59,,-1.2047,0,431674.2628,154512695.20000002,1.0,1.5,PASS,False,0.5,-231.39,-63.71,-2.72,-115.695,,2239.877,24.1034,-1.2047,,294.39719,0.0,0.0,12.46,17.79,0,80.29782359679267,,0.29411764705882354,0,0,5.0,6,-5.4518413337658505,False,-8.43183609141056,,-0.032278743167899505,False,False,一般零售,-115.695,-2.1064271769619083,12.0,28.9893470790378,1.0,0.0,28.99,Other
000009.SZ,000009,中国宝安,19910625,,主板,L,276477461.8000001,-12.725225225225234,未知,未知,,,7.76,98.5743,385.4462,1.9954,0.6609,2001470.0368,1998991.8808,182657545.2,False,0,0,False,False,9.32,7.69,-2.146464646464641,-18.763102725366863,-16.845493562231763,False,-12.725225225225234,-3.057119871279157,-73.85,-341.34,20137217.24,115.3158,,,174329814.67,-56.7024,0.1743,0,2001470.0368,182657545.2,1.0,1.5,PASS,False,0.2857142857142857,-73.85,-341.34,2.125,-75.975,ESP-Q,98.5743,1.9954,0.1743,,87.7931712264151,0.0,0.0,7.76,9.32,0,99.3127147766323,,0.183206106870229,0,0,5.0,158,-7.910968134051194,False,-2.146464646464641,,-0.02781746219568372,False,False,独立池,-75.975,0.0,20.994249440323433,36.49266432105438,0.7,0.0,25.54,Other
000021.SZ,000021,深科技,19940202,,主板,L,4403063150.150001,26.06585788561524,电子制造,电子,801085.SI,270000,37.73,52.3011,49.542,4.4458,12.1496,5939730.4443,5938860.0132,8241378603.200001,True,1,1,False,False,39.99,28.0,8.051099227569814,7.699141249629826,-9.052263065766454,False,26.06585788561524,-3.057119871279157,14.93,7.48,142765477.92,58.9506,,,2004704871.01,32.1692,1.8307,0,5939730.4443,8241378603.200001,1.0,1.5,PASS,False,0.40476190476190477,14.93,7.48,-24.075000000000003,7.465,ESP-Q,52.3011,4.4458,1.8307,3.5030877427997322,87.6280681818182,0.0,0.0,37.73,39.99,0,96.90721649484536,CHASE,0.9615384615384616,1,1,100.0,8,21.437389120060235,True,8.051099227569814,OVERHEAT,-0.011241039935481922,True,True,电子制造,7.465,-0.28131086591228216,32.0,85.47216494845361,0.7,0.0,59.83,Tier2
000026.SZ,000026,飞亚达,19930603,,主板,L,438596857.0500001,23.695420660276877,未知,未知,,,25.55,118.7303,96.8099,3.051,6.5606,1036727.0379,931452.6728,537319396.8,True,1,1,False,False,23.98,16.92,14.886251236399616,47.7735368956743,-3.1276063386155184,False,23.695420660276877,-3.057119871279157,41.05,-60.15,62260608.55,95.6715,,,343555516.82,224.2321,1.9327,0,1036727.0379,537319396.8,1.0,1.5,PASS,False,0.2857142857142857,41.05,-60.15,2.125,41.05,ESP-Q,118.7303,3.051,1.9327,2.892333739342266,87.7931712264151,0.0,0.0,25.55,23.98,0,95.87628865979381,CHASE,0.9351145038167938,1,1,100.0,158,28.509677751450916,True,14.886251236399616,OVERHEAT,0.04115293951044133,True,True,独立池,41.05,0.0,22.720178595659487,83.30692231707005,0.7,0.0,58.31,Tier2
000027.SZ,000027,深圳能源,19930903,,主板,L,413409580.1499999,5.5312954876273634,电力,公用事业,801161.SI,410000,7.31,16.5339,17.3787,1.0395,0.8341,3477652.0286,3477652.0286,537697767.4,True,0,0,False,False,8.08,6.68,-0.13774104683195176,7.566765578635004,-10.272277227722771,False,5.5312954876273634,-3.057119871279157,-4.72,11.03,1208297243.66,96.7133,,,6486655118.37,60.578,2.4193,0,3477652.0286,537697767.4,1.0,1.5,PASS,False,0.21428571428571427,-4.72,11.03,-1.575,-2.36,,16.5339,1.0395,2.4193,,43.696173170731704,0.0,0.0,7.31,8.08,0,69.0721649484536,,0.6666666666666666,0,1,55.0,13,4.576649941099564,False,-0.13774104683195176,,-0.004253162838890542,False,False,电力,-2.36,-0.11488015950444086,32.0,54.62164948453608,1.0,0.0,54.62,Tier2
000032.SZ,000032,深桑达Ａ,19931028,,主板,L,477360832.25,5.225522552255213,专业工程,建筑装饰,801724.SI,620000,19.19,,,3.157,3.1198,2331929.0978,2183743.77,716995590.4,False,0,0,False,False,21.35,17.24,4.023926046764537,-3.869346733668344,-10.39812646370024,False,5.225522552255213,-3.057119871279157,-100.82,-4265.07,-102347794.81,,,,-1013123619.62,2325.7655,-1.1099,0,2331929.0978,716995590.4,1.0,1.5,PASS,False,0.35714285714285715,-100.82,-4265.07,-13.35,-50.41,,,3.157,-1.1099,,69.65643999999999,0.0,0.0,19.19,21.35,0,90.26345933562429,,0.75,1,1,75.0,5,13.526359017482875,True,4.023926046764537,,0.016650667349459875,False,False,专业工程,-50.41,-0.9587816412929712,22.0,68.97903780068728,1.0,0.0,68.98,Tier2
000034.SZ,000034,神州数码,19940509,,主板,L,1586906406.1999998,-23.323295921160693,未知,未知,,,29.07,56.5197,54.5665,2.6393,5.8376,2955662.2003,2468472.7767,1817889139.3999999,True,0,0,False,False,43.75,27.97,-31.213163064833005,-25.306666666666665,-35.97714285714285,False,-23.323295921160693,-3.057119871279157,4.14,-30.7,233118208.42,98.7818,,,2028525193.75,-734.423,2.1229,0,2955662.2003,1817889139.3999999,1.0,1.5,PASS,False,0.2857142857142857,4.14,-30.7,2.125,4.14,ESP-Q,56.5197,2.6393,2.1229,13.652101449275364,87.7931712264151,0.0,0.0,29.07,43.75,0,65.2348224513173,,0.026717557251908396,0,0,5.0,158,-18.50903882998665,False,-31.213163064833005,,-0.022440870945003834,False,False,独立池,4.14,0.0,22.175815894326835,26.505609914260557,0.7,0.0,18.55,Other
000035.SZ,000035,中国天楹,19940408,,主板,L,311486117.09999996,-13.610315186246424,未知,未知,,,5.99,50.3762,49.484,1.3295,1.3971,1430431.6286,1385502.4231,259298317.60000002,False,0,0,False,False,7.19,5.96,-2.584814216478193,-2.584814216478193,-16.13351877607788,False,-13.610315186246424,-3.057119871279157,35.53,23.99,125036004.23,112.933,,,940127871.6700001,191.0652,1.0227,0,1430431.6286,259298317.60000002,1.0,1.5,PASS,False,0.2857142857142857,35.53,23.99,2.125,35.53,,50.3762,1.3295,1.0227,1.4178497044750913,87.7931712264151,0.0,0.0,5.99,7.19,0,65.2348224513173,,0.16412213740458015,0,0,5.0,158,-8.796058095072384,False,-2.584814216478193,,-0.025255628615983523,False,False,独立池,35.53,0.0,22.638767538727592,26.59820024314071,1.0,0.0,26.6,Other
000036.SZ,000036,华联控股,19940617,,主板,L,303264160.65,5.882352941176494,房地产开发,房地产,801181.SI,430000,5.44,108.8706,84.4315,1.4849,1.8463,763677.3864,763221.7897,220177406.00000003,False,1,1,False,False,6.43,5.01,-5.429071803852881,-2.1739130434782483,-16.01866251944012,False,5.882352941176494,-3.057119871279157,575.84,320.68,26152494.98,100.4385,,,98173793.12,89.5573,0.5076,0,763677.3864,220177406.00000003,1.0,1.5,PASS,False,0.6666666666666666,575.84,320.68,-25.055,625.9499999999999,,108.8706,1.4849,0.5076,0.18906397610447345,71.32621,0.0,0.0,5.44,6.43,0,67.81214203894616,,0.6923076923076923,0,1,40.0,8,7.289561213593155,True,-5.429071803852881,,-0.009719828066899704,False,False,房地产开发,625.9499999999999,3.254002148062908,95.76200644418873,59.4960439005216,1.0,0.0,59.5,Tier1
000039.SZ,000039,中集集团,19940408,,主板,L,780705110.4,-10.220264317180616,通用机械,机械设备,801072.SI,640000,10.33,252.2631,,1.1923,3.5056,5570473.5577,2377353.5767,870620565.8,False,1,0,False,False,13.65,10.19,-15.993404781533393,-15.505804311774474,-25.347985347985357,False,-10.220264317180616,-3.057119871279157,-67.99,-100.9,167445000.0,80.1322,,,2831283000.0,84.233,0.4132,0,5570473.5577,870620565.8,1.0,1.5,PASS,False,0.5952380952380952,-67.99,-100.9,-0.595,-33.995,,252.2631,1.1923,0.4132,,108.90780749999999,0.0,0.0,10.33,13.65,0,65.2348224513173,,0.22448979591836735,0,0,5.0,15,-12.320720938185193,False,-15.993404781533393,,-0.055457569642279755,False,False,通用机械,-33.995,0.0210054361494791,50.0,32.070446735395194,1.0,0.0,32.07,Other
000049.SZ,000049,德赛电池,19950320,,主板,L,514966865.59999996,-10.863697705802966,未知,未知,,,27.42,36.0858,32.5996,1.551,3.015,1054678.8602,1054394.5916,311844703.4,False,0,0,False,False,31.5,25.84,-2.2567517573066964,-0.900225056264059,-16.126984126984123,False,-10.863697705802966,-3.057119871279157,74.27,-33.26,55417166.77,69.3438,,,524847797.28000003,468.3323,1.1816,0,1054678.8602,311844703.4,1.0,1.5,PASS,False,0.2857142857142857,74.27,-33.26,2.125,74.27,ESP-Q,36.0858,1.551,1.1816,0.4858731654773125,87.7931712264151,0.0,0.0,27.42,31.5,0,79.15234822451318,,0.25572519083969464,0,0,5.0,158,-6.049440614628926,False,-2.2567517573066964,,-0.029694842542020008,False,False,独立池,74.27,0.0,23.21011977523876,30.887728422401704,0.7,0.0,21.62,Other
000050.SZ,000050,深天马Ａ,19950315,,主板,L,225477762.55,-9.199522102747903,光学光电子,电子,801084.SI,270000,7.95,115.6942,,0.7209,3.859,1936441.6012,1936426.3968,306981826.1999999,True,0,0,False,False,8.55,7.3,1.7402945113788482,-22.290388548057262,-11.111111111111127,False,-9.199522102747903,-3.057119871279157,-22.4027,74.1856,-167280469.79,,,,-1294528523.75,,-0.5126,0,1936441.6012,306981826.1999999,1.0,1.5,PASS,False,0.9761904761904762,-22.4027,74.1856,-19.355800000000002,-11.20135,,115.6942,0.7209,-0.5126,,243.17919999999998,0.0,0.0,7.95,8.55,0,97.2508591065292,,0.13043478260869565,0,0,5.0,7,-14.053891034786735,False,1.7402945113788482,,0.045854247141839354,False,False,光学光电子,-11.20135,-0.021957017142097253,32.0,38.07525773195876,1.0,0.0,38.08,Other
000059.SZ,000059,华锦股份,19970130,,主板,L,165037024.24999997,-10.207939508506614,未知,未知,,,4.71,,,0.773,1.2282,753337.4349,753323.5169,123871696.39999999,False,0,0,False,False,5.75,4.73,-5.000000000000004,-21.746293245469527,-17.391304347826086,False,-10.207939508506614,-3.057119871279157,110.45,38.67,36726331.68,82.7969,,,-4159760743.83,-1439.4306,0.4566,0,753337.4349,123871696.39999999,1.0,1.5,PASS,False,0.2857142857142857,110.45,38.67,2.125,110.45,ESP-Q,,0.773,0.4566,,87.7931712264151,0.0,0.0,4.71,5.75,0,65.2348224513173,,0.2786259541984733,0,0,5.0,158,-5.393682417332574,False,-5.000000000000004,,0.0024466688583037032,False,False,独立池,110.45,0.0,23.74371615925977,26.819189967247144,0.7,0.0,18.77,Other
000062.SZ,000062,深圳华强,19970130,,主板,L,3134590159.0999994,11.998651836872254,其他电子,电子,801082.SI,270000,34.63,78.2389,64.8806,5.3561,5.6021,3621983.9821,3618488.9667,2009403420.0,True,4,1,False,True,40.13,29.58,3.4880099657427444,34.26262626262624,-17.194119112883143,False,11.998651836872254,-3.057119871279157,121.12,164.22,205804495.1,102.4471,,,1182129635.6200001,-192.5765,2.9544,0,3621983.9821,2009403420.0,1.0,1.5,PASS,False,0.9285714285714286,121.12,164.22,10.47,121.12,ESP-Q,78.2389,5.3561,2.9544,0.645961856010568,116.60343333333333,10.0,0.0,34.63,40.13,0,65.2348224513173,,0.6923076923076923,0,1,55.0,4,7.352238765644281,True,3.4880099657427444,突破型,-0.007735772329252213,False,False,其他电子,121.12,0.6758369742596069,50.0,57.070446735395194,0.7,0.0,49.95,Other
000063.SZ,000063,中兴通讯,19971118,,主板,L,5145322419.499999,-1.0511363636363735,通信设备,通信,801102.SI,730000,35.64,30.3476,38.0971,2.2195,2.9716,17048518.3373,14354442.0708,4781700381.2,False,0,0,False,False,40.2,34.68,-5.1212203759193775,-7.783955520254182,-13.358208955223894,False,-1.0511363636363735,-3.057119871279157,,-45.45,,,,,11353324000.0,-128.1529,1.7374,0,17048518.3373,4781700381.2,1.0,1.5,PASS,False,0.9523809523809523,,-45.45,15.0872,0.0,DATA-INC,30.3476,2.2195,1.7374,,156.39837500000002,0.0,0.0,35.64,40.2,0,65.2348224513173,,0.5,0,1,40.0,8,-1.8929879202248479,False,-5.1212203759193775,,-0.03119330620272706,False,False,通信设备,0.0,-0.12284011865236305,32.0,45.97044673539519,1.0,0.0,45.97,Other
000065.SZ,000065,北方国际,19980605,,主板,L,389405600.45,-15.687629578438155,专业工程,建筑装饰,801724.SI,620000,12.19,19.5739,21.5525,1.2649,1.8319,1415797.9918,1188479.0291,258248889.39999998,True,0,0,False,False,14.48,12.12,-2.866242038216571,0.577081615828523,-15.74585635359117,False,-15.687629578438155,-3.057119871279157,-36.65,-30.67,110948144.92,100.4301,,,1629317011.88,133.6644,0.991,0,1415797.9918,258248889.39999998,1.0,1.5,PASS,False,0.35714285714285715,-36.65,-30.67,-13.35,-18.325,,19.5739,1.2649,0.991,,69.65643999999999,0.0,0.0,12.19,14.48,0,75.83046964490264,,0.1875,0,0,5.0,5,-7.386793113210494,False,-2.866242038216571,,-0.0197991970455736,False,False,专业工程,-18.325,-0.5922558583680936,22.0,29.649140893470793,1.0,0.0,29.65,Other
000099.SZ,000099,中信海直,20000731,,主板,L,155788136.4,-7.519209659714587,未知,未知,,,16.57,41.6449,41.3869,2.3324,1.3381,1285451.117,1285451.117,146430427.39999998,True,0,0,False,False,18.48,16.66,-0.7071302298173099,-16.50148662041625,-8.820346320346317,False,-7.519209659714587,-3.057119871279157,2.19,-5.83,93412970.21,100.2978,,,775840691.41,256.9508,1.6812,0,1285451.117,146430427.39999998,1.0,1.5,PASS,False,0.2857142857142857,2.19,-5.83,2.125,0.06499999999999995,,41.6449,2.3324,1.6812,19.01593607305936,87.7931712264151,0.0,0.0,16.57,18.48,0,69.0721649484536,,0.38740458015267176,0,0,5.0,158,-2.7049525685405467,False,-0.7071302298173099,,-0.023813028367878807,False,False,独立池,0.06499999999999995,0.0,22.115716246320048,27.644792733800088,1.0,0.0,27.64,Other
000100.SZ,000100,TCL科技,20040130,,主板,L,2600842344.2,0.691244239631339,光学光电子,电子,801084.SI,270000,4.38,20.1709,18.0031,1.4534,10.2429,9110777.7518,8379810.1523,3898368425.4,True,0,0,False,False,4.65,4.12,4.545454545454564,-8.958333333333323,-6.021505376344094,False,0.691244239631339,-3.057119871279157,20.59,870.95,1154847882.0,74.1974,,,8039325931.0,1838.6257,2.488,0,9110777.7518,3898368425.4,1.0,1.5,PASS,False,0.9761904761904762,20.59,870.95,-19.355800000000002,59.30160000000001,ESP-Q,20.1709,1.4534,2.488,0.9796454589606605,243.17919999999998,10.0,0.0,4.38,4.65,0,92.43986254295532,,0.30434782608695654,0,1,55.0,7,-4.163124692407494,False,4.545454545454564,,0.03695310827834936,False,False,光学光电子,59.30160000000001,0.7134885043089282,50.0,65.23195876288659,0.7,0.0,55.66,Tier1
000155.SZ,000155,川能动力,20000926,,主板,L,1433212364.1500003,-15.26222746022391,电力,公用事业,801161.SI,410000,14.3,52.5383,49.5818,2.4571,2.5939,2640020.7291,2640020.7291,826088254.2,False,0,0,False,False,19.34,14.38,-9.159823120656974,8.446455505279049,-25.64632885211996,False,-15.26222746022391,-3.057119871279157,23.28,-30.28,286644069.89,107.441,,,1403050890.56,-56.3286,2.515,0,2640020.7291,826088254.2,1.0,1.5,PASS,False,0.21428571428571427,23.28,-30.28,-1.575,26.43,ESP-Q,52.5383,2.4571,2.515,2.256799828178694,43.696173170731704,0.0,0.0,14.3,19.34,0,73.19587628865979,,0.07142857142857142,0,0,5.0,13,-16.216873006751708,False,-9.159823120656974,,-0.06125231685948285,False,False,电力,26.43,0.6986737510612445,50.0,34.45876288659794,0.7,0.0,24.12,Other
000157.SZ,000157,中联重科,20001012,,主板,L,833766906.0,-11.01591187270502,未知,未知,,,7.3,12.9946,14.5724,1.0825,0.9344,6313430.7223,5160858.808,579512955.4,True,0,0,False,False,8.44,7.13,-3.452855245683939,-27.081243731193595,-13.862559241706162,False,-11.01591187270502,-3.057119871279157,-31.14,31.93,601799724.44,68.0642,,,8540159240.84,102.3444,1.5244,0,6313430.7223,579512955.4,1.0,1.5,PASS,False,0.2857142857142857,-31.14,31.93,2.125,-33.265,ESP-Q,12.9946,1.0825,1.5244,,87.7931712264151,0.0,0.0,7.3,8.44,0,65.2348224513173,,0.25,0,0,5.0,158,-6.20165478153098,False,-3.452855245683939,,0.02416656718042542,False,False,独立池,-33.265,0.0,21.62415274495409,26.395277284386008,0.7,0.0,18.48,Other
000158.SZ,000158,常山北明,20000724,,主板,L,658894328.8,-12.136752136752138,未知,未知,,,15.45,738.4523,780.9634,4.6583,1.5399,2469862.8339,2453323.4158,479126280.3999999,False,0,0,False,False,19.05,15.3,-8.703374777975137,-23.473945409429277,-19.055118110236226,False,-12.136752136752138,-3.057119871279157,9.86,86.78,-107016689.51,,,,-528841601.34000003,,-1.8975,0,2469862.8339,479126280.3999999,1.0,1.5,PASS,False,0.2857142857142857,9.86,86.78,2.125,9.86,|VAL-X,738.4523,4.6583,-1.8975,74.89374239350913,87.7931712264151,0.0,15.0,15.45,19.05,0,91.06529209621993,,0.1965648854961832,0,0,5.0,158,-7.322495045578098,False,-8.703374777975137,,-0.07044328238951844,False,False,独立池,9.86,0.0,22.26017662723452,34.27162295431288,1.0,15.0,19.27,Other
000159.SZ,000159,国际实业,20000926,,主板,L,201557675.49999997,8.974358974358964,未知,未知,,,7.09,89.6453,92.868,1.6533,11.5216,340806.369,340793.9615,368596882.59999996,True,1,1,False,False,7.4,6.15,-1.449275362318847,-3.271692745376964,-8.108108108108114,False,8.974358974358964,-3.057119871279157,1.09,-26.93,8357656.77,114.5891,,,94797243.4,-139.3281,0.3543,0,340806.369,368596882.59999996,1.0,1.5,PASS,False,0.2857142857142857,1.09,-26.93,2.125,-1.035,ESP-Q,89.6453,1.6533,0.3543,82.24339449541284,87.7931712264151,0.0,0.0,7.09,7.4,0,65.2348224513173,,0.8301526717557252,1,1,100.0,158,13.788616065533004,True,-1.449275362318847,,-0.023377224577730216,False,False,独立池,-1.035,0.0,22.09949302845318,73.99034534108583,0.7,0.0,51.79,Tier2
000301.SZ,000301,东方盛虹,20000529,,主板,L,370478545.55,-1.1838989739542227,未知,未知,,,12.39,612.4516,66.8674,2.3582,0.3941,8191314.8757,8187468.4671,317853270.2,False,0,0,False,False,13.48,12.21,-3.840245775729645,-4.500381388253238,-7.121661721068251,False,-1.1838989739542227,-3.057119871279157,349.52,79.54,1316436824.28,91.9024,,,973637574.41,190.8329,4.1074,0,8191314.8757,317853270.2,1.0,1.5,PASS,False,0.2857142857142857,349.52,79.54,2.125,349.52,,612.4516,2.3582,4.1074,1.7522648203250173,87.7931712264151,0.0,10.0,12.39,13.48,0,65.2348224513173,,0.6316793893129771,0,1,40.0,158,3.6303581172198176,False,-3.840245775729645,,-0.01745467291224778,False,False,独立池,349.52,0.0,27.269611336924292,45.02436900278005,1.0,10.0,35.02,Other
000400.SZ,000400,许继电气,19970418,,主板,L,758229912.1999999,-0.8792048929663676,未知,未知,,,25.92,22.6203,24.6598,2.1513,1.5887,2640268.8694,2622329.6633,714004061.8000001,False,0,0,False,False,27.96,24.93,-1.6312594840667716,-17.734771573604057,-7.26037195994278,False,-0.8792048929663676,-3.057119871279157,-47.26,5.64,107363358.36,96.6835,,,2724528206.5699997,-128.3852,0.9093,0,2640268.8694,714004061.8000001,1.0,1.5,PASS,False,0.2857142857142857,-47.26,5.64,2.125,-49.385,ESP-Q,22.6203,2.1513,0.9093,,87.7931712264151,0.0,0.0,25.92,27.96,0,65.2348224513173,,0.6469465648854962,0,1,40.0,158,3.9350521982076727,False,-1.6312594840667716,,-0.023848513192263887,False,False,独立池,-49.385,0.0,21.38640886130515,43.84772850765622,0.7,0.0,30.69,Other
000402.SZ,000402,金融街,19960626,,主板,L,297666070.00000006,5.128205128205132,房地产开发,房地产,801181.SI,430000,2.93,,,0.4411,1.9732,875756.4628,875675.6065,250432425.20000002,True,3,0,False,False,3.49,2.58,-4.6511627906976605,1.7730496453900901,-17.76504297994269,False,5.128205128205132,-3.057119871279157,181.59,48.7,316148534.96,91.6353,,,-6908054506.38,-143.4915,1.7529,0,875756.4628,250432425.20000002,1.0,1.5,PASS,False,0.6666666666666666,181.59,48.7,-25.055,231.70000000000002,ESP-Q,,0.4411,1.7529,,71.32621,0.0,0.0,2.93,3.49,0,65.2348224513173,,0.6538461538461539,0,1,55.0,8,6.535413400621792,True,-4.6511627906976605,,0.014739787604291317,False,False,房地产开发,231.70000000000002,1.1735746122459114,68.0,60.67044673539519,0.7,0.0,42.47,Other
000404.SZ,000404,长虹华意,19960619,,主板,L,381608198.04999995,24.15094339622641,未知,未知,,,9.73,13.6872,13.2842,1.5334,8.3519,677204.0876,674024.5843,453070984.4,True,0,0,False,False,10.01,7.67,15.845070422535201,36.51452282157675,-1.3986013986014068,False,24.15094339622641,-3.057119871279157,46.74,0.48,121595287.13,105.3916,,,1082829534.09,74.1674,2.6377,0,677204.0876,453070984.4,1.0,1.5,PASS,False,0.2857142857142857,46.74,0.48,2.125,46.74,ESP-Q,13.6872,1.5334,2.6377,0.29283697047496793,87.7931712264151,0.0,0.0,9.73,10.01,0,65.2348224513173,,0.9389312977099237,1,1,100.0,158,28.965200487400452,True,15.845070422535201,OVERHEAT,0.026428659981337935,True,True,独立池,46.74,0.0,22.804096877170807,74.13126611082936,0.7,0.0,51.89,Tier2
000408.SZ,000408,藏格矿业,19960628,,主板,L,1327847701.2000003,-9.56511681702521,未知,未知,,,80.96,32.9719,27.1476,8.3051,0.792,12701933.8484,12701800.2644,1337174231.4,False,0,0,False,False,92.88,77.48,-6.594194242026042,-6.4712918660287055,-15.816106804478892,False,-9.56511681702521,-3.057119871279157,110.14,58.28,1576034744.32,100.1461,,,10172037036.39,-4.9009,9.2881,0,12701933.8484,1337174231.4,1.0,1.5,PASS,False,0.2857142857142857,110.14,58.28,2.125,110.14,ESP-Q,32.9719,8.3051,9.2881,0.29936353731614307,87.7931712264151,0.0,0.0,80.96,92.88,0,33.67697594501718,CAT-0,0.30916030534351147,0,0,5.0,158,-4.75085972585117,False,-6.594194242026042,,-0.01592454499294414,False,False,独立池,110.14,0.0,23.73914416149729,17.350921615804612,0.35,0.0,6.07,Other
000410.SZ,000410,沈阳机床,19960718,,主板,L,194073982.79999998,-13.92215568862275,通用机械,机械设备,801072.SI,640000,5.8,,,3.6785,1.0844,1536462.3452,1143190.6331,177055610.0,True,0,0,False,False,6.89,5.74,-4.958677685950407,-23.638778220451528,-16.54571843251088,False,-13.92215568862275,-3.057119871279157,-5.51,48.69,-38419143.32,,,,-277022481.3,,-0.807,0,1536462.3452,177055610.0,1.0,1.5,PASS,False,0.5952380952380952,-5.51,48.69,-0.595,-2.755,,,3.6785,-0.807,,108.90780749999999,0.0,0.0,5.8,6.89,0,83.73424971363116,,0.10204081632653061,0,0,5.0,15,-16.022612309627327,False,-4.958677685950407,,-0.004740986378376837,False,False,通用机械,-2.755,0.13921514290777207,50.0,37.62027491408935,1.0,0.0,37.62,Other
000415.SZ,000415,渤海租赁,19960716,,主板,L,384418867.8,-11.3490364025696,多元金融,非银金融,801191.SI,490000,4.14,,,0.8575,1.187,2560391.8107,2232666.3786,357395555.59999996,True,0,0,False,False,4.91,4.05,-4.387990762124716,-22.033898305084744,-15.682281059063142,False,-11.3490364025696,-3.057119871279157,105.19,-7938.44,909983000.0,100.2714,,,-4657257000.0,282.6881,3.0609,0,2560391.8107,357395555.59999996,1.0,1.5,PASS,False,0.19047619047619047,105.19,-7938.44,15.68,105.19,ESP-Q,,0.8575,3.0609,,47.574976923076925,0.0,0.0,4.14,4.91,0,83.73424971363116,,0.35714285714285715,0,0,5.0,5,-3.595462652943759,False,-4.387990762124716,,0.0005379714401218476,False,False,多元金融,105.19,0.26495039549847477,50.0,37.62027491408935,0.7,0.0,26.33,Other
000417.SZ,000417,合百集团,19960812,,主板,L,317487862.40000004,43.67283950617284,一般零售,商业贸易,801203.SI,450000,10.24,49.8456,53.5104,1.6761,33.32,798601.4208,797724.1098,783402411.8,False,3,3,False,True,10.48,6.24,30.2097902097902,13.122721749696243,-11.164122137404576,False,43.67283950617284,-3.057119871279157,-27.2,-79.58,43178831.11,67.1671,,,153931607.66,-87.2129,1.3584,0,798601.4208,783402411.8,1.0,1.5,PASS,False,0.5,-27.2,-79.58,-2.72,-13.6,ESP-Q,49.8456,1.6761,1.3584,,294.39719,0.0,0.0,10.24,10.48,0,65.2348224513173,,1.0,1,1,75.0,6,53.588805892727464,True,30.2097902097902,突破型|OVERHEAT,-0.025330890377054313,True,True,一般零售,-13.6,-0.2710657188088147,32.0,63.47044673539519,0.7,0.0,44.43,Other
000422.SZ,000422,湖北宜化,19960815,,主板,L,762632569.75,-11.377613776137775,未知,未知,,,14.37,19.3283,16.3529,2.5114,2.2332,1562859.2311,1520140.0951,437794582.40000004,True,0,0,False,False,17.4,14.39,-6.428571428571428,-14.985250737463119,-17.183908045977002,False,-11.377613776137775,-3.057119871279157,655.43,17.7,128293296.15,70.8291,,,1461939137.49,288.1906,2.6207,0,1562859.2311,437794582.40000004,1.0,1.5,PASS,False,0.2857142857142857,655.43,17.7,2.125,655.43,ESP-Q,19.3283,2.5114,2.6207,0.029489495445737913,87.7931712264151,0.0,0.0,14.37,17.4,0,46.04810996563574,,0.23091603053435114,0,0,5.0,158,-6.563356684963734,False,-6.428571428571428,,-0.04213480324021272,False,False,独立池,655.43,0.0,31.781288225698944,22.67069063483051,0.7,0.0,15.87,Other
000426.SZ,000426,兴业银锡,19960828,,主板,L,3532846417.95,-11.28421989761852,工业金属,有色金属,801055.SI,240000,41.47,43.2073,27.6042,6.8021,3.262,7363561.4096,7361777.0592,3193456189.6000004,False,0,0,False,False,52.69,39.61,-9.69642048028999,-22.057098161908485,-24.349971531599923,False,-11.28421989761852,-3.057119871279157,137.89,12.11,890782896.21,66.592,,,4787346378.15,82.8663,13.1693,0,7363561.4096,3193456189.6000004,1.0,1.5,PASS,False,0.14285714285714285,137.89,12.11,60.27,137.89,ESP-Q,43.2073,6.8021,13.1693,0.31334614547827977,36.771677777777775,0.0,0.0,41.47,52.69,0,17.525773195876287,CAT-0,0.2857142857142857,0,0,5.0,9,-5.126147298154966,False,-9.69642048028999,,-0.03672642077092882,False,False,工业金属,137.89,0.16872526062134485,50.0,17.757731958762886,0.35,0.0,6.22,Other
000528.SZ,000528,柳工,19931118,,主板,L,456124171.1999999,-7.433808553971488,未知,未知,,,9.16,11.5947,11.9753,0.9807,1.0512,1865852.5451,1863259.7164,321213360.8,True,0,0,False,False,10.54,9.02,-4.416403785488954,-23.03132938187977,-13.757115749525607,False,-7.433808553971488,-3.057119871279157,-8.69,24.58,559194630.99,92.2675,,,4440948770.05,-78.1887,3.2161,0,1865852.5451,321213360.8,1.0,1.5,PASS,False,0.2857142857142857,-8.69,24.58,2.125,-10.815,ESP-Q,11.5947,0.9807,3.2161,,87.7931712264151,10.0,0.0,9.16,10.54,0,65.2348224513173,,0.3893129770992366,0,0,5.0,158,-2.619551462797448,False,-4.416403785488954,,-0.01877030523968677,False,False,独立池,-10.815,0.0,21.955253873236888,26.46149751004257,0.7,0.0,28.52,Other
000536.SZ,000536,华映科技,19931126,,主板,L,183617051.70000002,1.9002375296912177,光学光电子,电子,801084.SI,270000,4.38,,,14.4221,9.5933,1211522.3677,1210230.142,272161384.20000005,True,1,1,False,False,4.29,3.8,9.718670076726333,-9.493670886075956,0.0,False,1.9002375296912177,-3.057119871279157,4.73,9.03,-223876376.47,,,,-2467794400.51,,-22.8221,0,1211522.3677,272161384.20000005,1.0,1.5,PASS,False,0.9761904761904762,4.73,9.03,-19.355800000000002,2.365,,,14.4221,-22.8221,,243.17919999999998,0.0,0.0,4.38,4.29,0,97.36540664375715,,0.34782608695652173,0,1,55.0,7,-2.954131402347615,False,9.718670076726333,OVERHEAT,0.1467324807606035,False,True,光学光电子,2.365,0.11955920806460855,50.0,66.70962199312714,1.0,0.0,66.71,Tier2
000547.SZ,000547,航天发展,19931130,,主板,L,3988504716.7999997,-16.422706176365587,未知,未知,,,23.7,,,10.0422,4.6288,3788369.7975,3766216.9169,2474117897.2,False,1,1,False,False,29.97,23.36,-7.470355731225298,-15.119651921682376,-21.888555221888552,False,-16.422706176365587,-3.057119871279157,37.16,12.65,-115752367.38,,,,-1980463012.21,,-2.8782,0,3788369.7975,2474117897.2,1.0,1.5,PASS,False,0.2857142857142857,37.16,12.65,2.125,37.16,,,10.0422,-2.8782,,87.7931712264151,0.0,0.0,23.7,29.97,0,65.2348224513173,,0.08206106870229007,0,0,5.0,158,-11.608449085191547,False,-7.470355731225298,,-0.04852821374229668,False,False,独立池,37.16,0.0,22.662807397930308,26.60300821498125,1.0,0.0,26.6,Other
000551.SZ,000551,创元科技,19940106,,主板,L,451909644.1500001,19.917012448132777,未知,未知,,,17.34,28.4958,24.7438,2.7603,6.2055,840527.1018,840204.8483,525284072.20000005,False,1,0,False,False,18.05,14.25,1.4628437682855377,14.154048716260693,-3.933518005540171,False,19.917012448132777,-3.057119871279157,33.6,27.35,105317114.62,84.8056,,,760152772.6,78.4805,4.1744,0,840527.1018,525284072.20000005,1.0,1.5,PASS,False,0.2857142857142857,33.6,27.35,2.125,33.6,,28.4958,2.7603,4.1744,0.8480892857142857,87.7931712264151,0.0,0.0,17.34,18.05,0,65.2348224513173,,0.9198473282442748,1,1,75.0,158,24.731269539306815,True,1.4628437682855377,,-0.0034768305349538874,True,False,独立池,33.6,0.0,22.610303165561184,61.59250736850743,1.0,0.0,61.59,Tier2
000552.SZ,000552,甘肃能化,19940106,,主板,L,303564724.79999995,-4.693140794223827,未知,未知,,,2.65,,,0.8678,1.3482,1418230.9035,987340.0464,213499964.40000004,True,0,0,False,False,2.97,2.52,-4.693140794223827,4.761904761904767,-11.111111111111116,False,-4.693140794223827,-3.057119871279157,70.82,-149.63,32836640.82,50.3383,,,-1081349081.03,131.1543,0.3945,0,1418230.9035,213499964.40000004,1.0,1.5,PASS,False,0.2857142857142857,70.82,-149.63,2.125,70.82,ESP-Q,,0.8678,0.3945,,87.7931712264151,0.0,0.0,2.65,2.97,0,65.2348224513173,,0.5076335877862596,0,0,5.0,158,0.12111629695021353,False,-4.693140794223827,,-0.011192717528825644,False,False,独立池,70.82,0.0,23.15923786465632,26.702294308326454,0.7,0.0,18.69,Other
000554.SZ,000554,泰山石油,19931215,,主板,L,178889008.00000003,-7.233502538071068,未知,未知,,,7.33,22.7879,20.8589,2.9607,3.7858,352421.5021,265824.7934,153053302.8,True,0,0,False,False,8.31,7.27,-3.1788079470198682,-16.169724770642212,-12.03369434416367,False,-7.233502538071068,-3.057119871279157,26.1,47.87,67372939.29,100.1563,,,436119737.95000005,77.445,5.8357,0,352421.5021,153053302.8,1.0,1.5,PASS,False,0.2857142857142857,26.1,47.87,2.125,26.1,,22.7879,2.9607,5.8357,0.8730996168582376,87.7931712264151,0.0,0.0,7.33,8.31,0,65.2348224513173,,0.3950381679389313,0,0,5.0,158,-2.419245446897028,False,-3.1788079470198682,,-0.0053460761390206795,False,False,独立池,26.1,0.0,22.499690316468936,26.570384798688977,1.0,0.0,26.57,Other
000555.SZ,000555,神州信息,19940408,,主板,L,376069345.9,-15.474642392717818,未知,未知,,,13.9,240.3627,238.382,2.3889,7.1357,1356326.4674,1354737.9059,283492676.79999995,False,0,0,False,False,15.66,12.98,-5.591866376180099,-26.052332195676897,-16.98595146871009,False,-15.474642392717818,-3.057119871279157,1.91,102.39,-98348540.61,,,,-311851524.39,,-1.6258,0,1356326.4674,283492676.79999995,1.0,1.5,PASS,False,0.2857142857142857,1.91,102.39,2.125,-0.21500000000000008,,240.3627,2.3889,-1.6258,125.84434554973822,87.7931712264151,0.0,10.0,13.9,15.66,0,88.88888888888889,,0.10687022900763359,0,0,5.0,158,-10.660385301543778,False,-5.591866376180099,,-0.039838972903556986,False,False,独立池,-0.21500000000000008,0.0,22.111586699953936,33.588984006657455,1.0,10.0,23.59,Other
000559.SZ,000559,万向钱潮,19940110,,主板,L,2174782423.5499997,4.748118123914313,汽车零部件,汽车,801093.SI,280000,17.91,57.3381,60.0305,7.3164,3.6283,5937806.9732,5935998.7706,2936609229.6000004,True,0,0,False,False,18.98,15.6,3.3714285714285808,-9.004024144869216,-4.689146469968386,False,4.748118123914313,-3.057119871279157,-21.93,-1.72,224830772.55,91.0966,,,2396743754.68,-15.2308,2.8197,0,5937806.9732,2936609229.6000004,1.0,1.5,PASS,False,0.47619047619047616,-21.93,-1.72,-7.74,-10.965,ESP-Q,57.3381,7.3164,2.8197,,70.26558985507246,0.0,0.0,17.91,18.98,0,82.2451317296678,,0.6351351351351351,0,1,55.0,23,2.8807743611759085,False,3.3714285714285808,,0.011780641772021141,False,False,汽车零部件,-10.965,0.0049808060698912195,50.0,62.17353951890034,0.7,0.0,43.52,Other
000560.SZ,000560,我爱我家,19940202,,主板,L,331218531.1000001,-5.016722408026764,未知,未知,,,2.85,,,0.7233,2.9144,671317.7425,666454.3153,350125469.8,True,0,0,False,False,3.42,2.83,-6.578947368421062,-13.677811550151986,-16.959064327485386,False,-5.016722408026764,-3.057119871279157,-61.16,-207.66,8778666.1,161.0494,,,68344286.10999998,2727.15,0.0587,0,671317.7425,350125469.8,1.0,1.5,PASS,False,0.2857142857142857,-61.16,-207.66,2.125,-63.285,,,0.7233,0.0587,,87.7931712264151,0.0,0.0,2.85,3.42,0,65.2348224513173,,0.4961832061068702,0,0,5.0,158,-0.20246531685272373,False,-6.578947368421062,,-0.0558418777229107,False,False,独立池,-63.285,0.0,21.181406380987514,26.306728011592693,1.0,0.0,26.31,Other
000564.SZ,000564,供销大集,19940110,,主板,L,394972608.25,-16.577540106951872,一般零售,商业贸易,801203.SI,450000,1.64,,,2.0445,4.1089,2961522.3901,2475560.2421,340491534.2,False,0,0,False,False,1.92,1.55,-5.454545454545445,-31.877729257641917,-18.74999999999999,False,-16.577540106951872,-3.057119871279157,-221.26,-17.65,-104739297.48,,,,-1242556269.59,,-0.9504,0,2961522.3901,340491534.2,1.0,1.5,PASS,False,0.5,-221.26,-17.65,-2.72,-110.63,,,2.0445,-0.9504,,294.39719,0.0,0.0,1.64,1.92,0,87.62886597938144,,0.23529411764705882,0,0,5.0,6,-6.661573720397252,False,-5.454545454545445,,-0.02554054282278762,False,False,一般零售,-110.63,-2.0153736896653176,12.0,31.18865979381443,1.0,0.0,31.19,Other
000567.SZ,000567,海德股份,19940525,,主板,L,269337862.0,14.869888475836435,多元金融,非银金融,801191.SI,490000,6.11,31.0204,16.8749,1.9826,1.3374,1194255.8067,1190557.838,156358107.39999998,True,2,0,False,False,7.05,5.26,-3.4375000000000044,8.231173380035028,-12.3404255319149,False,14.869888475836435,-3.057119871279157,323.04,30.94,418335557.25,99.6595,,,1082852992.66,5.7711,7.2194,0,1194255.8067,156358107.39999998,1.0,1.5,PASS,False,0.19047619047619047,323.04,30.94,15.68,323.04,,31.0204,1.9826,7.2194,0.09602649826646854,47.574976923076925,0.0,0.0,6.11,7.05,0,67.81214203894616,,0.9285714285714286,1,1,100.0,5,22.623462225462276,True,-3.4375000000000044,,-0.016894241549093622,False,False,多元金融,323.04,1.9116577056362287,68.0,83.94364261168386,1.0,0.0,83.94,Tier1
000568.SZ,000568,泸州老窖,19940509,,主板,L,1019671636.55,-9.134280886591783,未知,未知,,,90.02,12.2341,13.3218,2.568,0.5315,13250421.5509,13244250.0858,967821378.0000001,True,0,0,False,False,103.55,89.89,0.4615384615384688,-18.737777777777776,-11.71414775470787,False,-9.134280886591783,-3.057119871279157,-19.84,-19.7,3683573536.09,99.3292,,,32835214172.4,91.3449,7.316,0,13250421.5509,967821378.0000001,1.0,1.5,PASS,False,0.2857142857142857,-19.84,-19.7,2.125,-21.965,,12.2341,2.568,7.316,,87.7931712264151,10.0,0.0,90.02,103.55,0,65.2348224513173,,0.3187022900763359,0,0,5.0,158,-4.320023795417743,False,0.4615384615384688,,0.015949585630304068,False,False,独立池,-21.965,0.0,21.790809437586415,26.428608622912474,1.0,0.0,36.43,Other
000570.SZ,000570,苏常柴Ａ,19940701,,主板,L,175492223.45,-9.730538922155684,汽车零部件,汽车,801093.SI,280000,6.13,85.1202,53.0816,1.2302,2.7632,432589.5068,340639.5068,102177213.19999999,False,0,0,False,False,6.95,5.99,-6.800618238021627,0.0,-13.237410071942445,False,-9.730538922155684,-3.057119871279157,34.72,-61.15,54518288.34,73.2823,,,146942573.25,-331.2789,2.1332,0,432589.5068,102177213.19999999,1.0,1.5,PASS,False,0.47619047619047616,34.72,-61.15,-7.74,50.2,ESP-Q,85.1202,1.2302,2.1332,2.45161866359447,70.26558985507246,0.0,0.0,6.13,6.95,0,72.2794959908362,,0.17567567567567569,0,0,5.0,23,-11.597882684894088,False,-6.800618238021627,,-0.028758139002930238,False,False,汽车零部件,50.2,0.23540194939313022,50.0,34.18384879725086,0.7,0.0,23.93,Other
000571.SZ,000571,新大洲A,19940525,,主板,L,166354042.54999998,-5.940594059405935,未知,未知,,,5.85,,,325.5593,2.9027,490890.465,476185.4078,222350182.8,True,1,1,False,False,6.22,4.81,7.344632768361592,-21.161825726141082,-8.360128617363339,False,-5.940594059405935,-3.057119871279157,-2.52,-53.33,-31104518.66,,,,-335084488.29999995,,-115.1782,0,490890.465,222350182.8,1.0,1.5,PASS,False,0.2857142857142857,-2.52,-53.33,2.125,-4.645,,,325.5593,-115.1782,,87.7931712264151,0.0,0.0,5.85,6.22,0,91.63802978235968,,0.4541984732824427,0,0,5.0,158,-1.1263369682318949,False,7.344632768361592,,0.030047656860002832,False,False,独立池,-4.645,0.0,22.046251377090112,34.40065921012592,1.0,0.0,34.4,Other
000572.SZ,000572,海马汽车,19940808,,主板,L,213196999.35,-15.826086956521745,未知,未知,,,4.9,,,5.1154,1.9681,805871.8487,804704.0028,204455639.2,False,0,0,False,False,5.85,4.81,-5.46875,-30.65902578796562,-17.26495726495726,False,-15.826086956521745,-3.057119871279157,5.45,50.38,-32443188.43,,,,-452906543.94,,-1.9987,0,805871.8487,204455639.2,1.0,1.5,PASS,False,0.2857142857142857,5.45,50.38,2.125,5.45,,,5.1154,-1.9987,,87.7931712264151,0.0,0.0,4.9,5.85,0,86.48339060710195,,0.09541984732824428,0,0,5.0,158,-11.011829865347705,False,-5.46875,,-0.03848548110037755,False,False,独立池,5.45,0.0,22.19513627196828,32.88404443652424,1.0,0.0,32.88,Other
000581.SZ,000581,威孚高科,19980924,,主板,L,281007736.09999996,4.526315789473689,汽车零部件,汽车,801093.SI,280000,19.7,17.8302,17.5038,0.9401,1.5303,1904567.8152,1563993.439,254542775.80000004,False,0,0,False,False,20.5,18.82,-0.8982035928143728,-7.196261682242988,-3.121951219512198,False,4.526315789473689,-3.057119871279157,10.83,-57.71,353314269.17,94.3849,,,2766914372.96,73.5486,1.8635,0,1904567.8152,254542775.80000004,1.0,1.5,PASS,False,0.47619047619047616,10.83,-57.71,-7.74,26.310000000000002,ESP-Q,17.8302,0.9401,1.8635,1.6463711911357342,70.26558985507246,0.0,0.0,19.7,20.5,0,91.29438717067583,,0.6216216216216216,0,1,40.0,23,2.6589720267352845,False,-0.8982035928143728,,0.007828915565896783,False,False,汽车零部件,26.310000000000002,0.14540340260996698,50.0,57.388316151202744,0.7,0.0,40.17,Other
000582.SZ,000582,北部湾港,19951102,,主板,L,687169619.6999999,14.913083257090577,未知,未知,,,12.38,30.02,29.0893,1.5264,2.0989,3116150.5862,2670178.1001,670908057.8,True,1,1,False,False,13.7,10.8,4.579517069109085,20.88546679499519,-8.321167883211666,False,14.913083257090577,-3.057119871279157,11.68,6.02,204291598.45,89.0801,,,2328551497.06,230.3963,1.1619,0,3116150.5862,670908057.8,1.0,1.5,PASS,False,0.2857142857142857,11.68,6.02,2.125,11.68,,30.02,1.5264,1.1619,2.570205479452055,87.7931712264151,0.0,0.0,12.38,13.7,0,81.09965635738831,,0.8854961832061069,1,1,100.0,158,19.72734034826462,True,4.579517069109085,,0.019104884278039986,False,False,独立池,11.68,0.0,22.287018678614242,78.78730064293934,1.0,0.0,78.79,Tier2
000586.SZ,000586,汇源通信,19951220,,主板,L,465541720.59999996,-12.078239608801955,通信设备,通信,801102.SI,730000,17.62,,,10.7024,9.5632,340841.28,336876.78,403972296.20000005,False,1,1,False,False,21.17,17.38,-1.0456796917996725,15.999999999999993,-15.068493150684937,False,-12.078239608801955,-3.057119871279157,-374.7373,67.31,-5758325.73,,,,9774595.62,,-1.726,0,340841.28,403972296.20000005,1.0,1.5,PASS,False,0.9523809523809523,-374.7373,67.31,15.0872,-389.8245,,,10.7024,-1.726,,156.39837500000002,0.0,0.0,17.62,21.17,0,79.83963344788087,,0.08333333333333333,0,0,5.0,8,-12.92009116539043,False,-1.0456796917996725,,0.038305607492112884,False,False,通信设备,-389.8245,-1.324453303440843,22.0,30.85189003436426,1.0,0.0,30.85,Other
000589.SZ,000589,贵州轮胎,19960308,,主板,L,181071765.79999998,2.8384279475982543,汽车零部件,汽车,801093.SI,280000,4.74,11.885,10.0378,0.8017,1.8105,736892.0149,732245.0137,142456451.0,False,0,0,False,False,5.16,4.53,-1.4644351464435212,-8.187134502923977,-8.720930232558144,False,2.8384279475982543,-3.057119871279157,163.19,-0.72,163645886.1,90.8067,,,1425521654.42,190.2879,1.9746,0,736892.0149,142456451.0,1.0,1.5,PASS,False,0.47619047619047616,163.19,-0.72,-7.74,178.67000000000002,ESP-Q,11.885,0.8017,1.9746,0.07282921747656107,70.26558985507246,0.0,0.0,4.74,5.16,0,65.2348224513173,,0.5540540540540541,0,1,40.0,23,0.9710841848598495,False,-1.4644351464435212,,0.007264450406026377,False,False,汽车零部件,178.67000000000002,0.7193748797084496,50.0,49.570446735395194,0.7,0.0,34.7,Other
000592.SZ,000592,平潭发展,19960327,,主板,L,2223078745.5999994,-9.338168631006338,未知,未知,,,10.02,,,10.9235,4.8308,1935644.4538,1918922.6339,1725143130.2,False,0,0,False,False,12.46,9.96,-6.976744186046513,-8.508691674290937,-19.74317817014447,False,-9.338168631006338,-3.057119871279157,-105.33,-4.17,-115884.78,,,,-25345621.08,,-0.102,0,1935644.4538,1725143130.2,1.0,1.5,PASS,False,0.2857142857142857,-105.33,-4.17,2.125,-107.455,,,10.9235,-0.102,,87.7931712264151,0.0,0.0,10.02,12.46,0,72.96678121420389,,0.3110687022900763,0,0,5.0,158,-4.523911539832298,False,-6.976744186046513,,-0.0640440574453073,False,False,独立池,-107.455,0.0,20.529970441733564,28.496028452607877,1.0,0.0,28.5,Other
000593.SZ,000593,德龙汇能,19960312,,主板,L,972560368.4500002,25.80472103004292,燃气,公用事业,801163.SI,410000,23.21,409.3049,262.9819,9.4131,5.8483,832382.5719,832039.4352,699605790.1999999,False,3,0,False,False,27.99,17.7,-0.38232795242141293,62.28373702422145,-16.22007859949982,False,25.80472103004292,-3.057119871279157,320.24,77.39,14332477.12,97.7531,,,83701699.92999999,242.3998,1.6733,0,832382.5719,699605790.1999999,1.0,1.5,PASS,False,0.23809523809523808,320.24,77.39,-1.23,322.70000000000005,,409.3049,9.4131,1.6733,1.2781192230826879,177.38852,0.0,0.0,23.21,27.99,0,66.20847651775486,,0.9166666666666666,1,1,85.0,4,27.082106822176566,True,-0.38232795242141293,,0.027938965567827725,True,False,燃气,322.70000000000005,2.7582717042989864,82.0,78.76254295532647,1.0,0.0,78.76,Tier2
000596.SZ,000596,古井贡酒,19960927,,主板,L,313911130.29999995,-9.765365251258673,未知,未知,,,92.25,13.7396,17.2544,1.8666,0.8862,4876335.0,3769335.0,258896494.2,False,0,0,False,False,111.7,94.86,-2.6941200573653012,-23.271405492730214,-14.959713518352736,False,-9.765365251258673,-3.057119871279157,-30.86,-36.06,1598294341.71,99.4661,,,12622054479.28,86.77,6.28,0,4876335.0,258896494.2,1.0,1.5,PASS,False,0.2857142857142857,-30.86,-36.06,2.125,-32.985,,13.7396,1.8666,6.28,,87.7931712264151,10.0,0.0,92.25,111.7,0,82.35967926689575,,0.2958015267175573,0,0,5.0,158,-4.951108160084633,False,-2.6941200573653012,,-0.013902399300968656,False,False,独立池,-32.985,0.0,21.628282291320204,31.533560238332768,1.0,0.0,41.53,Other
000598.SZ,000598,兴蓉环境,19960529,,主板,L,187052439.19999996,-4.239766081871343,未知,未知,,,6.58,9.7928,9.698,0.9695,0.5441,1963477.7384,1960331.8404,205526863.4,True,0,0,False,False,7.0,6.5,-0.455927051671734,-8.647140864714087,-6.428571428571428,False,-4.239766081871343,-3.057119871279157,3.89,0.16,517334508.47,98.0808,,,5174596857.24,27.8505,2.6389,0,1963477.7384,205526863.4,1.0,1.5,PASS,False,0.2857142857142857,3.89,0.16,2.125,3.89,ESP-Q,9.7928,0.9695,2.6389,2.517429305912596,87.7931712264151,0.0,0.0,6.58,7.0,0,65.2348224513173,,0.5305343511450382,0,0,5.0,158,0.5744910093026974,False,-0.455927051671734,,0.09101652969985269,False,False,独立池,3.89,0.0,22.172128799357093,26.50487249526661,0.7,0.0,18.55,Other
000617.SZ,000617,中油资本,19961022,,主板,L,1146310022.6000001,-11.670235546038544,多元金融,非银金融,801191.SI,490000,8.13,23.9027,22.3231,0.9657,0.8341,10278010.2912,10278010.2912,1026407488.3999999,False,0,0,False,False,9.54,8.23,-6.462585034013612,-7.614781634938406,-13.52201257861635,False,-11.670235546038544,-3.057119871279157,20.05,1.28,1518040428.12,96.4997,,,12198086845.57,-368.461,1.491,0,10278010.2912,1026407488.3999999,1.0,1.5,PASS,False,0.19047619047619047,20.05,1.28,15.68,4.370000000000001,ESP-Q,23.9027,0.9657,1.491,1.1921546134663341,47.574976923076925,0.0,0.0,8.13,9.54,0,73.8831615120275,,0.2857142857142857,0,0,5.0,5,-3.9166617964127024,False,-6.462585034013612,,-0.047116494752938116,False,False,多元金融,4.370000000000001,-0.4971383399070259,32.0,31.064948453608253,0.7,0.0,21.75,Other
000620.SZ,000620,盈新发展,19961029,,主板,L,818875507.0999998,9.642857142857153,房地产开发,房地产,801181.SI,430000,3.13,,,5.0152,3.8726,1837878.1075,1462257.3791,1368843331.8,True,1,0,False,False,3.56,2.68,-5.828220858895705,-2.848101265822789,-13.764044943820231,False,9.642857142857153,-3.057119871279157,-12.5,-74.78,-107035816.4,,,,-1999886671.44,,-3.2037,0,1837878.1075,1368843331.8,1.0,1.5,PASS,False,0.6666666666666666,-12.5,-74.78,-25.055,-6.25,,,5.0152,-3.2037,,71.32621,0.0,0.0,3.13,3.56,0,69.87399770904925,,0.8461538461538461,1,1,100.0,8,11.050065415273814,True,-5.828220858895705,,-0.017254465382969826,False,False,房地产开发,-6.25,-0.08206960372784809,32.0,77.36219931271478,1.0,0.0,77.36,Tier2
000625.SZ,000625,长安汽车,19970610,,主板,L,813214110.0,-14.959839357429717,未知,未知,,,8.44,20.5302,27.2255,1.0837,0.8993,8366507.9505,6977443.3011,934229890.3999999,True,0,0,False,False,10.19,8.35,-4.509582863585104,-24.239713774597494,-16.879293424926388,False,-14.959839357429717,-3.057119871279157,-69.06,8.03,242389017.59,69.1515,,,6532421640.690001,-5340.3921,0.4536,0,8366507.9505,934229890.3999999,1.0,1.5,PASS,False,0.2857142857142857,-69.06,8.03,2.125,-71.185,ESP-Q,20.5302,1.0837,0.4536,,87.7931712264151,0.0,0.0,8.44,10.19,0,96.90721649484536,,0.12022900763358779,0,0,5.0,158,-10.145582266255676,False,-4.509582863585104,,-0.061090103044988776,False,False,独立池,-71.185,0.0,21.06489417994368,35.78514378444234,0.7,0.0,25.05,Other
000629.SZ,000629,钒钛股份,19961115,,主板,L,577725437.7000002,0.5780346820809301,未知,未知,,,3.74,,453.8866,2.8102,2.518,3474814.494,3474626.2168,469860090.6000001,False,0,0,False,False,4.0,3.42,-2.7932960893854775,-9.610389610389614,-13.0,False,0.5780346820809301,-3.057119871279157,161.87,-140.1,63595015.1,88.4882,,,-392544042.44,180.2258,0.5832,1,3474814.494,469860090.6000001,1.0,1.5,PASS,False,0.2857142857142857,161.87,-140.1,2.125,161.87,ESP-Q,,2.8102,0.5832,,87.7931712264151,0.0,0.0,3.74,4.0,10,81.55784650630011,,0.6946564885496184,0,1,40.0,158,5.39229177325497,True,-2.7932960893854775,,-0.026098507776452822,False,False,独立池,161.87,0.0,24.502077852636223,49.36776952241728,0.7,10.0,24.56,Other
000657.SZ,000657,中钨高新,19961205,,主板,L,5086830506.9,-1.9027849852966683,稀有金属,有色金属,801054.SI,240000,62.38,110.9885,71.7591,13.3038,6.3188,14213934.2472,9063348.2834,4100853879.2000003,True,1,0,False,False,64.31,51.13,0.44279135671272396,6.039640987284978,-11.817757735966417,False,-1.9027849852966683,-3.057119871279157,349.58,585.39,915469010.95,99.3897,,,3293351739.1400003,-193.3434,9.0278,0,14213934.2472,4100853879.2000003,1.0,1.5,PASS,False,0.8809523809523809,349.58,585.39,52.894999999999996,349.58,ESP-Q,110.9885,13.3038,9.0278,0.31749098918702445,107.82666666666667,0.0,0.0,62.38,64.31,0,83.16151202749141,,0.875,1,0,55.0,5,6.554199468929667,True,0.44279135671272396,,-0.009908794322813223,False,False,稀有金属,349.58,1.0728161130101166,68.0,66.04845360824743,0.7,0.0,46.23,Other
000659.SZ,000659,珠海中富,19961203,,主板,L,166264543.25,0.0,包装印刷,轻工制造,801141.SI,360000,4.14,,,57.8737,1.9275,532280.8433,532280.8433,176466254.99999997,False,1,1,False,False,4.54,3.9,-0.7211538461538547,-11.373390557939922,-9.03083700440529,False,0.0,-3.057119871279157,-46.19,-5.82,-25730932.38,,,,-230197344.0,1160.6385,-5.3348,0,532280.8433,176466254.99999997,1.0,1.5,PASS,False,0.8571428571428571,-46.19,-5.82,-1.67,-23.095,,,57.8737,-5.3348,,117.94202,0.0,0.0,4.14,4.54,0,24.856815578465064,CAT-0,0.6428571428571429,0,1,40.0,5,4.560737604749743,False,-0.7211538461538547,,0.006896496512227671,False,False,包装印刷,-23.095,-0.5447936560571301,22.0,31.85704467353952,0.5,0.0,15.93,Other
000670.SZ,000670,盈方微,19961217,,主板,L,416061972.1499999,3.5851472471190915,其他电子,电子,801082.SI,270000,8.9,,,244.39,16.3002,751805.477,731457.941,560270611.4000001,True,0,0,False,False,8.82,7.28,-1.3414634146341364,-6.257242178447287,-8.27664399092971,False,3.5851472471190915,-3.057119871279157,10.47,-31.0,-11699444.05,,,,-170604164.35,,-30.8017,0,751805.477,560270611.4000001,1.0,1.5,PASS,False,0.9285714285714286,10.47,-31.0,10.47,0.0,,,244.39,-30.8017,,116.60343333333333,0.0,0.0,8.9,8.82,0,95.30355097365405,,0.38461538461538464,0,1,55.0,4,-1.0612658241088813,False,-1.3414634146341364,,0.0024999753699639607,False,False,其他电子,0.0,-0.5663663108128916,22.0,60.491065292096216,1.0,0.0,60.49,Tier2
000672.SZ,000672,上峰水泥,19961218,,主板,L,577943444.1,35.810810810810814,水泥制造,建筑材料,801711.SI,610000,18.64,28.3379,30.6462,1.9884,3.5771,1806953.1188,1806953.1188,943381806.6,False,3,3,False,True,19.49,12.53,5.296856810244477,18.390052356020938,-7.183170856849664,False,35.810810810810814,-3.057119871279157,-58.26,-4.23,25021359.72,78.4213,,,1256251352.57,350.5426,0.3515,0,1806953.1188,943381806.6,1.0,1.5,PASS,False,0.023809523809523808,-58.26,-4.23,-10.89,-29.13,ESP-Q,28.3379,1.9884,0.3515,,18.255566666666667,0.0,0.0,18.64,19.49,0,65.2348224513173,,1.0,1,1,70.0,2,46.229715214677626,True,5.296856810244477,突破型,-0.0028423307956658545,True,False,水泥制造,-29.13,-0.25489160624935364,32.0,60.97044673539519,0.7,0.0,42.68,Other
000676.SZ,000676,智度股份,19961224,,主板,L,178646565.09999996,-10.761154855643051,未知,未知,,,6.81,60.589,59.8782,2.0038,1.6544,857916.4554,857398.4303,158871331.2,False,0,0,False,False,7.77,6.67,-4.628330995792429,-24.611973392461195,-12.483912483912485,False,-10.761154855643051,-3.057119871279157,33.08,30.36,50713541.32,109.9314,,,327086441.21000004,-31.7532,1.0788,0,857916.4554,158871331.2,1.0,1.5,PASS,False,0.2857142857142857,33.08,30.36,2.125,33.08,ESP-Q,60.589,2.0038,1.0788,1.831590084643289,87.7931712264151,0.0,0.0,6.81,7.77,0,84.5360824742268,,0.26145038167938933,0,0,5.0,158,-5.946897764469011,False,-4.628330995792429,,-0.03408332007407866,False,False,独立池,33.08,0.0,22.602634008024125,32.38135154387287,0.7,0.0,22.67,Other
000680.SZ,000680,山推股份,19970122,,主板,L,298695357.2,0.521739130434784,未知,未知,,,11.63,14.4071,13.696,2.6951,1.3625,1744665.8578,1528971.1583,227474992.20000005,True,0,0,False,False,12.85,10.89,-2.4472573839662393,-15.249266862170085,-10.038910505836574,False,0.521739130434784,-3.057119871279157,21.54,20.28,332932531.27,99.2267,,,2901687043.24,40.749,5.3062,0,1744665.8578,227474992.20000005,1.0,1.5,PASS,False,0.2857142857142857,21.54,20.28,2.125,21.54,,14.4071,2.6951,5.3062,0.668853296193129,87.7931712264151,10.0,0.0,11.63,12.85,0,65.2348224513173,,0.6927480916030534,0,1,55.0,158,5.335996221608824,True,-2.4472573839662393,,-0.004100899898283177,False,False,独立池,21.54,0.0,22.43243770422085,51.55693427623936,1.0,0.0,61.56,Tier2
000681.SZ,000681,视觉中国,19970121,,主板,L,832320856.5000001,-2.280285035629459,未知,未知,,,20.59,173.7363,47.4434,3.7628,3.5867,1442488.9407,1392162.0535,790684213.6,True,0,0,False,False,23.45,19.67,-6.158759124087599,-22.64009025949605,-12.281449893390183,False,-2.280285035629459,-3.057119871279157,-17.32,-43.02,13535479.47,5.6673,,,191206529.76999998,3.7269,6.4142,1,1442488.9407,790684213.6,1.0,1.5,PASS,False,0.2857142857142857,-17.32,-43.02,2.125,-19.445,ESP-Q,173.7363,3.7628,6.4142,,87.7931712264151,0.0,0.0,20.59,23.45,10,84.5360824742268,,0.5877862595419847,0,0,5.0,158,2.5339720555445813,False,-6.158759124087599,,-0.017673180581618802,False,False,独立池,-19.445,0.0,21.82797535488141,32.22641981324432,0.7,10.0,12.56,Other
000682.SZ,000682,东方电子,19970121,,主板,L,434769102.6,0.7598784194528863,未知,未知,,,13.74,20.1993,17.9387,2.9944,2.3047,1842158.9076,1841983.3956,523531175.4000001,True,0,0,False,False,14.28,12.93,1.7651573292402079,-5.5555555555555465,-7.14285714285714,False,0.7598784194528863,-3.057119871279157,9.66,12.69,125406054.56,53.1774,,,1624151299.92,-146.6381,3.9091,0,1842158.9076,523531175.4000001,1.0,1.5,PASS,False,0.2857142857142857,9.66,12.69,2.125,9.66,ESP-Q,20.1993,2.9944,3.9091,2.091024844720497,87.7931712264151,10.0,0.0,13.74,14.28,0,98.62542955326461,,0.700381679389313,1,1,100.0,158,5.574135510626927,True,1.7651573292402079,,0.00016865248926864362,False,False,独立池,9.66,0.0,22.25722695125873,84.03907425623113,0.7,0.0,68.83,Tier2
000683.SZ,000683,博源化工,19970131,,主板,L,398274330.84999996,-16.907675194660744,化学原料,化工,801033.SI,220000,7.5,29.5873,27.2477,2.1404,1.2428,2787623.67,2506584.0173,372617201.59999996,False,0,0,False,False,9.29,7.46,-9.124087591240881,-13.641618497109832,-19.59095801937567,False,-16.907675194660744,-3.057119871279157,25.29,-41.33,419307455.36,99.8134,,,3505766169.26,90.3321,3.2839,0,2787623.67,372617201.59999996,1.0,1.5,PASS,False,0.7142857142857143,25.29,-41.33,6.035,25.29,ESP-Q,29.5873,2.1404,3.2839,1.1699209173586398,92.88029999999999,10.0,0.0,7.5,9.29,0,65.2348224513173,,0.1111111111111111,0,0,5.0,9,-10.172761401557295,False,-9.124087591240881,,0.004043143299055097,False,False,化学原料,25.29,0.13358611024662007,50.0,32.070446735395194,0.7,0.0,32.45,Other
000685.SZ,000685,中山公用,19970123,,主板,L,370749522.3,8.626760563380277,未知,未知,,,12.19,9.568,8.3322,0.9347,3.2144,1798160.7369,1528579.8743,856925624.3999999,True,1,1,False,False,13.22,10.97,11.47244805781391,4.135021097046421,-6.6565809379727785,False,8.626760563380277,-3.057119871279157,91.51,50.42,581445435.35,99.6774,,,4286680566.39,-4.3392,3.0761,0,1798160.7369,856925624.3999999,1.0,1.5,PASS,False,0.2857142857142857,91.51,50.42,2.125,91.51,ESP-Q,9.568,0.9347,3.0761,0.10455687902961423,87.7931712264151,10.0,0.0,12.19,13.22,0,67.81214203894616,,0.8263358778625954,1,1,100.0,158,13.441017654554317,True,11.47244805781391,OVERHEAT,0.02280601676721552,False,True,独立池,91.51,0.0,23.46438184435214,75.03651898055428,0.7,0.0,62.53,Tier2
000686.SZ,000686,东北证券,19970227,,主板,L,245738992.7,-1.696969696969708,证券,非银金融,801193.SI,490000,7.99,12.8843,11.269,0.9051,1.3087,1870021.8791,1870021.8791,227973889.20000002,False,0,0,False,False,8.84,8.06,-1.3381995133820102,-9.284116331096193,-8.257918552036204,False,-1.696969696969708,-3.057119871279157,105.63,66.09,405675731.36,98.8639,,,3299269082.1,1235.6616,2.0121,0,1870021.8791,227973889.20000002,1.0,1.5,PASS,False,0.07142857142857142,105.63,66.09,30.57,105.63,,12.8843,0.9051,2.0121,0.12197576446085392,30.16254222222222,10.0,0.0,7.99,8.84,0,65.2348224513173,,0.5555555555555556,0,0,5.0,14,0.6201034737619904,False,-1.3381995133820102,,-0.0004333742522938787,False,False,证券,105.63,1.3491665198661122,68.0,35.67044673539519,1.0,0.0,45.67,Other
000688.SZ,000688,国城矿业,19970120,,主板,L,1378935090.65,-0.7954545454545436,工业金属,有色金属,801055.SI,240000,43.5,47.8879,63.0143,18.11,2.3984,5155044.5211,5155025.7291,1360943226.7999997,True,0,0,False,False,52.73,38.6,8.071304778410493,29.717682020802382,-17.219798975915033,False,-0.7954545454545436,-3.057119871279157,849.37,-185.42,360186331.65,101.9749,,,-235508696.48000002,59.7872,12.6095,0,5155044.5211,1360943226.7999997,1.0,1.5,PASS,False,0.14285714285714285,849.37,-185.42,60.27,849.37,ESP-Q,47.8879,18.11,12.6095,0.05638049377774115,36.771677777777775,0.0,0.0,43.5,52.73,0,81.09965635738831,,0.7142857142857143,1,1,100.0,9,5.36261805400901,True,8.071304778410493,OVERHEAT,-0.0030425498683484967,False,True,工业金属,849.37,3.44113983266936,96.32341949800808,93.59458080681812,0.7,0.0,65.52,Tier2
000695.SZ,000695,滨海能源,19970218,,主板,L,234568105.45,1.9907100199070937,未知,未知,,,16.12,,,12.4925,19.4294,373584.4481,357559.5964,421074505.2,False,1,1,False,False,16.34,14.3,-0.7746933505487497,19.425019425019418,-5.936352509179931,False,1.9907100199070937,-3.057119871279157,-6.38,-162.11,-11302461.78,,,,-184500579.59,,-6.0063,0,373584.4481,421074505.2,1.0,1.5,PASS,False,0.2857142857142857,-6.38,-162.11,2.125,-8.504999999999999,,,12.4925,-6.0063,,87.7931712264151,0.0,0.0,16.12,16.34,0,58.30469644902635,,0.7251908396946565,1,1,75.0,158,6.804967111081134,True,-0.7746933505487497,,0.023888813915939975,False,False,独立池,-8.504999999999999,0.0,21.9893226307573,59.389273460859364,1.0,0.0,59.39,Tier2
001696.SZ,001696,宗申动力,19970306,,主板,L,434220133.20000005,-18.50533807829181,通用机械,机械设备,801072.SI,640000,15.85,27.2701,29.7116,3.2654,2.2051,1814867.6682,1412866.1866,363297145.2,True,0,0,False,False,19.89,15.8,-4.696789536266344,-23.52099236641221,-19.406737053795876,False,-18.50533807829181,-3.057119871279157,-34.57,42.44,144379557.26,84.1098,,,1971450565.66,187.4719,3.1351,0,1814867.6682,363297145.2,1.0,1.5,PASS,False,0.5952380952380952,-34.57,42.44,-0.595,-17.285,,27.2701,3.2654,3.1351,,108.90780749999999,10.0,0.0,15.85,19.89,0,65.2348224513173,,0.061224489795918366,0,0,5.0,15,-20.605794699296386,False,-4.696789536266344,,-0.03105061401188809,False,False,通用机械,-17.285,0.08423476393216398,50.0,32.070446735395194,1.0,0.0,42.07,Other
000703.SZ,000703,恒逸石化,19970328,,主板,L,967403905.15,-7.5807514831905065,未知,未知,,,13.84,204.7129,24.0203,2.0002,1.087,5288379.9612,5261845.5672,604222726.0,False,0,0,False,False,18.35,13.99,-5.525606469002698,10.220125786163514,-23.596730245231612,False,-7.5807514831905065,-3.057119871279157,23640.41,596.59,1939820963.77,97.2443,,,2309295572.7200003,-88.1096,7.7458,1,5288379.9612,604222726.0,1.0,1.5,PASS,False,0.2857142857142857,23640.41,596.59,2.125,23640.41,ESP-Q,204.7129,2.0002,7.7458,0.008659447953736842,87.7931712264151,0.0,0.0,13.84,18.35,10,84.5360824742268,,0.383587786259542,0,0,5.0,158,-2.766494392016466,False,-5.525606469002698,,-0.004812277739865016,False,False,独立池,1890.732584000006,0.0,50.0,37.860824742268036,0.7,10.0,16.5,Other
000708.SZ,000708,中信特钢,19970326,,主板,L,228294549.1,-15.564903846153843,未知,未知,,,14.24,12.1227,11.8671,1.6969,0.2424,7187153.5004,7187121.4604,192800802.20000002,False,0,0,False,False,16.96,14.05,-4.48674371176071,-11.690760527969823,-17.15801886792453,False,-15.564903846153843,-3.057119871279157,8.97,17.41,1496699152.36,99.0217,,,14395393452.83,7.9599,3.4087,0,7187153.5004,192800802.20000002,1.0,1.5,PASS,False,0.2857142857142857,8.97,17.41,2.125,8.97,,12.1227,1.6969,3.4087,1.3514715719063544,87.7931712264151,10.0,0.0,14.24,16.96,0,65.2348224513173,,0.1049618320610687,0,0,5.0,158,-10.750646754979803,False,-4.48674371176071,,0.0028233069820014205,False,False,独立池,8.97,0.0,22.247050569142242,26.51985684922364,1.0,0.0,36.52,Other
000709.SZ,000709,河钢股份,19970416,,主板,L,279298354.4,-4.347826086956507,未知,未知,,,2.2,22.6965,20.8121,0.437,0.7587,2274166.6402,2273790.7276,207696340.2,False,0,0,False,False,2.49,2.2,-2.2222222222222143,-11.290322580645151,-11.646586345381527,False,-4.347826086956507,-3.057119871279157,28.5,94.41,170286323.46,52.7266,,,1466720882.85,1094.8434,0.5438,0,2274166.6402,207696340.2,1.0,1.5,PASS,False,0.2857142857142857,28.5,94.41,2.125,28.5,ESP-Q,22.6965,0.437,0.5438,0.7963684210526316,87.7931712264151,0.0,0.0,2.2,2.49,0,62.42840778923253,,0.5248091603053435,0,0,5.0,158,0.46643100421753303,False,-2.2222222222222143,,-0.01329385741572836,False,False,独立池,28.5,0.0,22.53508642817846,25.735539622405447,0.7,0.0,18.01,Other
000712.SZ,000712,锦龙股份,19970415,,主板,L,341892172.25,-0.47892720306512704,证券,非银金融,801193.SI,490000,10.0,31.6063,24.6476,3.3548,4.2937,896000.0,895734.125,458253513.6,False,1,1,False,False,12.26,9.91,-5.373406193078322,-19.20684292379471,-15.25285481239803,False,-0.47892720306512704,-3.057119871279157,83.08,-97.24,-15735753.02,,,,-317680530.45,,-0.5863,0,896000.0,458253513.6,1.0,1.5,PASS,False,0.07142857142857142,83.08,-97.24,30.57,83.08,ESP-Q,31.6063,3.3548,-0.5863,0.3804321136254213,30.16254222222222,0.0,0.0,10.0,12.26,0,67.81214203894616,,0.6888888888888889,0,1,40.0,14,1.8381459676665712,False,-5.373406193078322,,-0.006290783864161178,False,False,证券,83.08,1.0423879798649163,68.0,53.94364261168385,0.7,0.0,37.76,Other
000715.SZ,000715,中兴商业,19970508,,主板,L,190147224.60000002,-16.586921850079726,一般零售,商业贸易,801203.SI,450000,5.42,25.6444,25.594,1.4395,2.756,292915.5651,263428.9895,54945395.0,False,2,0,False,False,6.68,5.2,-5.595667870036092,-18.535825545171335,-21.706586826347298,False,-16.586921850079726,-3.057119871279157,-7.69,19.34,17615816.46,85.3409,,,217703911.0,111.0354,1.0196,0,292915.5651,54945395.0,1.0,1.5,PASS,False,0.5,-7.69,19.34,-2.72,-3.845,,25.6444,1.4395,1.0196,,294.39719,0.0,0.0,5.42,6.68,0,81.09965635738831,,0.17647058823529413,0,0,5.0,6,-6.670955463525106,False,-5.595667870036092,,-0.0036009417339906836,False,False,一般零售,-3.845,-0.09570011790491707,32.0,33.22989690721649,1.0,0.0,33.23,Other
000723.SZ,000723,美锦能源,19970515,,主板,L,260272607.39999995,-11.80400890868597,未知,未知,,,4.07,,,1.4511,1.3124,1792223.7039,1788767.4062,193642913.4,True,0,0,False,False,4.56,3.95,-1.7369727047146455,-20.64128256513027,-13.157894736842103,False,-11.80400890868597,-3.057119871279157,4.88,-9.9,-353039225.49,,,,-2995305992.01,,-2.6033,0,1792223.7039,193642913.4,1.0,1.5,PASS,False,0.2857142857142857,4.88,-9.9,2.125,4.88,ESP-Q,,1.4511,-2.6033,,87.7931712264151,0.0,0.0,4.07,4.56,0,96.90721649484536,,0.2099236641221374,0,0,5.0,158,-6.98975181751193,False,-1.7369727047146455,,-0.016864675924854886,False,False,独立池,4.88,0.0,22.186729695437272,36.00951088754106,0.7,0.0,25.21,Other
000725.SZ,000725,京东方Ａ,20010112,,主板,L,2967836031.1500006,11.13744075829386,光学光电子,电子,801084.SI,270000,5.16,32.6361,32.1248,1.4045,16.5404,19114873.281,18752298.4651,3594155507.0,True,1,1,False,False,4.69,4.08,13.285024154589387,9.579439252336442,0.0,False,11.13744075829386,-3.057119871279157,6.38,10.25,1438134014.0,84.2383,,,11129866286.0,499.6496,1.2619,0,19114873.281,3594155507.0,1.0,1.5,PASS,False,0.9761904761904762,6.38,10.25,-19.355800000000002,3.19,,32.6361,1.4045,1.2619,5.115376175548589,243.17919999999998,10.0,0.0,5.16,4.69,0,97.2508591065292,,0.7391304347826086,1,1,100.0,7,6.283071826255027,True,13.285024154589387,OVERHEAT,0.06974296864055687,False,True,光学光电子,3.19,0.12816512533753252,50.0,89.17525773195877,1.0,0.0,99.18,Tier2
000727.SZ,000727,冠捷科技,19970520,,主板,L,417059459.95,5.576208178438669,光学光电子,电子,801084.SI,270000,2.88,,,7.237,3.7249,1304515.2902,1304515.2902,493017666.79999995,False,0,0,False,False,3.1,2.58,4.029304029304015,8.812260536398476,-8.387096774193559,False,5.576208178438669,-3.057119871279157,-106.7558,-2144.56,-315597665.52,,,,-1916277307.78,,-14.7826,0,1304515.2902,493017666.79999995,1.0,1.5,PASS,False,0.9761904761904762,-106.7558,-2144.56,-19.355800000000002,-53.3779,,,7.237,-14.7826,,243.17919999999998,0.0,0.0,2.88,3.1,0,92.43986254295532,,0.5652173913043478,0,1,40.0,7,0.7218392463998358,False,4.029304029304015,,0.006601066122433066,False,False,光学光电子,-53.3779,-0.46191810824190577,32.0,54.1319587628866,1.0,0.0,54.13,Tier2
000728.SZ,000728,国元证券,19970616,,主板,L,289424533.45,-1.4864864864864935,证券,非银金融,801193.SI,490000,7.17,12.8962,13.442,0.8048,1.5674,3128828.7478,3128828.7478,429938768.0,True,0,0,False,False,7.66,6.97,3.69843527738265,-12.16867469879519,-4.8302872062663145,False,-1.4864864864864935,-3.057119871279157,-15.35,9.55,536788236.34,99.0368,,,6411285260.2,722.8293,1.4077,0,3128828.7478,429938768.0,1.0,1.5,PASS,False,0.07142857142857142,-15.35,9.55,30.57,-45.92,,12.8962,0.8048,1.4077,,30.16254222222222,0.0,0.0,7.17,7.66,0,67.81214203894616,,0.6222222222222222,0,0,5.0,14,0.8305866842452048,False,3.69843527738265,,0.04146613613299748,False,False,证券,-45.92,-0.7125757301197527,22.0,27.243642611683846,1.0,0.0,27.24,Other
000729.SZ,000729,燕京啤酒,19970716,,主板,L,499894094.0500001,-2.1259842519685046,未知,未知,,,12.12,20.3444,19.2066,2.1696,1.3628,3416069.6813,3041643.2804,448639999.2,True,0,0,False,False,13.45,12.17,1.3039934800326058,0.32284100080710587,-7.583643122676575,False,-2.1259842519685046,-3.057119871279157,69.09,46.3,258794254.05,97.7503,,,4502728961.94,279.8987,1.6957,0,3416069.6813,448639999.2,1.0,1.5,PASS,False,0.2857142857142857,69.09,46.3,2.125,69.09,,20.3444,2.1696,1.6957,0.2944622955565205,87.7931712264151,0.0,0.0,12.12,13.45,0,67.81214203894616,,0.5992366412213741,0,0,5.0,158,2.6882728392055357,False,1.3039934800326058,,0.021465277599518846,False,False,独立池,69.09,0.0,23.133723167465707,27.47038724517699,1.0,0.0,27.47,Other
000733.SZ,000733,振华科技,19970703,,主板,L,661168768.5,-3.2176121930567403,未知,未知,,,49.17,26.5731,27.7251,1.7289,5.9497,2724851.0922,2724483.7923,706184517.4,False,0,0,False,False,48.17,41.88,1.8943614887452664,-15.909508920360494,-5.086153207390498,False,-3.2176121930567403,-3.057119871279157,-86.37,12.8,6079373.26,38.2171,,,1809098733.63,-673.4391,0.101,0,2724851.0922,706184517.4,1.0,1.5,PASS,False,0.2857142857142857,-86.37,12.8,2.125,-88.495,ESP-Q,26.5731,1.7289,0.101,,87.7931712264151,0.0,0.0,49.17,48.17,0,99.65635738831615,,0.5629770992366412,0,0,5.0,158,1.5966448981173,False,1.8943614887452664,,0.011138323906337377,False,False,独立池,-88.495,0.0,20.80959972423877,36.5588271613426,0.7,0.0,25.59,Other
000738.SZ,000738,航发控制,19970626,,主板,L,591873274.6,-2.361111111111114,航空装备,国防军工,801742.SI,650000,20.91,82.2324,87.5212,2.1834,1.6555,2750049.7461,2750049.7461,492615142.4,False,0,0,False,False,23.46,19.96,-1.7699115044247704,-26.33601117708697,-10.10230179028133,False,-2.361111111111114,-3.057119871279157,-13.16,-54.3,125611259.05,99.2169,,,1155822567.39,-235.1087,1.0104,0,2750049.7461,492615142.4,1.0,1.5,PASS,False,0.5238095238095238,-13.16,-54.3,-13.16,-6.58,ESP-Q,82.2324,2.1834,1.0104,,161.41275,0.0,0.0,20.91,23.46,0,65.2348224513173,,0.75,1,0,40.0,5,4.732393251350953,False,-1.7699115044247704,,-0.00026443316988796243,False,False,航空装备,-6.58,-0.09310941189624612,32.0,45.97044673539519,0.7,0.0,32.18,Other
000750.SZ,000750,国海证券,19970709,,主板,L,186221999.65000004,-1.558441558441559,证券,非银金融,801193.SI,490000,3.74,31.0499,28.9212,1.0458,1.017,2388429.2544,2167780.2874,197598364.2,False,0,0,False,False,4.0,3.77,0.0,-8.89423076923077,-5.249999999999999,False,-1.558441558441559,-3.057119871279157,28.82,80.54,257104555.68,100.1056,,,2185636948.69,5805.5043,1.1315,0,2388429.2544,197598364.2,1.0,1.5,PASS,False,0.07142857142857142,28.82,80.54,30.57,-1.75,,31.0499,1.0458,1.1315,1.0773733518390007,30.16254222222222,0.0,0.0,3.74,4.0,0,67.81214203894616,,0.6,0,0,5.0,14,0.7586316122901393,False,0.0,,0.005831758006486072,False,False,证券,-1.75,-0.11167071407306407,32.0,29.243642611683846,1.0,0.0,29.24,Other
000753.SZ,000753,漳州发展,19970626,,主板,L,189181509.84999996,-7.561728395061729,综合,综合,801231.SI,510000,5.96,90.9145,87.5362,2.1482,1.3639,590922.7183,590922.7183,102474428.4,False,0,0,False,False,7.0,5.93,-5.371248025276454,-16.457461645746164,-14.428571428571423,False,-7.561728395061729,-3.057119871279157,15.24,-10.05,17629499.05,89.768,,,110294769.15,-95.8855,0.4981,0,590922.7183,102474428.4,1.0,1.5,PASS,False,0.8095238095238095,15.24,-10.05,-1.75,18.740000000000002,ESP-Q,90.9145,2.1482,0.4981,5.9655183727034125,185.8637666666667,0.0,0.0,5.96,7.0,0,72.96678121420389,,0.3333333333333333,0,0,0.0,1,-3.3903214932793917,False,-5.371248025276454,TIER2_FORCED,-0.08695554954216479,False,False,综合,18.740000000000002,-0.19939586320262417,32.0,28.290034364261167,0.7,0.0,19.8,Tier2
000758.SZ,000758,中色股份,19970416,,主板,L,351609623.09999996,-4.273504273504269,工业金属,有色金属,801055.SI,240000,7.1,29.7182,28.9738,2.267,2.6935,1413212.3503,1407754.6833,315643679.6,False,0,0,False,False,7.79,6.71,-4.950495049504955,-12.95336787564767,-13.735558408215665,False,-4.273504273504269,-3.057119871279157,-5.98,-3.78,189714225.06,73.0258,,,1235975597.41,-127.8661,4.2542,0,1413212.3503,315643679.6,1.0,1.5,PASS,False,0.14285714285714285,-5.98,-3.78,60.27,-66.25,ESP-Q,29.7182,2.267,4.2542,,36.771677777777775,0.0,0.0,7.1,7.79,0,62.42840778923253,,0.6071428571428571,0,0,5.0,9,1.8845683259592851,False,-4.950495049504955,,-0.03448797651141243,False,False,工业金属,-66.25,-0.7702058558371384,22.0,25.628522336769755,0.7,0.0,17.94,Other
000762.SZ,000762,西藏矿业,19970708,,主板,L,1693441460.0500004,-12.169758291174816,未知,未知,,,31.88,,7498.1874,5.6429,3.5176,1660371.7371,1660312.3702,916115716.8,True,0,0,False,False,41.43,31.18,-5.9018367961457425,12.288896873877109,-24.571566497706975,False,-12.169758291174816,-3.057119871279157,199.44,-178.46,17634551.39,92.8839,,,-84760034.25,399.6362,0.6473,0,1660371.7371,916115716.8,1.0,1.5,PASS,False,0.2857142857142857,199.44,-178.46,2.125,199.44,ESP-Q,,5.6429,0.6473,,87.7931712264151,0.0,0.0,31.88,41.43,0,62.42840778923253,,0.1946564885496183,0,0,5.0,158,-7.355501200000775,False,-5.9018367961457425,,-0.028565153725585397,False,False,独立池,199.44,0.0,25.056174484689,26.239757233707557,0.7,0.0,18.37,Other
000768.SZ,000768,中航西飞,19970626,,主板,L,979324803.7499998,-8.374384236453203,航空装备,国防军工,801742.SI,650000,21.75,52.5331,54.5482,2.6842,1.4462,6047827.0436,6038700.4696,793450151.1999999,False,0,0,False,False,25.79,22.25,-5.703422053231943,-26.77165354330708,-13.454827452500961,False,-8.374384236453203,-3.057119871279157,-8.21,16.69,273392630.24,111.0334,,,2956083290.39,-434.192,1.1007,0,6047827.0436,793450151.1999999,1.0,1.5,PASS,False,0.5238095238095238,-8.21,16.69,-13.16,-4.105,ESP-Q,52.5331,2.6842,1.1007,,161.41275,0.0,0.0,21.75,25.79,0,65.06300114547537,,0.375,0,0,5.0,5,-1.280879873991136,False,-5.703422053231943,,-0.08155192177920156,False,False,航空装备,-4.105,-0.08914923396160791,32.0,28.418900343642612,0.7,0.0,19.89,Other
000776.SZ,000776,广发证券,19970611,,主板,L,1361911936.2499998,-2.8169014084507005,证券,非银金融,801193.SI,490000,19.05,10.8793,9.5237,1.0814,0.8978,14906330.6985,11247213.9375,1047285071.4,False,0,0,False,False,21.73,19.0,-3.1093279839518595,-7.956169604573593,-11.09065807639209,False,-2.8169014084507005,-3.057119871279157,72.4,59.93,4710524626.33,100.0654,,,35989765879.98,303.0668,2.8739,0,14906330.6985,1047285071.4,1.0,1.5,PASS,False,0.07142857142857142,72.4,59.93,30.57,72.4,,10.8793,1.0814,2.8739,0.15026657458563536,30.16254222222222,10.0,0.0,19.05,21.73,0,67.81214203894616,,0.4444444444444444,0,0,5.0,14,-0.4998282377190022,False,-3.1093279839518595,,-0.03247147385361146,False,False,证券,72.4,0.8970933099219996,50.0,32.84364261168385,1.0,0.0,42.84,Other
000777.SZ,000777,中核科技,19970710,,主板,L,194602129.9,-19.588080631025406,通用机械,机械设备,801072.SI,640000,18.56,41.8865,45.2173,2.8968,1.5669,711623.0526,711610.4949,154752999.79999998,False,0,0,False,False,23.2,18.33,-6.472986748216103,-27.35550277117973,-20.905172413793093,False,-19.588080631025406,-3.057119871279157,-6280.25,-29.41,-14997731.81,,,,296433420.2,,-0.4349,0,711623.0526,154752999.79999998,1.0,1.5,PASS,False,0.5952380952380952,-6280.25,-29.41,-0.595,-3140.125,,41.8865,2.8968,-0.4349,,108.90780749999999,0.0,0.0,18.56,23.2,0,65.2348224513173,,0.04081632653061224,0,0,5.0,15,-21.68853725202998,False,-6.472986748216103,,-0.06312702941724453,False,False,通用机械,-1499.4703,-5.524238016940196,5.0,23.07044673539519,1.0,0.0,23.07,Other
000778.SZ,000778,新兴铸管,19970606,,主板,L,275090156.6500001,-11.506276150627615,未知,未知,,,4.22,17.6576,16.6022,0.6275,0.9379,1672462.9243,1643065.6046,183222566.0,True,0,0,False,False,4.88,4.21,-0.2358490566037652,-16.568047337278102,-13.31967213114753,False,-11.506276150627615,-3.057119871279157,40.5,589.92,169334274.34,85.8554,,,1897719369.74,-444.8385,0.7439,0,1672462.9243,183222566.0,1.0,1.5,PASS,False,0.2857142857142857,40.5,589.92,2.125,40.5,ESP-Q,17.6576,0.6275,0.7439,0.4359901234567901,87.7931712264151,0.0,0.0,4.22,4.88,0,74.3413516609393,,0.21946564885496184,0,0,5.0,158,-6.692019059453575,False,-0.2358490566037652,,-0.007459418399426015,False,False,独立池,40.5,0.0,22.712066986726057,29.344818895627,0.7,0.0,20.54,Other
000782.SZ,000782,恒申新材,19970619,,主板,L,339529036.35,26.22950819672132,化学纤维,化工,801032.SI,220000,7.8,,,3.3121,4.3485,535533.577,411948.9059,347287162.0,True,1,1,False,False,9.05,5.97,-6.666666666666665,19.565217391304344,-14.917127071823211,False,26.22950819672132,-3.057119871279157,-11461.27,-208.66,-5458213.09,,,,-237342039.64000002,,-0.3316,0,535533.577,347287162.0,1.0,1.5,PASS,False,0.4523809523809524,-11461.27,-208.66,16.295,-11477.565,,,3.3121,-0.3316,,154.65064285714286,0.0,0.0,7.8,9.05,0,70.79037800687286,CHASE,0.8571428571428571,1,1,100.0,3,35.46796013180247,True,-6.666666666666665,,-0.038792014945802006,True,False,化学纤维,-1499.4703,-2.1040248612557235,12.0,73.63711340206186,1.0,0.0,73.64,Tier2
000783.SZ,000783,长江证券,19970731,,主板,L,1366334296.2000003,16.249999999999986,证券,非银金融,801193.SI,490000,8.23,12.3126,10.8283,1.2356,2.0849,4551250.0362,4551250.0362,1082689891.4,False,2,0,False,False,9.24,7.09,-1.0638297872340607,6.896551724137923,-9.415584415584421,False,16.249999999999986,-3.057119871279157,51.97,108.69,1469883871.13,98.8979,,,8647090345.78,706.7529,3.507,0,4551250.0362,1082689891.4,1.0,1.5,PASS,False,0.07142857142857142,51.97,108.69,30.57,51.97,,12.3126,1.2356,3.507,0.236917452376371,30.16254222222222,10.0,0.0,8.23,9.24,0,67.81214203894616,,0.9777777777777777,1,1,85.0,14,18.567073170731685,True,-1.0638297872340607,,-0.018658204660428626,True,False,证券,51.97,0.6191560339918694,50.0,72.84364261168385,1.0,0.0,82.84,Tier2
000786.SZ,000786,北新建材,19970606,,主板,L,376578445.35,-6.460454189506648,其他建材,建筑材料,801713.SI,610000,23.78,13.9277,14.1141,1.4489,0.4444,4047917.3079,4017649.6483,360552918.40000004,True,0,0,False,False,27.06,23.76,-5.684958547177255,-13.316400580551512,-11.714708056171464,False,-6.460454189506648,-3.057119871279157,-5.26,-21.86,775918665.94,96.5284,,,7979577118.41,-67.369,2.9175,0,4047917.3079,360552918.40000004,1.0,1.5,PASS,False,0.16666666666666666,-5.26,-21.86,-12.22,-2.63,ESP-Q,13.9277,1.4489,2.9175,,34.4639,10.0,0.0,23.78,27.06,0,65.2348224513173,,0.42857142857142855,0,0,5.0,3,-15.046034816914467,False,-5.684958547177255,,-0.030430522162686224,False,False,其他建材,-2.63,-0.4648150245780004,32.0,28.470446735395193,0.7,0.0,29.93,Other
000792.SZ,000792,盐湖股份,19970904,,主板,L,4388467441.6,-13.89703921045612,未知,未知,,,32.84,20.5032,16.7774,3.888,1.3527,17377524.2246,17377369.3184,3496394482.1999993,True,0,0,False,False,41.6,31.76,-4.750663912658604,-9.47840717891193,-22.403846153846153,False,-13.89703921045612,-3.057119871279157,142.9,91.13,2884110426.95,95.2899,,,18297956113.489998,75.4181,6.7519,0,17377524.2246,3496394482.1999993,1.0,1.5,PASS,False,0.2857142857142857,142.9,91.13,2.125,142.9,,20.5032,3.888,6.7519,0.14347935619314206,87.7931712264151,0.0,0.0,32.84,41.6,0,23.253150057273768,CAT-0,0.1450381679389313,0,0,5.0,158,-9.08278211928208,False,-4.750663912658604,,-0.03447439888255389,False,False,独立池,142.9,0.0,24.22230108633223,14.320405234448575,0.5,0.0,7.16,Other
000796.SZ,000796,凯撒旅业,19970703,,主板,L,217902454.14999998,-9.6045197740113,未知,未知,,,4.74,271.4858,215.0754,8.3693,3.052,760195.9462,630781.1572,202822655.20000002,True,0,0,False,False,5.45,4.6,3.2258064516129004,-19.732441471571917,-11.926605504587162,False,-9.6045197740113,-3.057119871279157,-215.24,-68.55,-16531760.61,-589.8697,,,-238871188.49000004,-626.1021,0.3103,0,760195.9462,202822655.20000002,1.0,1.5,PASS,False,0.2857142857142857,-215.24,-68.55,2.125,-217.365,ESP-Q,271.4858,8.3693,0.3103,,87.7931712264151,0.0,0.0,4.74,5.45,0,83.73424971363116,,0.30725190839694655,0,0,5.0,158,-4.790262682837259,False,3.2258064516129004,,0.0514448428626846,False,False,独立池,-217.365,0.0,18.90897600923635,31.402070115936617,0.7,0.0,21.98,Other
000799.SZ,000799,酒鬼酒,19970718,,主板,L,346591381.30000013,-2.9281896351382675,未知,未知,,,39.92,,,3.4395,3.3623,1297116.4882,1296993.7342,384779201.8,True,0,0,False,False,45.4,40.9,0.3362959404275667,-19.191332946411286,-7.995594713656374,False,-2.9281896351382675,-3.057119871279157,3.97,-545.77,32693852.22,98.5325,,,2464182.459999999,-89.5234,0.8837,0,1297116.4882,384779201.8,1.0,1.5,PASS,False,0.2857142857142857,3.97,-545.77,2.125,3.97,ESP-Q,,3.4395,0.8837,,87.7931712264151,0.0,0.0,39.92,45.4,0,65.2348224513173,,0.5763358778625954,0,0,5.0,158,1.8860674560357729,False,0.3362959404275667,,-0.003124803030278604,False,False,独立池,3.97,0.0,22.17330866974741,26.505108469344673,0.7,0.0,18.55,Other
000802.SZ,000802,北京文化,19980108,,主板,L,244089168.60000002,12.107623318385642,未知,未知,,,4.97,,,5.8285,4.3953,355802.4267,355625.3705,238189662.79999998,False,2,0,False,False,5.5,4.0,-3.100775193798455,11.111111111111116,-9.090909090909093,False,12.107623318385642,-3.057119871279157,88.9,-159.99,-24200258.0,,,,-935797222.66,,-3.3205,0,355802.4267,238189662.79999998,1.0,1.5,PASS,False,0.2857142857142857,88.9,-159.99,2.125,88.9,ESP-Q,,5.8285,-3.3205,,87.7931712264151,0.0,0.0,4.97,5.5,0,65.40664375715922,,0.8625954198473282,1,1,75.0,158,16.921880409559684,True,-3.100775193798455,,-0.06026760938377649,False,False,独立池,88.9,0.0,23.42588857286804,61.80717084172137,0.7,0.0,43.27,Other
000811.SZ,000811,冰轮环境,19980528,,主板,L,1537811198.0499997,72.75405007363769,通用机械,机械设备,801072.SI,640000,34.45,60.5807,58.1601,5.2338,5.8028,3419086.6583,3370573.121,2013580769.8,True,4,3,False,True,38.46,18.93,6.25,84.91854965843405,-8.502340093603756,False,72.75405007363769,-3.057119871279157,19.15,-0.75,98821533.15,84.3076,,,1250403950.41,-258.3018,1.8158,1,3419086.6583,2013580769.8,1.0,1.5,PASS,False,0.5952380952380952,19.15,-0.75,-0.595,20.339999999999996,ESP-Q,60.5807,5.2338,1.8158,3.163483028720627,108.90780749999999,0.0,0.0,34.45,38.46,10,88.54524627720504,CHASE,1.0,1,1,100.0,15,70.6535934526331,True,6.25,突破型,-0.01584653496150175,True,False,通用机械,20.339999999999996,0.2266048092836612,50.0,86.56357388316151,0.7,10.0,50.59,Tier2
000815.SZ,000815,美利云,19980609,,主板,L,2237709299.7,-10.722833891814275,未知,未知,,,19.19,200.2458,171.3359,9.4831,8.468,1334209.7642,1334209.7642,1604618360.8,False,1,0,False,False,23.45,18.5,-11.359315589353614,30.78541374474053,-20.469083155650324,False,-10.722833891814275,-3.057119871279157,54.54,211.92,16657399.69,75.0387,,,136846130.29,75.4179,1.5904,0,1334209.7642,1604618360.8,1.0,1.5,PASS,False,0.2857142857142857,54.54,211.92,2.125,54.54,ESP-Q,200.2458,9.4831,1.5904,3.6715401540154016,87.7931712264151,0.0,10.0,19.19,23.45,0,71.3631156930126,,0.2633587786259542,0,0,5.0,158,-5.908576800640235,False,-11.359315589353614,,-0.041340119608869776,False,False,独立池,54.54,0.0,22.919134240226747,28.49276155594913,0.7,10.0,9.94,Other
000822.SZ,000822,山东海化,19980703,,主板,L,154152655.54999998,-16.198347107438003,化学原料,化工,801033.SI,220000,5.17,,,1.2367,1.7131,462762.5257,462762.5257,110203928.8,False,0,0,False,False,6.33,5.05,-6.972477064220184,-23.413897280966765,-19.905213270142173,False,-16.198347107438003,-3.057119871279157,-20.79,-3835.22,-95744854.17,,,,-2287229273.69,,-2.1196,0,462762.5257,110203928.8,1.0,1.5,PASS,False,0.7142857142857143,-20.79,-3835.22,6.035,-26.825,,,1.2367,-2.1196,,92.88029999999999,0.0,0.0,5.17,6.33,0,67.35395189003437,,0.18518518518518517,0,0,5.0,9,-9.463433314334555,False,-6.972477064220184,,0.010097196899328122,False,False,化学原料,-26.825,-0.02790730874464133,32.0,29.106185567010307,1.0,0.0,29.11,Other
000823.SZ,000823,超声电子,19971008,,主板,L,549932325.4,-5.403726708074541,元件,电子,801083.SI,270000,16.39,39.5662,41.1915,1.879,8.4632,880145.6093,880108.3319,502677548.40000004,False,1,0,False,False,17.76,14.68,-6.449631449631454,-0.975292587776333,-14.245495495495497,False,-5.403726708074541,-3.057119871279157,-19.75,8.65,32888676.31,99.6771,,,542139863.5,12.3096,0.6733,0,880145.6093,502677548.40000004,1.0,1.5,PASS,False,0.7380952380952381,-19.75,8.65,13.02,-32.769999999999996,,39.5662,1.879,0.6733,,255.29024,0.0,0.0,16.39,17.76,0,91.86712485681558,,0.07692307692307693,0,0,5.0,8,-19.78314726364977,False,-6.449631449631454,,-0.019090607379755077,False,False,元件,-32.769999999999996,-0.38907106957763965,32.0,36.460137457044674,1.0,0.0,36.46,Other
000825.SZ,000825,太钢不锈,19981021,,主板,L,171474959.95,-14.505494505494498,未知,未知,,,3.94,435.5516,,0.6867,0.5011,2244321.6316,2244321.6316,137721201.20000002,False,0,0,False,False,4.61,3.89,-4.889975550122239,-20.934959349593495,-15.61822125813449,False,-14.505494505494498,-3.057119871279157,-96.92,95.24,4934646.25,24.4553,,,732334506.8900001,1196.9861,0.0618,0,2244321.6316,137721201.20000002,1.0,1.5,PASS,False,0.2857142857142857,-96.92,95.24,2.125,-99.045,ESP-Q,435.5516,0.6867,0.0618,,87.7931712264151,0.0,0.0,3.94,4.61,0,65.2348224513173,,0.1316793893129771,0,0,5.0,158,-9.691237414320458,False,-4.889975550122239,,-0.033445690976118575,False,False,独立池,-99.045,0.0,20.65400431651567,26.201247598698323,0.7,0.0,18.34,Other
000830.SZ,000830,鲁西化工,19980807,,主板,L,642878174.9,-14.838300570703867,化学原料,化工,801033.SI,220000,13.77,28.9205,28.143,1.3525,1.8142,2622247.2781,2622050.7018,576166420.4,False,0,0,False,False,17.35,13.4,-10.526315789473683,-25.388888888888893,-22.59365994236312,False,-14.838300570703867,-3.057119871279157,1.53,-63.76,389567954.64,88.9503,,,2712153681.31,123.0274,2.2853,0,2622247.2781,576166420.4,1.0,1.5,PASS,False,0.7142857142857143,1.53,-63.76,6.035,-4.505,,28.9205,1.3525,2.2853,18.902287581699348,92.88029999999999,10.0,0.0,13.77,17.35,0,65.2348224513173,,0.25925925925925924,0,0,5.0,9,-8.10338677760042,False,-10.526315789473683,,-0.029628478166571656,False,False,化学原料,-4.505,0.04125767469361934,50.0,32.070446735395194,1.0,0.0,42.07,Other
000831.SZ,000831,中国稀土,19980911,,主板,L,2244666093.75,-7.436222182015573,稀有金属,有色金属,801054.SI,240000,51.51,316.7496,229.1852,11.0495,2.0123,5466348.3769,5466348.3769,2264818925.4,True,1,0,False,False,59.0,48.8,-8.446671438797438,-11.4878892733564,-13.28813559322034,False,-7.436222182015573,-3.057119871279157,108.81,210.57,138283418.02,99.8047,,,637024315.49,59.5228,2.8411,0,5466348.3769,2264818925.4,1.0,1.5,PASS,False,0.8809523809523809,108.81,210.57,52.894999999999996,108.81,,316.7496,11.0495,2.8411,2.9110339123242346,107.82666666666667,0.0,10.0,51.51,59.0,0,70.79037800687286,,0.6875,0,0,5.0,5,1.0207622722107619,False,-8.446671438797438,,-0.04279775961084629,False,False,稀有金属,108.81,0.06475569801978602,50.0,33.73711340206185,1.0,10.0,23.74,Other
000833.SZ,000833,粤桂股份,19981111,,主板,L,1575586413.8,-4.171406901782337,综合,综合,801231.SI,510000,25.73,42.9989,35.6573,4.9662,6.5559,2063757.5546,1167375.3129,1423789164.2,True,1,0,False,False,31.72,24.54,-12.53028729664244,6.400000000000006,-20.334174022698615,False,-4.171406901782337,-3.057119871279157,85.23,70.82,215141856.55,99.7511,,,1367326991.78,-104.3314,5.3294,0,2063757.5546,1423789164.2,1.0,1.5,PASS,False,0.8095238095238095,85.23,70.82,-1.75,88.73,ESP-Q,42.9989,4.9662,5.3294,0.5045042825296256,185.8637666666667,10.0,0.0,25.73,31.72,0,58.30469644902635,,0.6666666666666666,0,0,0.0,1,0.0,False,-12.53028729664244,TIER2_FORCED,-0.03815962101650762,False,False,综合,88.73,1.0846755797249943,68.0,31.091408934707907,0.7,0.0,31.76,Tier2
000837.SZ,000837,秦川机床,19980928,,主板,L,325117613.3,15.799086757990866,通用机械,机械设备,801072.SI,640000,12.65,244.6939,260.5522,2.6277,3.83,1294279.4838,1274365.2213,556649620.4000001,True,0,0,False,False,12.94,10.56,2.6720647773279316,1.1971268954509284,-2.0092735703245768,False,15.799086757990866,-3.057119871279157,-4.95,-58.6785,6525576.17,26.891,,,-58251155.70999999,-29.4463,0.4949,0,1294279.4838,556649620.4000001,1.0,1.5,PASS,False,0.5952380952380952,-4.95,-58.6785,-0.595,-2.475,ESP-Q,244.6939,2.6277,0.4949,,108.90780749999999,0.0,10.0,12.65,12.94,0,57.61741122565864,,0.7755102040816326,1,1,100.0,15,13.698630136986289,True,2.6720647773279316,,0.030646107548977793,True,False,通用机械,-2.475,0.1402746409196902,50.0,77.2852233676976,0.7,10.0,44.1,Other
000839.SZ,000839,国安股份,19971031,,主板,L,477631901.80000013,1.5974440894568787,通信运营,通信,801223.SI,730000,3.18,132.3206,142.4173,8.0262,2.2182,1246504.7799,1246504.7799,833449880.6,True,1,1,False,False,3.71,2.9,-7.558139534883712,-7.288629737609331,-14.28571428571428,False,1.5974440894568787,-3.057119871279157,46.5177,41.5622,-20020927.27,,,,-376949315.62,-679.2942,-0.2012,0,1246504.7799,833449880.6,1.0,1.5,PASS,False,1.0,46.5177,41.5622,-1.705,49.927699999999994,ESP-Q,132.3206,8.0262,-0.2012,2.8445215477119468,167.5491125,0.0,0.0,3.18,3.71,0,65.2348224513173,,0.7692307692307693,1,1,100.0,4,1.504334219810688,False,-7.558139534883712,,-0.026347444480670695,False,False,通信运营,49.927699999999994,0.1859757107155271,50.0,79.5704467353952,0.7,0.0,55.7,Tier1
000848.SZ,000848,承德露露,19971113,,主板,L,166430820.10000002,3.823178016726403,未知,未知,,,8.71,14.167,13.4591,2.394,1.169,888420.0645,880706.4885,94260287.80000001,False,0,0,False,False,9.15,8.22,-2.6875699888017968,3.3293697978596937,-5.027322404371592,False,3.823178016726403,-3.057119871279157,14.51,-5.07,246529420.86,99.232,,,1511396748.17,15.9628,6.8995,0,888420.0645,94260287.80000001,1.0,1.5,PASS,False,0.2857142857142857,14.51,-5.07,2.125,14.51,ESP-Q,14.167,2.394,6.8995,0.9763611302549966,87.7931712264151,10.0,0.0,8.71,9.15,0,67.81214203894616,,0.7595419847328244,1,1,75.0,158,8.637435107900444,True,-2.6875699888017968,,-0.05889392913541018,False,False,独立池,14.51,0.0,22.328756593671717,62.309393930418196,0.7,0.0,53.62,Tier2
000858.SZ,000858,五粮液,19980427,,主板,L,2949798053.0499997,-15.64538446333269,未知,未知,,,84.03,36.4264,25.8852,2.5483,0.6708,32617152.066,32616357.0246,2912371700.2,False,0,0,False,False,102.3,84.54,-1.7497409922873408,-18.837961201977937,-16.56891495601174,False,-15.64538446333269,-3.057119871279157,81.92,-72.23,8036134136.04,99.6697,,,27921560415.02,-23.7829,6.5041,0,32617152.066,2912371700.2,1.0,1.5,PASS,False,0.2857142857142857,81.92,-72.23,2.125,81.92,ESP-Q,36.4264,2.5483,6.5041,0.444658203125,87.7931712264151,0.0,0.0,84.03,102.3,0,65.2348224513173,,0.10114503816793893,0,0,5.0,158,-10.83112737215865,False,-1.7497409922873408,,-0.04956489840163378,False,False,独立池,81.92,0.0,23.32294488131285,26.735035711657762,0.7,0.0,18.71,Other
000859.SZ,000859,国风新材,19981119,,主板,L,476189665.15,2.681231380337623,塑料,化工,801036.SI,220000,10.82,,,3.594,11.6356,969446.3252,969391.1432,879384791.4000001,True,1,1,False,False,10.89,8.75,13.501646542261248,-15.245901639344261,-5.050505050505061,False,2.681231380337623,-3.057119871279157,14.77,-6.26,-22748719.0,,,,-225588041.51,,-0.7953,0,969446.3252,879384791.4000001,1.0,1.5,PASS,False,0.7619047619047619,14.77,-6.26,-1.1600000000000001,17.09,ESP-Q,,3.594,-0.7953,,196.25642,0.0,0.0,10.82,10.89,0,66.7812142038946,,0.4117647058823529,0,1,55.0,6,-1.4588960081973967,False,13.501646542261248,OVERHEAT,0.02755311806838351,False,True,塑料,17.09,-0.22684957343545387,32.0,53.93436426116838,0.7,0.0,37.75,Other
000863.SZ,000863,三湘印象,19970925,,主板,L,215963496.55000004,15.48387096774193,房地产开发,房地产,801181.SI,430000,5.57,,,1.511,3.4558,657649.6549,647911.1828,246630122.60000002,True,2,1,False,False,6.05,4.35,-4.448398576512458,-9.137055837563457,-11.239669421487598,False,15.48387096774193,-3.057119871279157,-145.44,-431.63,-7318197.37,,,,-125764168.16999999,,-0.1166,1,657649.6549,246630122.60000002,1.0,1.5,PASS,False,0.6666666666666666,-145.44,-431.63,-25.055,-72.72,,,1.511,-0.1166,,71.32621,0.0,0.0,5.57,6.05,10,78.92325315005728,CHASE,0.8846153846153846,1,1,100.0,8,16.89107924015859,True,-4.448398576512458,,-0.033280924310153386,True,False,房地产开发,-72.72,-0.4328267839580468,32.0,80.07697594501718,1.0,10.0,70.08,Tier2
000880.SZ,000880,潍柴重机,19980402,,主板,L,991959986.5999998,8.328055731475636,汽车零部件,汽车,801093.SI,280000,33.85,65.4082,59.7368,7.2755,20.7027,1570128.3234,768485.718,1288559747.4,False,2,2,False,False,37.13,28.28,5.326354679802958,-3.904494382022472,-7.864260705628878,False,8.328055731475636,-3.057119871279157,79.78,45.66,47418539.98,86.8553,,,593215469.22,-27.8981,2.5629,0,1570128.3234,1288559747.4,1.0,1.5,PASS,False,0.47619047619047616,79.78,45.66,-7.74,95.25999999999999,ESP-Q,65.4082,7.2755,2.5629,0.819857107044372,70.26558985507246,0.0,0.0,33.85,37.13,0,98.28178694158075,,0.7432432432432432,1,1,85.0,23,6.460711968737232,True,5.326354679802958,,0.037994776602117634,False,False,汽车零部件,95.25999999999999,0.405152243158276,50.0,81.98453608247422,0.7,0.0,57.39,Tier1
000883.SZ,000883,湖北能源,19980519,,主板,L,273178065.65000004,1.8595041322313932,电力,公用事业,801161.SI,410000,4.89,18.1296,16.8113,0.9163,0.7515,3461820.5511,3168517.287,359265381.00000006,False,0,0,False,False,5.21,4.71,2.708333333333335,6.941431670281983,-5.374280230326301,False,1.8595041322313932,-3.057119871279157,39.45,-33.64,442864166.9,87.5252,,,4105447121.11,145.3557,1.3494,0,3461820.5511,359265381.00000006,1.0,1.5,PASS,False,0.21428571428571427,39.45,-33.64,-1.575,42.60000000000001,ESP-Q,18.1296,0.9163,1.3494,0.45955893536121667,43.696173170731704,0.0,0.0,4.89,5.21,0,69.0721649484536,,0.5714285714285714,0,1,40.0,13,0.904858585703594,False,2.708333333333335,,-0.0025942075144141075,False,False,电力,42.60000000000001,1.1556090318478769,68.0,54.32164948453608,0.7,0.0,38.03,Other
000887.SZ,000887,中鼎股份,19981203,,主板,L,514086027.75,3.3441208198489836,汽车零部件,汽车,801093.SI,280000,20.47,16.9552,17.8601,1.839,7.1745,2694854.5121,2690516.6346,836414395.1999999,True,0,0,False,False,19.55,17.19,4.357298474945548,-10.46728971962616,-1.994884910485939,False,3.3441208198489836,-3.057119871279157,-1.57,0.55,360970621.38,112.1084,,,3361729548.91,106.6209,2.2163,0,2694854.5121,836414395.1999999,1.0,1.5,PASS,False,0.47619047619047616,-1.57,0.55,-7.74,-0.785,,16.9552,1.839,2.2163,,70.26558985507246,0.0,0.0,20.47,19.55,0,67.23940435280642,,0.5675675675675675,0,1,55.0,23,1.4767770571105787,False,4.357298474945548,,0.03299290876437882,False,False,汽车零部件,-0.785,0.043330961208133234,50.0,57.671821305841924,1.0,0.0,57.67,Tier2
000889.SZ,000889,中嘉博创,19971218,,主板,L,835088417.65,-13.090128755364816,通信运营,通信,801223.SI,730000,4.23,,,57.0253,10.0509,396051.1421,367944.4968,563243923.8,False,5,1,False,True,5.89,4.03,-21.359223300970886,8.288770053475925,-31.23938879456706,False,-13.090128755364816,-3.057119871279157,11.02,30.58,-4463859.8,,,,-73648039.12,,-6.1375,0,396051.1421,563243923.8,1.0,1.5,PASS,False,1.0,11.02,30.58,-1.705,14.43,,,57.0253,-6.1375,,167.5491125,0.0,0.0,4.23,5.89,0,65.2348224513173,,0.15384615384615385,0,0,5.0,4,-13.183238625011008,False,-21.359223300970886,突破型,-0.05327292466685998,False,False,通信运营,14.43,0.11686331658776544,50.0,32.070446735395194,1.0,0.0,32.07,Other
000890.SZ,000890,法尔胜,19990119,,主板,L,1187731992.8000002,-20.15078821110349,未知,未知,,,11.7,,,251.083,9.6071,490819.6426,490804.5238,625491368.0,False,2,1,False,False,17.49,11.06,-4.036243822075781,75.71644042232278,-33.39050886220697,False,-20.15078821110349,-3.057119871279157,19.81,35.94,-9726502.15,,,,-127306328.76000002,,-38.0516,0,490819.6426,625491368.0,1.0,1.5,PASS,False,0.2857142857142857,19.81,35.94,2.125,19.81,,,251.083,-38.0516,,87.7931712264151,0.0,0.0,11.7,17.49,0,83.73424971363116,,0.04198473282442748,0,0,5.0,158,-15.336531119929449,False,-4.036243822075781,,0.016044678097224374,False,False,独立池,19.81,0.0,22.406923007030237,32.1016595154954,1.0,0.0,32.1,Other
000892.SZ,000892,欢瑞世纪,19990115,,主板,L,220700030.1,-36.27906976744186,未知,未知,,,4.16,,,6.7544,3.7618,408087.8768,295707.9649,129657557.39999998,False,0,0,False,False,6.63,4.09,-5.949656750572075,-44.30894308943088,-38.009049773755656,False,-36.27906976744186,-3.057119871279157,-707.55,-129.25,-38062733.33,,,,-612573737.21,,-6.4424,1,408087.8768,129657557.39999998,1.0,1.5,PASS,False,0.2857142857142857,-707.55,-129.25,2.125,-709.675,,,6.7544,-6.4424,,87.7931712264151,0.0,0.0,4.16,6.63,10,40.43528064146621,,0.0019083969465648854,0,0,5.0,158,-31.46481267626782,False,-5.949656750572075,,-0.010988439976599183,False,False,独立池,-709.675,0.0,11.648201111022338,16.96022441464433,1.0,10.0,6.96,Other
000893.SZ,000893,亚钾国际,19981224,,主板,L,733436617.85,-12.00522778192681,未知,未知,,,46.9,25.9109,23.8035,3.1191,1.2112,4333800.067,3807371.6596,665148870.0000001,False,0,0,False,False,56.31,46.9,-8.039024390243899,-17.199578355586787,-16.302610548748,False,-12.00522778192681,-3.057119871279157,37.9,108.11,529404838.14,99.4173,,,4603901789.09,122.4482,3.9075,0,4333800.067,665148870.0000001,1.0,1.5,PASS,False,0.2857142857142857,37.9,108.11,2.125,37.9,,25.9109,3.1191,3.9075,0.6836649076517151,87.7931712264151,0.0,0.0,46.9,56.31,0,49.48453608247423,,0.20038167938931298,0,0,5.0,158,-7.190970690752769,False,-8.039024390243899,,-0.03495533650421364,False,False,独立池,37.9,0.0,22.673721199040745,21.880105064550417,1.0,0.0,21.88,Other
000895.SZ,000895,双汇发展,19981210,,主板,L,320194559.40000004,-10.573600552868012,食品加工,食品饮料,801124.SI,340000,25.73,17.4638,16.9506,4.4829,0.2583,8914573.301,8913410.9586,242630695.79999995,False,0,0,False,False,29.61,25.88,-2.633559066967639,-1.8953752843062888,-12.597095575818983,False,-10.573600552868012,-3.057119871279157,20.24,,1275519840.97,98.7419,,,7305377700.52,58.3962,5.869,0,8914573.301,242630695.79999995,1.0,1.5,PASS,False,0.6190476190476191,20.24,,-17.45,55.14,ESP-Q,17.4638,4.4829,5.869,0.8628359683794466,109.59125,10.0,0.0,25.73,29.61,0,65.2348224513173,,0.25,0,0,0.0,2,-13.755256612020204,False,-2.633559066967639,TIER2_FORCED,-0.015834472156674505,False,False,食品加工,55.14,0.49620502018062557,50.0,29.57044673539519,0.7,0.0,30.7,Tier2
000901.SZ,000901,航天科技,19990401,,主板,L,801723957.1999999,-10.182435299109027,汽车零部件,汽车,801093.SI,280000,20.97,238.2725,188.2304,3.9407,2.4669,1673828.3484,1673811.52,449371895.79999995,False,1,0,False,False,25.09,21.04,-3.990929705215418,-19.260106788710896,-15.623754483858098,False,-10.182435299109027,-3.057119871279157,364.48,-1268.43,15050600.06,100.1421,,,-46865858.0,-418.2698,0.3526,0,1673828.3484,449371895.79999995,1.0,1.5,PASS,False,0.47619047619047616,364.48,-1268.43,-7.74,379.96000000000004,ESP-Q,238.2725,3.9407,0.3526,0.6537327151009658,70.26558985507246,0.0,0.0,20.97,25.09,0,68.49942726231386,,0.13513513513513514,0,0,5.0,23,-12.049779061847431,False,-3.990929705215418,,-0.020621719018466236,False,False,汽车零部件,379.96000000000004,1.477675737053905,68.0,36.64982817869416,0.7,0.0,25.65,Other
000902.SZ,000902,新洋丰,19990408,,主板,L,245011418.10000005,-5.788423153692612,未知,未知,,,14.22,11.0664,11.1774,1.4507,0.778,1784231.785,1625037.7218,176065627.4,False,0,0,False,False,16.05,14.0,-5.2208835341365445,-21.15812917594655,-11.775700934579447,False,-5.788423153692612,-3.057119871279157,-4.02,23.79,479309992.79,96.1448,,,4252900443.59,103.0574,4.1122,0,1784231.785,176065627.4,1.0,1.5,PASS,False,0.2857142857142857,-4.02,23.79,2.125,-6.145,,11.0664,1.4507,4.1122,,87.7931712264151,10.0,0.0,14.22,16.05,0,65.2348224513173,,0.4599236641221374,0,0,5.0,158,-0.974166062518572,False,-5.2208835341365445,,-0.029265221055281027,False,False,独立池,-6.145,0.0,22.024128807271662,26.475272496849524,1.0,0.0,36.48,Other
000917.SZ,000917,电广传媒,19990325,,主板,L,340008084.24999994,-19.41649899396378,未知,未知,,,8.1,83.3979,273.2805,1.1157,2.1143,1148220.6338,1148142.084,233393994.0,False,0,0,False,False,10.16,7.98,-2.9090909090909167,-34.398034398034405,-21.16141732283465,False,-19.41649899396378,-3.057119871279157,-6539.19,95.22,-91698660.28,,,,208733015.51,,-0.8965,0,1148220.6338,233393994.0,1.0,1.5,PASS,False,0.2857142857142857,-6539.19,95.22,2.125,-6541.315,,83.3979,1.1157,-0.8965,,87.7931712264151,0.0,0.0,8.1,10.16,0,65.2348224513173,,0.05152671755725191,0,0,5.0,158,-14.602241902789741,False,-2.9090909090909167,,-0.03324936446614596,False,False,独立池,-1499.4703,0.0,0.0,22.07044673539519,1.0,0.0,22.07,Other
000922.SZ,000922,佳电股份,19990618,,主板,L,285664245.04999995,-5.599425699928206,电机,电气设备,801731.SI,630000,13.91,45.6589,41.5155,2.5141,5.9249,1160069.2179,980556.5214,314020542.40000004,True,1,1,False,False,17.46,13.07,-16.560913705583758,-15.48843187660669,-24.68499427262314,False,-5.599425699928206,-3.057119871279157,77.54,-1.74,72634338.4,90.289,,,579277968.06,-420.9785,1.7301,0,1160069.2179,314020542.40000004,1.0,1.5,PASS,False,0.9047619047619048,77.54,-1.74,-11.325,100.19000000000001,ESP-Q,45.6589,2.5141,1.7301,0.5888431777147278,169.84244,10.0,0.0,13.91,17.46,0,69.0721649484536,,0.09090909090909091,0,0,5.0,4,-11.545371645874159,False,-16.560913705583758,,0.004420160418211524,False,False,电机,100.19000000000001,-0.09147444042407475,32.0,29.62164948453608,0.7,0.0,30.74,Other
000928.SZ,000928,中钢国际,19990312,,主板,L,195121727.75000003,-10.689170182841078,专业工程,建筑装饰,801724.SI,620000,6.29,18.5967,20.5917,1.0498,1.1014,902391.4666,902380.4277,116376147.39999999,False,0,0,False,False,7.17,6.35,-2.457757296466978,-6.342182890855463,-11.436541143654122,False,-10.689170182841078,-3.057119871279157,-20.63,-34.45,183418256.91,99.3793,,,1645322311.97,-114.8336,2.1793,0,902391.4666,116376147.39999999,1.0,1.5,PASS,False,0.35714285714285715,-20.63,-34.45,-13.35,-10.315,ESP-Q,18.5967,1.0498,2.1793,,69.65643999999999,10.0,0.0,6.29,7.17,0,65.2348224513173,,0.375,0,0,5.0,5,-2.388333717613417,False,-2.457757296466978,,-0.018602096516531094,False,False,专业工程,-10.315,-0.5007529279885308,22.0,26.470446735395193,0.7,0.0,28.53,Other
000932.SZ,000932,华菱钢铁,19990803,,主板,L,370731100.1,-19.60396039603961,未知,未知,,,4.03,10.5784,12.294,0.4946,1.1878,2761601.4915,2761601.4915,383765288.59999996,False,0,0,False,False,5.17,4.05,-6.018518518518534,-32.7814569536424,-21.47001934235977,False,-19.60396039603961,-3.057119871279157,-90.82,76.8,41357218.19,20.9167,,,6164844929.92,-339.7432,0.3545,0,2761601.4915,383765288.59999996,1.0,1.5,PASS,False,0.2857142857142857,-90.82,76.8,2.125,-92.945,ESP-Q,10.5784,0.4946,0.3545,,87.7931712264151,0.0,0.0,4.03,5.17,0,65.2348224513173,,0.04770992366412214,0,0,5.0,158,-14.78970330486557,False,-6.018518518518534,,-0.047612848425881135,False,False,独立池,-92.945,0.0,20.74396943377737,26.219240622150664,0.7,0.0,18.35,Other
000935.SZ,000935,四川双马,19990824,,主板,L,278379308.0,11.957295373665477,多元金融,非银金融,801191.SI,490000,31.6,80.8804,100.3009,3.0805,0.7431,2412471.4523,2412471.4523,290095190.79999995,False,0,0,False,False,34.13,26.41,-3.8802322028719693,12.8002868411617,-7.823029592733666,False,11.957295373665477,-3.057119871279157,-49.33,464.24,57781598.86,98.2746,,,887237505.8499999,-20.8042,0.7536,0,2412471.4523,290095190.79999995,1.0,1.5,PASS,False,0.19047619047619047,-49.33,464.24,15.68,-65.00999999999999,ESP-Q,80.8804,3.0805,0.7536,,47.574976923076925,0.0,0.0,31.6,34.13,0,65.2348224513173,,0.8571428571428571,1,1,75.0,5,19.710869123291317,True,-3.8802322028719693,,0.019131803026682787,False,False,多元金融,-65.00999999999999,-1.0215751229107317,22.0,61.47044673539519,0.7,0.0,43.03,Other
000936.SZ,000936,华西股份,19990810,,主板,L,360513933.09999996,-14.878048780487795,化学纤维,化工,801032.SI,220000,7.0,82.7088,248.2989,1.2148,2.6777,620209.0209,620121.1359,255575697.60000002,False,1,1,False,False,8.52,6.95,-11.082802547770687,-16.70644391408115,-18.075117370892013,False,-14.878048780487795,-3.057119871279157,-88.72,-182.01,6361630.22,99.4798,,,274126558.74,,0.1253,0,620209.0209,255575697.60000002,1.0,1.5,PASS,False,0.4523809523809524,-88.72,-182.01,16.295,-105.015,,82.7088,1.2148,0.1253,,154.65064285714286,0.0,0.0,7.0,8.52,0,65.2348224513173,,0.2857142857142857,0,0,5.0,3,-5.639596845406647,False,-11.082802547770687,,-0.014444698415069533,False,False,化学纤维,-105.015,0.1379289169929898,50.0,32.070446735395194,1.0,0.0,32.07,Other
000938.SZ,000938,紫光股份,19991104,,主板,L,7152978623.95,5.939876856211512,未知,未知,,,29.86,50.668,40.1914,5.5001,5.3646,8540198.5038,8540177.0046,6570306868.0,False,0,0,False,False,34.49,27.3,-8.33594484487622,14.886095836606428,-15.192809510002903,False,5.939876856211512,-3.057119871279157,51.64,12.26,620485059.24,78.7509,,,4833017920.32,-293.3291,5.2052,0,8540198.5038,6570306868.0,1.0,1.5,PASS,False,0.2857142857142857,51.64,12.26,2.125,51.64,ESP-Q,50.668,5.5001,5.2052,0.9811773818745159,87.7931712264151,0.0,0.0,29.86,34.49,0,87.2852233676976,,0.7900763358778626,1,1,75.0,158,10.754133947385553,True,-8.33594484487622,,-0.03035383252244119,False,False,独立池,51.64,0.0,22.876363938577747,68.26083979802482,0.7,0.0,47.78,Other
000949.SZ,000949,新乡化纤,19991021,,主板,L,530640725.6999999,-9.238451935081148,化学纤维,化工,801032.SI,220000,7.3,61.087,42.2399,1.7764,2.764,1209536.9431,1209204.7938,475866568.8,False,0,0,False,False,8.91,7.21,-12.19806763285024,0.5532503457814641,-18.406285072951746,False,-9.238451935081148,-3.057119871279157,479.88,-43.83,100587134.4,86.715,,,361700660.08000004,298.691,1.7183,0,1209536.9431,475866568.8,1.0,1.5,PASS,False,0.4523809523809524,479.88,-43.83,16.295,479.88,ESP-Q,61.087,1.7764,1.7183,0.12729640743519213,154.65064285714286,0.0,0.0,7.3,8.91,0,58.30469644902635,,0.5714285714285714,0,0,5.0,3,0.0,False,-12.19806763285024,,-0.0038872087366213074,False,False,化学纤维,479.88,1.0783015163361034,68.0,33.59140893470791,0.7,0.0,23.51,Other
000951.SZ,000951,中国重汽,19991125,,主板,L,396392922.5500001,-14.332784184514002,未知,未知,,,20.89,14.6598,13.4911,1.4753,0.6442,2442030.4526,2442030.4526,261760044.79999998,False,0,0,False,False,24.96,20.78,-6.474820143884886,-0.8579599618684486,-16.666666666666664,False,-14.332784184514002,-3.057119871279157,49.42,17.43,435872507.29,95.8663,,,3605686394.92,-53.1204,2.7731,0,2442030.4526,261760044.79999998,1.0,1.5,PASS,False,0.2857142857142857,49.42,17.43,2.125,49.42,ESP-Q,14.6598,1.4753,2.7731,0.2966369890732497,87.7931712264151,0.0,0.0,20.89,24.96,0,67.81214203894616,,0.13740458015267176,0,0,5.0,158,-9.518527093339962,False,-6.474820143884886,,-0.01642088298580409,False,False,独立池,49.42,0.0,22.84362253524644,27.412367118733137,0.7,0.0,19.19,Other
000957.SZ,000957,中通客车,20000113,,主板,L,234816092.55000004,-8.731466227347617,未知,未知,,,11.15,18.3814,17.2773,2.0481,2.4258,661087.8886,661087.8886,200127419.4,False,0,0,False,False,12.78,11.06,-4.892703862660952,-9.328968903436996,-13.302034428794984,False,-8.731466227347617,-3.057119871279157,29.11,54.82,88437047.93,88.886,,,845518299.15,502.7207,3.1247,0,661087.8886,200127419.4,1.0,1.5,PASS,False,0.2857142857142857,29.11,54.82,2.125,29.11,,18.3814,2.0481,3.1247,0.631446238406046,87.7931712264151,10.0,0.0,11.15,12.78,0,67.58304696449026,,0.33396946564885494,0,0,5.0,158,-3.917209136173577,False,-4.892703862660952,,-0.034562278123716046,False,False,独立池,29.11,0.0,22.544082939904627,27.283730677328002,1.0,0.0,37.28,Other
000958.SZ,000958,电投产融,19991223,,主板,L,250075554.04999998,-0.16420361247947435,多元金融,非银金融,801191.SI,490000,6.06,31.9697,25.3925,2.3226,0.5331,10528116.0086,3262351.6231,256792342.59999993,False,0,0,False,False,6.35,5.81,1.6722408026755842,-6.027820710973719,-4.2519685039369985,False,-0.16420361247947435,-3.057119871279157,318.72,-8.07,1109062669.57,99.2623,,,2916310445.89,58.4502,2.4962,0,10528116.0086,256792342.59999993,1.0,1.5,PASS,False,0.19047619047619047,318.72,-8.07,15.68,318.72,ESP-Q,31.9697,2.3226,2.4962,0.10030653865461846,47.574976923076925,0.0,0.0,6.06,6.35,0,69.0721649484536,,0.7857142857142857,1,1,75.0,5,7.589370137146368,True,1.6722408026755842,,0.019274851267802127,False,False,多元金融,318.72,1.8790032388939975,68.0,71.82164948453608,0.7,0.0,50.28,Tier2
000959.SZ,000959,首钢股份,19991216,,主板,L,161185726.20000002,-19.12087912087912,未知,未知,,,3.66,28.5076,33.7164,0.5646,0.4884,2838318.0574,2727288.3099,158795305.2,False,0,0,False,False,4.73,3.67,-10.024449877750607,-33.09090909090909,-22.19873150105709,False,-19.12087912087912,-3.057119871279157,-55.37,351.87,155618302.2,89.4001,,,2817927040.94,-1285.3897,0.3461,0,2838318.0574,158795305.2,1.0,1.5,PASS,False,0.2857142857142857,-55.37,351.87,2.125,-57.495,ESP-Q,28.5076,0.5646,0.3461,,87.7931712264151,0.0,0.0,3.66,4.73,0,65.2348224513173,,0.05343511450381679,0,0,5.0,158,-14.30662202970508,False,-10.024449877750607,,-0.0459537428508128,False,False,独立池,-57.495,0.0,21.266799500486734,26.323806635492538,0.7,0.0,18.43,Other
000962.SZ,000962,东方钽业,20000120,,主板,L,1204889187.05,9.628051142967852,稀有金属,有色金属,801054.SI,240000,62.25,127.1389,128.2093,8.2005,5.8615,3283439.5334,3122873.6264,1609251776.2,True,1,1,False,False,60.54,42.3,10.441061670569862,21.307609860664535,-6.524611826891302,False,9.628051142967852,-3.057119871279157,-1.52,20.52,53178735.63,97.8514,,,618185046.3199999,-402.4787,1.6047,0,3283439.5334,1609251776.2,1.0,1.5,PASS,False,0.8809523809523809,-1.52,20.52,52.894999999999996,-54.415,ESP-Q,127.1389,8.2005,1.6047,,107.82666666666667,0.0,0.0,62.25,60.54,0,96.90721649484536,,1.0,1,1,100.0,5,18.085035597194185,True,10.441061670569862,OVERHEAT,0.02625238026806675,False,True,稀有金属,-54.415,-0.6186378362112092,22.0,83.47216494845361,0.7,0.0,58.43,Tier2
000968.SZ,000968,蓝焰控股,20000622,,主板,L,395235332.6500001,-11.386696730552416,未知,未知,,,7.89,22.7917,25.6206,1.1938,2.409,763359.5987,763359.5987,344093799.20000005,False,0,0,False,False,9.49,7.85,-4.611650485436892,-9.237875288683606,-17.175974710221286,False,-11.386696730552416,-3.057119871279157,-21.87,-26.38,143509404.46,97.2015,,,924975080.4,146.724,2.3361,0,763359.5987,344093799.20000005,1.0,1.5,PASS,False,0.2857142857142857,-21.87,-26.38,2.125,-23.995,,22.7917,1.1938,2.3361,,87.7931712264151,0.0,0.0,7.89,9.49,0,65.2348224513173,,0.22709923664122136,0,0,5.0,158,-6.572439639378375,False,-4.611650485436892,,-0.019574567491385423,False,False,独立池,-23.995,0.0,21.76087022643211,26.422620780681612,1.0,0.0,26.42,Other
000969.SZ,000969,安泰科技,20000529,,主板,L,646846928.45,0.18075011296883048,金属非金属新材料,有色金属,801051.SI,240000,22.72,65.4135,62.5556,4.0564,4.8412,2386780.07,2365946.9069,751047527.0,True,0,0,False,False,23.3,20.42,2.781641168289295,-7.855361596009958,-4.8497854077253155,False,0.18075011296883048,-3.057119871279157,23.07,38.16,95410897.22,96.1658,,,841710306.31,-327.5468,1.7013,0,2386780.07,751047527.0,1.0,1.5,PASS,False,0.7857142857142857,23.07,38.16,37.74,-14.670000000000002,ESP-Q,65.4135,4.0564,1.7013,2.8354356306892066,114.53097142857143,0.0,0.0,22.72,23.3,0,65.2348224513173,,0.75,1,1,100.0,3,1.4021068687696592,False,2.781641168289295,,0.008713197048258865,False,False,金属非金属新材料,-14.670000000000002,-0.6705780550897282,22.0,73.9704467353952,0.7,0.0,51.78,Tier2
000970.SZ,000970,中科三环,20000420,,主板,L,275642172.9,-5.681818181818188,金属非金属新材料,有色金属,801051.SI,240000,11.95,159.0905,154.1843,2.2231,1.6587,1452792.2987,1452792.2987,268709878.2,False,0,0,False,False,12.79,11.55,-4.519309778142977,-19.58477508650519,-9.147771696637996,False,-5.681818181818188,-3.057119871279157,17.19,451.03,8272010.98,50.452,,,164100643.05,-15.4078,0.2512,0,1452792.2987,268709878.2,1.0,1.5,PASS,False,0.7857142857142857,17.19,451.03,37.74,-20.55,ESP-Q,159.0905,2.2231,0.2512,9.254828388598021,114.53097142857143,0.0,0.0,11.95,12.79,0,69.0721649484536,,0.25,0,0,5.0,3,-4.460461426017359,False,-4.519309778142977,,-0.03537345092798003,False,False,金属非金属新材料,-20.55,-0.6774205618900202,22.0,27.62164948453608,0.7,0.0,19.34,Other
000973.SZ,000973,佛塑科技,20000525,,主板,L,1486951022.45,-13.111986494091166,塑料,化工,801036.SI,220000,15.3,348.1707,58.3474,4.11,6.8309,3761102.252,1480157.4516,1213244511.2,False,2,0,False,False,22.25,15.43,-9.015910430170882,8.12324929971988,-30.606741573033712,False,-13.111986494091166,-3.057119871279157,466.75,1.02,98241526.24,17.6537,,,319817332.14,-284.9891,9.2228,0,3761102.252,1213244511.2,1.0,1.5,PASS,False,0.7619047619047619,466.75,1.02,-1.1600000000000001,469.07000000000005,ESP-Q,348.1707,4.11,9.2228,0.7459468666309588,196.25642,0.0,0.0,15.3,22.25,0,65.2348224513173,,0.29411764705882354,0,0,5.0,6,-17.252113882626187,False,-9.015910430170882,,-0.04074281500064026,False,False,塑料,469.07000000000005,3.3626644647692645,96.08799339430779,41.28804541425675,0.7,0.0,28.9,Other
000977.SZ,000977,浪潮信息,20000608,,主板,L,6345632206.8,-7.089813647190701,计算机设备,计算机,801101.SI,710000,68.25,41.5371,39.2253,4.5057,3.8737,10022353.1704,10011127.0623,5255993868.200001,False,0,0,False,False,79.49,66.0,-5.554764278592783,4.606404795709107,-16.580701975091195,False,-7.089813647190701,-3.057119871279157,38.22,11.1,590262897.06,97.5846,,,4677049916.5,-1164.2503,2.7455,1,10022353.1704,5255993868.200001,1.0,1.5,PASS,False,0.5476190476190477,38.22,11.1,0.49,38.22,ESP-Q,41.5371,4.5057,2.7455,1.0867896389324962,108.09019285714285,0.0,0.0,68.25,79.49,10,65.2348224513173,,0.26666666666666666,0,0,5.0,5,-4.113623171000224,False,-5.554764278592783,,-0.02503127231927762,False,False,计算机设备,38.22,0.461992390027098,50.0,32.070446735395194,0.7,10.0,12.45,Other
000980.SZ,000980,众泰汽车,20000616,,主板,L,618401484.8,2.521008403361358,汽车零部件,汽车,801093.SI,280000,2.58,,,397.8553,4.6082,1300977.3167,1300965.2433,436799799.79999995,False,3,0,False,False,2.9,2.06,-8.614232209737827,-20.779220779220786,-15.86206896551724,False,2.521008403361358,-3.057119871279157,18.35,74.58,-72750417.76,,,,-728308585.66,,-111.3997,0,1300977.3167,436799799.79999995,1.0,1.5,PASS,False,0.47619047619047616,18.35,74.58,-7.74,33.830000000000005,,,397.8553,-111.3997,,70.26558985507246,0.0,0.0,2.58,2.9,0,93.58533791523482,,0.527027027027027,0,1,40.0,23,0.6536646406229529,False,-8.614232209737827,,-0.0447582067911662,False,False,汽车零部件,33.830000000000005,0.1737327902955839,50.0,58.07560137457044,1.0,0.0,58.08,Tier1
000983.SZ,000983,山西焦煤,20000726,,主板,L,488533116.84999996,-0.4665629860031051,未知,未知,,,6.41,30.3056,27.4102,0.9831,0.7766,3639021.7788,3638999.456,375986190.59999996,True,0,0,False,False,7.33,6.3,-3.759398496240607,-10.739191073919097,-12.68758526603001,False,-0.4665629860031051,-3.057119871279157,-10.88,-56.92,646284123.11,79.9975,,,4424213248.95,41.6109,2.2157,0,3639021.7788,375986190.59999996,1.0,1.5,PASS,False,0.2857142857142857,-10.88,-56.92,2.125,-13.005,ESP-Q,30.3056,0.9831,2.2157,,87.7931712264151,0.0,0.0,6.41,7.33,0,65.2348224513173,,0.6583969465648855,0,1,55.0,158,4.347694105170936,False,-3.759398496240607,,-0.020954281963472755,False,False,独立池,-13.005,0.0,21.92295492130195,51.45503771965558,0.7,0.0,36.02,Other
000987.SZ,000987,越秀资本,20000718,,主板,L,413450304.35,-9.03083700440529,多元金融,非银金融,801191.SI,490000,8.21,11.704,9.9024,1.2371,0.7592,4119065.7513,4115955.9478,296596727.0,False,0,0,False,False,9.31,8.26,-1.1961722488038284,-11.752136752136744,-11.27819548872181,False,-9.03083700440529,-3.057119871279157,62.62,24.19,1064961432.22,82.1199,,,5897040822.32,241.9439,3.8297,0,4119065.7513,296596727.0,1.0,1.5,PASS,False,0.19047619047619047,62.62,24.19,15.68,62.62,,11.704,1.2371,3.8297,0.18690514212711595,47.574976923076925,0.0,0.0,8.21,9.31,0,65.2348224513173,,0.42857142857142855,0,0,5.0,5,-1.2772632547794487,False,-1.1961722488038284,,-0.0007821607381334318,False,False,多元金融,62.62,-0.05683216219059649,32.0,28.470446735395193,1.0,0.0,28.47,Other
000988.SZ,000988,华工科技,20000608,,主板,L,13105052801.199999,32.40454076367389,未知,未知,,,156.31,106.8607,92.4883,13.4477,9.0361,15717012.8131,15708930.8046,16911889735.599998,True,1,1,False,False,170.88,112.56,14.912673533363208,86.79932055326378,-9.901685393258418,False,32.40454076367389,-3.057119871279157,20.51,32.32,372744442.79,58.3816,,,3393704635.47,-146.9649,5.6142,0,15717012.8131,16911889735.599998,1.0,1.5,PASS,False,0.2857142857142857,20.51,32.32,2.125,20.51,ESP-Q,106.8607,13.4477,5.6142,5.210175524134568,87.7931712264151,0.0,0.0,156.31,170.88,0,98.73997709049256,CHASE,0.9618320610687023,1,1,100.0,158,37.218797854847935,True,14.912673533363208,OVERHEAT,-0.008010086606589329,True,True,独立池,20.51,0.0,22.417246872945515,84.10544250173687,0.7,0.0,58.87,Tier2
000990.SZ,000990,诚志股份,20000706,,主板,L,839444770.1999999,-6.912442396313367,化学原料,化工,801033.SI,220000,10.1,,173.4977,0.6839,2.5447,1227389.9104,1227389.0014,403823523.79999995,False,1,0,False,False,13.42,10.07,-9.82142857142857,15.56064073226544,-24.73919523099851,False,-6.912442396313367,-3.057119871279157,227.51,-92.5,234475956.89,100.7098,,,394665780.89,121.9364,1.3064,0,1227389.9104,403823523.79999995,1.0,1.5,PASS,False,0.7142857142857143,227.51,-92.5,6.035,227.51,ESP-Q,,0.6839,1.3064,,92.88029999999999,0.0,0.0,10.1,13.42,0,87.2852233676976,,0.4444444444444444,0,0,5.0,9,-0.17752860320991992,False,-9.82142857142857,,-0.035448332578938355,False,False,化学原料,227.51,0.7602233392289262,50.0,38.68556701030928,0.7,0.0,27.08,Other
000995.SZ,000995,皇台酒业,20000807,,主板,L,244938761.25000003,4.049168474331166,未知,未知,,,13.03,163.6992,394.3519,13.9846,15.0738,231162.624,231162.624,390499927.8,True,0,0,False,False,15.5,12.93,-1.031636863823926,-9.09665192672141,-7.161290322580638,False,4.049168474331166,-3.057119871279157,-261.59,31.51,-4942568.5,,,,-4531584.140000001,,-2.8804,0,231162.624,390499927.8,1.0,1.5,PASS,False,0.2857142857142857,-261.59,31.51,2.125,-263.715,,163.6992,13.9846,-2.8804,,87.7931712264151,0.0,0.0,13.03,15.5,0,12.142038946162657,CAT-0,0.767175572519084,1,1,100.0,158,8.863425565505207,True,-1.031636863823926,,-0.0015528107588261176,False,False,独立池,-263.715,0.0,18.225388601846255,57.28768940421805,0.5,0.0,28.64,Other
000997.SZ,000997,新大陆,20000807,,主板,L,611153954.85,6.821411653244924,计算机设备,计算机,801101.SI,710000,24.81,24.8632,25.6221,3.3345,7.4345,2513495.9271,2499457.1043,824634761.4000001,True,0,0,False,False,23.77,19.6,0.44543429844099425,-12.188473520249222,-5.132519983172057,False,6.821411653244924,-3.057119871279157,-14.88,6.19,287199819.28,102.1618,,,2872432403.0299997,-169.0416,3.798,0,2513495.9271,824634761.4000001,1.0,1.5,PASS,False,0.5476190476190477,-14.88,6.19,0.49,-15.370000000000001,ESP-Q,24.8632,3.3345,3.798,,108.09019285714285,10.0,0.0,24.81,23.77,0,65.2348224513173,,0.8,1,1,100.0,5,9.7976021294354,True,0.44543429844099425,,0.007282283558624872,False,False,计算机设备,-15.370000000000001,-0.34770221161753345,32.0,75.9704467353952,0.7,0.0,63.18,Tier2
002001.SZ,002001,新和成,20040625,,主板,L,1213666030.3500001,-12.656784492588368,化学制品,化工,801034.SI,220000,31.59,14.3534,14.4661,2.7636,0.9183,9708939.0871,9593446.8306,892571772.8000001,False,0,0,False,False,35.6,30.6,-6.925880923450789,3.54849611355188,-13.932584269662929,False,-12.656784492588368,-3.057119871279157,-5.51,15.59,1776158668.57,97.2051,,,17525630197.76,78.5153,5.3791,0,9708939.0871,892571772.8000001,1.0,1.5,PASS,False,0.2619047619047619,-5.51,15.59,5.17,-10.68,,14.3534,2.7636,5.3791,,72.11200512820513,10.0,0.0,31.59,35.6,0,65.2348224513173,,0.2857142857142857,0,0,5.0,15,-11.387390980599655,False,-6.925880923450789,,-0.044754323059992135,False,False,化学制品,-10.68,-0.04594496288244261,32.0,28.470446735395193,1.0,0.0,38.47,Other
600000.SH,600000,浦发银行,19991110,,主板,L,852296455.4499999,-8.847736625514413,未知,未知,,,8.96,5.9664,5.9352,0.3959,0.2973,29842031.1168,29842031.1168,1079847336.2,True,0,0,False,False,9.87,8.85,-2.3153252480705766,-10.505050505050518,-10.233029381965553,False,-8.847736625514413,-3.057119871279157,1.83,13.43,17903000000.0,100.2351,,,136931000000.0,420.9647,2.1641,0,29842031.1168,1079847336.2,1.0,1.5,PASS,False,0.2857142857142857,1.83,13.43,2.125,-0.29499999999999993,,5.9664,0.3959,2.1641,3.260327868852459,87.7931712264151,0.0,0.0,8.96,9.87,0,74.5704467353952,,0.3282442748091603,0,0,5.0,158,-4.033479534340373,False,-2.3153252480705766,,0.003988322846960953,False,False,独立池,-0.29499999999999993,0.0,22.110406829563615,29.293215386531283,1.0,0.0,29.29,Other
600008.SH,600008,首创环保,20000427,,主板,L,242510225.74999997,-0.326797385620925,未知,未知,,,3.06,12.6771,12.4618,1.061,0.9493,2246220.7472,2246220.7472,274669106.0,True,0,0,False,False,3.16,3.01,-0.9740259740259827,-0.326797385620925,-3.4810126582278555,False,-0.326797385620925,-3.057119871279157,8.61,2.68,409721894.04,95.3585,,,4260986117.86,51.2968,1.3881,0,2246220.7472,274669106.0,1.0,1.5,PASS,False,0.2857142857142857,8.61,2.68,2.125,8.61,ESP-Q,12.6771,1.061,1.3881,1.472369337979094,87.7931712264151,0.0,0.0,3.06,3.16,0,65.2348224513173,,0.6679389312977099,0,1,55.0,158,4.487459705553116,False,-0.9740259740259827,,0.004775942900808518,False,False,独立池,8.61,0.0,22.241741152385814,51.51879496587235,0.7,0.0,36.06,Other
600009.SH,600009,上海机场,19980218,,主板,L,261045096.45,-6.603429405326522,未知,未知,,,25.2,29.6231,28.8223,1.454,0.5223,6270548.8608,5156624.3778,291457615.2,False,0,0,False,False,27.78,25.19,-1.8028385116992673,-16.69378457533355,-7.84737221022318,False,-6.603429405326522,-3.057119871279157,8.13,45.76,554408645.96,95.9523,,,5244854216.54,81.4364,1.349,0,6270548.8608,291457615.2,1.0,1.5,PASS,False,0.2857142857142857,8.13,45.76,2.125,8.13,,29.6231,1.454,1.349,3.6436777367773674,87.7931712264151,0.0,0.0,25.2,27.78,0,70.67583046964491,,0.42366412213740456,0,0,5.0,158,-1.7891723141524816,False,-1.8028385116992673,,0.0046138414610048285,False,False,独立池,8.13,0.0,22.234661930043913,28.149681526902253,1.0,0.0,28.15,Other
600010.SH,600010,包钢股份,20010309,,主板,L,2294530493.2500005,-11.49825783972126,未知,未知,,,2.53,306.6737,,2.2206,1.6145,11458020.695,7939341.9666,1579112026.8000002,False,0,0,False,False,2.92,2.53,-4.150943396226414,-4.511278195488721,-13.013698630136982,False,-11.49825783972126,-3.057119871279157,-1349.5352,1043.3136,-482478660.77,,,,208400549.39,,-0.8929,0,11458020.695,1579112026.8000002,1.0,1.5,PASS,False,0.2857142857142857,-1349.5352,1043.3136,2.125,-1351.6602,,306.6737,2.2206,-0.8929,,87.7931712264151,0.0,0.0,2.53,2.92,0,65.2348224513173,,0.22137404580152673,0,0,5.0,158,-6.68400074854722,False,-4.150943396226414,,-0.0008589481776713345,False,False,独立池,-1351.6602,0.0,2.1799595047480302,22.506438636344797,1.0,0.0,22.51,Other
600011.SH,600011,华能国际,20011206,,主板,L,1163489205.6499999,4.2735042735042805,电力,公用事业,801161.SI,410000,7.32,7.9746,8.2546,1.6402,0.9589,11491004.3388,8050323.6607,1262112108.4,True,0,0,False,False,7.9,6.84,-2.7888446215139417,3.82978723404257,-7.3417721518987396,False,4.2735042735042805,-3.057119871279157,-12.04,28.13,4220765364.0,94.1312,,,40548515900.0,162.4617,3.2377,0,11491004.3388,1262112108.4,1.0,1.5,PASS,False,0.21428571428571427,-12.04,28.13,-1.575,-6.02,,7.9746,1.6402,3.2377,,43.696173170731704,10.0,0.0,7.32,7.9,0,69.0721649484536,,0.6428571428571429,0,1,55.0,13,3.3188587269764813,False,-2.7888446215139417,,-0.001954966737565712,False,False,电力,-6.02,-0.21830521378267667,32.0,54.62164948453608,1.0,0.0,64.62,Tier2
600015.SH,600015,华夏银行,20030912,,主板,L,532798989.95,-6.685236768802227,未知,未知,,,6.75,3.9495,3.9605,0.3343,0.4735,10742576.7159,10386376.1885,446376981.2,False,0,0,False,False,7.27,6.52,1.5151515151515138,-0.5934718100890191,-7.8404401650618905,False,-6.685236768802227,-3.057119871279157,1.71,-1.9,4988000000.0,100.0201,,,61260000000.0,-544.2971,1.2513,0,10742576.7159,446376981.2,1.0,1.5,PASS,False,0.2857142857142857,1.71,-1.9,2.125,-0.41500000000000004,ESP-Q,3.9495,0.3343,1.2513,2.3096491228070177,87.7931712264151,0.0,0.0,6.75,7.27,0,74.5704467353952,,0.4179389312977099,0,0,5.0,158,-1.8709796776281866,False,1.5151515151515138,,-0.0029789789662035965,False,False,独立池,-0.41500000000000004,0.0,22.108637023978144,29.292861425414188,0.7,0.0,20.51,Other
600016.SH,600016,民生银行,20001219,,主板,L,614166304.55,-5.6149732620320965,未知,未知,,,3.52,5.0425,5.2536,0.2678,0.4168,15411411.3127,12482667.371,618856347.0,False,0,0,False,False,3.77,3.52,-2.216066481994461,-9.487179487179487,-6.366047745358094,False,-5.6149732620320965,-3.057119871279157,-10.89,-4.19,11519000000.0,100.0434,,,92735000000.0,-2.7436,1.6565,0,15411411.3127,618856347.0,1.0,1.5,PASS,False,0.2857142857142857,-10.89,-4.19,2.125,-13.015,ESP-Q,5.0425,0.2678,1.6565,,87.7931712264151,0.0,0.0,3.52,3.77,0,74.5704467353952,,0.46564885496183206,0,0,5.0,158,-0.8007161708580561,False,-2.216066481994461,,0.03263161060183243,False,False,独立池,-13.015,0.0,21.92280743750316,29.255695508119192,0.7,0.0,20.48,Other
600019.SH,600019,宝钢股份,20001212,,主板,L,631267233.5499997,-6.0126582278481,未知,未知,,,5.9,12.4221,12.6789,0.6169,0.3493,12851430.0019,12851430.0019,624105044.4,False,0,0,False,False,6.55,5.93,-4.501607717041789,-15.26390870185449,-9.31297709923663,False,-6.0126582278481,-3.057119871279157,-8.6,44.75,2193000000.0,98.5821,,,24871000000.0,137.1436,1.0734,0,12851430.0019,624105044.4,1.0,1.5,PASS,False,0.2857142857142857,-8.6,44.75,2.125,-10.725,,12.4221,0.6169,1.0734,,87.7931712264151,0.0,0.0,5.9,6.55,0,65.2348224513173,,0.4484732824427481,0,0,5.0,158,-1.1984011366740592,False,-4.501607717041789,,0.012987749035719798,False,False,独立池,-10.725,0.0,21.956581227425996,26.46176298088039,1.0,0.0,26.46,Other
600021.SH,600021,上海电力,20031029,,主板,L,1110642274.7,-0.4437049362174261,电力,公用事业,801161.SI,410000,17.6,17.9425,19.8179,2.3867,2.3806,4965373.5032,4965373.5032,1844747479.8000002,True,1,1,False,False,19.68,16.56,5.962219598583229,-13.117134559535337,-8.790650406504064,False,-0.4437049362174261,-3.057119871279157,-36.57,36.93,512212317.74,90.3246,,,7834404814.049999,230.6085,1.6539,0,4965373.5032,1844747479.8000002,1.0,1.5,PASS,False,0.21428571428571427,-36.57,36.93,-1.575,-18.285,,17.9425,2.3867,1.6539,,43.696173170731704,0.0,0.0,17.6,19.68,0,69.0721649484536,,0.42857142857142855,0,1,55.0,13,-1.3983504827452253,False,5.962219598583229,,0.019237283648098107,False,False,电力,-18.285,-0.5648921784609723,22.0,52.62164948453608,1.0,0.0,52.62,Tier2
600026.SH,600026,中远海能,20020523,,主板,L,1544191600.3500001,1.0272443054935243,未知,未知,,,22.8,30.8639,22.6438,2.5844,1.5688,12460703.5129,8714156.8468,1322190756.6,False,0,0,False,False,23.85,20.6,3.429355281207136,21.286863270777488,-5.157232704402515,False,1.0272443054935243,-3.057119871279157,189.42,-15.99,2049732271.52,94.3137,,,7875883834.42,127.4768,4.5938,0,12460703.5129,1322190756.6,1.0,1.5,PASS,False,0.2857142857142857,189.42,-15.99,2.125,189.42,ESP-Q,30.8639,2.5844,4.5938,0.1629389715975082,87.7931712264151,0.0,0.0,22.8,23.85,0,83.8487972508591,,0.7080152671755725,1,1,75.0,158,5.841501396667565,True,3.429355281207136,,-0.0024283793955647242,False,False,独立池,189.42,0.0,24.908395718301755,67.63631831891809,0.7,0.0,47.35,Other
600028.SH,600028,中国石化,20010808,,主板,L,1577489263.6000001,-8.545454545454545,未知,未知,,,4.96,18.856,16.8713,0.7199,0.2757,59979055.0541,46997227.786,1101091474.6,False,0,0,False,False,5.54,5.02,-1.9493177387914118,-23.556231003039507,-9.205776173285196,False,-8.545454545454545,-3.057119871279157,29.2,-38.6,17087000000.0,100.4763,,,98383000000.0,-22.6137,2.0447,0,59979055.0541,1101091474.6,1.0,1.5,PASS,False,0.2857142857142857,29.2,-38.6,2.125,29.2,ESP-Q,18.856,0.7199,2.0447,0.6457534246575343,87.7931712264151,0.0,0.0,4.96,5.54,0,65.2348224513173,,0.3416030534351145,0,0,5.0,158,-3.7311974542805046,False,-1.9493177387914118,,0.0077333143341521355,False,False,独立池,29.2,0.0,22.545410294093735,26.57952879421394,0.7,0.0,18.61,Other
600029.SH,600029,南方航空,20030725,,主板,L,667228919.7,-7.09342560553633,未知,未知,,,5.29,111.8552,31.0729,2.5865,0.7114,9585992.0191,7129317.4432,601068449.4,True,0,0,False,False,5.83,5.19,0.0,-28.016085790884716,-7.8902229845626115,False,-7.09342560553633,-3.057119871279157,189.9138,103.6727,1043000000.0,70.4254,,,578000000.0,193.3068,4.0776,0,9585992.0191,601068449.4,1.0,1.5,PASS,False,0.2857142857142857,189.9138,103.6727,2.125,189.9138,ESP-Q,111.8552,2.5865,4.0776,0.5889787893244197,87.7931712264151,0.0,0.0,5.29,5.83,0,65.2348224513173,,0.40076335877862596,0,0,5.0,158,-2.27916851436229,False,0.0,,0.009893647723252219,False,False,独立池,189.9138,0.0,24.915678468285986,27.053582429052387,0.7,0.0,18.94,Other
600030.SH,600030,中信证券,20030106,,主板,L,3970221760.4,-0.3041825095057127,证券,非银金融,801193.SI,490000,25.87,12.7479,11.3612,1.3152,1.1587,38340754.6466,31500737.3697,3464345979.2000003,True,0,0,False,False,27.84,25.88,-0.49335863377609757,-5.103148751357223,-5.818965517241381,False,-0.3041825095057127,-3.057119871279157,56.97,40.5,10202684596.22,99.8684,,,77076952657.20999,568.5353,3.1218,0,38340754.6466,3464345979.2000003,1.0,1.5,PASS,False,0.07142857142857142,56.97,40.5,30.57,56.97,ESP-Q,12.7479,1.3152,3.1218,0.22376513954713007,30.16254222222222,10.0,0.0,25.87,27.84,0,65.2348224513173,,0.7333333333333333,1,1,100.0,14,2.0128906612259856,False,-0.49335863377609757,,0.008366697697225705,False,False,证券,56.97,0.6871778832160813,50.0,79.5704467353952,0.7,0.0,65.7,Tier1
600036.SH,600036,招商银行,20020409,,主板,L,3408601788.1000004,-6.822172059192377,未知,未知,,,37.02,6.2168,6.1934,0.8245,0.3866,93363868.4149,76368352.2762,2746326786.7999997,False,0,0,False,False,40.15,37.11,-1.3280212483399723,-4.596815613764759,-7.471980074719797,False,-6.822172059192377,-3.057119871279157,1.77,1.35,37795000000.0,99.8494,,,301492000000.0,281.762,2.9627,0,93363868.4149,2746326786.7999997,1.0,1.5,PASS,False,0.2857142857142857,1.77,1.35,2.125,-0.355,,6.2168,0.8245,2.9627,3.512316384180791,87.7931712264151,10.0,0.0,37.02,40.15,0,74.5704467353952,,0.41603053435114506,0,0,5.0,158,-2.007914968018337,False,-1.3280212483399723,,0.0010620938181508566,False,False,独立池,-0.355,0.0,22.109521926770878,29.293038405972734,1.0,0.0,39.29,Other
600037.SH,600037,歌华有线,20010208,,主板,L,162774669.85000002,-0.7832898172323799,未知,未知,,,7.59,307.8588,156.4057,0.8269,1.6358,1056359.414,1056359.414,181239182.8,False,0,0,False,False,8.29,7.39,-2.813299232736577,-4.881101376720909,-8.323281061519893,False,-0.7832898172323799,-3.057119871279157,2370.1461,31.2053,65394532.47,96.7702,,,-28124129.980000008,54.2571,0.5304,0,1056359.414,181239182.8,1.0,1.5,PASS,False,0.2857142857142857,2370.1461,31.2053,2.125,2370.1461,,307.8588,0.8269,0.5304,0.12989022069145864,87.7931712264151,0.0,0.0,7.59,8.29,0,65.2348224513173,,0.6507633587786259,0,1,40.0,158,4.030967273941661,False,-2.813299232736577,,0.0018825024051066339,False,False,独立池,1890.732584000006,0.0,50.0,49.570446735395194,1.0,0.0,49.57,Other
600038.SH,600038,中直股份,20001218,,主板,L,237060276.20000002,-15.323294951284316,航空装备,国防军工,801742.SI,650000,28.08,35.318,47.2022,1.3068,1.6896,2302260.1421,1878370.1006,216080420.40000004,False,0,0,False,False,34.27,28.6,-5.033112582781452,-25.58380902957965,-16.311642836299978,False,-15.323294951284316,-3.057119871279157,-92.01,16.34,15248478.99,40.2827,,,1064800052.83,16027.7808,0.2151,0,2302260.1421,216080420.40000004,1.0,1.5,PASS,False,0.5238095238095238,-92.01,16.34,-13.16,-46.005,ESP-Q,35.318,1.3068,0.2151,,161.41275,0.0,0.0,28.08,34.27,0,62.42840778923253,,0.125,0,0,5.0,5,-8.22979058882225,False,-5.033112582781452,,-0.0019040443843879118,False,False,航空装备,-46.005,-0.15619224626922068,32.0,27.628522336769755,0.7,0.0,19.34,Other
600039.SH,600039,四川路桥,20030325,,主板,L,361830508.8,-19.03807615230462,基础建设,建筑装饰,801723.SI,620000,8.1,9.6527,10.0362,1.3309,0.5015,7043428.4225,7043428.4225,322121635.6,False,0,0,False,False,10.28,7.75,1.5075376884422065,-16.528925619834713,-21.400778210116723,False,-19.03807615230462,-3.057119871279157,-15.53,12.75,1500366886.74,100.3338,,,13873000652.439999,-175.8038,2.7967,0,7043428.4225,322121635.6,1.0,1.5,PASS,False,0.047619047619047616,-15.53,12.75,-15.53,-7.765,ESP-Q,9.6527,1.3309,2.7967,,59.53485,0.0,0.0,8.1,10.28,0,65.2348224513173,,0.058823529411764705,0,0,5.0,6,-12.216595745918559,False,1.5075376884422065,,-0.006971971453279113,False,False,基础建设,-7.765,-0.3850738898317099,32.0,28.470446735395193,0.7,0.0,19.93,Other
600050.SH,600050,中国联通,20021009,,主板,L,1361184009.1499999,-2.3605150214592308,通信运营,通信,801223.SI,730000,4.46,15.2782,16.1054,0.8168,1.2659,13943933.6958,13821722.4818,2245545942.6000004,True,0,0,False,False,5.11,4.44,-2.3605150214592308,-6.185567010309279,-10.958904109589051,False,-2.3605150214592308,-3.057119871279157,-17.5,14.7,1875002938.0,87.7432,,,22764054849.0,128.4865,1.2596,0,13943933.6958,2245545942.6000004,1.0,1.5,PASS,False,1.0,-17.5,14.7,-1.705,-8.75,,15.2782,0.8168,1.2596,,167.5491125,0.0,0.0,4.46,5.11,0,88.88888888888889,,0.38461538461538464,0,0,5.0,4,-2.4536248911054215,False,-2.3605150214592308,,-0.0017363849261740193,False,False,通信运营,-8.75,0.07173291952312422,50.0,39.166666666666664,1.0,0.0,39.17,Other
600052.SH,600052,东望时代,19970415,,主板,L,227927820.10000005,20.105820105820115,电力,公用事业,801161.SI,410000,4.55,,,1.7789,2.4675,384108.6072,384108.6072,139789396.79999998,True,3,0,False,False,4.9,3.72,3.89016018306636,-0.219780219780219,-7.346938775510214,False,20.105820105820115,-3.057119871279157,-28.7031,-62.8581,-14074679.15,,,,-334314557.2,,-0.8988,0,384108.6072,139789396.79999998,1.0,1.5,PASS,False,0.21428571428571427,-28.7031,-62.8581,-1.575,-14.35155,,,1.7789,-0.8988,,43.696173170731704,0.0,0.0,4.55,4.9,0,58.6483390607102,,0.9523809523809523,1,1,100.0,13,19.151174559292315,True,3.89016018306636,,0.003319455600075801,True,False,电力,-14.35155,-0.45373991623399784,32.0,73.99450171821306,1.0,0.0,73.99,Tier2
600061.SH,600061,国投资本,19970519,,主板,L,309009701.95,-4.585798816568043,证券,非银金融,801193.SI,490000,6.35,12.3812,12.0654,0.7329,0.6619,4060180.8852,4060180.8852,259223863.6,True,0,0,False,False,6.88,6.31,-0.7692307692307665,-14.795244385733152,-6.25,False,-4.585798816568043,-3.057119871279157,29.85,24.19,873778330.97,114.1308,,,8639467062.51,1195.3412,1.3433,0,4060180.8852,259223863.6,1.0,1.5,PASS,False,0.07142857142857142,29.85,24.19,30.57,-0.7199999999999989,,12.3812,0.7329,1.3433,0.4147805695142378,30.16254222222222,0.0,0.0,6.35,6.88,0,65.2348224513173,,0.28888888888888886,0,0,5.0,14,-2.2687256458363447,False,-0.7692307692307665,,0.004613043243048553,False,False,证券,-0.7199999999999989,-0.0976582131328764,32.0,28.470446735395193,1.0,0.0,28.47,Other
600063.SH,600063,XD皖维高,19970528,,主板,L,263307562.15,-15.504978662873391,化学纤维,化工,801032.SI,220000,6.38,30.4172,29.1766,1.5674,3.2681,1320089.9145,1320089.9145,233307841.60000002,False,0,0,False,False,7.22,5.9,-8.75576036866359,-16.690042075736322,-17.728531855955676,False,-15.504978662873391,-3.057119871279157,6.31,15.89,124460316.72,91.4245,,,1105091451.3700001,222.9538,1.6159,0,1320089.9145,233307841.60000002,1.0,1.5,PASS,False,0.4523809523809524,6.31,15.89,16.295,-9.985000000000003,,30.4172,1.5674,1.6159,4.820475435816165,154.65064285714286,0.0,0.0,6.38,7.22,0,65.2348224513173,,0.14285714285714285,0,0,5.0,3,-6.266526727792243,False,-8.75576036866359,,0.0038291710395645818,False,False,化学纤维,-9.985000000000003,0.2907146445433639,50.0,32.070446735395194,1.0,0.0,32.07,Other
600064.SH,600064,南京高科,19970506,,主板,L,167743260.4,-13.752913752913754,房地产开发,房地产,801181.SI,430000,7.39,6.9867,7.2446,0.6476,1.1736,1278720.9969,1278720.9969,159729686.8,False,0,0,False,False,8.75,7.39,-5.2496798975672165,-16.5727170236753,-15.428571428571425,False,-13.752913752913754,-3.057119871279157,-5.93,-14.94,692606157.17,110.4691,,,5361860187.110001,28.1095,3.228,0,1278720.9969,159729686.8,1.0,1.5,PASS,False,0.6666666666666666,-5.93,-14.94,-25.055,-2.965,,6.9867,0.6476,3.228,,71.32621,10.0,0.0,7.39,8.75,0,65.2348224513173,,0.07692307692307693,0,0,5.0,8,-12.345705480497093,False,-5.2496798975672165,,0.04031263919945657,False,False,房地产开发,-2.965,-0.06473490631463608,32.0,28.470446735395193,1.0,0.0,38.47,Other
600066.SH,600066,宇通客车,19970508,,主板,L,644221026.3,-12.956354652758717,未知,未知,,,31.55,12.5754,12.7961,5.9209,0.3917,6984978.2486,6984978.2486,435614101.99999994,True,0,0,False,False,37.72,31.41,-3.2936870997255174,-1.582867783985098,-15.933191940615055,False,-12.956354652758717,-3.057119871279157,-5.42,32.05,607463526.86,92.1511,,,9353849915.89,506.4728,4.1424,0,6984978.2486,435614101.99999994,1.0,1.5,PASS,False,0.2857142857142857,-5.42,32.05,2.125,-7.545,,12.5754,5.9209,4.1424,,87.7931712264151,10.0,0.0,31.55,37.72,0,67.58304696449026,,0.17557251908396945,0,0,5.0,158,-8.142097561584677,False,-3.2936870997255174,,0.0016124204966541885,False,False,独立池,-7.545,0.0,22.00348107544111,27.1756103044353,1.0,0.0,37.18,Other
600072.SH,600072,中船科技,19970603,,主板,L,620583049.5,-9.999999999999998,未知,未知,,,12.52,,,2.4701,2.53,1878813.4357,1356338.3196,458922413.00000006,True,0,0,False,False,14.51,12.33,-3.8167938931297662,-5.899925317401056,-13.163335630599594,False,-9.999999999999998,-3.057119871279157,35.1923,-7195.9211,-202243552.99,,,,-5685848366.76,,-2.5651,0,1878813.4357,458922413.00000006,1.0,1.5,PASS,False,0.2857142857142857,35.1923,-7195.9211,2.125,35.1923,ESP-Q,,2.4701,-2.5651,,87.7931712264151,0.0,0.0,12.52,14.51,0,65.2348224513173,,0.28435114503816794,0,0,5.0,158,-5.185742908825958,False,-3.8167938931297662,,0.004308243679378015,False,False,独立池,35.1923,0.0,22.633787010842465,26.597204137563683,0.7,0.0,18.62,Other
600075.SH,600075,新疆天业,19970617,,主板,L,173742005.55000007,-10.29411764705882,化学原料,化工,801033.SI,220000,5.39,,,1.0423,0.8273,920502.0952,920502.0952,136233623.6,True,0,0,False,False,7.1,5.44,-12.995245641838338,-17.06948640483383,-22.67605633802816,False,-10.29411764705882,-3.057119871279157,-203.75,-17.75,-64676284.86,,,,-212967903.7,,-0.6433,0,920502.0952,136233623.6,1.0,1.5,PASS,False,0.7142857142857143,-203.75,-17.75,6.035,-209.785,,,1.0423,-0.6433,,92.88029999999999,0.0,0.0,5.39,7.1,0,65.2348224513173,,0.2962962962962963,0,0,5.0,9,-3.559203853955373,False,-12.995245641838338,,-0.009313252425008054,False,False,化学原料,-209.785,-0.5948618504052224,22.0,26.470446735395193,1.0,0.0,26.47,Other
600076.SH,600076,康欣新材,19970526,,主板,L,262346064.19999996,18.89534883720929,包装印刷,轻工制造,801141.SI,360000,3.96,,,1.4957,7.186,532439.1733,532439.1733,447799676.40000004,True,3,3,False,True,4.66,3.24,-4.439252336448607,4.603580562659837,-12.231759656652363,False,18.89534883720929,-3.057119871279157,-12.0639,-12.2925,-52675151.57,,,,-764649154.66,,-1.4471,0,532439.1733,447799676.40000004,1.0,1.5,PASS,False,0.8571428571428571,-12.0639,-12.2925,-1.67,-6.03195,,,1.4957,-1.4471,,117.94202,0.0,0.0,3.96,4.66,0,65.2348224513173,,0.8571428571428571,1,1,100.0,5,23.456086441959034,True,-4.439252336448607,突破型,0.007705208387627253,True,False,包装印刷,-6.03195,-0.39808279993275597,32.0,75.9704467353952,1.0,0.0,75.97,Tier2
600078.SH,600078,澄星股份,19970627,,主板,L,726787903.2500001,16.449511400651474,未知,未知,,,14.53,1160.7589,136.6286,5.7707,5.9572,983409.087,962718.367,886428960.4,True,2,2,False,False,16.88,12.0,-7.563025210084029,16.830065359477132,-15.284360189573453,False,16.449511400651474,-3.057119871279157,175.03,75.29,27126613.31,98.3441,,,-85148885.07,41.6522,1.6347,0,983409.087,886428960.4,1.0,1.5,PASS,False,0.2857142857142857,175.03,75.29,2.125,175.03,|VAL-X,1160.7589,5.7707,1.6347,6.631771124950009,87.7931712264151,0.0,15.0,14.53,16.88,0,65.2348224513173,,0.8931297709923665,1,1,100.0,158,21.263768491825516,True,-7.563025210084029,,-0.011973594258018281,True,False,独立池,175.03,0.0,24.696166531843424,74.50968004176387,1.0,15.0,59.51,Tier2
600089.SH,600089,特变电工,19970618,,主板,L,4948838863.950001,-5.952813067150641,未知,未知,,,26.02,22.0805,21.3132,1.8271,1.8149,13147366.2697,13147366.2697,3897346513.8,False,0,0,False,False,29.67,25.85,-3.751857355126309,-13.28647925033467,-12.672733400741498,False,-5.952813067150641,-3.057119871279157,-3.77,15.64,1460823600.0,80.507,,,12652825800.0,20.6584,2.4026,0,13147366.2697,3897346513.8,1.0,1.5,PASS,False,0.2857142857142857,-3.77,15.64,2.125,-5.895,,22.0805,1.8271,2.4026,,87.7931712264151,0.0,0.0,26.02,29.67,0,69.0721649484536,,0.45229007633587787,0,0,5.0,158,-1.138555975976601,False,-3.751857355126309,,-0.0073316831561208275,False,False,独立池,-5.895,0.0,22.027815902241404,27.627212664984363,1.0,0.0,27.63,Other
600095.SH,600095,湘财股份,19970708,,主板,L,278806830.15,-5.844845908607876,证券,非银金融,801193.SI,490000,9.05,55.7514,58.9345,2.1033,1.5259,2587564.9074,2587564.9074,302879282.8,True,0,0,False,False,9.69,8.23,0.9111617312072884,-16.65098777046097,-8.5655314757482,False,-5.844845908607876,-3.057119871279157,-51.92,80.81,24026067.82,99.6922,,,951335553.55,5544.7993,0.1962,0,2587564.9074,302879282.8,1.0,1.5,PASS,False,0.07142857142857142,-51.92,80.81,30.57,-82.49000000000001,,55.7514,2.1033,0.1962,,30.16254222222222,0.0,0.0,9.05,9.69,0,58.6483390607102,,0.15555555555555556,0,0,5.0,14,-3.527772737876178,False,0.9111617312072884,,0.0005025736001314085,False,False,证券,-82.49000000000001,-1.210087535345639,22.0,24.49450171821306,1.0,0.0,24.49,Other
600096.SH,600096,云天化,19970709,,主板,L,1827304102.7,-7.090320682553708,未知,未知,,,32.16,11.3706,11.0796,2.4566,1.8423,5862738.1909,5862738.1909,1174808256.0,True,0,0,False,False,36.86,30.8,-2.3802163833075873,-19.766260162601633,-14.324470971242542,False,-7.090320682553708,-3.057119871279157,9.54,-3.6,1392395551.77,97.7279,,,13714067044.2,130.2106,5.6276,0,5862738.1909,1174808256.0,1.0,1.5,PASS,False,0.2857142857142857,9.54,-3.6,2.125,9.54,ESP-Q,11.3706,2.4566,5.6276,1.1918867924528302,87.7931712264151,10.0,0.0,32.16,36.86,0,65.2348224513173,,0.4026717557251908,0,0,5.0,158,-2.2760635913796676,False,-2.3802163833075873,,-0.005850735647292656,False,False,独立池,9.54,0.0,22.25545714567325,26.52153816452984,0.7,0.0,28.57,Other
600098.SH,600098,广州发展,19970718,,主板,L,292230566.05,1.5536723163841915,电力,公用事业,801161.SI,410000,7.2,10.8829,10.5064,0.9085,0.7573,2524222.7863,2524222.7863,320945073.0,True,0,0,False,False,7.71,6.9,-0.6906077348066253,1.5536723163841915,-6.744487678339817,False,1.5536723163841915,-3.057119871279157,-42.85,-35.28,248732586.73,46.4523,,,2569610361.7400002,85.7123,1.9479,0,2524222.7863,320945073.0,1.0,1.5,PASS,False,0.21428571428571427,-42.85,-35.28,-1.575,-21.425,ESP-Q,10.8829,0.9085,1.9479,,43.696173170731704,0.0,0.0,7.2,7.71,0,81.78694158075601,,0.5238095238095238,0,1,55.0,13,0.5990267698563922,False,-0.6906077348066253,,0.010816784718946556,False,False,电力,-21.425,-0.6536229627324642,22.0,56.4360824742268,0.7,0.0,39.51,Other
600100.SH,600100,同方股份,19970627,,主板,L,496004690.40000004,-2.9761904761904767,计算机设备,计算机,801101.SI,710000,8.26,55.9053,46.1894,1.7451,1.3446,2767345.9109,2767345.9109,437710783.0,False,0,0,False,False,9.36,7.75,-3.7780401416765086,-12.553648068669531,-12.927350427350415,False,-2.9761904761904767,-3.057119871279157,,129.8664,,,,,234680558.44,,,0,2767345.9109,437710783.0,1.0,1.5,PASS,False,0.5476190476190477,,129.8664,0.49,0.0,DATA-INC,55.9053,1.7451,,,108.09019285714285,0.0,0.0,8.26,9.36,0,82.58877434135165,,0.5333333333333333,0,0,5.0,5,0.0,False,-3.7780401416765086,,0.006960207437933664,False,False,计算机设备,0.0,-0.11547593755002113,32.0,33.676632302405494,1.0,0.0,33.68,Other
600101.SH,600101,明星电力,19970627,,主板,L,286264305.04999995,-2.6584867075664653,电力,公用事业,801161.SI,410000,9.66,28.7392,28.7205,1.6755,2.6162,529235.147,529235.147,293022192.0,False,0,0,False,False,10.65,9.41,-4.609218436873752,-8.9866156787763,-10.610328638497657,False,-2.6584867075664653,-3.057119871279157,-1.47,-2.44,71251573.71,97.7505,,,500549486.24,147.1922,2.3349,0,529235.147,293022192.0,1.0,1.5,PASS,False,0.21428571428571427,-1.47,-2.44,-1.575,-0.735,,28.7392,1.6755,2.3349,,43.696173170731704,0.0,0.0,9.66,10.65,0,75.83046964490264,,0.23809523809523808,0,0,5.0,13,-3.6131322540942645,False,-4.609218436873752,,-0.0038344139933285328,False,False,电力,-0.735,-0.06896056573336624,32.0,31.649140893470793,1.0,0.0,31.65,Other
600104.SH,600104,上汽集团,19971125,,主板,L,532137493.45000005,-10.404624277456643,未知,未知,,,12.48,14.1959,14.1919,0.4774,0.3254,14346106.325,14346106.325,524526805.1999999,True,0,0,False,False,13.99,12.35,-4.173106646058722,-14.00832177531206,-11.365260900643314,False,-10.404624277456643,-3.057119871279157,-2.6,,2775566634.42,91.7234,,,15328813610.55,591.9298,1.0098,0,14346106.325,524526805.1999999,1.0,1.5,PASS,False,0.2857142857142857,-2.6,,2.125,-4.725,,14.1959,0.4774,1.0098,,87.7931712264151,0.0,0.0,12.48,13.99,0,62.42840778923253,,0.26717557251908397,0,0,5.0,158,-5.590367186282602,False,-4.173106646058722,,0.005002571767090787,False,False,独立池,-4.725,0.0,22.045071506699795,25.637536638109715,1.0,0.0,25.64,Other
600105.SH,600105,永鼎股份,19970929,,主板,L,7745132069.049999,11.83860835950712,通信设备,通信,801102.SI,730000,47.31,296.04,673.5375,20.8447,6.1246,6916697.4083,6916697.4083,6346542168.0,False,1,0,False,False,56.39,39.95,-10.116504854368936,66.57070888808924,-17.910977123603477,False,11.83860835950712,-3.057119871279157,-44.66,398.61,160776201.2,101.2278,,,1024420700.3899999,167.9201,4.8904,0,6916697.4083,6346542168.0,1.0,1.5,PASS,False,0.9523809523809523,-44.66,398.61,15.0872,-59.74719999999999,,296.04,20.8447,4.8904,,156.39837500000002,0.0,0.0,47.31,56.39,0,65.2348224513173,,0.625,0,1,40.0,8,10.996756802918645,True,-10.116504854368936,,-0.01651315247486798,False,False,通信设备,-59.74719999999999,-0.3070076691121065,32.0,45.97044673539519,1.0,0.0,45.97,Other
600109.SH,600109,国金证券,19970807,,主板,L,318173423.7,2.8037383177570208,证券,非银金融,801193.SI,490000,8.74,14.2233,13.5695,0.8967,0.8693,3238488.9313,3238488.9313,277330934.0,False,0,0,False,False,9.34,8.51,-0.6772009029345272,-3.50877192982455,-5.781584582441102,False,2.8037383177570208,-3.057119871279157,14.94,36.45,668216238.71,96.5164,,,2853694281.19,1954.1334,1.9343,0,3238488.9313,277330934.0,1.0,1.5,PASS,False,0.07142857142857142,14.94,36.45,30.57,-15.63,,14.2233,0.8967,1.9343,0.9520281124497992,30.16254222222222,0.0,0.0,8.74,9.34,0,65.2348224513173,,0.8666666666666667,1,1,85.0,14,5.1208114884887195,True,-0.6772009029345272,,0.0022885102168764665,False,False,证券,-15.63,-0.30049936751947653,32.0,68.4704467353952,1.0,0.0,68.47,Tier2
600110.SH,600110,诺德股份,19971007,,主板,L,1781175831.8,-7.007007007007015,未知,未知,,,9.98,,,3.0708,7.1478,1731710.5701,1731710.5701,1072439081.5999999,False,0,0,False,False,11.99,8.63,-8.11078140454995,25.033647375504707,-22.518765638031702,False,-7.007007007007015,-3.057119871279157,149.37,51.58,21730333.02,54.2043,,,-372666065.35,536.4363,0.7113,0,1731710.5701,1072439081.5999999,1.0,1.5,PASS,False,0.2857142857142857,149.37,51.58,2.125,149.37,ESP-Q,,3.0708,0.7113,,87.7931712264151,0.0,0.0,9.98,11.99,0,91.86712485681558,,0.4064885496183206,0,0,5.0,158,-2.192749915832975,False,-8.11078140454995,,-0.015343634495236437,False,False,独立池,149.37,0.0,24.31772310414914,34.9236820778745,0.7,0.0,24.45,Other
600111.SH,600111,北方稀土,19970924,,主板,L,7837865967.749998,0.2371541501976271,稀有金属,有色金属,801054.SI,240000,51.09,82.0397,67.4462,7.2193,2.2862,18469371.3868,18469371.3868,6999873530.999998,True,1,0,False,False,57.96,46.28,-5.6898475269616995,-7.681106661812887,-12.491373360938585,False,0.2371541501976271,-3.057119871279157,103.21,128.1,883396367.47,96.2577,,,5198186981.07,-21.4898,3.6531,0,18469371.3868,6999873530.999998,1.0,1.5,PASS,False,0.8809523809523809,103.21,128.1,52.894999999999996,103.21,ESP-Q,82.0397,7.2193,3.6531,0.7948813099505861,107.82666666666667,0.0,0.0,51.09,57.96,0,65.2348224513173,,0.9375,1,1,100.0,5,8.694138604423962,True,-5.6898475269616995,,-0.006438229408243529,False,False,稀有金属,103.21,0.04130951151837031,50.0,79.5704467353952,0.7,0.0,55.7,Tier1
600113.SH,600113,浙江东日,19971021,,主板,L,263807304.60000002,-17.18681318681319,一般零售,商业贸易,801203.SI,450000,39.12,114.3691,117.2301,6.5738,2.3838,1647643.0939,1609518.6979,215831257.4,False,1,0,False,False,53.56,37.59,-12.126865671641795,-36.16805014399458,-29.648991784914113,False,-17.18681318681319,-3.057119871279157,-12.0,10.3,20946847.63,96.4658,,,322717203.47,296.4305,0.8492,0,1647643.0939,215831257.4,1.0,1.5,PASS,False,0.5,-12.0,10.3,-2.72,-6.0,,114.3691,6.5738,0.8492,,294.39719,0.0,0.0,39.12,53.56,0,65.2348224513173,,0.11764705882352941,0,0,5.0,6,-7.270846800258569,False,-12.126865671641795,,-0.048381035550094265,False,False,一般零售,-6.0,-0.1344405453726669,32.0,28.470446735395193,1.0,0.0,28.47,Other
600114.SH,600114,东睦股份,20040511,,主板,L,755904768.75,8.302354399008681,通用机械,机械设备,801072.SI,640000,37.75,44.4869,43.3403,6.6874,7.7952,2383472.6257,2326847.6257,1041854428.9999999,True,0,0,False,False,36.51,31.09,4.7647587653581125,3.340230564587654,-4.2454122158312675,False,8.302354399008681,-3.057119871279157,11.31,37.09,117235128.97,93.1382,,,1288199032.8600001,151.1975,3.6135,0,2383472.6257,1041854428.9999999,1.0,1.5,PASS,False,0.5952380952380952,11.31,37.09,-0.595,12.500000000000002,,44.4869,6.6874,3.6135,3.93341290893015,108.90780749999999,0.0,0.0,37.75,36.51,0,88.31615120274914,,0.5918367346938775,0,1,55.0,15,6.201897778004105,True,4.7647587653581125,,-0.007289644756255085,False,False,通用机械,12.500000000000002,0.19693886494995388,50.0,63.99484536082474,1.0,0.0,63.99,Tier1
600115.SH,600115,中国东航,19971105,,主板,L,898431236.1999999,-9.071274298056153,未知,未知,,,4.14,,91.9027,6.4849,1.1019,9144322.9814,7048335.4657,946198790.4,True,0,0,False,False,4.7,3.99,1.937046004842613,-27.41379310344827,-10.425531914893627,False,-9.071274298056153,-3.057119871279157,219.3345,40.8188,1327000000.0,81.2615,,,-1976000000.0,216.8758,4.2361,0,9144322.9814,946198790.4,1.0,1.5,PASS,False,0.2857142857142857,219.3345,40.8188,2.125,219.3345,,,6.4849,4.2361,,87.7931712264151,0.0,0.0,4.14,4.7,0,70.67583046964491,,0.32061068702290074,0,0,5.0,158,-4.257017206882113,False,1.937046004842613,,0.00502655193913178,False,False,独立池,219.3345,0.0,25.3495861281911,28.77266636653169,1.0,0.0,28.77,Other
600120.SH,600120,浙江东方,19971201,,主板,L,317564367.09999996,-11.964285714285715,多元金融,非银金融,801191.SI,490000,5.12,18.7091,18.8825,1.0659,1.8215,1748675.3239,1748675.3239,206085642.4,False,0,0,False,False,6.02,4.9,-4.085603112840463,-23.91975308641976,-18.106312292358805,False,-11.964285714285715,-3.057119871279157,-4.72,204.0,140701328.44,92.0702,,,1324183802.23,36.0429,0.8757,0,1748675.3239,206085642.4,1.0,1.5,PASS,False,0.19047619047619047,-4.72,204.0,15.68,-20.4,,18.7091,1.0659,0.8757,,47.574976923076925,0.0,0.0,5.12,6.02,0,88.88888888888889,,0.21428571428571427,0,0,5.0,5,-4.210711964659874,False,-4.085603112840463,,0.0017863317965918027,False,False,多元金融,-20.4,-0.6843724003711624,22.0,33.56666666666666,1.0,0.0,33.57,Other
600121.SH,600121,郑州煤电,19980107,,主板,L,204749824.2,-3.8277511961722577,未知,未知,,,4.11,,,6.8051,2.7491,500767.3476,500767.3476,242055273.60000002,True,0,0,False,False,4.42,3.89,-2.6634382566586012,-10.06711409395974,-9.04977375565612,False,-3.8277511961722577,-3.057119871279157,-201.4342,-2811.46,-195834978.74,,,,-1734720818.16,,-23.3647,0,500767.3476,242055273.60000002,1.0,1.5,PASS,False,0.2857142857142857,-201.4342,-2811.46,2.125,-203.5592,,,6.8051,-23.3647,,87.7931712264151,0.0,0.0,4.11,4.42,0,96.79266895761741,,0.5477099236641222,0,0,5.0,158,0.9865058950017827,False,-2.6634382566586012,,0.006161492255078058,False,False,独立池,-203.5592,0.0,19.112589192169388,35.360318525719094,1.0,0.0,35.36,Other
600123.SH,600123,兰花科创,19981217,,主板,L,237661750.14999998,-1.2598425196850394,未知,未知,,,6.25,,,0.6092,1.2869,920775.0131,920775.0131,207240420.4,True,0,0,False,False,7.18,6.2,-5.855855855855863,0.31999999999998696,-12.674094707520888,False,-1.2598425196850394,-3.057119871279157,-184.42,-220.93,-27585998.38,,,,-1268416494.0,,-0.1816,0,920775.0131,207240420.4,1.0,1.5,PASS,False,0.2857142857142857,-184.42,-220.93,2.125,-186.545,,,0.6092,-0.1816,,87.7931712264151,0.0,0.0,6.25,7.18,0,65.2348224513173,,0.6278625954198473,0,0,5.0,158,3.554414571489001,False,-5.855855855855863,,0.0005198088581031417,False,False,独立池,-186.545,0.0,19.3635210771061,25.94315095081641,1.0,0.0,25.94,Other
600131.SH,600131,国网信通,19980402,,主板,L,308537070.3,-4.288816503800231,未知,未知,,,17.62,32.121,33.2335,3.2574,1.0911,2111501.5875,2107184.8725,366587676.6,True,0,0,False,False,19.06,16.61,0.9158557527189526,-7.6963350785340445,-7.502623294858346,False,-4.288816503800231,-3.057119871279157,-86.39,-13.73,3524371.14,82.3037,,,1099046240.1399999,2673.0617,0.0661,0,2111501.5875,366587676.6,1.0,1.5,PASS,False,0.2857142857142857,-86.39,-13.73,2.125,-88.515,,32.121,3.2574,0.0661,,87.7931712264151,0.0,0.0,17.62,19.06,0,75.25773195876289,,0.5286259541984732,0,0,5.0,158,0.5254405873738097,False,0.9158557527189526,,0.002850577413473907,False,False,独立池,-88.515,0.0,20.80930475664119,29.239180538957108,1.0,0.0,29.24,Other
600132.SH,600132,重庆啤酒,19971030,,主板,L,231939065.45000002,-2.118485189351338,未知,未知,,,51.81,20.371,20.9665,13.7132,0.5473,2507454.7768,2507454.7768,180879913.4,True,0,0,False,False,56.47,51.91,-0.43859649122806044,-3.742625368731567,-7.543828581547718,False,-2.118485189351338,-3.057119871279157,-7.07,-2.78,434029647.56,99.1567,,,3698388891.92,143.2148,27.3105,0,2507454.7768,180879913.4,1.0,1.5,PASS,False,0.2857142857142857,-7.07,-2.78,2.125,-9.195,,20.371,13.7132,27.3105,,87.7931712264151,0.0,0.0,51.81,56.47,0,65.2348224513173,,0.601145038167939,0,0,5.0,158,2.6957719018227024,False,-0.43859649122806044,,0.009862979416996584,False,False,独立池,-9.195,0.0,21.979146248640816,26.466275985123353,1.0,0.0,26.47,Other
600133.SH,600133,东湖高新,19980212,,主板,L,381076127.25,2.4027459954233388,未知,未知,,,9.06,34.9756,34.8528,1.0607,2.3543,966013.3268,966013.3268,519743662.20000005,True,0,0,False,False,10.18,8.65,-3.2432432432432545,-10.140562248995998,-12.082514734774074,False,2.4027459954233388,-3.057119871279157,-194.2053,-53.69,-14996371.32,,,,299547934.32,-3506.903,-0.0194,0,966013.3268,519743662.20000005,1.0,1.5,PASS,False,0.2857142857142857,-194.2053,-53.69,2.125,-196.3303,ESP-Q,34.9756,1.0607,-0.0194,,87.7931712264151,0.0,0.0,9.06,10.18,0,89.8052691867125,,0.7309160305343512,1,1,100.0,158,7.217003086597379,True,-3.2432432432432545,,0.0056073843929663955,False,False,独立池,-196.3303,0.0,19.219203755476446,80.78542150710904,0.7,0.0,56.55,Tier2
600135.SH,600135,乐凯胶片,19980122,,主板,L,279647460.00000006,-4.888888888888898,塑料,化工,801036.SI,220000,10.9,,,2.5607,3.2641,603104.7379,603104.7379,218279557.00000003,False,1,0,False,False,12.8,9.91,-6.468531468531468,11.226611226611238,-16.40625000000001,False,-4.888888888888898,-3.057119871279157,18.2358,-24.2404,-26268996.13,,,,-309502077.19,,-1.0022,0,603104.7379,218279557.00000003,1.0,1.5,PASS,False,0.7619047619047619,18.2358,-24.2404,-1.1600000000000001,20.5558,ESP-Q,,2.5607,-1.0022,,196.25642,0.0,0.0,10.9,12.8,0,62.42840778923253,,0.35294117647058826,0,0,5.0,6,-9.029016277423917,False,-6.468531468531468,,-0.007616864797746324,False,False,塑料,20.5558,-0.19932504192164813,32.0,27.628522336769755,0.7,0.0,19.34,Other
600141.SH,600141,兴发集团,19990616,,主板,L,1199161572.0,-1.9062499999999982,未知,未知,,,32.87,26.4744,27.4678,1.5791,2.7701,3950118.91,3950118.91,1041965595.8,False,0,0,False,False,34.87,30.17,-2.454940957116214,-24.452466907340543,-9.979925437338677,False,-1.9062499999999982,-3.057119871279157,-7.89,-10.62,210552146.75,82.0471,,,3550370857.54,-274.4098,1.0915,0,3950118.91,1041965595.8,1.0,1.5,PASS,False,0.2857142857142857,-7.89,-10.62,2.125,-10.015,ESP-Q,26.4744,1.5791,1.0915,,87.7931712264151,0.0,0.0,32.87,34.87,0,65.2348224513173,,0.6030534351145038,0,0,5.0,158,2.908007091174042,False,-2.454940957116214,,0.00444281853404173,False,False,独立池,-10.015,0.0,21.967052577140063,26.463857250823203,0.7,0.0,18.52,Other
600151.SH,600151,航天机电,19980605,,主板,L,1168118192.7500002,-1.3227513227513144,未知,未知,,,15.19,,,4.9452,4.2122,2178629.224,2178629.224,1274262687.6000001,True,0,0,False,False,16.35,13.35,5.965909090909083,1.3586956521739024,-8.746177370030594,False,-1.3227513227513144,-3.057119871279157,-38.4702,-183.5756,-18670085.02,,,,-1000886045.7099999,,-0.3774,0,2178629.224,1274262687.6000001,1.0,1.5,PASS,False,0.2857142857142857,-38.4702,-183.5756,2.125,-40.5952,,,4.9452,-0.3774,,87.7931712264151,0.0,0.0,15.19,16.35,0,65.2348224513173,,0.6240458015267175,0,0,5.0,158,3.491505768422726,False,5.965909090909083,,-0.0036594949730246506,False,False,独立池,-40.5952,0.0,21.51604417076529,26.373655569548248,1.0,0.0,26.37,Other
600152.SH,600152,维科技术,19980609,,主板,L,1486460040.5,-3.9969254419677136,未知,未知,,,13.09,,,4.2243,10.416,692564.9019,692564.9019,876150319.2,True,3,0,False,False,16.62,11.62,-9.031318281136203,48.86769964243145,-24.84957882069796,False,-3.9969254419677136,-3.057119871279157,1.2509,-30.6216,-26859147.09,,,,-267607954.58,,-1.5252,0,692564.9019,876150319.2,1.0,1.5,PASS,False,0.2857142857142857,1.2509,-30.6216,2.125,-0.8741000000000001,,,4.2243,-1.5252,,87.7931712264151,0.0,0.0,13.09,16.62,0,90.95074455899199,,0.5438931297709924,0,0,5.0,158,0.8173316492063267,False,-9.031318281136203,,-0.003814653506223749,False,False,独立池,-0.8741000000000001,0.0,22.101866042775708,34.20559657625273,1.0,0.0,34.21,Other
600155.SH,600155,华创云信,19980918,,主板,L,167999181.15,-4.480000000000006,证券,非银金融,801193.SI,490000,5.81,70.6576,50.8933,0.6428,1.4952,1286068.1791,1286068.1791,188199970.8,False,0,0,False,False,6.47,5.93,-1.3223140495867813,-11.424332344213662,-7.727975270479137,False,-4.480000000000006,-3.057119871279157,161.39,-40.95,28471697.24,91.6934,,,441220801.59000003,8962.221,0.1553,0,1286068.1791,188199970.8,1.0,1.5,PASS,False,0.07142857142857142,161.39,-40.95,30.57,161.39,ESP-Q,70.6576,0.6428,0.1553,0.437806555548671,30.16254222222222,0.0,0.0,5.81,6.47,0,65.2348224513173,,0.3111111111111111,0,0,5.0,14,-2.1629268292683075,False,-1.3223140495867813,,-0.006278244043384862,False,False,证券,161.39,2.107746182414524,82.0,38.47044673539519,0.7,0.0,26.93,Other
600157.SH,600157,永泰能源,19980513,,主板,L,1443249110.45,0.0,未知,未知,,,1.73,180.926,172.0425,0.8045,2.3477,3774473.1971,3774473.1971,1431032836.8000002,True,0,0,False,False,1.91,1.66,-2.285714285714291,1.7857142857142794,-10.471204188481675,False,0.0,-3.057119871279157,57.89,-90.32,66906623.47,108.1932,,,458715532.15999997,563.3074,0.132,0,3774473.1971,1431032836.8000002,1.0,1.5,PASS,False,0.2857142857142857,57.89,-90.32,2.125,57.89,ESP-Q,180.926,0.8045,0.132,3.125341164277077,87.7931712264151,0.0,10.0,1.73,1.91,0,72.0504009163803,,0.6841603053435115,0,1,55.0,158,4.81425709117404,False,-2.285714285714291,,-0.007999436797608842,False,False,独立池,57.89,0.0,22.968541312821287,53.70882853747835,0.7,10.0,27.6,Other
600171.SH,600171,上海贝岭,19980924,,主板,L,572813392.0999999,2.7466570292735693,半导体,电子,801081.SI,270000,29.55,88.6803,95.1091,4.6067,3.2521,2094868.3604,2094868.3604,702442355.8000001,False,0,0,False,False,30.79,27.45,-2.903005464480879,-9.256303862112992,-7.66482624228646,False,2.7466570292735693,-3.057119871279157,26.63,-37.12,19490256.89,86.9396,,,485514614.87,-338.1898,0.4942,0,2094868.3604,702442355.8000001,1.0,1.5,PASS,False,0.8333333333333334,26.63,-37.12,20.14,6.489999999999998,ESP-Q,88.6803,4.6067,0.4942,3.3300901239203906,137.7359375,0.0,0.0,29.55,30.79,0,91.29438717067583,,0.14285714285714285,0,1,40.0,9,-16.13913049729065,False,-2.903005464480879,,-0.011612049598020192,False,False,半导体,6.489999999999998,-0.2851812672201697,32.0,53.78831615120275,0.7,0.0,37.65,Other
600177.SH,600177,雅戈尔,19981119,,主板,L,185731003.2,1.4965986394557929,服装家纺,纺织服装,801132.SI,350000,7.37,13.9232,13.2811,0.803,0.4534,3407476.6818,3319036.7046,135325687.6,False,0,0,False,False,8.08,7.25,-2.099737532808399,2.754820936639124,-7.6732673267326685,False,1.4965986394557929,-3.057119871279157,9.43,-14.38,877400221.93,95.1906,,,5430973176.889999,7.0407,2.1747,1,3407476.6818,135325687.6,1.0,1.5,PASS,False,0.09523809523809523,9.43,-14.38,17.65,-8.219999999999999,,13.9232,0.803,2.1747,1.4764793213149523,126.22243636363636,0.0,0.0,7.37,8.08,10,65.2348224513173,,0.4,0,1,40.0,5,-4.834872496484621,False,-2.099737532808399,,0.004985944690651419,False,False,服装家纺,-8.219999999999999,-0.7225680125206754,22.0,43.97044673539519,1.0,10.0,33.97,Other
600179.SH,600179,安通控股,19981104,,主板,L,158903822.90000004,-2.2026431718061623,未知,未知,,,4.4,17.1445,16.9514,1.5377,1.0519,1861871.8708,1699402.5378,203925524.20000002,True,0,0,False,False,4.66,4.12,6.730769230769229,-8.82956878850102,-4.72103004291845,False,-2.2026431718061623,-3.057119871279157,,110.95,,,,,2034636829.4499998,136.6127,2.1182,0,1861871.8708,203925524.20000002,1.0,1.5,PASS,False,0.2857142857142857,,110.95,2.125,0.0,DATA-INC,17.1445,1.5377,2.1182,,87.7931712264151,0.0,0.0,4.4,4.66,0,89.1179839633448,,0.5916030534351145,0,0,5.0,158,2.611613919367878,False,6.730769230769229,,-0.0015070381602832023,False,False,独立池,0.0,0.0,22.114757601627915,33.658346709329024,1.0,0.0,33.66,Other
600183.SH,600183,生益科技,19981028,,主板,L,5367748889.749999,35.341144038594074,元件,电子,801083.SI,270000,108.01,78.6961,66.787,14.6348,2.7935,26236916.8032,25863011.1767,6656528541.600001,True,1,1,False,False,107.5,69.07,9.160644802668138,45.18704716841639,-8.66046511627907,False,35.341144038594074,-3.057119871279157,93.51,89.54,1082821715.86,93.4967,,,8015332819.639999,37.3363,6.6845,0,26236916.8032,6656528541.600001,1.0,1.5,PASS,False,0.7380952380952381,93.51,89.54,13.02,93.51,,78.6961,14.6348,6.6845,0.8415795102128114,255.29024,0.0,0.0,108.01,107.5,0,91.86712485681558,CHASE,0.8461538461538461,1,1,100.0,8,20.961723483018844,True,9.160644802668138,OVERHEAT,0.011798161029668078,True,True,元件,93.51,-0.15345105547862814,32.0,83.96013745704468,1.0,0.0,83.96,Tier2
600185.SH,600185,珠免集团,19990611,,主板,L,151964021.6,-5.902192242833049,未知,未知,,,5.5,,,120.0856,1.1172,1036753.1873,1036753.1873,139723325.40000004,True,0,0,False,False,6.13,5.53,-2.617801047120427,-22.284122562674092,-8.972267536704726,False,-5.902192242833049,-3.057119871279157,146.0314,49.4066,42528483.66,108.9746,,,-1697546368.51,68.8269,40.6617,0,1036753.1873,139723325.40000004,1.0,1.5,PASS,False,0.2857142857142857,146.0314,49.4066,2.125,146.0314,,,120.0856,40.6617,,87.7931712264151,0.0,0.0,5.5,6.13,0,65.2348224513173,,0.45610687022900764,0,0,5.0,158,-1.0879351516590088,False,-2.617801047120427,,0.015053179852316053,False,False,独立池,146.0314,0.0,24.268484163085226,26.924143568012237,1.0,0.0,26.92,Other
600186.SH,600186,莲花控股,19980825,,主板,L,3229794344.7000003,32.01483312731768,未知,未知,,,11.75,68.1451,59.9116,11.1577,12.3305,2106498.4532,2102237.4919,3086267572.8,True,3,1,False,True,11.85,7.55,3.2882011605415817,69.52380952380952,-9.873417721518985,False,32.01483312731768,-3.057119871279157,39.18,45.42,139436728.84,97.1807,,,847775524.12,-84.5101,7.4533,0,2106498.4532,3086267572.8,1.0,1.5,PASS,False,0.2857142857142857,39.18,45.42,2.125,39.18,ESP-Q,68.1451,11.1577,7.4533,1.7392827973455844,87.7931712264151,0.0,0.0,11.75,11.85,0,48.10996563573883,,0.9599236641221374,1,1,100.0,158,36.82909021849172,True,3.2882011605415817,突破型,0.0006513112008901535,True,False,独立池,39.18,0.0,22.692599125285824,68.97150951577882,0.7,0.0,48.28,Other
600188.SH,600188,兖矿能源,19980701,,主板,L,1273791583.05,4.098360655737698,未知,未知,,,20.01,23.9636,20.8644,2.6258,0.7053,20083740.892,11928665.392,1170597726.3999999,True,0,0,False,False,23.6,18.7,-3.924349881796685,14.867156585641595,-13.898305084745765,False,4.098360655737698,-3.057119871279157,-61.14,-46.73,1060297000.0,26.8092,,,12888946000.0,107.709,3.8434,0,20083740.892,1170597726.3999999,1.0,1.5,PASS,False,0.2857142857142857,-61.14,-46.73,2.125,-63.265,ESP-Q,23.9636,2.6258,3.8434,,87.7931712264151,0.0,0.0,20.01,23.6,0,83.73424971363116,,0.7690839694656488,1,1,100.0,158,8.912617746911739,True,-3.924349881796685,,0.0012001277801922143,False,False,独立池,-63.265,0.0,21.181701348585094,79.35661518380637,0.7,0.0,55.55,Tier2
600198.SH,600198,大唐电信,19981021,,主板,L,518813506.9499999,2.734839476813322,通信设备,通信,801102.SI,730000,8.78,,,59.4739,2.8382,1144563.909,1143111.9279,535423788.79999995,False,1,1,False,False,10.69,7.87,-7.196562835660581,-11.384615384615381,-19.176800748362943,False,2.734839476813322,-3.057119871279157,15.1644,-91.0565,-65572770.28,,,,-409386868.65,,-29.0659,0,1144563.909,535423788.79999995,1.0,1.5,PASS,False,0.9523809523809523,15.1644,-91.0565,15.0872,0.07720000000000127,,,59.4739,-29.0659,,156.39837500000002,0.0,0.0,8.78,10.69,0,91.29438717067583,,0.5416666666666666,0,1,40.0,8,1.8929879202248479,False,-7.196562835660581,,-0.0011036757613670778,False,False,通信设备,0.07720000000000127,-0.12260215377877079,32.0,53.78831615120275,1.0,0.0,53.79,Tier2
600203.SH,600203,福日电子,19990514,,主板,L,341178867.09999996,-0.4159733777038155,电子制造,电子,801085.SI,270000,12.32,,191.2497,4.4276,2.9873,730561.317,730561.317,224976963.6,False,0,0,False,False,13.43,11.66,-4.924543288324057,-6.117647058823527,-10.87118391660461,False,-0.4159733777038155,-3.057119871279157,194.2482,82.9982,43848036.71,94.4603,,,34641788.85,-553.102,2.8558,0,730561.317,224976963.6,1.0,1.5,PASS,False,0.40476190476190477,194.2482,82.9982,-24.075000000000003,242.39819999999997,ESP-Q,,4.4276,2.8558,,87.6280681818182,0.0,0.0,12.32,13.43,0,95.76174112256587,,0.34615384615384615,0,1,40.0,8,-5.04444214325882,False,-4.924543288324057,,-0.012981919499724512,False,False,电子制造,242.39819999999997,0.4098737568107424,50.0,58.72852233676976,0.7,0.0,41.11,Other
600207.SH,600207,安彩高科,19990714,,主板,L,276074508.25,18.584070796460182,未知,未知,,,6.73,,,3.9039,7.8727,733107.3488,733107.3488,371750764.4,True,1,0,False,False,6.97,5.51,-0.29761904761904656,25.0,-3.8737446197991354,False,18.584070796460182,-3.057119871279157,-31.4016,-75.759,-150991356.21,,,,-1478355419.92,,-7.5792,0,733107.3488,371750764.4,1.0,1.5,PASS,False,0.2857142857142857,-31.4016,-75.759,2.125,-33.5266,,,3.9039,-7.5792,,87.7931712264151,0.0,0.0,6.73,6.97,0,97.36540664375715,CHASE,0.9122137404580153,1,1,100.0,158,23.398327887634224,True,-0.29761904761904656,,0.016512608234617195,True,False,独立池,-33.5266,0.0,21.620294568777755,83.5336809068827,1.0,0.0,83.53,Tier2
600210.SH,600210,紫江企业,19990824,,主板,L,164594108.45000002,-4.409672830725464,包装印刷,轻工制造,801141.SI,360000,6.73,9.8407,9.3958,1.4771,0.853,1020763.4343,1020763.4343,123804740.79999998,False,0,0,False,False,7.34,6.64,-0.4444444444444473,-12.61378413524058,-8.446866485013626,False,-4.409672830725464,-3.057119871279157,27.4,-0.84,209383044.67,95.8785,,,2150136844.08,-70.9064,3.2131,0,1020763.4343,123804740.79999998,1.0,1.5,PASS,False,0.8571428571428571,27.4,-0.84,-1.67,30.740000000000002,ESP-Q,9.8407,1.4771,3.2131,0.3591496350364964,117.94202,10.0,0.0,6.73,7.34,0,74.5704467353952,,0.5714285714285714,0,0,5.0,5,0.1510647740242792,False,-0.4444444444444473,,-0.003057526080539037,False,False,包装印刷,30.740000000000002,-0.08191164261547186,32.0,31.27113402061856,0.7,0.0,31.89,Other
600219.SH,600219,南山铝业,19991223,,主板,L,1185849416.1499999,-17.886178861788625,工业金属,有色金属,801055.SI,240000,5.28,12.8041,14.6719,1.2276,1.9753,6063394.4232,6063394.4232,924555319.0000001,False,0,0,False,False,6.2,5.04,-3.256704980842906,-25.844346549192366,-18.5483870967742,False,-17.886178861788625,-3.057119871279157,-36.18,-6.08,1082014179.08,98.2957,,,12053159114.65,76.5505,2.1898,0,6063394.4232,924555319.0000001,1.0,1.5,PASS,False,0.14285714285714285,-36.18,-6.08,60.27,-96.45,,12.8041,1.2276,2.1898,,36.771677777777775,0.0,0.0,5.28,6.2,0,67.23940435280642,,0.10714285714285714,0,0,5.0,9,-11.72810626232507,False,-3.256704980842906,,-0.0012627503066517548,False,False,工业金属,-96.45,-0.9091091561067878,22.0,27.071821305841922,1.0,0.0,27.07,Other
600221.SH,600221,海航控股,19991125,,主板,L,669914233.7499999,-0.6711409395973145,未知,未知,,,1.46,31.8727,18.3815,9.0729,0.7751,6309482.3501,6255445.1802,495876738.99999994,False,0,0,False,False,1.65,1.42,-1.9867549668874163,-11.377245508982037,-10.303030303030303,False,-0.6711409395973145,-3.057119871279157,494.3,145.0842,1533777000.0,88.904,,,5165836000.0,249.8544,28.2383,0,6309482.3501,495876738.99999994,1.0,1.5,PASS,False,0.2857142857142857,494.3,145.0842,2.125,494.3,,31.8727,9.0729,28.2383,0.06448047744284847,87.7931712264151,0.0,0.0,1.46,1.65,0,65.2348224513173,,0.6545801526717557,0,1,40.0,158,4.143116151576725,False,-1.9867549668874163,,-0.012112378781710108,False,False,独立池,494.3,0.0,29.404881775801066,45.45142309055541,1.0,0.0,45.45,Other
600226.SH,600226,亨通股份,19991116,,主板,L,483813195.55,10.586011342155,电力,公用事业,801161.SI,410000,6.07,89.859,89.0969,4.8718,3.6687,1805449.403,1805449.403,613827134.6000001,False,0,0,False,False,6.1,5.1,3.7234042553191404,-2.010050251256279,-4.098360655737709,False,10.586011342155,-3.057119871279157,-12.36,-13.97,44179484.49,61.5169,,,343394973.75,-403.5363,1.9578,0,1805449.403,613827134.6000001,1.0,1.5,PASS,False,0.21428571428571427,-12.36,-13.97,-1.575,-6.18,ESP-Q,89.859,4.8718,1.9578,,43.696173170731704,0.0,10.0,6.07,6.1,0,75.48682703321879,,0.8571428571428571,1,1,85.0,13,9.6313657956272,True,3.7234042553191404,,-0.0016888965746828584,False,False,电力,-6.18,-0.22282652763090555,32.0,71.54604810996564,0.7,10.0,40.08,Other
600227.SH,600227,赤天化,20000221,,主板,L,714056967.15,-12.429378531073443,未知,未知,,,3.16,,,2.3792,4.8243,533637.9485,403721.5377,374343740.8000001,True,1,0,False,False,4.35,3.08,-15.300546448087438,15.671641791044767,-28.735632183908034,False,-12.429378531073443,-3.057119871279157,37.2295,-187.2498,-29416457.51,,,,-504035477.96999997,,-1.2615,0,533637.9485,374343740.8000001,1.0,1.5,PASS,False,0.2857142857142857,37.2295,-187.2498,2.125,37.2295,ESP-Q,,2.3792,-1.2615,,87.7931712264151,0.0,0.0,3.16,4.35,0,60.595647193585336,,0.18893129770992367,0,0,5.0,158,-7.6151214398994025,False,-15.300546448087438,,0.007668322006804834,False,False,独立池,37.2295,0.0,22.663832410331896,25.21146064014198,0.7,0.0,17.65,Other
600230.SH,600230,沧州大化,20000406,,主板,L,276935575.5,-18.061224489795936,化学制品,化工,801034.SI,220000,16.35,219.3675,84.0136,1.6646,2.1386,676826.2595,676826.2595,217127987.39999998,True,0,0,False,False,20.05,16.05,-7.48847926267282,-24.812734082397004,-19.90024937655861,False,-18.061224489795936,-3.057119871279157,507.36,29.61,58662269.96,101.4459,,,167782881.23000002,60.6528,1.4327,0,676826.2595,217127987.39999998,1.0,1.5,PASS,False,0.2619047619047619,507.36,29.61,5.17,507.36,,219.3675,1.6646,1.4327,0.43237050614947964,72.11200512820513,0.0,0.0,16.35,20.05,0,65.2348224513173,,0.08163265306122448,0,0,5.0,15,-16.791830977807223,False,-7.48847926267282,,-0.0011648112330281386,False,False,化学制品,507.36,1.1221391945853898,68.0,35.67044673539519,1.0,0.0,35.67,Other
600234.SH,600234,科新发展,20000615,,主板,L,271444907.2,6.636568848758473,装修装饰,建筑装饰,801722.SI,620000,25.98,,,15.1499,1.5379,682029.4879,682029.4879,162951318.20000002,False,2,2,False,False,32.02,21.7,-11.035781544256118,68.71428571428572,-26.233603997501564,False,6.636568848758473,-3.057119871279157,-304.83,-536.65,-3289783.48,,,,-34135274.660000004,,-0.3436,0,682029.4879,162951318.20000002,1.0,1.5,PASS,False,0.6904761904761905,-304.83,-536.65,15.48,-320.31,,,15.1499,-0.3436,,84.0898,0.0,0.0,25.98,32.02,0,70.79037800687286,,0.7142857142857143,1,1,75.0,3,0.02178285654055312,False,-11.035781544256118,,-0.007294613601262077,False,False,装修装饰,-320.31,-2.0626953068913982,12.0,61.13711340206186,1.0,0.0,61.14,Tier2
600236.SH,600236,桂冠电力,20000323,,主板,L,397822366.20000005,-0.3820439350525451,电力,公用事业,801161.SI,410000,10.65,25.5968,23.3485,4.392,0.2321,8394732.3591,8394732.3591,347249695.20000005,False,1,1,False,False,12.65,9.44,-2.157598499061919,22.274325908558048,-17.549407114624515,False,-0.3820439350525451,-3.057119871279157,58.97,35.49,856120082.32,99.6457,,,7765385678.15,159.0556,4.0514,0,8394732.3591,347249695.20000005,1.0,1.5,PASS,False,0.21428571428571427,58.97,35.49,-1.575,62.120000000000005,,25.5968,4.392,4.0514,0.43406477870103444,43.696173170731704,0.0,0.0,10.65,12.65,0,69.0721649484536,,0.4523809523809524,0,1,40.0,13,-1.3366894815803443,False,-2.157598499061919,,-0.004691961857425994,False,False,电力,62.120000000000005,1.707209321331801,68.0,54.32164948453608,1.0,0.0,54.32,Tier1
600237.SH,600237,铜峰电子,20000609,,主板,L,237614925.30000007,1.933404940923733,元件,电子,801083.SI,270000,10.02,52.6901,53.8809,3.1566,12.4883,631750.7345,625865.0266,346323931.0,False,0,0,False,False,9.94,8.7,7.2316384180791005,-4.81444332998997,-4.527162977867194,False,1.933404940923733,-3.057119871279157,,26.89,,,,,232401036.36,206.3437,1.2392,0,631750.7345,346323931.0,1.0,1.5,PASS,False,0.7380952380952381,,26.89,13.02,0.0,DATA-INC,52.6901,3.1566,1.2392,,255.29024,0.0,0.0,10.02,9.94,0,65.2348224513173,,0.2692307692307692,0,1,40.0,8,-12.446015614651497,False,7.2316384180791005,,-0.01051867960557759,False,False,元件,0.0,-0.3279270415286643,32.0,45.97044673539519,1.0,0.0,45.97,Other
600246.SH,600246,万通发展,20000922,,主板,L,1695996755.2,59.19421487603307,房地产开发,房地产,801181.SI,430000,15.69,,,6.6737,17.2645,3048547.3498,2966057.1748,2757413330.6,True,3,1,False,True,15.63,9.38,15.77761081893312,34.00000000000001,-1.4075495841330832,False,59.19421487603307,-3.057119871279157,-186.72,-49.13,-104185951.29,,,,-969030699.6,,-2.4364,0,3048547.3498,2757413330.6,1.0,1.5,PASS,False,0.6666666666666666,-186.72,-49.13,-25.055,-93.36,,,6.6737,-2.4364,,71.32621,0.0,0.0,15.69,15.63,0,81.09965635738831,CHASE,0.9615384615384616,1,1,100.0,8,60.60142314844973,True,15.77761081893312,突破型|OVERHEAT,0.01408846010694215,True,True,房地产开发,-93.36,-0.5417425083442556,22.0,78.7298969072165,1.0,0.0,78.73,Tier2
600251.SH,600251,冠农股份,20030609,,主板,L,229466423.55,-12.887029288702923,农产品加工,农林牧渔,801012.SI,110000,10.53,23.4808,17.9979,2.0251,1.3099,818174.2429,818174.2429,142824196.0,False,0,0,False,False,13.21,10.37,-9.635416666666663,-2.6192703461178635,-21.19606358819077,False,-12.887029288702923,-3.057119871279157,58.19,56.8,283857007.36,97.4231,,,1226005766.13,34.6276,7.4601,0,818174.2429,142824196.0,1.0,1.5,PASS,False,0.3333333333333333,58.19,56.8,-30.86,119.91,,23.4808,2.0251,7.4601,0.4035195050695996,74.8841,10.0,0.0,10.53,13.21,0,62.42840778923253,,0.3333333333333333,0,0,0.0,1,-9.96781679718901,False,-9.635416666666663,TIER2_FORCED,-0.021537724710272994,False,False,农产品加工,119.91,1.0754013776040965,68.0,32.32852233676976,1.0,0.0,42.33,Tier2
600255.SH,600255,鑫科材料,20001122,,主板,L,171448580.29999998,-6.557377049180335,金属非金属新材料,有色金属,801051.SI,240000,3.62,211.6594,170.1841,4.4302,3.5625,653825.1977,653825.1977,182612254.2,True,0,0,False,False,3.82,3.4,-2.005730659025795,-11.168831168831172,-10.471204188481675,False,-6.557377049180335,-3.057119871279157,95.92,-67.52,13146858.28,79.8695,,,51457609.58,-474.003,1.1216,0,653825.1977,182612254.2,1.0,1.5,PASS,False,0.7857142857142857,95.92,-67.52,37.74,95.92,ESP-Q,211.6594,4.4302,1.1216,2.2066242702251877,114.53097142857143,0.0,0.0,3.62,3.82,0,82.7033218785796,,0.125,0,0,5.0,3,-5.336020293379507,False,-2.005730659025795,,-0.003340671105591417,False,False,金属非金属新材料,95.92,-0.5418853974291366,22.0,31.71099656357388,0.7,0.0,22.2,Other
600256.SH,600256,广汇能源,20000526,,主板,L,1252000104.8,-0.32102728731943087,未知,未知,,,5.97,28.3663,42.9837,1.5633,2.7925,3816025.7695,3816025.7695,1051081461.9999999,True,0,0,False,False,6.83,5.94,-2.968750000000009,7.8125,-9.077598828696932,False,-0.32102728731943087,-3.057119871279157,-63.65,-55.38,254571249.53,107.6925,,,3342491283.8,403.3459,0.9722,0,3816025.7695,1051081461.9999999,1.0,1.5,PASS,False,0.2857142857142857,-63.65,-55.38,2.125,-65.775,,28.3663,1.5633,0.9722,,87.7931712264151,0.0,0.0,5.97,6.83,0,62.42840778923253,,0.6698473282442748,0,1,55.0,158,4.493229803854609,False,-2.968750000000009,,0.008780019295030281,False,False,独立池,-65.775,0.0,21.144682915088886,50.457458919787534,1.0,0.0,50.46,Tier2
600258.SH,600258,首旅酒店,20000601,,主板,L,275737773.3499999,-9.70099667774087,未知,未知,,,13.2,18.171,17.5978,1.2039,1.3329,1473916.1263,1473916.1263,194161963.2,True,0,0,False,False,16.15,13.27,-2.3005032350826737,-16.266173752310543,-15.851393188854479,False,-9.70099667774087,-3.057119871279157,31.84,1.1,143841888.19,85.0506,,,1895967867.4099998,264.3241,1.3911,0,1473916.1263,194161963.2,1.0,1.5,PASS,False,0.2857142857142857,31.84,1.1,2.125,31.84,ESP-Q,18.171,1.2039,1.3911,0.5706972361809045,87.7931712264151,0.0,0.0,13.2,16.15,0,84.5360824742268,,0.3015267175572519,0,0,5.0,158,-4.886739586566829,False,-2.3005032350826737,,-0.003721910460196513,False,False,独立池,31.84,0.0,22.584346016974205,32.377693945662884,0.7,0.0,22.66,Other
600259.SH,600259,中稀有色,20000525,,主板,L,1747144413.55,-17.17528132748427,稀有金属,有色金属,801054.SI,240000,87.07,229.652,116.6174,8.1106,3.2632,2929347.4684,2929347.4684,1569016655.4,False,1,1,False,False,110.0,85.09,-10.574546952224061,-0.25267026530377823,-21.045454545454557,False,-17.17528132748427,-3.057119871279157,283.88,151.0055,172985158.79,101.2152,,,581267970.61,-235.7846,4.7787,0,2929347.4684,1569016655.4,1.0,1.5,PASS,False,0.8809523809523809,283.88,151.0055,52.894999999999996,283.88,ESP-Q,229.652,8.1106,4.7787,0.8089756235028885,107.82666666666667,0.0,0.0,87.07,110.0,0,65.2348224513173,,0.1875,0,0,5.0,5,-8.718296873257936,False,-10.574546952224061,,-0.007108877800904292,False,False,稀有金属,283.88,0.7977421035202935,50.0,32.070446735395194,0.7,0.0,22.45,Other
600261.SH,600261,阳光照明,20000720,,主板,L,157530075.14999998,-16.70761670761671,未知,未知,,,3.51,24.852,34.4515,1.3261,1.4544,468603.5911,468603.5911,80335328.60000001,True,1,0,False,False,4.23,3.33,-0.5865102639296182,-11.023622047244096,-19.8581560283688,False,-16.70761670761671,-3.057119871279157,-32.9,-56.43,20569606.62,284.0571,,,186566536.44,-126.6083,0.2048,0,468603.5911,80335328.60000001,1.0,1.5,PASS,False,0.2857142857142857,-32.9,-56.43,2.125,-35.025,ESP-Q,24.852,1.3261,0.2048,,87.7931712264151,0.0,0.0,3.51,4.23,0,82.58877434135165,,0.07251908396946564,0,0,5.0,158,-11.893359616442671,False,-0.5865102639296182,,0.010275260492330417,False,False,独立池,-35.025,0.0,21.59819559636711,31.596271421678917,0.7,0.0,22.12,Other
600262.SH,600262,北方股份,20000630,,主板,L,184292905.29999998,-5.674603174603177,专用设备,机械设备,801074.SI,640000,24.18,19.0766,18.0881,2.1972,2.0903,411060.0,411060.0,120405874.80000003,True,0,0,False,False,26.88,22.71,-4.461414790996788,-26.86153846153846,-11.569940476190476,False,-5.674603174603177,-3.057119871279157,19.63,27.69,75012200.88,99.699,,,548839242.47,407.2495,4.1057,0,411060.0,120405874.80000003,1.0,1.5,PASS,False,0.5714285714285714,19.63,27.69,-11.475,42.58,,19.0766,2.1972,4.1057,0.971808456444218,213.18103214285716,10.0,0.0,24.18,26.88,0,74.79954180985109,,0.46875,0,0,5.0,10,-1.2924868535891196,False,-4.461414790996788,,0.00928486863199785,False,False,专用设备,42.58,0.3448952978126585,50.0,34.939862542955325,1.0,0.0,44.94,Other
600266.SH,600266,城建发展,19990203,,主板,L,211914046.0,-3.8461538461538547,房地产开发,房地产,801181.SI,430000,4.73,,,0.5372,1.7287,981826.6788,981826.6788,176999756.20000002,False,0,0,False,False,5.46,4.68,-4.809619238476959,-14.568345323741006,-13.003663003663002,False,-3.8461538461538547,-3.057119871279157,147.31,51.1048,484434759.74,295.3478,,,453497695.5400001,-654.7883,0.7997,0,981826.6788,176999756.20000002,1.0,1.5,PASS,False,0.6666666666666666,147.31,51.1048,-25.055,197.42000000000002,ESP-Q,,0.5372,0.7997,,71.32621,0.0,0.0,4.73,5.46,0,65.2348224513173,,0.38461538461538464,0,0,5.0,8,-2.4389455737371946,False,-4.809619238476959,,0.00035814920943489173,False,False,房地产开发,197.42000000000002,0.992681635891297,50.0,32.070446735395194,0.7,0.0,22.45,Other
600268.SH,600268,国电南自,19991118,,主板,L,528483210.85,-14.179104477611926,未知,未知,,,13.98,29.5808,28.8448,3.7583,1.6846,1420187.3476,1413142.2595,512257164.8,False,0,0,False,False,17.22,13.73,-8.669755129053602,3.759398496240607,-19.86062717770034,False,-14.179104477611926,-3.057119871279157,39.59,38.08,39764675.84,94.556,,,841054692.48,-812.4235,1.1192,0,1420187.3476,512257164.8,1.0,1.5,PASS,False,0.2857142857142857,39.59,38.08,2.125,39.59,ESP-Q,29.5808,3.7583,1.1192,0.7471785804496084,87.7931712264151,0.0,0.0,13.98,17.22,0,67.23940435280642,,0.14122137404580154,0,0,5.0,158,-9.364847386437885,False,-8.669755129053602,,-0.009769560156017612,False,False,独立池,39.59,0.0,22.698645961036195,27.211550498049164,0.7,0.0,19.05,Other
600271.SH,600271,航天信息,20030711,,主板,L,170192476.15000004,-8.449074074074082,未知,未知,,,7.95,,,1.1346,0.8751,1473043.2872,1473043.2872,167143638.0,True,0,0,False,False,8.85,7.9,-2.3456790123456694,-20.899999999999995,-10.621468926553668,False,-8.449074074074082,-3.057119871279157,12.6603,-157.919,-256237700.0,,,,-1956904100.0,,-2.0012,0,1473043.2872,167143638.0,1.0,1.5,PASS,False,0.2857142857142857,12.6603,-157.919,2.125,12.6603,ESP-Q,,1.1346,-2.0012,,87.7931712264151,0.0,0.0,7.95,8.85,0,62.42840778923253,,0.34541984732824427,0,0,5.0,158,-3.634816982900041,False,-2.3456790123456694,,0.01537167224307652,False,False,独立池,12.6603,0.0,22.301476515409593,25.688817639851678,0.7,0.0,17.98,Other
600273.SH,600273,嘉化能源,20030627,,主板,L,173831689.35,-14.573991031390133,化学制品,化工,801034.SI,220000,7.82,10.3816,12.5747,1.0078,1.379,1025443.7334,1025443.7334,169156609.79999998,False,0,0,False,False,9.03,7.6,-5.105853051058517,-36.28762541806021,-15.614617940199327,False,-14.573991031390133,-3.057119871279157,-24.37,-9.57,198524781.37,192.0414,,,2313421522.43,124.1637,1.0162,0,1025443.7334,169156609.79999998,1.0,1.5,PASS,False,0.2619047619047619,-24.37,-9.57,5.17,-29.54,,10.3816,1.0078,1.0162,,72.11200512820513,0.0,0.0,7.82,9.03,0,65.2348224513173,,0.1836734693877551,0,0,5.0,15,-13.304597519401419,False,-5.105853051058517,,0.006765633491181429,False,False,化学制品,-29.54,-0.08847076631430756,32.0,28.470446735395193,1.0,0.0,28.47,Other
600282.SH,600282,南钢股份,20000919,,主板,L,219475549.25,-16.021126760563387,未知,未知,,,4.75,10.2127,10.1466,1.0695,0.4871,2928418.2302,2928418.2302,141099392.4,False,0,0,False,False,5.73,4.77,-5.357142857142872,-14.054054054054054,-16.7539267015707,False,-16.021126760563387,-3.057119871279157,-13.62,13.02,431098272.24,72.1973,,,5862108441.57,103.3231,2.1347,0,2928418.2302,141099392.4,1.0,1.5,PASS,False,0.2857142857142857,-13.62,13.02,2.125,-15.745,ESP-Q,10.2127,1.0695,2.1347,,87.7931712264151,0.0,0.0,4.75,5.73,0,65.2348224513173,,0.08587786259541985,0,0,5.0,158,-11.206869669389347,False,-5.357142857142872,,0.017379313709119784,False,False,独立池,-15.745,0.0,21.882544360433588,26.446955607481907,0.7,0.0,18.51,Other
600284.SH,600284,浦东建设,20040316,,主板,L,199616902.64999998,-6.737120211360647,基础建设,建筑装饰,801723.SI,620000,6.95,19.0925,23.9291,0.8529,2.382,674327.92,674327.92,225956269.6,True,1,0,False,False,8.02,6.93,-2.0804438280166537,-11.97007481296758,-11.97007481296758,False,-6.737120211360647,-3.057119871279157,,-45.72,,,,,605463695.37,-3660.0413,0.6032,0,674327.92,225956269.6,1.0,1.5,PASS,False,0.047619047619047616,,-45.72,-15.53,0.0,DATA-INC,19.0925,0.8529,0.6032,,59.53485,0.0,0.0,6.95,8.02,0,70.67583046964491,,0.5882352941176471,0,0,5.0,6,0.08436019502541292,False,-2.0804438280166537,,0.02870771704075145,False,False,基础建设,0.0,-0.3479369131031534,32.0,30.102749140893472,1.0,0.0,30.1,Other
600288.SH,600288,大恒科技,20001129,,主板,L,176718046.95,-10.803858520900334,未知,未知,,,14.39,60.3473,38.4328,3.1587,2.7187,628555.2,628555.2,163034890.79999998,False,0,0,False,False,16.12,13.82,-5.000000000000004,-13.366645846346048,-13.957816377171229,False,-10.803858520900334,-3.057119871279157,677.4014,463.7593,30924124.88,60.4547,,,152469663.58,-68.63,2.604,0,628555.2,163034890.79999998,1.0,1.5,PASS,False,0.2857142857142857,677.4014,463.7593,2.125,677.4014,ESP-Q,60.3473,3.1587,2.604,0.08908647073950542,87.7931712264151,0.0,0.0,14.39,16.12,0,92.43986254295532,,0.2595419847328244,0,0,5.0,158,-5.989601429726294,False,-5.000000000000004,,0.018100304353932187,False,False,独立池,677.4014,0.0,32.10533077937167,36.65302491876093,0.7,0.0,25.66,Other
600292.SH,600292,电投水电,20001101,,主板,L,295780690.1,-9.788867562380045,未知,未知,,,14.27,117.4446,70.6219,3.5822,2.463,6250554.2488,626857.6729,266892135.20000002,True,0,0,False,False,16.66,14.1,-5.8744993324432615,-11.32075471698114,-15.36614645858344,False,-9.788867562380045,-3.057119871279157,176.21,149.94,392164087.04,99.7871,,,496337722.36,98.9403,2.2806,0,6250554.2488,266892135.20000002,1.0,1.5,PASS,False,0.2857142857142857,176.21,149.94,2.125,176.21,,117.4446,3.5822,2.2806,0.66650360365473,87.7931712264151,0.0,0.0,14.27,16.66,0,89.8052691867125,,0.29389312977099236,0,0,5.0,158,-4.974610471206004,False,-5.8744993324432615,,-0.008515654208123401,False,False,独立池,176.21,0.0,24.713569620100607,34.38429468003387,1.0,0.0,34.38,Other
600298.SH,600298,安琪酵母,20000818,,主板,L,330733740.95,-8.215725806451612,未知,未知,,,36.22,20.355,19.645,2.5221,0.8292,3143637.6464,3104599.006,306386740.79999995,True,0,0,False,False,40.43,35.21,0.468965517241382,-15.772432932469938,-9.918377442493199,False,-8.215725806451612,-3.057119871279157,14.46,16.19,385759763.94,90.5699,,,3452280372.4900002,-68.8928,3.4787,0,3143637.6464,306386740.79999995,1.0,1.5,PASS,False,0.2857142857142857,14.46,16.19,2.125,14.46,ESP-Q,20.355,2.5221,3.4787,1.4076763485477177,87.7931712264151,0.0,0.0,36.22,40.43,0,65.2348224513173,,0.35877862595419846,0,0,5.0,158,-3.4014687152775718,False,0.468965517241382,,0.0055240658414010746,False,False,独立池,14.46,0.0,22.328019174677767,26.536050570330744,0.7,0.0,18.58,Other
600299.SH,600299,安迪苏,20000420,,主板,L,235693243.6,-19.41049604601006,化学制品,化工,801034.SI,220000,11.64,31.0504,36.0196,1.8259,0.6181,3584863.0551,3121733.0818,164635855.79999998,False,0,0,False,False,14.5,11.21,-8.114754098360644,7.788461538461533,-22.689655172413794,False,-19.41049604601006,-3.057119871279157,-35.45,-9.18,301771455.0,98.7757,,,3252726120.0,161.2004,1.547,0,3584863.0551,164635855.79999998,1.0,1.5,PASS,False,0.2619047619047619,-35.45,-9.18,5.17,-40.620000000000005,,31.0504,1.8259,1.547,,72.11200512820513,0.0,0.0,11.64,14.5,0,65.2348224513173,,0.04081632653061224,0,0,5.0,15,-18.141102534021346,False,-8.114754098360644,,-0.023991266352607867,False,False,化学制品,-40.620000000000005,-0.11345411212687721,32.0,28.470446735395193,1.0,0.0,28.47,Other
600301.SH,600301,华锡有色,20000712,,主板,L,889970313.8499999,-4.419789014186981,稀有金属,有色金属,801054.SI,240000,53.76,42.4674,41.0103,6.8255,4.431,3400682.7671,1480204.6211,649302187.6,False,1,0,False,False,64.7,48.55,-6.1607142857142865,1.7031159280046282,-18.778979907264304,False,-4.419789014186981,-3.057119871279157,21.91,21.29,181862483.47,99.9831,,,1808492549.3,62.0178,3.7175,0,3400682.7671,649302187.6,1.0,1.5,PASS,False,0.8809523809523809,21.91,21.29,52.894999999999996,-30.984999999999996,,42.4674,6.8255,3.7175,1.9382656321314466,107.82666666666667,0.0,0.0,53.76,64.7,0,33.67697594501718,CAT-0,0.75,1,0,40.0,5,4.037195440039354,False,-6.1607142857142865,,0.0023475749057679457,False,False,稀有金属,-30.984999999999996,-0.5205406666168932,22.0,34.50309278350515,0.5,0.0,17.25,Other
600309.SH,600309,万华化学,20010105,,主板,L,2790816864.9999995,-11.42987770030861,化学制品,化工,801034.SI,220000,77.99,19.4892,18.5481,2.1916,0.7023,24414548.2112,24414548.2112,2244235002.6000004,False,0,0,False,False,90.92,77.49,-5.280528052805289,-11.186246418338119,-14.771227452705682,False,-11.42987770030861,-3.057119871279157,18.2,-9.1,3593821260.15,96.6677,,,31082714342.01,129.2592,3.3843,0,24414548.2112,2244235002.6000004,1.0,1.5,PASS,False,0.2619047619047619,18.2,-9.1,5.17,18.2,ESP-Q,19.4892,2.1916,3.3843,1.0708351648351648,72.11200512820513,10.0,0.0,77.99,90.92,0,65.2348224513173,,0.32653061224489793,0,0,5.0,15,-10.160484188319895,False,-5.280528052805289,,-0.008350564151181135,False,False,化学制品,18.2,0.019174082881728106,50.0,32.070446735395194,0.7,0.0,32.45,Other
600312.SH,600312,平高电气,20010221,,主板,L,676645047.3000001,-0.3778932451582562,未知,未知,,,21.26,25.7611,24.5248,2.4724,1.2674,2884814.7029,2884814.7029,611549079.1999999,False,0,0,False,False,23.6,20.89,-2.315886984715143,-7.944129201222172,-10.63559322033899,False,-0.3778932451582562,-3.057119871279157,14.45,10.1,407012247.17,98.1115,,,3137445304.9700003,-202.9461,3.6207,0,2884814.7029,611549079.1999999,1.0,1.5,PASS,False,0.2857142857142857,14.45,10.1,2.125,14.45,ESP-Q,25.7611,2.4724,3.6207,1.7827750865051903,87.7931712264151,0.0,0.0,21.26,23.6,0,66.55211912943871,,0.6622137404580153,0,1,40.0,158,4.436363846015784,False,-2.315886984715143,,0.00467424985355236,False,False,独立池,14.45,0.0,22.32787169087898,44.43121007700741,0.7,0.0,31.1,Other
600320.SH,600320,振华重工,20001221,,主板,L,361907790.1499999,-6.225680933852129,专用设备,机械设备,801074.SI,640000,4.86,34.986,30.0221,1.6008,1.2881,2560419.8015,1614490.8632,251950907.59999996,False,1,0,False,False,5.53,4.81,-5.3045186640471425,-8.884688090737235,-12.839059674502707,False,-6.225680933852129,-3.057119871279157,37.29,136.35,369095628.0,98.0748,,,1477436437.0,112.3987,2.3038,0,2560419.8015,251950907.59999996,1.0,1.5,PASS,False,0.5714285714285714,37.29,136.35,-11.475,60.24,,34.986,1.6008,2.3038,0.9382139983909895,213.18103214285716,0.0,0.0,4.86,5.53,0,65.2348224513173,,0.4375,0,0,5.0,10,-1.8435646128380716,False,-5.3045186640471425,,0.011838566691780694,False,False,专用设备,60.24,0.5578008042087237,50.0,32.070446735395194,1.0,0.0,32.07,Other
600323.SH,600323,瀚蓝环境,20001225,,主板,L,229919973.4,7.192982456140351,未知,未知,,,30.48,12.5955,11.6567,1.6344,0.4689,2485178.101,2485178.101,164104376.0,False,0,0,False,False,32.99,28.32,0.2954694681549519,10.24900757849152,-7.396180660806307,False,7.192982456140351,-3.057119871279157,37.39,18.05,574068751.12,99.1539,,,4940506445.87,54.1121,3.8837,0,2485178.101,164104376.0,1.0,1.5,PASS,False,0.2857142857142857,37.39,18.05,2.125,37.39,,12.5955,1.6344,3.8837,0.3368681465632522,87.7931712264151,10.0,0.0,30.48,32.99,0,65.2348224513173,,0.8053435114503816,1,1,75.0,158,12.007239547314391,True,0.2954694681549519,,0.001053251161619061,False,False,独立池,37.39,0.0,22.66619952530247,61.603686640455685,1.0,0.0,71.6,Tier2
600325.SH,600325,华发股份,20040225,,主板,L,203935214.45,-18.71508379888268,房地产开发,房地产,801181.SI,430000,2.83,,,0.9081,2.1059,778859.0488,778859.0488,180802670.2,False,0,0,False,False,3.77,2.91,-12.084592145015105,-33.40961098398169,-22.81167108753316,False,-18.71508379888268,-3.057119871279157,-614.27,-1362.57,-941165886.27,,,,-9050896762.61,,-10.5026,0,778859.0488,180802670.2,1.0,1.5,PASS,False,0.6666666666666666,-614.27,-1362.57,-25.055,-307.135,,,0.9081,-10.5026,,71.32621,0.0,0.0,2.83,3.77,0,65.2348224513173,,0.038461538461538464,0,0,5.0,8,-17.30787552646602,False,-12.084592145015105,,0.018906491024593595,False,False,房地产开发,-307.135,-1.6698170713608151,12.0,24.470446735395193,1.0,0.0,24.47,Other
600326.SH,600326,西藏天路,20010116,,主板,L,247214494.6,-10.418904403866813,水泥制造,建筑材料,801711.SI,610000,8.38,,379.8268,2.9138,1.253,1141745.1865,1141745.1865,250793962.8,True,0,0,False,False,9.79,8.34,-6.186726659167608,-26.25994694960213,-14.811031664964247,False,-10.418904403866813,-3.057119871279157,29.7011,28.3544,-59965141.45,,,,-266170200.24,,-0.9439,0,1141745.1865,250793962.8,1.0,1.5,PASS,False,0.023809523809523808,29.7011,28.3544,-10.89,51.4811,,,2.9138,-0.9439,,18.255566666666667,0.0,0.0,8.38,9.79,0,62.42840778923253,,0.6,0,0,0.0,2,0.0,False,-6.186726659167608,TIER2_FORCED,0.0027433133111110673,False,False,水泥制造,51.4811,0.3530425618969947,50.0,28.728522336769757,1.0,0.0,28.73,Tier2
600328.SH,600328,中盐化工,20001222,,主板,L,330796254.15,-17.35159817351598,化学原料,化工,801033.SI,220000,7.26,143.9553,,0.8986,1.6294,1064540.721,1064540.721,299459225.2,True,0,0,False,False,9.07,7.22,-9.950248756218894,-22.234156820622985,-20.176405733186332,False,-17.35159817351598,-3.057119871279157,-3037.08,-98.9,-173627374.76,,,,-88275496.73999998,,-1.2947,0,1064540.721,299459225.2,1.0,1.5,PASS,False,0.7142857142857143,-3037.08,-98.9,6.035,-3043.115,,143.9553,0.8986,-1.2947,,92.88029999999999,0.0,0.0,7.26,9.07,0,62.42840778923253,,0.07407407407407407,0,0,5.0,9,-10.616684380412533,False,-9.950248756218894,,0.016717695211271078,False,False,化学原料,-1499.4703,-4.59132522025595,5.0,22.228522336769757,1.0,0.0,22.23,Other
600331.SH,600331,宏达股份,20011220,,主板,L,1200086975.25,-8.434430964760253,未知,未知,,,16.06,,,13.6203,2.3562,4242409.6,3263392.0,957615168.6000001,False,0,0,False,False,18.84,15.3,-5.429594272076388,-14.876476906552105,-15.870488322717623,False,-8.434430964760253,-3.057119871279157,7.0307,-764.87,-34430851.36,,,,-248404024.42,,-1.0758,0,4242409.6,957615168.6000001,1.0,1.5,PASS,False,0.2857142857142857,7.0307,-764.87,2.125,7.0307,ESP-Q,,13.6203,-1.0758,,87.7931712264151,0.0,0.0,16.06,18.84,0,62.42840778923253,,0.3473282442748092,0,0,5.0,158,-3.6201738735862126,False,-5.429594272076388,,-0.01405589496550584,False,False,独立池,7.0307,0.0,22.218449036042962,25.67221214397835,0.7,0.0,17.97,Other
600338.SH,600338,西藏珠峰,20001227,,主板,L,2437067669.899999,-6.387975575387506,工业金属,有色金属,801055.SI,240000,20.46,36.5303,33.055,4.141,5.2866,1870474.0037,1870474.0037,1477409395.3999999,True,3,0,False,False,28.28,19.28,-6.123410268487994,8.492106695699508,-29.526166902404526,False,-6.387975575387506,-3.057119871279157,42.58,100.58,179602915.32,99.8801,,,1431978184.52,41.2218,3.9993,0,1870474.0037,1477409395.3999999,1.0,1.5,PASS,False,0.14285714285714285,42.58,100.58,60.27,-17.690000000000005,,36.5303,4.141,3.9993,0.8579215594175669,36.771677777777775,0.0,0.0,20.46,28.28,0,74.5704467353952,,0.5,0,0,5.0,9,-0.22990297592395148,False,-6.123410268487994,,-0.0036693172571661665,False,False,工业金属,-17.690000000000005,-0.5468567081187885,22.0,29.27113402061856,1.0,0.0,29.27,Other
600339.SH,600339,中油工程,20001225,,主板,L,470377222.6000001,0.0,未知,未知,,,3.95,61.9065,59.1857,0.8196,1.8237,2205343.251,2205343.251,727870948.8000001,True,1,1,False,False,4.4,3.78,2.088772845953013,-7.783018867924529,-11.136363636363644,False,0.0,-3.057119871279157,28.95,-17.02,215074837.39,102.1487,,,1397884816.97,-1156.1238,0.7852,0,2205343.251,727870948.8000001,1.0,1.5,PASS,False,0.2857142857142857,28.95,-17.02,2.125,28.95,ESP-Q,61.9065,0.8196,0.7852,2.1383937823834196,87.7931712264151,0.0,0.0,3.95,4.4,0,65.2348224513173,,0.6841603053435115,0,1,55.0,158,4.81425709117404,False,2.088772845953013,,0.011172744835093453,False,False,独立池,28.95,0.0,22.541723199123993,51.57879137521999,0.7,0.0,36.11,Other
600343.SH,600343,航天动力,20030408,,主板,L,1704441459.5499995,-11.250682687056246,通用机械,机械设备,801072.SI,640000,32.43,,,16.2504,3.2896,2069703.1866,2069703.1866,1066319578.9999999,True,1,1,False,False,40.57,32.38,-7.853700028352717,1.404056162246503,-19.89154547695341,False,-11.250682687056246,-3.057119871279157,12.2288,2.9519,-23385861.57,,,,-356757629.24,,-1.7312,0,2069703.1866,1066319578.9999999,1.0,1.5,PASS,False,0.5952380952380952,12.2288,2.9519,-0.595,13.418800000000001,ESP-Q,,16.2504,-1.7312,,108.90780749999999,0.0,0.0,32.43,40.57,0,65.2348224513173,,0.1836734693877551,0,0,5.0,15,-13.351139308060823,False,-7.853700028352717,,-0.008434088769506841,False,False,通用机械,13.418800000000001,0.20041553199763376,50.0,32.070446735395194,0.7,0.0,22.45,Other
600346.SH,600346,恒力石化,20010820,,主板,L,922110202.0500001,-24.017642341619894,未知,未知,,,18.53,18.4371,14.6001,1.8448,0.7303,13043451.9035,13043451.9035,724024659.8,False,0,0,False,False,25.11,18.94,-10.146989094357517,-25.364316660102403,-24.532058940661095,False,-24.017642341619894,-3.057119871279157,94.27,14.21,2407158000.0,61.5611,,,14838221600.0,85.917,5.6884,0,13043451.9035,724024659.8,1.0,1.5,PASS,False,0.2857142857142857,94.27,14.21,2.125,94.27,ESP-Q,18.4371,1.8448,5.6884,0.19557759626604435,87.7931712264151,10.0,0.0,18.53,25.11,0,65.2348224513173,,0.022900763358778626,0,0,5.0,158,-19.203385250445855,False,-10.146989094357517,,-0.00127118794765219,False,False,独立池,94.27,0.0,23.505087372818085,26.771464209958808,0.7,0.0,28.74,Other
600348.SH,600348,华阳股份,20030821,,主板,L,534665300.6999999,-9.667673716012072,未知,未知,,,8.88,18.8103,20.1513,1.1498,0.8692,3203460.0,3203460.0,332457062.2,True,0,0,False,False,10.59,8.95,-5.47945205479452,-7.0466321243523256,-15.29745042492917,False,-9.667673716012072,-3.057119871279157,-24.11,-23.7,478730765.41,98.9918,,,4073803151.4,-44.2571,1.3626,0,3203460.0,332457062.2,1.0,1.5,PASS,False,0.2857142857142857,-24.11,-23.7,2.125,-26.235,ESP-Q,18.8103,1.1498,1.3626,,87.7931712264151,0.0,0.0,8.88,10.59,0,65.2348224513173,,0.30343511450381677,0,0,5.0,158,-4.853416624838031,False,-5.47945205479452,,-0.002714086150933923,False,False,独立池,-26.235,0.0,21.727833855503224,26.416013506495837,0.7,0.0,18.49,Other
600352.SH,600352,浙江龙盛,20030801,,主板,L,561364224.4999999,-10.68642745709829,化学制品,化工,801034.SI,220000,11.63,20.6866,19.204,1.1416,0.9389,3783624.9532,3783624.9532,492932155.3999999,False,0,0,False,False,13.79,11.37,-4.264214046822756,-30.81570996978853,-16.968817984046414,False,-10.68642745709829,-3.057119871279157,4.74,-12.59,305743449.9,56.9214,,,3417473301.91,56.5855,1.6324,0,3783624.9532,492932155.3999999,1.0,1.5,PASS,False,0.2619047619047619,4.74,-12.59,5.17,-0.4299999999999997,ESP-Q,20.6866,1.1416,1.6324,4.364261603375527,72.11200512820513,0.0,0.0,11.63,13.79,0,78.57961053837343,,0.3673469387755102,0,0,5.0,15,-9.417033945109576,False,-4.264214046822756,,-0.005814828527406413,False,False,化学制品,-0.4299999999999997,-0.022833113191211656,32.0,32.47388316151203,0.7,0.0,22.73,Other
600353.SH,600353,旭光电子,20021120,,主板,L,1074519267.3999999,33.806292412091295,其他电子,电子,801082.SI,270000,23.53,120.7025,118.3365,10.1139,7.6701,1950192.6571,1950192.6571,1635638493.1999998,False,1,1,False,False,24.57,15.95,2.844950213371278,13.79853095487935,-11.721611721611714,False,33.806292412091295,-3.057119871279157,6.36,35.41,29398742.99,88.0949,,,303650016.2,-305.1518,1.7428,0,1950192.6571,1635638493.1999998,1.0,1.5,PASS,False,0.9285714285714286,6.36,35.41,10.47,-4.11,ESP-Q,120.7025,10.1139,1.7428,18.978380503144653,116.60343333333333,0.0,0.0,23.53,24.57,0,75.60137457044674,CHASE,0.9230769230769231,1,1,75.0,4,29.159879340863323,True,2.844950213371278,,0.002956147798251056,True,False,其他电子,-4.11,-0.608518354254503,22.0,64.58041237113403,0.7,0.0,45.21,Other
600360.SH,600360,华微电子,20010316,,主板,L,381596610.3,22.78738555442523,半导体,电子,801081.SI,270000,11.92,66.2216,65.0967,3.2572,14.461,1144672.0024,1144672.0024,751787931.6000001,False,1,1,False,False,12.6,9.37,3.2506415739948835,30.627705627705627,-4.206349206349202,False,22.78738555442523,-3.057119871279157,-6.53,11.54,58276003.46,100.6461,,,428467447.84000003,16.2233,1.6615,0,1144672.0024,751787931.6000001,1.0,1.5,PASS,False,0.8333333333333334,-6.53,11.54,20.14,-26.67,,66.2216,3.2572,1.6615,,137.7359375,0.0,0.0,11.92,12.6,0,91.29438717067583,CHASE,0.6428571428571429,0,1,40.0,9,3.9015980278610094,False,3.2506415739948835,,0.014980288376426034,True,False,半导体,-26.67,-0.3616178871930876,32.0,53.78831615120275,1.0,0.0,53.79,Tier2
600361.SH,600361,创新新材,20011129,,主板,L,270707415.79999995,-7.608695652173902,工业金属,有色金属,801055.SI,240000,4.45,21.1457,19.6592,1.4567,1.9537,1661034.9963,1661034.9963,238225644.6,False,0,0,False,False,4.72,4.18,0.0,-6.38766519823789,-9.957627118644064,False,-7.608695652173902,-3.057119871279157,29.31,,251369012.29,94.3752,,,853585346.0799999,-392.2181,2.3594,0,1661034.9963,238225644.6,1.0,1.5,PASS,False,0.14285714285714285,29.31,,60.27,-30.960000000000004,ESP-Q,21.1457,1.4567,2.3594,0.7214500170590243,36.771677777777775,0.0,0.0,4.45,4.72,0,79.03780068728523,,0.4642857142857143,0,0,5.0,9,-1.4506230527103483,False,0.0,,-0.006865273170276604,False,False,工业金属,-30.960000000000004,-0.6078913701909159,22.0,30.611340206185567,0.7,0.0,21.43,Other
600362.SH,600362,江西铜业,20020111,,主板,L,2350748601.1499996,-5.928169623539603,工业金属,有色金属,801055.SI,240000,45.28,21.9899,19.6105,1.8641,2.3468,15679238.7458,9396720.2498,2187784968.0,True,0,0,False,False,51.88,42.75,-6.232477895190858,-23.86622307827001,-16.191210485736327,False,-5.928169623539603,-3.057119871279157,26.3,11.3,3126322051.0,110.9584,,,22883640145.0,135.9642,3.4073,0,15679238.7458,2187784968.0,1.0,1.5,PASS,False,0.14285714285714285,26.3,11.3,60.27,-33.97,,21.9899,1.8641,3.4073,0.8361178707224334,36.771677777777775,0.0,0.0,45.28,51.88,0,62.42840778923253,,0.5357142857142857,0,0,5.0,9,0.22990297592395148,False,-6.232477895190858,,-0.009860710118812224,False,False,工业金属,-33.97,-0.6217357057475928,22.0,25.628522336769755,1.0,0.0,25.63,Other
600366.SH,600366,宁波韵升,20001030,,主板,L,388257893.9,-0.3909304143862258,金属非金属新材料,有色金属,801051.SI,240000,13.11,43.5529,35.1304,2.2674,2.0875,1440842.8179,1440842.8179,366115889.79999995,True,0,0,False,False,13.94,12.6,-4.569288389513105,-11.21951219512195,-8.608321377331418,False,-0.3909304143862258,-3.057119871279157,703.22,185.27,99336176.17,85.2431,,,717995468.18,43.8,1.8538,0,1440842.8179,366115889.79999995,1.0,1.5,PASS,False,0.7857142857142857,703.22,185.27,37.74,703.22,,43.5529,2.2674,1.8538,0.06193353431358607,114.53097142857143,10.0,0.0,13.11,13.94,0,88.31615120274914,,0.625,0,1,55.0,3,0.8304263414146029,False,-4.569288389513105,,-0.014497111799456829,False,False,金属非金属新材料,703.22,0.16482453111121426,50.0,63.99484536082474,1.0,0.0,73.99,Tier1
600367.SH,600367,红星发展,20010320,,主板,L,892778862.25,9.823008849557514,化学原料,化工,801033.SI,220000,26.27,96.5371,97.2288,3.6,13.1809,896150.8796,845823.5491,943277411.0,True,1,0,False,False,26.81,20.43,-0.5210420841683328,22.14566929133859,-7.422603506154413,False,9.823008849557514,-3.057119871279157,-7.93,,26524077.89,92.5802,,,209362912.55,0.6935,1.1581,0,896150.8796,943277411.0,1.0,1.5,PASS,False,0.7142857142857143,-7.93,,6.035,-13.965,ESP-Q,96.5371,3.6,1.1581,,92.88029999999999,0.0,0.0,26.27,26.81,0,82.4742268041237,,0.8518518518518519,1,1,100.0,9,16.557922642660962,True,-0.5210420841683328,,0.009806375455969641,False,False,化学原料,-13.965,0.011943125261453297,50.0,84.74226804123711,0.7,0.0,59.32,Tier2
600369.SH,600369,西南证券,20010109,,主板,L,159985776.25,-3.1100478468899517,证券,非银金融,801193.SI,490000,4.01,25.0824,23.6405,1.0017,0.7826,2664688.7587,2664688.7587,194238905.20000002,False,0,0,False,False,4.34,4.02,-0.49140049140050657,-10.19955654101996,-6.682027649769584,False,-3.1100478468899517,-3.057119871279157,32.08,51.82,291696229.85,93.9914,,,2420568885.7,673.5125,1.1744,0,2664688.7587,194238905.20000002,1.0,1.5,PASS,False,0.07142857142857142,32.08,51.82,30.57,1.509999999999998,,25.0824,1.0017,1.1744,0.7818703241895262,30.16254222222222,0.0,0.0,4.01,4.34,0,65.2348224513173,,0.37777777777777777,0,0,5.0,14,-0.7929746761582535,False,-0.49140049140050657,,-0.008374380332549782,False,False,证券,1.509999999999998,-0.0673204683788779,32.0,28.470446735395193,1.0,0.0,28.47,Other
600372.SH,600372,中航机载,20010706,,主板,L,574512862.8499999,-10.876132930513593,航空装备,国防军工,801742.SI,650000,11.79,53.452,49.7608,1.5043,0.6818,5705059.1268,5705059.1268,566106906.8,False,0,0,False,False,13.81,11.8,-4.915390813859788,-27.16049382716048,-14.554670528602465,False,-10.876132930513593,-3.057119871279157,165.69,5.91,159276558.69,88.4588,,,2530738888.03,-299.8361,0.4745,0,5705059.1268,566106906.8,1.0,1.5,PASS,False,0.5238095238095238,165.69,5.91,-13.16,192.01,ESP-Q,53.452,1.5043,0.4745,0.32260245035910434,161.41275,0.0,0.0,11.79,13.81,0,65.06300114547537,,0.1875,0,0,5.0,5,-3.7826285680515266,False,-4.915390813859788,,0.0038360851928899336,False,False,航空装备,192.01,0.2246488652915539,50.0,32.01890034364261,0.7,0.0,22.41,Other
600376.SH,600376,首开股份,20010312,,主板,L,323473289.8,-2.3605150214592308,房地产开发,房地产,801181.SI,430000,4.34,,,4.7553,4.7983,1119531.315,1119531.315,521411710.6,True,0,0,False,False,4.9,4.21,-0.6550218340611424,-19.611307420494704,-7.142857142857151,False,-2.3605150214592308,-3.057119871279157,31.5357,18.238,-751053735.6,,,,-12485650938.84,,-8.7359,0,1119531.315,521411710.6,1.0,1.5,PASS,False,0.6666666666666666,31.5357,18.238,-25.055,81.6457,ESP-Q,,4.7553,-8.7359,,71.32621,0.0,0.0,4.34,4.9,0,69.3012600229095,,0.46153846153846156,0,0,5.0,8,-0.9533067490425706,False,-0.6550218340611424,,0.0045323418788560665,False,False,房地产开发,81.6457,0.3817493805712263,50.0,33.29037800687285,0.7,0.0,23.3,Other
600378.SH,600378,昊华科技,20010111,,主板,L,752393869.75,2.8454092109122975,化学制品,化工,801034.SI,220000,36.47,32.57,30.0089,2.5319,1.8807,4704628.6141,3911645.8789,1012663715.0000001,True,0,0,False,False,38.43,32.62,-5.063633901976705,-5.575006733099919,-8.769190736403843,False,2.8454092109122975,-3.057119871279157,78.81,121.61,306290751.55,99.4388,,,2951805483.25,-154.1685,1.6744,0,4704628.6141,1012663715.0000001,1.0,1.5,PASS,False,0.2619047619047619,78.81,121.61,5.17,78.81,ESP-Q,32.57,2.5319,1.6744,0.41327242735693437,72.11200512820513,0.0,0.0,36.47,38.43,0,91.29438717067583,,0.6326530612244898,0,1,55.0,15,4.114802722901012,False,-5.063633901976705,,-0.006235361941949624,False,False,化学制品,78.81,0.15583839603153374,50.0,64.88831615120274,0.7,0.0,45.42,Other
600383.SH,600383,金地集团,20010412,,主板,L,244665769.2,-3.2490974729241784,房地产开发,房地产,801181.SI,430000,2.69,,,0.2714,1.1598,1214422.9809,1214422.9809,197862252.6,False,0,0,False,False,3.26,2.64,-6.620209059233451,-19.760479041916156,-17.791411042944773,False,-3.2490974729241784,-3.057119871279157,-4.4933,-180.5342,-672352597.16,,,,-20675517098.98,,-1.5037,0,1214422.9809,197862252.6,1.0,1.5,PASS,False,0.6666666666666666,-4.4933,-180.5342,-25.055,-2.24665,,,0.2714,-1.5037,,71.32621,0.0,0.0,2.69,3.26,0,65.2348224513173,,0.4230769230769231,0,0,5.0,8,-1.8418892005075183,False,-6.620209059233451,,-0.005337297708083758,False,False,房地产开发,-2.24665,-0.06094422750587478,32.0,28.470446735395193,1.0,0.0,28.47,Other
600388.SH,600388,龙净环保,20001229,,主板,L,348525347.3500001,0.9429020429544188,未知,未知,,,19.43,22.1857,21.0676,2.298,1.6307,2467699.9473,2467699.9473,325356434.8000001,True,0,0,False,False,19.98,18.12,2.2823779193205995,1.1017838405036784,-3.5535535535535567,False,0.9429020429544188,-3.057119871279157,30.49,37.18,224532784.84,91.9633,,,2423574505.91,-84.175,2.2,0,2467699.9473,325356434.8000001,1.0,1.5,PASS,False,0.2857142857142857,30.49,37.18,2.125,30.49,ESP-Q,22.1857,2.298,2.2,0.7276385700229584,87.7931712264151,0.0,0.0,19.43,19.98,0,65.2348224513173,,0.7022900763358778,1,1,100.0,158,5.757159134128459,True,2.2823779193205995,,-0.01858548436679096,False,False,独立池,30.49,0.0,22.564435704137605,74.08333387622271,0.7,0.0,51.86,Tier2
600389.SH,600389,江山股份,20010110,,主板,L,234845102.80000004,-15.297638842700367,未知,未知,,,25.62,20.7158,19.7107,2.6398,1.4542,1103325.3,1103325.3,166774607.2,True,0,0,False,False,30.4,25.38,-2.786259541984737,-7.449127906976749,-16.217105263157894,False,-15.297638842700367,-3.057119871279157,-6.54,89.75,140583931.7,76.9629,,,1131509718.44,-14.0526,4.467,0,1103325.3,166774607.2,1.0,1.5,PASS,False,0.2857142857142857,-6.54,89.75,2.125,-8.665,ESP-Q,20.7158,2.6398,4.467,,87.7931712264151,0.0,0.0,25.62,30.4,0,65.2348224513173,,0.10877862595419847,0,0,5.0,158,-10.483381751526327,False,-2.786259541984737,,-0.0015231601534007328,False,False,独立池,-8.665,0.0,21.98696288997667,26.467839313390524,0.7,0.0,18.53,Other
600390.SH,600390,五矿资本,20010115,,主板,L,150619883.14999995,-6.805293005671087,多元金融,非银金融,801191.SI,490000,4.84,49.9718,41.2433,0.5129,0.7848,2177063.6822,2177063.6822,156388146.0,False,0,0,False,False,5.37,4.92,-2.5691699604743046,-12.121212121212132,-8.193668528864062,False,-6.805293005671087,-3.057119871279157,47.47,19.19,283574066.55,99.743,,,2334331631.1299996,-76.7695,0.673,0,2177063.6822,156388146.0,1.0,1.5,PASS,False,0.19047619047619047,47.47,19.19,15.68,47.47,ESP-Q,49.9718,0.5129,0.673,1.052702759637666,47.574976923076925,0.0,0.0,4.84,5.37,0,83.73424971363116,,0.5714285714285714,0,0,5.0,5,0.9482807439547543,False,-2.5691699604743046,,-0.0007431114421245217,False,False,多元金融,47.47,-0.17134956291856052,32.0,34.02027491408935,0.7,0.0,23.81,Other
600391.SH,600391,航发科技,20011212,,主板,L,766913585.75,7.620908646800206,航空装备,国防军工,801742.SI,650000,43.57,236.2754,312.957,8.1061,4.5582,1438373.652,1438373.652,721225202.4000001,True,1,1,False,False,47.53,34.9,5.760921747479619,-13.861192570869985,-7.3006522196507495,False,7.620908646800206,-3.057119871279157,-4288.71,-31.96,-16633376.08,,,,51742677.5,-98.8489,-0.6376,0,1438373.652,721225202.4000001,1.0,1.5,PASS,False,0.5238095238095238,-4288.71,-31.96,-13.16,-2144.355,ESP-Q,236.2754,8.1061,-0.6376,,161.41275,0.0,0.0,43.57,47.53,0,65.2348224513173,,0.8125,1,1,100.0,5,14.714413009262273,True,5.760921747479619,,-0.0006658490699740819,False,False,航空装备,-1499.4703,-2.4818412199348074,12.0,71.9704467353952,0.7,0.0,50.38,Tier2
600392.SH,600392,盛和资源,20030529,,主板,L,1980304177.6499996,-15.833637358628238,稀有金属,有色金属,801054.SI,240000,23.8,49.7218,41.8002,3.2417,2.4326,4171727.2366,4171727.2366,1527690952.4,True,1,0,False,False,27.96,22.65,-8.233890214797135,-20.776098901098905,-17.4892703862661,False,-15.833637358628238,-3.057119871279157,96.66,310.31,325812295.34,99.5336,,,2276755548.9399996,-152.3614,2.5621,0,4171727.2366,1527690952.4,1.0,1.5,PASS,False,0.8809523809523809,96.66,310.31,52.894999999999996,96.66,ESP-Q,49.7218,3.2417,2.5621,0.5143989240637286,107.82666666666667,0.0,0.0,23.8,27.96,0,74.1122565864834,,0.25,0,0,5.0,5,-7.376652904401903,False,-8.233890214797135,,-0.003601734722651263,False,False,稀有金属,96.66,0.013885846949750208,50.0,34.733676975945016,0.7,0.0,24.31,Other
600395.SH,600395,盘江股份,20010531,,主板,L,192111577.3,-9.895833333333325,未知,未知,,,5.15,33.5513,23.0605,1.0319,0.8807,1105511.8204,1105511.8204,157111714.2,True,0,0,False,False,5.88,5.16,-0.7648183556405397,-11.584327086882451,-11.734693877551017,False,-9.895833333333325,-3.057119871279157,145.48,1053.31,56068625.6,123.7045,,,248892978.29999998,453.8667,0.4246,0,1105511.8204,157111714.2,1.0,1.5,PASS,False,0.2857142857142857,145.48,1053.31,2.125,145.48,,33.5513,1.0319,0.4246,0.23062482815507288,87.7931712264151,0.0,0.0,5.15,5.88,0,65.2348224513173,,0.2881679389312977,0,0,5.0,158,-5.081576242159285,False,-0.7648183556405397,,0.001984614328901136,False,False,独立池,145.48,0.0,24.260351906419963,26.922517116679185,1.0,0.0,26.92,Other
600397.SH,600397,江钨装备,20020702,,主板,L,612299442.05,-14.809873248832561,未知,未知,,,13.34,,,68.4041,2.7545,1320606.4826,1320606.4826,401294283.1999999,False,1,0,False,False,16.03,12.77,-8.39311334289814,-25.058685446009388,-20.336868371802876,False,-14.809873248832561,-3.057119871279157,101.0097,-0.5631,1259071.54,94.4488,,,-917323142.21,241.5503,0.6934,0,1320606.4826,401294283.1999999,1.0,1.5,PASS,False,0.2857142857142857,101.0097,-0.5631,2.125,101.0097,ESP-Q,,68.4041,0.6934,,87.7931712264151,0.0,0.0,13.34,16.03,0,58.30469644902635,,0.12595419847328243,0,0,5.0,158,-9.995616157658521,False,-8.39311334289814,,-0.012439036181732959,False,False,独立池,101.0097,0.0,23.60448702868836,24.71230634044558,0.7,0.0,17.3,Other
600398.SH,600398,海澜之家,20001228,,主板,L,214986024.5,-9.327217125382269,服装家纺,纺织服装,801132.SI,350000,5.85,12.9715,12.8876,1.625,0.532,2809620.6232,2809620.6232,164683786.2,False,0,0,False,False,6.68,5.86,-1.1666666666666714,-3.7337662337662447,-11.227544910179644,False,-9.327217125382269,-3.057119871279157,2.14,5.3,945572757.62,99.6075,,,6449805942.08,136.5121,5.0519,0,2809620.6232,164683786.2,1.0,1.5,PASS,False,0.09523809523809523,2.14,5.3,17.65,-15.509999999999998,,12.9715,1.625,5.0519,6.061448598130841,126.22243636363636,10.0,0.0,5.85,6.68,0,84.5360824742268,,0.2,0,0,5.0,5,-15.658688261322684,False,-1.1666666666666714,,-0.009656670401388283,False,False,服装家纺,-15.509999999999998,-0.7652814526061316,22.0,32.26082474226804,1.0,0.0,42.26,Other
600399.SH,600399,抚顺特钢,20001229,,主板,L,227399033.35,-15.692821368948252,未知,未知,,,5.11,,,1.8775,1.5576,1007743.1,1007743.1,211302570.4,False,0,0,False,False,6.08,5.05,-2.8846153846153966,-22.06790123456791,-16.940789473684216,False,-15.692821368948252,-3.057119871279157,-28.0042,-954.71,-157382420.09,,,,-1851587056.75,,-2.692,0,1007743.1,211302570.4,1.0,1.5,PASS,False,0.2857142857142857,-28.0042,-954.71,2.125,-30.1292,,,1.8775,-2.692,,87.7931712264151,0.0,0.0,5.11,6.08,0,70.79037800687286,,0.09923664122137404,0,0,5.0,158,-10.878564277774212,False,-2.8846153846153966,,0.004806872329901148,False,False,独立池,-30.1292,0.0,21.67040071457855,28.071193544977564,1.0,0.0,28.07,Other
600400.SH,600400,红豆股份,20010108,,主板,L,314352029.8,45.192307692307686,服装家纺,纺织服装,801132.SI,350000,3.16,,,5.2201,6.0558,724073.5052,724073.5052,423604447.2,True,2,0,False,False,3.22,2.02,0.33222591362127574,27.966101694915267,-6.211180124223603,False,45.192307692307686,-3.057119871279157,122.6182,-61.08,7307199.08,130.4702,,,-676257058.4,1689.7548,0.4035,1,724073.5052,423604447.2,1.0,1.5,PASS,False,0.09523809523809523,122.6182,-61.08,17.65,122.6182,ESP-Q,,5.2201,0.4035,,126.22243636363636,0.0,0.0,3.16,3.22,10,78.57961053837343,CHASE,1.0,1,1,100.0,5,38.860836556367275,True,0.33222591362127574,,0.0060592598925775214,True,False,服装家纺,122.6182,0.04403687315681927,50.0,83.57388316151203,0.7,10.0,48.5,Other
600406.SH,600406,国电南瑞,20031016,,主板,L,3214154834.0999994,-5.068442471328161,未知,未知,,,25.83,25.0587,24.9349,3.8782,0.7585,20746026.1509,20685119.0264,2898004761.4,False,0,0,False,False,28.48,25.63,-3.09667673716012,-4.467609828741626,-9.90168539325843,False,-5.068442471328161,-3.057119871279157,5.39,8.04,641986345.23,89.0051,,,16067833926.150002,-173.157,1.3591,0,20746026.1509,2898004761.4,1.0,1.5,PASS,False,0.2857142857142857,5.39,8.04,2.125,5.39,ESP-Q,25.0587,3.8782,1.3591,4.649109461966606,87.7931712264151,0.0,0.0,25.83,28.48,0,88.88888888888889,,0.4904580152671756,0,0,5.0,158,-0.2541853801541203,False,-3.09667673716012,,-0.0001409093509036755,False,False,独立池,5.39,0.0,22.194251369175543,33.60551694050177,0.7,0.0,23.52,Other
600410.SH,600410,华胜天成,20040427,,主板,L,3070869217.0999994,-24.40860215053763,未知,未知,,,21.25,841.3485,,5.4074,7.524,2330051.2014,2330051.2014,1993873921.2000003,True,0,0,False,False,28.98,20.76,-8.064516129032262,-11.498111624003348,-27.225672877846797,False,-24.40860215053763,-3.057119871279157,-82.0102,-617.1498,-68963318.07,,,,-379871113.1,,-2.1138,0,2330051.2014,1993873921.2000003,1.0,1.5,PASS,False,0.2857142857142857,-82.0102,-617.1498,2.125,-84.1352,,841.3485,5.4074,-2.1138,,87.7931712264151,0.0,0.0,21.25,28.98,0,84.5360824742268,,0.02099236641221374,0,0,5.0,158,-19.59434505936359,False,-8.064516129032262,,-0.0033094260274457513,False,False,独立池,-84.1352,0.0,20.873899710835087,32.03560468443506,1.0,0.0,32.04,Other
600415.SH,600415,小商品城,20020509,,主板,L,1873953457.6500003,9.635627530364378,一般零售,商业贸易,801203.SI,450000,13.35,17.4152,16.673,3.067,1.7565,7320551.5667,7320551.5667,2232160703.6,True,0,0,False,False,14.36,12.19,-1.5272727272727327,-9.853528628495345,-5.710306406685239,False,9.635627530364378,-3.057119871279157,18.87,30.5,945229245.65,95.435,,,9898037805.08,4.9854,4.2312,0,7320551.5667,2232160703.6,1.0,1.5,PASS,False,0.5,18.87,30.5,-2.72,24.31,,17.4152,3.067,4.2312,0.9229040805511393,294.39719,10.0,0.0,13.35,14.36,0,84.5360824742268,,0.8235294117647058,1,1,100.0,6,19.551593916918996,True,-1.5272727272727327,,-0.004471441739406806,False,False,一般零售,24.31,0.41044221868649633,50.0,85.36082474226804,1.0,0.0,95.36,Tier1
600416.SH,600416,湘电股份,20020718,,主板,L,334151242.3000001,-4.991948470209328,电机,电气设备,801731.SI,630000,12.98,85.2249,85.848,1.9677,5.9594,1915565.5344,1915565.5344,402815711.59999996,True,0,0,False,False,13.3,11.56,-3.9087947882736063,-20.32410533423362,-11.27819548872181,False,-4.991948470209328,-3.057119871279157,-29.14,-93.2,26657057.72,52.4196,,,209077655.62,-759.8819,0.5238,0,1915565.5344,402815711.59999996,1.0,1.5,PASS,False,0.9047619047619048,-29.14,-93.2,-11.325,-14.57,ESP-Q,85.2249,1.9677,0.5238,,169.84244,0.0,0.0,12.98,13.3,0,96.10538373424971,,0.18181818181818182,0,0,5.0,4,-10.937894416155281,False,-3.9087947882736063,,-0.0008082458122799635,False,False,电机,-14.57,-0.5753466129553872,22.0,35.73161512027491,0.7,0.0,25.01,Other
600418.SH,600418,江淮汽车,20010824,,主板,L,2281007426.2,-0.7221006564551491,未知,未知,,,45.05,,,8.0698,1.5196,10155072.7685,9838964.1085,1989918482.5999997,True,1,0,False,False,52.75,44.21,-1.0900370612600851,-20.70954211814051,-13.990521327014227,False,-0.7221006564551491,-3.057119871279157,-153.1628,8.8081,-726697455.53,,,,-5905409357.99,,-5.4412,0,10155072.7685,1989918482.5999997,1.0,1.5,PASS,False,0.2857142857142857,-153.1628,8.8081,2.125,-155.2878,,,8.0698,-5.4412,,87.7931712264151,0.0,0.0,45.05,52.75,0,81.78694158075601,,0.6526717557251909,0,1,55.0,158,4.092156434718891,False,-1.0900370612600851,,0.005658625300017807,False,False,独立池,-155.2878,0.0,19.824514136658934,56.000985301558586,1.0,0.0,56.0,Tier2
600426.SH,600426,华鲁恒升,20020620,,主板,L,999024515.4000001,-11.082766439909298,未知,未知,,,31.41,20.0401,17.8359,1.956,0.9683,6644285.3931,6643405.9068,964699145.4000001,False,0,0,False,False,39.7,31.35,-8.568930341008452,-14.383187772925766,-20.982367758186406,False,-11.082766439909298,-3.057119871279157,58.27,-15.03,1112802620.71,99.6605,,,8316052367.65,63.5873,3.3208,0,6644285.3931,964699145.4000001,1.0,1.5,PASS,False,0.2857142857142857,58.27,-15.03,2.125,58.27,ESP-Q,20.0401,1.956,3.3208,0.34391796807962927,87.7931712264151,10.0,0.0,31.41,39.7,0,65.2348224513173,,0.24618320610687022,0,0,5.0,158,-6.2685093487352574,False,-8.568930341008452,,-0.01785228309076927,False,False,独立池,58.27,0.0,22.97414569717529,26.66527587483025,0.7,0.0,28.67,Other
600428.SH,600428,中远海特,20020418,,主板,L,343948854.55,-12.458286985539491,未知,未知,,,7.87,12.132,11.733,1.2627,1.2102,2159465.3509,1924439.7538,331602752.2,False,0,0,False,False,9.33,7.66,-1.6249999999999987,-2.5990099009901013,-15.648445873526262,False,-12.458286985539491,-3.057119871279157,11.1,34.65,387408734.35,95.4506,,,4310764339.51,271.392,2.3901,0,2159465.3509,331602752.2,1.0,1.5,PASS,False,0.2857142857142857,11.1,34.65,2.125,11.1,,12.132,1.2627,2.3901,1.092972972972973,87.7931712264151,0.0,0.0,7.87,9.33,0,83.8487972508591,,0.18702290076335878,0,0,5.0,158,-7.644029894365451,False,-1.6249999999999987,,-0.0009237129648858349,False,False,独立池,11.1,0.0,22.27846461828444,32.11033209891462,1.0,0.0,32.11,Other
600438.SH,600438,通威股份,20040302,,主板,L,1079404308.8999999,-14.528508771929815,未知,未知,,,16.1,,,2.0732,1.1211,7248205.0946,7248205.0946,909920423.6,False,0,0,False,False,18.83,15.57,-4.061538461538461,-14.151982378854623,-17.20658523632501,False,-14.528508771929815,-3.057119871279157,1.84,-39.92,-2559816031.49,,,,-22934202928.329998,,-6.4908,0,7248205.0946,909920423.6,1.0,1.5,PASS,False,0.2857142857142857,1.84,-39.92,2.125,-0.2849999999999999,,,2.0732,-6.4908,,87.7931712264151,0.0,0.0,16.1,18.83,0,65.2348224513173,,0.1297709923664122,0,0,5.0,158,-9.714251680755774,False,-4.061538461538461,,-0.003544107469219101,False,False,独立池,-0.2849999999999999,0.0,22.110554313362403,26.49255759806767,1.0,0.0,26.49,Other
600446.SH,600446,金证股份,20031224,,主板,L,422004603.9,14.132231404958695,未知,未知,,,13.67,,,3.6383,2.5688,1286712.6438,1286712.6438,534945598.40000015,True,2,1,False,False,14.68,11.88,7.554517133956384,-8.482438701126572,-5.926430517711168,False,14.132231404958695,-3.057119871279157,32.2262,17.399,-69352312.19,,,,-414482295.47,,-1.3741,0,1286712.6438,534945598.40000015,1.0,1.5,PASS,False,0.2857142857142857,32.2262,17.399,2.125,32.2262,,,3.6383,-1.3741,,87.7931712264151,0.0,0.0,13.67,14.68,0,65.2348224513173,,0.8778625954198473,1,1,100.0,158,18.946488496132737,True,7.554517133956384,,0.016108810060440765,False,False,独立池,32.2262,0.0,22.590041841283465,74.08845510365188,1.0,0.0,74.09,Tier2
600456.SH,600456,宝钛股份,20020412,,主板,L,358713958.6000001,-7.969586032103626,稀有金属,有色金属,801054.SI,240000,33.13,39.4829,41.802,2.1857,1.6725,1582876.9867,1582876.9867,280813029.6,False,0,0,False,False,36.88,32.59,-3.1990521327014187,-16.205128205128204,-11.388286334056408,False,-7.969586032103626,-3.057119871279157,-31.34,-36.56,48841095.97,82.8991,,,739824479.36,-97.5974,0.8171,0,1582876.9867,280813029.6,1.0,1.5,PASS,False,0.8809523809523809,-31.34,-36.56,52.894999999999996,-84.235,ESP-Q,39.4829,2.1857,0.8171,,107.82666666666667,0.0,0.0,33.13,36.88,0,74.1122565864834,,0.625,0,0,5.0,5,0.487398422122709,False,-3.1990521327014187,,-0.011371557481826534,False,False,稀有金属,-84.235,-0.7434887793312476,22.0,29.133676975945022,0.7,0.0,20.39,Other
600459.SH,600459,贵研铂业,20030516,,主板,L,481650792.95,-13.067150635208701,稀有金属,有色金属,801054.SI,240000,19.85,25.5129,24.7939,1.7931,2.2232,1634207.0662,1508016.9221,582480507.4,True,0,0,False,False,22.6,18.79,-1.0841507485802815,-16.222125054656754,-15.221238938053105,False,-13.067150635208701,-3.057119871279157,15.99,14.0,208712253.48,93.9586,,,1535055041.18,-777.5823,2.8712,0,1634207.0662,582480507.4,1.0,1.5,PASS,False,0.8809523809523809,15.99,14.0,52.894999999999996,-36.904999999999994,ESP-Q,25.5129,1.7931,2.8712,1.5955534709193244,107.82666666666667,0.0,0.0,19.85,22.6,0,65.2348224513173,,0.375,0,0,5.0,5,-4.610166180982366,False,-1.0841507485802815,,0.0103035109288277,False,False,稀有金属,-36.904999999999994,-0.5453266352041041,22.0,26.470446735395193,0.7,0.0,18.53,Other
600460.SH,600460,士兰微,20030311,,主板,L,1948465713.7000003,14.254062038404737,半导体,电子,801081.SI,270000,32.16,134.2779,116.639,4.3877,4.4508,5351655.0535,5351655.0535,2644649658.7999997,False,0,0,False,False,33.17,26.77,-0.03231017770597422,-3.372891942535916,-6.722942417847455,False,14.254062038404737,-3.057119871279157,8.8,47.82,157535951.89,75.435,,,1094158868.67,13.5217,1.7284,0,5351655.0535,2644649658.7999997,1.0,1.5,PASS,False,0.8333333333333334,8.8,47.82,20.14,-11.34,ESP-Q,134.2779,4.3877,1.7284,15.25885227272727,137.7359375,0.0,0.0,32.16,33.17,0,91.29438717067583,,0.42857142857142855,0,1,40.0,9,-4.631725488159486,False,-0.03231017770597422,,-0.010165565292734427,False,False,半导体,-11.34,-0.3262809335083822,32.0,53.78831615120275,0.7,0.0,37.65,Other
600470.SH,600470,六国化工,20040305,,主板,L,206835619.04999998,-17.055393586005827,未知,未知,,,5.85,,,2.0024,3.2761,305136.0,305136.0,142448519.6,True,0,0,False,False,7.26,5.67,-9.968354430379744,-20.19635343618512,-21.62534435261707,False,-17.055393586005827,-3.057119871279157,-35.2106,-3885.9,-91213441.6,,,,-911634741.87,,-5.7653,0,305136.0,142448519.6,1.0,1.5,PASS,False,0.2857142857142857,-35.2106,-3885.9,2.125,-37.3356,,,2.0024,-5.7653,,87.7931712264151,0.0,0.0,5.85,7.26,0,89.69072164948454,,0.06870229007633588,0,0,5.0,158,-12.241136494831787,False,-9.968354430379744,,-0.006337574877130083,False,False,独立池,-37.3356,0.0,21.564117989818772,33.720040092809114,1.0,0.0,33.72,Other
600475.SH,600475,华光环能,20030721,,主板,L,349359188.4,8.582721626199884,电力,公用事业,801161.SI,410000,19.12,47.1661,48.787,2.1106,2.0472,1827806.4738,1802797.5138,528573429.0,True,1,1,False,False,20.22,16.83,1.370585134422786,-5.410723069355628,-4.896142433234418,False,8.582721626199884,-3.057119871279157,-5.26,-16.34,110938932.26,95.5126,,,1001585876.3199999,-86.3853,1.3487,0,1827806.4738,528573429.0,1.0,1.5,PASS,False,0.21428571428571427,-5.26,-16.34,-1.575,-2.63,ESP-Q,47.1661,2.1106,1.3487,,43.696173170731704,0.0,0.0,19.12,20.22,0,58.6483390607102,,0.7380952380952381,1,1,100.0,13,7.628076079672085,True,1.370585134422786,,0.005240088156656956,False,False,电力,-2.63,-0.12250987662332713,32.0,73.99450171821306,0.7,0.0,51.8,Tier2
600478.SH,600478,科力远,20030918,,主板,L,428277987.79999995,-14.935064935064934,未知,未知,,,6.56,77.8335,76.8466,3.7265,1.6755,1092594.8409,1092594.8409,215175833.79999998,False,0,0,False,False,8.03,6.51,-4.239766081871343,-8.774373259052926,-18.430884184308837,False,-14.935064935064934,-3.057119871279157,7.23,1516.64,34220510.62,88.3094,,,262024202.2,512.1542,1.3292,0,1092594.8409,215175833.79999998,1.0,1.5,PASS,False,0.2857142857142857,7.23,1516.64,2.125,7.23,,77.8335,3.7265,1.3292,10.765352697095436,87.7931712264151,0.0,0.0,6.56,8.03,0,97.13631156930126,,0.12213740458015267,0,0,5.0,158,-10.120807843890894,False,-4.239766081871343,,0.015406464547630689,False,False,独立池,7.23,0.0,22.22138838815284,36.08517114842094,1.0,0.0,36.09,Other
600480.SH,600480,凌云股份,20030815,,主板,L,521194286.3000001,7.757009345794397,汽车零部件,汽车,801093.SI,280000,11.88,17.3877,18.7763,1.7599,3.8962,1452006.0692,1440919.5166,532968454.6000001,True,1,1,False,False,12.4,10.0,-4.315352697095443,-2.1222410865874397,-7.016129032258068,False,7.757009345794397,-3.057119871279157,-28.41,28.38,135240099.79,88.1758,,,1713399461.8600001,91.841,1.8816,0,1452006.0692,532968454.6000001,1.0,1.5,PASS,False,0.47619047619047616,-28.41,28.38,-7.74,-14.205,,17.3877,1.7599,1.8816,,70.26558985507246,0.0,0.0,11.88,12.4,0,67.23940435280642,,0.7162162162162162,1,1,100.0,23,5.889665583055992,True,-4.315352697095443,,-0.01233317550085905,False,False,汽车零部件,-14.205,-0.007224940752103293,32.0,76.57182130584192,1.0,0.0,76.57,Tier2
600481.SH,600481,双良节能,20030422,,主板,L,918301067.0000001,18.90243902439024,未知,未知,,,7.65,,,3.6375,12.3548,1579098.8949,1579098.8949,2083261764.2,True,2,2,False,False,7.86,5.91,15.384615384615397,-17.285259809119836,-0.7633587786259555,False,18.90243902439024,-3.057119871279157,-168.55,47.21,-442695225.0,,,,-2820143600.9700003,,-9.7453,0,1579098.8949,2083261764.2,1.0,1.5,PASS,False,0.2857142857142857,-168.55,47.21,2.125,-170.675,,,3.6375,-9.7453,,87.7931712264151,0.0,0.0,7.65,7.86,0,65.2348224513173,,0.916030534351145,1,1,100.0,158,23.716696115564282,True,15.384615384615397,OVERHEAT,0.006341838405128466,True,True,独立池,-170.675,0.0,19.597577865785297,73.48996230855225,1.0,0.0,73.49,Tier2
600483.SH,600483,福能股份,20040531,,主板,L,361041654.95,1.737451737451745,电力,公用事业,801161.SI,410000,10.75,10.1064,10.4676,1.0728,1.0067,2988653.2445,2988653.2445,483727297.59999996,False,0,0,False,False,11.39,9.51,-0.5660377358490565,13.455328310010772,-7.462686567164189,False,1.737451737451745,-3.057119871279157,-12.48,6.58,649390429.72,99.94,,,6847759404.43,82.1375,2.342,0,2988653.2445,483727297.59999996,1.0,1.5,PASS,False,0.21428571428571427,-12.48,6.58,-1.575,-6.24,,10.1064,1.0728,2.342,,43.696173170731704,0.0,0.0,10.75,11.39,0,69.0721649484536,,0.5476190476190477,0,1,40.0,13,0.7828061909239459,False,-0.5660377358490565,,0.002778727600490533,False,False,电力,-6.24,-0.2245220203239914,32.0,47.12164948453608,1.0,0.0,47.12,Other
600486.SH,600486,扬农化工,20020425,,主板,L,418135378.84999996,-15.881784283938682,未知,未知,,,61.07,19.2489,19.6758,2.0859,1.021,2475321.5644,2467158.71,338234738.8,False,0,0,False,False,75.07,60.88,-6.017589878105234,-20.04463113678132,-18.862395097908614,False,-15.881784283938682,-3.057119871279157,-6.32,9.39,403118314.94,99.0374,,,3514554836.3900003,242.6559,3.4888,0,2475321.5644,338234738.8,1.0,1.5,PASS,False,0.2857142857142857,-6.32,9.39,2.125,-8.445,,19.2489,2.0859,3.4888,,87.7931712264151,10.0,0.0,61.07,75.07,0,65.2348224513173,,0.08969465648854962,0,0,5.0,158,-11.067527192764642,False,-6.017589878105234,,0.0063851645811129724,False,False,独立池,-8.445,0.0,21.99020753355004,26.4684882421052,1.0,0.0,36.47,Other
600487.SH,600487,亨通光电,20030822,,主板,L,13008988142.05,16.889632107023434,通信设备,通信,801102.SI,730000,73.05,67.2208,55.8,5.5593,5.398,18016995.4374,17862048.1181,11799986664.200003,True,1,0,False,False,79.9,57.27,0.14326647564470996,65.52214065829982,-12.515644555694616,False,16.889632107023434,-3.057119871279157,107.68,-0.43,1133293686.59,102.5267,,,7608918453.28,-14.9653,3.4441,0,18016995.4374,11799986664.200003,1.0,1.5,PASS,False,0.9523809523809523,107.68,-0.43,15.0872,107.68,ESP-Q,67.2208,5.5593,3.4441,0.6242644873699851,156.39837500000002,0.0,0.0,73.05,79.9,0,88.88888888888889,CHASE,0.7916666666666666,1,1,100.0,8,16.04778055043496,True,0.14326647564470996,,-0.006282240894912257,True,False,通信设备,107.68,0.20907772575716876,50.0,86.66666666666666,0.7,0.0,60.67,Tier2
600496.SH,600496,精工钢构,20020605,,主板,L,276460518.4,11.475409836065564,专业工程,建筑装饰,801724.SI,620000,4.05,13.3232,12.7491,0.8621,2.3622,806000.6951,806000.6951,282137123.4,True,1,0,False,False,4.43,3.63,-0.4878048780487698,-10.917030567685593,-7.900677200902928,False,11.475409836065564,-3.057119871279157,45.42,-5.06,160697451.91,106.1518,,,1072513527.66,-44.7433,1.6016,0,806000.6951,282137123.4,1.0,1.5,PASS,False,0.35714285714285715,45.42,-5.06,-13.35,72.12,ESP-Q,13.3232,0.8621,1.6016,0.29333333333333333,69.65643999999999,0.0,0.0,4.05,4.43,0,50.057273768613975,,0.8125,1,1,100.0,5,19.776246301293227,True,-0.4878048780487698,,0.026582440256312567,False,False,专业工程,72.12,0.44095045101761826,50.0,75.01718213058419,0.7,0.0,52.51,Tier2
600499.SH,600499,科达制造,20021010,,主板,L,714846144.8499999,-3.62694300518136,专用设备,机械设备,801074.SI,640000,16.9,24.7633,20.93,2.464,1.0877,3241177.3008,3241177.3008,503909451.99999994,True,1,0,False,False,20.78,16.0,-3.62694300518136,-3.460207612456756,-19.441770933589996,False,-3.62694300518136,-3.057119871279157,76.57,30.2,570271200.0,97.2126,,,3530410700.0,76.1135,4.5568,0,3241177.3008,503909451.99999994,1.0,1.5,PASS,False,0.5714285714285714,76.57,30.2,-11.475,99.51999999999998,,24.7633,2.464,4.5568,0.32340733968917335,213.18103214285716,10.0,0.0,16.9,20.78,0,65.2348224513173,,0.53125,0,0,5.0,10,0.755173315832697,False,-3.62694300518136,,-0.012592023369177698,False,False,专用设备,99.51999999999998,1.0313528025800394,68.0,35.67044673539519,1.0,0.0,45.67,Other
600500.SH,600500,中化国际,20000301,,主板,L,532705372.15,41.527446300715965,化学制品,化工,801034.SI,220000,6.31,,,2.228,4.3191,2264221.2772,2264221.2772,1018613100.1999999,False,2,2,False,False,6.46,4.16,4.770318021201403,29.475982532751075,-8.204334365325083,False,41.527446300715965,-3.057119871279157,63.5833,43.1007,-153723594.5,,,,-3559747716.24,,-2.0878,0,2264221.2772,1018613100.1999999,1.0,1.5,PASS,False,0.2619047619047619,63.5833,43.1007,5.17,63.5833,,,2.228,-2.0878,,72.11200512820513,0.0,0.0,6.31,6.46,0,99.3127147766323,CHASE,1.0,1,1,75.0,15,42.79683981270468,True,4.770318021201403,,0.0015844363641748745,True,False,化学制品,63.5833,0.12150501050046388,50.0,77.29381443298969,1.0,0.0,77.29,Tier2
600501.SH,600501,航天晨光,20010615,,主板,L,204473077.45000002,-11.750000000000005,专用设备,机械设备,801074.SI,640000,20.7,,,6.0582,2.1979,885596.094,885596.094,156896994.0,False,0,0,False,False,25.42,21.15,-7.470511140235914,-19.37571374191093,-16.679779701022824,False,-11.750000000000005,-3.057119871279157,20.0799,44.4377,-61419801.46,,,,-500695794.71,,-4.155,0,885596.094,156896994.0,1.0,1.5,PASS,False,0.5714285714285714,20.0799,44.4377,-11.475,43.0299,,,6.0582,-4.155,,213.18103214285716,0.0,0.0,20.7,25.42,0,65.2348224513173,,0.21875,0,0,5.0,10,-7.367883678985948,False,-7.470511140235914,,-0.02738624393126838,False,False,专用设备,43.0299,0.35031920422984925,50.0,32.070446735395194,1.0,0.0,32.07,Other
600502.SH,600502,安徽建工,20030415,,主板,L,201948058.15,-16.417910447761198,基础建设,建筑装饰,801723.SI,620000,5.09,5.7263,5.6448,0.7161,1.1998,873715.7744,873715.7744,125270877.60000001,False,0,0,False,False,6.13,5.03,-3.4482758620689613,5.660377358490587,-17.781402936378466,False,-16.417910447761198,-3.057119871279157,17.44,9.31,317772257.29,95.3669,,,2938404270.75,-515.9831,1.6535,0,873715.7744,125270877.60000001,1.0,1.5,PASS,False,0.047619047619047616,17.44,9.31,-15.53,48.5,ESP-Q,5.7263,0.7161,1.6535,0.3283428899082569,59.53485,10.0,0.0,5.09,6.13,0,65.2348224513173,,0.23529411764705882,0,0,5.0,6,-9.596430041375138,False,-3.4482758620689613,,0.004462100323008939,False,False,基础建设,48.5,-0.11598026515273566,32.0,28.470446735395193,0.7,0.0,29.93,Other
600509.SH,600509,天富能源,20020228,,主板,L,711828143.3499999,12.68656716417913,电力,公用事业,801161.SI,410000,9.64,57.5838,58.9731,1.7047,7.5068,1324919.1003,1324919.1003,1605343994.9999998,False,1,1,False,False,11.36,7.73,-9.67098703888334,6.58823529411765,-20.246478873239425,False,12.68656716417913,-3.057119871279157,-8.57,42.6,156421777.48,89.3146,,,982211752.3700001,80.0654,2.2805,0,1324919.1003,1605343994.9999998,1.0,1.5,PASS,False,0.21428571428571427,-8.57,42.6,-1.575,-4.285,,57.5838,1.7047,2.2805,,43.696173170731704,0.0,0.0,9.64,11.36,0,65.2348224513173,,0.8809523809523809,1,1,85.0,13,11.73192161765133,True,-9.67098703888334,,0.003599361458257679,False,False,电力,-4.285,-0.16927721674094467,32.0,68.4704467353952,1.0,0.0,68.47,Tier2
600510.SH,600510,黑牡丹,20020618,,主板,L,275610041.05,-11.394891944990182,房地产开发,房地产,801181.SI,430000,8.98,138.7362,109.7067,0.8778,1.9757,926758.8604,926758.8604,263786952.79999998,False,1,1,False,False,11.69,8.94,-9.980039920159678,-7.86516853932584,-22.840034217279726,False,-11.394891944990182,-3.057119871279157,53.05,-39.76,55620230.36,99.3206,,,243748132.14,-620.0526,0.5331,0,926758.8604,263786952.79999998,1.0,1.5,PASS,False,0.6666666666666666,53.05,-39.76,-25.055,103.16,ESP-Q,138.7362,0.8778,0.5331,2.61519698397738,71.32621,0.0,0.0,8.98,11.69,0,96.90721649484536,,0.15384615384615385,0,0,5.0,8,-9.987683672573521,False,-9.980039920159678,,0.009804904919801967,False,False,房地产开发,103.16,0.49527872016241875,50.0,41.572164948453604,0.7,0.0,29.1,Other
600515.SH,600515,海南机场,20020806,,主板,L,371240720.84999996,-11.019283746556475,房地产开发,房地产,801181.SI,430000,3.22,168.3234,159.5159,1.5171,0.8442,3678949.6918,2954676.0276,278092119.40000004,False,0,0,False,False,3.67,3.23,-1.5243902439024293,-25.404157043879906,-11.989100817438691,False,-11.019283746556475,-3.057119871279157,48.82,-16.2947,105786616.14,94.0663,,,-185628654.68000004,-41.4602,0.4704,0,3678949.6918,278092119.40000004,1.0,1.5,PASS,False,0.6666666666666666,48.82,-16.2947,-25.055,98.93,ESP-Q,168.3234,1.5171,0.4704,3.447836952068824,71.32621,0.0,10.0,3.22,3.67,0,65.2348224513173,,0.23076923076923078,0,0,5.0,8,-9.612075474139814,False,-1.5243902439024293,,0.0006657912530952915,False,False,房地产开发,98.93,0.4729573289728033,50.0,32.070446735395194,0.7,10.0,12.45,Other
600516.SH,600516,方大炭素,20020830,,主板,L,364740318.09999996,-7.846715328467169,未知,未知,,,5.15,222.8423,218.3421,1.2692,1.2275,2073374.7395,2073374.7395,306183198.8,False,0,0,False,False,5.9,5.04,-6.826568265682664,-11.867364746945908,-14.406779661016955,False,-7.846715328467169,-3.057119871279157,-73.94,-361.56,10087518.26,113.8671,,,-116797108.58999999,-3272.3927,0.0546,0,2073374.7395,306183198.8,1.0,1.5,PASS,False,0.2857142857142857,-73.94,-361.56,2.125,-76.065,ESP-Q,222.8423,1.2692,0.0546,,87.7931712264151,0.0,0.0,5.15,5.9,0,65.2348224513173,,0.37786259541984735,0,0,5.0,158,-3.0324582372931284,False,-6.826568265682664,,0.018281059717601803,False,False,独立池,-76.065,0.0,20.99292208613432,26.269031152622055,0.7,0.0,18.39,Other
600517.SH,600517,国网英大,20031010,,主板,L,199809495.8,-13.862928348909653,多元金融,非银金融,801191.SI,490000,5.54,12.5192,13.6755,1.322,0.4236,3168013.4022,3168013.4022,160939054.39999998,False,0,0,False,False,6.52,5.51,-2.811950790861162,-19.73875181422351,-15.18404907975459,False,-13.862928348909653,-3.057119871279157,-36.04,60.91,383805402.07,98.4791,,,6207173091.04,-285.8859,1.6435,0,3168013.4022,160939054.39999998,1.0,1.5,PASS,False,0.19047619047619047,-36.04,60.91,15.68,-51.72,ESP-Q,12.5192,1.322,1.6435,,47.574976923076925,0.0,0.0,5.54,6.52,0,65.2348224513173,,0.07142857142857142,0,0,5.0,5,-6.109354599283812,False,-2.811950790861162,,-0.004619996329659674,False,False,多元金融,-51.72,-0.9211172842523396,22.0,26.470446735395193,0.7,0.0,18.53,Other
600519.SH,600519,贵州茅台,20010827,,主板,L,6266402472.199999,-7.153632056430192,未知,未知,,,1290.2,19.6268,19.5331,5.9642,0.3925,161567903.1393,161567903.1393,6289506947.4,False,0,0,False,False,1458.88,1311.0,-1.646723432986985,-10.621761658031081,-10.136543101557361,False,-7.153632056430192,-3.057119871279157,1.45,-4.58,27239985194.41,99.9907,,,219603956904.68,71.689,10.5687,0,161567903.1393,6289506947.4,1.0,1.5,PASS,False,0.2857142857142857,1.45,-4.58,2.125,-0.675,,19.6268,5.9642,10.5687,13.535724137931034,87.7931712264151,10.0,0.0,1290.2,1458.88,0,65.2348224513173,,0.3988549618320611,0,0,5.0,158,-2.3393749652561517,False,-1.646723432986985,,-0.02091044965815404,False,False,独立池,-0.675,0.0,22.10480244520961,26.49140722443711,1.0,0.0,36.49,Other
600520.SH,600520,三佳科技,20020108,,主板,L,404423010.55,-1.3114754098360604,专用设备,机械设备,801074.SI,640000,30.43,630.9113,359.817,12.2459,6.7425,482102.49,482102.49,521600303.8000001,True,1,0,False,False,33.03,27.6,1.449275362318847,5.9113300492610765,-8.870723584620045,False,-1.3114754098360604,-3.057119871279157,124.0563,-55.37,1229230.55,82.3794,,,10319394.959999999,207.5329,0.38,0,482102.49,521600303.8000001,1.0,1.5,PASS,False,0.5714285714285714,124.0563,-55.37,-11.475,147.00629999999998,ESP-Q,630.9113,12.2459,0.38,5.085685289662838,213.18103214285716,0.0,10.0,30.43,33.03,0,91.29438717067583,,0.5625,0,0,5.0,10,3.0706409111779966,False,1.449275362318847,,-0.013290405811547532,False,False,专用设备,147.00629999999998,1.6038383489206662,68.0,43.48831615120275,0.7,10.0,20.44,Other
600522.SH,600522,中天科技,20021024,,主板,L,12192073726.949999,29.161528976572136,通信设备,通信,801102.SI,730000,43.82,51.5301,46.8292,3.9343,6.6362,14955545.3751,14955545.3751,14442157514.4,True,1,0,False,False,47.4,30.78,2.220053671627209,63.480296527506816,-11.603375527426163,False,29.161528976572136,-3.057119871279157,38.2,6.37,824931171.27,89.7685,,,7142684685.78,-171.8106,2.4331,0,14955545.3751,14442157514.4,1.0,1.5,PASS,False,0.9523809523809523,38.2,6.37,15.0872,38.2,ESP-Q,51.5301,3.9343,2.4331,1.3489554973821989,156.39837500000002,10.0,0.0,43.82,47.4,0,67.23940435280642,,0.9166666666666666,1,1,100.0,8,28.319677419983663,True,2.220053671627209,,0.002740858192188777,True,False,通信设备,38.2,-0.0050906604758761045,32.0,76.57182130584192,0.7,0.0,63.6,Tier2
600527.SH,600527,江南高纤,20031127,,主板,L,455914167.99999994,-2.230483271375472,纺织制造,纺织服装,801131.SI,350000,2.71,222.5145,214.3553,2.263,4.8874,469307.2044,469307.2044,285597925.59999996,False,2,0,False,False,3.5,2.46,-8.996539792387548,14.347826086956527,-24.857142857142854,False,-2.230483271375472,-3.057119871279157,22.7,-45.1,6131350.66,78.1677,,,51099845.5,932.4414,0.3789,0,469307.2044,285597925.59999996,1.0,1.5,PASS,False,0.38095238095238093,22.7,-45.1,-4.675,32.05,ESP-Q,222.5145,2.263,0.3789,9.802400881057268,103.7722,0.0,10.0,2.71,3.5,0,70.79037800687286,,0.8,1,0,35.0,2,3.3807391735143133,False,-8.996539792387548,,-0.004494552381347654,False,False,纺织制造,32.05,0.7816698811059964,50.0,48.73711340206185,0.7,10.0,24.12,Other
600536.SH,600536,中国软件,20020517,,主板,L,782452483.3500001,2.8259130898427243,未知,未知,,,38.3,,,10.1735,1.6999,3576402.6167,3231202.0779,675638099.2,True,1,1,False,False,43.7,36.45,-3.8154613466334197,-12.63873159682899,-11.739130434782618,False,2.8259130898427243,-3.057119871279157,-5.67,90.24,-86856564.79,,,,-326131104.27,,-2.0752,0,3576402.6167,675638099.2,1.0,1.5,PASS,False,0.2857142857142857,-5.67,90.24,2.125,-7.795,,,10.1735,-2.0752,,87.7931712264151,0.0,0.0,38.3,43.7,0,65.2348224513173,,0.7442748091603053,1,1,100.0,158,7.640170181016765,True,-3.8154613466334197,,0.0017117630679550225,False,False,独立池,-7.795,0.0,21.999793980471367,73.97040553148946,1.0,0.0,73.97,Tier2
600545.SH,600545,卓郎智能,20031203,,主板,L,916801379.3,36.15023474178405,专用设备,机械设备,801074.SI,640000,6.38,,,4.3516,5.8052,1140687.9976,1140687.9976,986230214.7999998,False,4,2,False,True,6.9,4.08,-8.227848101265833,88.92508143322475,-15.94202898550725,False,36.15023474178405,-3.057119871279157,75.4893,-367.7609,-31348000.0,,,,-1095279000.0,,-1.1131,0,1140687.9976,986230214.7999998,1.0,1.5,PASS,False,0.5714285714285714,75.4893,-367.7609,-11.475,98.43929999999999,ESP-Q,,4.3516,-1.1131,,213.18103214285716,0.0,0.0,6.38,6.9,0,65.40664375715922,,0.96875,1,1,75.0,10,40.53235106279811,True,-8.227848101265833,突破型,-0.0036782613549082156,True,False,专用设备,98.43929999999999,1.0183240947226087,68.0,70.72199312714777,0.7,0.0,49.51,Other
600546.SH,600546,山煤国际,20030731,,主板,L,417749163.3,9.605911330049267,未知,未知,,,13.09,22.2476,19.3654,1.5535,0.8919,2595035.0873,2595035.0873,280292486.20000005,True,0,0,False,False,14.34,11.92,-2.2693997071742356,15.284974093264236,-6.903765690376574,False,9.605911330049267,-3.057119871279157,67.59,-48.75,450854350.2,105.2066,,,3473689022.02,108.8638,2.6076,0,2595035.0873,280292486.20000005,1.0,1.5,PASS,False,0.2857142857142857,67.59,-48.75,2.125,67.59,ESP-Q,22.2476,1.5535,2.6076,0.32915520047344277,87.7931712264151,0.0,0.0,13.09,14.34,0,65.2348224513173,,0.8396946564885496,1,1,100.0,158,14.420168421223307,True,-2.2693997071742356,,-0.008532361279163573,False,False,独立池,67.59,0.0,23.111600597647257,74.19276685492464,0.7,0.0,51.93,Tier2
600549.SH,600549,厦门钨业,20021107,,主板,L,3751438322.75,-21.612751992498836,稀有金属,有色金属,801054.SI,240000,52.04,35.775,27.31,4.5146,3.2808,8261796.6385,8086662.0239,2619857800.2,False,0,0,False,False,66.77,49.3,-6.067415730337078,-16.078300150577217,-24.87644151565074,False,-21.612751992498836,-3.057119871279157,198.64,44.16,1096668656.68,99.0832,,,5923826008.4800005,-123.7178,6.2352,0,8261796.6385,2619857800.2,1.0,1.5,PASS,False,0.8809523809523809,198.64,44.16,52.894999999999996,198.64,ESP-Q,35.775,4.5146,6.2352,0.1800996778091019,107.82666666666667,10.0,0.0,52.04,66.77,0,62.42840778923253,,0.125,0,0,5.0,5,-13.155767538272501,False,-6.067415730337078,,-0.02753548113670005,False,False,稀有金属,198.64,0.44085765041660196,50.0,31.228522336769757,0.7,0.0,31.86,Other
600550.SH,600550,保变电气,20010228,,主板,L,1053542408.0500002,-12.019826517967791,未知,未知,,,14.14,132.1676,114.0722,29.1798,1.9967,2603921.2707,2603921.2707,827393876.1999999,False,0,0,False,False,17.32,14.19,-5.773059057730601,-14.970059880239518,-18.013856812933028,False,-12.019826517967791,-3.057119871279157,108.57,34.63,54550171.74,91.583,,,332067641.05,-435.2061,6.8919,0,2603921.2707,827393876.1999999,1.0,1.5,PASS,False,0.2857142857142857,108.57,34.63,2.125,108.57,ESP-Q,132.1676,29.1798,6.8919,1.217349175647048,87.7931712264151,0.0,0.0,14.14,17.32,0,66.55211912943871,,0.1984732824427481,0,0,5.0,158,-7.205569426793751,False,-5.773059057730601,,-0.004005194221613374,False,False,独立池,108.57,0.0,23.715989205087308,27.208833579849074,0.7,0.0,19.05,Other
600552.SH,600552,凯盛科技,20021108,,主板,L,1384381429.75,24.574540503744057,光学光电子,电子,801084.SI,270000,18.55,136.183,132.0066,4.0595,10.485,1752245.7884,1752245.7884,1771340143.3999999,True,0,0,False,False,19.7,14.52,4.931192660550465,26.643598615916964,-7.106598984771562,False,24.574540503744057,-3.057119871279157,89.4,38081.8153,22327823.52,79.9756,,,226511780.4,21.6801,0.6517,0,1752245.7884,1771340143.3999999,1.0,1.5,PASS,False,0.9761904761904762,89.4,38081.8153,-19.355800000000002,128.1116,ESP-Q,136.183,4.0595,0.6517,1.5232997762863534,243.17919999999998,0.0,0.0,18.55,19.7,0,90.14891179839634,CHASE,0.8695652173913043,1,1,100.0,7,19.720171571705222,True,4.931192660550465,,-0.01252676859931456,True,False,光学光电子,128.1116,1.4312741619451699,68.0,90.6446735395189,0.7,0.0,63.45,Tier2
600556.SH,600556,天下秀,20010807,,主板,L,310446996.24999994,-10.862619808306706,未知,未知,,,5.44,318.6043,473.7617,2.5658,2.7285,983414.7172,983414.7172,316931147.0,True,0,0,False,False,6.42,5.56,-5.902192242833049,-25.201072386058975,-13.08411214953271,False,-10.862619808306706,-3.057119871279157,-77.95,-141.33,2857007.76,88.6203,,,52836999.11,,0.0841,0,983414.7172,316931147.0,1.0,1.5,PASS,False,0.2857142857142857,-77.95,-141.33,2.125,-80.075,,318.6043,2.5658,0.0841,,87.7931712264151,0.0,0.0,5.44,6.42,0,74.5704467353952,,0.25763358778625955,0,0,5.0,158,-6.048362717132665,False,-5.902192242833049,,0.0033995072943433327,False,False,独立池,-80.075,0.0,20.933781082819667,29.05789023718249,1.0,0.0,29.06,Other
600559.SH,600559,老白干酒,20021029,,主板,L,168682008.6,-0.4457652303120341,未知,未知,,,12.9,27.4564,26.6482,2.1549,1.7032,1180024.2028,1173267.1828,129657480.60000001,False,0,0,False,False,14.7,13.17,0.29940119760478723,-13.937058445728967,-8.843537414965985,False,-0.4457652303120341,-3.057119871279157,12.43,,159426873.28,96.3572,,,818589207.53,160.8436,3.0687,0,1180024.2028,129657480.60000001,1.0,1.5,PASS,False,0.2857142857142857,12.43,,2.125,12.43,ESP-Q,27.4564,2.1549,3.0687,2.208881737731295,87.7931712264151,0.0,0.0,12.9,14.7,0,65.2348224513173,,0.6603053435114504,0,1,40.0,158,4.368491860862006,False,0.29940119760478723,,-0.004404647703978633,False,False,独立池,12.43,0.0,22.298079963523467,44.030062728099885,0.7,0.0,30.82,Other
600562.SH,600562,国睿科技,20030128,,主板,L,354694977.50000006,-11.876988335100735,未知,未知,,,24.65,48.7054,48.5604,4.5543,0.6758,3061179.5756,3061179.5756,248384209.8,False,0,0,False,False,30.78,24.65,-2.8070175438596467,-15.462868769074255,-19.00584795321638,False,-11.876988335100735,-3.057119871279157,13.02,-0.87,76208893.79,98.7321,,,1391143658.37,-240.6761,1.1549,0,3061179.5756,248384209.8,1.0,1.5,PASS,False,0.2857142857142857,13.02,-0.87,2.125,13.02,ESP-Q,48.7054,4.5543,1.1549,3.740814132104455,87.7931712264151,0.0,0.0,24.65,30.78,0,65.06300114547537,,0.20610687022900764,0,0,5.0,158,-7.062731243926695,False,-2.8070175438596467,,-0.0007456955923305656,False,False,独立池,13.02,0.0,22.306781507652058,26.48025664517302,0.7,0.0,18.54,Other
600563.SH,600563,法拉电子,20021210,,主板,L,1138563969.1,28.309836331226723,元件,电子,801083.SI,270000,174.2,32.8767,32.782,6.2238,7.596,3919500.0,3919500.0,1828332870.0000002,False,2,2,False,False,171.67,112.78,18.205568410838268,39.13196274819892,-7.753247509757077,False,28.309836331226723,-3.057119871279157,1.76,10.21,263016826.2,98.2372,,,2813959427.17,1.0503,4.3436,0,3919500.0,1828332870.0000002,1.0,1.5,PASS,False,0.7380952380952381,1.76,10.21,13.02,-11.26,,32.8767,6.2238,4.3436,18.67994318181818,255.29024,10.0,0.0,174.2,171.67,0,96.90721649484536,CHASE,0.7307692307692307,1,1,85.0,8,13.930415775651493,True,18.205568410838268,OVERHEAT,0.0034604641507049987,True,True,元件,-11.26,-0.34893655498095183,32.0,77.97216494845361,1.0,0.0,87.97,Tier2
600570.SH,600570,恒生电子,20031216,,主板,L,810054642.9999999,-0.9462528387585212,未知,未知,,,25.83,39.7284,36.5398,4.9046,1.7627,4891292.6342,4891292.6342,801592393.2,False,0,0,False,False,28.08,25.8,0.22979701263885488,-12.824783477681533,-6.801994301994285,False,-0.9462528387585212,-3.057119871279157,625.41,21.46,72502943.44,52.2468,,,1569370502.99,-664.1681,1.4002,0,4891292.6342,801592393.2,1.0,1.5,PASS,False,0.2857142857142857,625.41,21.46,2.125,625.41,ESP-Q,39.7284,4.9046,1.4002,0.06352376840792441,87.7931712264151,0.0,0.0,25.83,28.08,0,69.87399770904925,,0.6431297709923665,0,1,40.0,158,3.868004252415519,False,0.22979701263885488,,-0.003964103017435735,False,False,独立池,625.41,0.0,31.338541861732374,47.22990768506125,0.7,0.0,33.06,Other
600573.SH,600573,惠泉啤酒,20030226,,主板,L,190307209.65000004,-1.037509976057449,未知,未知,,,12.29,38.4108,37.5162,2.2496,3.5087,307250.0,307250.0,191074503.2,False,0,0,False,False,14.5,12.32,-9.489051094890499,1.8898931799506968,-14.482758620689651,False,-1.037509976057449,-3.057119871279157,18.97,27.88,7262702.05,88.3062,,,218661147.53,-2.4497,0.604,0,307250.0,191074503.2,1.0,1.5,PASS,False,0.2857142857142857,18.97,27.88,2.125,18.97,ESP-Q,38.4108,2.2496,0.604,2.024818133895625,87.7931712264151,0.0,0.0,12.29,14.5,0,51.546391752577314,,0.6393129770992366,0,1,40.0,158,3.7767471151165912,False,-9.489051094890499,,-0.010215220382013928,False,False,独立池,18.97,0.0,22.394534367931907,39.94282439935958,0.7,0.0,27.96,Other
600575.SH,600575,淮河能源,20030328,,主板,L,348664069.35,2.452316076294281,未知,未知,,,3.99,16.8451,16.2914,1.2816,4.4882,2859550.0758,1550618.1649,402335673.59999996,True,0,0,False,False,4.0,3.55,1.8970189701897011,4.155124653739617,-6.000000000000005,False,2.452316076294281,-3.057119871279157,33.52,-13.05,351803191.21,108.6423,,,2216072297.5,135.115,1.4623,0,2859550.0758,402335673.59999996,1.0,1.5,PASS,False,0.2857142857142857,33.52,-13.05,2.125,33.52,ESP-Q,16.8451,1.2816,1.4623,0.502538782816229,87.7931712264151,0.0,0.0,3.99,4.0,0,89.8052691867125,,0.732824427480916,1,1,100.0,158,7.266573167468321,True,1.8970189701897011,,-0.007870805996706904,False,False,独立池,33.52,0.0,22.60912329517087,81.46340541504792,0.7,0.0,57.02,Tier2
600577.SH,600577,精达股份,20020911,,主板,L,864860617.7999998,7.826747720364735,未知,未知,,,14.87,53.3876,52.3938,5.244,4.4064,3198679.5245,3198679.5245,1325698759.8,False,0,0,False,False,14.98,12.15,0.8528784648187626,0.0,-5.273698264352477,False,7.826747720364735,-3.057119871279157,10.76,11.34,130989416.91,95.8729,,,1414821835.3,-350.3392,2.1993,0,3198679.5245,1325698759.8,1.0,1.5,PASS,False,0.2857142857142857,10.76,11.34,2.125,10.76,ESP-Q,53.3876,5.244,2.1993,4.961672862453532,87.7931712264151,0.0,0.0,14.87,14.98,0,65.2348224513173,,0.8129770992366412,1,1,75.0,158,12.641004811538775,True,0.8528784648187626,,0.002870500209433933,False,False,独立池,10.76,0.0,22.273450169125592,61.52513676922031,0.7,0.0,43.07,Other
600578.SH,600578,京能电力,20020510,,主板,L,1054540967.0499998,49.81684981684982,电力,公用事业,801161.SI,410000,8.22,15.5912,15.424,2.1825,7.8812,5502978.4743,5502978.4743,3055306745.6,True,5,5,False,True,8.48,4.78,16.69044222539229,57.30769230769231,-3.5377358490566113,False,49.81684981684982,-3.057119871279157,3.18,110.65,1091969409.9,99.1502,,,9715939318.41,182.6142,3.7799,0,5502978.4743,3055306745.6,1.0,1.5,PASS,False,0.21428571428571427,3.18,110.65,-1.575,1.59,,15.5912,2.1825,3.7799,4.902893081761007,43.696173170731704,10.0,0.0,8.22,8.48,0,69.0721649484536,,1.0,1,1,100.0,13,48.86220427032202,True,16.69044222539229,突破型|OVERHEAT,0.006762475902788037,True,True,电力,1.59,-0.003260223876290216,32.0,77.12164948453608,1.0,0.0,87.12,Tier2
600580.SH,600580,卧龙电驱,20020606,,主板,L,1906760346.8499997,6.051121544079274,电机,电气设备,801731.SI,630000,41.09,56.9969,56.6007,5.8995,3.7856,6418740.8527,6400311.9877,2887257894.2,True,0,0,False,False,42.42,36.48,0.44466403162055634,-9.784779232305308,-4.148986327204163,False,6.051121544079274,-3.057119871279157,,29.58,,,,,2022372394.1999998,76.1942,2.4947,0,6418740.8527,2887257894.2,1.0,1.5,PASS,False,0.9047619047619048,,29.58,-11.325,0.0,DATA-INC,56.9969,5.8995,2.4947,,169.84244,10.0,0.0,41.09,42.42,0,82.2451317296678,,0.6363636363636364,0,1,55.0,4,0.10517559813332245,False,0.44466403162055634,,-0.003234861087681587,False,False,电机,0.0,-0.5139139050974121,22.0,56.57353951890034,1.0,0.0,66.57,Tier2
600583.SH,600583,海油工程,20020205,,主板,L,305283781.75,-13.708513708513703,未知,未知,,,6.02,12.7692,13.4289,0.9173,0.7104,2661655.5896,2661655.5896,260314881.20000002,True,0,0,False,False,7.13,5.95,-3.392568659127626,-19.94645247657295,-16.129032258064512,False,-13.708513708513703,-3.057119871279157,,2.0,,,,,4209069600.0,96.7479,1.5772,0,2661655.5896,260314881.20000002,1.0,1.5,PASS,False,0.2857142857142857,,2.0,2.125,0.0,DATA-INC,12.7692,0.9173,1.5772,,87.7931712264151,0.0,0.0,6.02,7.13,0,65.2348224513173,,0.15267175572519084,0,0,5.0,158,-8.894256617339662,False,-3.392568659127626,,0.0020077084846113046,False,False,独立池,0.0,0.0,22.114757601627915,26.493398255720773,1.0,0.0,26.49,Other
600584.SH,600584,长电科技,20030603,,主板,L,8797842864.1,51.80558709970475,半导体,电子,801081.SI,270000,72.88,83.318,78.9352,4.5336,16.0347,13041253.3862,13041253.3862,16463412443.8,True,1,1,False,False,71.28,43.09,15.142118863049102,43.00385109114249,-6.228956228956228,False,51.80558709970475,-3.057119871279157,37.03,-11.51,264565692.29,91.1438,,,2855281709.02,602.3179,1.0107,0,13041253.3862,16463412443.8,1.0,1.5,PASS,False,0.8333333333333334,37.03,-11.51,20.14,37.03,ESP-Q,83.318,4.5336,1.0107,2.2500135025654875,137.7359375,0.0,0.0,72.88,71.28,0,91.29438717067583,CHASE,1.0,1,1,100.0,9,32.91979957314053,True,15.142118863049102,OVERHEAT,-0.00334002720648971,True,True,半导体,37.03,-0.21478397005572716,32.0,83.78831615120275,0.7,0.0,58.65,Tier2
600585.SH,600585,海螺水泥,20020207,,主板,L,772301818.1,-10.531093962778026,水泥制造,建筑材料,801711.SI,610000,19.68,12.8546,13.4213,0.5381,0.4135,10429027.4755,7871414.6755,584174816.6,False,0,0,False,False,22.16,19.69,-3.759765625,-20.90690208667737,-11.055956678700362,False,-10.531093962778026,-3.057119871279157,-21.83,3.03,1300682456.0,88.6115,,,19023853420.0,18.7157,0.76,0,10429027.4755,584174816.6,1.0,1.5,PASS,False,0.023809523809523808,-21.83,3.03,-10.89,-10.915,,12.8546,0.5381,0.76,,18.255566666666667,10.0,0.0,19.68,22.16,0,74.5704467353952,,0.4,0,0,0.0,2,-0.11218955891121318,False,-3.759765625,TIER2_FORCED,0.022005961996834793,False,False,水泥制造,-10.915,-0.11752192796949223,32.0,28.77113402061856,1.0,0.0,38.77,Tier2
600586.SH,600586,金晶科技,20020815,,主板,L,300079191.40000004,-2.499999999999991,玻璃制造,建筑材料,801712.SI,610000,5.46,,,1.5356,4.3519,773866.3842,773866.3842,286368660.40000004,False,0,0,False,False,6.09,5.27,-1.6216216216216162,-19.58762886597938,-10.344827586206895,False,-2.499999999999991,-3.057119871279157,-3562.0,-1768.15,-157418376.59,,,,-868072025.19,,-3.0462,0,773866.3842,286368660.40000004,1.0,1.5,PASS,False,0.6428571428571429,-3562.0,-1768.15,-13.165,-1781.0,,,1.5356,-3.0462,,140.98974,0.0,0.0,5.46,6.09,0,97.36540664375715,,0.5,0,0,0.0,2,-2.0018796992481103,False,-1.6216216216216162,TIER2_FORCED,-0.00605725801354512,False,False,玻璃制造,-1499.4703,-1.7500528883761395,12.0,31.609621993127142,1.0,0.0,31.61,Tier2
600588.SH,600588,用友网络,20010518,,主板,L,645624176.35,-11.065573770491799,未知,未知,,,10.87,,,5.3866,1.391,3714276.1836,3714276.1836,603078952.1999999,False,0,0,False,False,12.88,10.81,-5.734144222415294,-21.942446043165475,-15.760869565217394,False,-11.065573770491799,-3.057119871279157,7.7512,21.639,-732751781.0,,,,-4821162700.0,,-9.9708,0,3714276.1836,603078952.1999999,1.0,1.5,PASS,False,0.2857142857142857,7.7512,21.639,2.125,7.7512,,,5.3866,-9.9708,,87.7931712264151,0.0,0.0,10.87,12.88,0,84.5360824742268,,0.2480916030534351,0,0,5.0,158,-6.251316679317759,False,-5.734144222415294,,-0.005079342951256092,False,False,独立池,7.7512,0.0,22.229075243745758,32.30663979101719,1.0,0.0,32.31,Other
600589.SH,600589,大位科技,20010612,,主板,L,2646789189.8,18.851674641148342,未知,未知,,,12.88,,,30.79,12.945,1912254.8183,1904269.2183,3129870534.6,True,2,1,False,False,14.58,9.42,-3.3463035019455245,4.457527333894018,-14.814814814814813,False,18.851674641148342,-3.057119871279157,-131.1408,-36.7756,-39505935.12,,,,-226726837.85000002,,-5.0076,0,1912254.8183,3129870534.6,1.0,1.5,PASS,False,0.2857142857142857,-131.1408,-36.7756,2.125,-133.2658,,,30.79,-5.0076,,87.7931712264151,0.0,0.0,12.88,14.58,0,82.7033218785796,CHASE,0.9141221374045801,1,1,100.0,158,23.665931732322385,True,-3.3463035019455245,,-0.002681120158290696,True,False,独立池,-133.2658,0.0,20.14930295835353,78.84085715524458,1.0,0.0,78.84,Tier2
600590.SH,600590,泰豪科技,20020703,,主板,L,879311881.0,-20.023081361800344,未知,未知,,,14.21,200.196,161.2996,3.7322,3.6924,1211927.9148,1198712.2922,653848385.5999999,False,0,0,False,False,18.56,13.83,-5.457025920873127,3.8980509745127456,-25.32327586206896,False,-20.023081361800344,-3.057119871279157,0.22,107.1483,47459334.18,96.1967,,,211770305.45,-822.195,1.5309,0,1211927.9148,653848385.5999999,1.0,1.5,PASS,False,0.2857142857142857,0.22,107.1483,2.125,-1.905,ESP-Q,200.196,3.7322,1.5309,909.9818181818182,87.7931712264151,0.0,10.0,14.21,18.56,0,82.13058419243985,,0.04389312977099236,0,0,5.0,158,-15.208824270626303,False,-5.457025920873127,,-0.0007703551012121372,False,False,独立池,-1.905,0.0,22.086661937958482,31.556507645323652,0.7,10.0,12.09,Other
600592.SH,600592,龙溪股份,20020805,,主板,L,195204549.89999998,-4.45324096981693,通用机械,机械设备,801072.SI,640000,19.33,45.8188,55.7658,2.9873,2.1268,772337.0527,772337.0527,266319859.59999996,True,0,0,False,False,20.96,18.25,-3.159478435305929,-19.541666666666668,-7.87213740458016,False,-4.45324096981693,-3.057119871279157,10.56,49.69,42769060.82,,,,264001076.5,,-0.0094,0,772337.0527,266319859.59999996,1.0,1.5,PASS,False,0.5952380952380952,10.56,49.69,-0.595,11.750000000000002,,45.8188,2.9873,-0.0094,4.338901515151515,108.90780749999999,0.0,0.0,19.33,20.96,0,65.2348224513173,,0.30612244897959184,0,0,5.0,15,-6.553697590821506,False,-3.159478435305929,,-0.005103431187664348,False,False,通用机械,11.750000000000002,0.1941009238466018,50.0,32.070446735395194,1.0,0.0,32.07,Other
600595.SH,600595,中孚实业,20020626,,主板,L,612072196.3500001,-18.505747126436777,工业金属,有色金属,801055.SI,240000,7.4,18.3384,13.43,1.6536,1.7748,2965849.7844,2965849.7844,580556311.5999999,False,0,0,False,False,8.87,6.99,-2.876712328767128,-12.792127921279228,-20.067643742953766,False,-18.505747126436777,-3.057119871279157,379.5,169.82,877900215.52,106.8768,,,4237942945.15,-8.7386,4.6874,0,2965849.7844,580556311.5999999,1.0,1.5,PASS,False,0.14285714285714285,379.5,169.82,60.27,379.5,ESP-Q,18.3384,1.6536,4.6874,0.04832252964426877,36.771677777777775,10.0,0.0,7.4,8.87,0,78.80870561282933,,0.07142857142857142,0,0,5.0,9,-12.347674526973222,False,-2.876712328767128,,-0.004923340590832738,False,False,工业金属,379.5,1.2799976572488267,68.0,39.7426116838488,0.7,0.0,37.82,Other
600596.SH,600596,新安股份,20010906,,主板,L,341015502.1,-3.057119871279157,未知,未知,,,13.26,121.8591,85.2152,1.4256,5.7438,1789565.687,1789565.687,378916633.6,False,0,0,False,False,13.17,11.57,1.090604026845643,-9.940209267563526,-8.504176157934696,False,-3.057119871279157,-3.057119871279157,441.3901,32.1765,79441409.08,82.5103,,,-59916224.80000001,-96.188,0.7698,0,1789565.687,378916633.6,1.0,1.5,PASS,False,0.2857142857142857,441.3901,32.1765,2.125,441.3901,ESP-Q,121.8591,1.4256,0.7698,0.27608027456891304,87.7931712264151,0.0,0.0,13.26,13.17,0,62.42840778923253,,0.5706106870229007,0,0,5.0,158,1.7571372198948834,False,1.090604026845643,,-0.0007662462031122103,False,False,独立池,441.3901,0.0,28.62454647124294,26.953431631018347,0.7,0.0,18.87,Other
600600.SH,600600,青岛啤酒,19930827,,主板,L,355310884.25,-1.306030312802331,未知,未知,,,60.83,18.0868,17.741,2.558,0.5824,8298398.921,4313613.1113,314081490.40000004,False,0,0,False,False,63.83,61.18,-0.8905440414507693,-0.7137064071370602,-4.104652984490043,False,-1.306030312802331,-3.057119871279157,6.42,4.53,1705809135.0,94.7786,,,14389171726.0,122.3653,5.7054,0,8298398.921,314081490.40000004,1.0,1.5,PASS,False,0.2857142857142857,6.42,4.53,2.125,6.42,,18.0868,2.558,5.7054,2.817258566978193,87.7931712264151,10.0,0.0,60.83,63.83,0,65.2348224513173,,0.6259541984732825,0,0,5.0,158,3.5082267783717094,False,-0.8905440414507693,,0.009447311166282835,False,False,独立池,6.42,0.0,22.20944220045088,26.51233517548537,1.0,0.0,36.51,Other
600602.SH,600602,云赛智联,19901219,,主板,L,1304407265.05,-8.688097306689835,未知,未知,,,21.26,150.0914,148.2329,5.9089,2.537,2907673.7653,2283968.1567,1135757412.1999998,True,0,0,False,False,24.24,21.0,-5.739910313901353,1.057692307692304,-13.28382838283828,False,-8.688097306689835,-3.057119871279157,10.09,-5.44,42599595.68,95.6197,,,406675773.65999997,-519.9467,0.9095,0,2907673.7653,1135757412.1999998,1.0,1.5,PASS,False,0.2857142857142857,10.09,-5.44,2.125,10.09,ESP-Q,150.0914,5.9089,0.9095,14.875262636273538,87.7931712264151,0.0,0.0,21.26,24.24,0,65.2348224513173,,0.33587786259541985,0,0,5.0,158,-3.873840215515795,False,-5.739910313901353,,0.006279489684349965,False,False,独立池,10.09,0.0,22.263568754606684,26.523160486316527,0.7,0.0,18.57,Other
600605.SH,600605,汇通能源,19920327,,主板,L,220634362.3,2.67536704730833,一般零售,商业贸易,801203.SI,450000,32.21,275.5004,286.3337,4.6796,2.2808,664435.7038,664435.7038,165295295.4,True,0,0,False,False,35.31,29.6,-4.780635400907707,13.5691086250451,-10.875106202209018,False,2.67536704730833,-3.057119871279157,0.83,2.13,8637962.47,99.449,,,61301247.4,161.4279,0.6101,0,664435.7038,165295295.4,1.0,1.5,PASS,False,0.5,0.83,2.13,-2.72,0.415,,275.5004,4.6796,0.6101,331.92819277108435,294.39719,0.0,0.0,32.21,35.31,0,70.79037800687286,,0.7058823529411765,1,1,100.0,6,12.59133343386295,True,-4.780635400907707,,-0.004463185328791165,False,False,一般零售,0.415,-0.01911811279465526,32.0,77.63711340206186,1.0,0.0,77.64,Tier1
600606.SH,600606,绿地控股,19920327,,主板,L,234672665.49999997,-4.109589041095896,房地产开发,房地产,801181.SI,430000,1.41,,,0.514,0.5979,1981644.7823,1981644.7823,155858907.6,False,1,0,False,False,1.71,1.27,-6.666666666666677,-15.662650602409645,-18.128654970760238,False,-4.109589041095896,-3.057119871279157,-419.27,-92.24,-809209145.68,-396.2972,,,-36253918293.369995,-482.9193,0.5317,0,1981644.7823,155858907.6,1.0,1.5,PASS,False,0.6666666666666666,-419.27,-92.24,-25.055,-209.635,ESP-Q,,0.514,0.5317,,71.32621,0.0,0.0,1.41,1.71,0,65.2348224513173,,0.34615384615384615,0,0,5.0,8,-2.702380768679236,False,-6.666666666666677,,0.0009397723431976991,False,False,房地产开发,-209.635,-1.1553169198271254,22.0,26.470446735395193,0.7,0.0,18.53,Other
600617.SH,600617,国新能源,19921013,,主板,L,209171049.70000002,7.9510703363914415,燃气,公用事业,801163.SI,410000,3.6,,,2.1712,2.2673,694509.0394,639195.368,272487356.8,True,0,0,False,False,3.87,3.15,-4.076086956521752,10.658307210031337,-8.785529715762285,False,7.9510703363914415,-3.057119871279157,132.77,13.8,37406295.58,29.7569,,,-618618617.6400001,224.2904,3.2006,0,694509.0394,272487356.8,1.0,1.5,PASS,False,0.23809523809523808,132.77,13.8,-1.23,135.23,ESP-Q,,2.1712,3.2006,,177.38852,0.0,0.0,3.6,3.87,0,65.2348224513173,,0.6666666666666666,0,1,65.0,4,9.228456128525087,True,-4.076086956521752,,0.007314860052439077,False,False,燃气,135.23,1.0164840953560605,68.0,65.67044673539519,0.7,0.0,45.97,Other
600619.SH,600619,海立股份,19921116,,主板,L,611328916.3,3.4714445688689866,未知,未知,,,18.51,276.6271,154.0199,3.2198,5.5152,1986760.4955,1460762.5511,977786361.8000001,True,0,0,False,False,19.79,16.88,0.983606557377037,0.2169197396963085,-6.619504800404242,False,3.4714445688689866,-3.057119871279157,1001.19,258.4254,80296904.52,110.8629,,,206910643.24,187.2788,1.1782,0,1986760.4955,977786361.8000001,1.0,1.5,PASS,False,0.2857142857142857,1001.19,258.4254,2.125,1001.19,,276.6271,3.2198,1.1782,0.2762983050170297,87.7931712264151,0.0,0.0,18.51,19.79,0,93.12714776632302,,0.7538167938931297,1,1,100.0,158,8.285701660043028,True,0.983606557377037,,0.011020204710503884,False,False,独立池,1001.19,0.0,36.88068805265042,85.31428194042698,1.0,0.0,85.31,Tier2
600621.SH,600621,华鑫股份,19921202,,主板,L,188828621.15,-0.8540925266903976,证券,非银金融,801193.SI,490000,13.67,22.8137,22.1894,1.5505,1.3185,1450249.3322,1450249.3322,175948297.0,False,0,0,False,False,15.1,13.85,-0.5000000000000004,-14.224137931034475,-7.748344370860927,False,-0.8540925266903976,-3.057119871279157,5.07,69.87,131845580.73,84.9124,,,1439840930.01,897.1467,1.674,0,1450249.3322,175948297.0,1.0,1.5,PASS,False,0.07142857142857142,5.07,69.87,30.57,-25.5,,22.8137,1.5505,1.674,4.49974358974359,30.16254222222222,0.0,0.0,13.67,15.1,0,65.2348224513173,,0.6444444444444445,0,1,40.0,14,1.4629806440413007,False,-0.5000000000000004,,0.007570128408200684,False,False,证券,-25.5,-0.434774497888071,32.0,45.97044673539519,1.0,0.0,45.97,Other
600623.SH,600623,华谊集团,19921204,,主板,L,312544358.8,-4.929577464788737,化学原料,化工,801033.SI,220000,9.54,36.5087,34.8953,0.8983,1.1421,2025181.0411,1789737.1353,313369810.6,True,1,0,False,False,11.07,9.22,-1.5625,0.0,-14.634146341463428,False,-4.929577464788737,-3.057119871279157,49.14,-3.17,196239382.7,116.9007,,,1385036952.51,1238.6706,0.7474,0,2025181.0411,313369810.6,1.0,1.5,PASS,False,0.7142857142857143,49.14,-3.17,6.035,49.14,ESP-Q,36.5087,0.8983,0.7474,0.7429527879527879,92.88029999999999,0.0,0.0,9.54,11.07,0,65.2348224513173,,0.5925925925925926,0,0,5.0,9,1.8053363283147101,False,-1.5625,,0.01741100829966842,False,False,化学原料,49.14,0.2074922417431486,50.0,32.070446735395194,0.7,0.0,22.45,Other
600629.SH,600629,华建集团,19930209,,主板,L,497837165.2499999,-8.5007006071929,未知,未知,,,19.81,268.3673,1236.383,3.649,1.3271,1922240.8835,1898136.2201,494883674.1999999,True,0,0,False,False,22.64,19.55,-2.5373134328358304,-8.286516853932579,-13.471731448763258,False,-8.5007006071929,-3.057119871279157,,-96.19,,,,,103619488.27,,,0,1922240.8835,494883674.1999999,1.0,1.5,PASS,False,0.2857142857142857,,-96.19,2.125,0.0,DATA-INC,268.3673,3.649,,,87.7931712264151,0.0,0.0,19.81,22.64,0,81.09965635738831,,0.3435114503816794,0,0,5.0,158,-3.6864435160188602,False,-2.5373134328358304,,0.022591215439195976,False,False,独立池,0.0,0.0,22.114757601627915,31.252848427542077,1.0,0.0,31.25,Other
600633.SH,600633,浙数文化,19930304,,主板,L,835488859.15,-1.5503875968992276,未知,未知,,,12.86,28.4795,27.6923,1.5669,1.6635,1630743.771,1630743.771,530456380.99999994,True,1,0,False,False,15.09,12.69,-2.457757296466978,-11.064425770308128,-15.838303512259778,False,-1.5503875968992276,-3.057119871279157,-11.69,-4.28,90898714.17,56.8008,,,1022167408.03,-104.288,1.5496,0,1630743.771,530456380.99999994,1.0,1.5,PASS,False,0.2857142857142857,-11.69,-4.28,2.125,-13.815,ESP-Q,28.4795,1.5669,1.5496,,87.7931712264151,0.0,0.0,12.86,15.09,0,84.5360824742268,,0.6183206106870229,0,0,5.0,158,3.2638694942748128,False,-2.457757296466978,,0.019896106768605416,False,False,独立池,-13.815,0.0,21.91100873359999,32.243026488988036,0.7,0.0,22.57,Other
600635.SH,600635,大众公用,19930304,,主板,L,287967216.8,1.2987012987013102,燃气,公用事业,801163.SI,410000,5.64,40.1081,61.2471,1.8735,4.4091,1665173.1567,1364198.5047,421925348.79999995,True,0,0,False,False,5.75,5.13,5.000000000000004,-13.33333333333333,-5.043478260869561,False,1.2987012987013102,-3.057119871279157,-25.52,-12.73,80791296.08,158.9589,,,835177419.88,243.1988,0.5718,0,1665173.1567,421925348.79999995,1.0,1.5,PASS,False,0.23809523809523808,-25.52,-12.73,-1.23,-12.76,,40.1081,1.8735,0.5718,,177.38852,0.0,0.0,5.64,5.75,0,65.2348224513173,,0.5833333333333334,0,1,55.0,4,2.5760870908349554,False,5.000000000000004,,0.006416245776970527,False,False,燃气,-12.76,-0.35849402512968886,32.0,53.47044673539519,1.0,0.0,53.47,Tier2
600637.SH,600637,东方明珠,19930316,,主板,L,787753588.3500001,4.004004004004003,未知,未知,,,10.4,56.6252,62.6274,1.1677,2.1235,3496375.8097,3496375.8097,965284072.1999999,False,1,0,False,False,11.0,9.56,7.780082987551862,-7.479964381121995,-5.545454545454542,False,4.004004004004003,-3.057119871279157,-63.2,47.57,31690287.59,51.4111,,,1081475732.1,-249.1826,0.2059,0,3496375.8097,965284072.1999999,1.0,1.5,PASS,False,0.2857142857142857,-63.2,47.57,2.125,-65.325,ESP-Q,56.6252,1.1677,0.2059,,87.7931712264151,0.0,0.0,10.4,11.0,0,92.43986254295532,,0.7652671755725191,1,1,75.0,158,8.818261095178043,True,7.780082987551862,,0.003925622961625357,False,False,独立池,-65.325,0.0,21.151319686034423,69.46222270009348,0.7,0.0,48.62,Other
600641.SH,600641,先导基电,19930407,,主板,L,1925280886.85,8.3739837398374,房地产开发,房地产,801181.SI,430000,27.93,,,3.1904,6.9014,2644596.5146,2599249.3666,2369535806.2,True,1,0,False,False,31.8,24.5,-7.686980609418281,43.952483801295905,-16.163522012578614,False,8.3739837398374,-3.057119871279157,-347.9593,-218.0607,-17819692.06,,,,-216711929.39000002,,-0.2077,1,2644596.5146,2369535806.2,1.0,1.5,PASS,False,0.6666666666666666,-347.9593,-218.0607,-25.055,-173.97965,,,3.1904,-0.2077,,71.32621,0.0,0.0,27.93,31.8,10,91.29438717067583,,0.8076923076923077,1,1,100.0,8,9.78119201225406,True,-7.686980609418281,,-0.016370804640013652,False,False,房地产开发,-173.97965,-0.9671663251811073,22.0,81.78831615120275,1.0,10.0,71.79,Tier2
600642.SH,600642,申能股份,19930416,,主板,L,340998334.70000005,2.699784017278617,电力,公用事业,801161.SI,410000,9.43,11.4993,12.1754,1.2111,0.4642,4615116.8516,4614865.8061,457801353.8,True,0,0,False,False,10.18,8.86,0.10526315789474161,13.755980861244034,-6.581532416502944,False,2.699784017278617,-3.057119871279157,-11.74,2.42,768293399.25,97.5105,,,9384450491.460001,185.3461,1.8714,0,4615116.8516,457801353.8,1.0,1.5,PASS,False,0.21428571428571427,-11.74,2.42,-1.575,-5.87,,11.4993,1.2111,1.8714,,43.696173170731704,0.0,0.0,9.43,10.18,0,69.0721649484536,,0.6190476190476191,0,1,55.0,13,1.7451384707508177,False,0.10526315789474161,,0.01766244123984722,False,False,电力,-5.87,-0.2140664820499621,32.0,54.62164948453608,1.0,0.0,54.62,Tier2
600644.SH,600644,乐山电力,19930426,,主板,L,456908327.1500001,-11.347517730496449,电力,公用事业,801161.SI,410000,11.17,277.0372,283.9153,3.1239,2.2686,645984.3537,645984.3537,279870950.0,False,0,0,False,False,12.98,11.21,-1.4022787028922012,-3.350515463917525,-13.328197226502315,False,-11.347517730496449,-3.057119871279157,-31.78,-48.43,-3574916.83,,,,72476852.43,,-0.0855,0,645984.3537,279870950.0,1.0,1.5,PASS,False,0.21428571428571427,-31.78,-48.43,-1.575,-15.89,,277.0372,3.1239,-0.0855,,43.696173170731704,0.0,0.0,11.17,12.98,0,80.75601374570446,,0.14285714285714285,0,0,5.0,13,-12.302163277024249,False,-1.4022787028922012,,0.01438501557832799,False,False,电力,-15.89,-0.4972137617952962,32.0,33.12680412371134,1.0,0.0,33.13,Other
600660.SH,600660,福耀玻璃,19930610,,主板,L,901245021.6499999,-9.734219269102983,汽车零部件,汽车,801093.SI,280000,55.27,15.4892,16.0372,4.0056,0.8658,14424052.5014,11070505.457,760025008.1999999,False,0,0,False,False,61.1,54.04,-2.964285714285708,-11.627906976744185,-11.063829787234036,False,-9.734219269102983,-3.057119871279157,-17.32,23.08,1642761951.0,95.9815,,,22435762931.0,17.6882,4.4631,0,14424052.5014,760025008.1999999,1.0,1.5,PASS,False,0.47619047619047616,-17.32,23.08,-7.74,-8.66,,15.4892,4.0056,4.4631,,70.26558985507246,10.0,0.0,55.27,61.1,0,81.78694158075601,,0.16216216216216217,0,0,5.0,23,-11.601563031841387,False,-2.964285714285708,,0.0034357804865266643,False,False,汽车零部件,-8.66,0.013664215460229907,50.0,37.0360824742268,1.0,0.0,47.04,Other
600666.SH,600666,奥瑞德,19930712,,主板,L,1997559497.35,-22.700296735905045,光学光电子,电子,801084.SI,270000,5.34,103.9143,104.9249,13.401,6.4252,1469272.9084,1336203.3508,1645139031.6,True,2,1,False,False,7.07,5.16,-9.548611111111105,31.898734177215182,-26.308345120226306,False,-22.700296735905045,-3.057119871279157,-7.2545,26.9134,-10742970.21,,,,-202632493.31,,-0.9249,0,1469272.9084,1645139031.6,1.0,1.5,PASS,False,0.9761904761904762,-7.2545,26.9134,-19.355800000000002,-3.62725,,103.9143,13.401,-0.9249,,243.17919999999998,0.0,0.0,5.34,7.07,0,90.03436426116839,,0.043478260869565216,0,0,5.0,7,-27.55466566794388,False,-9.548611111111105,,0.005010694856886344,False,False,光学光电子,-3.62725,0.05705156227227068,50.0,39.51030927835052,1.0,0.0,39.51,Other
600667.SH,600667,太极实业,19930728,,主板,L,2393116876.3999996,24.32432432432432,未知,未知,,,12.61,58.8566,57.4236,3.0167,10.8788,2637434.6865,2637434.6865,3793920502.7999997,True,1,1,False,False,13.93,9.35,0.5668016194332104,15.427509293680309,-10.839913854989236,False,24.32432432432432,-3.057119871279157,9.44,-21.62,125094376.9,96.879,,,972472912.36,-187.3256,1.4862,0,2637434.6865,3793920502.7999997,1.0,1.5,PASS,False,0.2857142857142857,9.44,-21.62,2.125,9.44,ESP-Q,58.8566,3.0167,1.4862,6.2348093220338985,87.7931712264151,0.0,0.0,12.61,13.93,0,91.29438717067583,CHASE,0.9427480916030534,1,1,100.0,158,29.138581415498358,True,0.5668016194332104,,-0.0007204923686652418,True,False,独立池,9.44,0.0,22.25398230768536,81.83911261273983,0.7,0.0,57.29,Tier2
600673.SH,600673,东阳光,19930917,,主板,L,3259715939.55,10.811638591117912,综合,综合,801231.SI,510000,38.78,423.6779,1000.0594,11.7546,3.6705,11671054.5188,11640041.6409,2790425643.2,False,2,0,False,False,42.83,31.57,-0.9038619556285932,-9.550000000000002,-15.526500116740605,False,10.811638591117912,-3.057119871279157,-37.29,116.86,167536076.09,140.4607,,,2146143240.51,87.3725,1.2432,0,11671054.5188,2790425643.2,1.0,1.5,PASS,False,0.8095238095238095,-37.29,116.86,-1.75,-18.645,,423.6779,11.7546,1.2432,,185.8637666666667,0.0,0.0,38.78,42.83,0,99.19816723940436,,1.0,1,1,70.0,1,14.98304549290025,True,-0.9038619556285932,,-0.0004530474372455342,False,False,综合,-18.645,-0.88527971652237,22.0,69.1594501718213,1.0,0.0,69.16,Tier2
600674.SH,600674,川投能源,19930924,,主板,L,505493532.60000014,-2.4390243902438935,电力,公用事业,801161.SI,410000,14.86,15.2365,15.3204,1.5618,0.5361,7243665.7464,7243665.7464,561348334.5999999,True,0,0,False,False,15.78,14.73,-1.2675116744496284,4.815864022662897,-6.210392902408102,False,-2.4390243902438935,-3.057119871279157,-1.92,5.73,1448418031.42,99.7086,,,12833848171.83,15.7506,3.1832,0,7243665.7464,561348334.5999999,1.0,1.5,PASS,False,0.21428571428571427,-1.92,5.73,-1.575,-0.96,,15.2365,1.5618,3.1832,,43.696173170731704,10.0,0.0,14.86,15.78,0,72.0504009163803,,0.2619047619047619,0,0,5.0,13,-3.3936699367716927,False,-1.2675116744496284,,-0.0013909339701174556,False,False,电力,-0.96,-0.07531866333243811,32.0,30.51512027491409,1.0,0.0,40.52,Other
600683.SH,600683,京投发展,19931025,,主板,L,719234815.7500001,21.42259414225942,房地产开发,房地产,801181.SI,430000,15.96,,,,3.4169,1182281.0448,1182281.0448,700458131.8000001,False,4,3,False,True,21.83,11.43,-13.733650416171228,104.0787623066104,-33.53183692166743,False,21.42259414225942,-3.057119871279157,20.5777,-12.4711,-129212370.33,,,,-2067111817.83,,-4.8609,0,1182281.0448,700458131.8000001,1.0,1.5,PASS,False,0.6666666666666666,20.5777,-12.4711,-25.055,10.28885,,,,-4.8609,,71.32621,0.0,0.0,15.96,21.83,0,70.79037800687286,CHASE,0.9230769230769231,1,1,75.0,8,22.82980241467608,True,-13.733650416171228,突破型,-0.010527247391652212,True,False,房地产开发,10.28885,0.0052046612074644096,50.0,68.73711340206185,1.0,0.0,68.74,Tier2
600686.SH,600686,金龙汽车,19931108,,主板,L,359424624.84999996,-13.814180929095354,未知,未知,,,14.57,22.3074,18.2784,2.8747,3.2265,1044738.0866,1044738.0866,201651127.6,False,0,0,False,False,17.65,14.1,-3.292181069958855,-24.639230358097276,-20.113314447592067,False,-13.814180929095354,-3.057119871279157,1085.4,,98088023.45,65.3945,,,194207493.94,13.7248,4.2157,0,1044738.0866,201651127.6,1.0,1.5,PASS,False,0.2857142857142857,1085.4,,2.125,1085.4,ESP-Q,22.3074,2.8747,4.2157,0.02055223880597015,87.7931712264151,0.0,0.0,14.57,17.65,0,65.2348224513173,,0.14885496183206107,0,0,5.0,158,-8.999923837921314,False,-3.292181069958855,,-0.009224428346344633,False,False,独立池,1085.4,0.0,38.12264912225819,29.69497655984683,0.7,0.0,20.79,Other
600688.SH,600688,上海石化,19931108,,主板,L,195095801.95,-0.35714285714284477,未知,未知,,,2.83,,,1.2677,0.6283,2983560.7525,2074054.2205,158591721.19999996,False,0,0,False,False,3.23,2.75,-6.375838926174493,-14.417177914110423,-13.622291021671828,False,-0.35714285714284477,-3.057119871279157,597.6446,-520.78,424038000.0,102.1357,,,-1831525000.0,-134.498,1.7793,0,2983560.7525,158591721.19999996,1.0,1.5,PASS,False,0.2857142857142857,597.6446,-520.78,2.125,597.6446,ESP-Q,,1.2677,1.7793,,87.7931712264151,0.0,0.0,2.83,3.23,0,65.2348224513173,,0.6641221374045801,0,1,40.0,158,4.457114234031195,False,-6.375838926174493,,0.007458565798807052,False,False,独立池,597.6446,0.0,30.929047195040916,45.756256174403376,0.7,0.0,32.03,Other
600691.SH,600691,潞化科技,19931119,,主板,L,198883511.45000002,-13.20754716981133,未知,未知,,,2.8,,,2.139,1.4585,665274.9466,665164.0666,126980237.00000001,True,0,0,False,False,3.51,2.75,-7.382550335570482,-14.55108359133127,-21.36752136752137,False,-13.20754716981133,-3.057119871279157,63.0185,-21.32,-57044965.38,,,,-1555056116.45,,-1.5551,0,665274.9466,126980237.00000001,1.0,1.5,PASS,False,0.2857142857142857,63.0185,-21.32,2.125,63.0185,ESP-Q,,2.139,-1.5551,,87.7931712264151,0.0,0.0,2.8,3.51,0,65.2348224513173,,0.16984732824427481,0,0,5.0,158,-8.393290078637289,False,-7.382550335570482,,0.012056539789801727,False,False,独立池,63.0185,0.0,23.044178379030562,26.679282411201303,0.7,0.0,18.68,Other
600699.SH,600699,均胜电子,19931206,,主板,L,2227373453.5999994,5.120167189132707,汽车零部件,汽车,801093.SI,280000,30.82,35.7793,34.2012,2.7271,6.8178,4779474.8752,4176275.3308,2908805384.2000003,True,1,0,False,False,31.85,25.55,-0.6256173855778813,8.6784299603889,-5.2433281004709675,False,5.120167189132707,-3.057119871279157,13.23,16.72,362354723.87,90.1181,,,3686532101.5299997,157.1652,2.3076,0,4779474.8752,2908805384.2000003,1.0,1.5,PASS,False,0.47619047619047616,13.23,16.72,-7.74,28.71,,35.7793,2.7271,2.3076,2.7044066515495087,70.26558985507246,0.0,0.0,30.82,31.85,0,68.49942726231386,,0.6486486486486487,0,1,55.0,23,3.2528234263943023,False,-0.6256173855778813,,-0.003578185443871679,False,False,汽车零部件,28.71,0.15444469655218512,50.0,58.049828178694156,1.0,0.0,58.05,Tier1
600702.SH,600702,舍得酒业,19960524,,主板,L,234624900.65000004,-8.357095854354025,未知,未知,,,40.41,60.2977,124.0091,1.8803,1.5746,1344678.63,1344112.89,212368407.59999996,False,0,0,False,False,47.67,41.26,-0.7129277566539804,-21.392285983066785,-12.355779316131743,False,-8.357095854354025,-3.057119871279157,-34.91,-50.31,223468143.6,96.5107,,,1321387557.67,-33.6701,3.2987,0,1344678.63,212368407.59999996,1.0,1.5,PASS,False,0.2857142857142857,-34.91,-50.31,2.125,-37.035,ESP-Q,60.2977,1.8803,3.2987,,87.7931712264151,0.0,0.0,40.41,47.67,0,65.40664375715922,,0.3511450381679389,0,0,5.0,158,-3.5428387631799847,False,-0.7129277566539804,,-0.005053974935034544,False,False,独立池,-37.035,0.0,21.568551352810385,26.43570339770984,0.7,0.0,18.5,Other
600707.SH,600707,彩虹股份,19960520,,主板,L,1747170819.15,35.147928994082854,光学光电子,电子,801084.SI,270000,11.1,106.4326,693.1694,1.8273,7.4824,3983112.6025,3982313.4025,2041740921.8000002,False,3,1,False,True,11.72,7.99,6.828811973807292,74.88514548238896,-2.5597269624573427,False,35.147928994082854,-3.057119871279157,-106.22,-77.67,-19049173.74,-344.4203,,,533631070.73,930.8593,0.0254,0,3983112.6025,2041740921.8000002,1.0,1.5,PASS,False,0.9761904761904762,-106.22,-77.67,-19.355800000000002,-53.11,ESP-Q,106.4326,1.8273,0.0254,,243.17919999999998,0.0,0.0,11.1,11.72,0,90.14891179839634,CHASE,0.9565217391304348,1,1,85.0,7,30.293560062044023,True,6.828811973807292,突破型|OVERHEAT,0.046307551823858435,True,True,光学光电子,-53.11,-0.45912353219655266,32.0,75.9446735395189,0.7,0.0,53.16,Tier2
600714.SH,600714,金瑞矿业,19960606,,主板,L,564592781.65,46.0462614308768,化学原料,化工,801033.SI,220000,29.87,281.6057,606.1442,11.4321,7.7718,860782.5275,860782.5275,661440540.5999999,False,3,1,False,True,29.87,17.12,7.738095238095233,61.60714285714284,-9.106126548376302,False,46.0462614308768,-3.057119871279157,-108.2862,-9.16,-1257708.91,,,,77739387.63,,-0.1437,1,860782.5275,661440540.5999999,1.0,1.5,PASS,False,0.7142857142857143,-108.2862,-9.16,6.035,-114.32119999999999,,281.6057,11.4321,-0.1437,,92.88029999999999,0.0,10.0,29.87,29.87,10,58.30469644902635,,0.9629629629629629,1,1,75.0,9,52.78117522398024,True,7.738095238095233,突破型,0.014879068233324801,True,False,化学原料,-114.32119999999999,-0.29903962164386816,32.0,61.391408934707904,1.0,20.0,41.39,Other
600722.SH,600722,金牛化工,19960626,,主板,L,929227939.9999999,-15.762081784386616,化学原料,化工,801033.SI,220000,11.43,162.245,163.4834,6.1647,3.4501,777605.3897,777605.3897,637840091.1999999,True,0,0,False,False,14.8,11.3,-10.43478260869566,16.324435318275142,-23.445945945945944,False,-15.762081784386616,-3.057119871279157,-9.02,-8.19,10729547.73,82.2359,,,82664611.61000001,-12.2121,1.0398,0,777605.3897,637840091.1999999,1.0,1.5,PASS,False,0.7142857142857143,-9.02,-8.19,6.035,-15.055,ESP-Q,162.245,6.1647,1.0398,,92.88029999999999,0.0,0.0,11.43,14.8,0,65.2348224513173,,0.2222222222222222,0,0,5.0,9,-9.027167991283168,False,-10.43478260869566,,-0.007240686910511366,False,False,化学原料,-15.055,0.008565444618635013,50.0,32.070446735395194,0.7,0.0,22.45,Other
600727.SH,600727,鲁北化工,19960702,,主板,L,221041602.79999998,-2.395964691046648,化学原料,化工,801033.SI,220000,8.31,114.7738,74.6766,1.35,4.9544,439252.5852,439252.5852,222789351.6,True,0,0,False,False,8.79,7.71,-9.154929577464777,-1.526717557251911,-11.945392491467565,False,-2.395964691046648,-3.057119871279157,56.3,-90.13,55299235.25,97.778,,,122165983.74,19.8548,1.7533,0,439252.5852,222789351.6,1.0,1.5,PASS,False,0.7142857142857143,56.3,-90.13,6.035,56.3,ESP-Q,114.7738,1.35,1.7533,2.0386110124333925,92.88029999999999,0.0,0.0,8.31,8.79,0,81.55784650630011,,0.7407407407407407,1,0,55.0,9,4.3389491020568,False,-9.154929577464777,,-0.008750788142849155,False,False,化学原料,56.3,0.22967957514000997,50.0,61.96735395189003,0.7,0.0,43.38,Other
600728.SH,600728,佳都科技,19960716,,主板,L,217874203.29999998,-4.6762589928057485,未知,未知,,,5.25,64.3975,170.1942,1.4174,1.6707,1119614.612,1119614.612,209411040.4,True,0,0,False,False,5.75,5.28,-1.1194029850746356,-21.48148148148148,-7.826086956521738,False,-4.6762589928057485,-3.057119871279157,8.13,19.88,11184861.5,90.7462,,,63084132.07,,0.1562,0,1119614.612,209411040.4,1.0,1.5,PASS,False,0.2857142857142857,8.13,19.88,2.125,8.13,,64.3975,1.4174,0.1562,7.9209717097170955,87.7931712264151,0.0,0.0,5.25,5.75,0,92.43986254295532,,0.5095419847328244,0,0,5.0,158,0.1379980983682918,False,-1.1194029850746356,,0.005466359736749866,False,False,独立池,8.13,0.0,22.234661930043913,34.678891148895374,1.0,0.0,34.68,Other
600733.SH,600733,北汽蓝谷,19960816,,主板,L,529064087.8000001,-8.888888888888902,未知,未知,,,6.58,,,6.9569,1.2088,4189587.307,3218746.444,514327872.8,True,0,0,False,False,7.53,6.42,-5.475504322766578,-20.772946859903385,-12.881806108897752,False,-8.888888888888902,-3.057119871279157,8.5642,34.3401,-878838102.1,,,,-11497196478.67,,-24.97,0,4189587.307,514327872.8,1.0,1.5,PASS,False,0.2857142857142857,8.5642,34.3401,2.125,8.5642,,,6.9569,-24.97,,87.7931712264151,0.0,0.0,6.58,7.53,0,67.58304696449026,,0.3244274809160305,0,0,5.0,158,-4.074631797714861,False,-5.475504322766578,,-0.0035198478400235503,False,False,独立池,8.5642,0.0,22.241065676587358,27.22312722466455,1.0,0.0,27.22,Other
600736.SH,600736,苏州高新,19960815,,主板,L,1362719941.9999998,7.369942196531798,房地产开发,房地产,801181.SI,430000,7.55,58.894,40.2668,1.1661,3.736,869226.1448,869226.1448,679442600.4000001,False,4,0,False,False,10.61,6.34,-11.442193087008356,2.908587257617734,-29.971724787935905,False,7.369942196531798,-3.057119871279157,44.1384,39.8811,-45732835.46,-21.2562,,,-473632332.80999994,-243.9797,2.1213,0,869226.1448,679442600.4000001,1.0,1.5,PASS,False,0.6666666666666666,44.1384,39.8811,-25.055,94.2484,ESP-Q,58.894,1.1661,2.1213,1.3343030105305131,71.32621,0.0,0.0,7.55,10.61,0,83.73424971363116,,0.7307692307692307,1,1,75.0,8,8.777150468948458,True,-11.442193087008356,,-0.003628393965908465,False,False,房地产开发,94.2484,0.4482528786197764,50.0,72.62027491408935,0.7,0.0,50.83,Tier2
600737.SH,600737,中粮糖业,19960731,,主板,L,548238805.8500001,-2.9192124915139117,农产品加工,农林牧渔,801012.SI,110000,14.35,32.2662,30.9955,2.6387,1.3343,3069247.2072,3069247.2072,584450213.2000002,False,1,1,False,False,16.6,14.29,-8.801020408163263,-10.457107075767059,-13.855421686746993,False,-2.9192124915139117,-3.057119871279157,29.81,-52.02,195872763.69,90.6973,,,1749133574.1100001,-95.2222,1.8733,0,3069247.2072,584450213.2000002,1.0,1.5,PASS,False,0.3333333333333333,29.81,-52.02,-30.86,14.905,ESP-Q,32.2662,2.6387,1.8733,1.0823951694062395,74.8841,0.0,0.0,14.35,16.6,0,65.2348224513173,,0.6666666666666666,0,0,0.0,1,0.0,False,-8.801020408163263,TIER2_FORCED,-0.0030022409299551513,False,False,农产品加工,14.905,-0.1735113042980397,32.0,25.970446735395193,0.7,0.0,18.18,Tier2
600740.SH,600740,山西焦化,19960808,,主板,L,188561687.49999997,-9.951456310679617,未知,未知,,,3.73,114.9546,70.6915,0.6276,1.1025,955671.1904,955671.1904,143387509.2,True,0,0,False,False,4.47,3.71,-3.6363636363636376,-21.39830508474576,-17.002237136465325,False,-9.951456310679617,-3.057119871279157,73.1342,-81.67,-20936712.66,,,,-131364694.73,,-0.1195,0,955671.1904,143387509.2,1.0,1.5,PASS,False,0.2857142857142857,73.1342,-81.67,2.125,73.1342,ESP-Q,114.9546,0.6276,-0.1195,1.571830962805363,87.7931712264151,0.0,0.0,3.73,4.47,0,65.2348224513173,,0.2862595419847328,0,0,5.0,158,-5.137199219505577,False,-3.6363636363636376,,0.004392089274884002,False,False,独立池,73.1342,0.0,23.19336856537223,26.709120448469637,0.7,0.0,18.7,Other
600741.SH,600741,华域汽车,19960826,,主板,L,434496247.95000005,-16.437684003925412,汽车零部件,汽车,801093.SI,280000,17.04,7.4539,7.4813,0.7887,0.5955,5372241.6687,5372241.6687,409352585.00000006,False,0,0,False,False,20.68,17.02,-3.676470588235281,-12.442159383033413,-17.649903288201152,False,-16.437684003925412,-3.057119871279157,-1.14,10.67,1150056358.92,92.4541,,,14471203675.55,319.4797,1.8394,0,5372241.6687,409352585.00000006,1.0,1.5,PASS,False,0.47619047619047616,-1.14,10.67,-7.74,-0.57,,7.4539,0.7887,1.8394,,70.26558985507246,0.0,0.0,17.04,20.68,0,70.67583046964491,,0.06756756756756757,0,0,5.0,23,-18.305027766663816,False,-3.676470588235281,,0.022024917271247158,False,False,汽车零部件,-0.57,0.04414091045712361,50.0,33.702749140893474,1.0,0.0,33.7,Other
600743.SH,600743,华远控股,19960909,,主板,L,294128293.3,-6.153846153846154,房地产开发,房地产,801181.SI,430000,2.46,,,10.4211,1.8658,577140.815,577140.815,205179011.0,True,0,0,False,False,2.86,2.27,-9.293680297397767,23.232323232323225,-14.685314685314687,False,-6.153846153846154,-3.057119871279157,37.653,91.9918,-9991800.0,,,,-195748500.0,,-1.7339,0,577140.815,205179011.0,1.0,1.5,PASS,False,0.6666666666666666,37.653,91.9918,-25.055,87.763,,,10.4211,-1.7339,,71.32621,0.0,0.0,2.46,2.86,0,69.3012600229095,,0.3076923076923077,0,0,5.0,8,-4.7466378814294945,False,-9.293680297397767,,0.011570793154913776,False,False,房地产开发,87.763,0.4140299116171447,50.0,33.29037800687285,1.0,0.0,33.29,Other
600749.SH,600749,西藏旅游,19961015,,主板,L,287395831.15,-26.584087660790846,未知,未知,,,15.31,149.3025,280.2737,3.3407,3.0286,347484.2065,347484.2065,125781051.59999998,True,0,0,False,False,21.89,15.41,-3.987538940809976,-5.74923547400612,-29.602558245774325,False,-26.584087660790846,-3.057119871279157,-16.6648,81.27,-21305086.18,,,,1360606.2999999989,,-1.9045,0,347484.2065,125781051.59999998,1.0,1.5,PASS,False,0.2857142857142857,-16.6648,81.27,2.125,-18.7898,,149.3025,3.3407,-1.9045,,87.7931712264151,0.0,0.0,15.31,21.89,0,49.48453608247423,,0.01717557251908397,0,0,5.0,158,-21.769830569616808,False,-3.987538940809976,,0.003474529251258703,False,False,独立池,-18.7898,0.0,21.837638493378105,21.712888523417888,1.0,0.0,21.71,Other
600751.SH,600751,海航科技,19960909,,主板,L,179326956.10000002,-6.842105263157894,未知,未知,,,3.45,97.2521,137.1771,1.3231,1.7837,1000271.5351,887750.2229,173380679.8,False,0,0,False,False,4.03,3.53,-2.4793388429751984,-14.903846153846157,-12.158808933002485,False,-6.842105263157894,-3.057119871279157,-62.38,-46.74,10914015.68,83.6801,,,192745871.24,-1380.0958,0.1724,0,1000271.5351,173380679.8,1.0,1.5,PASS,False,0.2857142857142857,-62.38,-46.74,2.125,-64.505,ESP-Q,97.2521,1.3231,0.1724,,87.7931712264151,0.0,0.0,3.45,4.03,0,83.73424971363116,,0.41412213740458015,0,0,5.0,158,-2.0278481719838535,False,-2.4793388429751984,,0.0031711386030279128,False,False,独立池,-64.505,0.0,21.163413357535173,31.852957585596382,0.7,0.0,22.3,Other
600754.SH,600754,XD锦江酒,19961011,,主板,L,357258676.4,-20.67557535263549,未知,未知,,,20.89,24.0691,21.7036,1.4304,1.5107,2227497.4495,1892726.0476,297502708.4,True,0,0,False,False,27.66,21.21,-5.022222222222217,-21.46269753766997,-22.740419378163413,False,-20.67557535263549,-3.057119871279157,,75.19,,,,,1784626688.12,394.1757,0.8523,0,2227497.4495,297502708.4,1.0,1.5,PASS,False,0.2857142857142857,,75.19,2.125,0.0,DATA-INC,24.0691,1.4304,0.8523,,87.7931712264151,0.0,0.0,20.89,27.66,0,70.67583046964491,,0.03625954198473282,0,0,5.0,158,-15.86131826146145,False,-5.022222222222217,,-0.003262299679971389,False,False,独立池,0.0,0.0,22.114757601627915,28.125700661219053,1.0,0.0,28.13,Other
600756.SH,600756,浪潮软件,19960923,,主板,L,179736422.5,-6.449631449631454,未知,未知,,,15.33,,,2.3978,2.1801,535980.8783,496843.3883,151818673.40000004,False,0,0,False,False,18.4,15.21,-6.736068585425581,-12.571756601607353,-17.228260869565204,False,-6.449631449631454,-3.057119871279157,2.6112,-1886.51,-86684617.71,,,,-713480385.94,,-3.7883,0,535980.8783,151818673.40000004,1.0,1.5,PASS,False,0.2857142857142857,2.6112,-1886.51,2.125,0.4862000000000002,,,2.3978,-3.7883,,87.7931712264151,0.0,0.0,15.33,18.4,0,65.2348224513173,,0.42748091603053434,0,0,5.0,158,-1.6353743584574136,False,-6.736068585425581,,-0.025143084226256114,False,False,独立池,0.4862000000000002,0.0,22.121928263925067,26.494832388180203,1.0,0.0,26.49,Other
600760.SH,600760,中航沈飞,19961011,,主板,L,1012502768.3500003,-7.987987987987988,航空装备,国防军工,801742.SI,650000,45.44,36.6218,39.6127,5.4173,0.5682,12882670.3804,12857487.2461,728169247.8,False,0,0,False,False,50.97,45.8,-2.8124339183759783,-18.336886993603407,-9.829311359623304,False,-7.987987987987988,-3.057119871279157,-61.72,2.19,161311841.14,97.7873,,,5981822917.86,3154.4288,0.697,0,12882670.3804,728169247.8,1.0,1.5,PASS,False,0.5238095238095238,-61.72,2.19,-13.16,-30.86,,36.6218,5.4173,0.697,,161.41275,0.0,0.0,45.44,50.97,0,65.2348224513173,,0.4375,0,0,5.0,5,-0.894483625525921,False,-2.8124339183759783,,0.0027704508705302367,False,False,航空装备,-30.86,-0.1319591574530203,32.0,28.470446735395193,1.0,0.0,28.47,Other
600761.SH,600761,安徽合力,19961009,,主板,L,396314485.35,8.030040439052577,未知,未知,,,18.48,13.4406,13.3996,1.4758,1.2699,1646000.2223,1646000.2223,382813809.59999996,True,0,0,False,False,21.25,16.71,-5.3643724696356365,-18.58946451893775,-12.0,False,8.030040439052577,-3.057119871279157,,0.2,,,,,2776259952.54,72.048,2.9615,0,1646000.2223,382813809.59999996,1.0,1.5,PASS,False,0.2857142857142857,,0.2,2.125,0.0,DATA-INC,13.4406,1.4758,2.9615,,87.7931712264151,10.0,0.0,18.48,21.25,0,65.2348224513173,,0.8187022900763359,1,1,100.0,158,12.844297530226617,True,-5.3643724696356365,,-0.00999354352134713,False,False,独立池,0.0,0.0,22.114757601627915,73.99339825572078,1.0,0.0,83.99,Tier2
600763.SH,600763,通策医疗,19961030,,主板,L,371153454.15,-9.977935768570735,医疗服务,医药生物,801156.SI,370000,37.0,32.9711,32.7785,3.7435,1.408,1654969.7329,1654969.7329,328034360.6,False,0,0,False,False,44.5,36.67,-7.715506408645389,-26.604037577453532,-17.483146067415735,False,-9.977935768570735,-3.057119871279157,,-0.04,,,,,1322159746.59,66.474,4.3183,0,1654969.7329,328034360.6,1.0,1.5,PASS,False,0.30952380952380953,,-0.04,12.54,0.0,DATA-INC,32.9711,3.7435,4.3183,,76.35799999999999,0.0,0.0,37.0,44.5,0,65.2348224513173,,0.2222222222222222,0,0,5.0,3,-4.805521975467299,False,-7.715506408645389,,-0.008358794675166937,False,False,医疗服务,0.0,-0.37513908875324536,32.0,28.470446735395193,1.0,0.0,28.47,Other
600765.SH,600765,中航重机,19961106,,主板,L,344204213.34999996,-9.700598802395211,航空装备,国防军工,801742.SI,650000,14.97,38.1735,40.8458,1.6214,1.0642,2324083.747,2324083.747,300988464.6,False,0,0,False,False,16.95,15.04,-3.457106274007682,-29.6969696969697,-11.032448377581117,False,-9.700598802395211,-3.057119871279157,-17.46,-13.72,155067179.76,98.1578,,,1665265004.85,60.7312,1.1078,0,2324083.747,300988464.6,1.0,1.5,PASS,False,0.5238095238095238,-17.46,-13.72,-13.16,-8.73,,38.1735,1.6214,1.1078,,161.41275,0.0,0.0,14.97,16.95,0,65.2348224513173,,0.3125,0,0,5.0,5,-2.607094439933144,False,-3.457106274007682,,0.010250518637528929,False,False,航空装备,-8.73,-0.09654956646572985,32.0,28.470446735395193,1.0,0.0,28.47,Other
600768.SH,600768,宁波富邦,19961111,,主板,L,151047259.99999997,2.7104959630911196,工业金属,有色金属,801055.SI,240000,18.08,41.2746,29.6747,5.2835,3.474,241814.9376,241814.9376,116670082.39999999,True,0,0,False,False,19.78,16.49,-1.9812878370941256,-4.911906033101987,-9.959555106167862,False,2.7104959630911196,-3.057119871279157,505.45,158.6726,21241534.84,75.9014,,,49997656.019999996,-334.1355,6.3076,0,241814.9376,116670082.39999999,1.0,1.5,PASS,False,0.14285714285714285,505.45,158.6726,60.27,505.45,ESP-Q,41.2746,5.2835,6.3076,0.08165911563952913,36.771677777777775,0.0,0.0,18.08,19.78,0,91.98167239404353,,0.7857142857142857,1,1,100.0,9,8.868568562554675,True,-1.9812878370941256,,-0.009169728203774171,False,False,工业金属,505.45,1.859298010525725,68.0,91.19450171821306,0.7,0.0,63.84,Tier1
600773.SH,600773,西藏城投,19961108,,主板,L,1056584473.8500001,-12.434325744308229,房地产开发,房地产,801181.SI,430000,20.0,,,4.4894,2.6475,1903173.73,1903173.73,729994936.8000001,True,0,0,False,False,28.88,19.93,-4.807234650166592,46.6275659824047,-30.747922437673125,False,-12.434325744308229,-3.057119871279157,-54.107,-79.5087,-54022694.76,,,,-789182742.06,,-1.2431,0,1903173.73,729994936.8000001,1.0,1.5,PASS,False,0.6666666666666666,-54.107,-79.5087,-25.055,-27.0535,,,4.4894,-1.2431,,71.32621,0.0,0.0,20.0,28.88,0,65.2348224513173,,0.11538461538461539,0,0,5.0,8,-11.027117471891568,False,-4.807234650166592,,0.003838142704601521,False,False,房地产开发,-27.0535,-0.19184810529124416,32.0,28.470446735395193,1.0,0.0,28.47,Other
600776.SH,600776,东方通信,19961126,,主板,L,766171207.2,-4.999999999999993,通信设备,通信,801102.SI,730000,15.73,55.1759,43.1997,5.1729,2.1916,1975688.1007,1503788.1007,485037619.40000004,False,0,0,False,False,19.41,15.4,-8.244994110718496,-12.863534675615206,-19.73209685729006,False,-4.999999999999993,-3.057119871279157,176.35,19.23,10312678.44,23.9007,,,-58812792.83,-524.6356,1.1363,0,1975688.1007,485037619.40000004,1.0,1.5,PASS,False,0.9523809523809523,176.35,19.23,15.0872,176.35,ESP-Q,55.1759,5.1729,1.1363,0.3128772327757301,156.39837500000002,0.0,0.0,15.73,19.41,0,65.2348224513173,,0.2916666666666667,0,0,5.0,8,-5.841851556588467,False,-8.244994110718496,,-0.014707124152375996,False,False,通信设备,176.35,0.42074933028542416,50.0,32.070446735395194,0.7,0.0,22.45,Other
600782.SH,600782,新钢股份,19961225,,主板,L,159859443.9,-11.65644171779141,未知,未知,,,2.82,202.0003,,0.3535,2.5061,897894.246,887073.906,97698190.2,False,0,0,False,False,3.31,2.87,-3.6789297658862963,-27.27272727272727,-12.990936555891242,False,-11.65644171779141,-3.057119871279157,-985.3738,79.4098,-787466892.33,,,,-898098269.2,,-2.8353,0,897894.246,97698190.2,1.0,1.5,PASS,False,0.2857142857142857,-985.3738,79.4098,2.125,-987.4988,,202.0003,0.3535,-2.8353,,87.7931712264151,0.0,0.0,2.82,3.31,0,74.5704467353952,,0.21374045801526717,0,0,5.0,158,-6.842184626617369,False,-3.6789297658862963,,0.01510242691708268,False,False,独立池,-987.4988,0.0,7.550750169204315,26.38128405445942,1.0,0.0,26.38,Other
600783.SH,600783,鲁信创投,19961225,,主板,L,883559425.25,10.343228200371058,通用机械,机械设备,801072.SI,640000,24.41,125.9489,108.8221,4.1283,4.8106,1816981.0367,1816981.0367,1035739727.0,True,1,1,False,False,26.3,20.37,13.99137517968374,2.720207253885998,-9.543726235741445,False,10.343228200371058,-3.057119871279157,62.856,-16.38,-16390967.66,,,,641003345.27,,-0.3493,0,1816981.0367,1035739727.0,1.0,1.5,PASS,False,0.5952380952380952,62.856,-16.38,-0.595,64.046,ESP-Q,125.9489,4.1283,-0.3493,2.003768932162403,108.90780749999999,0.0,0.0,24.41,26.3,0,93.35624284077892,,0.6530612244897959,0,1,55.0,15,8.242771579366483,True,13.99137517968374,OVERHEAT,0.013284231099288921,False,True,通用机械,64.046,0.39198488110113733,50.0,65.50687285223367,0.7,0.0,45.85,Other
600785.SH,600785,新华百货,19970108,,主板,L,162099344.2,-5.699481865284984,一般零售,商业贸易,801203.SI,450000,16.52,50.0398,62.6179,1.6141,2.9831,372742.8746,372742.8746,230635630.59999996,True,0,0,False,False,19.39,16.29,-5.427251732101624,-23.062470643494603,-15.523465703971128,False,-5.699481865284984,-3.057119871279157,-11.94,-17.72,63794732.65,98.0816,,,307746267.87,460.4252,2.8567,0,372742.8746,230635630.59999996,1.0,1.5,PASS,False,0.5,-11.94,-17.72,-2.72,-5.97,,50.0398,1.6141,2.8567,,294.39719,0.0,0.0,16.52,19.39,0,81.09965635738831,,0.6470588235294118,0,0,5.0,6,4.216484521269637,False,-5.427251732101624,,0.011418414099492824,False,False,一般零售,-5.97,-0.13390123547752417,32.0,33.22989690721649,1.0,0.0,33.23,Other
600790.SH,600790,轻纺城,19970228,,主板,L,172856803.45000002,6.933333333333325,一般零售,商业贸易,801203.SI,450000,4.23,,20.4317,1.0423,3.1655,620029.5625,620029.5625,140878528.2,True,1,0,False,False,5.02,3.71,-8.447488584474893,-0.24875621890546595,-20.119521912350592,False,6.933333333333325,-3.057119871279157,-81.65,-115.25,5357214.18,1.5338,,,147402795.93,-22.2723,6.0319,0,620029.5625,140878528.2,1.0,1.5,PASS,False,0.5,-81.65,-115.25,-2.72,-40.825,ESP-Q,,1.0423,6.0319,,294.39719,0.0,0.0,4.23,5.02,0,65.2348224513173,,0.7647058823529411,1,1,100.0,6,16.849299719887945,True,-8.447488584474893,,-0.016030625030219715,False,False,一般零售,-40.825,-0.7604894486508048,22.0,73.9704467353952,0.7,0.0,51.78,Tier2
600795.SH,600795,国电电力,19970318,,主板,L,1075917731.2999997,-0.8097165991902799,电力,公用事业,801161.SI,410000,4.9,12.2035,12.9496,1.4308,0.9474,8739453.3502,8739453.3502,1345406582.8,True,0,0,False,False,5.17,4.72,-0.40650406504064707,3.3755274261603407,-5.222437137330749,False,-0.8097165991902799,-3.057119871279157,-15.54,45.23,1357733815.87,97.1206,,,17968040863.22,286.1042,2.3193,0,8739453.3502,1345406582.8,1.0,1.5,PASS,False,0.21428571428571427,-15.54,45.23,-1.575,-7.77,,12.2035,1.4308,2.3193,,43.696173170731704,0.0,0.0,4.9,5.17,0,69.0721649484536,,0.35714285714285715,0,1,55.0,13,-1.7643621457180791,False,-0.40650406504064707,,-0.007109024278467675,False,False,电力,-7.77,-0.2677570839976801,32.0,54.62164948453608,1.0,0.0,54.62,Tier2
600797.SH,600797,浙大网新,19970418,,主板,L,279071437.2,-4.714912280701755,未知,未知,,,8.7,,,2.7004,1.7289,893947.9419,893947.9419,230041328.60000002,False,0,0,False,False,9.68,8.66,-3.3370411568409475,-17.863894139886582,-10.22727272727273,False,-4.714912280701755,-3.057119871279157,11.748,27.0311,-35478518.47,,,,-231651279.3,,-1.4193,0,893947.9419,230041328.60000002,1.0,1.5,PASS,False,0.2857142857142857,11.748,27.0311,2.125,11.748,,,2.7004,-1.4193,,87.7931712264151,0.0,0.0,8.7,9.68,0,84.5360824742268,,0.5038167938931297,0,0,5.0,158,0.09934481047228516,False,-3.3370411568409475,,0.0060505948514263455,False,False,独立池,11.748,0.0,22.288021568446013,32.31842905595724,1.0,0.0,32.32,Other
600800.SH,600800,渤海化学,19931206,,主板,L,246751088.49999997,-18.489065606361844,未知,未知,,,4.22,,,4.7867,2.2295,468439.0812,468306.1512,220057129.60000002,True,0,0,False,False,5.21,4.06,-11.44708423326134,-7.44920993227991,-21.305182341650674,False,-18.489065606361844,-3.057119871279157,15.1038,-11.9411,-142655516.94,,,,-1853916548.68,,-13.6129,0,468439.0812,220057129.60000002,1.0,1.5,PASS,False,0.2857142857142857,15.1038,-11.9411,2.125,15.1038,ESP-Q,,4.7867,-13.6129,,87.7931712264151,0.0,0.0,4.22,5.21,0,65.2348224513173,,0.05534351145038168,0,0,5.0,158,-13.674808515187804,False,-11.44708423326134,,0.009880646767802837,False,False,独立池,15.1038,0.0,22.337514181643847,26.53794957172396,0.7,0.0,18.58,Other
600801.SH,600801,华新建材,19940103,,主板,L,269842214.79999995,-18.929503916449097,水泥制造,建筑材料,801711.SI,610000,18.63,13.5742,11.9191,1.1785,0.8568,3873168.8941,2499582.7201,201593875.39999998,False,0,0,False,False,23.38,18.63,-6.8500000000000005,-17.529880478087655,-20.316509837467922,False,-18.929503916449097,-3.057119871279157,166.86,50.98,628869536.0,99.8012,,,6328597370.0,67.383,1.941,0,3873168.8941,201593875.39999998,1.0,1.5,PASS,False,0.023809523809523808,166.86,50.98,-10.89,188.64,,13.5742,1.1785,1.941,0.08135083303368092,18.255566666666667,0.0,0.0,18.63,23.38,0,74.5704467353952,,0.2,0,0,0.0,2,-8.510599512582283,False,-6.8500000000000005,TIER2_FORCED,0.006978905170873808,False,False,水泥制造,188.64,1.3874358622659038,68.0,35.971134020618564,1.0,0.0,35.97,Tier2
600803.SH,600803,新奥股份,19940103,,主板,L,209951880.35,-3.8534728829686005,燃气,公用事业,801163.SI,410000,19.86,13.1335,14.1019,2.5409,0.2767,6148229.2225,6100449.2401,151687699.2,True,0,0,False,False,21.58,19.56,-3.1624341159559144,1.4558232931726867,-6.34847080630212,False,-3.8534728829686005,-3.057119871279157,-31.38,18.75,678800000.0,103.6368,,,10779720000.0,0.4042,2.6819,0,6148229.2225,151687699.2,1.0,1.5,PASS,False,0.23809523809523808,-31.38,18.75,-1.23,-15.69,ESP-Q,13.1335,2.5409,2.6819,,177.38852,0.0,0.0,19.86,21.58,0,65.2348224513173,,0.5,0,0,5.0,4,-2.5760870908349554,False,-3.1624341159559144,,-0.021689070661352557,False,False,燃气,-15.69,-0.3857167151291702,32.0,28.470446735395193,0.7,0.0,19.93,Other
600808.SH,600808,马钢股份,19940106,,主板,L,253964247.35,-21.119592875318073,未知,未知,,,3.12,,,0.9983,1.3277,2402612.53,1861938.37,288436923.59999996,True,0,0,False,False,4.2,3.1,-10.404624277456643,-21.914357682619645,-26.190476190476186,False,-21.119592875318073,-3.057119871279157,96.4297,94.679,-5547815.0,-13.0948,,,-274478366.0,1089.4473,0.1762,0,2402612.53,288436923.59999996,1.0,1.5,PASS,False,0.2857142857142857,96.4297,94.679,2.125,96.4297,ESP-Q,,0.9983,0.1762,,87.7931712264151,0.0,0.0,3.12,4.2,0,67.23940435280642,,0.03244274809160305,0,0,5.0,158,-16.305335784144035,False,-10.404624277456643,,0.021545997420361847,False,False,独立池,96.4297,0.0,23.536939448842688,27.37920919561046,0.7,0.0,19.17,Other
600809.SH,600809,山西汾酒,19940106,,主板,L,1149600541.1999998,-4.011398509425701,未知,未知,,,128.25,12.7761,14.2479,3.4751,0.5984,15646041.1472,15646041.1472,960372571.0000001,False,0,0,False,False,146.95,128.66,-0.030439083783573295,-19.69067123120186,-10.602245661789711,False,-4.011398509425701,-3.057119871279157,-19.18,0.06,5378987443.17,99.9337,,,37559518933.06,113.8451,12.7163,0,15646041.1472,960372571.0000001,1.0,1.5,PASS,False,0.2857142857142857,-19.18,0.06,2.125,-21.305,,12.7761,3.4751,12.7163,,87.7931712264151,10.0,0.0,128.25,146.95,0,65.2348224513173,,0.5400763358778626,0,0,5.0,158,0.8028585817483389,False,-0.030439083783573295,,-0.0022223814547094106,False,False,独立池,-21.305,0.0,21.80054336830653,26.430555409056495,1.0,0.0,36.43,Other
600815.SH,600815,厦工股份,19940128,,主板,L,560580678.3499999,-6.3260340632603445,未知,未知,,,3.89,,,4.7469,2.3248,690122.7527,690122.7527,250155553.79999995,False,3,0,False,False,5.11,3.7,-10.465116279069765,18.827160493827154,-24.65753424657534,False,-6.3260340632603445,-3.057119871279157,-49.8923,-94.1193,-15638950.96,,,,-212376278.78,,-0.5036,0,690122.7527,250155553.79999995,1.0,1.5,PASS,False,0.2857142857142857,-49.8923,-94.1193,2.125,-52.0173,,,4.7469,-0.5036,,87.7931712264151,0.0,0.0,3.89,5.11,0,77.89232531500573,,0.43320610687022904,0,0,5.0,158,-1.5117769720863041,False,-10.465116279069765,,-0.0072430800524385785,False,False,独立池,-52.0173,0.0,21.347586700949748,30.13721493469167,1.0,0.0,30.14,Other
600816.SH,600816,建元信托,19940128,,主板,L,404207950.84999996,26.69322709163349,多元金融,非银金融,801191.SI,490000,3.16,265.7982,28.0562,2.034,1.6955,3110845.6483,1728247.5824,366857290.4,False,0,0,False,False,3.35,2.5,0.0,12.765957446808528,-5.074626865671639,False,26.69322709163349,-3.057119871279157,-7.44,176.26,40557251.09,3.9836,,,482130834.07,1003.021,6.8988,0,3110845.6483,366857290.4,1.0,1.5,PASS,False,0.19047619047619047,-7.44,176.26,15.68,-23.12,ESP-Q,265.7982,2.034,6.8988,,47.574976923076925,0.0,0.0,3.16,3.35,0,83.73424971363116,CHASE,1.0,1,1,75.0,5,34.44680084125933,True,0.0,,-0.009559325830723303,True,False,多元金融,-23.12,-0.7049326201718267,22.0,67.02027491408936,0.7,0.0,46.91,Other
600835.SH,600835,上海机电,19940224,,主板,L,332416012.6,12.879120879120887,专用设备,机械设备,801074.SI,640000,26.0,33.5549,34.6514,1.8803,1.8407,2659122.2008,2096911.18,556195347.8,True,1,1,False,False,26.9,22.4,7.989907485281744,-7.22543352601156,-4.535315985130106,False,12.879120879120887,-3.057119871279157,-10.1,-12.55,170127833.87,95.331,,,1923045745.26,-41.3646,1.2655,0,2659122.2008,556195347.8,1.0,1.5,PASS,False,0.5714285714285714,-10.1,-12.55,-11.475,-5.05,ESP-Q,33.5549,1.8803,1.2655,,213.18103214285716,0.0,0.0,26.0,26.9,0,91.40893470790378,,0.84375,1,1,100.0,10,17.261237200134943,True,7.989907485281744,,0.024062600437608512,False,False,专用设备,-5.05,-0.22932266762587972,32.0,83.82268041237114,0.7,0.0,58.68,Tier2
600841.SH,600841,动力新科,19940311,,主板,L,212976063.1,-19.81032665964173,汽车零部件,汽车,801093.SI,280000,7.53,3.6387,3.3512,1.6278,1.8217,1045029.8034,785397.4365,141411156.2,False,0,0,False,False,10.15,7.6,-6.396063960639609,-28.61163227016885,-25.024630541871918,False,-19.81032665964173,-3.057119871279157,110.0996,59.9337,21797492.53,60.2147,,,-1761510776.78,-1038.1166,0.5656,0,1045029.8034,141411156.2,1.0,1.5,PASS,False,0.47619047619047616,110.0996,59.9337,-7.74,125.57959999999999,ESP-Q,3.6387,1.6278,0.5656,0.033049166391158555,70.26558985507246,0.0,0.0,7.53,10.15,0,81.09965635738831,,0.02702702702702703,0,0,5.0,23,-21.677670422380135,False,-6.396063960639609,,0.008343538067514726,False,False,汽车零部件,125.57959999999999,0.5193724164126418,50.0,36.829896907216494,0.7,0.0,25.78,Other
600844.SH,600844,金煤科技,19940311,,主板,L,175591559.65,-9.537572254335258,化学原料,化工,801033.SI,220000,3.21,,,62.2747,3.5229,326304.281,264096.5335,129418039.6,True,0,0,False,False,3.84,3.11,-10.571428571428577,-3.6923076923076947,-18.489583333333336,False,-9.537572254335258,-3.057119871279157,68.9551,43.606,-11453244.73,,,,-347498861.13,,-19.5201,0,326304.281,129418039.6,1.0,1.5,PASS,False,0.7142857142857143,68.9551,43.606,6.035,68.9551,,,62.2747,-19.5201,,92.88029999999999,0.0,0.0,3.21,3.84,0,73.53951890034365,,0.3333333333333333,0,0,5.0,9,-2.80265846123181,False,-10.571428571428577,,-0.007602526653972758,False,False,化学原料,68.9551,0.2688950671610464,50.0,34.5618556701031,1.0,0.0,34.56,Other
600845.SH,600845,宝信软件,19940311,,主板,L,650569633.15,1.0304659498207913,未知,未知,,,22.84,50.2437,52.8081,6.0926,1.326,6556858.7838,4874179.6855,778574263.8000001,False,0,0,False,False,25.0,21.98,-2.549697493517722,-6.509121061359869,-9.799999999999997,False,1.0304659498207913,-3.057119871279157,-10.59,-44.84,377063552.25,98.8978,,,3283714129.41,125.6741,3.3944,0,6556858.7838,778574263.8000001,1.0,1.5,PASS,False,0.2857142857142857,-10.59,-44.84,2.125,-12.715,,50.2437,6.0926,3.3944,,87.7931712264151,0.0,0.0,22.84,25.0,0,68.49942726231386,,0.7099236641221374,1,1,75.0,158,5.844723040994832,True,-2.549697493517722,,0.004477909464337176,False,False,独立池,-12.715,0.0,21.927231951466855,62.43527456898752,1.0,0.0,62.44,Tier2
600850.SH,600850,电科数字,19940324,,主板,L,384234827.70000005,5.740922473012766,未知,未知,,,21.7,44.8902,48.6144,3.0065,5.1451,1476031.268,1476031.268,815637551.1999999,False,2,2,False,False,23.92,18.53,15.860215053763426,-22.28633249188604,-9.90802675585285,False,5.740922473012766,-3.057119871279157,-47.63,-42.54,25533532.45,101.177,,,688889328.0799999,-3974.7442,0.515,0,1476031.268,815637551.1999999,1.0,1.5,PASS,False,0.2857142857142857,-47.63,-42.54,2.125,-49.755,ESP-Q,44.8902,3.0065,0.515,,87.7931712264151,0.0,0.0,21.7,23.92,0,65.2348224513173,,0.7862595419847328,1,1,75.0,158,10.555179564186806,True,15.860215053763426,OVERHEAT,0.023410927202003384,False,True,独立池,-49.755,0.0,21.38095196074993,61.34663712754518,0.7,0.0,42.94,Other
600855.SH,600855,航天长峰,19940425,,主板,L,477270608.1,-9.836875926841337,未知,未知,,,18.04,,,6.0453,3.136,845251.0813,843622.0693,359890751.0,True,1,1,False,False,22.0,17.85,-7.4581430745814465,-7.22278738555443,-17.0909090909091,False,-9.836875926841337,-3.057119871279157,12.5599,33.3914,-40139985.67,,,,-365576595.52000004,,-2.6294,0,845251.0813,359890751.0,1.0,1.5,PASS,False,0.2857142857142857,12.5599,33.3914,2.125,12.5599,,,6.0453,-2.6294,,87.7931712264151,0.0,0.0,18.04,22.0,0,65.2348224513173,,0.2919847328244275,0,0,5.0,158,-5.022618835667297,False,-7.4581430745814465,,-0.01224562073480638,False,False,独立池,12.5599,0.0,22.299995778069743,26.53044589100914,1.0,0.0,26.53,Other
600859.SH,600859,王府井,19940506,,主板,L,175643205.9,-9.480626545754333,一般零售,商业贸易,801203.SI,450000,10.76,,,0.6222,1.3792,1209350.2122,1209238.9969,157154043.79999998,False,0,0,False,False,12.49,10.96,-5.507745266781406,-20.549927641099853,-12.089671737389907,False,-9.480626545754333,-3.057119871279157,8.91,-153.1508,29416702.73,56.9634,,,-71512103.02000001,354.6451,0.2661,0,1209350.2122,157154043.79999998,1.0,1.5,PASS,False,0.5,8.91,-153.1508,-2.72,14.350000000000001,ESP-Q,,0.6222,0.2661,,294.39719,0.0,0.0,10.76,12.49,0,65.2348224513173,,0.5882352941176471,0,0,5.0,6,0.4353398408002871,False,-5.507745266781406,,-0.019608424065771457,False,False,一般零售,14.350000000000001,0.2313913334991237,50.0,32.070446735395194,0.7,0.0,22.45,Other
600862.SH,600862,中航高科,19940520,,主板,L,420403765.35000014,-10.409949332105029,航空装备,国防军工,801742.SI,650000,18.97,25.636,28.6013,3.3325,1.7784,2642614.156,2642614.156,288877810.99999994,False,0,0,False,False,22.19,19.4,-2.895656515227163,-27.668278170323546,-12.347904461469138,False,-10.409949332105029,-3.057119871279157,-30.05,-10.07,246508508.71,98.2371,,,2670999753.79,148.629,3.2145,0,2642614.156,288877810.99999994,1.0,1.5,PASS,False,0.5238095238095238,-30.05,-10.07,-13.16,-15.025,,25.636,3.3325,3.2145,,161.41275,10.0,0.0,18.97,22.19,0,65.2348224513173,,0.25,0,0,5.0,5,-3.316444969642962,False,-2.895656515227163,,-0.006280484954406238,False,False,航空装备,-15.025,-0.1066220190307996,32.0,28.470446735395193,1.0,0.0,38.47,Other
600863.SH,600863,华能蒙电,19940520,,主板,L,665063330.9999999,16.250000000000007,电力,公用事业,801161.SI,410000,5.39,16.9371,17.2814,2.0245,4.6109,4223167.1728,3517992.5301,1349970400.4,False,1,1,False,False,5.96,4.5,15.289256198347111,16.250000000000007,-6.375838926174493,False,16.250000000000007,-3.057119871279157,-6.82,-17.5,693857049.12,99.9266,,,6314734392.27,86.4729,3.6923,0,4223167.1728,1349970400.4,1.0,1.5,PASS,False,0.21428571428571427,-6.82,-17.5,-1.575,-3.41,,16.9371,2.0245,3.6923,,43.696173170731704,10.0,0.0,5.39,5.96,0,69.0721649484536,,0.9285714285714286,1,1,85.0,13,15.295354453472207,True,15.289256198347111,OVERHEAT,0.00595636699918549,True,True,电力,-3.41,-0.14455128163344297,32.0,69.62164948453608,1.0,0.0,79.62,Tier2
600864.SH,600864,哈投股份,19940809,,主板,L,448983678.4500001,-19.027181688125893,证券,非银金融,801193.SI,490000,5.56,33.2668,37.4919,0.8967,1.4255,1156797.2091,1156797.2091,186466014.0,False,0,0,False,False,7.69,5.61,-1.736111111111105,-12.519319938176189,-26.39791937581275,False,-19.027181688125893,-3.057119871279157,-29.03,10.92,75245171.21,94.6822,,,1261967623.6599998,187.7821,0.6142,0,1156797.2091,186466014.0,1.0,1.5,PASS,False,0.07142857142857142,-29.03,10.92,30.57,-59.6,,33.2668,0.8967,0.6142,,30.16254222222222,0.0,0.0,5.56,7.69,0,65.2348224513173,,0.022222222222222223,0,0,5.0,14,-16.710108517394193,False,-1.736111111111105,,0.005140422378931114,False,False,证券,-59.6,-0.8986835095971967,22.0,26.470446735395193,1.0,0.0,26.47,Other
600866.SH,600866,星湖科技,19940818,,主板,L,186874270.19999996,-21.42857142857144,化学制品,化工,801034.SI,220000,5.38,9.1315,19.5242,1.0938,0.9771,893872.2674,675603.8963,92858234.6,False,0,0,False,False,6.89,5.38,-5.604203152364273,-26.164383561643834,-21.770682148040642,False,-21.42857142857144,-3.057119871279157,-111.63,-18.72,-53726808.99,,,,2661367104.87,,-0.5721,0,893872.2674,92858234.6,1.0,1.5,PASS,False,0.2619047619047619,-111.63,-18.72,5.17,-116.8,,9.1315,1.0938,-0.5721,,72.11200512820513,0.0,0.0,5.38,6.89,0,58.30469644902635,,0.02040816326530612,0,0,5.0,15,-20.159177916582728,False,-5.604203152364273,,0.012477445717932825,False,False,化学制品,-116.8,-0.28522588866131365,32.0,26.391408934707904,1.0,0.0,26.39,Other
600871.SH,600871,石化油服,19950411,,主板,L,382974451.45000005,-11.439114391143912,未知,未知,,,2.44,70.2069,71.6868,4.812,0.9481,4625519.1833,3305471.0136,408228914.59999996,False,0,0,False,False,2.78,2.39,-5.511811023622048,-25.465838509316775,-13.669064748201432,False,-11.439114391143912,-3.057119871279157,-7.5,237.9,202727000.0,99.0115,,,1625518000.0,169.6594,2.1705,0,4625519.1833,408228914.59999996,1.0,1.5,PASS,False,0.2857142857142857,-7.5,237.9,2.125,-9.625,,70.2069,4.812,2.1705,,87.7931712264151,0.0,0.0,2.44,2.78,0,65.2348224513173,,0.22519083969465647,0,0,5.0,158,-6.624857299969872,False,-5.511811023622048,,0.003980970452370141,False,False,独立池,-9.625,0.0,21.97280444529286,26.46500762445376,1.0,0.0,26.47,Other
600872.SH,600872,中炬高新,19950124,,主板,L,473090645.5,-8.78969167050161,未知,未知,,,19.59,28.3969,24.6478,2.5672,1.4473,1525099.5777,1510365.3941,240777742.2,True,0,0,False,False,22.21,19.75,-2.985805188448354,4.867724867724887,-10.760918505177852,False,-8.78969167050161,-3.057119871279157,32.49,-20.08,238667053.87,90.8295,,,1421474198.68,110.918,4.4656,0,1525099.5777,240777742.2,1.0,1.5,PASS,False,0.2857142857142857,32.49,-20.08,2.125,32.49,ESP-Q,28.3969,2.5672,4.4656,0.8740196983687287,87.7931712264151,0.0,0.0,19.59,22.21,0,65.2348224513173,,0.3320610687022901,0,0,5.0,158,-3.975434579327569,False,-2.985805188448354,,-0.010323943645289987,False,False,独立池,32.49,0.0,22.593932463895534,26.589233228174297,0.7,0.0,18.61,Other
600873.SH,600873,梅花生物,19950217,,主板,L,487607736.90000004,-13.309024612579767,化学制品,化工,801034.SI,220000,9.57,8.1797,11.2754,1.6347,0.7468,2683659.2591,2683659.2591,299634633.8,True,0,0,False,False,10.99,9.03,4.851157662624028,-14.324324324324323,-13.466787989080986,False,-13.309024612579767,-3.057119871279157,-91.13,-18.22,80256263.63,68.0594,,,5933554313.85,-829.7018,0.7198,0,2683659.2591,299634633.8,1.0,1.5,PASS,False,0.2619047619047619,-91.13,-18.22,5.17,-96.3,ESP-Q,8.1797,1.6347,0.7198,,72.11200512820513,0.0,0.0,9.57,10.99,0,62.42840778923253,,0.24489795918367346,0,0,5.0,15,-12.039631100591052,False,4.851157662624028,,-0.010855020775248823,False,False,化学制品,-96.3,-0.23900218927885175,32.0,27.628522336769755,0.7,0.0,19.34,Other
600877.SH,600877,电科芯片,19951013,,主板,L,409161848.6,-8.847497089639111,半导体,电子,801081.SI,270000,16.23,441.7055,643.5811,7.6764,2.5162,1921728.5555,1921728.5555,400505087.4,False,0,0,False,False,18.14,15.38,-3.5714285714285587,-18.775933609958507,-13.671444321940463,False,-8.847497089639111,-3.057119871279157,-159.75,-30.65,-4165858.91,,,,11198720.350000001,-70193.554,-0.0483,0,1921728.5555,400505087.4,1.0,1.5,PASS,False,0.8333333333333334,-159.75,-30.65,20.14,-179.89,ESP-Q,441.7055,7.6764,-0.0483,,137.7359375,0.0,0.0,16.23,18.14,0,57.61741122565864,,0.03571428571428571,0,0,5.0,9,-27.733284616203335,False,-3.5714285714285587,,-0.006487068662881136,False,False,半导体,-179.89,-0.7148030172368296,22.0,24.185223367697596,0.7,0.0,16.93,Other
600880.SH,600880,博瑞传播,19951115,,主板,L,168804066.00000003,-14.909090909090917,未知,未知,,,4.66,,,1.6971,1.9905,509492.7549,509352.0616,125277039.4,False,0,0,False,False,5.52,4.68,-6.400000000000006,-19.17098445595855,-15.217391304347828,False,-14.909090909090917,-3.057119871279157,5647.63,-1062.56,6817546.25,97.5604,,,-30443236.75,-64.8278,0.2322,0,509492.7549,125277039.4,1.0,1.5,PASS,False,0.2857142857142857,5647.63,-1062.56,2.125,5647.63,ESP-Q,,1.6971,0.2322,,87.7931712264151,0.0,0.0,4.66,5.52,0,65.2348224513173,,0.12404580152671756,0,0,5.0,158,-10.094833817916877,False,-6.400000000000006,,-0.0020790244711549467,False,False,独立池,1890.732584000006,0.0,50.0,32.070446735395194,0.7,0.0,22.45,Other
600882.SH,600882,妙可蓝多,19951206,,主板,L,153634586.45,-8.38958534233365,未知,未知,,,18.25,78.5567,83.3682,2.0025,1.9092,930847.9058,930847.9058,118488711.4,True,0,0,False,False,21.09,18.93,-0.9384775808133461,-13.518434228493392,-9.909909909909908,False,-8.38958534233365,-3.057119871279157,-1.48,235.94,63981435.64,84.6786,,,443776263.33,63.9464,1.6408,0,930847.9058,118488711.4,1.0,1.5,PASS,False,0.2857142857142857,-1.48,235.94,2.125,-3.605,,78.5567,2.0025,1.6408,,87.7931712264151,0.0,0.0,18.25,21.09,0,70.79037800687286,,0.34923664122137404,0,0,5.0,158,-3.5753282511596094,False,-0.9384775808133461,,-0.010166627593646617,False,False,独立池,-3.605,0.0,22.061589692164237,28.1494313404947,1.0,0.0,28.15,Other
600884.SH,600884,杉杉股份,19960130,,主板,L,2289465517.0499997,-2.297297297297296,未知,未知,,,14.88,73.0947,44.2847,1.4868,4.3671,3347126.3401,2730643.302,1436215571.0,True,0,0,False,False,18.07,14.12,-5.428384565075206,5.16363636363637,-19.97786386275594,False,-2.297297297297296,-3.057119871279157,2011.12,148.5201,316034046.13,95.465,,,1080158180.16,31.3292,1.4888,0,3347126.3401,1436215571.0,1.0,1.5,PASS,False,0.2857142857142857,2011.12,148.5201,2.125,2011.12,,73.0947,1.4868,1.4888,0.03634527029714786,87.7931712264151,0.0,0.0,14.88,18.07,0,96.90721649484536,,0.5858778625954199,0,0,5.0,158,2.5169597938767443,False,-5.428384565075206,,-0.004082016404541932,False,False,独立池,1890.732584000006,0.0,50.0,41.572164948453604,1.0,0.0,41.57,Other
600885.SH,600885,宏发股份,19960205,,主板,L,764549416.6000001,16.712898751733697,未知,未知,,,33.66,29.6394,28.4545,4.1491,1.5101,5209202.4576,5209202.4576,696413649.8000001,True,0,0,False,False,34.56,28.34,8.932038834951461,8.826382153249268,-2.604166666666685,False,16.712898751733697,-3.057119871279157,18.22,8.44,449843502.64,92.8877,,,4429610063.639999,-116.7781,3.7655,0,5209202.4576,696413649.8000001,1.0,1.5,PASS,False,0.2857142857142857,18.22,8.44,2.125,18.22,ESP-Q,29.6394,4.1491,3.7655,1.6267508232711307,87.7931712264151,0.0,0.0,33.66,34.56,0,82.2451317296678,CHASE,0.8950381679389313,1,1,100.0,158,21.52715584290774,True,8.932038834951461,OVERHEAT,-0.020006510385655176,True,True,独立池,18.22,0.0,22.383473083022682,79.15023413550487,0.7,0.0,55.41,Tier2
600886.SH,600886,国投电力,19960118,,主板,L,559811798.6000001,-2.8529626920263396,电力,公用事业,801161.SI,410000,13.35,14.4535,14.3761,1.5483,0.4592,10685999.8398,9951330.029,654125055.4,True,0,0,False,False,13.99,13.09,-0.5988023952095856,2.1538461538461506,-5.075053609721236,False,-2.8529626920263396,-3.057119871279157,2.11,13.33,2115745795.92,99.8958,,,15971645721.3,151.3268,2.8746,0,10685999.8398,654125055.4,1.0,1.5,PASS,False,0.21428571428571427,2.11,13.33,-1.575,1.055,,14.4535,1.5483,2.8746,6.8500000000000005,43.696173170731704,10.0,0.0,13.35,13.99,0,72.0504009163803,,0.21428571428571427,0,0,5.0,13,-3.8076082385541388,False,-0.5988023952095856,,-0.004716618275970325,False,False,电力,1.055,-0.01837836705630556,32.0,30.51512027491409,1.0,0.0,40.52,Other
600887.SH,600887,伊利股份,19960312,,主板,L,1824638682.0500002,4.694835680751175,未知,未知,,,26.2,14.3296,13.7124,2.7812,1.0177,16572444.9475,16490095.869,1211732258.6000001,False,0,0,False,False,28.4,25.13,-3.078594712060845,1.4789533560864543,-5.774647887323936,False,4.694835680751175,-3.057119871279157,15.11,84.13,5328824365.82,98.7798,,,33516277054.46,58.1162,9.4441,0,16572444.9475,1211732258.6000001,1.0,1.5,PASS,False,0.2857142857142857,15.11,84.13,2.125,15.11,,14.3296,2.7812,9.4441,0.9483520847121112,87.7931712264151,10.0,0.0,26.2,28.4,0,65.2348224513173,,0.7748091603053435,1,1,75.0,158,9.509092771925214,True,-3.078594712060845,,-0.010175377625938727,False,False,独立池,15.11,0.0,22.337605621599092,61.53796785971501,1.0,0.0,71.54,Tier2
600888.SH,600888,新疆众和,19960215,,主板,L,361473830.25,7.949308755760365,工业金属,有色金属,801055.SI,240000,10.31,24.1898,22.7071,1.2508,6.5014,1601231.6134,1601231.6134,582769168.6,True,0,0,False,False,9.79,8.1,13.575757575757574,5.518018018017989,-4.290091930541373,False,7.949308755760365,-3.057119871279157,16.18,-38.36,247164043.0,93.3921,,,1702346547.4299998,17.3998,2.1708,0,1601231.6134,582769168.6,1.0,1.5,PASS,False,0.14285714285714285,16.18,-38.36,60.27,-44.09,,24.1898,1.2508,2.1708,1.49504326328801,36.771677777777775,0.0,0.0,10.31,9.79,0,65.2348224513173,,0.8571428571428571,1,1,100.0,9,14.107381355223918,True,13.575757575757574,OVERHEAT,-0.0011864908128024593,False,True,工业金属,-44.09,-0.6682821096790117,22.0,73.9704467353952,1.0,0.0,73.97,Tier2
600893.SH,600893,航发动力,19960408,,主板,L,1961505427.9499998,-6.405255594333803,航空装备,国防军工,801742.SI,650000,45.81,192.5043,194.0189,3.0368,0.9324,12211087.2043,12208936.5164,1539742486.2,False,0,0,False,False,53.0,45.11,-3.2470288624787624,-21.868037703513277,-13.981132075471692,False,-6.405255594333803,-3.057119871279157,78.86,-62.81,34683717.8,1355.2171,,,435667420.24,4768.7742,0.0064,0,12211087.2043,1539742486.2,1.0,1.5,PASS,False,0.5238095238095238,78.86,-62.81,-13.16,105.17999999999999,ESP-Q,192.5043,3.0368,0.0064,2.4410892721278215,161.41275,0.0,0.0,45.81,53.0,0,65.2348224513173,,0.5625,0,0,5.0,5,0.6882487681282639,False,-3.2470288624787624,,0.00032914025258560647,False,False,航空装备,105.17999999999999,0.08571462284119548,50.0,32.070446735395194,0.7,0.0,22.45,Other
600895.SH,600895,张江高科,19960422,,主板,L,1402631785.65,-1.1393746687864303,房地产开发,房地产,801181.SI,430000,39.65,62.2698,79.2152,4.4929,7.1249,6140554.0658,6140554.0658,2354032564.2,False,1,1,False,False,39.39,33.73,7.151062607696734,-7.419354838709669,-5.280528052805278,False,-1.1393746687864303,-3.057119871279157,-72.15,-2.2,81882704.1,98.0472,,,1969727432.72,-774.0027,0.5217,0,6140554.0658,2354032564.2,1.0,1.5,PASS,False,0.6666666666666666,-72.15,-2.2,-25.055,-36.075,ESP-Q,62.2698,4.4929,0.5217,,71.32621,0.0,0.0,39.65,39.39,0,65.2348224513173,,0.5384615384615384,0,1,40.0,8,0.2678336036302298,False,7.151062607696734,,0.002466630563753569,False,False,房地产开发,-36.075,-0.23945388085084607,32.0,45.97044673539519,0.7,0.0,32.18,Other
600900.SH,600900,长江电力,20031118,,主板,L,2825825300.5,-1.7323995576852158,电力,公用事业,801161.SI,410000,26.56,18.8354,18.0106,2.8515,0.3743,64987586.2537,64987586.2537,3392073676.2000003,True,0,0,False,False,27.42,26.6,-1.368849426563079,2.3416506717850227,-2.7716994894237845,False,-1.7323995576852158,-3.057119871279157,19.2,2.89,6237332251.35,92.2545,,,81079647120.15,140.7585,3.01,0,64987586.2537,3392073676.2000003,1.0,1.5,PASS,False,0.21428571428571427,19.2,2.89,-1.575,22.349999999999998,ESP-Q,18.8354,2.8515,3.01,0.9810104166666667,43.696173170731704,0.0,0.0,26.56,27.42,0,72.0504009163803,,0.30952380952380953,0,0,5.0,13,-2.687045104213015,False,-1.368849426563079,,-0.00231683569110173,False,False,电力,22.349999999999998,0.5833802479314079,50.0,34.11512027491409,0.7,0.0,23.88,Other
600969.SH,600969,郴电国际,20040408,,主板,L,154793923.85,-0.78125,电力,公用事业,801161.SI,410000,10.32,50.026,49.7206,1.0491,2.503,381892.0995,381892.0995,135698762.0,True,0,0,False,False,11.64,9.73,-2.49520153550864,4.419321685508737,-12.714776632302405,False,-0.78125,-3.057119871279157,109.6122,146.1257,573836.48,5.0709,,,115493376.32,1240.8253,0.3114,0,381892.0995,135698762.0,1.0,1.5,PASS,False,0.21428571428571427,109.6122,146.1257,-1.575,112.7622,ESP-Q,50.026,1.0491,0.3114,0.45639080321351094,43.696173170731704,0.0,0.0,10.32,11.64,0,72.0504009163803,,0.38095238095238093,0,1,55.0,13,-1.7358955465277992,False,-2.49520153550864,,0.01698605745678884,False,False,电力,112.7622,3.138267322361657,95.41480196708497,68.19808066833107,0.7,0.0,47.74,Other
600985.SH,600985,淮北矿业,20040428,,主板,L,285047767.9,-5.178701677607589,未知,未知,,,12.85,22.9805,26.5106,0.8239,0.4551,3460837.4411,3460837.4411,233171227.2,True,0,0,False,False,15.19,12.98,-3.129657228017879,-3.201787043931492,-14.417379855167866,False,-5.178701677607589,-3.057119871279157,-28.36,-70.87,482543813.48,98.2798,,,3808926027.86,212.84,1.1767,0,3460837.4411,233171227.2,1.0,1.5,PASS,False,0.2857142857142857,-28.36,-70.87,2.125,-30.485,,22.9805,0.8239,1.1767,,87.7931712264151,0.0,0.0,12.85,15.19,0,94.61626575028636,,0.4847328244274809,0,0,5.0,158,-0.3644445864335486,False,-3.129657228017879,,0.005110218676717055,False,False,独立池,-30.485,0.0,21.665153241017617,35.21791037328943,1.0,0.0,35.22,Other
600986.SH,600986,浙文互联,20040426,,主板,L,1897540017.05,-13.868613138686147,未知,未知,,,9.43,164.001,,2.7184,4.4078,1402593.7405,1402593.7405,1158065908.0,True,1,0,False,False,12.99,9.38,-10.180780209324459,-23.314378554021133,-27.32871439568899,False,-13.868613138686147,-3.057119871279157,-42.02,7902.94,15187659.27,,,,50437206.17,,-0.4391,0,1402593.7405,1158065908.0,1.0,1.5,PASS,False,0.2857142857142857,-42.02,7902.94,2.125,-44.145,,164.001,2.7184,-0.4391,,87.7931712264151,0.0,0.0,9.43,12.99,0,65.2348224513173,,0.14694656488549618,0,0,5.0,158,-9.054356047512107,False,-10.180780209324459,,-0.001990269567023323,False,False,独立池,-44.145,0.0,21.463690371870936,26.36318480976938,1.0,0.0,26.36,Other
600995.SH,600995,南网储能,20040615,,主板,L,451374533.6999999,0.35561877667140696,电力,公用事业,801161.SI,410000,14.25,26.9725,25.7549,1.9718,0.5726,4554308.2721,4554308.2721,370476393.8,False,0,0,False,False,15.65,13.81,-3.8173142467621046,0.0,-9.840255591054314,False,0.35561877667140696,-3.057119871279157,19.92,44.62,451291353.23,99.4432,,,2960888114.69,146.425,1.9849,0,4554308.2721,370476393.8,1.0,1.5,PASS,False,0.21428571428571427,19.92,44.62,-1.575,23.07,,26.9725,1.9718,1.9849,1.3540411646586343,43.696173170731704,0.0,0.0,14.25,15.65,0,79.61053837342497,,0.5,0,1,40.0,13,-0.5990267698563922,False,-3.8173142467621046,,-0.014955100619708282,False,False,电力,23.07,0.603726160248438,50.0,53.88316151202749,1.0,0.0,53.88,Tier2
002017.SZ,002017,东信和平,20040713,,主板,L,222903573.55,-7.225130890052367,通信设备,通信,801102.SI,730000,18.03,64.1502,63.1898,5.5997,1.9027,1046518.7319,1045894.8452,207558379.60000002,False,0,0,False,False,20.3,17.72,-4.884594739667203,-21.20942641173855,-12.709359605911342,False,-7.225130890052367,-3.057119871279157,4.92,-11.16,42635371.74,86.2753,,,375961045.81,-86.6368,2.6804,0,1046518.7319,207558379.60000002,1.0,1.5,PASS,False,0.9523809523809523,4.92,-11.16,15.0872,-10.1672,ESP-Q,64.1502,5.5997,2.6804,13.038658536585366,156.39837500000002,0.0,0.0,18.03,20.3,0,65.2348224513173,,0.20833333333333334,0,0,5.0,8,-8.066982446640841,False,-4.884594739667203,,-0.03745771675167823,False,False,通信设备,-10.1672,-0.15417996920660332,32.0,28.470446735395193,0.7,0.0,19.93,Other
002006.SZ,002006,精工科技,20040625,,主板,L,227235876.54999992,1.7897091722595126,专用设备,机械设备,801074.SI,640000,18.39,51.5309,49.8195,3.8234,2.0833,955900.1362,955900.1362,343559005.0,True,0,0,False,False,19.3,16.94,-2.2031166039763628,-11.907066795740562,-5.699481865284984,False,1.7897091722595126,-3.057119871279157,-0.51,11.86,37217702.5,74.6839,,,405866659.49,-211.4242,2.0138,0,955900.1362,343559005.0,1.0,1.5,PASS,False,0.5714285714285714,-0.51,11.86,-11.475,-0.255,ESP-Q,51.5309,3.8234,2.0138,,213.18103214285716,0.0,0.0,18.39,19.3,0,85.79610538373424,,0.625,0,1,55.0,10,6.17182549327357,True,-2.2031166039763628,,-0.008587386209073691,False,False,专用设备,-0.255,-0.1715150853399719,32.0,59.638831615120274,0.7,0.0,41.75,Other
002008.SZ,002008,大族激光,20040625,,主板,L,6666517813.950001,53.65301724137932,未知,未知,,,146.28,126.5969,109.1157,7.3604,5.9446,15061038.6522,13995008.1439,8116454471.799999,True,4,2,False,True,156.5,88.84,-0.49546406140963395,142.37633860275372,-8.88817891373802,False,53.65301724137932,-3.057119871279157,467.81,82.28,408265775.87,115.3073,,,2048203477.95,-154.5338,1.8659,1,15061038.6522,8116454471.799999,1.0,1.5,PASS,False,0.2857142857142857,467.81,82.28,2.125,467.81,ESP-Q,126.5969,7.3604,1.8659,0.27061606207648403,87.7931712264151,0.0,0.0,146.28,156.5,10,90.03436426116839,CHASE,0.9866412213740458,1,1,100.0,158,58.46727433255336,True,-0.49546406140963395,突破型,-0.0052395867919483915,True,False,独立池,467.81,0.0,29.014197192807245,82.81314871691197,0.7,10.0,47.97,Other
002011.SZ,002011,盾安环境,20040705,,主板,L,203146893.60000002,1.310401310401299,未知,未知,,,12.91,12.871,13.1323,2.0329,2.8582,1387408.1864,1367891.064,277510241.59999996,True,0,0,False,False,13.23,11.48,-3.8850038850038904,-3.2081377151799706,-6.500377928949364,False,1.310401310401299,-3.057119871279157,-6.32,6.82,197267875.94,100.6127,,,2443336250.76,88.9873,2.9066,0,1387408.1864,277510241.59999996,1.0,1.5,PASS,False,0.2857142857142857,-6.32,6.82,2.125,-8.445,,12.871,2.0329,2.9066,,87.7931712264151,10.0,0.0,12.91,13.23,0,67.23940435280642,,0.7175572519083969,1,1,100.0,158,6.124658401575339,True,-3.8850038850038904,,-0.020359631259938366,False,False,独立池,-8.445,0.0,21.99020753355004,74.56986281255193,1.0,0.0,84.57,Tier2
002023.SZ,002023,海特高新,20040721,,主板,L,620424280.3500003,-4.280155642023342,航空装备,国防军工,801742.SI,650000,12.67,,,2.5219,3.9684,938669.9177,938669.9177,562838515.8,False,0,0,False,False,14.24,12.17,-9.558823529411754,1.8211920529801473,-13.623595505617969,False,-4.280155642023342,-3.057119871279157,48.47,-1465.9,26198976.97,102.709,,,-404777015.25,-42.5549,0.6865,0,938669.9177,562838515.8,1.0,1.5,PASS,False,0.5238095238095238,48.47,-1465.9,-13.16,74.78999999999999,ESP-Q,,2.5219,0.6865,,161.41275,0.0,0.0,12.67,14.24,0,91.29438717067583,,0.6875,0,0,5.0,5,2.813348720438725,False,-9.558823529411754,,-0.05793944447861944,False,False,航空装备,74.78999999999999,0.037088438019516425,50.0,39.888316151202744,0.7,0.0,27.92,Other
002025.SZ,002025,航天电器,20040726,,主板,L,2247374226.15,-2.812542053559419,未知,未知,,,74.8,186.2821,180.6784,5.1193,5.4967,3406107.9096,3394957.3165,2011158918.6,False,0,0,False,False,80.43,66.4,4.048408010373139,40.56052938886725,-10.2076339674251,False,-2.812542053559419,-3.057119871279157,19.61,-52.73,44941359.19,86.0417,,,395557165.21999997,-950.7943,0.7878,0,3406107.9096,2011158918.6,1.0,1.5,PASS,False,0.2857142857142857,19.61,-52.73,2.125,19.61,ESP-Q,186.2821,5.1193,0.7878,9.499342172361041,87.7931712264151,0.0,10.0,74.8,80.43,0,65.2348224513173,,0.5782442748091603,0,0,5.0,158,2.001715037614621,False,4.048408010373139,,0.014204971985497186,False,False,独立池,19.61,0.0,22.403973331054445,26.55124140160608,0.7,10.0,8.59,Other
002027.SZ,002027,分众传媒,20040804,,主板,L,956111945.75,-11.146496815286621,未知,未知,,,5.51,27.0087,22.1002,5.1521,1.4676,7957652.049,7957652.049,988107797.4,False,0,0,False,False,6.48,5.56,-5.743243243243246,-23.351648351648358,-13.888888888888895,False,-11.146496815286621,-3.057119871279157,7.88,-41.74,1066120782.16,59.5746,,,10255004865.45,114.271,12.053,0,7957652.049,988107797.4,1.0,1.5,PASS,False,0.2857142857142857,7.88,-41.74,2.125,7.88,ESP-Q,27.0087,5.1521,12.053,3.4275,87.7931712264151,0.0,0.0,5.51,6.48,0,84.5360824742268,,0.24427480916030533,0,0,5.0,158,-6.332239724112581,False,-5.743243243243246,,-0.06952307315995405,False,False,独立池,7.88,0.0,22.230974835074168,32.30701970928287,0.7,0.0,22.61,Other
002033.SZ,002033,丽江股份,20040825,,主板,L,428125648.54999995,-19.83161833489242,未知,未知,,,8.56,22.0335,19.1479,1.933,2.4426,470364.0486,470355.0349,149112184.0,False,0,0,False,False,11.62,8.56,-4.88346281908989,-8.440170940170933,-26.247848537005158,False,-19.83161833489242,-3.057119871279157,94.12,0.99,65971724.13,98.9999,,,575426266.62,69.8746,2.5706,0,470364.0486,149112184.0,1.0,1.5,PASS,False,0.2857142857142857,94.12,0.99,2.125,94.12,ESP-Q,22.0335,1.933,2.5706,0.23410008499787505,87.7931712264151,0.0,0.0,8.56,11.62,0,30.927835051546392,CAT-0,0.04580152671755725,0,0,5.0,158,-15.017361243718378,False,-4.88346281908989,,0.0010467292520446312,False,False,独立池,94.12,0.0,23.50287511583624,16.478925538631167,0.35,0.0,5.77,Other
002034.SZ,002034,旺能环境,20040826,,主板,L,543944051.1999999,7.841140529531554,未知,未知,,,21.18,14.9358,14.9254,1.2928,6.031,1077153.5538,1072591.8308,745721332.6,True,1,1,False,False,23.8,16.72,-8.033000434216241,23.426573426573416,-11.008403361344543,False,7.841140529531554,-3.057119871279157,-0.15,26.6,199642096.32,99.2459,,,1855769639.3799999,102.9189,2.7507,0,1077153.5538,745721332.6,1.0,1.5,PASS,False,0.2857142857142857,-0.15,26.6,2.125,-2.275,,14.9358,1.2928,2.7507,,87.7931712264151,0.0,0.0,21.18,23.8,0,67.81214203894616,,0.8148854961832062,1,1,100.0,158,12.655397620705594,True,-8.033000434216241,,-0.0050473638484660206,False,False,独立池,-2.275,0.0,22.08120503740326,74.7598836191645,1.0,0.0,74.76,Tier2
002036.SZ,002036,联创电子,20040903,,主板,L,356725297.5,4.347826086956519,光学光电子,电子,801084.SI,270000,10.3,,,11.2852,19.4995,1089325.9977,1087131.8083,374774444.2,True,1,1,False,False,9.36,7.61,11.694510739856788,-15.675675675675683,0.0,False,4.347826086956519,-3.057119871279157,-467.44,-65.59,-116823832.09,,,,-1192289815.36,,-9.6155,0,1089325.9977,374774444.2,1.0,1.5,PASS,False,0.9761904761904762,-467.44,-65.59,-19.355800000000002,-233.72,,,11.2852,-9.6155,,243.17919999999998,0.0,0.0,10.3,9.36,0,92.43986254295532,,0.43478260869565216,0,1,55.0,7,-0.506542845082314,False,11.694510739856788,OVERHEAT,0.08063186509051729,False,True,光学光电子,-233.72,-2.3431413729999475,12.0,57.6319587628866,1.0,0.0,57.63,Tier2
600143.SH,600143,金发科技,20040623,,主板,L,1058727345.7999998,3.1764705882352917,塑料,化工,801036.SI,220000,17.7,40.5578,38.5943,2.3639,2.1828,4663642.0696,4663642.0696,1389078612.4,True,0,0,False,False,18.39,16.5,0.17133066818959541,-9.166235111341269,-4.622077215878207,False,3.1764705882352917,-3.057119871279157,33.79,57.78,288349617.24,94.4982,,,2879529223.8,392.7362,1.5569,0,4663642.0696,1389078612.4,1.0,1.5,PASS,False,0.7619047619047619,33.79,57.78,-1.1600000000000001,36.11,,40.5578,2.3639,1.5569,1.200290026635099,196.25642,0.0,0.0,17.7,18.39,0,65.2348224513173,,0.47058823529411764,0,1,55.0,6,-0.9636568002997281,False,0.17133066818959541,,0.005056737418633102,False,False,塑料,36.11,-0.07579740960817449,32.0,53.47044673539519,1.0,0.0,53.47,Tier2
600961.SH,600961,株冶集团,20040830,,主板,L,2417067542.3999996,-2.0576131687242816,工业金属,有色金属,801055.SI,240000,27.13,25.8677,14.612,5.7599,6.0156,2910703.6432,2039667.0358,1603644254.6000001,False,1,0,False,False,32.32,25.98,-10.526315789473696,24.488825487398948,-18.997524752475247,False,-2.0576131687242816,-3.057119871279157,323.42,99.71,1198066577.6,104.7554,,,4195024794.8,112.134,21.6451,1,2910703.6432,1603644254.6000001,1.0,1.5,PASS,False,0.14285714285714285,323.42,99.71,60.27,323.42,,25.8677,5.7599,21.6451,0.07998175746707067,36.771677777777775,0.0,0.0,27.13,32.32,10,25.887743413516613,CAT-0,0.6428571428571429,0,0,5.0,9,4.1004594307392725,False,-10.526315789473696,,-0.01751263777139792,False,False,工业金属,323.42,1.0220606678739286,68.0,23.866323024054985,0.5,10.0,1.93,Other
600962.SH,600962,国投中鲁,20040622,,主板,L,178441713.19999996,19.463707813222374,农产品加工,农林牧渔,801012.SI,110000,26.36,168.9053,380.4121,7.2987,4.4546,691185.56,691185.56,282990363.99999994,False,1,1,False,False,28.97,20.5,4.9127080795777545,16.817359855334523,-10.804280289955127,False,19.463707813222374,-3.057119871279157,-92.67,16.65,1830414.89,42.9767,,,83117954.99,4206.0753,0.4492,0,691185.56,282990363.99999994,1.0,1.5,PASS,False,0.3333333333333333,-92.67,16.65,-30.86,-46.335,ESP-Q,168.9053,7.2987,0.4492,,74.8841,0.0,0.0,26.36,28.97,0,71.5922107674685,CHASE,1.0,1,1,70.0,1,22.382920304736285,True,4.9127080795777545,,0.003760428368945062,True,False,农产品加工,-46.335,-0.9018900733060566,22.0,60.87766323024055,0.7,0.0,42.61,Other
600971.SH,600971,恒源煤电,20040817,,主板,L,150741108.5,-3.183023872679047,未知,未知,,,7.26,,,0.7337,1.0775,871203.5458,871203.5458,128099128.8,False,0,0,False,False,8.42,7.3,-5.562742561448908,1.9553072625698276,-13.30166270783848,False,-3.183023872679047,-3.057119871279157,72.54,-123.15,22986647.39,75.3099,,,-499007884.85,893.5079,0.2583,0,871203.5458,128099128.8,1.0,1.5,PASS,False,0.2857142857142857,72.54,-123.15,2.125,72.54,ESP-Q,,0.7337,0.2583,,87.7931712264151,0.0,0.0,7.26,8.42,0,83.73424971363116,,0.566793893129771,0,0,5.0,158,1.6312332184949931,False,-5.562742561448908,,0.0004346238881422398,False,False,独立池,72.54,0.0,23.184605078048143,32.25719592969898,0.7,0.0,22.58,Other
600973.SH,600973,宝胜股份,20040802,,主板,L,310514005.5999999,-6.130790190735702,未知,未知,,,7.18,,,2.9081,2.2105,984640.9661,984640.9661,266460454.8,False,0,0,False,False,8.06,6.89,-6.765899864682002,-6.512890094979651,-14.516129032258075,False,-6.130790190735702,-3.057119871279157,90.27,86.3675,34229153.33,68.9327,,,72751336.78999999,-1463.0708,1.4104,0,984640.9661,266460454.8,1.0,1.5,PASS,False,0.2857142857142857,90.27,86.3675,2.125,90.27,ESP-Q,,2.9081,1.4104,,87.7931712264151,0.0,0.0,7.18,8.06,0,67.23940435280642,,0.4446564885496183,0,0,5.0,158,-1.3165330995616618,False,-6.765899864682002,,-0.0023238595231036096,False,False,独立池,90.27,0.0,23.446093853302223,27.36104007650237,0.7,0.0,19.15,Other
600984.SH,600984,建设机械,20040707,,主板,L,228495991.29999995,17.42243436754176,未知,未知,,,4.92,,,3.4573,5.5087,618465.6111,618465.6111,377584245.40000004,True,1,1,False,False,5.38,3.87,-2.1868787276342005,2.713987473903967,-8.550185873605942,False,17.42243436754176,-3.057119871279157,-9.87,-119.29,-270661517.54,,,,-3862370504.02,,-9.5235,0,618465.6111,377584245.40000004,1.0,1.5,PASS,False,0.2857142857142857,-9.87,-119.29,2.125,-11.995,,,3.4573,-9.5235,,87.7931712264151,0.0,0.0,4.92,5.38,0,74.5704467353952,CHASE,0.9045801526717557,1,1,100.0,158,22.236691458715804,True,-2.1868787276342005,,-0.00785469833739861,True,False,独立池,-11.995,0.0,21.93785078497971,76.7587041776145,1.0,0.0,76.76,Tier2
600027.SH,600027,华电国际,20050203,,主板,L,798251737.1499999,7.773109243697474,电力,公用事业,801161.SI,410000,5.13,9.8131,10.0479,1.1915,0.9699,5956840.1564,4727642.4688,889558823.4000001,True,0,0,False,False,5.55,4.66,-3.93258426966292,4.907975460122693,-7.567567567567568,False,7.773109243697474,-3.057119871279157,-5.55,6.4,1782633000.0,99.6663,,,17435733000.0,182.5499,2.5521,0,5956840.1564,889558823.4000001,1.0,1.5,PASS,False,0.21428571428571427,-5.55,6.4,-1.575,-2.775,,9.8131,1.1915,2.5521,,43.696173170731704,10.0,0.0,5.13,5.55,0,72.0504009163803,,0.7142857142857143,1,1,100.0,13,6.818463697169674,True,-3.93258426966292,,-0.012362181621945403,False,False,电力,-2.775,-0.12660731729828453,32.0,78.0151202749141,1.0,0.0,88.02,Tier2
600970.SH,600970,中材国际,20050412,,主板,L,270826411.55,-19.024856596558315,专业工程,建筑装饰,801724.SI,620000,8.57,7.8504,8.4668,0.9604,0.5713,2246893.6759,2246893.6759,201882462.60000002,False,0,0,False,False,10.54,8.47,-3.530751708428237,-22.293577981651367,-19.639468690702078,False,-19.024856596558315,-3.057119871279157,-27.81,-4.42,432417600.0,95.0994,,,4272295500.0,-215.8444,1.962,0,2246893.6759,201882462.60000002,1.0,1.5,PASS,False,0.35714285714285715,-27.81,-4.42,-13.35,-13.905,ESP-Q,7.8504,0.9604,1.962,,69.65643999999999,0.0,0.0,8.57,10.54,0,65.2348224513173,,0.125,0,0,5.0,5,-10.724020131330654,False,-3.530751708428237,,0.010936543360094805,False,False,专业工程,-13.905,-0.5417636046505321,22.0,26.470446735395193,0.7,0.0,18.53,Other
002042.SZ,002042,华孚时尚,20050427,,主板,L,427893519.90000004,-5.611222444889785,纺织制造,纺织服装,801131.SI,350000,4.95,146.6647,114.2102,1.4247,4.8282,841837.2707,841837.2707,402307920.4,True,0,0,False,False,5.6,4.69,-1.8749999999999933,4.899777282850781,-15.892857142857142,False,-5.611222444889785,-3.057119871279157,-207.63,79.07,-14311279.57,-56.5151,,,-239015228.23999998,207.7755,0.4328,0,841837.2707,402307920.4,1.0,1.5,PASS,False,0.38095238095238093,-207.63,79.07,-4.675,-103.815,ESP-Q,146.6647,1.4247,0.4328,,103.7722,0.0,0.0,4.95,5.6,0,65.2348224513173,,0.6,0,0,0.0,2,0.0,False,-1.8749999999999933,TIER2_FORCED,0.007234557740209375,False,False,纺织制造,-103.815,-1.4342330211508985,22.0,23.970446735395193,0.7,0.0,16.78,Tier2
002044.SZ,002044,美年健康,20050518,,主板,L,1370424066.85,9.073724007561434,医疗服务,医药生物,801156.SI,370000,5.9,80.9391,75.5633,2.926,3.6455,2309409.8146,2285794.2999,1748070485.1999998,True,1,0,False,False,6.73,5.12,-7.383627608346721,-13.102409638554224,-14.264487369985158,False,9.073724007561434,-3.057119871279157,7.95,2.39,-259887341.08,,,,-227701729.73000002,,-3.1827,0,2309409.8146,1748070485.1999998,1.0,1.5,PASS,False,0.30952380952380953,7.95,2.39,12.54,-4.589999999999999,,80.9391,2.926,-3.1827,10.181018867924527,76.35799999999999,0.0,0.0,5.9,6.73,0,84.5360824742268,,0.7777777777777778,1,1,100.0,3,14.24613780066487,True,-7.383627608346721,,-0.03130006978641043,False,False,医疗服务,-4.589999999999999,-0.3927425098818963,32.0,81.76082474226804,1.0,0.0,81.76,Tier2
002045.SZ,002045,国光电器,20050523,,主板,L,206520771.99999997,-5.443371378402118,电子制造,电子,801085.SI,270000,10.96,,,1.4555,2.5626,616481.5127,615650.4707,153796753.0,False,0,0,False,False,12.1,10.74,-4.521276595744683,-22.684852835606605,-10.991735537190085,False,-5.443371378402118,-3.057119871279157,-362.34,-187.53,-39851494.24,,,,-208078052.28,,-0.6041,0,616481.5127,153796753.0,1.0,1.5,PASS,False,0.40476190476190477,-362.34,-187.53,-24.075000000000003,-181.17,,,1.4555,-0.6041,,87.6280681818182,0.0,0.0,10.96,12.1,0,88.31615120274914,,0.19230769230769232,0,0,5.0,8,-10.071840143957122,False,-4.521276595744683,,-0.009829752995548044,False,False,电子制造,-181.17,-0.8362839872393563,22.0,33.39484536082474,1.0,0.0,33.39,Other
002046.SZ,002046,国机精工,20050526,,主板,L,942768773.8,-6.157311807771726,通用机械,机械设备,801072.SI,640000,54.99,113.255,181.135,6.7599,4.0363,2948513.5061,2915448.7065,876610602.0,False,0,0,False,False,61.06,49.2,-8.038999264164826,6.520349456637553,-18.129708483458895,False,-6.157311807771726,-3.057119871279157,-160.74,-22.58,-29080916.18,,,,447550868.05999994,-2225.6636,-0.208,0,2948513.5061,876610602.0,1.0,1.5,PASS,False,0.5952380952380952,-160.74,-22.58,-0.595,-80.37,ESP-Q,113.255,6.7599,-0.208,,108.90780749999999,0.0,0.0,54.99,61.06,0,48.22451317296678,,0.2857142857142857,0,0,5.0,15,-8.257768428776302,False,-8.038999264164826,,-0.01868960736763931,False,False,通用机械,-80.37,-0.1544739220744594,32.0,23.36735395189003,0.7,0.0,16.36,Other
002047.SZ,002047,宝鹰股份,20050531,,主板,L,156824932.1,-6.540447504302927,装修装饰,建筑装饰,801722.SI,620000,5.22,133.6779,119.5323,194.4496,3.1329,791481.8177,791434.9651,184879242.60000002,True,0,0,False,False,5.88,5.02,-3.8938053097345215,21.476510067114084,-7.653061224489798,False,-6.540447504302927,-3.057119871279157,43.11,95.25,-9287793.01,,,,-99574861.54,,-20.0975,0,791481.8177,184879242.60000002,1.0,1.5,PASS,False,0.6904761904761905,43.11,95.25,15.48,43.11,,133.6779,194.4496,-20.0975,3.1008559498956156,84.0898,0.0,0.0,5.22,5.88,0,65.2348224513173,,0.2857142857142857,0,0,5.0,3,-13.155233496520847,False,-3.8938053097345215,,-0.12870649896250524,False,False,装修装饰,43.11,0.47351727081032124,50.0,32.070446735395194,1.0,0.0,32.07,Other
002048.SZ,002048,宁波华翔,20050603,,主板,L,619952375.8499999,1.8485602559545011,汽车零部件,汽车,801093.SI,280000,29.88,58.1508,55.8819,2.0277,6.269,2431733.3685,2120888.8003,893803319.5999998,True,0,0,False,False,30.58,25.82,-1.9171516603902816,-8.583280153158912,-6.311314584695882,False,1.8485602559545011,-3.057119871279157,-19.79,46.43,184573962.8,67.63,,,3201958507.4,46.539,2.3248,0,2431733.3685,893803319.5999998,1.0,1.5,PASS,False,0.47619047619047616,-19.79,46.43,-7.74,-9.895,ESP-Q,58.1508,2.0277,2.3248,,70.26558985507246,0.0,0.0,29.88,30.58,0,81.78694158075601,,0.5,0,1,55.0,23,-0.018783506783903725,False,-1.9171516603902816,,-0.02792139400077658,False,False,汽车零部件,-9.895,0.009011716285796816,50.0,62.0360824742268,0.7,0.0,43.43,Other
002049.SZ,002049,紫光国微,20050606,,主板,L,2717669998.65,10.84388786110717,半导体,电子,801081.SI,270000,79.73,47.1364,41.0017,4.865,3.7531,6774086.5316,6773179.1085,3065815323.6000004,False,0,0,False,False,82.96,69.81,0.8023812605150837,-1.1924394266142335,-6.111378977820625,False,10.84388786110717,-3.057119871279157,170.81,31.57,271836543.21,81.315,,,3305908434.98,-92.0224,2.4018,0,6774086.5316,3065815323.6000004,1.0,1.5,PASS,False,0.8333333333333334,170.81,31.57,20.14,170.81,ESP-Q,47.1364,4.865,2.4018,0.27595808207950356,137.7359375,10.0,0.0,79.73,82.96,0,91.29438717067583,,0.32142857142857145,0,1,40.0,9,-8.041899665457052,False,0.8023812605150837,,0.00169833422137599,False,False,半导体,170.81,0.0935903067831438,50.0,57.388316151202744,0.7,0.0,50.17,Tier2
002050.SZ,002050,三花智控,20050607,,主板,L,7810760349.749999,14.573845152895238,未知,未知,,,54.05,55.9806,55.6491,6.9708,6.3088,22744315.3187,19913087.6659,11692166263.6,True,0,0,False,False,54.48,43.78,1.4790626200537726,0.1896453631708761,-3.028634361233473,False,14.573845152895238,-3.057119871279157,15.52,26.95,985709560.79,106.262,,,10037423039.2,98.3089,2.8819,0,22744315.3187,11692166263.6,1.0,1.5,PASS,False,0.2857142857142857,15.52,26.95,2.125,15.52,,55.9806,6.9708,2.8819,3.6069974226804127,87.7931712264151,0.0,0.0,54.05,54.48,0,81.78694158075601,,0.8816793893129771,1,1,100.0,158,19.38810224406928,True,1.4790626200537726,,0.002150938575585875,False,False,独立池,15.52,0.0,22.34365245734947,79.0048129656967,1.0,0.0,79.0,Tier2
002051.SZ,002051,中工国际,20060619,,主板,L,747412254.15,-9.680134680134678,专业工程,建筑装饰,801724.SI,620000,10.65,41.5694,50.0147,1.133,3.3547,1306204.5494,1306128.7001,572345074.6,True,1,0,False,False,12.27,9.88,1.5137180700094621,24.622531939605132,-12.550937245313765,False,-9.680134680134678,-3.057119871279157,-42.02,-6.27,77082661.61,98.6653,,,731152511.37,-250.9728,0.672,0,1306204.5494,572345074.6,1.0,1.5,PASS,False,0.35714285714285715,-42.02,-6.27,-13.35,-21.01,ESP-Q,41.5694,1.133,0.672,,69.65643999999999,0.0,0.0,10.65,12.27,0,82.93241695303551,,0.4375,0,0,5.0,5,-1.379298214907017,False,1.5137180700094621,,0.01019624612843627,False,False,专业工程,-21.01,-0.6229281889634901,22.0,31.779725085910655,0.7,0.0,22.25,Other
002053.SZ,002053,云南能投,20060627,,主板,L,179757671.8,-0.08726003490402423,电力,公用事业,801161.SI,410000,11.44,44.5758,47.6039,1.3813,0.8912,1053314.5068,1053307.0422,169895047.19999996,False,0,0,False,False,12.99,11.16,-5.838815789473695,0.970017636684295,-11.855273287143964,False,-0.08726003490402423,-3.057119871279157,-5.79,-68.2,205136565.23,99.5815,,,924535705.28,106.3959,2.7392,0,1053314.5068,169895047.19999996,1.0,1.5,PASS,False,0.21428571428571427,-5.79,-68.2,-1.575,-2.895,,44.5758,1.3813,2.7392,,43.696173170731704,0.0,0.0,11.44,12.99,0,81.09965635738831,,0.47619047619047616,0,1,40.0,13,-1.0419055814318234,False,-5.838815789473695,,-0.04294220432233209,False,False,电力,-2.895,-0.1299983026844562,32.0,50.72989690721649,1.0,0.0,50.73,Tier2
601001.SH,601001,晋控煤业,20060623,,主板,L,394288992.85,-1.378518093049963,未知,未知,,,16.8,15.3527,16.961,1.4384,1.3711,2811816.0,2811816.0,425732530.6000001,True,0,0,False,False,19.95,16.84,-3.1038374717832773,4.186893203883502,-13.934837092731822,False,-1.378518093049963,-3.057119871279157,-33.6,-34.5,337054064.63,99.5525,,,4318955912.809999,104.3985,1.7528,0,2811816.0,425732530.6000001,1.0,1.5,PASS,False,0.2857142857142857,-33.6,-34.5,2.125,-35.725,,15.3527,1.4384,1.7528,,87.7931712264151,0.0,0.0,16.8,19.95,0,65.2348224513173,,0.6221374045801527,0,0,5.0,158,3.4357389981240773,False,-3.1038374717832773,,-0.019405864825209163,False,False,独立池,-35.725,0.0,21.587871730451834,26.388021081485558,1.0,0.0,26.39,Other
601988.SH,601988,中国银行,20060705,,主板,L,1235059826.45,-2.1922428330522714,未知,未知,,,5.86,7.7696,7.6977,0.6908,0.1474,188816473.323,123508591.6998,1469785897.8,True,0,0,False,False,5.97,5.61,0.17271157167528806,9.640831758034029,-2.8475711892797295,False,-2.1922428330522714,-3.057119871279157,3.64,2.5858,56603000000.0,99.9506,,,417130000000.0,262.454,1.8365,0,188816473.323,1469785897.8,1.0,1.5,PASS,False,0.2857142857142857,3.64,2.5858,2.125,3.64,ESP-Q,7.7696,0.6908,1.8365,2.134505494505494,87.7931712264151,0.0,0.0,5.86,5.97,0,65.2348224513173,,0.5954198473282443,0,0,5.0,158,2.622014258121769,False,0.17271157167528806,,0.004146801915524328,False,False,独立池,3.64,0.0,22.16844170438735,26.50413507627266,0.7,0.0,18.55,Other
002056.SZ,002056,横店东磁,20060802,,主板,L,589987941.75,-0.8542713567839089,未知,未知,,,20.37,17.9,18.6262,3.0071,2.5754,3313612.4947,3310189.3875,746306499.0000001,False,0,0,False,False,20.7,18.32,2.867570385818574,-4.269771955361468,-4.685990338164247,False,-0.8542713567839089,-3.057119871279157,-30.58,5.34,317345900.0,82.2371,,,4615646040.92,94.9002,3.5653,0,3313612.4947,746306499.0000001,1.0,1.5,PASS,False,0.2857142857142857,-30.58,5.34,2.125,-32.705,,17.9,3.0071,3.5653,,87.7931712264151,10.0,0.0,20.37,20.7,0,88.31615120274914,,0.648854961832061,0,1,40.0,158,3.9599857343901315,False,2.867570385818574,,0.017769088652207915,False,False,独立池,-32.705,0.0,21.632411837686313,50.82132772836201,1.0,0.0,60.82,Tier2
600048.SH,600048,保利发展,20060731,,主板,L,863467998.05,-1.67504187604689,房地产开发,房地产,801181.SI,430000,5.82,67.3317,,0.3591,0.78,6966798.0693,6966798.0693,677256871.8000001,False,0,0,False,False,6.86,5.69,-5.475040257648955,-13.549337260677463,-14.43148688046647,False,-1.67504187604689,-3.057119871279157,-51.91,-84.52,1010120800.0,110.3115,,,5987943600.0,400.7746,0.4745,0,6966798.0693,677256871.8000001,1.0,1.5,PASS,False,0.6666666666666666,-51.91,-84.52,-25.055,-25.955,,67.3317,0.3591,0.4745,,71.32621,0.0,0.0,5.82,6.86,0,65.2348224513173,,0.5,0,0,5.0,8,-0.2678336036302298,False,-5.475040257648955,,-0.006805244904672009,False,False,房地产开发,-25.955,-0.1860514035839646,32.0,28.470446735395193,1.0,0.0,28.47,Other
601006.SH,601006,大秦铁路,20060801,,主板,L,679619167.45,2.6565464895635715,未知,未知,,,5.42,18.5076,19.1126,0.6569,0.5034,10919770.3221,10919770.3221,746786681.9999999,True,0,0,False,False,5.55,5.23,-0.18450184501844769,7.128712871287135,-2.522522522522519,False,2.6565464895635715,-3.057119871279157,-6.91,-35.14,2385546444.0,100.0558,,,18534462979.0,21.651,1.4428,0,10919770.3221,746786681.9999999,1.0,1.5,PASS,False,0.2857142857142857,-6.91,-35.14,2.125,-9.035,,18.5076,0.6569,1.4428,,87.7931712264151,0.0,0.0,5.42,5.55,0,65.2348224513173,,0.7404580152671756,1,1,100.0,158,7.470803580737612,True,-0.18450184501844769,,-0.02813880425376309,False,False,独立池,-9.035,0.0,21.98150598942145,73.96674793327948,1.0,0.0,73.97,Tier2
002062.SZ,002062,宏润建设,20060816,,主板,L,355730375.45,5.720572057205708,基础建设,建筑装饰,801723.SI,620000,9.5,42.0246,44.8945,2.3657,2.3786,1175407.3446,1068465.912,295765180.8,False,0,0,False,False,10.58,8.6,-1.4358974358974375,-5.691854759568205,-9.168241965973545,False,5.720572057205708,-3.057119871279157,-20.74,0.18,71558948.23,97.0382,,,722637628.52,148.225,1.4948,0,1175407.3446,295765180.8,1.0,1.5,PASS,False,0.047619047619047616,-20.74,0.18,-15.53,-10.37,,42.0246,2.3657,1.4948,,59.53485,0.0,0.0,9.5,10.58,0,85.79610538373424,,0.8235294117647058,1,1,75.0,6,12.54205246359177,True,-1.4358974358974375,,0.02485162719830849,False,False,基础建设,-10.37,-0.39753259226286125,32.0,69.63883161512027,1.0,0.0,69.64,Tier2
002063.SZ,002063,远光软件,20060823,,主板,L,313561720.9,-0.9419152276295195,未知,未知,,,6.37,40.6554,40.4621,3.0566,2.2021,1219910.7165,1126710.7662,339202337.79999995,False,0,0,False,False,6.73,6.25,-0.7861635220125951,-5.255255255255264,-6.240713224368511,False,-0.9419152276295195,-3.057119871279157,30.55,3.34,10823908.52,100.0205,,,505921355.90999997,-1926.7956,0.2723,0,1219910.7165,339202337.79999995,1.0,1.5,PASS,False,0.2857142857142857,30.55,3.34,2.125,30.55,ESP-Q,40.6554,3.0566,0.2723,1.3307823240589198,87.7931712264151,0.0,0.0,6.37,6.73,0,75.25773195876289,,0.6450381679389313,0,1,40.0,158,3.872341863544521,False,-0.7861635220125951,,-0.015978105365373012,False,False,独立池,30.55,0.0,22.56532060693034,47.09038370901494,0.7,0.0,32.96,Other
002065.SZ,002065,东华软件,20060823,,主板,L,367789595.4,-4.066985645933007,未知,未知,,,8.05,54.0637,53.313,2.0839,1.006,2580413.3119,2340876.9274,321069484.59999996,False,0,0,False,False,9.03,8.0,-3.1400966183574908,-15.756302521008402,-11.184939091915835,False,-4.066985645933007,-3.057119871279157,1.85,1.62,55997742.06,90.3776,,,932344339.76,187.0701,0.5016,0,2580413.3119,321069484.59999996,1.0,1.5,PASS,False,0.2857142857142857,1.85,1.62,2.125,-0.2749999999999999,,54.0637,2.0839,0.5016,29.223621621621618,87.7931712264151,0.0,0.0,8.05,9.03,0,91.06529209621993,,0.5362595419847328,0,0,5.0,158,0.747271445241033,False,-3.1400966183574908,,-0.04044478155931633,False,False,独立池,-0.2749999999999999,0.0,22.110701797161195,34.241727988298216,1.0,0.0,34.24,Other
002066.SZ,002066,瑞泰科技,20060823,,主板,L,262250844.1,12.305699481865284,其他建材,建筑材料,801713.SI,610000,25.75,,,9.722,2.6611,604885.525,594825.0,428319131.4,True,2,2,False,False,28.23,21.96,-0.19186492709131198,29.21013412816693,-7.863974495217851,False,12.305699481865284,-3.057119871279157,-158.03,-252.41,-9295332.88,,,,-57541996.47,-1494.8396,-0.5112,0,604885.525,428319131.4,1.0,1.5,PASS,False,0.16666666666666666,-158.03,-252.41,-12.22,-79.015,ESP-Q,,9.722,-0.5112,,34.4639,0.0,0.0,25.75,28.23,0,84.7651775486827,,0.7142857142857143,1,1,100.0,3,3.720118854457466,False,-0.19186492709131198,,0.010911625399929417,False,False,其他建材,-79.015,-1.0935755746403841,22.0,79.82955326460481,0.7,0.0,55.88,Tier2
601111.SH,601111,中国国航,20060818,,主板,L,650204106.0500001,-5.31468531468533,未知,未知,,,6.68,,58.6384,2.6497,0.7632,11655545.228,7774257.1286,709361611.2,True,0,0,False,False,7.38,6.54,0.4451038575667532,-20.070838252656444,-8.265582655826565,False,-5.31468531468533,-3.057119871279157,164.96,2.16,1382264000.0,80.6409,,,-1462116000.0,517.4658,3.9614,0,11655545.228,709361611.2,1.0,1.5,PASS,False,0.2857142857142857,164.96,2.16,2.125,164.96,ESP-Q,,2.6497,3.9614,,87.7931712264151,0.0,0.0,6.68,7.38,0,65.2348224513173,,0.48091603053435117,0,0,5.0,158,-0.5004282235112898,False,0.4451038575667532,,0.004732662725896789,False,False,独立池,164.96,0.0,24.547650346462234,26.979976804687638,0.7,0.0,18.89,Other
002068.SZ,002068,黑猫股份,20060915,,主板,L,252162804.45000002,15.022935779816503,橡胶,化工,801037.SI,220000,10.28,,,3.2414,4.7367,755934.8615,755558.742,443339413.59999996,True,0,0,False,False,10.75,8.44,0.9054325955734299,6.702127659574453,-6.6976744186046595,False,15.022935779816503,-3.057119871279157,-132.9,-1600.67,-98774528.8,,,,-960707535.01,,-3.996,0,755934.8615,443339413.59999996,1.0,1.5,PASS,False,0.42857142857142855,-132.9,-1600.67,-32.245000000000005,-66.45,,,3.2414,-3.996,,52.724925,0.0,0.0,10.28,10.75,0,99.5418098510882,CHASE,0.8,1,1,100.0,2,7.369304494900296,True,0.9054325955734299,,0.012411920003079344,True,False,橡胶,-66.45,-1.1329179709040165,22.0,84.26254295532647,1.0,0.0,84.26,Tier2
601699.SH,601699,潞安环能,20060922,,主板,L,521448339.9500001,3.3861671469740617,未知,未知,,,14.12,37.877,35.8876,0.9112,0.9023,4223869.7904,4223869.7904,458305865.59999996,True,0,0,False,False,16.46,13.31,-5.280528052805289,-0.0696378830083555,-12.818955042527346,False,3.3861671469740617,-3.057119871279157,4.29,-63.68,700971247.51,97.4592,,,2909350248.48,401.6575,1.5692,0,4223869.7904,458305865.59999996,1.0,1.5,PASS,False,0.2857142857142857,4.29,-63.68,2.125,4.29,ESP-Q,37.877,0.9112,1.5692,8.82913752913753,87.7931712264151,0.0,0.0,14.12,16.46,0,65.2348224513173,,0.7519083969465649,1,1,100.0,158,8.200424238148102,True,-5.280528052805289,,-0.004874149133784211,False,False,独立池,4.29,0.0,22.17802815130868,74.00605236565693,0.7,0.0,51.8,Tier2
002279.SZ,002279,久其软件,20090811,,主板,L,225816926.64999998,-12.207151664611581,未知,未知,,,7.09,136.6219,81.519,4.3777,2.6553,611304.6715,564008.9931,182526636.20000002,False,0,0,False,False,8.47,7.1,-6.315789473684208,-23.193096008629986,-15.938606847697766,False,-12.207151664611581,-3.057119871279157,21.116,118.1525,-91481187.59,,,,-175764484.71,,-5.9571,0,611304.6715,182526636.20000002,1.0,1.5,PASS,False,0.2857142857142857,21.116,118.1525,2.125,21.116,,136.6219,4.3777,-5.9571,6.470065353286608,87.7931712264151,0.0,0.0,7.09,8.47,0,91.06529209621993,,0.19274809160305342,0,0,5.0,158,-7.392894573437541,False,-6.315789473684208,,-0.01961103466470496,False,False,独立池,21.116,0.0,22.42618439115217,34.30482450709641,1.0,0.0,34.3,Other
002074.SZ,002074,国轩高科,20061018,,主板,L,1988624397.8999999,-14.053254437869834,未知,未知,,,35.3,26.8715,27.7992,2.2136,1.5524,6404200.3206,6128902.9207,1408196348.4,False,0,0,False,False,41.49,34.8,-3.5150844173816864,-7.5086229769169455,-15.979754157628346,False,-14.053254437869834,-3.057119871279157,179.51,64.48,40776481.42,193.3158,,,630861629.74,,0.0727,0,6404200.3206,1408196348.4,1.0,1.5,PASS,False,0.2857142857142857,179.51,64.48,2.125,179.51,,26.8715,2.2136,0.0727,0.14969361038382265,87.7931712264151,0.0,0.0,35.3,41.49,0,79.15234822451318,,0.1431297709923664,0,0,5.0,158,-9.238997346695793,False,-3.5150844173816864,,-0.04111653372587166,False,False,独立池,179.51,0.0,24.762239273701194,31.19815232209419,1.0,0.0,31.2,Other
601398.SH,601398,工商银行,20061027,,主板,L,2007317318.2,-6.167979002624668,未知,未知,,,7.18,6.9432,6.8911,0.6591,0.0859,255899692.5899,193581568.603,1901686272.6000001,True,0,0,False,False,7.68,7.08,-1.2430939226519278,1.2747875354107707,-6.9010416666666625,False,-6.167979002624668,-3.057119871279157,3.49,1.0566,86795000000.0,99.8321,,,892041000000.0,1388.819,2.0286,0,255899692.5899,1901686272.6000001,1.0,1.5,PASS,False,0.2857142857142857,3.49,1.0566,2.125,3.49,ESP-Q,6.9432,0.6591,2.0286,1.9894555873925501,87.7931712264151,0.0,0.0,7.18,7.68,0,74.5704467353952,,0.4389312977099237,0,0,5.0,158,-1.353721911450628,False,-1.2430939226519278,,-0.0006053930331089115,False,False,独立池,3.49,0.0,22.166229447405506,29.304379910099662,0.7,0.0,20.51,Other
002079.SZ,002079,苏州固锝,20061116,,主板,L,676646426.1000001,17.57402101241643,未知,未知,,,12.6,155.8092,94.1061,2.8109,4.2058,1144239.167,1021330.4913,565945199.4000001,False,1,0,False,False,13.24,10.12,-3.070866141732276,8.745583038869253,-7.02416918429003,False,17.57402101241643,-3.057119871279157,935.01,-60.13,84392802.06,99.3214,,,139930231.05,-285.9899,2.6949,1,1144239.167,565945199.4000001,1.0,1.5,PASS,False,0.2857142857142857,935.01,-60.13,2.125,935.01,ESP-Q,155.8092,2.8109,2.6949,0.16663907337889436,87.7931712264151,0.0,0.0,12.6,13.24,10,91.29438717067583,CHASE,0.9083969465648855,1,1,75.0,158,22.388278103590473,True,-3.070866141732276,,-0.028839827585292355,True,False,独立池,935.01,0.0,35.904640272260416,72.06924420565483,0.7,10.0,40.45,Other
002077.SZ,002077,大港股份,20061116,,主板,L,525498410.79999995,12.809131261889672,半导体,电子,801081.SI,270000,17.96,196.1453,137.312,3.0799,7.3851,1042305.9293,1042305.9293,797381249.4,False,0,0,False,False,18.98,15.21,3.190255220417648,5.07974010632013,-6.2697576396206545,False,12.809131261889672,-3.057119871279157,25.96,28.05,20541862.92,53.4903,,,122630388.03,36.5335,1.1412,0,1042305.9293,797381249.4,1.0,1.5,PASS,False,0.8333333333333334,25.96,28.05,20.14,5.82,ESP-Q,196.1453,3.0799,1.1412,7.5556741140215715,137.7359375,0.0,0.0,17.96,18.98,0,91.29438717067583,,0.39285714285714285,0,1,40.0,9,-6.076656264674551,False,3.190255220417648,,0.009301954628556507,False,False,半导体,5.82,-0.2867256741979096,32.0,53.78831615120275,0.7,0.0,37.65,Other
600018.SH,600018,上港集团,20061026,,主板,L,242271756.84999993,3.2454361054766734,未知,未知,,,5.11,8.7699,8.7055,0.8189,0.1927,11896059.8175,11879073.0769,275587718.2,True,0,0,False,False,5.16,4.86,-0.19607843137254832,0.19685039370078705,-1.3565891472868241,False,3.2454361054766734,-3.057119871279157,3.42,-8.1,3925271571.8,97.9376,,,33987876383.39,63.1037,2.8006,0,11896059.8175,275587718.2,1.0,1.5,PASS,False,0.2857142857142857,3.42,-8.1,2.125,3.42,ESP-Q,8.7699,0.8189,2.8006,2.5642982456140353,87.7931712264151,0.0,0.0,5.11,5.16,0,75.71592210767469,,0.75,1,1,100.0,158,8.059693196650713,True,-0.19607843137254832,,-0.002922647432575165,False,False,独立池,3.42,0.0,22.16519706081398,77.1478160444652,0.7,0.0,54.0,Tier2
601666.SH,601666,平煤股份,20061123,,主板,L,281949576.0,-8.607594936708873,未知,未知,,,7.2,76.8633,89.0437,0.8062,0.9201,1777942.0188,1777942.0188,234233358.0,False,0,0,False,False,8.84,7.21,-2.3004059539918797,-18.047673098751428,-18.325791855203622,False,-8.607594936708873,-3.057119871279157,-18.11,-85.85,144482349.86,120.2821,,,803215605.03,150.4841,0.4829,0,1777942.0188,234233358.0,1.0,1.5,PASS,False,0.2857142857142857,-18.11,-85.85,2.125,-20.235,,76.8633,0.8062,0.4829,,87.7931712264151,0.0,0.0,7.2,8.84,0,65.2348224513173,,0.33969465648854963,0,0,5.0,158,-3.7933378455348326,False,-2.3004059539918797,,0.002553912489547855,False,False,独立池,-20.235,0.0,21.816324134777027,26.433711562350595,1.0,0.0,26.43,Other
002083.SZ,002083,孚日股份,20061124,,主板,L,421740658.0,-13.644067796610182,纺织制造,纺织服装,801131.SI,350000,10.27,22.6922,20.1971,1.9903,2.1179,972198.2653,971873.9387,264717358.19999996,True,0,0,False,False,11.92,10.14,-3.228869895536557,-13.128729752770685,-14.513422818791955,False,-13.644067796610182,-3.057119871279157,33.43,33.07,181734764.61,100.7426,,,1176126883.0,129.8061,3.7631,0,972198.2653,264717358.19999996,1.0,1.5,PASS,False,0.38095238095238093,33.43,33.07,-4.675,42.779999999999994,,22.6922,1.9903,3.7631,0.6787974872868681,103.7722,10.0,0.0,10.27,11.92,0,80.29782359679267,,0.4,0,0,0.0,2,-8.032845351720397,False,-3.228869895536557,TIER2_FORCED,-0.02648037544945472,False,False,纺织制造,42.779999999999994,0.9566718178904257,50.0,34.0893470790378,1.0,0.0,44.09,Tier2
002085.SZ,002085,万丰奥威,20061128,,主板,L,420368647.5500001,-9.465020576131689,汽车零部件,汽车,801093.SI,280000,12.9,27.7453,28.6752,3.5861,1.9565,2739053.8008,2739053.8008,459981954.8000001,True,0,0,False,False,14.74,13.02,-3.3674963396779,-17.29323308270677,-10.447761194029859,False,-9.465020576131689,-3.057119871279157,-14.27,57.37,158648407.74,65.2736,,,2025159947.27,-96.3163,3.1886,0,2739053.8008,459981954.8000001,1.0,1.5,PASS,False,0.47619047619047616,-14.27,57.37,-7.74,-7.135,ESP-Q,27.7453,3.5861,3.1886,,70.26558985507246,0.0,0.0,12.9,14.74,0,65.2348224513173,,0.1891891891891892,0,0,5.0,23,-11.332364338870093,False,-3.3674963396779,,-0.036713347639475674,False,False,汽车零部件,-7.135,0.019409204319347693,50.0,32.070446735395194,0.7,0.0,22.45,Other
002092.SZ,002092,中泰化学,20061208,,主板,L,462259953.24999994,-17.512274959083474,化学原料,化工,801033.SI,220000,5.05,,,0.6116,1.9593,1307959.8561,1300650.4735,323225734.40000004,True,0,0,False,False,7.1,5.04,-11.578947368421055,-32.25806451612904,-29.01408450704225,False,-17.512274959083474,-3.057119871279157,-75.86,61.33,-185582819.02,,,,-1032037926.1099999,,-0.6647,0,1307959.8561,323225734.40000004,1.0,1.5,PASS,False,0.7142857142857143,-75.86,61.33,6.035,-81.895,,,0.6116,-0.6647,,92.88029999999999,0.0,0.0,5.05,7.1,0,65.2348224513173,,0.037037037037037035,0,0,5.0,9,-10.777361165980025,False,-11.578947368421055,,-0.07823173781408811,False,False,化学原料,-81.895,-0.19855765094647893,32.0,28.470446735395193,1.0,0.0,28.47,Other
002097.SZ,002097,山河智能,20061222,,主板,L,187730784.25,-8.791208791208781,未知,未知,,,9.12,116.4483,140.2806,2.0924,1.305,980050.9448,978237.917,163760163.6,False,0,0,False,False,10.46,9.12,-5.876288659793804,-22.561492790500417,-12.715105162523898,False,-8.791208791208781,-3.057119871279157,-362.45,-88.18,-23375924.03,-128.7135,,,-361179769.78999996,-5280.2688,0.3883,0,980050.9448,163760163.6,1.0,1.5,PASS,False,0.2857142857142857,-362.45,-88.18,2.125,-364.575,ESP-Q,116.4483,2.0924,0.3883,,87.7931712264151,0.0,0.0,9.12,10.46,0,99.3127147766323,,0.3301526717557252,0,0,5.0,158,-3.976951700034741,False,-5.876288659793804,,-0.024582883612160454,False,False,独立池,-364.575,0.0,16.737867007253687,35.64138783444043,0.7,0.0,24.95,Other
601333.SH,601333,广深铁路,20061222,,主板,L,202304819.54999998,-0.9803921568627527,未知,未知,,,3.03,15.0535,13.9623,0.7417,0.8968,2146311.711,1712627.811,163297372.0,False,0,0,False,False,3.27,2.99,-0.9803921568627527,-1.6233766233766267,-7.339449541284415,False,-0.9803921568627527,-3.057119871279157,37.16,3.85,570846183.0,98.4864,,,3794815706.0,-4.6681,2.0256,0,2146311.711,163297372.0,1.0,1.5,PASS,False,0.2857142857142857,37.16,3.85,2.125,37.16,ESP-Q,15.0535,0.7417,2.0256,0.4050995694294941,87.7931712264151,0.0,0.0,3.03,3.27,0,65.2348224513173,,0.6412213740458015,0,1,40.0,158,3.8338649343112876,False,-0.9803921568627527,,0.008172860723874317,False,False,独立池,37.16,0.0,22.662807397930308,44.10300821498125,0.7,0.0,30.87,Other
002104.SZ,002104,恒宝股份,20070110,,主板,L,371933963.00000006,-10.834454912516822,通信设备,通信,801102.SI,730000,13.17,158.81,669.3083,4.3712,2.734,932897.1528,789806.9835,256949824.6,False,0,0,False,False,15.65,13.23,-2.5018395879322974,-26.59279778393352,-15.335463258785943,False,-10.834454912516822,-3.057119871279157,-240.31,-42.55,-27665271.05,,,,52408237.56999999,,-0.972,0,932897.1528,256949824.6,1.0,1.5,PASS,False,0.9523809523809523,-240.31,-42.55,15.0872,-255.3972,,158.81,4.3712,-0.972,,156.39837500000002,0.0,0.0,13.17,15.65,0,65.2348224513173,,0.125,0,0,5.0,8,-11.676306469105297,False,-2.5018395879322974,,-0.0001607750144461971,False,False,通信设备,-255.3972,-0.9100883364479617,22.0,26.470446735395193,1.0,0.0,26.47,Other
601002.SH,601002,晋亿实业,20070126,,主板,L,203258501.75,-20.27439024390243,通用机械,机械设备,801072.SI,640000,5.33,21.0027,19.8202,1.1788,1.8508,508716.9038,508716.9038,114536574.0,False,0,0,False,False,6.69,5.21,-4.909090909090896,-7.104795737122549,-21.823617339312406,False,-20.27439024390243,-3.057119871279157,24.23,79.81,71060154.27,98.6837,,,579592081.3,319.7961,1.6513,0,508716.9038,114536574.0,1.0,1.5,PASS,False,0.5952380952380952,24.23,79.81,-0.595,25.419999999999998,,21.0027,1.1788,1.6513,0.8668056128765993,108.90780749999999,0.0,0.0,5.33,6.69,0,67.23940435280642,,0.02040816326530612,0,0,5.0,15,-22.374846864907006,False,-4.909090909090896,,0.007178429703130521,False,False,通用机械,25.419999999999998,0.2458271303570328,50.0,32.671821305841924,1.0,0.0,32.67,Other
002111.SZ,002111,威海广泰,20070126,,主板,L,157632128.69999996,8.917835671342678,航空装备,国防军工,801742.SI,650000,11.05,45.5608,35.7671,1.9034,1.6902,587871.4821,540069.7843,109187447.19999997,False,1,0,False,False,11.69,9.39,-4.565408252853387,-4.899387576552938,-7.014542343883667,False,8.917835671342678,-3.057119871279157,97.57,54.33,76572623.83,99.1224,,,377958438.27,284.5357,2.4584,0,587871.4821,109187447.19999997,1.0,1.5,PASS,False,0.5238095238095238,97.57,54.33,-13.16,123.88999999999999,,45.5608,1.9034,2.4584,0.46695500666188383,161.41275,10.0,0.0,11.05,11.69,0,86.71248568155785,,0.875,1,1,75.0,5,16.011340033804743,True,-4.565408252853387,,-0.03772609919783459,False,False,航空装备,123.88999999999999,0.11565196795516766,50.0,73.51374570446735,1.0,0.0,83.51,Tier1
002121.SZ,002121,科陆电子,20070306,,主板,L,280588730.15000004,-8.090185676392581,未知,未知,,,7.62,,,35.7773,6.1291,1269212.7179,1070410.3209,428670100.1999999,False,1,1,False,False,7.78,6.51,1.3157894736842035,-25.40365984930032,-10.925449871465299,False,-8.090185676392581,-3.057119871279157,-208.31,66.26,-42012336.94,,,,109834521.56,,-11.3555,0,1269212.7179,428670100.1999999,1.0,1.5,PASS,False,0.2857142857142857,-208.31,66.26,2.125,-210.435,,,35.7773,-11.3555,,87.7931712264151,0.0,0.0,7.62,7.78,0,82.13058419243985,,0.3702290076335878,0,0,5.0,158,-3.2759285852185407,False,1.3157894736842035,,0.03283097621416923,False,False,独立池,-210.435,0.0,19.011182281797588,30.941411714091473,1.0,0.0,30.94,Other
002115.SZ,002115,三维通信,20070215,,主板,L,1522123683.8000002,2.206461780929869,通信运营,通信,801223.SI,730000,13.53,,1544.0422,5.3118,6.7503,1097271.2722,1017720.5548,867773841.2,False,1,0,False,False,15.98,12.01,-8.726249120337792,-11.708645336963919,-18.836045056320394,False,2.206461780929869,-3.057119871279157,963.34,91.47,21851245.4,101.1209,,,-19202219.400000002,-14.4187,1.0485,0,1097271.2722,867773841.2,1.0,1.5,PASS,False,1.0,963.34,91.47,-1.705,966.7500000000001,ESP-Q,,5.3118,1.0485,,167.5491125,0.0,0.0,13.53,15.98,0,72.62313860252004,,0.8461538461538461,1,1,75.0,4,2.1133519112836785,False,-8.726249120337792,,-0.0624259376972351,False,False,通信运营,966.7500000000001,1.9709866872779789,68.0,72.88694158075602,0.7,0.0,51.02,Tier2
601166.SH,601166,兴业银行,20070205,,主板,L,1731735211.55,-5.700325732899025,未知,未知,,,17.46,4.7697,4.7675,0.4438,0.4599,36950348.8336,36950348.8336,1409512983.0000002,True,0,0,False,False,18.68,17.28,-1.697792869269954,-5.3405994550408735,-7.0128479657387555,False,-5.700325732899025,-3.057119871279157,0.09,0.38,23703000000.0,99.4587,,,206434000000.0,240.2206,2.6272,0,36950348.8336,1409512983.0000002,1.0,1.5,PASS,False,0.2857142857142857,0.09,0.38,2.125,-2.035,,4.7697,0.4438,2.6272,52.99666666666667,87.7931712264151,0.0,0.0,17.46,18.68,0,65.2348224513173,,0.4618320610687023,0,0,5.0,158,-0.886068641724985,False,-1.697792869269954,,0.016760260348990558,False,False,独立池,-2.035,0.0,22.084744648574215,26.487395665110036,1.0,0.0,26.49,Other
002123.SZ,002123,梦网科技,20070328,,主板,L,204540718.1,-3.8922155688622673,通信运营,通信,801223.SI,730000,9.62,,,5.0918,3.423,774816.5316,693151.8408,333713267.4,False,1,1,False,False,10.48,9.12,4.787812840043548,-18.527918781725884,-8.110687022900764,False,-3.8922155688622673,-3.057119871279157,-3016.76,-1497.05,-44299182.63,,,,-390128854.37,,-2.8497,0,774816.5316,333713267.4,1.0,1.5,PASS,False,1.0,-3016.76,-1497.05,-1.705,-1508.38,,,5.0918,-2.8497,,167.5491125,0.0,0.0,9.62,10.48,0,92.43986254295532,,0.3076923076923077,0,0,5.0,4,-3.985325438508458,False,4.787812840043548,,0.03832955690552471,False,False,通信运营,-1499.4703,-2.830631146539046,5.0,31.231958762886595,1.0,0.0,31.23,Other
002125.SZ,002125,湘潭电化,20070403,,主板,L,373501885.25,-1.057827926657262,未知,未知,,,14.73,41.1302,34.6684,2.7247,7.0889,927270.1935,927270.1935,339538910.40000004,False,0,0,False,False,16.12,13.76,-2.2980501392757646,-0.6373937677053854,-12.965260545905721,False,-1.057827926657262,-3.057119871279157,96.42,-15.51,89231584.38,99.8682,,,546942357.92,2.264,2.7104,0,927270.1935,339538910.40000004,1.0,1.5,PASS,False,0.2857142857142857,96.42,-15.51,2.125,96.42,ESP-Q,41.1302,2.7247,2.7104,0.4265733250362995,87.7931712264151,0.0,0.0,14.73,16.12,0,60.36655211912944,,0.6374045801526718,0,1,40.0,158,3.756429164516778,False,-2.2980501392757646,,-0.011432426265822098,False,False,独立池,96.42,0.0,23.536796389557864,42.8173249136504,0.7,0.0,29.97,Other
002126.SZ,002126,银轮股份,20070418,,主板,L,1320072304.7500002,23.391933815925526,汽车零部件,汽车,801093.SI,280000,58.99,52.1843,52.0927,6.7684,3.5586,4995309.1131,4685076.798,1793694070.7999997,True,1,1,False,False,62.0,43.81,20.769230769230763,27.233951802089983,-3.774193548387106,False,23.391933815925526,-3.057119871279157,-1.65,31.51,204726599.85,95.6455,,,2170661516.39,-108.2617,2.8707,1,4995309.1131,1793694070.7999997,1.0,1.5,PASS,False,0.47619047619047616,-1.65,31.51,-7.74,-0.825,ESP-Q,52.1843,6.7684,2.8707,,70.26558985507246,0.0,0.0,58.99,62.0,10,98.3963344788087,CHASE,0.9594594594594594,1,1,100.0,23,21.524590053187122,True,20.769230769230763,OVERHEAT,0.01862793996459948,True,True,汽车零部件,-0.825,0.043180272975762934,50.0,89.5189003436426,0.7,10.0,52.66,Tier2
002130.SZ,002130,沃尔核材,20070420,,主板,L,1194822622.85,-21.307692307692307,其他电子,电子,801082.SI,270000,20.99,25.688,26.1242,3.2111,3.2465,2938363.5728,2407452.7811,971020709.4000001,True,0,0,False,False,26.64,20.43,-9.026233881725199,-25.46448087431693,-23.198198198198195,False,-21.307692307692307,-3.057119871279157,-8.2,36.92,221475754.12,95.7584,,,2648509033.93,15.8624,2.9562,0,2938363.5728,971020709.4000001,1.0,1.5,PASS,False,0.9285714285714286,-8.2,36.92,10.47,-18.67,,25.688,3.2111,2.9562,,116.60343333333333,10.0,0.0,20.99,26.64,0,69.0721649484536,,0.07692307692307693,0,0,5.0,4,-25.95410537892028,False,-9.026233881725199,,-0.07309540127523159,False,False,其他电子,-18.67,-0.7578453013371944,22.0,27.62164948453608,1.0,0.0,37.62,Other
002129.SZ,002129,TCL中环,20070420,,主板,L,1322003882.8,4.109589041095885,未知,未知,,,9.36,,,1.8915,3.0992,3784356.3635,3781233.8928,1762913224.8,True,0,0,False,False,10.37,8.28,-7.22278738555443,-12.307692307692319,-12.054001928640313,False,4.109589041095885,-3.057119871279157,8.9,10.39,-1799737883.06,,,,-22076725727.96,,-7.8461,0,3784356.3635,1762913224.8,1.0,1.5,PASS,False,0.2857142857142857,8.9,10.39,2.125,8.9,,,1.8915,-7.8461,,87.7931712264151,0.0,0.0,9.36,10.37,0,91.29438717067583,,0.7709923664122137,1,1,100.0,158,8.923846132269926,True,-7.22278738555443,,-0.01924070958690578,False,False,独立池,8.9,0.0,22.246018182550717,81.83751978771289,1.0,0.0,81.84,Tier2
002127.SZ,002127,南极电商,20070418,,主板,L,220879156.80000004,15.467625899280591,未知,未知,,,3.11,,,1.9605,3.0534,763464.6953,620361.7581,234744964.59999996,True,1,0,False,False,3.44,2.74,-0.31055900621118626,0.943396226415083,-6.686046511627907,False,15.467625899280591,-3.057119871279157,261.2315,-15.5239,30293221.89,92.8244,,,-308033495.29999995,-1072.26,0.8416,0,763464.6953,234744964.59999996,1.0,1.5,PASS,False,0.2857142857142857,261.2315,-15.5239,2.125,261.2315,ESP-Q,,1.9605,0.8416,,87.7931712264151,0.0,0.0,3.11,3.44,0,65.2348224513173,,0.8912213740458015,1,1,100.0,158,20.281882990454633,True,-0.31055900621118626,,0.02681115728727865,True,False,独立池,261.2315,0.0,25.967498999980155,74.76394653539123,0.7,0.0,52.33,Tier2
002134.SZ,002134,天津普林,20070516,,主板,L,389749612.59999996,24.96760259179267,元件,电子,801083.SI,270000,29.64,1534.3699,461.264,14.2641,4.7368,731070.274,730596.1021,359766698.59999996,False,1,0,False,False,32.23,22.41,-3.4701368034701363,23.263740945888365,-10.23890784982935,False,24.96760259179267,-3.057119871279157,8501.72,-76.45,9746510.7,84.0839,,,37469201.519999996,37.5216,2.2904,1,731070.274,359766698.59999996,1.0,1.5,PASS,False,0.7380952380952381,8501.72,-76.45,13.02,8501.72,ESP-Q,1534.3699,14.2641,2.2904,0.18047758571206768,255.29024,0.0,0.0,29.64,32.23,10,90.26345933562429,CHASE,0.6923076923076923,0,1,50.0,8,10.58818203621744,True,-3.4701368034701363,,-0.03324080573627896,True,False,元件,1890.732584000006,3.199903478740118,95.59971043622035,71.19897988793136,0.7,10.0,39.84,Other
002136.SZ,002136,安纳达,20070530,,主板,L,182100723.1,3.54558610709117,化学原料,化工,801033.SI,220000,14.9,,,2.9417,3.9676,320379.8,319539.0824,144952212.39999998,False,1,0,False,False,15.86,13.6,-3.7012113055181595,1.9230769230769384,-9.773013871374525,False,3.54558610709117,-3.057119871279157,156.18,-554.34,7006315.0,94.518,,,-152706194.09,-1573.4461,0.683,0,320379.8,144952212.39999998,1.0,1.5,PASS,False,0.7142857142857143,156.18,-554.34,6.035,156.18,ESP-Q,,2.9417,0.683,,92.88029999999999,0.0,0.0,14.9,15.86,0,81.55784650630011,,0.8148148148148148,1,1,75.0,9,10.280499900194616,True,-3.7012113055181595,,-0.028067865101536856,False,False,化学原料,156.18,0.5391866784470654,50.0,71.96735395189003,0.7,0.0,50.38,Tier2
000338.SZ,000338,潍柴动力,20070430,,主板,L,3932978129.8999996,19.86632008911995,汽车零部件,汽车,801093.SI,280000,34.01,27.1084,26.2095,3.1071,2.0068,29630862.5235,17016879.7678,3597269376.6,True,1,0,False,False,35.85,26.15,-7.161345987920631,10.927835051546397,-9.958158995815902,False,19.86632008911995,-3.057119871279157,20.25,-8.22,2987911088.08,96.8383,,,25772628074.47,-56.9399,3.2727,0,29630862.5235,3597269376.6,1.0,1.5,PASS,False,0.47619047619047616,20.25,-8.22,-7.74,35.730000000000004,ESP-Q,27.1084,3.1071,3.2727,1.3386864197530863,70.26558985507246,10.0,0.0,34.01,35.85,0,65.2348224513173,,0.918918918918919,1,1,100.0,23,17.998976326381545,True,-7.161345987920631,,-0.023532243597235627,True,False,汽车零部件,35.730000000000004,0.18089048133317326,50.0,79.5704467353952,0.7,0.0,65.7,Tier2
601998.SH,601998,中信银行,20070427,,主板,L,425707053.55,-6.635071090047385,未知,未知,,,7.75,6.1068,6.0563,0.5806,0.1255,43125000.7546,31591324.4474,391382553.8,True,0,0,False,False,8.6,7.77,-2.716049382716046,7.3569482288828425,-8.372093023255811,False,-6.635071090047385,-3.057119871279157,3.52,2.58,20017000000.0,99.597,,,126171000000.0,798.8835,2.3976,0,43125000.7546,391382553.8,1.0,1.5,PASS,False,0.2857142857142857,3.52,2.58,2.125,3.52,ESP-Q,6.1068,0.5806,2.3976,1.7348863636363636,87.7931712264151,0.0,0.0,7.75,8.6,0,65.2348224513173,,0.4217557251908397,0,0,5.0,158,-1.8208139988733443,False,-2.716049382716046,,0.006823075319241224,False,False,独立池,3.52,0.0,22.166671898801873,26.503781115155565,0.7,0.0,18.55,Other
002139.SZ,002139,拓邦股份,20070629,,主板,L,244268045.45000002,-8.760330578512399,电子制造,电子,801085.SI,270000,11.19,38.3433,63.744,2.0181,2.4691,1395208.3516,1198549.5388,288247284.4,True,0,0,False,False,12.39,10.65,0.1814882032667775,-16.36363636363637,-10.895883777239723,False,-8.760330578512399,-3.057119871279157,-75.76,-41.93,45302619.52,87.3066,,,1124222768.6399999,-736.0867,0.7422,0,1395208.3516,288247284.4,1.0,1.5,PASS,False,0.40476190476190477,-75.76,-41.93,-24.075000000000003,-37.88,ESP-Q,38.3433,2.0181,0.7422,,87.6280681818182,0.0,0.0,11.19,12.39,0,93.69988545246277,,0.15384615384615385,0,0,5.0,8,-13.388799344067404,False,0.1814882032667775,,0.0003316037501434721,False,False,电子制造,-37.88,-0.41471800767587946,32.0,37.00996563573883,0.7,0.0,25.91,Other
601328.SH,601328,交通银行,20070515,,主板,L,1012363108.2,-5.413105413105413,未知,未知,,,6.64,6.136,6.0857,0.504,0.7076,58673552.7241,17312099.8738,1061683319.6,True,0,0,False,False,7.11,6.55,-1.1904761904761862,-0.4497751124437843,-6.610407876230672,False,-5.413105413105413,-3.057119871279157,3.22,2.76,26098000000.0,99.7554,,,236854000000.0,398.5989,2.044,0,58673552.7241,1061683319.6,1.0,1.5,PASS,False,0.2857142857142857,3.22,2.76,2.125,3.22,ESP-Q,6.136,0.504,2.044,1.9055900621118012,87.7931712264151,0.0,0.0,6.64,7.11,0,74.5704467353952,,0.4751908396946565,0,0,5.0,158,-0.5988483219313725,False,-1.1904761904761862,,-0.004614394650279919,False,False,独立池,3.22,0.0,22.162247384838185,29.303583497586196,0.7,0.0,20.51,Other
002138.SZ,002138,顺络电子,20070613,,主板,L,1295910387.8,13.675213675213671,元件,电子,801083.SI,270000,43.3,34.1949,36.1519,6.1094,7.5703,3491358.4728,3275643.9045,1879768628.4000003,True,0,0,False,False,42.15,33.34,11.98428290766207,-4.476897294709136,-5.338078291814952,False,13.675213675213671,-3.057119871279157,-24.19,25.23,166933684.74,93.8452,,,2340597372.11,42.1728,2.7089,0,3491358.4728,1879768628.4000003,1.0,1.5,PASS,False,0.7380952380952381,-24.19,25.23,13.02,-37.21,,34.1949,6.1094,2.7089,,255.29024,0.0,0.0,43.3,42.15,0,65.2348224513173,,0.5,0,1,55.0,8,-0.7042068803615589,False,11.98428290766207,OVERHEAT,0.00414061785895006,False,True,元件,-37.21,-0.3973554603172628,32.0,53.47044673539519,1.0,0.0,53.47,Tier2
002170.SZ,002170,芭田股份,20070919,,主板,L,321874696.00000006,-13.011695906432742,未知,未知,,,11.99,12.7638,11.4696,3.328,1.7775,1163451.6967,943768.3005,224551073.6,False,0,0,False,False,14.22,11.9,-6.372934697088906,-15.542938254080907,-16.315049226441637,False,-13.011695906432742,-3.057119871279157,60.06,124.0,273129070.25,99.8501,,,2319007699.83,106.7407,7.0074,0,1163451.6967,224551073.6,1.0,1.5,PASS,False,0.2857142857142857,60.06,124.0,2.125,60.06,,12.7638,3.328,7.0074,0.2125174825174825,87.7931712264151,10.0,0.0,11.99,14.22,0,72.39404352806415,,0.1736641221374046,0,0,5.0,158,-8.197438815258701,False,-6.372934697088906,,-0.052146097330085205,False,False,独立池,60.06,0.0,23.00054529715864,28.81832211785097,1.0,0.0,38.82,Other
601919.SH,601919,中远海控,20070626,,主板,L,1367615754.5500002,0.3419972640218871,未知,未知,,,14.61,7.2476,8.9307,0.9492,0.8041,22371883.3151,18344666.7656,1648685110.2000003,True,0,0,False,False,14.84,13.93,3.5285815102328755,-1.078894133513153,-1.1455525606469008,False,0.3419972640218871,-3.057119871279157,-49.66,-37.31,5860336405.33,99.7175,,,81017877849.23001,138.1203,2.5118,0,22371883.3151,1648685110.2000003,1.0,1.5,PASS,False,0.2857142857142857,-49.66,-37.31,2.125,-51.785,,7.2476,0.9492,2.5118,,87.7931712264151,0.0,0.0,14.61,14.84,0,83.8487972508591,,0.6889312977099237,0,1,55.0,158,5.1562543551959275,True,3.5285815102328755,,0.008609245585020247,False,False,独立池,-51.785,0.0,21.35101274959563,56.92484172517686,1.0,0.0,56.92,Tier2
601168.SH,601168,西部矿业,20070712,,主板,L,1892487094.6499999,3.9764868603042736,工业金属,有色金属,801055.SI,240000,31.84,20.8293,17.1626,3.8022,2.7301,7587472.0,7587472.0,1667845045.8,False,0,0,False,False,34.79,28.2,-1.3451443569553856,-8.183206106870234,-13.567116987640127,False,3.9764868603042736,-3.057119871279157,105.82,23.0,1607470949.0,101.3508,,,9959015812.0,138.264,8.2604,0,7587472.0,1667845045.8,1.0,1.5,PASS,False,0.14285714285714285,105.82,23.0,60.27,105.82,ESP-Q,20.8293,3.8022,8.2604,0.19683708183708185,36.771677777777775,10.0,0.0,31.84,34.79,0,25.887743413516613,CAT-0,0.8214285714285714,1,1,75.0,9,10.134559459767829,True,-1.3451443569553856,,-0.008784922183046046,False,False,工业金属,105.82,0.021220994407846507,50.0,55.266323024054984,0.35,0.0,29.34,Other
002142.SZ,002142,宁波银行,20070719,,主板,L,844271101.0,-2.7152113545201972,未知,未知,,,31.09,6.9991,6.8215,0.8831,0.313,20530563.7723,20517665.6164,654857937.0,True,0,0,False,False,33.88,30.92,-0.9736180904522551,1.090092978518764,-6.936245572609212,False,-2.7152113545201972,-3.057119871279157,10.16,7.81,8188000000.0,100.0856,,,74882000000.0,671.2106,3.2423,0,20530563.7723,654857937.0,1.0,1.5,PASS,False,0.2857142857142857,10.16,7.81,2.125,10.16,,6.9991,0.8831,3.2423,0.6888877952755905,87.7931712264151,10.0,0.0,31.09,33.88,0,67.81214203894616,,0.5820610687022901,0,0,5.0,158,2.099045736653843,False,-0.9736180904522551,,-0.009359537142239178,False,False,独立池,10.16,0.0,22.264601141198213,27.29656283992349,1.0,0.0,37.3,Other
601009.SH,601009,南京银行,20070719,,主板,L,504938085.09999996,-5.030355594102343,未知,未知,,,10.84,6.1458,6.0103,0.7123,0.4326,13402106.8936,13402106.8936,443879347.99999994,False,0,0,False,False,11.95,10.91,-2.406417112299475,-2.406417112299475,-8.368200836820083,False,-5.030355594102343,-3.057119871279157,8.91,8.73,6604326000.0,100.0655,,,58670684000.0,411.9822,3.1472,0,13402106.8936,443879347.99999994,1.0,1.5,PASS,False,0.2857142857142857,8.91,8.73,2.125,8.91,,6.1458,0.7123,3.1472,0.6897643097643098,87.7931712264151,10.0,0.0,10.84,11.95,0,74.5704467353952,,0.49236641221374045,0,0,5.0,158,-0.21609850292830224,False,-2.406417112299475,,0.030033973241434725,False,False,独立池,8.91,0.0,22.246165666349505,29.320367153888462,1.0,0.0,39.32,Other
002153.SZ,002153,石基信息,20070813,,主板,L,332936653.85,-9.222797927461146,未知,未知,,,8.82,,,3.611,1.3534,2407148.9678,1410991.6751,332931310.2,True,0,0,False,False,10.75,8.72,-6.808510638297882,-25.762711864406786,-18.511627906976745,False,-9.222797927461146,-3.057119871279157,93.3,14.56,23131538.22,97.8379,,,-142508406.85999998,-634.6996,0.3487,0,2407148.9678,332931310.2,1.0,1.5,PASS,False,0.2857142857142857,93.3,14.56,2.125,93.3,ESP-Q,,3.611,0.3487,,87.7931712264151,0.0,0.0,8.82,10.75,0,84.5360824742268,,0.31679389312977096,0,0,5.0,158,-4.408540836287106,False,-6.808510638297882,,-0.05384858214734671,False,False,独立池,93.3,0.0,23.49078144433549,32.55898103113514,0.7,0.0,22.79,Other
002150.SZ,002150,正泰电源,20070810,,主板,L,656135475.4,14.17534430634868,通用机械,机械设备,801072.SI,640000,34.0,43.6096,44.1217,5.6716,9.0475,1226953.9302,1219052.9252,1128832479.8000002,False,1,1,False,False,35.66,26.7,14.36742934051145,18.55598186257412,-4.683118339876602,False,14.17534430634868,-3.057119871279157,-28.54,53.56,12310716.67,81.8063,,,482766271.44,-185.5976,0.6938,0,1226953.9302,1128832479.8000002,1.0,1.5,PASS,False,0.5952380952380952,-28.54,53.56,-0.595,-14.27,ESP-Q,43.6096,5.6716,0.6938,,108.90780749999999,0.0,0.0,34.0,35.66,0,70.44673539518901,,0.6938775510204082,0,1,40.0,15,12.074887685344105,True,14.36742934051145,OVERHEAT,0.030256740703436678,False,True,通用机械,-14.27,0.09564328716763944,50.0,51.134020618556704,0.7,0.0,35.79,Other
002152.SZ,002152,广电运通,20070813,,主板,L,285642430.9,-7.615894039735094,计算机设备,计算机,801101.SI,710000,11.23,32.3962,32.9455,2.1935,0.9142,2788838.9945,2787436.1597,324605687.8,True,0,0,False,False,12.3,11.1,-1.9332161687170557,-17.45562130177515,-9.268292682926838,False,-7.615894039735094,-3.057119871279157,-1.43,4.25,206792510.16,91.3849,,,1908830308.8,-396.5667,1.7961,0,2788838.9945,324605687.8,1.0,1.5,PASS,False,0.5476190476190477,-1.43,4.25,0.49,-1.92,ESP-Q,32.3962,2.1935,1.7961,,108.09019285714285,0.0,0.0,11.23,12.3,0,62.42840778923253,,0.2,0,0,5.0,5,-4.639703563544618,False,-1.9332161687170557,,-0.015620059115760771,False,False,计算机设备,-1.92,-0.14448533548168177,32.0,27.628522336769755,0.7,0.0,19.34,Other
002151.SZ,002151,北斗星通,20070813,,主板,L,969484573.9999998,-3.746542620065385,未知,未知,,,38.87,,,4.3639,2.9424,2110294.7188,1721222.3403,666589278.6,False,0,0,False,False,44.85,37.91,-4.728720756595317,-10.246189917936688,-14.648829431438127,False,-3.746542620065385,-3.057119871279157,112.35,23.4,6230489.84,45.9631,,,-369944539.6,-328.0444,0.2803,0,2110294.7188,666589278.6,1.0,1.5,PASS,False,0.2857142857142857,112.35,23.4,2.125,112.35,ESP-Q,,4.3639,0.2803,,87.7931712264151,0.0,0.0,38.87,44.85,0,91.29438717067583,,0.549618320610687,0,0,5.0,158,1.0677144711086552,False,-4.728720756595317,,-0.04244580098147524,False,False,独立池,112.35,0.0,23.7717380810298,34.642663767408706,0.7,0.0,24.25,Other
002156.SZ,002156,通富微电,20070816,,主板,L,7976289072.1,30.76434469616769,半导体,电子,801081.SI,270000,63.44,78.9987,66.5638,6.1485,13.2344,9627634.8097,9626716.8964,10525993709.6,False,1,0,False,False,66.88,46.3,8.312872676253935,25.630593978844594,-7.655502392344493,False,30.76434469616769,-3.057119871279157,64.78,35.34,171623051.92,52.156,,,2210642946.09,200.5158,2.1126,1,9627634.8097,10525993709.6,1.0,1.5,PASS,False,0.8333333333333334,64.78,35.34,20.14,64.78,ESP-Q,78.9987,6.1485,2.1126,1.219492127199753,137.7359375,0.0,0.0,63.44,66.88,10,91.29438717067583,CHASE,0.8214285714285714,1,1,85.0,9,11.878557169603468,True,8.312872676253935,OVERHEAT,0.0058034455205353,True,True,半导体,64.78,-0.15081786015679857,32.0,76.28831615120275,0.7,10.0,43.4,Other
002145.SZ,002145,钛能化学,20070803,,主板,L,233971538.84999996,-9.302325581395355,化学原料,化工,801033.SI,220000,4.3,45.8742,50.117,1.3499,0.9803,1636869.0387,1636783.9309,202258922.2,False,0,0,False,False,4.82,4.28,-5.5066079295154164,-18.441064638783267,-10.995850622406644,False,-9.302325581395355,-3.057119871279157,-25.58,-29.19,77311297.55,74.4194,,,880180703.93,13.0723,0.8606,0,1636869.0387,202258922.2,1.0,1.5,PASS,False,0.7142857142857143,-25.58,-29.19,6.035,-31.615,ESP-Q,45.8742,1.3499,0.8606,,92.88029999999999,0.0,0.0,4.3,4.82,0,81.55784650630011,,0.37037037037037035,0,0,5.0,9,-2.567411788291907,False,-5.5066079295154164,,-0.05201915241518625,False,False,化学原料,-31.615,-0.04275051083555838,32.0,33.36735395189003,0.7,0.0,23.36,Other
002158.SZ,002158,汉钟精机,20070817,,主板,L,516595974.65000004,34.75829005193765,通用机械,机械设备,801072.SI,640000,35.75,40.7825,40.4475,4.2853,5.6479,1911638.7969,1907501.3958,706434519.9999999,False,3,1,False,True,36.24,24.7,1.9033232628398622,27.139087825103637,-6.926048565121423,False,34.75829005193765,-3.057119871279157,-1.84,-47.47,108799470.85,89.4859,,,1163046310.75,42.6307,2.7527,0,1911638.7969,706434519.9999999,1.0,1.5,PASS,False,0.5952380952380952,-1.84,-47.47,-0.595,-0.92,,40.7825,4.2853,2.7527,,108.90780749999999,10.0,0.0,35.75,36.24,0,91.29438717067583,CHASE,0.9591836734693877,1,1,75.0,15,32.657833430933074,True,1.9033232628398622,突破型,0.030209844380153693,True,False,通用机械,-0.92,0.1461586388073069,50.0,74.88831615120274,1.0,0.0,84.89,Tier2
002161.SZ,002161,远望谷,20070821,,主板,L,180181577.04999995,-7.703281027104136,其他电子,电子,801082.SI,270000,6.54,314.2526,3706.157,3.1809,2.3508,483801.3396,483704.5149,167512346.6,True,0,0,False,False,7.59,6.38,-2.413273001508298,-28.19089900110988,-14.756258234519104,False,-7.703281027104136,-3.057119871279157,-18.48,33.91,-20928618.98,,,,-110065154.56,,-2.4852,0,483801.3396,167512346.6,1.0,1.5,PASS,False,0.9285714285714286,-18.48,33.91,10.47,-28.950000000000003,,314.2526,3.1809,-2.4852,,116.60343333333333,0.0,0.0,6.54,7.59,0,70.67583046964491,,0.15384615384615385,0,0,5.0,4,-12.349694098332108,False,-2.413273001508298,,-0.007065056839026864,False,False,其他电子,-28.950000000000003,-0.8632766897994243,22.0,28.102749140893472,1.0,0.0,28.1,Other
002254.SZ,002254,泰和新材,20080625,,主板,L,639563713.15,37.571157495256166,化学纤维,化工,801032.SI,220000,15.93,329.2646,298.7216,1.9343,9.8017,1365292.0925,1355079.25,1240598505.9999998,True,2,2,False,False,15.63,10.4,2.256699576868826,8.289768483943227,-7.2296865003198985,False,37.571157495256166,-3.057119871279157,-261.34,-9992.99,-2796482.7,-17.7081,,,-148416728.2,-359.8579,0.2235,0,1365292.0925,1240598505.9999998,1.0,1.5,PASS,False,0.4523809523809524,-261.34,-9992.99,16.295,-277.635,ESP-Q,329.2646,1.9343,0.2235,,154.65064285714286,0.0,10.0,15.93,15.63,0,67.23940435280642,,1.0,1,1,100.0,3,46.80960943033732,True,2.256699576868826,,-0.004267334115400875,True,False,化学纤维,-277.635,-0.139603149614877,32.0,76.57182130584192,0.7,10.0,43.6,Other
002154.SZ,002154,报喜鸟,20070816,,主板,L,227637298.2,16.03260869565215,服装家纺,纺织服装,801132.SI,350000,4.3,18.3619,15.3707,1.2869,2.3133,627513.5035,507302.531,146333430.2,True,1,0,False,False,4.7,3.6,-6.153846153846154,6.483790523690769,-9.148936170212774,False,16.03260869565215,-3.057119871279157,5.71,-36.76,172831344.99,72.9543,,,791018789.36,61.5403,4.9794,0,627513.5035,146333430.2,1.0,1.5,PASS,False,0.09523809523809523,5.71,-36.76,17.65,-11.939999999999998,ESP-Q,18.3619,1.2869,4.9794,3.215744308231173,126.22243636363636,0.0,0.0,4.3,4.7,0,70.79037800687286,CHASE,0.7333333333333333,1,1,100.0,5,9.701137559711736,True,-6.153846153846154,,-0.10318803929588165,True,False,服装家纺,-11.939999999999998,-0.7443641712474103,22.0,75.63711340206186,0.7,0.0,52.95,Tier2
002164.SZ,002164,宁波东力,20070823,,主板,L,333403056.20000005,16.52377240841776,通用机械,机械设备,801072.SI,640000,14.56,39.5518,38.3903,4.8735,6.8216,774844.8912,698552.6082,765643018.5999999,True,0,0,False,False,15.26,12.3,4.618614415675304,4.326587578506613,-2.0314547837483654,False,16.52377240841776,-3.057119871279157,27.83,46.76,19538170.13,89.7213,,,166812087.95,-215.5432,1.3783,0,774844.8912,765643018.5999999,1.0,1.5,PASS,False,0.5952380952380952,27.83,46.76,-0.595,29.019999999999996,ESP-Q,39.5518,4.8735,1.3783,1.421192957240388,108.90780749999999,0.0,0.0,14.56,15.26,0,70.79037800687286,CHASE,0.8163265306122449,1,1,100.0,15,14.423315787413184,True,4.618614415675304,,0.028703940070786655,True,False,通用机械,29.019999999999996,0.2594492476531229,50.0,81.23711340206185,0.7,0.0,56.87,Tier2
002163.SZ,002163,海南发展,20070823,,主板,L,401647648.04999995,-15.879163439194432,装修装饰,建筑装饰,801722.SI,620000,11.0,,,15.635,2.7842,929453.6537,883903.7625,319827450.0,False,0,0,False,False,13.27,10.85,-6.459948320413433,-30.11583011583011,-18.161266013564436,False,-15.879163439194432,-3.057119871279157,71.41,-20.49,-4412849.67,,,,-1076653274.74,-3749.8439,-0.66,0,929453.6537,319827450.0,1.0,1.5,PASS,False,0.6904761904761905,71.41,-20.49,15.48,71.41,ESP-Q,,15.635,-0.66,,84.0898,0.0,0.0,11.0,13.27,0,97.36540664375715,,0.14285714285714285,0,0,5.0,3,-22.493949431412354,False,-6.459948320413433,,-0.021193252554612123,False,False,装修装饰,71.41,0.6710155261318739,50.0,41.70962199312714,0.7,0.0,29.2,Other
002169.SZ,002169,智光电气,20070919,,主板,L,599293483.1999999,19.463087248322154,未知,未知,,,18.87,108.9865,75.6062,5.2825,9.6242,1476962.6254,1431617.7757,1117793955.0,True,1,1,False,False,18.45,12.54,26.151665485471298,14.10256410256412,-3.5230352303523005,False,19.463087248322154,-3.057119871279157,161.6,49.72,22068277.86,96.8095,,,-239819450.69,-1010.5377,0.8081,0,1476962.6254,1117793955.0,1.0,1.5,PASS,False,0.2857142857142857,161.6,49.72,2.125,161.6,ESP-Q,108.9865,5.2825,0.8081,0.6744214108910892,87.7931712264151,0.0,0.0,18.87,18.45,0,65.2348224513173,,0.9179389312977099,1,1,100.0,158,24.277344339496196,True,26.151665485471298,OVERHEAT,0.017307396406784914,True,True,独立池,161.6,0.0,24.498095790068902,74.47006589340897,0.7,0.0,52.13,Tier2
002167.SZ,002167,东方锆业,20070913,,主板,L,382943306.65000004,-8.702290076335872,稀有金属,有色金属,801054.SI,240000,12.78,187.5677,182.7308,5.5639,6.5294,990032.4774,969635.1667,370815474.6,False,0,0,False,False,14.15,11.66,-2.526487367563157,-11.66912850812406,-15.477031802120134,False,-8.702290076335872,-3.057119871279157,9.36,142.8,20506355.17,101.2881,,,135001367.52,156.2302,1.1433,0,990032.4774,370815474.6,1.0,1.5,PASS,False,0.8809523809523809,9.36,142.8,52.894999999999996,-43.535,,187.5677,5.5639,1.1433,20.03928418803419,107.82666666666667,0.0,0.0,12.78,14.15,0,65.2348224513173,,0.5,0,0,5.0,5,-0.24530562210953732,False,-2.526487367563157,,-0.003266677224949785,False,False,稀有金属,-43.535,-0.573085245294173,22.0,26.470446735395193,1.0,0.0,26.47,Other
002171.SZ,002171,楚江新材,20070921,,主板,L,493176167.20000017,-8.537616229923916,工业金属,有色金属,801055.SI,240000,11.42,48.3662,47.3269,2.0809,3.6909,1853395.0498,1842892.7587,634781369.8,False,0,0,False,False,12.7,10.76,-9.833333333333327,-17.2782874617737,-14.803149606299204,False,-8.537616229923916,-3.057119871279157,9.55,67.5,140530093.35,100.2618,,,1032449638.05,-1105.174,1.5916,0,1853395.0498,634781369.8,1.0,1.5,PASS,False,0.14285714285714285,9.55,67.5,60.27,-50.72,ESP-Q,48.3662,2.0809,1.5916,5.064523560209423,36.771677777777775,0.0,0.0,11.42,12.7,0,65.2348224513173,,0.35714285714285715,0,0,5.0,9,-2.379543630460362,False,-9.833333333333327,,-0.042682883962005404,False,False,工业金属,-50.72,-0.6987764434799314,22.0,26.470446735395193,0.7,0.0,18.53,Other
002165.SZ,002165,红宝丽,20070913,,主板,L,673402496.85,-17.954070981210858,化学制品,化工,801034.SI,220000,8.04,340.9909,,2.9566,9.7021,591156.9489,584977.6936,1302984583.0,True,1,1,False,False,10.23,7.86,-19.30184804928131,-37.22044728434505,-23.167155425219942,False,-17.954070981210858,-3.057119871279157,-2654.08,-130.99,-33604470.03,,,,-44131461.58,,-1.1933,0,591156.9489,1302984583.0,1.0,1.5,PASS,False,0.2619047619047619,-2654.08,-130.99,5.17,-2659.25,,340.9909,2.9566,-1.1933,,72.11200512820513,0.0,0.0,8.04,10.23,0,82.7033218785796,,0.10204081632653061,0,0,5.0,15,-16.684677469222144,False,-19.30184804928131,,-0.02358959010165008,False,False,化学制品,-1499.4703,-3.402891073649529,5.0,28.31099656357388,1.0,0.0,28.31,Other
002192.SZ,002192,融捷股份,20071205,,主板,L,3099127322.05,6.346845171687132,未知,未知,,,85.54,79.6761,41.384,5.7318,6.941,2221090.6065,2216492.6176,2229668466.8,True,3,0,False,False,115.0,77.56,-6.404102116517551,58.81155127730471,-25.399999999999988,False,6.346845171687132,-3.057119871279157,1947.36,34.55,288335524.17,103.7282,,,742072665.44,-32.3678,7.5067,0,2221090.6065,2229668466.8,1.0,1.5,PASS,False,0.2857142857142857,1947.36,34.55,2.125,1947.36,ESP-Q,79.6761,5.7318,7.5067,0.04091493098348534,87.7931712264151,0.0,0.0,85.54,115.0,0,65.40664375715922,,0.7977099236641222,1,1,100.0,158,11.161102262861172,True,-6.404102116517551,,-0.025988538680765807,False,False,独立池,1890.732584000006,0.0,50.0,79.62199312714776,0.7,0.0,55.74,Tier2
002174.SZ,002174,游族网络,20070925,,主板,L,471848075.15000004,25.617283950617285,未知,未知,,,12.44,,,2.6859,6.8479,1218884.8429,1218198.2482,757944616.0,True,1,0,False,False,12.8,9.04,2.0903010033444858,8.436944937833047,-4.609374999999993,False,25.617283950617285,-3.057119871279157,347.37,-68.61,46343531.25,44.6677,,,-220544080.57999998,-15.6337,2.3053,0,1218884.8429,757944616.0,1.0,1.5,PASS,False,0.2857142857142857,347.37,-68.61,2.125,347.37,ESP-Q,,2.6859,2.3053,,87.7931712264151,0.0,0.0,12.44,12.8,0,71.24856815578465,CHASE,0.9484732824427481,1,1,100.0,158,30.431541041791327,True,2.0903010033444858,,-0.0006498077596113028,True,False,独立池,347.37,0.0,27.237902320184514,76.8221509107723,0.7,0.0,53.78,Tier2
601169.SH,601169,北京银行,20070919,,主板,L,662154829.9000001,-6.227106227106227,未知,未知,,,5.1,5.3684,5.2569,0.3805,0.3805,10782921.9787,10782921.9787,457909337.4,False,0,0,False,False,5.52,5.12,-2.103250478011476,-5.009276437847854,-7.246376811594191,False,-6.227106227106227,-3.057119871279157,5.69,-23.75,8112000000.0,100.1729,,,64371000000.0,670.8753,2.121,0,10782921.9787,457909337.4,1.0,1.5,PASS,False,0.2857142857142857,5.69,-23.75,2.125,5.69,ESP-Q,5.3684,0.3805,2.121,0.9434797891036907,87.7931712264151,0.0,0.0,5.1,5.52,0,74.5704467353952,,0.43702290076335876,0,0,5.0,158,-1.4128491359321869,False,-2.103250478011476,,0.015347380877447797,False,False,独立池,5.69,0.0,22.19867588313923,29.310869197246404,0.7,0.0,20.52,Other
002173.SZ,002173,创新医疗,20070925,,主板,L,616078476.3,-7.11164084227256,医疗服务,医药生物,801156.SI,370000,23.16,,,5.9256,6.1624,1022014.5592,974723.4118,735976657.2,False,1,1,False,False,26.09,22.6,0.21431633090440716,-20.150273224043723,-10.38712150249138,False,-7.11164084227256,-3.057119871279157,-68.92,-32.66,-25287432.04,,,,-146670159.07,,-1.4476,1,1022014.5592,735976657.2,1.0,1.5,PASS,False,0.30952380952380953,-68.92,-32.66,12.54,-81.46000000000001,,,5.9256,-1.4476,,76.35799999999999,0.0,0.0,23.16,26.09,10,83.61970217640321,,0.4444444444444444,0,0,5.0,3,-1.9392270491691237,False,0.21431633090440716,,0.050213538717455646,False,False,医疗服务,-81.46000000000001,-0.6875518741867761,22.0,31.985910652920964,1.0,10.0,21.99,Other
002176.SZ,002176,江特电机,20071012,,主板,L,2999530473.85,8.710503842869333,电机,电气设备,801731.SI,630000,12.87,,,7.4287,4.8285,2196041.0227,2192836.3927,1732303936.9999998,True,2,0,False,False,16.97,10.85,-5.353159851301104,33.5781741867786,-24.985268120212133,False,8.710503842869333,-3.057119871279157,79.29,40.35,-11277354.45,,,,-727582891.14,,-6.0748,0,2196041.0227,1732303936.9999998,1.0,1.5,PASS,False,0.9047619047619048,79.29,40.35,-11.325,101.94000000000001,,,7.4287,-6.0748,,169.84244,0.0,0.0,12.87,16.97,0,38.60252004581902,CAT-0,0.7272727272727273,1,1,100.0,4,2.764557896923381,False,-5.353159851301104,,-0.015883372502021296,False,False,电机,101.94000000000001,-0.08409576926748887,32.0,67.9807560137457,0.5,0.0,33.99,Other
002179.SZ,002179,中航光电,20071101,,主板,L,2063706820.65,11.964873765093298,未知,未知,,,41.27,40.4281,45.515,3.5417,1.5801,8738623.5442,8652270.9804,2183354666.0,True,1,1,False,False,42.8,34.2,3.3958438925494105,16.972477064220158,-4.672897196261683,False,11.964873765093298,-3.057119871279157,-38.95,-35.84,383654745.43,96.3251,,,5602594634.2,-464.4844,1.6276,0,8738623.5442,2183354666.0,1.0,1.5,PASS,False,0.2857142857142857,-38.95,-35.84,2.125,-41.075,ESP-Q,40.4281,3.5417,1.6276,,87.7931712264151,0.0,0.0,41.27,42.8,0,88.88888888888889,,0.8606870229007634,1,1,100.0,158,16.779130856267336,True,3.3958438925494105,,-0.0090756910639508,False,False,独立池,-41.075,0.0,21.50896789809936,80.96846024628654,0.7,0.0,56.68,Tier2
002180.SZ,002180,奔图科技,20071113,,主板,L,311446327.3,-5.665566556655676,计算机设备,计算机,801101.SI,710000,17.67,,,2.7534,0.9427,2512460.0569,2403628.009,260698687.59999996,True,0,0,False,False,19.49,17.11,-2.5014212620807386,-21.2218649517685,-12.00615700359159,False,-5.665566556655676,-3.057119871279157,-59.12,-264.47,32733777.35,50.7138,,,-943607243.77,-137.199,0.7103,0,2512460.0569,260698687.59999996,1.0,1.5,PASS,False,0.5476190476190477,-59.12,-264.47,0.49,-59.61,ESP-Q,,2.7534,0.7103,,108.09019285714285,0.0,0.0,17.67,19.49,0,91.29438717067583,,0.4,0,0,5.0,5,-2.6893760804651996,False,-2.5014212620807386,,-0.015480635241203744,False,False,计算机设备,-59.61,-1.0161270889595468,22.0,34.28831615120275,0.7,0.0,24.0,Other
601939.SH,601939,建设银行,20070925,,主板,L,855063345.25,2.0304568527918843,未知,未知,,,10.1,7.7962,7.7291,0.7448,1.2879,264216385.2736,9689594.1821,980452482.4000001,True,0,0,False,False,10.12,9.49,2.3421588594704668,15.783410138248865,-0.6916996047430679,False,2.0304568527918843,-3.057119871279157,3.47,1.03,86161000000.0,99.8493,,,843270000000.0,598.4124,2.3288,0,264216385.2736,980452482.4000001,1.0,1.5,PASS,False,0.2857142857142857,3.47,1.03,2.125,3.47,ESP-Q,7.7962,0.7448,2.3288,2.246743515850144,87.7931712264151,0.0,0.0,10.1,10.12,0,65.2348224513173,,0.7270992366412213,1,1,100.0,158,6.844713943965925,True,2.3421588594704668,,-4.948977022387334e-05,False,False,独立池,3.47,0.0,22.165934479807927,74.00363363135678,0.7,0.0,51.8,Tier2
601808.SH,601808,中海油服,20070928,,主板,L,317749158.55,-9.762532981530347,未知,未知,,,13.71,17.0284,17.1691,1.3769,0.5647,6541852.632,4058801.628,308198355.8,True,0,0,False,False,15.35,13.66,-2.9787234042553234,-21.28883774453394,-10.879478827361567,False,-9.762532981530347,-3.057119871279157,-12.9,20.3,836200000.0,97.7223,,,9830200000.0,-195.1578,1.819,0,6541852.632,308198355.8,1.0,1.5,PASS,False,0.2857142857142857,-12.9,20.3,2.125,-15.025,ESP-Q,17.0284,1.3769,1.819,,87.7931712264151,0.0,0.0,13.71,15.35,0,65.2348224513173,,0.29770992366412213,0,0,5.0,158,-4.948275890356307,False,-2.9787234042553234,,-0.0002949655888326049,False,False,独立池,-15.025,0.0,21.89316319394644,26.44907937418448,0.7,0.0,18.51,Other
002185.SZ,002185,华天科技,20071120,,主板,L,3205532097.35,21.035856573705168,半导体,电子,801081.SI,270000,15.43,70.9479,61.7892,2.8133,10.4786,5040909.5282,5039718.5498,5666069123.599999,False,0,0,False,False,16.78,12.34,6.223776223776212,3.7568306010928865,-9.475566150178793,False,21.035856573705168,-3.057119871279157,113.77,499.77,11409181.13,13.1463,,,314362996.19,433.2181,0.4858,0,5040909.5282,5666069123.599999,1.0,1.5,PASS,False,0.8333333333333334,113.77,499.77,20.14,113.77,ESP-Q,70.9479,2.8133,0.4858,0.6236081568075943,137.7359375,0.0,0.0,15.43,16.78,0,91.29438717067583,CHASE,0.5714285714285714,0,1,40.0,9,2.1500690471409456,False,6.223776223776212,,0.0027470411238816003,True,False,半导体,113.77,-0.0378917439784738,32.0,53.78831615120275,0.7,0.0,37.65,Other
002182.SZ,002182,宝武镁业,20071113,,主板,L,361211022.8,-8.211678832116798,稀有金属,有色金属,801054.SI,240000,15.26,,,2.8657,2.9648,1513473.9099,1320761.1107,375338226.4,False,0,0,False,False,16.85,14.9,-2.8332260141661236,-21.651090342679137,-10.445103857566773,False,-8.211678832116798,-3.057119871279157,-96.15,-138.92,865955.91,17.0159,,,78706637.31,39369.0937,0.0964,0,1513473.9099,375338226.4,1.0,1.5,PASS,False,0.8809523809523809,-96.15,-138.92,52.894999999999996,-149.04500000000002,ESP-Q,,2.8657,0.0964,,107.82666666666667,0.0,0.0,15.26,16.85,0,65.2348224513173,,0.5625,0,0,5.0,5,0.24530562210953732,False,-2.8332260141661236,,-0.015694942809436525,False,False,稀有金属,-149.04500000000002,-1.014836519894953,22.0,26.470446735395193,0.7,0.0,18.53,Other
601088.SH,601088,中国神华,20071009,,主板,L,1539105770.35,-1.565898216615913,未知,未知,,,44.98,18.46,18.9189,1.9478,0.1666,97559075.4994,74176688.7216,1551757472.3999999,True,0,0,False,False,48.7,44.53,-0.9628008752735284,6.444026340545617,-7.063655030800831,False,-1.565898216615913,-3.057119871279157,,-19.2,,,,,111605000000.0,104.3638,2.3971,0,97559075.4994,1551757472.3999999,1.0,1.5,PASS,False,0.2857142857142857,,-19.2,2.125,0.0,DATA-INC,18.46,1.9478,2.3971,,87.7931712264151,0.0,0.0,44.98,48.7,0,65.2348224513173,,0.6164122137404581,0,0,5.0,158,3.2483588745581273,False,-0.9628008752735284,,0.002164724955303034,False,False,独立池,0.0,0.0,22.114757601627915,26.493398255720773,1.0,0.0,26.49,Other
601857.SH,601857,中国石油,20071105,,主板,L,2092916889.7,-1.5693112467306092,未知,未知,,,11.08,12.8916,12.7678,1.2483,0.09,202787243.4223,179409662.2223,1947603693.2,False,0,0,False,False,12.36,11.02,-1.9113814074717683,1.8034265103696878,-8.656957928802589,False,-1.5693112467306092,-3.057119871279157,5.0,-6.7,49579000000.0,102.5801,,,422240000000.0,120.3768,3.0108,0,202787243.4223,1947603693.2,1.0,1.5,PASS,False,0.2857142857142857,5.0,-6.7,2.125,5.0,ESP-Q,12.8916,1.2483,3.0108,2.57832,87.7931712264151,10.0,0.0,11.08,12.36,0,65.2348224513173,,0.6145038167938931,0,0,5.0,158,3.244945844443431,False,-1.9113814074717683,,0.004759926139840956,False,False,独立池,5.0,0.0,22.188499501022747,26.50814663559974,0.7,0.0,28.56,Other
002196.SZ,002196,方正电机,20071212,,主板,L,814539212.65,13.517241379310342,电机,电气设备,801731.SI,630000,16.74,395.0973,174.1153,5.8213,18.9895,830089.6108,817599.0213,1879753969.4000003,True,1,1,False,False,17.77,13.45,7.161458333333348,-6.742209631728036,-7.371975239167128,False,13.517241379310342,-3.057119871279157,155.12,158.54,9398410.83,80.8244,,,27561899.47,329.3512,0.8184,0,830089.6108,1879753969.4000003,1.0,1.5,PASS,False,0.9047619047619048,155.12,158.54,-11.325,177.76999999999998,,395.0973,5.8213,0.8184,2.5470429345023207,169.84244,0.0,10.0,16.74,17.77,0,87.0561282932417,,0.9090909090909091,1,1,100.0,4,7.57129543336439,True,7.161458333333348,,-0.013463691657497497,False,False,电机,177.76999999999998,0.23563259290617272,50.0,86.1168384879725,1.0,10.0,76.12,Tier1
002208.SZ,002208,合肥城建,20080128,,主板,L,1346020273.1500003,83.38582677165354,房地产开发,房地产,801181.SI,430000,21.67,,,2.9391,21.6429,1740733.5343,1740257.6026,3164831936.2,False,5,5,False,True,26.36,12.2,12.186897880539483,40.980629539951565,-11.6464339908953,False,83.38582677165354,-3.057119871279157,-762.92,-458.82,-30268415.07,,,,-641031737.0400001,-41.6704,-0.4194,0,1740733.5343,3164831936.2,1.0,1.5,PASS,False,0.6666666666666666,-762.92,-458.82,-25.055,-381.46,ESP-Q,,2.9391,-0.4194,,71.32621,0.0,0.0,21.67,26.36,0,89.8052691867125,CHASE,1.0,1,1,75.0,8,84.7930350440702,True,12.186897880539483,突破型|OVERHEAT,-0.034469624007549764,True,True,房地产开发,-381.46,-2.0620244945684205,12.0,66.84158075601374,0.7,0.0,46.79,Other
002190.SZ,002190,成飞集成,20071203,,主板,L,270617223.40000004,-6.60377358490567,汽车零部件,汽车,801093.SI,280000,30.24,,,2.4949,1.4493,1084797.5332,1084797.5332,327530444.59999996,True,1,1,False,False,36.38,28.8,-6.486146095717893,-18.83028149767697,-18.361737218251793,False,-6.60377358490567,-3.057119871279157,-19907.48,26.33,-22312606.52,,,,-122524052.57,,-0.5009,0,1084797.5332,327530444.59999996,1.0,1.5,PASS,False,0.47619047619047616,-19907.48,26.33,-7.74,-9953.74,,,2.4949,-0.5009,,70.26558985507246,0.0,0.0,30.24,36.38,0,79.15234822451318,,0.2702702702702703,0,0,5.0,23,-8.471117347644075,False,-6.486146095717893,,-0.026219442966433967,False,False,汽车零部件,-1499.4703,-5.602525007200784,5.0,27.245704467353953,1.0,0.0,27.25,Other
601390.SH,601390,中国中铁,20071203,,主板,L,715843969.85,-10.188679245283016,基础建设,建筑装饰,801723.SI,620000,4.73,5.1008,5.5012,0.3632,0.7007,11676582.9724,9686487.5024,667335688.4,False,0,0,False,False,5.32,4.75,-4.800000000000004,-21.322314049586776,-10.526315789473696,False,-10.188679245283016,-3.057119871279157,-29.91,-27.38,3892255000.0,89.2941,,,47026049000.0,-1329.7305,1.1696,0,11676582.9724,667335688.4,1.0,1.5,PASS,False,0.047619047619047616,-29.91,-27.38,-15.53,-14.955,ESP-Q,5.1008,0.3632,1.1696,,59.53485,0.0,0.0,4.73,5.32,0,67.23940435280642,,0.4117647058823529,0,0,5.0,6,-3.3671988388969556,False,-4.800000000000004,,0.004744594577579648,False,False,基础建设,-14.955,-0.41946086506394714,32.0,29.071821305841922,0.7,0.0,20.35,Other
601918.SH,601918,新集能源,20071219,,主板,L,520279508.34999996,13.0718954248366,未知,未知,,,8.63,10.466,10.3864,1.28,1.2496,2235637.5734,2235637.5734,488767252.8,True,0,0,False,False,9.3,7.45,-2.149321266968318,14.87383798140771,-6.989247311827961,False,13.0718954248366,-3.057119871279157,2.38,-10.37,550455525.11,100.41,,,5107928444.940001,90.9822,3.1847,0,2235637.5734,488767252.8,1.0,1.5,PASS,False,0.2857142857142857,2.38,-10.37,2.125,0.2549999999999999,,10.466,1.28,3.1847,4.397478991596638,87.7931712264151,10.0,0.0,8.63,9.3,0,65.2348224513173,,0.8702290076335878,1,1,100.0,158,17.88615251601064,True,-2.149321266968318,,-0.014226669500230767,False,False,独立池,0.2549999999999999,0.0,22.118518438497052,73.9941504230946,1.0,0.0,83.99,Tier2
002201.SZ,002201,九鼎新材,20071226,,主板,L,1158304520.8,-16.79827709978464,玻璃制造,建筑材料,801712.SI,610000,12.15,87.4254,88.1854,6.6816,6.0591,791738.0328,731458.1273,461296585.8,False,2,0,False,False,16.85,11.53,-9.240407204385281,-15.277777777777779,-31.216617210682497,False,-16.79827709978464,-3.057119871279157,-6.06,98.1,12466284.01,79.6268,,,202416567.32,487.5114,1.33,0,791738.0328,461296585.8,1.0,1.5,PASS,False,0.6428571428571429,-6.06,98.1,-13.165,-3.03,ESP-Q,87.4254,6.6816,1.33,,140.98974,0.0,0.0,12.15,16.85,0,79.95418098510882,,0.16666666666666666,0,0,0.0,2,-16.30015679903276,False,-9.240407204385281,TIER2_FORCED,-0.026618108504637125,False,False,玻璃制造,-3.03,0.635453865563439,50.0,33.986254295532646,0.7,0.0,23.79,Tier2
002203.SZ,002203,海亮股份,20080116,,主板,L,1181096650.15,12.930547713156404,工业金属,有色金属,801055.SI,240000,21.42,52.0477,47.4632,2.8777,2.2995,4908939.7969,4738406.5982,1028068560.6000001,True,1,0,False,False,23.28,16.8,-5.615856536101937,39.56734124214933,-14.089347079037806,False,12.930547713156404,-3.057119871279157,-7.37,39.05,269586217.66,61.8345,,,2947492457.05,-652.1145,2.5741,0,4908939.7969,1028068560.6000001,1.0,1.5,PASS,False,0.14285714285714285,-7.37,39.05,60.27,-67.64,ESP-Q,52.0477,2.8777,2.5741,,36.771677777777775,0.0,0.0,21.42,23.28,0,62.42840778923253,,0.8928571428571429,1,1,100.0,9,19.08862031261996,True,-5.615856536101937,,0.0072967126460526,False,False,工业金属,-67.64,-0.7765990872071654,22.0,73.12852233676975,0.7,0.0,51.19,Tier2
002202.SZ,002202,金风科技,20071226,,主板,L,5226524826.950001,-5.357826253348641,未知,未知,,,25.2,38.3655,34.1886,2.6767,3.4835,10643947.3904,8476032.8041,3647765800.1999993,True,0,0,False,False,28.99,24.61,-1.434834595456358,-5.176380368098155,-14.694722318040698,False,-5.357826253348641,-3.057119871279157,65.54,47.03,918870528.82,101.2874,,,7319207563.530001,-121.4813,2.0584,1,10643947.3904,3647765800.1999993,1.0,1.5,PASS,False,0.2857142857142857,65.54,47.03,2.125,65.54,ESP-Q,38.3655,2.6767,2.0584,0.5853753433018003,87.7931712264151,0.0,0.0,25.2,28.99,10,69.0721649484536,,0.4770992366412214,0,0,5.0,158,-0.5435691621746006,False,-1.434834595456358,,-0.018055797205482074,False,False,独立池,65.54,0.0,23.081366418895378,27.837922768315156,0.7,10.0,9.49,Other
601866.SH,601866,中远海发,20071212,,主板,L,234086614.19999996,-4.395604395604402,未知,未知,,,2.61,21.4029,22.3369,1.1067,0.8224,3444588.169,2545267.777,255002912.0,False,0,0,False,False,2.76,2.57,-0.3816793893129833,-4.395604395604402,-5.434782608695654,False,-4.395604395604402,-3.057119871279157,-14.68,10.76,403218045.1,97.5937,,,4280819479.0199995,110.215,1.3346,0,3444588.169,255002912.0,1.0,1.5,PASS,False,0.2857142857142857,-14.68,10.76,2.125,-16.805,,21.4029,1.1067,1.3346,,87.7931712264151,0.0,0.0,2.61,2.76,0,83.8487972508591,,0.5209923664122137,0,0,5.0,158,0.41865269556963813,False,-0.3816793893129833,,0.0071251010598666,False,False,独立池,-16.805,0.0,21.866911077761877,32.02802139081011,1.0,0.0,32.03,Other
002204.SZ,002204,大连重工,20080116,,主板,L,182754133.85000002,-11.594202898550732,专用设备,机械设备,801074.SI,640000,6.15,20.371,19.4054,1.4768,0.9902,1187792.5697,1187792.5697,134693700.39999998,False,0,0,False,False,6.98,6.1,-3.3280507131537185,-17.78975741239892,-12.607449856733533,False,-11.594202898550732,-3.057119871279157,11.91,20.28,179915673.61,86.3092,,,1228152902.4,216.9781,2.6271,0,1187792.5697,134693700.39999998,1.0,1.5,PASS,False,0.5714285714285714,11.91,20.28,-11.475,34.86,,20.371,1.4768,2.6271,1.7104114189756505,213.18103214285716,10.0,0.0,6.15,6.98,0,69.0721649484536,,0.25,0,0,5.0,10,-7.212086577536675,False,-3.3280507131537185,,-0.037692858224656484,False,False,专用设备,34.86,0.2518244875421249,50.0,33.22164948453608,1.0,0.0,43.22,Other
002210.SZ,002210,飞马国际,20080130,,主板,L,524627524.6499999,5.0193050193050315,未知,未知,,,2.78,479.9065,266.2452,7.8932,2.6915,739822.7112,738164.462,294311683.8,False,4,0,False,False,3.43,2.47,-10.819672131147529,-15.78947368421052,-20.699708454810494,False,5.0193050193050315,-3.057119871279157,1471.46,262.49,11460245.32,98.7693,,,42541930.02,113.1567,1.2456,0,739822.7112,294311683.8,1.0,1.5,PASS,False,0.2857142857142857,1471.46,262.49,2.125,1471.46,,479.9065,7.8932,1.2456,0.32614308238076467,87.7931712264151,0.0,0.0,2.78,3.43,0,50.63001145475372,,0.7786259541984732,1,1,75.0,158,9.833562110479072,True,-10.819672131147529,,-0.07049968848059224,False,False,独立池,1471.46,0.0,43.81640865833201,61.452285168092516,1.0,0.0,61.45,Tier2
002213.SZ,002213,大为股份,20080201,,主板,L,1291818755.85,5.942509673852947,半导体,电子,801081.SI,270000,38.98,,4887.5722,16.7776,9.4315,925716.2182,805467.1631,1004250679.4,True,0,0,False,False,46.3,33.63,-5.684055118110242,40.919117647058826,-17.213822894168462,False,5.942509673852947,-3.057119871279157,851.58,83.09,18107567.84,115.8802,,,-6195649.210000001,-1513.7572,2.8507,0,925716.2182,1004250679.4,1.0,1.5,PASS,False,0.8333333333333334,851.58,83.09,20.14,851.58,ESP-Q,,16.7776,2.8507,,137.7359375,0.0,0.0,38.98,46.3,0,91.29438717067583,,0.17857142857142858,0,1,55.0,9,-12.943277852711276,False,-5.684055118110242,,0.002614182478212119,False,False,半导体,851.58,1.6628230504189503,68.0,68.48831615120275,0.7,0.0,47.94,Other
601099.SH,601099,太平洋,20071228,,主板,L,410522790.65,-6.349206349206349,证券,非银金融,801193.SI,490000,3.5,113.3151,142.8768,2.4015,1.8133,2385710.7295,2385710.7295,427404339.8,False,0,0,False,False,3.83,3.53,-1.1173184357541888,-14.077669902912627,-7.571801566579639,False,-6.349206349206349,-3.057119871279157,-66.46,0.2,22715773.43,93.1683,,,600161895.9200001,2097.178,0.2457,0,2385710.7295,427404339.8,1.0,1.5,PASS,False,0.07142857142857142,-66.46,0.2,30.57,-97.03,,113.3151,2.4015,0.2457,,30.16254222222222,0.0,0.0,3.5,3.83,0,74.5704467353952,,0.13333333333333333,0,0,5.0,14,-4.03213317847465,False,-1.1173184357541888,,-0.0014770832668017134,False,False,证券,-97.03,-1.4078950728896473,22.0,29.27113402061856,1.0,0.0,29.27,Other
002212.SZ,002212,天融信,20080201,,主板,L,254327103.25000006,-5.533596837944666,未知,未知,,,7.26,115.367,204.5186,0.8985,2.1688,856283.5162,847128.6954,205290523.8,False,0,0,False,False,7.98,7.15,-1.375515818431905,-17.77522935779817,-10.150375939849631,False,-5.533596837944666,-3.057119871279157,-44.6,-40.76,-109601720.08,,,,-406276505.85,,-1.0519,0,856283.5162,205290523.8,1.0,1.5,PASS,False,0.2857142857142857,-44.6,-40.76,2.125,-46.725,,115.367,0.8985,-1.0519,,87.7931712264151,0.0,0.0,7.26,7.98,0,88.88888888888889,,0.46946564885496184,0,0,5.0,158,-0.7193397467706255,False,-1.375515818431905,,-0.00950474234597347,False,False,独立池,-46.725,0.0,21.425639551783203,33.45179457702331,1.0,0.0,33.45,Other
601899.SH,601899,紫金矿业,20080425,,主板,L,10341286278.199999,-15.900168255748737,工业金属,有色金属,801055.SI,240000,30.96,15.8998,13.3449,4.1731,1.3014,82324852.4697,63783151.5614,9511927427.000002,False,0,0,False,False,35.86,29.92,-5.810301507537696,-23.728382502543244,-16.369213608477416,False,-15.900168255748737,-3.057119871279157,86.81,60.05,18458909011.0,91.9296,,,124933044160.0,87.7861,10.4049,0,82324852.4697,9511927427.000002,1.0,1.5,PASS,False,0.14285714285714285,86.81,60.05,60.27,26.54,,15.8998,4.1731,10.4049,0.1831563183964981,36.771677777777775,10.0,0.0,30.96,35.86,0,17.525773195876287,CAT-0,0.14285714285714285,0,0,5.0,9,-9.742095656285183,False,-5.810301507537696,,-0.012957800627089268,False,False,工业金属,26.54,-0.34342316603512674,32.0,14.157731958762886,0.5,0.0,17.08,Other
002226.SZ,002226,江南化工,20080506,,主板,L,233214465.79999998,2.8268551236749095,化学制品,化工,801034.SI,220000,5.91,20.6655,20.9855,1.6139,3.0429,1565513.4073,1565510.5882,600401235.0000001,True,1,1,False,False,6.63,5.32,2.284710017574687,-5.977382875605819,-12.217194570135737,False,2.8268551236749095,-3.057119871279157,-42.26,-13.82,77618410.06,57.7657,,,1828206556.58,-39.9618,1.3948,0,1565513.4073,600401235.0000001,1.0,1.5,PASS,False,0.2619047619047619,-42.26,-13.82,5.17,-47.43,ESP-Q,20.6655,1.6139,1.3948,,72.11200512820513,0.0,0.0,5.91,6.63,0,73.8831615120275,,0.6122448979591837,0,1,55.0,15,4.096248635663624,False,2.284710017574687,,0.033051881011530095,False,False,化学制品,-47.43,-0.12880939958027066,32.0,56.06494845360825,0.7,0.0,39.25,Other
601898.SH,601898,中煤能源,20080201,,主板,L,734928308.5500001,-1.86859553948161,未知,未知,,,15.58,11.5508,11.6377,1.2595,0.5148,20656997.5772,14258816.6232,725258163.0,True,0,0,False,False,19.02,15.9,-3.1528851873884434,8.60573715810542,-14.40588853838064,False,-1.86859553948161,-3.057119871279157,-2.4,-7.3,3847661000.0,100.0861,,,41607274000.0,100.9183,2.372,0,20656997.5772,725258163.0,1.0,1.5,PASS,False,0.2857142857142857,-2.4,-7.3,2.125,-4.525,,11.5508,1.2595,2.372,,87.7931712264151,0.0,0.0,15.58,19.02,0,65.2348224513173,,0.6049618320610687,0,0,5.0,158,2.9456615516924303,False,-3.1528851873884434,,-0.0004802369148764034,False,False,独立池,-4.525,0.0,22.048021182675587,26.480050971930307,1.0,0.0,26.48,Other
002221.SZ,002221,东华能源,20080306,,主板,L,179083177.3,-10.256410256410254,未知,未知,,,7.15,,,1.1293,1.5896,1126931.3534,1044536.2513,183021890.2,True,0,0,False,False,8.4,7.32,-8.354114713216953,-14.035087719298255,-12.50000000000001,False,-10.256410256410254,-3.057119871279157,43.22,-85.52,44751108.28,27.8313,,,142936138.8,-407.9256,1.6163,0,1126931.3534,183021890.2,1.0,1.5,PASS,False,0.2857142857142857,43.22,-85.52,2.125,43.22,ESP-Q,,1.1293,1.6163,,87.7931712264151,0.0,0.0,7.15,8.4,0,62.42840778923253,,0.2729007633587786,0,0,5.0,158,-5.442153165236213,False,-8.354114713216953,,-0.04019945839533331,False,False,独立池,43.22,0.0,22.752182579996845,25.778958852769126,0.7,0.0,18.05,Other
002219.SZ,002219,新里程,20080306,,主板,L,213389163.55,-5.172413793103436,医疗服务,医药生物,801156.SI,370000,2.19,244.312,293.5111,3.6646,1.7629,755970.8639,716539.841,146183514.99999997,True,0,0,False,False,2.54,2.18,-3.083700440528625,-10.93117408906883,-13.38582677165354,False,-5.172413793103436,-3.057119871279157,-17.06,-65.64,21993913.54,107.4701,,,36310184.82,-40.6822,1.0425,0,755970.8639,146183514.99999997,1.0,1.5,PASS,False,0.30952380952380953,-17.06,-65.64,12.54,-29.599999999999998,ESP-Q,244.312,3.6646,1.0425,,76.35799999999999,0.0,0.0,2.19,2.54,0,83.61970217640321,,0.5555555555555556,0,0,5.0,3,0.0,False,-3.083700440528625,,-0.04342220875727812,False,False,医疗服务,-29.599999999999998,-0.4886600616090335,32.0,33.985910652920964,0.7,0.0,23.79,Other
601186.SH,601186,中国铁建,20080310,,主板,L,367616435.15,-6.82148040638606,基础建设,建筑装饰,801723.SI,620000,6.37,4.7107,4.9137,0.3112,0.471,8650167.9355,7327567.3835,373822657.2,True,0,0,False,False,6.92,6.42,-2.5796661608497695,-12.534059945504083,-7.22543352601156,False,-6.82148040638606,-3.057119871279157,-15.31,-24.98,4213557000.0,95.9286,,,43959494000.0,-1060.142,1.2735,0,8650167.9355,373822657.2,1.0,1.5,PASS,False,0.047619047619047616,-15.31,-24.98,-15.53,-7.655,ESP-Q,4.7107,0.3112,1.2735,,59.53485,0.0,0.0,6.37,6.92,0,98.3963344788087,,0.5294117647058824,0,0,5.0,6,0.0,False,-2.5796661608497695,,0.0006643063626107353,False,False,基础建设,-7.655,-0.3845478025889358,32.0,38.418900343642605,0.7,0.0,26.89,Other
002225.SZ,002225,濮耐股份,20080425,,主板,L,236920007.24999997,-34.1421143847487,其他建材,建筑材料,801713.SI,610000,3.98,53.2832,91.1402,1.1172,5.0726,461377.1805,377551.5926,179657517.19999996,False,0,0,False,False,5.83,3.78,-12.844036697247718,-41.80704441041348,-34.81989708404804,False,-34.1421143847487,-3.057119871279157,-66.15,-5.75,15406676.99,81.4995,,,214268906.22,-388.305,0.4585,0,461377.1805,179657517.19999996,1.0,1.5,PASS,False,0.16666666666666666,-66.15,-5.75,-12.22,-33.075,ESP-Q,53.2832,1.1172,0.4585,,34.4639,0.0,0.0,3.98,5.83,0,82.7033218785796,,0.14285714285714285,0,0,5.0,3,-42.727695012156516,False,-12.844036697247718,,-0.08866771729974912,False,False,其他建材,-33.075,-0.7154220147809103,22.0,31.71099656357388,0.7,0.0,22.2,Other
002244.SZ,002244,滨江集团,20080529,,主板,L,440406145.0,-0.5882352941176339,房地产开发,房地产,801181.SI,430000,10.11,14.8639,16.1217,1.0388,1.1496,3145669.7728,2787882.3827,406493305.8,False,0,0,False,False,12.04,9.09,-5.674418604651155,-11.90269331016507,-15.780730897009953,False,-0.5882352941176339,-3.057119871279157,-18.03,-14.46,786501755.2,97.0028,,,7092237758.45,-122.8064,2.7137,0,3145669.7728,406493305.8,1.0,1.5,PASS,False,0.6666666666666666,-18.03,-14.46,-25.055,-9.015,ESP-Q,14.8639,1.0388,2.7137,,71.32621,10.0,0.0,10.11,12.04,0,65.2348224513173,,0.5769230769230769,0,1,40.0,8,0.8189729782990263,False,-5.674418604651155,,0.016090905425597143,False,False,房地产开发,-9.015,-0.09666030033288042,32.0,45.97044673539519,0.7,0.0,42.18,Other
002230.SZ,002230,科大讯飞,20080512,,主板,L,2426349076.7999997,-3.2390323903239038,未知,未知,,,47.35,135.5012,131.8068,4.9812,1.8843,11373848.0471,10366300.9345,2562078348.6000004,True,0,0,False,False,50.88,46.86,0.12728044123886395,-17.424772568229518,-7.232704402515722,False,-3.2390323903239038,-3.057119871279157,-88.58,40.47,-429594090.14,,,,-867417803.04,,-0.9017,0,11373848.0471,2562078348.6000004,1.0,1.5,PASS,False,0.2857142857142857,-88.58,40.47,2.125,-90.705,,135.5012,4.9812,-0.9017,,87.7931712264151,0.0,0.0,47.35,50.88,0,88.88888888888889,,0.5610687022900763,0,0,5.0,158,1.5752247008501365,False,0.12728044123886395,,-0.010365985721509907,False,False,独立池,-90.705,0.0,20.777005804706253,33.32206782760792,1.0,0.0,33.32,Other
002249.SZ,002249,大洋电机,20080619,,主板,L,550034950.4499999,4.453870625662781,电机,电气设备,801731.SI,630000,9.84,22.4094,22.1127,2.5104,3.868,2426301.6546,1832144.5192,917637584.4000001,True,0,0,False,False,10.25,8.82,-0.6054490413723523,-8.542246982358403,-3.9024390243902474,False,4.453870625662781,-3.057119871279157,5.3,13.19,295280159.39,98.764,,,2492848894.62,32.5581,2.9878,0,2426301.6546,917637584.4000001,1.0,1.5,PASS,False,0.9047619047619048,5.3,13.19,-11.325,2.65,,22.4094,2.5104,2.9878,4.228188679245283,169.84244,10.0,0.0,9.84,10.25,0,65.2348224513173,,0.45454545454545453,0,1,55.0,4,-1.4920753202831705,False,-0.6054490413723523,,0.010628111992475889,False,False,电机,2.65,-0.502740488774582,22.0,51.47044673539519,1.0,0.0,61.47,Tier1
002246.SZ,002246,北化股份,20080605,,主板,L,673938032.1499999,-14.79111780203236,化学制品,化工,801034.SI,220000,23.2,48.4277,41.6485,4.0716,4.9656,1273760.7221,1273760.7221,887947653.1999999,False,1,1,False,False,27.68,21.92,1.20697362539115,7.912297426120118,-18.20809248554913,False,-14.79111780203236,-3.057119871279157,199.53,386.03,71027968.24,98.2132,,,548975188.49,-131.9832,2.3392,0,1273760.7221,887947653.1999999,1.0,1.5,PASS,False,0.2619047619047619,199.53,386.03,5.17,199.53,ESP-Q,48.4277,4.0716,2.3392,0.24270886583471157,72.11200512820513,0.0,0.0,23.2,27.68,0,80.29782359679267,,0.16326530612244897,0,0,5.0,15,-13.521724290043647,False,1.20697362539115,,0.00011125581804612939,False,False,化学制品,199.53,0.4280396150291338,50.0,36.5893470790378,0.7,0.0,25.61,Other
002243.SZ,002243,力合科创,20080528,,主板,L,154244968.8,-4.231625835189323,未知,未知,,,8.81,60.3093,60.5768,1.4624,1.7294,1066542.3169,1060849.3575,194722143.4,True,0,0,False,False,9.28,8.37,-3.6954087346024678,-22.80071813285458,-7.3275862068965525,False,-4.231625835189323,-3.057119871279157,6.68,-187.11,-25433389.98,,,,-161581592.1,,-0.2941,0,1066542.3169,194722143.4,1.0,1.5,PASS,False,0.2857142857142857,6.68,-187.11,2.125,6.68,ESP-Q,60.3093,1.4624,-0.2941,9.028338323353294,87.7931712264151,0.0,0.0,8.81,9.28,0,70.67583046964491,,0.5324427480916031,0,0,5.0,158,0.5826312559847171,False,-3.6954087346024678,,-0.016796489833992626,False,False,独立池,6.68,0.0,22.21327677921941,28.145404496737353,0.7,0.0,19.7,Other
002236.SZ,002236,大华股份,20080520,,主板,L,778678223.6499999,-5.129589632829368,计算机设备,计算机,801101.SI,710000,17.86,15.1348,14.9623,1.5319,1.3872,5838902.0642,4270552.7595,721644573.6,False,0,0,False,False,18.86,17.4,0.40000000000000036,-7.962283918281821,-6.839872746553544,False,-5.129589632829368,-3.057119871279157,16.93,16.28,588773138.13,84.378,,,7670732067.6,-104.9348,1.8318,0,5838902.0642,721644573.6,1.0,1.5,PASS,False,0.5476190476190477,16.93,16.28,0.49,16.93,ESP-Q,15.1348,1.5319,1.8318,0.8939633786178381,108.09019285714285,0.0,0.0,17.86,18.86,0,92.43986254295532,,0.4666666666666667,0,0,5.0,5,-2.153399156638891,False,0.40000000000000036,,-0.0013376851768231012,False,False,计算机设备,16.93,0.14032047233696546,50.0,40.23195876288659,0.7,0.0,28.16,Other
002265.SZ,002265,建设工业,20080806,,主板,L,283540109.5,-1.7497812773403232,汽车零部件,汽车,801093.SI,280000,22.23,98.686,98.654,5.889,0.7943,2296448.8248,2296448.8248,225972825.79999998,True,0,0,False,False,26.3,21.88,-2.8126352228472484,-10.375099760574614,-14.600760456273765,False,-1.7497812773403232,-3.057119871279157,-7.8,10.23,25154965.94,72.9408,,,264004386.97,-426.6085,0.8885,0,2296448.8248,225972825.79999998,1.0,1.5,PASS,False,0.47619047619047616,-7.8,10.23,-7.74,-3.9,ESP-Q,98.686,5.889,0.8885,,70.26558985507246,0.0,0.0,22.23,26.3,0,57.61741122565864,,0.3918918918918919,0,0,5.0,23,-3.617125040078728,False,-2.8126352228472484,,-0.018518992215228614,False,False,汽车零部件,-3.9,0.03159611511229592,50.0,29.785223367697593,0.7,0.0,20.85,Other
002240.SZ,002240,盛新锂能,20080523,,主板,L,3267067593.15,1.093911248709989,未知,未知,,,49.11,,,4.1879,4.7627,4495008.2054,4483294.7337,2911243204.7999997,True,2,0,False,False,63.13,45.4,-4.073638856247563,16.674606955693182,-22.414066212577232,False,1.093911248709989,-3.057119871279157,409.93,9.48,622318509.18,134.1101,,,-1919767815.0700002,-108.4561,4.423,1,4495008.2054,2911243204.7999997,1.0,1.5,PASS,False,0.2857142857142857,409.93,9.48,2.125,409.93,ESP-Q,,4.1879,4.423,,87.7931712264151,0.0,0.0,49.11,63.13,10,65.2348224513173,,0.7137404580152672,1,1,100.0,158,5.908168339884029,True,-4.073638856247563,,-0.017946620037035472,False,False,独立池,409.93,0.0,28.160560965412664,75.20255892847773,0.7,10.0,42.64,Other
002239.SZ,002239,奥特佳,20080522,,主板,L,186000936.95,-10.163934426229492,汽车零部件,汽车,801093.SI,280000,2.7,48.6834,50.0314,1.5144,2.1586,949063.2068,724238.7201,157219838.00000003,False,0,0,False,False,3.07,2.73,-2.8368794326240954,-15.432098765432102,-10.749185667752437,False,-10.163934426229492,-3.057119871279157,-18.02,49.44,36130379.7,87.1822,,,387990349.88,266.0429,0.7207,0,949063.2068,157219838.00000003,1.0,1.5,PASS,False,0.47619047619047616,-18.02,49.44,-7.74,-9.01,,48.6834,1.5144,0.7207,,70.26558985507246,0.0,0.0,2.7,3.07,0,94.04352806414661,,0.14864864864864866,0,0,5.0,23,-12.031278188967896,False,-2.8368794326240954,,-0.016751565100192548,False,False,汽车零部件,-9.01,0.01234569342698976,50.0,40.71305841924398,1.0,0.0,40.71,Other
002242.SZ,002242,九阳股份,20080528,,主板,L,293821874.45,-7.577174929840957,未知,未知,,,9.6,62.2629,73.9853,2.1742,1.7151,732496.32,731218.296,141278718.99999997,True,1,0,False,False,12.55,9.86,-7.317073170731703,-6.261859582542684,-21.27490039840637,False,-7.577174929840957,-3.057119871279157,-23.87,78.41,81085913.91,97.8729,,,672145963.74,-140.4694,2.3956,0,732496.32,141278718.99999997,1.0,1.5,PASS,False,0.2857142857142857,-23.87,78.41,2.125,-25.995,ESP-Q,62.2629,2.1742,2.3956,,87.7931712264151,0.0,0.0,9.6,12.55,0,65.2348224513173,,0.38549618320610685,0,0,5.0,158,-2.762917838666917,False,-7.317073170731703,,-0.04575331665055516,False,False,独立池,-25.995,0.0,21.731373466674178,26.41672142873003,0.7,0.0,18.49,Other
002245.SZ,002245,蔚蓝锂芯,20080605,,主板,L,2114786317.2499998,-8.07730426164519,未知,未知,,,20.41,49.0465,45.579,4.5148,10.4325,3485292.4114,3279070.104,3103430746.8,True,1,0,False,False,28.5,18.37,-28.40602084137398,9.053497942386834,-34.91228070175438,False,-8.07730426164519,-3.057119871279157,32.35,68.4,195249411.49,99.7238,,,1813854231.3200002,74.1103,2.53,0,3485292.4114,3103430746.8,1.0,1.5,PASS,False,0.2857142857142857,32.35,68.4,2.125,32.35,,49.0465,4.5148,2.53,1.5161205564142195,87.7931712264151,0.0,0.0,20.41,28.5,0,91.98167239404353,,0.37213740458015265,0,0,5.0,158,-3.2630471704711503,False,-28.40602084137398,,0.0007977462334081797,False,False,独立池,32.35,0.0,22.591867690712476,34.61287525635555,1.0,0.0,34.61,Other
002241.SZ,002241,歌尔股份,20080522,,主板,L,2697194150.9500003,1.505901505901508,电子制造,电子,801085.SI,270000,25.56,23.0306,22.8328,2.4273,4.1015,9074780.9315,8034034.3417,3178793373.7999997,True,0,0,False,False,26.24,23.82,-1.5396762731938352,-6.591760299625459,-4.954268292682917,False,1.505901505901508,-3.057119871279157,19.57,-38.17,349464356.39,69.4762,,,4929701920.46,-100.9051,1.3635,0,9074780.9315,3178793373.7999997,1.0,1.5,PASS,False,0.40476190476190477,19.57,-38.17,-24.075000000000003,9.785,ESP-Q,23.0306,2.4273,1.3635,1.1768318855390905,87.6280681818182,0.0,0.0,25.56,26.24,0,65.2348224513173,,0.4230769230769231,0,1,55.0,8,-3.122567259653497,False,-1.5396762731938352,,-0.006152874146220386,False,False,电子制造,9.785,-0.2744853158209481,32.0,53.47044673539519,0.7,0.0,37.43,Other
002248.SZ,002248,华东数控,20080612,,主板,L,223544488.40000007,-1.85483870967742,通用机械,机械设备,801072.SI,640000,12.53,114.1571,113.6021,33.5858,3.7902,385291.9868,385291.9868,173259657.59999996,True,0,0,False,False,14.05,11.75,-9.111277072442125,-13.932107496463942,-13.38078291814947,False,-1.85483870967742,-3.057119871279157,-1.94,560.28,7295860.89,89.7607,,,69965809.27,-100.1943,7.357,0,385291.9868,173259657.59999996,1.0,1.5,PASS,False,0.5952380952380952,-1.94,560.28,-0.595,-0.97,ESP-Q,114.1571,33.5858,7.357,,108.90780749999999,0.0,0.0,12.53,14.05,0,42.61168384879725,,0.3877551020408163,0,0,5.0,15,-3.955295330681996,False,-9.111277072442125,,-0.04288449300835969,False,False,通用机械,-0.97,0.1459694427337501,50.0,25.283505154639172,0.7,0.0,17.7,Other
002263.SZ,002263,大东南,20080728,,主板,L,747119393.1000001,-26.095617529880478,塑料,化工,801036.SI,220000,3.86,392.712,400.0411,2.6101,5.0111,725046.9986,725041.2086,313338637.6,False,0,0,False,False,5.15,3.69,-5.837563451776651,6.30372492836675,-27.96116504854369,False,-26.095617529880478,-3.057119871279157,-95.29,0.7,116606.33,2.6989,,,25109123.55,-319.1824,0.1557,0,725046.9986,313338637.6,1.0,1.5,PASS,False,0.7619047619047619,-95.29,0.7,-1.1600000000000001,-47.645,ESP-Q,392.712,2.6101,0.1557,,196.25642,0.0,0.0,3.86,5.15,0,72.85223367697594,,0.058823529411764705,0,0,5.0,6,-30.2357449184155,False,-5.837563451776651,,-0.036531303375523384,False,False,塑料,-47.645,-0.7409590279758814,22.0,28.755670103092783,0.7,0.0,20.13,Other
002274.SZ,002274,华昌化工,20080925,,主板,L,179613608.55,-2.9126213592232997,化学原料,化工,801033.SI,220000,6.1,,,1.1008,2.2267,580942.4341,572087.9693,182431443.4,False,0,0,False,False,7.06,5.99,-4.610492845786962,-6.687402799377917,-15.014164305949008,False,-2.9126213592232997,-3.057119871279157,85.37,-144.79,40147832.81,82.9083,,,-193954230.28,41.1712,0.9218,0,580942.4341,182431443.4,1.0,1.5,PASS,False,0.7142857142857143,85.37,-144.79,6.035,85.37,ESP-Q,,1.1008,0.9218,,92.88029999999999,0.0,0.0,6.1,7.06,0,65.2348224513173,,0.7037037037037037,1,0,40.0,9,3.822292433880148,False,-4.610492845786962,,0.017255855824097794,False,False,化学原料,85.37,0.31976138824709954,50.0,49.570446735395194,0.7,0.0,34.7,Other
002251.SZ,002251,步步高,20080619,,主板,L,234843969.95,-13.882352941176467,一般零售,商业贸易,801203.SI,450000,3.7,88.1814,90.2573,1.171,2.2722,994818.8849,796414.684,201322721.19999996,False,0,0,False,False,4.34,3.65,-3.6842105263157787,-26.060606060606062,-15.668202764976957,False,-13.882352941176467,-3.057119871279157,100.38,83.34,85099963.05,73.0791,,,-93986965.65,254.3571,1.3814,0,994818.8849,201322721.19999996,1.0,1.5,PASS,False,0.5,100.38,83.34,-2.72,105.82,ESP-Q,88.1814,1.171,1.3814,0.8784757919904363,294.39719,0.0,0.0,3.7,4.34,0,98.73997709049256,,0.35294117647058826,0,0,5.0,6,-3.966386554621847,False,-3.6842105263157787,,-0.027315048752707075,False,False,一般零售,105.82,1.8757472037891816,68.0,45.72199312714777,0.7,0.0,32.01,Other
002256.SZ,002256,兆新股份,20080625,,主板,L,998667614.9000001,9.512195121951228,电力,公用事业,801161.SI,410000,4.58,219.4651,183.4923,7.1669,4.0812,934652.5653,922570.8921,643720888.5999999,False,2,1,False,False,5.75,4.01,-7.422680412371118,20.6989247311828,-21.913043478260864,False,9.512195121951228,-3.057119871279157,-121.46,49.79,-23896528.36,-222.8771,,,-100602322.87,-689.5599,0.8951,0,934652.5653,643720888.5999999,1.0,1.5,PASS,False,0.21428571428571427,-121.46,49.79,-1.575,-60.73,ESP-Q,219.4651,7.1669,0.8951,,43.696173170731704,0.0,0.0,4.58,5.75,0,82.13058419243985,,0.7619047619047619,1,1,85.0,13,8.55754957542343,True,-7.422680412371118,,-0.023596444392837566,False,False,电力,-60.73,-1.7643119677614416,12.0,69.53917525773196,0.7,0.0,48.68,Other
002259.SZ,002259,升达林业,20080716,,主板,L,267643196.89999998,-11.09185441941074,燃气,公用事业,801163.SI,410000,5.25,29.9594,20.0097,8.6204,2.7638,394972.3402,394972.3402,136403231.39999998,False,1,1,False,False,6.26,4.92,-4.6468401486988835,-9.363957597173144,-18.051118210862615,False,-11.09185441941074,-3.057119871279157,-118.96,-43.3,-3229169.48,-4.198,,,86954353.94,-9.9658,18.3527,0,394972.3402,136403231.39999998,1.0,1.5,PASS,False,0.23809523809523808,-118.96,-43.3,-1.23,-59.48,ESP-Q,29.9594,8.6204,18.3527,,177.38852,0.0,0.0,5.25,6.26,0,63.68843069873997,,0.3333333333333333,0,0,5.0,4,-9.814468627277096,False,-4.6468401486988835,,-0.011542144660959095,False,False,燃气,-59.48,-0.7925705018449684,22.0,26.006529209621988,0.7,0.0,18.2,Other
002258.SZ,002258,利尔化学,20080708,,主板,L,234913585.5,-15.845824411134913,未知,未知,,,12.17,20.3467,22.1,1.2167,2.2483,974132.1065,972563.7184,245203404.79999998,True,0,0,False,False,14.46,11.78,-4.457050243111837,-29.611940298507466,-18.464730290456444,False,-15.845824411134913,-3.057119871279157,-27.4,138.83,109064280.08,94.7886,,,1246375201.0,-211.5838,1.4477,1,974132.1065,245203404.79999998,1.0,1.5,PASS,False,0.2857142857142857,-27.4,138.83,2.125,-29.525,ESP-Q,20.3467,1.2167,1.4477,,87.7931712264151,0.0,0.0,12.17,14.46,10,65.2348224513173,,0.0916030534351145,0,0,5.0,158,-11.031567319960873,False,-4.457050243111837,,0.021510428793131812,False,False,独立池,-29.525,0.0,21.679311685701425,26.406309072535475,0.7,10.0,8.48,Other
002250.SZ,002250,联化科技,20080619,,主板,L,322922686.7,-13.677264547090584,未知,未知,,,15.17,37.716,32.9632,1.9973,2.3593,1365107.6702,1357678.2219,254618531.00000003,False,0,0,False,False,17.66,14.36,-6.740116655865192,-18.005698005698,-18.51642129105322,False,-13.677264547090584,-3.057119871279157,105.66,194.36,98277194.26,96.4427,,,963433736.1800001,-35.5803,1.5039,0,1365107.6702,254618531.00000003,1.0,1.5,PASS,False,0.2857142857142857,105.66,194.36,2.125,105.66,ESP-Q,37.716,1.9973,1.5039,0.35695627484383874,87.7931712264151,0.0,0.0,15.17,17.66,0,65.2348224513173,,0.15839694656488548,0,0,5.0,158,-8.863007455916543,False,-6.740116655865192,,-0.05762957203372565,False,False,独立池,105.66,0.0,23.67307141963952,26.805061019323094,0.7,0.0,18.76,Other
002268.SZ,002268,电科网安,20080811,,主板,L,165048836.45,-9.867629362214203,计算机设备,计算机,801101.SI,710000,15.17,222.5389,351.3524,2.3335,1.1943,1282829.9379,1282251.0507,174523954.6,True,0,0,False,False,16.81,14.96,-0.3989361702127603,-25.137431284357824,-10.886377156454486,False,-9.867629362214203,-3.057119871279157,-13.69,-67.64,-161370642.76,,,,-546390673.75,,-2.7948,0,1282829.9379,174523954.6,1.0,1.5,PASS,False,0.5476190476190477,-13.69,-67.64,0.49,-14.18,,222.5389,2.3335,-2.7948,,108.09019285714285,0.0,0.0,15.17,16.81,0,88.88888888888889,,0.13333333333333333,0,0,5.0,5,-6.891438886023726,False,-0.3989361702127603,,-0.003966587427509543,False,False,计算机设备,-14.18,-0.329722428524473,32.0,35.56666666666666,1.0,0.0,35.57,Other
002270.SZ,002270,华明装备,20080905,,主板,L,640626050.4,-15.585851142225504,未知,未知,,,22.94,28.9676,29.311,7.0091,1.8799,2055941.1387,2055908.1923,523518604.1999999,False,0,0,False,False,29.26,22.88,-4.858803986710958,-31.63234855267084,-21.70198222829802,False,-15.585851142225504,-3.057119871279157,-9.51,15.27,143098725.96,87.7763,,,1741430445.88,55.4491,5.2055,0,2055941.1387,523518604.1999999,1.0,1.5,PASS,False,0.2857142857142857,-9.51,15.27,2.125,-11.635,,28.9676,7.0091,5.2055,,87.7931712264151,0.0,0.0,22.94,29.26,0,85.79610538373424,,0.10305343511450382,0,0,5.0,158,-10.771594051051464,False,-4.858803986710958,,-0.023322728157347546,False,False,独立池,-11.635,0.0,21.943160201736138,32.6274636554675,1.0,0.0,32.63,Other
002272.SZ,002272,川润股份,20080919,,主板,L,1267684890.05,16.14071391619245,通用机械,机械设备,801072.SI,640000,24.7,,,8.208,32.4219,1197646.931,1008088.7521,1712377476.6,False,4,3,False,True,24.94,16.91,19.797225186766276,30.069524913093847,-9.98396150761829,False,16.14071391619245,-3.057119871279157,-30.6,64.39,-35843718.14,,,,-129535532.03,,-2.094,0,1197646.931,1712377476.6,1.0,1.5,PASS,False,0.5952380952380952,-30.6,64.39,-0.595,-15.3,,,8.208,-2.094,,108.90780749999999,0.0,0.0,24.7,24.94,0,76.28865979381443,CHASE,0.7959183673469388,1,1,75.0,15,14.040257295187875,True,19.797225186766276,突破型|OVERHEAT,0.047179963451442784,True,True,通用机械,-15.3,0.09174584805236921,50.0,70.38659793814433,1.0,0.0,70.39,Tier2
002396.SZ,002396,星网锐捷,20100623,,主板,L,1008588111.1499999,14.083983649201027,通信设备,通信,801102.SI,730000,31.68,45.3817,45.9315,2.6433,4.2449,1855482.0705,1847831.9207,1082122889.2,False,1,1,False,False,33.79,25.71,-1.7914267434421038,3.646185010128278,-9.144717372003552,False,14.083983649201027,-3.057119871279157,-69.36,-8.12,9042531.11,24.2899,,,837389932.29,-1873.063,0.5321,0,1855482.0705,1082122889.2,1.0,1.5,PASS,False,0.9523809523809523,-69.36,-8.12,15.0872,-84.4472,ESP-Q,45.3817,2.6433,0.5321,,156.39837500000002,0.0,0.0,31.68,33.79,0,65.2348224513173,,0.6666666666666666,0,1,40.0,8,13.242132092612552,True,-1.7914267434421038,,0.012503958984252961,False,False,通信设备,-84.4472,-0.3831440988754371,32.0,45.97044673539519,0.7,0.0,32.18,Other
601788.SH,601788,光大证券,20090818,,主板,L,517706233.35,-3.7279267495094692,证券,非银金融,801193.SI,490000,14.32,17.7291,16.2183,1.0617,1.1888,6602647.899,5594392.7374,479532050.4,False,0,0,False,False,15.71,14.67,-1.538461538461533,-12.224209898628501,-6.301718650541055,False,-3.7279267495094692,-3.057119871279157,50.07,18.24,1030974323.67,88.4064,,,8672684481.17,-19.2236,1.5854,0,6602647.899,479532050.4,1.0,1.5,PASS,False,0.07142857142857142,50.07,18.24,30.57,50.07,ESP-Q,17.7291,1.0617,1.5854,0.35408627920910724,30.16254222222222,0.0,0.0,14.32,15.71,0,74.5704467353952,,0.3333333333333333,0,0,5.0,14,-1.410853578777771,False,-1.538461538461533,,-0.0011416488016555172,False,False,证券,50.07,0.5933077312866688,50.0,34.871134020618555,0.7,0.0,24.41,Other
002276.SZ,002276,万马股份,20090710,,主板,L,322585281.25,-11.172413793103441,未知,未知,,,13.01,37.8956,40.0405,2.1478,2.2978,1315409.1552,1310224.9304,258560420.60000002,True,0,0,False,False,14.77,12.87,-3.808812546676621,-26.35791881074899,-12.796208530805675,False,-11.172413793103441,-3.057119871279157,-36.71,-2.47,38372667.99,60.6845,,,910618397.5799999,-632.817,1.0308,0,1315409.1552,258560420.60000002,1.0,1.5,PASS,False,0.2857142857142857,-36.71,-2.47,2.125,-38.835,ESP-Q,37.8956,2.1478,1.0308,,87.7931712264151,0.0,0.0,13.01,14.77,0,65.2348224513173,,0.24236641221374045,0,0,5.0,158,-6.358156701929401,False,-3.808812546676621,,-0.0323364252934618,False,False,独立池,-38.835,0.0,21.542004269028247,26.37884758920084,0.7,0.0,18.47,Other
002284.SZ,002284,亚太股份,20090828,,主板,L,303336573.50000006,-5.8950395398993605,汽车零部件,汽车,801093.SI,280000,13.05,19.679,18.1288,2.7513,3.5167,964525.9541,953810.7296,298399307.4,True,0,0,False,False,14.52,12.22,1.0810810810810922,-21.097046413502106,-9.848484848484851,False,-5.8950395398993605,-3.057119871279157,33.21,129.02,128562556.14,90.4744,,,1044498722.88,-167.6968,4.1368,0,964525.9541,298399307.4,1.0,1.5,PASS,False,0.47619047619047616,33.21,129.02,-7.74,48.690000000000005,ESP-Q,19.679,2.7513,4.1368,0.5925624811803673,70.26558985507246,10.0,0.0,13.05,14.52,0,93.58533791523482,,0.3108108108108108,0,0,5.0,23,-7.762383302637765,False,1.0810810810810922,,-0.012308075176849563,False,False,汽车零部件,48.690000000000005,0.2297134686211513,50.0,40.57560137457044,0.7,0.0,38.4,Other
002283.SZ,002283,天润工业,20090821,,主板,L,575595272.0,6.394810009267848,汽车零部件,汽车,801093.SI,280000,12.07,37.3919,33.1577,2.2929,4.4339,1375324.8138,1210411.6205,638312955.8,True,2,1,False,False,13.24,10.58,-7.119741100323617,14.001986097318774,-13.293051359516618,False,6.394810009267848,-3.057119871279157,33.2,12.08,119950557.26,82.4702,,,914255723.64,26.6266,2.3565,0,1375324.8138,638312955.8,1.0,1.5,PASS,False,0.47619047619047616,33.2,12.08,-7.74,48.68000000000001,,37.3919,2.2929,2.3565,1.126262048192771,70.26558985507246,0.0,0.0,12.07,13.24,0,85.79610538373424,,0.6891891891891891,0,1,55.0,23,4.5274662465294435,False,-7.119741100323617,,0.0028518847069544015,False,False,汽车零部件,48.68000000000001,0.22967579656305873,50.0,63.238831615120276,1.0,0.0,63.24,Tier1
002277.SZ,002277,友阿股份,20090717,,主板,L,218184474.74999997,11.764705882352944,一般零售,商业贸易,801203.SI,450000,6.81,,,1.485,3.5769,949431.6768,949431.6768,372372877.8,True,1,1,False,False,6.99,5.65,1.6819571865443583,-8.022130013831264,-4.864091559370531,False,11.764705882352944,-3.057119871279157,13.07,-12799.52,38973842.06,91.9363,,,-222720512.29999998,183.8964,0.6667,0,949431.6768,372372877.8,1.0,1.5,PASS,False,0.5,13.07,-12799.52,-2.72,18.51,ESP-Q,,1.485,0.6667,,294.39719,0.0,0.0,6.81,6.99,0,83.73424971363116,,0.8823529411764706,1,1,100.0,6,21.680672268907564,True,1.6819571865443583,,0.007367149551920227,False,False,一般零售,18.51,0.30617563895890987,50.0,85.12027491408935,0.7,0.0,59.58,Tier1
002278.SZ,002278,神开股份,20090811,,主板,L,177643605.54999998,-18.056749785038704,专用设备,机械设备,801074.SI,640000,9.67,67.2096,106.5206,2.6725,2.2769,375793.5228,321772.0021,91156227.4,False,0,0,False,False,12.69,9.52,-8.011583011583012,-33.31000699790063,-24.901497241922776,False,-18.056749785038704,-3.057119871279157,-126.04,137.37,-4139238.0,,,,100941859.96000001,-7704.1498,-0.1537,0,375793.5228,91156227.4,1.0,1.5,PASS,False,0.5714285714285714,-126.04,137.37,-11.475,-63.02,ESP-Q,67.2096,2.6725,-0.1537,,213.18103214285716,0.0,0.0,9.67,12.69,0,31.844215349369986,CAT-0,0.125,0,0,5.0,10,-13.674633464024648,False,-8.011583011583012,,-0.03411571130725544,False,False,专用设备,-63.02,-0.9281976509656248,22.0,16.453264604810997,0.35,0.0,5.76,Other
002285.SZ,002285,世联行,20090828,,主板,L,172819436.45000002,-8.16993464052288,未知,未知,,,2.84,,,2.5844,2.215,565963.4468,560967.7201,141681865.99999997,False,0,0,False,False,3.37,2.8,-9.646302250803851,-3.436426116838487,-16.617210682492576,False,-8.16993464052288,-3.057119871279157,14.92,-138.01,-14208203.85,,,,-737283061.05,-1632.64,-0.1842,0,565963.4468,141681865.99999997,1.0,1.5,PASS,False,0.2857142857142857,14.92,-138.01,2.125,14.92,ESP-Q,,2.5844,-0.1842,,87.7931712264151,0.0,0.0,2.84,3.37,0,65.2348224513173,,0.3606870229007634,0,0,5.0,158,-3.35567754934884,False,-9.646302250803851,,-0.05852565641324603,False,False,独立池,14.92,0.0,22.33480342942209,26.53740742127961,0.7,0.0,18.58,Other
002281.SZ,002281,光迅科技,20090821,,主板,L,13397266438.7,78.42187371705394,通信设备,通信,801102.SI,730000,215.87,184.0149,168.0753,16.8405,8.7278,17413709.4584,16827039.9912,17534699588.399998,False,3,3,False,True,246.8,116.39,10.590869764364609,196.29124625034086,-11.952998379254453,False,78.42187371705394,-3.057119871279157,,45.37,,,,,1953850668.36,,2.3491,0,17413709.4584,17534699588.399998,1.0,1.5,PASS,False,0.9523809523809523,,45.37,15.0872,0.0,DATA-INC,184.0149,16.8405,2.3491,,156.39837500000002,0.0,0.0,215.87,246.8,0,88.88888888888889,CHASE,1.0,1,1,75.0,8,77.58002216046546,True,10.590869764364609,突破型|OVERHEAT,-0.020784949070876413,True,True,通信设备,0.0,-0.12284011865236305,32.0,70.56666666666666,1.0,0.0,70.57,Tier2
002291.SZ,002291,遥望科技,20090903,,主板,L,268155122.05,-0.31347962382444194,未知,未知,,,6.35,,,1.9959,3.678,593807.7742,551894.5465,369630539.8,True,0,0,False,False,7.05,6.06,-6.470588235294105,-17.72315653298836,-9.787234042553184,False,-0.31347962382444194,-3.057119871279157,-5.73,36.72,-96370537.81,-42.3769,,,-1418104484.36,-8.658,7.9468,0,593807.7742,369630539.8,1.0,1.5,PASS,False,0.2857142857142857,-5.73,36.72,2.125,-7.855,ESP-Q,,1.9959,7.9468,,87.7931712264151,0.0,0.0,6.35,7.05,0,65.2348224513173,,0.6717557251908397,0,1,55.0,158,4.500777467349598,False,-6.470588235294105,,-0.026938500732491138,False,False,独立池,-7.855,0.0,21.99890907767863,51.47022855093091,0.7,0.0,36.03,Other
002292.SZ,002292,奥飞娱乐,20090910,,主板,L,263674471.25,-4.305043050430513,未知,未知,,,7.69,158.2085,146.7419,3.8245,2.4974,1137120.067,782740.7973,322109898.6,True,0,0,False,False,8.39,7.75,-0.8917197452229186,-15.98272138228941,-7.270560190703224,False,-4.305043050430513,-3.057119871279157,-21.48,119.07,36107840.85,65.989,,,170703935.1,-51.351,1.8487,0,1137120.067,322109898.6,1.0,1.5,PASS,False,0.2857142857142857,-21.48,119.07,2.125,-23.605,ESP-Q,158.2085,3.8245,1.8487,,87.7931712264151,0.0,0.0,7.69,8.39,0,65.2348224513173,,0.5267175572519084,0,0,5.0,158,0.5092140407435277,False,-0.8917197452229186,,-0.011500886524136836,False,False,独立池,-23.605,0.0,21.766622094584907,26.42377115431217,0.7,0.0,18.5,Other
002293.SZ,002293,罗莱生活,20090910,,主板,L,152160574.50000003,4.509803921568634,服装家纺,纺织服装,801132.SI,350000,10.2,16.3605,15.3419,2.1313,0.7922,850519.3306,843114.7304,108068920.8,True,0,0,False,False,11.66,10.15,-8.024158757549603,3.2945736434108586,-8.576329331046317,False,4.509803921568634,-3.057119871279157,29.31,14.27,137256212.59,93.0208,,,1049556213.17,-34.3396,3.4554,0,850519.3306,108068920.8,1.0,1.5,PASS,False,0.09523809523809523,29.31,14.27,17.65,29.31,ESP-Q,16.3605,2.1313,3.4554,0.5581883316274309,126.22243636363636,10.0,0.0,10.2,11.66,0,65.2348224513173,,0.4666666666666667,0,1,55.0,5,-1.8216672143717805,False,-8.024158757549603,,0.006964419800881328,False,False,服装家纺,29.31,-0.5026728950436972,22.0,51.47044673539519,0.7,0.0,46.03,Other
600999.SH,600999,招商证券,20091117,,主板,L,1020668206.5999999,11.730769230769234,证券,非银金融,801193.SI,490000,17.34,12.2108,11.3276,1.213,1.3537,15079777.4816,12869757.1416,1822400893.8000002,True,0,0,False,False,18.25,15.25,10.386320455984798,3.811792733770103,-4.493150684931512,False,11.730769230769234,-3.057119871279157,41.7,18.52,3268808625.57,99.9463,,,29606914149.35,515.5243,2.3418,0,15079777.4816,1822400893.8000002,1.0,1.5,PASS,False,0.07142857142857142,41.7,18.52,30.57,11.130000000000003,,12.2108,1.213,2.3418,0.2928249400479616,30.16254222222222,10.0,0.0,17.34,18.25,0,74.5704467353952,,0.9555555555555556,1,1,100.0,14,14.047842401500931,True,10.386320455984798,OVERHEAT,-0.0014694774841322743,False,True,证券,11.130000000000003,0.063553569528506,50.0,82.37113402061856,1.0,0.0,92.37,Tier2
002297.SZ,002297,博云新材,20090929,,主板,L,4055375293.050001,30.121116377040558,航空装备,国防军工,801742.SI,650000,26.58,246.2773,78.8555,6.7414,29.1792,1523312.6089,1523312.6089,3463756459.3999996,True,1,0,False,False,27.24,18.8,-4.410058027079311,84.54070201643017,-9.287812041115995,False,30.121116377040558,-3.057119871279157,4411.66,140.91,127515799.22,96.3787,,,181103001.53,4.2575,6.0318,1,1523312.6089,3463756459.3999996,1.0,1.5,PASS,False,0.5238095238095238,4411.66,140.91,-13.16,4437.98,,246.2773,6.7414,6.0318,0.055824179560528236,161.41275,0.0,0.0,26.58,27.24,10,87.2852233676976,CHASE,1.0,1,1,100.0,5,37.21462073950262,True,-4.410058027079311,,-0.008794362396035258,True,False,航空装备,1890.732584000006,2.942727125585878,82.0,92.58556701030928,1.0,10.0,82.59,Tier2
601126.SH,601126,四方股份,20101231,,主板,L,2241684724.3999996,63.66733466933869,未知,未知,,,82.34,82.7507,79.9378,13.2686,3.5153,6859790.687,6793753.1836,2714223704.0,True,2,2,False,False,88.88,47.11,6.744216442295126,88.17972350230417,-8.112061206120602,False,63.66733466933869,-3.057119871279157,13.0,14.64,263907214.93,97.5031,,,2204272703.63,4.6124,5.3782,0,6859790.687,2714223704.0,1.0,1.5,PASS,False,0.2857142857142857,13.0,14.64,2.125,13.0,,82.7507,13.2686,5.3782,6.365438461538461,87.7931712264151,0.0,0.0,82.34,88.88,0,66.55211912943871,,0.9961832061068703,1,1,100.0,158,68.48159176051273,True,6.744216442295126,,-0.01025182056152715,True,False,独立池,13.0,0.0,22.306486540054475,74.4269330468425,1.0,0.0,74.43,Tier2
601633.SH,601633,长城汽车,20110928,,主板,L,296439721.84999996,-13.697967086156837,未知,未知,,,17.71,15.363,16.7293,1.7183,0.2735,15155991.9602,10996570.1783,349099656.59999996,False,0,0,False,False,20.75,17.76,-6.600314300680998,-15.256653992395442,-14.072289156626516,False,-13.697967086156837,-3.057119871279157,-67.19,-37.5,482039098.04,50.9847,,,15597634306.130001,271.3918,1.0718,0,15155991.9602,349099656.59999996,1.0,1.5,PASS,False,0.2857142857142857,-67.19,-37.5,2.125,-69.315,ESP-Q,15.363,1.7183,1.0718,,87.7931712264151,0.0,0.0,17.71,20.75,0,65.2348224513173,,0.15648854961832062,0,0,5.0,158,-8.883709994982796,False,-6.600314300680998,,-0.0028948472458705816,False,False,独立池,-69.315,0.0,21.092473650317345,26.28894146545866,0.7,0.0,18.4,Other
002467.SZ,002467,二六三,20100908,,主板,L,631493271.6000001,-11.950549450549453,通信运营,通信,801223.SI,730000,6.34,,,5.5779,3.6493,871985.7675,866556.719,375418424.20000005,True,0,0,False,False,7.57,6.4,-4.896142433234418,-15.211640211640209,-15.323645970937916,False,-11.950549450549453,-3.057119871279157,-90.77,-610.21,1298679.26,,,,-219390332.35999998,,-0.7737,0,871985.7675,375418424.20000005,1.0,1.5,PASS,False,1.0,-90.77,-610.21,-1.705,-45.385,,,5.5779,-0.7737,,167.5491125,0.0,0.0,6.34,7.57,0,65.2348224513173,,0.23076923076923078,0,0,5.0,4,-12.043659320195644,False,-4.896142433234418,,-0.03269145065390724,False,False,通信运营,-45.385,0.0004062544470615888,50.0,32.070446735395194,1.0,0.0,32.07,Other
002446.SZ,002446,盛路通信,20100713,,主板,L,482960738.6000001,-4.360189573459728,未知,未知,,,10.42,136.9915,137.1265,3.7475,3.4964,953863.1844,883383.9424,455274212.4,True,0,0,False,False,11.35,9.68,-2.6061776061776065,-8.687782805429867,-11.10132158590308,False,-4.360189573459728,-3.057119871279157,-10.54,105.92,17325435.11,69.2777,,,176717366.61,-164.8033,0.9856,0,953863.1844,455274212.4,1.0,1.5,PASS,False,0.2857142857142857,-10.54,105.92,2.125,-12.665,ESP-Q,136.9915,3.7475,0.9856,,87.7931712264151,0.0,0.0,10.42,11.35,0,91.29438717067583,,0.5229007633587787,0,0,5.0,158,0.45406751771431253,False,-2.6061776061776065,,-0.0030838186699044404,False,False,独立池,-12.665,0.0,21.9279693704608,34.27391002529491,0.7,0.0,23.99,Other
002448.SZ,002448,中原内配,20100716,,主板,L,493450669.3,-8.311345646437996,汽车零部件,汽车,801093.SI,280000,14.13,20.3111,16.7409,2.1132,2.8577,831422.8298,820259.9348,303367975.00000006,True,1,0,False,False,17.52,13.84,-8.007941760423554,-15.5015197568389,-20.662100456621,False,-8.311345646437996,-3.057119871279157,16.55,107.0,126385741.7,63.7434,,,1069611831.47,-67.7208,5.151,0,831422.8298,303367975.00000006,1.0,1.5,PASS,False,0.47619047619047616,16.55,107.0,-7.74,32.03,ESP-Q,20.3111,2.1132,5.151,1.2272567975830815,70.26558985507246,10.0,0.0,14.13,17.52,0,86.48339060710195,,0.22972972972972974,0,0,5.0,23,-10.1786894091764,False,-8.007941760423554,,-0.0317669991170923,False,False,汽车零部件,32.03,0.16695181983892024,50.0,38.445017182130584,0.7,0.0,36.91,Other
002438.SZ,002438,江苏神通,20100623,,主板,L,152158451.85000002,-0.9163103237629922,通用机械,机械设备,801072.SI,640000,16.14,28.7015,29.1108,2.1522,1.4234,819165.4621,756773.3965,145721809.6,False,0,0,False,False,17.75,15.8,-3.6817102137767233,-13.631522896698623,-8.61971830985916,False,-0.9163103237629922,-3.057119871279157,-11.41,-1.18,79826637.84,93.3758,,,710593650.24,-11.6155,2.2716,0,819165.4621,145721809.6,1.0,1.5,PASS,False,0.5952380952380952,-11.41,-1.18,-0.595,-5.705,ESP-Q,28.7015,2.1522,2.2716,,108.90780749999999,0.0,0.0,16.14,17.75,0,92.55441008018327,,0.42857142857142855,0,1,40.0,15,-3.0167669447675682,False,-3.6817102137767233,,-0.01849965398859472,False,False,通用机械,-5.705,0.1280525745679205,50.0,57.766323024054984,0.7,0.0,40.44,Other
002298.SZ,002298,中电鑫龙,20090929,,主板,L,683138272.15,3.9292730844793677,未知,未知,,,10.66,,,4.2283,6.15,788958.2205,704366.9481,968553095.4,True,1,0,False,False,12.01,9.52,-6.701940035273369,-2.308402585410896,-11.906744379683598,False,3.9292730844793677,-3.057119871279157,-38.42,54.36,24765600.01,57.6641,,,-663235936.0500001,-57.8764,2.3295,0,788958.2205,968553095.4,1.0,1.5,PASS,False,0.2857142857142857,-38.42,54.36,2.125,-40.545,ESP-Q,,4.2283,2.3295,,87.7931712264151,0.0,0.0,10.66,12.01,0,67.81214203894616,,0.7633587786259542,1,1,100.0,158,8.743530175653408,True,-6.701940035273369,,-0.023882448035584564,False,False,独立池,-40.545,0.0,21.516784539435214,74.6469995195709,0.7,0.0,52.25,Tier2
601888.SH,601888,中国中免,20091015,,主板,L,1801442528.5,-15.118180466775677,未知,未知,,,56.65,32.8225,29.4517,2.031,1.3152,11770717.9883,11060773.9568,1832961344.8,False,0,0,False,False,68.65,57.03,-3.220338983050841,-32.96548485559991,-16.824471959213405,False,-15.118180466775677,-3.057119871279157,20.76,-14.47,2337473944.03,99.5391,,,11513417684.19,139.2905,4.1407,0,11770717.9883,1832961344.8,1.0,1.5,PASS,False,0.2857142857142857,20.76,-14.47,2.125,20.76,ESP-Q,32.8225,2.031,4.1407,1.5810452793834295,87.7931712264151,0.0,0.0,56.65,68.65,0,65.2348224513173,,0.11450381679389313,0,0,5.0,158,-10.303923375601636,False,-3.220338983050841,,-0.008515075224788698,False,False,独立池,20.76,0.0,22.420933967915257,26.554633528978243,0.7,0.0,18.59,Other
002301.SZ,002301,齐心集团,20091021,,主板,L,216034976.09999993,24.700598802395213,未知,未知,,,8.33,74.4946,80.6424,1.9251,3.459,600849.5082,598085.8558,326442230.4,True,1,0,False,False,8.74,6.57,1.833740831295838,8.041504539559007,-4.691075514874143,False,24.700598802395213,-3.057119871279157,-9.81,27.89,39693551.56,92.9225,,,329726482.37,-47.3701,1.3767,0,600849.5082,326442230.4,1.0,1.5,PASS,False,0.2857142857142857,-9.81,27.89,2.125,-11.935,ESP-Q,74.4946,1.9251,1.3767,,87.7931712264151,0.0,0.0,8.33,8.74,0,65.2348224513173,,0.9446564885496184,1,1,100.0,158,29.514855893569255,True,1.833740831295838,,0.011271700957989631,True,False,独立池,-11.935,0.0,21.93873568777245,73.95819387294968,0.7,0.0,51.77,Tier2
002489.SZ,002489,浙江永强,20101021,,主板,L,260617298.45000002,17.804154302670618,家用轻工,轻工制造,801142.SI,360000,3.9,18.1872,34.0342,1.8408,3.0907,845916.3621,746078.3616,421055213.4,True,0,0,False,False,4.21,3.24,-0.9975062344139585,6.434316353887404,-5.700712589073631,False,17.804154302670618,-3.057119871279157,-16.57,14.19,209147082.18,134.9348,,,924142646.69,185.1048,3.4215,0,845916.3621,421055213.4,1.0,1.5,PASS,False,0.11904761904761904,-16.57,14.19,-30.725,-8.285,,18.1872,1.8408,3.4215,,341.69754,10.0,0.0,3.9,4.21,0,65.2348224513173,,0.7777777777777778,1,1,100.0,3,3.258699757216089,False,-0.9975062344139585,,0.026391424878326526,True,False,家用轻工,-8.285,-0.7960767685330681,22.0,73.9704467353952,1.0,0.0,83.97,Tier2
002304.SZ,002304,洋河股份,20091106,,主板,L,279763801.75,-10.31570480595213,未知,未知,,,43.61,29.7798,64.6927,1.3342,0.4554,6569606.9677,6569451.9342,269070451.0,False,0,0,False,False,50.5,44.55,-2.9379760609357986,-17.28486646884273,-11.683168316831683,False,-10.31570480595213,-3.057119871279157,-32.88,-68.77,2427861532.48,99.2361,,,12551052873.75,58.9585,5.0949,0,6569606.9677,269070451.0,1.0,1.5,PASS,False,0.2857142857142857,-32.88,-68.77,2.125,-35.005,,29.7798,1.3342,5.0949,,87.7931712264151,0.0,0.0,43.61,50.5,0,65.2348224513173,,0.27099236641221375,0,0,5.0,158,-5.50144771477809,False,-2.9379760609357986,,-0.025330710206733206,False,False,独立池,-35.005,0.0,21.59849056396469,26.39014484818813,1.0,0.0,26.39,Other
002350.SZ,002350,北京科锐,20100203,,主板,L,484110709.24999994,13.760806916426493,未知,未知,,,16.02,159.3512,432.8666,4.8498,3.0811,868814.8243,849941.2137,426067370.6,True,1,0,False,False,17.88,13.08,-3.6019536019536003,55.87364264560708,-11.68903803131991,False,13.760806916426493,-3.057119871279157,-341.09,14.28,-23843316.78,,,,44741628.129999995,,-1.331,0,868814.8243,426067370.6,1.0,1.5,PASS,False,0.2857142857142857,-341.09,14.28,2.125,-343.215,,159.3512,4.8498,-1.331,,87.7931712264151,0.0,0.0,16.02,17.88,0,96.90721649484536,,0.8740458015267175,1,1,100.0,158,18.57506400760053,True,-3.6019536019536003,,-0.00573823463247455,False,False,独立池,-343.215,0.0,17.052892401468416,82.48274342874728,1.0,0.0,82.48,Tier2
002315.SZ,002315,焦点科技,20091209,,主板,L,301316694.4,-31.917336394948336,未知,未知,,,29.16,23.8808,24.5654,4.5294,3.1376,1202577.7302,766655.0866,235184730.4,False,0,0,False,False,44.42,29.55,-3.9209332469215874,-33.87600356824265,-33.250787933363355,False,-31.917336394948336,-3.057119871279157,-11.96,12.41,95963113.99,97.9835,,,1278412405.71,-49.7453,3.4864,0,1202577.7302,235184730.4,1.0,1.5,PASS,False,0.2857142857142857,-11.96,12.41,2.125,-14.085,ESP-Q,23.8808,4.5294,3.4864,,87.7931712264151,0.0,0.0,29.16,44.42,0,85.56701030927834,,0.003816793893129771,0,0,5.0,158,-27.103079303774294,False,-3.9209332469215874,,-0.042226021285837044,False,False,独立池,-14.085,0.0,21.907026671032668,32.55150842699004,0.7,0.0,22.79,Other
002756.SZ,002756,永兴材料,20150515,,主板,L,1715143670.6500003,-8.137015976171147,未知,未知,,,67.9,55.3395,38.1665,2.7745,3.2437,3660499.4566,2628259.2194,1333595452.8000002,True,2,0,False,False,89.88,67.82,-6.594162995594721,23.13974591651542,-24.510458388963063,False,-8.137015976171147,-3.057119871279157,164.57,-35.59,480644078.79,98.282,,,1848740161.71,48.0983,3.7806,0,3660499.4566,1333595452.8000002,1.0,1.5,PASS,False,0.2857142857142857,164.57,-35.59,2.125,164.57,ESP-Q,55.3395,2.7745,3.7806,0.33626724190314156,87.7931712264151,0.0,0.0,67.9,89.88,0,67.81214203894616,,0.36450381679389315,0,0,5.0,158,-3.322758884997107,False,-6.594162995594721,,-0.032302130192496885,False,False,独立池,164.57,0.0,24.541898478309434,27.752022307345733,0.7,0.0,19.43,Other
601139.SH,601139,深圳燃气,20091225,,主板,L,210868856.10000002,-6.733524355300869,燃气,公用事业,801163.SI,410000,6.55,13.3828,13.0679,1.1419,0.694,1884266.7318,1884266.7318,231070815.6,False,0,0,False,False,7.15,6.44,-0.3062787136294043,-4.685212298682284,-8.951048951048957,False,-6.733524355300869,-3.057119871279157,13.45,2.87,259727073.62,97.289,,,3212360065.76,21.8675,1.6074,0,1884266.7318,231070815.6,1.0,1.5,PASS,False,0.23809523809523808,13.45,2.87,-1.23,15.91,ESP-Q,13.3828,1.1419,1.6074,0.995003717472119,177.38852,0.0,0.0,6.55,7.15,0,65.2348224513173,,0.4166666666666667,0,0,5.0,4,-5.456138563167224,False,-0.3062787136294043,,-0.006831960080903031,False,False,燃气,15.91,-0.09212046803578766,32.0,28.470446735395193,0.7,0.0,19.93,Other
002312.SZ,002312,川发龙蟒,20091203,,主板,L,398389559.8,-15.75757575757576,未知,未知,,,9.73,44.3653,45.7603,1.8937,0.9345,1836741.0944,1832956.0797,263290745.80000004,True,0,0,False,False,11.76,9.72,-5.71705426356589,-23.74608150470219,-17.261904761904756,False,-15.75757575757576,-3.057119871279157,2.45,-16.95,106019724.86,116.9687,,,1212585070.2,-120.9266,0.9387,0,1836741.0944,263290745.80000004,1.0,1.5,PASS,False,0.2857142857142857,2.45,-16.95,2.125,0.3250000000000002,ESP-Q,44.3653,1.8937,0.9387,18.108285714285714,87.7931712264151,0.0,0.0,9.73,11.76,0,72.39404352806415,,0.09732824427480916,0,0,5.0,158,-10.94331866640172,False,-5.71705426356589,,-0.03555716674237427,False,False,独立池,0.3250000000000002,0.0,22.119550825088577,28.642123223436958,0.7,0.0,20.05,Other
601618.SH,601618,中国中冶,20090921,,主板,L,285382124.0500001,-5.067567567567566,专业工程,建筑装饰,801724.SI,620000,2.78,43.5868,42.7617,0.5584,0.6991,5761166.1293,4963028.1293,273196922.59999996,False,0,0,False,False,2.99,2.8,-2.768166089965396,-9.354838709677416,-6.020066889632114,False,-5.067567567567566,-3.057119871279157,-7.19,-91.17,1491341000.0,91.3413,,,7318856000.0,-1090.0091,1.0431,0,5761166.1293,273196922.59999996,1.0,1.5,PASS,False,0.35714285714285715,-7.19,-91.17,-13.35,-3.595,ESP-Q,43.5868,0.5584,1.0431,,69.65643999999999,0.0,0.0,2.78,2.99,0,62.42840778923253,,0.6875,0,0,5.0,5,3.2332688976600954,False,-2.768166089965396,,0.009176589820219754,False,False,专业工程,-3.595,-0.4239864245989351,32.0,27.628522336769755,0.7,0.0,19.34,Other
002313.SZ,002313,日海智能,20091203,,主板,L,229767963.45000002,14.218009478673,通信设备,通信,801102.SI,730000,9.91,,,48.381,2.4882,371030.4,371004.3119,136753216.0,True,2,0,False,False,10.54,8.32,-3.1155778894472186,-4.648862512363983,-8.53889943074002,False,14.218009478673,-3.057119871279157,113.65,-70.55,3789290.03,38.4321,,,-311514757.99,-790.911,14.0864,0,371030.4,136753216.0,1.0,1.5,PASS,False,0.9523809523809523,113.65,-70.55,15.0872,113.65,ESP-Q,,48.381,14.0864,,156.39837500000002,0.0,0.0,9.91,10.54,0,65.2348224513173,,0.7083333333333334,1,1,100.0,8,13.376157922084525,True,-3.1155778894472186,,-0.01786018025406465,False,False,通信设备,113.65,0.22747993165543123,50.0,79.5704467353952,0.7,0.0,55.7,Tier1
601117.SH,601117,中国化学,20100107,,主板,L,832374761.8000001,-8.060747663551403,专业工程,建筑装饰,801724.SI,620000,7.91,7.5051,7.3652,0.7016,1.0192,4830372.9341,4815661.2833,650097968.6,False,0,0,False,False,8.7,7.85,-2.839506172839501,-9.436133486766396,-9.54022988505746,False,-8.060747663551403,-3.057119871279157,8.81,10.44,1536204097.09,98.0329,,,14643031786.35,-67.9271,2.3039,0,4830372.9341,650097968.6,1.0,1.5,PASS,False,0.35714285714285715,8.81,10.44,-13.35,4.405,ESP-Q,7.5051,0.7016,2.3039,0.8518842224744607,69.65643999999999,10.0,0.0,7.91,8.7,0,65.2348224513173,,0.5625,0,0,5.0,5,0.2400888016762579,False,-2.839506172839501,,0.001391808667768102,False,False,专业工程,4.405,-0.33259773008751164,32.0,28.470446735395193,0.7,0.0,29.93,Other
002318.SZ,002318,久立特材,20091211,,主板,L,340836905.95,-8.625429553264608,未知,未知,,,26.4,17.0914,17.0288,2.8293,0.9382,2579730.7008,2520378.5614,301473669.2,False,0,0,False,False,30.98,26.58,-6.108757062146896,-23.767201834862394,-14.170432537120725,False,-8.625429553264608,-3.057119871279157,-54.84,-14.18,177815629.73,45.053,,,3467593230.03,-31.974,4.4524,0,2579730.7008,301473669.2,1.0,1.5,PASS,False,0.2857142857142857,-54.84,-14.18,2.125,-56.965,ESP-Q,17.0914,2.8293,4.4524,,87.7931712264151,10.0,0.0,26.4,30.98,0,65.2348224513173,,0.3377862595419847,0,0,5.0,158,-3.8111724620905676,False,-6.108757062146896,,-0.029788678582794076,False,False,独立池,-56.965,0.0,21.274616141822587,26.32536996375971,0.7,0.0,28.43,Other
002474.SZ,002474,榕基软件,20100915,,主板,L,310818505.45,8.469945355191255,未知,未知,,,7.96,,,3.7552,6.2134,495271.2,420950.397,467807804.1999999,True,1,1,False,False,8.55,6.82,-3.523693803159178,-9.977324263038545,-7.134502923976616,False,8.469945355191255,-3.057119871279157,25.16,14.44,-8774571.56,,,,-152236098.75,,-0.5889,0,495271.2,467807804.1999999,1.0,1.5,PASS,False,0.2857142857142857,25.16,14.44,2.125,25.16,,,3.7552,-0.5889,,87.7931712264151,0.0,0.0,7.96,8.55,0,65.2348224513173,,0.8244274809160306,1,1,100.0,158,13.284202446365295,True,-3.523693803159178,,-0.00942198552467858,False,False,独立池,25.16,0.0,22.48582683938271,74.06761210327173,1.0,0.0,74.07,Tier2
002331.SZ,002331,皖通科技,20100106,,主板,L,296780903.49999994,6.574394463667832,未知,未知,,,9.46,,,2.8079,3.9479,405296.4346,381647.6606,185470625.0,False,1,0,False,False,10.74,8.52,-4.049844236760125,-0.6451612903225823,-13.966480446927376,False,6.574394463667832,-3.057119871279157,-86.01,-1966.88,-29820316.8,,,,-468484914.38,,-1.9881,0,405296.4346,185470625.0,1.0,1.5,PASS,False,0.2857142857142857,-86.01,-1966.88,2.125,-88.135,,,2.8079,-1.9881,,87.7931712264151,0.0,0.0,9.46,10.74,0,91.29438717067583,,0.799618320610687,1,1,75.0,158,11.388651554841871,True,-4.049844236760125,,-0.027503960115901786,False,False,独立池,-88.135,0.0,20.814909140995198,69.0512979794018,1.0,0.0,69.05,Tier2
002328.SZ,002328,新朋股份,20091230,,主板,L,866343709.5000001,-19.327731092436984,汽车零部件,汽车,801093.SI,280000,10.15,55.681,38.1828,2.2931,14.447,783346.55,579353.0629,483668898.79999995,False,0,0,False,False,12.55,9.56,-5.3254437869822535,34.453781512605055,-23.50597609561754,False,-19.327731092436984,-3.057119871279157,-60.9,-41.46,9807403.27,9.3423,,,203000483.99,29.8486,3.1162,0,783346.55,483668898.79999995,1.0,1.5,PASS,False,0.47619047619047616,-60.9,-41.46,-7.74,-30.45,ESP-Q,55.681,2.2931,3.1162,,70.26558985507246,0.0,0.0,10.15,12.55,0,91.29438717067583,,0.04054054054054054,0,0,5.0,23,-21.19507485517539,False,-5.3254437869822535,,0.011410654096952022,False,False,汽车零部件,-30.45,-0.06842319912349244,32.0,36.28831615120275,0.7,0.0,25.4,Other
002320.SZ,002320,海峡股份,20091216,,主板,L,168694652.50000003,-6.0426540284360115,未知,未知,,,7.93,102.4007,100.7568,4.3955,0.8177,1772987.8037,1772987.8037,175371637.39999998,False,0,0,False,False,8.72,7.93,-1.122194513715713,-23.158914728682177,-9.05963302752295,False,-6.0426540284360115,-3.057119871279157,5.42,-48.04,122267090.6,100.1475,,,551027681.51,125.7516,3.0073,0,1772987.8037,175371637.39999998,1.0,1.5,PASS,False,0.2857142857142857,5.42,-48.04,2.125,5.42,ESP-Q,102.4007,4.3955,3.0073,18.893118081180813,87.7931712264151,0.0,0.0,7.93,8.72,0,89.1179839633448,,0.44656488549618323,0,0,5.0,158,-1.2283969372619712,False,-1.122194513715713,,-0.010911653941768823,False,False,独立池,5.42,0.0,22.194693820571914,33.674333953117824,0.7,0.0,23.57,Other
601877.SH,601877,正泰电器,20100121,,主板,L,1139258054.6000001,-5.021565003080719,未知,未知,,,30.59,14.6036,14.2747,1.445,1.4386,6573696.0976,6573696.0976,1332040987.1999998,False,0,0,False,False,35.15,30.62,-4.195152268489755,-3.293601003764113,-12.290184921763869,False,-5.021565003080719,-3.057119871279157,11.27,9.44,1209860721.94,95.4872,,,11573429841.26,177.5887,2.8157,0,6573696.0976,1332040987.1999998,1.0,1.5,PASS,False,0.2857142857142857,11.27,9.44,2.125,11.27,,14.6036,1.445,2.8157,1.2957941437444545,87.7931712264151,0.0,0.0,30.59,35.15,0,69.41580756013745,,0.49427480916030536,0,0,5.0,158,-0.2073079119066783,False,-4.195152268489755,,0.005258198036242045,False,False,独立池,11.27,0.0,22.280971842863863,27.78093663661401,1.0,0.0,27.78,Other
002324.SZ,002324,普利特,20091218,,主板,L,594778576.0999999,-21.716287215411555,塑料,化工,801036.SI,220000,13.6,41.166,49.4339,3.2256,2.1824,1512777.2973,1055735.3083,341024424.2,False,0,0,False,False,17.7,13.39,-6.6805845511482165,-25.292479108635092,-24.237288135593214,False,-21.716287215411555,-3.057119871279157,-62.2,207.09,40808910.26,85.8202,,,894515934.0400001,-346.0222,1.0194,0,1512777.2973,341024424.2,1.0,1.5,PASS,False,0.7619047619047619,-62.2,207.09,-1.1600000000000001,-31.1,ESP-Q,41.166,3.2256,1.0194,,196.25642,0.0,0.0,13.6,17.7,0,82.7033218785796,,0.17647058823529413,0,0,5.0,6,-25.856414603946575,False,-6.6805845511482165,,-0.06167749177160817,False,False,塑料,-31.1,-0.6095627056560949,22.0,31.71099656357388,0.7,0.0,22.2,Other
002326.SZ,002326,永太科技,20091222,,主板,L,1278559425.1,-8.622078968573732,化学制品,化工,801034.SI,220000,24.26,,467.7104,8.073,9.5835,2244359.6449,1960593.8359,991364403.5999999,True,0,0,False,False,27.7,21.88,-3.57142857142857,-12.398609501738122,-18.12274368231047,False,-8.622078968573732,-3.057119871279157,558.81,90.02,83156660.12,79.4509,,,54812313.34,75.8465,3.8396,0,2244359.6449,991364403.5999999,1.0,1.5,PASS,False,0.2619047619047619,558.81,90.02,5.17,558.81,ESP-Q,,8.073,3.8396,,72.11200512820513,0.0,0.0,24.26,27.7,0,65.2348224513173,,0.46938775510204084,0,0,5.0,15,-7.352685456585017,False,-3.57142857142857,,-0.01638970586355489,False,False,化学制品,558.81,1.238149405962349,68.0,35.67044673539519,0.7,0.0,24.97,Other
002329.SZ,002329,皇氏集团,20100106,,主板,L,159797561.24999997,10.8910891089109,未知,未知,,,4.35,,,7.2675,6.3389,362095.7335,283442.9219,155330688.0,True,0,0,False,False,4.92,3.79,-5.6842105263157805,16.062176165803123,-8.943089430894302,False,10.8910891089109,-3.057119871279157,-462.12,4.05,-8638349.8,-212.1517,,,-590428685.88,247.9321,0.8349,0,362095.7335,155330688.0,1.0,1.5,PASS,False,0.2857142857142857,-462.12,4.05,2.125,-464.245,ESP-Q,,7.2675,0.8349,,87.7931712264151,0.0,0.0,4.35,4.92,0,90.60710194730814,,0.8473282442748091,1,1,100.0,158,15.705346200084941,True,-5.6842105263157805,,-0.030160345441708845,False,False,独立池,-464.245,0.0,15.267895984717095,80.23570978113585,0.7,0.0,56.16,Tier2
002334.SZ,002334,英威腾,20100113,,主板,L,409476609.95000005,8.148148148148149,未知,未知,,,9.06,35.7807,52.0541,2.4381,5.3463,745402.9836,665920.9572,477964430.2,True,1,1,False,False,9.39,7.66,-3.0973451327433565,-12.749003984063744,-6.709265175718859,False,8.148148148148149,-3.057119871279157,-226.87,-30.25,-33650330.01,,,,381607983.57000005,,-0.9913,0,745402.9836,477964430.2,1.0,1.5,PASS,False,0.2857142857142857,-226.87,-30.25,2.125,-228.995,,35.7807,2.4381,-0.9913,,87.7931712264151,0.0,0.0,9.06,9.39,0,91.29438717067583,,0.8206106870229007,1,1,100.0,158,12.96240523932219,True,-3.0973451327433565,,-0.012160226002796063,False,False,独立池,-228.995,0.0,18.73745235124397,81.13580662145154,1.0,0.0,81.14,Tier2
002338.SZ,002338,奥普光电,20100115,,主板,L,614423347.1999999,-2.2635029659694106,未知,未知,,,65.2,194.324,159.9864,10.8261,3.1802,1564800.0,1564800.0,532576999.00000006,False,1,0,False,False,67.96,57.98,-1.6030174446016066,14.733369983507426,-7.872277810476747,False,-2.2635029659694106,-3.057119871279157,163.58,20.89,29410766.25,94.578,,,139883286.03,-390.5706,2.1748,0,1564800.0,532576999.00000006,1.0,1.5,PASS,False,0.2857142857142857,163.58,20.89,2.125,163.58,ESP-Q,194.324,10.8261,2.1748,1.187944736520357,87.7931712264151,0.0,10.0,65.2,67.96,0,72.73768613974799,,0.5896946564885496,0,0,5.0,158,2.5507541252046297,False,-1.6030174446016066,,0.0023900820802144973,False,False,独立池,163.58,0.0,24.527297582229256,29.226765358370248,0.7,10.0,10.46,Other
002340.SZ,002340,格林美,20100122,,主板,L,1999360667.15,-4.834905660377364,未知,未知,,,8.27,26.7011,26.5137,1.9341,2.0896,4219651.4396,4197837.0164,1134335383.1999998,False,0,0,False,False,9.69,8.04,-4.6099290780141855,-14.422057264050892,-16.718266253869963,False,-4.834905660377364,-3.057119871279157,6.71,5.87,475599326.62,91.0327,,,3372042352.0299997,31.9247,2.4186,0,4219651.4396,1134335383.1999998,1.0,1.5,PASS,False,0.2857142857142857,6.71,5.87,2.125,6.71,,26.7011,1.9341,2.4186,3.9792995529061104,87.7931712264151,0.0,0.0,8.27,9.69,0,62.42840778923253,,0.5,0,0,5.0,158,-0.02064856920332403,False,-4.6099290780141855,,-0.04177179637673989,False,False,独立池,6.71,0.0,22.213719230615776,25.671266182892914,1.0,0.0,25.67,Other
002339.SZ,002339,积成电子,20100122,,主板,L,204012409.6,-14.7338403041825,未知,未知,,,9.23,230.7643,571.2863,2.6639,3.0651,465277.1689,441859.0021,183706864.60000002,False,0,0,False,False,10.74,8.95,-7.238883143743524,-27.54442649434572,-16.48044692737429,False,-14.7338403041825,-3.057119871279157,-25.5,-55.31,-79409226.83,,,,-213803689.8,,-4.115,0,465277.1689,183706864.60000002,1.0,1.5,PASS,False,0.2857142857142857,-25.5,-55.31,2.125,-27.625,,230.7643,2.6639,-4.115,,87.7931712264151,0.0,0.0,9.23,10.74,0,87.39977090492555,,0.12786259541984732,0,0,5.0,158,-9.91958321300846,False,-7.238883143743524,,-0.05307512242534676,False,False,独立池,-27.625,0.0,21.707333607471462,33.061397992971955,1.0,0.0,33.06,Other
002345.SZ,002345,潮宏基,20100128,,主板,L,191710875.9,-18.060498220640564,未知,未知,,,9.23,16.5006,14.3456,2.2093,1.2467,820097.2286,800452.7039,145746120.2,True,0,0,False,False,11.66,9.21,-5.246913580246915,-26.201923076923073,-21.01200686106346,False,-18.060498220640564,-3.057119871279157,39.94,176.84,263077229.59,99.8168,,,1425016242.39,102.7967,6.7694,0,820097.2286,145746120.2,1.0,1.5,PASS,False,0.2857142857142857,39.94,176.84,2.125,39.94,,16.5006,2.2093,6.7694,0.4131347020530796,87.7931712264151,10.0,0.0,9.23,11.66,0,70.67583046964491,,0.061068702290076333,0,0,5.0,158,-13.246241129466524,False,-5.246913580246915,,-0.005871534061090697,False,False,独立池,39.94,0.0,22.703807893993837,28.24351071969224,1.0,0.0,38.24,Other
002346.SZ,002346,柘中股份,20100128,,主板,L,152598264.05000004,5.879292403746117,未知,未知,,,20.35,21.1241,32.22,3.1055,1.3686,898605.9716,797950.9216,205344067.2,True,1,1,False,False,22.41,17.1,1.1431411530815172,-3.0490709861838883,-9.192324854975453,False,5.879292403746117,-3.057119871279157,69.42,-39.41,29116364.69,4336.4986,,,256983917.71,,0.0232,0,898605.9716,205344067.2,1.0,1.5,PASS,False,0.2857142857142857,69.42,-39.41,2.125,69.42,ESP-Q,21.1241,3.1055,0.0232,0.30429415154134254,87.7931712264151,0.0,0.0,20.35,22.41,0,78.92325315005728,,0.7881679389312977,1,1,100.0,158,10.693549494920157,True,1.1431411530815172,,0.0009461508177544463,False,False,独立池,69.42,0.0,23.13859013282577,78.30469397158234,0.7,0.0,54.81,Tier2
002347.SZ,002347,泰尔股份,20100128,,主板,L,162540762.90000004,-2.657004830917864,通用机械,机械设备,801072.SI,640000,8.18,,,3.7393,3.193,412846.4618,403587.213,190807966.40000004,True,0,0,False,False,8.76,7.59,-4.5023696682464305,-17.838939857288484,-7.990867579908667,False,-2.657004830917864,-3.057119871279157,10.57,-211.32,-8800991.0,,,,-205175445.28,,-0.6891,0,412846.4618,190807966.40000004,1.0,1.5,PASS,False,0.5952380952380952,10.57,-211.32,-0.595,11.760000000000002,ESP-Q,,3.7393,-0.6891,,108.90780749999999,0.0,0.0,8.18,8.76,0,96.90721649484536,,0.32653061224489793,0,0,5.0,15,-4.75746145192244,False,-4.5023696682464305,,-0.009457874659935413,False,False,通用机械,11.760000000000002,0.19413876306131314,50.0,41.572164948453604,0.7,0.0,29.1,Other
601678.SH,601678,滨化股份,20100223,,主板,L,696209969.8499999,17.554240631163708,化学原料,化工,801033.SI,220000,6.12,55.8762,45.6535,1.0769,9.7947,1258783.8009,1250521.8009,1734402715.6,False,2,2,False,False,6.79,4.93,2.581755593803803,7.387387387387401,-12.223858615611194,False,17.554240631163708,-3.057119871279157,79.84,-49.33,119408939.33,81.5392,,,312631927.03,82.9693,1.2619,1,1258783.8009,1734402715.6,1.0,1.5,PASS,False,0.7142857142857143,79.84,-49.33,6.035,79.84,ESP-Q,55.8762,1.0769,1.2619,0.6998522044088176,92.88029999999999,0.0,0.0,6.12,6.79,10,65.2348224513173,,0.9259259259259259,1,1,75.0,9,24.289154424267156,True,2.581755593803803,,-0.006359041660892306,True,False,化学原料,79.84,0.30262508186656273,50.0,67.0704467353952,0.7,10.0,36.95,Other
002591.SZ,002591,恒大高新,20110621,,主板,L,227029920.5,22.046109510086453,化学制品,化工,801034.SI,220000,8.64,,,4.0547,8.0307,259372.3542,193114.7672,163190249.4,True,2,0,False,False,9.41,6.77,-5.363128491620095,7.623888182973326,-9.989373007438884,False,22.046109510086453,-3.057119871279157,672.93,-21.87,5412149.55,87.0511,,,-58079237.27,392.265,0.9767,0,259372.3542,163190249.4,1.0,1.5,PASS,False,0.2619047619047619,672.93,-21.87,5.17,672.93,ESP-Q,,4.0547,0.9767,,72.11200512820513,0.0,0.0,8.64,9.41,0,68.15578465063001,,0.8367346938775511,1,1,100.0,15,23.315503022075166,True,-5.363128491620095,,-0.022376630680012183,True,False,化学制品,672.93,1.4954688485734002,68.0,84.046735395189,0.7,0.0,58.83,Tier2
002355.SZ,002355,兴民智通,20100209,,主板,L,167241348.75000003,3.678929765886285,汽车零部件,汽车,801093.SI,280000,6.21,,,5.0723,4.6419,415126.701,383881.4897,165588399.8,True,1,0,False,False,6.77,5.62,-6.202723146747358,-17.880794701986748,-8.419497784342678,False,3.678929765886285,-3.057119871279157,-3256.04,51.86,-44827377.86,,,,-188390458.88,,-18.8444,0,415126.701,165588399.8,1.0,1.5,PASS,False,0.47619047619047616,-3256.04,51.86,-7.74,-1628.02,,,5.0723,-18.8444,,70.26558985507246,0.0,0.0,6.21,6.77,0,68.49942726231386,,0.5945945945945946,0,1,55.0,23,1.8115860031478803,False,-6.202723146747358,,-0.030570222317402727,False,False,汽车零部件,-1499.4703,-5.602525007200784,5.0,49.049828178694156,1.0,0.0,49.05,Other
002353.SZ,002353,杰瑞股份,20100205,,主板,L,2393558394.6,13.512590695689264,专用设备,机械设备,801074.SI,640000,133.25,50.8972,48.6716,5.8074,2.6619,13642878.9747,9208089.5449,2014291867.8,False,0,0,False,False,151.99,115.85,-3.539823008849574,28.235294117647047,-12.507401802750195,False,13.512590695689264,-3.057119871279157,25.58,11.69,580239869.31,98.6377,,,6276855958.19,-181.3854,2.5292,0,13642878.9747,2014291867.8,1.0,1.5,PASS,False,0.5714285714285714,25.58,11.69,-11.475,48.53,ESP-Q,50.8972,5.8074,2.5292,1.9897263487099297,213.18103214285716,0.0,0.0,133.25,151.99,0,65.2348224513173,,0.875,1,1,75.0,10,17.89470701670332,True,-3.539823008849574,,-0.047070526713068744,False,False,专用设备,48.53,0.41662733422582876,50.0,67.0704467353952,0.7,0.0,46.95,Other
002354.SZ,002354,天娱数科,20100209,,主板,L,910439776.0500001,19.929453262786588,未知,未知,,,6.76,,,8.1333,10.5242,1118500.0143,1098968.9946,1665434409.6000001,False,2,1,False,False,7.49,5.38,5.590062111801242,0.591715976331364,-9.212283044058744,False,19.929453262786588,-3.057119871279157,459.04,40.07,30749599.02,101.681,,,-29804252.790000007,123.8457,2.3601,0,1118500.0143,1665434409.6000001,1.0,1.5,PASS,False,0.2857142857142857,459.04,40.07,2.125,459.04,,,8.1333,2.3601,,87.7931712264151,0.0,0.0,6.76,7.49,0,73.8831615120275,CHASE,0.9217557251908397,1,1,75.0,158,24.74371035396063,True,5.590062111801242,,0.012307172487589791,True,False,独立池,459.04,0.0,28.88485390126871,65.441919233862,1.0,0.0,65.44,Tier2
002549.SZ,002549,凯美特气,20110218,,主板,L,1188394934.8500001,-12.832929782082314,化学制品,化工,801034.SI,220000,18.03,182.8751,263.7333,6.0422,3.0501,1253712.2655,1248324.2254,979318545.4,True,0,0,False,False,21.23,17.98,-9.819639278557112,-14.570479354532518,-15.214319359397077,False,-12.832929782082314,-3.057119871279157,-72.08,3719.55,7986101.53,74.4136,,,175966820.03,-77.5618,0.5189,1,1253712.2655,979318545.4,1.0,1.5,PASS,False,0.2619047619047619,-72.08,3719.55,5.17,-77.25,ESP-Q,182.8751,6.0422,0.5189,,72.11200512820513,0.0,0.0,18.03,21.23,10,76.28865979381443,,0.2653061224489796,0,0,5.0,15,-11.5635362700936,False,-9.819639278557112,,-0.048833138986368325,False,False,化学制品,-77.25,-0.19604797107222255,32.0,31.786597938144332,0.7,10.0,12.25,Other
002455.SZ,002455,百川股份,20100803,,主板,L,727805272.5,-13.888888888888895,化学制品,化工,801034.SI,220000,9.71,,,2.5583,6.2912,701511.0875,641648.4258,492563013.3999999,False,0,0,False,False,12.27,9.39,-3.9000000000000035,-33.81542699724518,-21.67889160554197,False,-13.888888888888895,-3.057119871279157,-91.98,-256.53,3278706.06,17.6814,,,-101098110.61,177.1832,0.8181,0,701511.0875,492563013.3999999,1.0,1.5,PASS,False,0.2619047619047619,-91.98,-256.53,5.17,-97.15,ESP-Q,,2.5583,0.8181,,72.11200512820513,0.0,0.0,9.71,12.27,0,85.10882016036655,,0.22448979591836735,0,0,5.0,15,-12.61949537690018,False,-3.9000000000000035,,-0.014223887233038574,False,False,化学制品,-97.15,-0.24091878169227096,32.0,34.432646048109966,0.7,0.0,24.1,Other
002375.SZ,002375,亚厦股份,20100323,,主板,L,165345965.45,8.557457212713949,装修装饰,建筑装饰,801722.SI,620000,4.44,18.0313,18.0898,0.7148,2.3751,594958.4451,590962.4287,211582703.99999997,False,2,2,False,False,5.08,3.99,-1.7699115044247593,2.5404157043879882,-12.598425196850382,False,8.557457212713949,-3.057119871279157,37.77,1.11,63379375.16,96.5022,,,679776712.4399999,-556.4895,0.7921,0,594958.4451,211582703.99999997,1.0,1.5,PASS,False,0.6904761904761905,37.77,1.11,15.48,37.77,ESP-Q,18.0313,0.7148,0.7921,0.47739740534815994,84.0898,10.0,0.0,4.44,5.08,0,98.3963344788087,,0.8571428571428571,1,1,75.0,3,1.9426712204960292,False,-1.7699115044247593,,-0.011044494031191858,False,False,装修装饰,37.77,0.4362508155659011,50.0,77.0189003436426,0.7,0.0,63.91,Tier1
601688.SH,601688,华泰证券,20100226,,主板,L,2174845755.2999997,-1.5822784810126667,证券,非银金融,801193.SI,490000,18.16,10.0057,9.3451,0.9204,1.7843,16392784.6354,13269072.7205,2020253250.6000001,True,0,0,False,False,19.92,18.12,0.7559395248380119,-15.02732240437159,-6.325301204819289,False,-1.5822784810126667,-3.057119871279157,32.86,80.08,4801848057.26,100.0281,,,41165121254.75,611.4136,2.295,0,16392784.6354,2020253250.6000001,1.0,1.5,PASS,False,0.07142857142857142,32.86,80.08,30.57,2.289999999999999,,10.0057,0.9204,2.295,0.30449482653682286,30.16254222222222,10.0,0.0,18.16,19.92,0,84.5360824742268,,0.5777777777777777,0,0,5.0,14,0.7347946897190316,False,0.7559395248380119,,-0.0010725160587588406,False,False,证券,2.289999999999999,-0.05670905989990081,32.0,34.26082474226804,1.0,0.0,44.26,Other
601058.SH,601058,赛轮轮胎,20110630,,主板,L,622651197.5999999,-9.104046242774565,汽车零部件,汽车,801093.SI,280000,12.79,11.9389,11.8788,1.8761,0.9486,4205480.2313,4205480.2313,540081850.6,False,0,0,False,False,14.7,12.32,-1.9485580670303926,-21.07904642409033,-14.421768707482984,False,-9.104046242774565,-3.057119871279157,2.25,-13.4,1030078521.89,97.5129,,,9134829966.51,14.0537,4.7983,0,4205480.2313,540081850.6,1.0,1.5,PASS,False,0.47619047619047616,2.25,-13.4,-7.74,1.125,,11.9389,1.8761,4.7983,5.306177777777778,70.26558985507246,10.0,0.0,12.79,14.7,0,65.2348224513173,,0.20270270270270271,0,0,5.0,23,-10.97139000551297,False,-1.9485580670303926,,0.008499163394645756,False,False,汽车零部件,1.125,0.050526324303815186,50.0,32.070446735395194,1.0,0.0,42.07,Other
601179.SH,601179,中国西电,20100128,,主板,L,4150054934.2,-9.89379541643376,未知,未知,,,16.25,65.6036,63.0362,3.5668,2.1793,8329558.822,8329558.822,3276153213.4,True,0,0,False,False,19.89,16.1,-5.950991831971997,4.811443433029905,-18.954248366013072,False,-9.89379541643376,-3.057119871279157,,19.86,,,,,2727361009.6,,,0,8329558.822,3276153213.4,1.0,1.5,PASS,False,0.2857142857142857,,19.86,2.125,0.0,DATA-INC,65.6036,3.5668,,,87.7931712264151,0.0,0.0,16.25,19.89,0,65.2348224513173,,0.2900763358778626,0,0,5.0,158,-5.079538325259719,False,-5.950991831971997,,-0.007600863820283787,False,False,独立池,0.0,0.0,22.114757601627915,26.493398255720773,1.0,0.0,26.49,Other
002361.SZ,002361,神剑股份,20100303,,主板,L,5093530011.2,-23.754958131335393,塑料,化工,801036.SI,220000,17.36,1241.52,,7.5345,11.844,1650996.7062,1404456.9649,2675870096.0,True,1,0,False,False,23.95,16.91,-8.514013749338966,28.816083395383487,-27.766179540709814,False,-23.754958131335393,-3.057119871279157,-194.26,-74.7,-10923302.21,,,,44018124.39999999,,-0.2401,0,1650996.7062,2675870096.0,1.0,1.5,PASS,False,0.7619047619047619,-194.26,-74.7,-1.1600000000000001,-97.13,,1241.52,7.5345,-0.2401,,196.25642,0.0,0.0,17.36,23.95,0,57.61741122565864,,0.11764705882352941,0,0,5.0,6,-27.895085519870413,False,-8.514013749338966,,-0.008708798884143946,False,False,塑料,-97.13,-1.1339567318135744,22.0,24.185223367697596,1.0,0.0,24.19,Other
002368.SZ,002368,太极股份,20100312,,主板,L,241859466.09999993,-20.957498778700533,未知,未知,,,16.13,,,2.5265,1.8774,1005272.0643,1002598.7749,231630009.20000002,False,0,0,False,False,20.68,15.93,-0.30807147258163914,-27.832292595896526,-21.760154738878146,False,-20.957498778700533,-3.057119871279157,-45398.87,-504.26,-122427915.42,,,,-914602505.45,,-2.9625,0,1005272.0643,231630009.20000002,1.0,1.5,PASS,False,0.2857142857142857,-45398.87,-504.26,2.125,-45400.995,,,2.5265,-2.9625,,87.7931712264151,0.0,0.0,16.13,20.68,0,84.5360824742268,,0.03435114503816794,0,0,5.0,158,-16.14324168752649,False,-0.30807147258163914,,-0.005366438264200318,False,False,独立池,-1499.4703,0.0,0.0,27.86082474226804,1.0,0.0,27.86,Other
002371.SZ,002371,北方华创,20100316,,主板,L,8209436382.2,47.21334043876011,半导体,电子,801081.SI,270000,669.0,87.8149,86.9639,12.3405,2.7416,48491302.0104,48452543.3616,11954680708.4,True,0,0,False,False,721.6,446.71,11.991554054054054,36.04539018734738,-8.122228381374729,False,47.21334043876011,-3.057119871279157,3.6,-4.22,1626678172.85,99.5069,,,15245652309.95,41.6765,4.245,0,48491302.0104,11954680708.4,1.0,1.5,PASS,False,0.8333333333333334,3.6,-4.22,20.14,-16.54,,87.8149,12.3405,4.245,24.393027777777775,137.7359375,0.0,0.0,669.0,721.6,0,94.04352806414661,CHASE,0.9642857142857143,1,1,100.0,9,28.32755291219589,True,11.991554054054054,OVERHEAT,0.01929622756109763,True,True,半导体,-16.54,-0.3382673757236769,32.0,84.61305841924398,1.0,0.0,84.61,Tier2
002373.SZ,002373,千方科技,20100318,,主板,L,251181697.8,-13.571428571428568,未知,未知,,,8.52,50.154,262.9793,1.1742,1.5678,1346320.3592,1173704.3166,205154455.6,False,0,0,False,False,10.07,8.46,-1.1668611435239118,-27.420736932305047,-15.888778550148952,False,-13.571428571428568,-3.057119871279157,-84.15,108.11,-40298130.78,-1078.6805,,,122586891.89,-3091.558,0.0324,0,1346320.3592,205154455.6,1.0,1.5,PASS,False,0.2857142857142857,-84.15,108.11,2.125,-86.275,ESP-Q,50.154,1.1742,0.0324,,87.7931712264151,0.0,0.0,8.52,10.07,0,84.5360824742268,,0.16603053435114504,0,0,5.0,158,-8.757171480254527,False,-1.1668611435239118,,-0.001269817753064584,False,False,独立池,-86.275,0.0,20.842341127570073,32.029292967782055,0.7,0.0,22.42,Other
002380.SZ,002380,科远智慧,20100331,,主板,L,500608532.0,43.13784764207982,未知,未知,,,50.66,87.5331,78.825,5.0966,13.0462,1215797.6938,720405.4133,931450518.6,True,0,0,False,False,48.48,32.5,12.25699383594121,47.830159225725886,-2.3308580858085737,False,43.13784764207982,-3.057119871279157,29.45,-54.14,71473721.17,93.7378,,,504445962.05,23.4865,3.1832,0,1215797.6938,931450518.6,1.0,1.5,PASS,False,0.2857142857142857,29.45,-54.14,2.125,29.45,ESP-Q,87.5331,5.0966,3.1832,2.9722614601018678,87.7931712264151,0.0,0.0,50.66,48.48,0,78.57961053837343,CHASE,0.9790076335877863,1,1,100.0,158,47.95210473325386,True,12.25699383594121,OVERHEAT,-0.005421702963651556,True,True,独立池,29.45,0.0,22.549097389063476,78.08370263932473,0.7,0.0,54.66,Tier2
002397.SZ,002397,梦洁股份,20100429,,主板,L,191437392.85,25.179856115107913,服装家纺,纺织服装,801132.SI,350000,5.28,82.8248,73.8441,3.2224,2.369,394828.6019,342063.7957,128275780.59999998,False,2,1,False,False,5.91,4.08,-0.5714285714285783,16.258351893095767,-11.675126903553302,False,25.179856115107913,-3.057119871279157,109.75,161.71,14134779.06,89.2695,,,96811814.99000001,182.6761,1.3007,1,394828.6019,128275780.59999998,1.0,1.5,PASS,False,0.09523809523809523,109.75,161.71,17.65,109.75,,82.8248,3.2224,1.3007,0.7546678815489749,126.22243636363636,0.0,0.0,5.28,5.91,10,83.16151202749141,CHASE,0.8,1,1,75.0,5,18.8483849791675,True,-0.5714285714285783,,0.003972601402645004,True,False,服装家纺,109.75,-0.03136025849032306,32.0,68.84845360824742,1.0,10.0,58.85,Tier2
002378.SZ,002378,章源钨业,20100331,,主板,L,2428772840.75,-13.565056905567507,稀有金属,有色金属,801054.SI,240000,29.05,120.1725,55.4717,12.831,3.9313,3490118.3197,3471827.5769,1451638681.2,False,1,0,False,False,35.88,27.2,-7.138136153337737,-7.868852459016384,-21.683389074693427,False,-13.565056905567507,-3.057119871279157,824.73,64.25,378435519.01,99.2454,,,976686698.62,-0.9208,15.0816,0,3490118.3197,1451638681.2,1.0,1.5,PASS,False,0.8809523809523809,824.73,64.25,52.894999999999996,824.73,ESP-Q,120.1725,12.831,15.0816,0.14571132370594012,107.82666666666667,0.0,0.0,29.05,35.88,0,65.2348224513173,,0.3125,0,0,5.0,5,-5.108072451341172,False,-7.138136153337737,,-0.019163419109876293,False,False,稀有金属,824.73,3.062183169465055,95.18654950839516,41.107756637074225,0.7,0.0,28.78,Other
002383.SZ,002383,合众思壮,20100402,,主板,L,151984063.5,-12.82051282051282,未知,未知,,,8.62,,,4.2511,1.256,638190.5829,638190.5829,111743229.39999999,False,0,0,False,False,10.4,8.45,-4.279279279279291,-23.62982929020665,-18.26923076923077,False,-12.82051282051282,-3.057119871279157,-192.05,26.39,-1264390.71,-298.7357,,,-222607439.07,-3078.9829,0.0281,0,638190.5829,111743229.39999999,1.0,1.5,PASS,False,0.2857142857142857,-192.05,26.39,2.125,-194.175,ESP-Q,,4.2511,0.0281,,87.7931712264151,0.0,0.0,8.62,10.4,0,65.2348224513173,,0.17938931297709923,0,0,5.0,158,-8.006255729338779,False,-4.279279279279291,,-0.02691258178639776,False,False,独立池,-194.175,0.0,19.250990938629585,25.92064492312111,0.7,0.0,18.14,Other
002421.SZ,002421,达实智能,20100603,,主板,L,565560464.9,38.947368421052616,未知,未知,,,4.36,,,3.4047,32.3232,924573.5946,873472.4531,1651867364.4,False,4,4,False,True,4.7,2.65,23.364485981308402,34.23728813559321,-15.74468085106383,False,38.947368421052616,-3.057119871279157,57.47,-25795.11,-19003668.8,,,,-705695098.9399999,,-0.5956,0,924573.5946,1651867364.4,1.0,1.5,PASS,False,0.2857142857142857,57.47,-25795.11,2.125,57.47,ESP-Q,,3.4047,-0.5956,,87.7931712264151,0.0,0.0,4.36,4.7,0,65.2348224513173,,0.9732824427480916,1,1,75.0,158,43.76162551222666,True,23.364485981308402,突破型|OVERHEAT,-0.021496131312131836,True,True,独立池,57.47,0.0,22.96234699327212,61.66291613404962,0.7,0.0,43.16,Other
002384.SZ,002384,东山精密,20100409,,主板,L,18221951501.95,22.17827626918536,元件,电子,801083.SI,270000,220.55,291.4442,198.0107,17.8446,6.0853,40396104.1183,30575325.6008,19457361018.4,False,2,0,False,False,230.0,156.01,1.780181952298987,162.28614877708782,-10.013043478260874,False,22.17827626918536,-3.057119871279157,166.99,7.5,1059278407.74,95.4397,,,3753184585.99,85.0721,5.0337,0,40396104.1183,19457361018.4,1.0,1.5,PASS,False,0.7380952380952381,166.99,7.5,13.02,166.99,ESP-Q,291.4442,17.8446,5.0337,1.745279358045392,255.29024,0.0,0.0,220.55,230.0,0,91.29438717067583,CHASE,0.6538461538461539,0,1,50.0,8,7.798855713610131,True,1.780181952298987,,-0.0065959973022942,True,False,元件,166.99,-0.016348120445405397,32.0,58.78831615120275,0.7,0.0,41.15,Other
002386.SZ,002386,天原股份,20100409,,主板,L,383194190.6499999,-6.471494607087824,化学原料,化工,801033.SI,220000,6.2,91.9342,52.7527,1.0545,1.6539,807021.1853,806870.8129,197299489.8,True,0,0,False,False,7.44,6.04,-6.037151702786369,-1.3008130081300862,-18.413978494623663,False,-6.471494607087824,-3.057119871279157,492.67,77.63,74606929.29,97.439,,,-37890007.68999999,-285.6024,1.0057,0,807021.1853,197299489.8,1.0,1.5,PASS,False,0.7142857142857143,492.67,77.63,6.035,492.67,ESP-Q,91.9342,1.0545,1.0057,0.18660401485781558,92.88029999999999,0.0,0.0,6.2,7.44,0,83.73424971363116,,0.5555555555555556,0,0,5.0,9,0.2634191860156232,False,-6.037151702786369,,-0.02958576844312923,False,False,化学原料,492.67,1.581898384412134,68.0,41.220274914089345,0.7,0.0,28.85,Other
002377.SZ,002377,国创高新,20100323,,主板,L,166652934.85000002,-6.666666666666654,未知,未知,,,3.18,147.5281,119.4632,7.3303,3.2048,291391.4139,277430.4094,89314478.60000001,False,0,0,False,False,3.77,3.05,-8.059701492537318,-18.947368421052623,-18.302387267904507,False,-6.666666666666654,-3.057119871279157,371.34,98.23,6626476.32,97.0402,,,-23056862.96,-589.7453,1.7328,0,291391.4139,89314478.60000001,1.0,1.5,PASS,False,0.2857142857142857,371.34,98.23,2.125,371.34,ESP-Q,147.5281,7.3303,1.7328,0.3972857758388539,87.7931712264151,0.0,0.0,3.18,3.77,0,87.17067583046965,,0.4198473282442748,0,0,5.0,158,-1.8524095754926133,False,-8.059701492537318,,0.007153443401170856,False,False,独立池,371.34,0.0,27.591420985883342,34.16948694631756,0.7,0.0,23.92,Other
002407.SZ,002407,多氟多,20100518,,主板,L,6126976867.099999,27.73082942097027,化学制品,化工,801034.SI,220000,42.7,238.8867,97.0838,5.9527,22.1565,5083147.0696,4606336.5632,8664781876.400002,True,3,2,False,True,43.89,29.54,11.900191938579674,34.24342105263158,-7.017543859649122,False,27.73082942097027,-3.057119871279157,1724.01,124.45,380151002.68,101.2308,,,450740969.78000003,-138.4745,4.3749,0,5083147.0696,8664781876.400002,1.0,1.5,PASS,False,0.2619047619047619,1724.01,124.45,5.17,1724.01,ESP-Q,238.8867,5.9527,4.3749,0.13856456749090781,72.11200512820513,0.0,10.0,42.7,43.89,0,79.15234822451318,CHASE,0.8775510204081632,1,1,100.0,15,29.000222932958984,True,11.900191938579674,突破型|OVERHEAT,-0.005243385240136364,True,True,化学制品,1724.01,3.865459382569403,97.59637814770821,93.2649800968956,0.7,10.0,55.29,Tier2
002387.SZ,002387,维信诺,20100413,,主板,L,177548193.09999996,4.854368932038833,光学光电子,电子,801084.SI,270000,8.64,,,4.6286,2.779,1206831.7812,1205248.7604,346652974.8,False,0,0,False,False,9.27,7.8,8.1351689612015,-4.950495049504944,-6.796116504854355,False,4.854368932038833,-3.057119871279157,-40.41,9.01,-826833108.02,,,,-6464568631.35,,-21.3151,0,1206831.7812,346652974.8,1.0,1.5,PASS,False,0.9761904761904762,-40.41,9.01,-19.355800000000002,-20.205,,,4.6286,-21.3151,,243.17919999999998,0.0,0.0,8.64,9.27,0,67.81214203894616,,0.5217391304347826,0,1,40.0,7,0.0,False,8.1351689612015,OVERHEAT,0.03486065841298601,False,True,光学光电子,-20.205,-0.1158778256928391,32.0,46.743642611683846,1.0,0.0,46.74,Other
002389.SZ,002389,航天彩虹,20100413,,主板,L,513051611.55000013,-7.78175313059033,航空装备,国防军工,801742.SI,650000,20.36,744.5092,126.1907,2.49,1.8683,2005289.0188,2004973.7543,374138993.6,False,0,0,False,False,23.16,20.62,-3.101503759398494,-14.687629292511383,-10.967184801381691,False,-7.78175313059033,-3.057119871279157,-84.89,-795.37,-61403500.84,-60.7412,,,-143803780.01,-149.3629,1.2541,0,2005289.0188,374138993.6,1.0,1.5,PASS,False,0.5238095238095238,-84.89,-795.37,-13.16,-42.445,ESP-Q,744.5092,2.49,1.2541,,161.41275,0.0,0.0,20.36,23.16,0,66.7812142038946,,0.5,0,0,5.0,5,-0.688248768128263,False,-3.101503759398494,,-0.029054185280066234,False,False,航空装备,-42.445,-0.15049599033091277,32.0,28.934364261168383,0.7,0.0,20.25,Other
601101.SH,601101,昊华能源,20100331,,主板,L,521549084.0499999,25.74850299401199,未知,未知,,,10.25,28.8047,26.5633,1.1987,1.9228,1475997.8742,1475997.8742,413353391.8,True,2,0,False,False,11.88,8.16,-1.4084507042253502,31.086142322097388,-11.616161616161625,False,25.74850299401199,-3.057119871279157,17.84,-52.91,322140364.15,100.7378,,,1814990014.9099998,180.6593,2.6422,0,1475997.8742,413353391.8,1.0,1.5,PASS,False,0.2857142857142857,17.84,-52.91,2.125,17.84,ESP-Q,28.8047,1.1987,2.6422,1.6146132286995516,87.7931712264151,0.0,0.0,10.25,11.88,0,65.2348224513173,,0.950381679389313,1,1,100.0,158,30.562760085186028,True,-1.4084507042253502,,-0.005795062130699001,True,False,独立池,17.84,0.0,22.377868698668674,74.04602047512893,0.7,0.0,51.83,Tier2
002410.SZ,002410,广联达,20100525,,主板,L,413377781.6999999,-11.5891132572432,未知,未知,,,9.92,40.451,40.0201,2.8748,2.111,1638728.7873,1557557.4726,371614827.4,False,0,0,False,False,11.74,10.06,-1.851851851851849,-27.134587554269174,-14.224872231686536,False,-11.5891132572432,-3.057119871279157,24.08,99.68,23587159.47,68.9702,,,860408979.4200001,-683.7748,0.5641,0,1638728.7873,371614827.4,1.0,1.5,PASS,False,0.2857142857142857,24.08,99.68,2.125,24.08,ESP-Q,40.451,2.8748,0.5641,1.679858803986711,87.7931712264151,0.0,0.0,9.92,11.74,0,83.73424971363116,,0.21755725190839695,0,0,5.0,158,-6.77485616606916,False,-1.851851851851849,,-0.010240057268768638,False,False,独立池,24.08,0.0,22.469898589113424,32.11425463191203,0.7,0.0,22.48,Other
002408.SZ,002408,齐翔腾达,20100518,,主板,L,272057779.04999995,-14.992272024729514,未知,未知,,,5.57,,,1.4448,1.0391,1583469.0135,1532360.931,170588061.6,False,0,0,False,False,6.79,5.47,-5.335628227194489,-8.637873754152814,-18.998527245949926,False,-14.992272024729514,-3.057119871279157,-1766.92,-3905.64,-92400315.01,,,,-797210220.8199999,,-0.8304,0,1583469.0135,170588061.6,1.0,1.5,PASS,False,0.2857142857142857,-1766.92,-3905.64,2.125,-1769.045,,,1.4448,-0.8304,,87.7931712264151,0.0,0.0,5.57,6.79,0,65.2348224513173,,0.1183206106870229,0,0,5.0,158,-10.178014933555474,False,-5.335628227194489,,-0.08297809404364083,False,False,独立池,-1499.4703,0.0,0.0,22.07044673539519,1.0,0.0,22.07,Other
002400.SZ,002400,省广集团,20100506,,主板,L,1131601364.3500001,-6.480446927374306,未知,未知,,,8.37,162.1854,183.3398,2.9116,4.1152,1459173.1761,1444799.7853,1151548299.4,True,0,0,False,False,9.88,8.2,-5.743243243243256,-22.06703910614526,-15.283400809716618,False,-6.480446927374306,-3.057119871279157,10.87,-176.76,22519382.48,147.1043,,,101900804.09,-7434.2719,0.3056,0,1459173.1761,1151548299.4,1.0,1.5,PASS,False,0.2857142857142857,10.87,-176.76,2.125,10.87,ESP-Q,162.1854,2.9116,0.3056,14.920459981600736,87.7931712264151,0.0,0.0,8.37,9.88,0,71.24856815578465,,0.4255725190839695,0,0,5.0,158,-1.6661898362002656,False,-5.743243243243256,,-0.026639817352643525,False,False,独立池,10.87,0.0,22.275072490912276,28.329584944917848,0.7,0.0,19.83,Other
002406.SZ,002406,远东传动,20100518,,主板,L,381625718.2,5.781865965834432,汽车零部件,汽车,801093.SI,280000,8.14,38.0498,34.39,1.4435,5.1059,594403.2167,490201.299,427704514.00000006,True,1,0,False,False,8.63,7.54,-4.507710557532607,-3.4772182254196538,-6.7207415990729995,False,5.781865965834432,-3.057119871279157,76.88,55.13,35592728.81,79.0545,,,274775244.43,49.3722,1.0994,0,594403.2167,427704514.00000006,1.0,1.5,PASS,False,0.47619047619047616,76.88,55.13,-7.74,92.35999999999999,ESP-Q,38.0498,1.4435,1.0994,0.4949245577523413,70.26558985507246,0.0,0.0,8.14,8.63,0,83.16151202749141,,0.6756756756756757,0,1,55.0,23,3.914522203096027,False,-4.507710557532607,,-0.012373499530343687,False,False,汽车零部件,92.35999999999999,0.3942273463114291,50.0,62.44845360824742,0.7,0.0,43.71,Other
002405.SZ,002405,四维图新,20100518,,主板,L,594823951.85,4.725274725274731,未知,未知,,,9.46,216.6055,201.0383,2.5448,4.1105,2242633.778,2228384.2661,782176691.3999999,True,0,0,False,False,9.88,8.68,6.718924972004481,-11.595547309833021,-3.5425101214575094,False,4.725274725274731,-3.057119871279157,8.15,-32.44,-139531419.57,,,,-2657903336.96,,-1.6263,0,2242633.778,782176691.3999999,1.0,1.5,PASS,False,0.2857142857142857,8.15,-32.44,2.125,8.15,ESP-Q,216.6055,2.5448,-1.6263,26.577361963190185,87.7931712264151,0.0,10.0,9.46,9.88,0,68.49942726231386,,0.7767175572519084,1,1,100.0,158,9.539531816448772,True,6.718924972004481,,0.014990082153083553,False,False,独立池,8.15,0.0,22.234956897641492,74.99681955822246,0.7,10.0,42.5,Other
002402.SZ,002402,和而泰,20100511,,主板,L,1298788923.2500002,-4.627006610009444,电子制造,电子,801085.SI,270000,30.92,43.0938,43.0562,4.1449,4.0107,2858981.5772,2531003.3016,1153033181.3999999,False,0,0,False,False,33.92,30.18,-3.349282296650724,-15.739710789766404,-10.672169811320753,False,-4.627006610009444,-3.057119871279157,1.71,85.82,164511669.91,96.7856,,,1714849877.97,-16.3189,2.4977,0,2858981.5772,1153033181.3999999,1.0,1.5,PASS,False,0.40476190476190477,1.71,85.82,-24.075000000000003,0.855,ESP-Q,43.0938,4.1449,2.4977,25.20105263157895,87.6280681818182,0.0,0.0,30.92,33.92,0,65.2348224513173,,0.2692307692307692,0,0,5.0,8,-9.255475375564448,False,-3.349282296650724,,-0.022013782600973798,False,False,电子制造,0.855,-0.30075779957767806,32.0,28.470446735395193,0.7,0.0,19.93,Other
002409.SZ,002409,雅克科技,20100525,,主板,L,2412484928.3500004,30.03767553373673,半导体,电子,801081.SI,270000,116.5,55.428,55.0747,6.8441,10.8329,5544557.4487,3710790.0026,4604007565.6,False,1,1,False,False,125.0,80.25,5.992927600967812,22.988878090918917,-8.879999999999999,False,30.03767553373673,-3.057119871279157,-3.81,5.91,244385624.22,91.6373,,,2521716206.29,-11.9372,3.3401,0,5544557.4487,4604007565.6,1.0,1.5,PASS,False,0.8333333333333334,-3.81,5.91,20.14,-23.95,ESP-Q,55.428,6.8441,3.3401,,137.7359375,10.0,0.0,116.5,125.0,0,65.2348224513173,,0.7857142857142857,1,1,85.0,9,11.15188800717251,True,5.992927600967812,,0.002890945593561781,True,False,半导体,-23.95,-0.35534805588047186,32.0,68.4704467353952,0.7,0.0,57.93,Tier2
002415.SZ,002415,海康威视,20100528,,主板,L,2285477651.45,-6.2259116513489365,计算机设备,计算机,801101.SI,710000,31.83,20.5502,19.5288,3.6837,0.4624,29171786.1437,28794698.1358,1859306905.7999997,False,0,0,False,False,37.09,31.6,-4.498792270531393,-2.195423623995063,-14.720949042868703,False,-6.2259116513489365,-3.057119871279157,37.44,15.98,2647647238.1,95.199,,,30810777414.54,-57.505,3.2833,0,29171786.1437,1859306905.7999997,1.0,1.5,PASS,False,0.5476190476190477,37.44,15.98,0.49,37.44,ESP-Q,20.5502,3.6837,3.2833,0.548883547008547,108.09019285714285,10.0,0.0,31.83,37.09,0,92.43986254295532,,0.3333333333333333,0,0,5.0,5,-3.24972117515846,False,-4.498792270531393,,-0.016767439466767228,False,False,计算机设备,37.44,0.45020732211736086,50.0,40.23195876288659,0.7,0.0,38.16,Other
002414.SZ,002414,高德红外,20100716,,主板,L,1404406290.15,-4.405594405594416,未知,未知,,,13.95,86.8222,61.5114,8.043,1.4888,5957676.8707,4741064.3412,911120878.6,False,0,0,False,False,15.52,13.53,-2.217453505007161,-17.101273499090354,-11.920103092783506,False,-4.405594405594416,-3.057119871279157,430.69,225.07,351779124.36,96.1404,,,1656946057.6100001,-25.0006,5.0649,0,5957676.8707,911120878.6,1.0,1.5,PASS,False,0.2857142857142857,430.69,225.07,2.125,430.69,ESP-Q,86.8222,8.043,5.0649,0.2015886136200051,87.7931712264151,0.0,0.0,13.95,15.52,0,65.2348224513173,,0.5190839694656488,0,0,5.0,158,0.4086626855796247,False,-2.217453505007161,,-0.017128447655149863,False,False,独立池,430.69,0.0,28.46673733170001,27.763794201735195,0.7,0.0,19.43,Other
002413.SZ,002413,雷科防务,20100528,,主板,L,1486179621.3500001,-19.50530035335689,未知,未知,,,11.48,,,4.6055,4.0948,1514603.1523,1487154.2106,744114159.2,False,0,0,False,False,15.5,11.3,-9.960474308300393,-21.6643741403026,-26.516129032258064,False,-19.50530035335689,-3.057119871279157,51.75,75.0,-19087887.3,,,,-278754726.53,,-0.4844,0,1514603.1523,744114159.2,1.0,1.5,PASS,False,0.2857142857142857,51.75,75.0,2.125,51.75,,,4.6055,-0.4844,,87.7931712264151,0.0,0.0,11.48,15.5,0,65.2348224513173,,0.04961832061068702,0,0,5.0,158,-14.69104326218285,False,-9.960474308300393,,-0.05813510488339273,False,False,独立池,51.75,0.0,22.87798626036443,26.646043987468076,1.0,0.0,26.65,Other
002418.SZ,002418,康盛股份,20100601,,主板,L,1169309448.45,-11.908646003262636,未知,未知,,,5.6,253.7786,366.4635,4.3703,6.3161,636384.0,636382.3413,702626068.9999999,False,2,0,False,False,7.12,5.39,-9.090909090909093,8.651911468812902,-24.157303370786508,False,-11.908646003262636,-3.057119871279157,-72.87,109.29,2941060.92,60.8504,,,31327903.82,174.7725,0.3325,0,636384.0,702626068.9999999,1.0,1.5,PASS,False,0.2857142857142857,-72.87,109.29,2.125,-74.995,ESP-Q,253.7786,4.3703,0.3325,,87.7931712264151,0.0,0.0,5.6,7.12,0,96.90721649484536,,0.20419847328244276,0,0,5.0,158,-7.094388912088595,False,-9.090909090909093,,-0.026293694735264047,False,False,独立池,-74.995,0.0,21.00870285260482,35.773905518974566,0.7,0.0,25.04,Other
002442.SZ,002442,龙星科技,20100706,,主板,L,164926986.55,28.621291448516573,橡胶,化工,801037.SI,220000,8.11,103.1594,205.9531,2.2205,19.0752,408168.1105,399549.5981,320361634.8000001,True,2,2,True,False,7.37,5.58,20.81967213114755,11.32930513595165,0.0,False,28.621291448516573,-3.057119871279157,-124.38,-83.73,-6947020.65,-78.6487,,,116439321.19999999,-2922.764,0.4799,0,408168.1105,320361634.8000001,1.0,1.5,PASS,False,0.42857142857142855,-124.38,-83.73,-32.245000000000005,-62.19,ESP-Q,103.1594,2.2205,0.4799,,52.724925,0.0,0.0,8.11,7.37,0,99.5418098510882,CHASE,1.0,1,1,100.0,2,20.967660163600364,True,20.81967213114755,LOCK|OVERHEAT,0.03344902521380236,True,True,橡胶,-62.19,-1.0089841576419571,22.0,84.26254295532647,0.7,0.0,58.98,Tier2
002426.SZ,002426,胜利精密,20100608,,主板,L,628562156.8,-9.92366412213741,电子制造,电子,801085.SI,270000,3.66,,,7.5858,4.1681,1245361.0853,1245351.5601,610006845.4,True,0,0,False,False,4.16,3.52,-6.842105263157894,-10.606060606060607,-14.903846153846157,False,-9.92366412213741,-3.057119871279157,-136.39,16.34,-77989644.96,,,,-889364566.2099999,,-4.4992,0,1245361.0853,610006845.4,1.0,1.5,PASS,False,0.40476190476190477,-136.39,16.34,-24.075000000000003,-68.195,,,7.5858,-4.4992,,87.6280681818182,0.0,0.0,3.66,4.16,0,88.31615120274914,,0.07692307692307693,0,0,5.0,8,-14.552132887692416,False,-6.842105263157894,,-0.04361630429988565,False,False,电子制造,-68.195,-0.503906176218463,22.0,33.39484536082474,1.0,0.0,33.39,Other
002456.SZ,002456,欧菲光,20100803,,主板,L,633660281.9999999,-8.37751855779426,光学光电子,电子,801084.SI,270000,8.89,717.0326,,7.9615,3.0825,2985308.8059,2949164.9649,618552988.0,True,0,0,False,False,9.62,8.36,-1.2571428571428456,-12.28426395939085,-10.187110187110171,False,-8.37751855779426,-3.057119871279157,-194.44,-134.95,-253466762.56,,,,-569281847.23,,-6.3659,0,2985308.8059,618552988.0,1.0,1.5,PASS,False,0.9761904761904762,-194.44,-134.95,-19.355800000000002,-97.22,,717.0326,7.9615,-6.3659,,243.17919999999998,0.0,0.0,8.89,9.62,0,92.43986254295532,,0.17391304347826086,0,0,5.0,7,-13.231887489833094,False,-1.2571428571428456,,-0.007407385747775467,False,False,光学光电子,-97.22,-0.9192532423888884,22.0,34.6319587628866,1.0,0.0,34.63,Other
002430.SZ,002430,杭氧股份,20100610,,主板,L,903228888.15,-9.17553191489361,化学制品,化工,801034.SI,220000,27.37,28.2211,27.1061,2.6592,1.2342,2677767.9508,2676615.1264,551770524.0,False,0,0,False,False,33.43,27.3,-8.842175508842177,-16.196319018404914,-18.276996709542324,False,-9.17553191489361,-3.057119871279157,13.04,5.68,251578025.2,94.8971,,,2351000166.32,137.0247,2.6433,0,2677767.9508,551770524.0,1.0,1.5,PASS,False,0.2619047619047619,13.04,5.68,5.17,13.04,ESP-Q,28.2211,2.6592,2.6433,2.1641947852760737,72.11200512820513,10.0,0.0,27.37,33.43,0,65.2348224513173,,0.4489795918367347,0,0,5.0,15,-7.906138402904895,False,-8.842175508842177,,-0.04012170438704647,False,False,化学制品,13.04,0.007539239524971842,50.0,32.070446735395194,0.7,0.0,32.45,Other
002434.SZ,002434,万里扬,20100618,,主板,L,184769710.99999997,2.6075619295958363,汽车零部件,汽车,801093.SI,280000,7.66,41.8774,49.232,1.6976,2.7625,1005451.6,1004471.3498,206597172.6,True,0,0,False,False,8.07,7.06,0.8974358974358942,-18.27622014537903,-2.478314745972743,False,2.6075619295958363,-3.057119871279157,-52.87,-141.67,43801435.79,60.9127,,,359278313.81,-12.1276,1.2216,0,1005451.6,206597172.6,1.0,1.5,PASS,False,0.47619047619047616,-52.87,-141.67,-7.74,-26.435,ESP-Q,41.8774,1.6976,1.2216,,70.26558985507246,0.0,0.0,7.66,8.07,0,67.81214203894616,,0.5405405405405406,0,1,55.0,23,0.7402181668574315,False,0.8974358974358942,,0.019998571188031895,False,False,汽车零部件,-26.435,-0.05329786779932331,32.0,54.243642611683846,0.7,0.0,37.97,Other
002436.SZ,002436,兴森科技,20100618,,主板,L,4749919528.05,18.007798652959938,元件,电子,801083.SI,270000,35.42,446.1224,417.1505,11.2796,12.4516,6020243.7601,5376509.5866,5067528626.4,False,1,0,False,False,36.41,25.96,5.7161003493172435,33.42685370741483,-8.569074430101619,False,18.007798652959938,-3.057119871279157,308.32,172.03,28173909.69,150.3034,,,364630152.78999996,,0.3508,0,6020243.7601,5067528626.4,1.0,1.5,PASS,False,0.7380952380952381,308.32,172.03,13.02,308.32,,446.1224,11.2796,0.3508,1.446946030098599,255.29024,0.0,0.0,35.42,36.41,0,91.29438717067583,CHASE,0.6153846153846154,0,1,40.0,8,3.628378097384708,False,5.7161003493172435,,0.011933851799494707,True,False,元件,308.32,0.24735299289489626,50.0,57.388316151202744,1.0,0.0,57.39,Tier2
002440.SZ,002440,闰土股份,20100706,,主板,L,441809667.34999996,-19.154443485763593,化学制品,化工,801034.SI,220000,9.59,16.1037,13.3854,1.0647,2.4104,1077915.9089,907558.6915,274760035.59999996,False,0,0,False,False,12.65,9.33,-5.9236947791164845,-38.436268068331145,-25.928853754940718,False,-19.154443485763593,-3.057119871279157,236.83,68.32,148670706.56,80.9209,,,834991402.2,6.6378,1.8314,0,1077915.9089,274760035.59999996,1.0,1.5,PASS,False,0.2619047619047619,236.83,68.32,5.17,236.83,,16.1037,1.0647,1.8314,0.06799687539585356,72.11200512820513,0.0,0.0,9.59,12.65,0,67.81214203894616,,0.061224489795918366,0,0,5.0,15,-17.88504997377488,False,-5.9236947791164845,,-0.023987115108655813,False,False,化学制品,236.83,0.5121441997591742,50.0,32.84364261168385,1.0,0.0,32.84,Other
002443.SZ,002443,金洲管道,20100706,,主板,L,487327544.54999995,32.948583420776515,未知,未知,,,12.47,47.1258,42.8744,1.8606,6.2205,649107.7934,647265.3472,567272385.2000002,True,1,0,False,False,13.88,9.3,2.7575020275750095,37.56786102062974,-8.717579250720464,False,32.948583420776515,-3.057119871279157,45.89,-31.98,35305024.33,88.4492,,,305240198.44,52.1921,1.146,0,649107.7934,567272385.2000002,1.0,1.5,PASS,False,0.2857142857142857,45.89,-31.98,2.125,45.89,ESP-Q,47.1258,1.8606,1.146,1.0269296142950533,87.7931712264151,0.0,0.0,12.47,13.88,0,82.13058419243985,CHASE,0.9675572519083969,1,1,100.0,158,37.76284051195056,True,2.7575020275750095,,0.022624882906324587,True,False,独立池,45.89,0.0,22.79156075427369,79.1974874085867,0.7,0.0,55.44,Tier2
002613.SZ,002613,北玻股份,20110830,,主板,L,226591411.05000004,1.5037593984962294,玻璃制造,建筑材料,801712.SI,610000,4.17,146.3534,434.407,2.079,7.2261,458937.1446,322621.189,176693673.6,False,0,0,False,False,4.6,3.76,1.5037593984962294,-2.4096385542168752,-11.956521739130432,False,1.5037593984962294,-3.057119871279157,-103.31,-66.56,-669936.55,-38.8651,,,61561824.849999994,7585.3161,0.0781,0,458937.1446,176693673.6,1.0,1.5,PASS,False,0.6428571428571429,-103.31,-66.56,-13.165,-51.655,ESP-Q,146.3534,2.079,0.0781,,140.98974,0.0,0.0,4.17,4.6,0,97.36540664375715,,0.6666666666666666,0,1,35.0,2,2.0018796992481103,False,1.5037593984962294,,0.017322919095597404,False,False,玻璃制造,-51.655,0.5579397369274272,50.0,56.70962199312714,0.7,0.0,39.7,Other
002439.SZ,002439,启明星辰,20100623,,主板,L,761383283.2,-0.1986754966887383,未知,未知,,,15.3,,,1.7018,4.5936,1853442.3137,1114756.7775,635895206.0,False,0,0,False,False,17.15,14.78,-5.635566687539139,5.2374301675977675,-12.128279883381921,False,-0.1986754966887383,-3.057119871279157,236.11,-294.68,70056074.71,143.8149,,,-900183005.6800001,-76.0649,0.4483,0,1853442.3137,635895206.0,1.0,1.5,PASS,False,0.2857142857142857,236.11,-294.68,2.125,236.11,ESP-Q,,1.7018,0.4483,,87.7931712264151,0.0,0.0,15.3,17.15,0,68.49942726231386,,0.6755725190839694,0,1,40.0,158,4.6155815944853025,False,-5.635566687539139,,-0.05245211043971407,False,False,独立池,236.11,0.0,25.596997574850704,45.6692276936643,0.7,0.0,31.97,Other
601012.SH,601012,隆基绿能,20120411,,主板,L,2433773082.8999996,-15.918135304150095,未知,未知,,,15.04,,,2.2582,1.4316,11397411.3603,11397400.0111,2488596091.0,False,0,0,False,False,17.79,14.74,-5.192307692307696,-19.091903719912484,-16.863406408094438,False,-15.918135304150095,-3.057119871279157,-7.6273,15.8366,-2134583913.86,,,,-17254555245.12,,-3.6495,0,11397411.3603,2488596091.0,1.0,1.5,PASS,False,0.2857142857142857,-7.6273,15.8366,2.125,-9.7523,,,2.2582,-3.6495,,87.7931712264151,0.0,0.0,15.04,17.79,0,65.2348224513173,,0.08778625954198473,0,0,5.0,158,-11.103878212976054,False,-5.192307692307696,,-0.0056526479652573396,False,False,独立池,-9.7523,0.0,21.970926976534265,26.464632130702043,1.0,0.0,26.46,Other
002444.SZ,002444,巨星科技,20100713,,主板,L,527285224.2499999,1.2792511700468134,通用机械,机械设备,801072.SI,640000,32.44,15.4395,15.1103,2.0263,1.0852,3874887.2224,3719988.9668,570405646.4000001,True,0,0,False,False,36.85,31.0,-6.455331412103749,-12.859060402684563,-11.913161465400268,False,1.2792511700468134,-3.057119871279157,9.31,0.94,505437476.46,98.0685,,,6120930936.93,12.445,2.717,0,3874887.2224,570405646.4000001,1.0,1.5,PASS,False,0.5952380952380952,9.31,0.94,-0.595,10.500000000000002,ESP-Q,15.4395,2.0263,2.717,1.6583780880773362,108.90780749999999,10.0,0.0,32.44,36.85,0,65.2348224513173,,0.46938775510204084,0,1,55.0,15,-0.8212054509577627,False,-6.455331412103749,,-0.01787789468841385,False,False,通用机械,10.500000000000002,0.1893710220076816,50.0,57.070446735395194,0.7,0.0,49.95,Other
002466.SZ,002466,天齐锂业,20100831,,主板,L,6901149898.8,-6.972139725639925,未知,未知,,,66.52,246.3403,51.0045,2.4587,3.4701,11396328.2713,9816516.0147,4594488029.200001,False,0,0,False,False,82.49,65.26,-4.818405440601936,23.39148377415119,-20.2570008485877,False,-6.972139725639925,-3.057119871279157,3987.18,104.53,1815751653.83,96.787,,,2247503625.95,6.9364,4.2273,0,11396328.2713,4594488029.200001,1.0,1.5,PASS,False,0.2857142857142857,3987.18,104.53,2.125,3987.18,,246.3403,2.4587,4.2273,0.06178308980281804,87.7931712264151,0.0,0.0,66.52,82.49,0,65.2348224513173,,0.4083969465648855,0,0,5.0,158,-2.157882634465885,False,-4.818405440601936,,-0.03417343125839495,False,False,独立池,1890.732584000006,0.0,50.0,32.070446735395194,1.0,0.0,32.07,Other
002445.SZ,002445,中南文化,20100713,,主板,L,783372076.0500001,2.318840579710124,通用机械,机械设备,801072.SI,640000,3.68,117.1322,166.7749,3.828,4.6593,874591.5714,870800.5981,920866166.2,True,0,0,False,False,4.27,3.31,-16.94117647058824,15.359477124182996,-17.33021077283372,False,2.318840579710124,-3.057119871279157,-77.78,-25.55,2727947.57,10.3591,,,114631354.18,-265.8471,1.1594,0,874591.5714,920866166.2,1.0,1.5,PASS,False,0.5952380952380952,-77.78,-25.55,-0.595,-38.89,ESP-Q,117.1322,3.828,1.1594,,108.90780749999999,0.0,0.0,3.68,4.27,0,73.8831615120275,,0.5306122448979592,0,1,55.0,15,0.21838395870554805,False,-16.94117647058824,,-0.02681926999156955,False,False,通用机械,-38.89,0.002483140548267688,50.0,59.66494845360825,0.7,0.0,41.77,Other
002449.SZ,002449,国星光电,20100716,,主板,L,153105153.75,3.308823529411753,光学光电子,电子,801084.SI,270000,8.92,,,1.4684,10.9936,551681.6347,551681.6347,256234916.60000002,True,0,0,False,False,9.1,7.63,3.9457459926017346,-2.880184331797231,-7.362637362637359,False,3.308823529411753,-3.057119871279157,-468.72,-571.33,-39085583.76,,,,-52683998.9,,-0.8899,0,551681.6347,256234916.60000002,1.0,1.5,PASS,False,0.9761904761904762,-468.72,-571.33,-19.355800000000002,-234.36,,,1.4684,-0.8899,,243.17919999999998,0.0,0.0,8.92,9.1,0,92.43986254295532,,0.391304347826087,0,1,55.0,7,-1.5455454026270798,False,3.9457459926017346,,0.026699973547004003,False,False,光学光电子,-234.36,-2.3498174785207615,12.0,57.6319587628866,1.0,0.0,57.63,Tier2
002457.SZ,002457,青龙管业,20100803,,主板,L,337233374.75,16.81338028169015,其他建材,建筑材料,801713.SI,610000,13.4,34.4731,34.7345,1.7601,14.1748,446872.312,446582.2677,545951795.6,False,0,0,False,False,13.48,10.53,9.578860445912474,-3.1386861313868586,-1.5578635014836806,False,16.81338028169015,-3.057119871279157,14.06,-51.25,-6463581.32,,,,166155684.53,,-0.2494,0,446872.312,545951795.6,1.0,1.5,PASS,False,0.16666666666666666,14.06,-51.25,-12.22,38.5,ESP-Q,34.4731,1.7601,-0.2494,2.4518563300142246,34.4639,0.0,0.0,13.4,13.48,0,96.10538373424971,CHASE,0.8571428571428571,1,1,75.0,3,8.227799654282332,True,9.578860445912474,OVERHEAT,0.00878348594516892,True,True,其他建材,38.5,-0.1262548174160465,32.0,72.73161512027491,0.7,0.0,50.91,Tier2
601000.SH,601000,唐山港,20100705,,主板,L,210780223.35000002,-4.928131416837789,未知,未知,,,4.64,13.7594,13.1698,1.2544,0.6807,2749630.8769,2749630.8769,230391480.20000002,True,0,0,False,False,4.95,4.43,1.091703056768556,11.031175059952037,-6.4646464646464725,False,-4.928131416837789,-3.057119871279157,23.62,1.33,470332183.03,99.8862,,,4662300453.63,79.7562,2.1697,0,2749630.8769,230391480.20000002,1.0,1.5,PASS,False,0.2857142857142857,23.62,1.33,2.125,23.62,ESP-Q,13.7594,1.2544,2.1697,0.5825317527519052,87.7931712264151,0.0,0.0,4.64,4.95,0,74.5704467353952,,0.49809160305343514,0,0,5.0,158,-0.11387432566374844,False,1.091703056768556,,0.016972651099067034,False,False,独立池,23.62,0.0,22.4631143343691,29.36375688749238,0.7,0.0,20.55,Other
002452.SZ,002452,长高电新,20100720,,主板,L,328083485.35,2.9197080291970767,未知,未知,,,11.54,20.8931,19.5697,2.5808,3.4231,715863.2261,594594.2533,419228103.2,True,0,0,False,False,12.03,10.54,4.444444444444429,6.11476952022576,-6.234413965087282,False,2.9197080291970767,-3.057119871279157,79.83,0.44,54558125.98,96.3578,,,588532704.27,106.2304,2.0521,0,715863.2261,419228103.2,1.0,1.5,PASS,False,0.2857142857142857,79.83,0.44,2.125,79.83,ESP-Q,20.8931,2.5808,2.0521,0.26171990479769514,87.7931712264151,0.0,0.0,11.54,12.03,0,79.83963344788087,,0.7461832061068703,1,1,100.0,158,7.733965120371117,True,4.444444444444429,,-0.01503870636605821,False,False,独立池,79.83,0.0,23.29212076736581,78.61031418783742,0.7,0.0,55.03,Tier2
002454.SZ,002454,松芝股份,20100720,,主板,L,180261049.50000003,-8.100289296046281,汽车零部件,汽车,801093.SI,280000,6.73,23.9092,26.2248,1.4959,2.1581,591616.5866,590459.203,170782510.2,True,1,1,False,False,10.69,9.33,-4.028197381671705,2.0342612419700146,-10.851262862488309,False,-8.100289296046281,-3.057119871279157,-31.02,157.25,61511997.94,86.1624,,,606354013.52,-202.8998,1.7654,0,591616.5866,170782510.2,1.0,1.5,PASS,False,0.47619047619047616,-31.02,157.25,-7.74,-15.51,ESP-Q,23.9092,1.4959,1.7654,,70.26558985507246,0.0,0.0,6.73,10.69,0,73.19587628865979,,0.24324324324324326,0,0,5.0,23,-9.967633058784685,False,-4.028197381671705,,-0.023787574432157607,False,False,汽车零部件,-15.51,-0.012141144333184414,32.0,30.858762886597937,0.7,0.0,21.6,Other
002453.SZ,002453,华软科技,20100720,,主板,L,211302783.25,14.949494949494957,化学制品,化工,801034.SI,220000,6.26,,,6.8157,4.4091,508541.8209,377259.1222,182705296.40000004,False,2,0,False,False,6.77,4.7,-8.373590982286627,-7.629870129870131,-15.95273264401772,False,14.949494949494957,-3.057119871279157,-52.81,5.98,-38268472.45,,,,-511225662.13,,-5.0039,0,508541.8209,182705296.40000004,1.0,1.5,PASS,False,0.2619047619047619,-52.81,5.98,5.17,-57.980000000000004,,,6.8157,-5.0039,,72.11200512820513,0.0,0.0,6.26,6.77,0,88.31615120274914,,0.7551020408163265,1,1,75.0,15,16.218888461483672,True,-8.373590982286627,,-0.04268617432858344,False,False,化学制品,-57.980000000000004,-0.15259769365270837,32.0,70.39484536082475,1.0,0.0,70.39,Tier2
002460.SZ,002460,赣锋锂业,20100810,,主板,L,5840507401.1,-9.63291746641075,未知,未知,,,75.9,98.6615,41.8118,3.4254,2.9588,15913910.5264,9193144.9084,4528193450.0,False,0,0,False,False,91.67,74.0,-3.4973097617217563,7.6296613801971835,-17.824806370677436,False,-9.63291746641075,-3.057119871279157,685.83,56.56,1418844330.93,77.2255,,,-821417745.0399998,35.102,4.0113,0,15913910.5264,4528193450.0,1.0,1.5,PASS,False,0.2857142857142857,685.83,56.56,2.125,685.83,ESP-Q,98.6615,3.4254,4.0113,0.14385707828470612,87.7931712264151,0.0,0.0,75.9,91.67,0,79.15234822451318,,0.3053435114503817,0,0,5.0,158,-4.8186603752367105,False,-3.4973097617217563,,-0.03340771940382769,False,False,独立池,685.83,0.0,32.22963897401953,32.69163226215786,0.7,0.0,22.88,Other
601717.SH,601717,中创智领,20100803,,主板,L,432598795.9000001,-9.181636726546905,专用设备,机械设备,801074.SI,640000,18.97,7.8886,8.2673,1.352,2.1091,3386903.6672,2925488.3898,385084839.40000004,True,0,0,False,False,20.76,17.98,-0.7633587786259555,-27.083333333333336,-12.331406551059743,False,-9.181636726546905,-3.057119871279157,-35.6,0.64,637809216.8,71.495,,,9554958587.99,14.9164,3.6237,0,3386903.6672,385084839.40000004,1.0,1.5,PASS,False,0.5714285714285714,-35.6,0.64,-11.475,-17.8,ESP-Q,7.8886,1.352,3.6237,,213.18103214285716,10.0,0.0,18.97,20.76,0,65.2348224513173,,0.3125,0,0,5.0,10,-4.799520405532848,False,-0.7633587786259555,,0.000836192550083329,False,False,专用设备,-17.8,-0.38303417422553043,32.0,28.470446735395193,0.7,0.0,29.93,Other
002463.SZ,002463,沪电股份,20100818,,主板,L,6954196310.099999,3.8869965938689743,元件,电子,801083.SI,270000,114.07,57.4292,51.0265,13.8689,5.2889,21951214.8666,21933499.2138,6127534767.6,False,0,0,False,False,114.46,95.85,0.6893873191571975,43.31122166943062,-9.400663987419177,False,3.8869965938689743,-3.057119871279157,56.02,,1162681935.0,93.6075,,,5482915096.0,36.6726,7.7867,0,21951214.8666,6127534767.6,1.0,1.5,PASS,False,0.7380952380952381,56.02,,13.02,56.019999999999996,ESP-Q,57.4292,13.8689,7.7867,1.0251553016779722,255.29024,10.0,0.0,114.07,114.46,0,67.81214203894616,,0.34615384615384615,0,1,40.0,8,-10.492423961706255,False,0.6893873191571975,,-0.017863144876659437,False,False,元件,56.019999999999996,-0.22340191332287856,32.0,46.743642611683846,0.7,0.0,42.72,Other
601018.SH,601018,宁波港,20100928,,主板,L,217424065.20000002,-5.974025974025976,未知,未知,,,3.61,13.5882,13.6008,0.8569,0.2446,7023034.212,7023034.212,222457998.0,False,0,0,False,False,3.89,3.57,-1.0928961748633892,-11.922141119221418,-6.940874035989719,False,-5.974025974025976,-3.057119871279157,3.7,,1134989000.0,97.0129,,,7012302000.0,-70.1482,1.438,0,7023034.212,222457998.0,1.0,1.5,PASS,False,0.2857142857142857,3.7,,2.125,3.7,ESP-Q,13.5882,0.8569,1.438,3.6724864864864863,87.7931712264151,0.0,0.0,3.61,3.89,0,65.2348224513173,,0.45038167938931295,0,0,5.0,158,-1.1597688828519352,False,-1.0928961748633892,,0.012594004281691383,False,False,独立池,3.7,0.0,22.16932660718009,26.50431205683121,0.7,0.0,18.55,Other
002484.SZ,002484,江海股份,20100929,,主板,L,2249453235.9500003,55.57735426008967,元件,电子,801083.SI,270000,60.5,76.278,75.1652,8.0081,7.0967,5145669.8431,4963857.2033,3295984551.9999995,True,2,1,False,False,59.99,33.98,14.077270859021795,78.03078896728672,-7.467911318553099,False,55.57735426008967,-3.057119871279157,12.57,6.3,154429209.68,95.3222,,,1667360157.78,101.8929,2.5524,0,5145669.8431,3295984551.9999995,1.0,1.5,PASS,False,0.7380952380952381,12.57,6.3,13.02,-0.4499999999999993,,76.278,8.0081,2.5524,6.068257756563246,255.29024,0.0,0.0,60.5,59.99,0,99.19816723940436,CHASE,1.0,1,1,100.0,8,41.19793370451444,True,14.077270859021795,OVERHEAT,0.002357663534196039,True,True,元件,-0.4499999999999993,-0.3287666757252477,32.0,86.1594501718213,1.0,0.0,86.16,Tier2
601288.SH,601288,农业银行,20100715,,主板,L,2082078459.8499997,-9.33147632311978,未知,未知,,,6.46,7.7683,7.6824,0.813,0.0778,226089039.882,206231760.1619,2140866017.1999996,False,0,0,False,False,7.29,6.37,-2.398800599700157,0.4629629629629539,-10.699588477366262,False,-9.33147632311978,-3.057119871279157,3.99,3.4824,74867000000.0,99.577,,,726451000000.0,1503.3332,2.3014,0,226089039.882,2140866017.1999996,1.0,1.5,PASS,False,0.2857142857142857,3.99,3.4824,2.125,3.99,,7.7683,0.813,2.3014,1.9469423558897243,87.7931712264151,0.0,0.0,6.46,7.29,0,74.5704467353952,,0.31297709923664124,0,0,5.0,158,-4.51721923194574,False,-2.398800599700157,,-0.00975347798220711,False,False,独立池,3.99,0.0,22.17360363734499,29.305854748087558,1.0,0.0,29.31,Other
002470.SZ,002470,金正大,20100908,,主板,L,708067476.9499999,-15.172413793103445,未知,未知,,,2.48,235.5614,218.8721,3.8224,2.9923,814934.88,814862.5074,386170159.2,True,0,0,False,False,3.17,2.46,-12.765957446808507,5.579399141630903,-22.397476340694,False,-15.172413793103445,-3.057119871279157,1250.14,95.06,4455233.62,38.9401,,,-102721029.88999999,514.0723,0.5385,0,814934.88,386170159.2,1.0,1.5,PASS,False,0.2857142857142857,1250.14,95.06,2.125,1250.14,ESP-Q,235.5614,3.8224,0.5385,0.188428016062201,87.7931712264151,0.0,0.0,2.48,3.17,0,80.06872852233677,,0.11259541984732824,0,0,5.0,158,-10.358156701929405,False,-12.765957446808507,,-0.04825304791153342,False,False,独立池,1250.14,0.0,40.55229722351914,34.63107800140486,0.7,0.0,24.24,Other
601177.SH,601177,杭齿前进,20101011,,主板,L,257584504.60000002,15.426251691474956,通用机械,机械设备,801072.SI,640000,16.98,27.3068,26.3592,2.3772,4.6821,692297.523,679301.88,339370996.6,True,1,0,False,False,17.9,14.3,0.5303476723629963,0.589622641509413,-4.692737430167593,False,15.426251691474956,-3.057119871279157,19.16,3.33,59846540.59,95.3664,,,569885192.65,-41.8404,2.1833,0,692297.523,339370996.6,1.0,1.5,PASS,False,0.5952380952380952,19.16,3.33,-0.595,20.349999999999998,ESP-Q,27.3068,2.3772,2.1833,1.4251983298538622,108.90780749999999,0.0,0.0,16.98,17.9,0,70.79037800687286,CHASE,0.7551020408163265,1,1,100.0,15,13.325795070470381,True,0.5303476723629963,,-0.0069163851997648155,True,False,通用机械,20.349999999999998,0.2266426484983726,50.0,81.23711340206185,0.7,0.0,56.87,Tier2
601377.SH,601377,兴业证券,20101013,,主板,L,496958981.29999995,-2.348993288590595,证券,非银金融,801193.SI,490000,5.82,17.5105,16.0083,0.8874,0.925,5026144.6051,5026144.6051,464545285.2,False,0,0,False,False,6.21,5.82,-1.1884550084889534,-15.160349854227405,-6.28019323671497,False,-2.348993288590595,-3.057119871279157,42.65,39.98,718658400.56,91.47,,,7317340151.92,882.8996,1.2675,0,5026144.6051,464545285.2,1.0,1.5,PASS,False,0.07142857142857142,42.65,39.98,30.57,12.079999999999998,,17.5105,0.8874,1.2675,0.41056271981242676,30.16254222222222,0.0,0.0,5.82,6.21,0,74.5704467353952,,0.4888888888888889,0,0,5.0,14,-0.03192011785889681,False,-1.1884550084889534,,0.011515465034788208,False,False,证券,12.079999999999998,0.07647772088110621,50.0,34.871134020618555,1.0,0.0,34.87,Other
302132.SZ,302132,中航成飞,20100827,,创业板,L,581203636.5500001,-6.150736355760911,未知,未知,,,65.01,50.6113,50.0825,8.1089,0.9118,17371266.0354,3810037.813,468843516.5999999,False,0,0,False,False,75.55,65.0,-4.692082111436957,-19.832264430192403,-13.96426207809397,False,-6.150736355760911,-3.057119871279157,43.77,3391.33,185726095.11,96.3622,,,6455001335.49,988.2742,0.9042,0,17371266.0354,468843516.5999999,1.0,1.5,PASS,False,0.2857142857142857,43.77,3391.33,2.125,43.77,,50.6113,8.1089,0.9042,1.1563011194882338,87.7931712264151,0.0,0.0,65.01,75.55,0,50.0,COV-LOW,0.44083969465648853,0,0,5.0,158,-1.3364792645868704,False,-4.692082111436957,,-0.03388160434823616,False,False,独立池,43.77,0.0,22.760294188930278,22.052058837786056,1.0,0.0,22.05,Other
002478.SZ,002478,常宝股份,20100921,,主板,L,360153195.75,-27.255460588793913,未知,未知,,,7.8,14.5691,16.0431,1.1573,2.8216,702627.2978,563724.6716,181157907.59999996,False,0,0,False,False,11.69,7.66,-6.127450980392157,-31.971580817051503,-34.47390932420872,False,-27.255460588793913,-3.057119871279157,-28.0,-11.68,67567321.21,100.9803,,,1088132952.1399999,97.594,1.1084,0,702627.2978,181157907.59999996,1.0,1.5,PASS,False,0.2857142857142857,-28.0,-11.68,2.125,-30.125,,14.5691,1.1573,1.1084,,87.7931712264151,0.0,0.0,7.8,11.69,0,83.61970217640321,,0.011450381679389313,0,0,5.0,158,-22.441203497619874,False,-6.127450980392157,,-0.03293705124252187,False,False,独立池,-30.125,0.0,21.670462657774046,31.92000318447577,1.0,0.0,31.92,Other
002471.SZ,002471,中超控股,20100910,,主板,L,1123081187.0,-16.683725690890473,未知,未知,,,8.08,,,6.1288,6.3838,1105958.08,1085556.8678,635661285.2,True,0,0,False,False,10.3,7.61,1.6229712858926382,-11.232279171210457,-20.97087378640776,False,-16.683725690890473,-3.057119871279157,68.72,39.63,-6389891.85,,,,-55489480.87,,-0.2628,0,1105958.08,635661285.2,1.0,1.5,PASS,False,0.2857142857142857,68.72,39.63,2.125,68.72,,,6.1288,-0.2628,,87.7931712264151,0.0,0.0,8.08,10.3,0,69.41580756013745,,0.07442748091603053,0,0,5.0,158,-11.869468599716432,False,1.6229712858926382,,-0.007534523120575005,False,False,独立池,68.72,0.0,23.128266266910494,27.95039552142333,1.0,0.0,27.95,Other
002527.SZ,002527,新时达,20101224,,主板,L,194363249.95,5.089820359281427,专用设备,机械设备,801074.SI,640000,14.0,1685.4239,1515.0915,7.463,3.1573,928285.8074,740444.0862,341337766.6,True,0,0,False,False,14.41,12.41,2.2578295702840423,-14.128440366972495,-2.567661346287309,False,5.089820359281427,-3.057119871279157,-63.32,82.2,-23784392.86,,,,-122286152.57000001,,-0.6019,0,928285.8074,341337766.6,1.0,1.5,PASS,False,0.5714285714285714,-63.32,82.2,-11.475,-31.66,,1685.4239,7.463,-0.6019,,213.18103214285716,0.0,10.0,14.0,14.41,0,91.40893470790378,,0.71875,1,1,100.0,10,9.471936680295485,True,2.2578295702840423,,0.00420551044446569,False,False,专用设备,-31.66,-0.5501276237526801,22.0,81.82268041237114,1.0,10.0,71.82,Tier2
002472.SZ,002472,双环传动,20100910,,主板,L,1145423601.7999997,14.293059125964014,汽车零部件,汽车,801093.SI,280000,44.4,29.914,29.7236,3.6619,5.7808,3773709.1445,3323482.817,2041374809.0,True,0,0,False,False,45.98,36.3,4.61176470588236,3.6605269293541687,-3.305785123966931,False,14.293059125964014,-3.057119871279157,-4.04,20.32,258063286.19,90.8384,,,2864667779.93,164.6805,2.7958,0,3773709.1445,2041374809.0,1.0,1.5,PASS,False,0.47619047619047616,-4.04,20.32,-7.74,-2.02,,29.914,3.6619,2.7958,,70.26558985507246,0.0,0.0,44.4,45.98,0,87.0561282932417,,0.8513513513513513,1,1,100.0,23,12.42571536322561,True,4.61176470588236,,0.0024995060233385827,False,False,汽车零部件,-2.02,0.038678462033700144,50.0,86.1168384879725,1.0,0.0,86.12,Tier2
002595.SZ,002595,豪迈科技,20110628,,主板,L,386596540.79999995,-36.417233560090715,专用设备,机械设备,801074.SI,640000,56.4,27.336,27.3856,5.5758,0.3879,6542400.0,6497159.4168,309791005.0,False,0,0,False,False,98.5,55.02,-4.900797015431579,-40.56803730394235,-43.065989847715734,False,-36.417233560090715,-3.057119871279157,-0.94,20.16,496506491.99,96.3503,,,5647123900.08,19.7288,4.1963,0,6542400.0,309791005.0,1.0,1.5,PASS,False,0.5714285714285714,-0.94,20.16,-11.475,-0.47,,27.336,5.5758,4.1963,,213.18103214285716,10.0,0.0,56.4,98.5,0,69.0721649484536,,0.03125,0,0,5.0,10,-32.035117239076655,False,-4.900797015431579,,-0.007086478122397563,False,False,专用设备,-0.47,-0.17410708329439736,32.0,29.62164948453608,1.0,0.0,39.62,Other
002475.SZ,002475,立讯精密,20100915,,主板,L,15571353594.45,3.224334600760459,电子制造,电子,801085.SI,270000,72.4,31.7779,30.6407,5.9713,2.5675,52750540.1387,52629546.6777,13319578028.2,False,0,0,False,False,81.78,62.9,-8.283783783783782,34.05095793008097,-17.00904866715578,False,3.224334600760459,-3.057119871279157,15.22,21.16,2776105716.16,75.8573,,,32086422703.23,-164.9909,4.2116,0,52750540.1387,13319578028.2,1.0,1.5,PASS,False,0.40476190476190477,15.22,21.16,-24.075000000000003,7.61,ESP-Q,31.7779,5.9713,4.2116,2.087904073587385,87.6280681818182,10.0,0.0,72.4,81.78,0,88.31615120274914,,0.46153846153846156,0,1,40.0,8,-1.404134164794546,False,-8.283783783783782,,-0.05159727573374882,False,False,电子制造,7.61,-0.2808842690315738,32.0,52.89484536082474,0.7,0.0,47.03,Other
601818.SH,601818,光大银行,20100818,,主板,L,446821121.09999996,-2.2012578616352307,未知,未知,,,3.1,4.7176,4.8429,0.3631,0.2399,18316520.8289,14386112.8239,508086811.6,True,0,0,False,False,3.2,3.08,0.0,-5.182926829268286,-2.8125000000000067,False,-2.2012578616352307,-3.057119871279157,-9.05,-6.46,11490000000.0,100.2705,,,112976000000.0,-246.695,1.9435,0,18316520.8289,508086811.6,1.0,1.5,PASS,False,0.2857142857142857,-9.05,-6.46,2.125,-11.175,ESP-Q,4.7176,0.3631,1.9435,,87.7931712264151,0.0,0.0,3.1,3.2,0,74.5704467353952,,0.5935114503816794,0,0,5.0,158,2.6129992295388096,False,0.0,,-0.006933693333604804,False,False,独立池,-11.175,0.0,21.94994445648046,29.26112291191465,0.7,0.0,20.48,Other
002500.SZ,002500,山西证券,20101115,,主板,L,154706977.64999998,-6.927175843694489,证券,非银金融,801193.SI,490000,5.16,20.0377,19.9195,0.9878,1.0543,1852322.1183,1852322.1183,221273449.8,True,0,0,False,False,5.78,5.18,-2.23880597014926,-12.374581939799334,-9.342560553633216,False,-6.927175843694489,-3.057119871279157,-3.76,26.19,239675161.0,93.9729,,,2321927524.0,1748.6081,1.369,0,1852322.1183,221273449.8,1.0,1.5,PASS,False,0.07142857142857142,-3.76,26.19,30.57,-34.33,,20.0377,0.9878,1.369,,30.16254222222222,0.0,0.0,5.16,5.78,0,67.81214203894616,,0.1111111111111111,0,0,5.0,14,-4.610102672962791,False,-2.23880597014926,,0.01892217887844962,False,False,证券,-34.33,-0.5549010836180293,22.0,27.243642611683846,1.0,0.0,27.24,Other
002488.SZ,002488,金固股份,20101021,,主板,L,296144137.75000006,0.0,汽车零部件,汽车,801093.SI,280000,11.26,269.6727,196.5359,3.2311,2.5906,1120864.3872,1036014.5829,252768795.4,False,0,0,False,False,13.25,11.36,-6.003289473684214,-11.463981409759882,-13.735849056603778,False,0.0,-3.057119871279157,288.7,114.09,24237926.0,104.447,,,118963472.42,-435.5507,0.6657,0,1120864.3872,252768795.4,1.0,1.5,PASS,False,0.47619047619047616,288.7,114.09,-7.74,304.18,ESP-Q,269.6727,3.2311,0.6657,0.9340931763075858,70.26558985507246,0.0,0.0,11.26,13.25,0,84.5360824742268,,0.4594594594594595,0,1,40.0,23,-1.8673437627384049,False,-6.003289473684214,,-0.044112169516459125,False,False,汽车零部件,304.18,1.1921968808283667,68.0,58.960824742268045,0.7,0.0,41.27,Other
002487.SZ,002487,大金重工,20101015,,主板,L,1437985213.4499998,-12.863547534199327,未知,未知,,,74.92,43.3067,36.5577,5.5232,2.3174,4778018.1227,4726854.6329,1216624432.3999999,False,0,0,False,False,94.18,75.27,-2.067183462532307,16.026327873871104,-19.51582076874072,False,-12.863547534199327,-3.057119871279157,73.86,148.68,426949053.83,98.231,,,2962226309.71,83.2296,5.1174,0,4778018.1227,1216624432.3999999,1.0,1.5,PASS,False,0.2857142857142857,73.86,148.68,2.125,73.86,,43.3067,5.5232,5.1174,0.586334958028703,87.7931712264151,0.0,0.0,74.92,94.18,0,75.83046964490264,,0.17748091603053434,0,0,5.0,158,-8.049290443025287,False,-2.067183462532307,,-0.045090359999976876,False,False,独立池,73.86,0.0,23.20407293948838,29.889955481368467,1.0,0.0,29.89,Other
002493.SZ,002493,荣盛石化,20101102,,主板,L,805221049.9,-6.946688206785145,未知,未知,,,11.45,134.8311,37.194,2.4662,0.5825,11437911.3808,10692087.0058,677198597.4,False,0,0,False,False,14.11,11.5,-11.588641596316196,-22.994652406417117,-18.355776045357896,False,-6.946688206785145,-3.057119871279157,389.9,18.58,3029323370.99,107.6026,,,5757272830.44,144.4925,6.2581,0,11437911.3808,677198597.4,1.0,1.5,PASS,False,0.2857142857142857,389.9,18.58,2.125,389.9,,134.8311,2.4662,6.2581,0.3458094383175173,87.7931712264151,0.0,0.0,11.45,14.11,0,67.81214203894616,,0.41030534351145037,0,0,5.0,158,-2.132431115611105,False,-11.588641596316196,,-0.03628674759351566,False,False,独立池,389.9,0.0,27.865150916436964,28.41667279497124,1.0,0.0,28.42,Other
002491.SZ,002491,通鼎互联,20101021,,主板,L,3456878075.3999996,29.791044776119403,通信设备,通信,801102.SI,730000,22.8,,,11.1271,10.3075,2804387.46,2682349.0259,4041094718.1999993,True,4,3,False,True,27.45,15.27,-3.7627268702965955,113.34641805691854,-20.801457194899818,False,29.791044776119403,-3.057119871279157,765.14,-221.95,102828643.59,200.5472,,,89602877.19000001,-22.7949,2.0555,0,2804387.46,4041094718.1999993,1.0,1.5,PASS,False,0.9523809523809523,765.14,-221.95,15.0872,765.14,ESP-Q,,11.1271,2.0555,,156.39837500000002,0.0,0.0,22.8,27.45,0,65.2348224513173,,0.9583333333333334,1,1,100.0,8,28.94919321953093,True,-3.7627268702965955,突破型,-0.006164154658243885,True,False,通信设备,765.14,2.2356630339433754,82.0,85.9704467353952,0.7,0.0,60.18,Tier2
002497.SZ,002497,雅化集团,20101109,,主板,L,1638561224.65,-15.29117541979278,化学制品,化工,801034.SI,220000,24.21,44.1246,31.3968,2.5291,4.3705,2790353.8609,2565261.6159,1103515838.6,True,1,0,False,False,32.0,23.7,-8.313998453209582,-15.712762175613214,-25.906249999999996,False,-15.29117541979278,-3.057119871279157,419.73,322.97,356555349.32,105.234,,,1414374011.5,-105.9944,3.114,0,2790353.8609,1103515838.6,1.0,1.5,PASS,False,0.2619047619047619,419.73,322.97,5.17,419.73,ESP-Q,44.1246,2.5291,3.114,0.10512615252662426,72.11200512820513,0.0,0.0,24.21,32.0,0,65.2348224513173,,0.14285714285714285,0,0,5.0,15,-14.021781907804066,False,-8.313998453209582,,-0.00874809745989746,False,False,化学制品,419.73,0.9245497908348953,50.0,32.070446735395194,0.7,0.0,22.45,Other
601996.SH,601996,丰林集团,20110929,,主板,L,225639892.95000002,11.450381679389299,家用轻工,轻工制造,801142.SI,360000,2.98,,,1.3618,3.9251,334032.496,334032.496,218809978.19999996,False,2,1,False,False,3.2,2.49,-4.2622950819672045,15.873015873015861,-8.750000000000002,False,11.450381679389299,-3.057119871279157,24.8528,-3.0567,-29449145.44,,,,-281283795.97,,-1.1202,0,334032.496,218809978.19999996,1.0,1.5,PASS,False,0.11904761904761904,24.8528,-3.0567,-30.725,12.4264,,,1.3618,-1.1202,,341.69754,0.0,0.0,2.98,3.2,0,80.06872852233677,,0.4444444444444444,0,1,40.0,3,-3.0950728660652302,False,-4.2622950819672045,,0.015412599596730525,False,False,家用轻工,12.4264,1.2300166690444538,68.0,57.62061855670103,1.0,0.0,57.62,Tier1
002643.SZ,002643,万润股份,20111220,,主板,L,379007479.54999995,-0.23710729104922112,未知,未知,,,17.31,56.16,54.6329,2.2341,3.4473,1597642.4185,1573953.5883,692316213.6,False,0,0,False,False,18.6,16.16,-6.9137168141592875,-2.604166666666685,-9.51612903225808,False,-0.23710729104922112,-3.057119871279157,9.0,29.81,82852408.7,94.3364,,,846092493.78,105.7641,1.2295,0,1597642.4185,692316213.6,1.0,1.5,PASS,False,0.2857142857142857,9.0,29.81,2.125,9.0,,56.16,2.2341,1.2295,6.239999999999999,87.7931712264151,0.0,0.0,17.31,18.6,0,90.14891179839634,,0.6736641221374046,0,1,40.0,158,4.577149800124819,False,-6.9137168141592875,,-0.012453339861033688,False,False,独立池,9.0,0.0,22.247493020538613,51.49417214362663,1.0,0.0,51.49,Tier2
002805.SZ,002805,丰元股份,20160707,,主板,L,730548508.95,27.465181058495823,未知,未知,,,23.36,,,6.9961,4.9991,654226.0187,651312.5828,625275495.0,True,4,1,False,True,27.3,17.34,-3.5819637589549203,37.91440626883664,-16.1904761904762,False,27.465181058495823,-3.057119871279157,140.27,-37.9333,36537279.11,47.4917,,,-1086331605.37,8.2792,8.5811,0,654226.0187,625275495.0,1.0,1.5,PASS,False,0.2857142857142857,140.27,-37.9333,2.125,140.27,ESP-Q,,6.9961,8.5811,,87.7931712264151,0.0,0.0,23.36,27.3,0,82.4742268041237,CHASE,0.9541984732824428,1,1,100.0,158,32.279438149669865,True,-3.5819637589549203,突破型,-0.027985929389968835,True,False,独立池,140.27,0.0,24.183512847250547,79.57897061068722,0.7,0.0,55.71,Tier2
002511.SZ,002511,中顺洁柔,20101125,,主板,L,161440531.95000005,-16.59142212189616,未知,未知,,,7.45,30.0794,27.0338,1.7404,0.9846,958351.4707,942436.628,157791612.99999997,False,0,0,False,False,9.04,7.38,-6.455696202531658,-11.708482676224607,-18.252212389380528,False,-16.59142212189616,-3.057119871279157,52.59,511.7,104221738.74,101.5216,,,793232546.13,118.0434,1.8632,0,958351.4707,157791612.99999997,1.0,1.5,PASS,False,0.2857142857142857,52.59,511.7,2.125,52.59,,30.0794,1.7404,1.8632,0.571960448754516,87.7931712264151,0.0,0.0,7.45,9.04,0,67.81214203894616,,0.07633587786259542,0,0,5.0,158,-11.777165030722118,False,-6.455696202531658,,0.01431552455025819,False,False,独立池,52.59,0.0,22.890374899462763,27.4217175915764,1.0,0.0,27.42,Other
002510.SZ,002510,天汽模,20101125,,主板,L,248852391.85000002,7.525325615050638,汽车零部件,汽车,801093.SI,280000,7.28,112.2163,123.5151,2.9151,4.4582,739020.9794,731528.5767,491381978.20000005,True,0,0,False,False,7.66,6.53,0.8141112618724522,-14.10404624277457,-3.0026109660574507,False,7.525325615050638,-3.057119871279157,5.02,-92.33,13235320.49,90.1166,,,23100820.68,205.8064,0.581,0,739020.9794,491381978.20000005,1.0,1.5,PASS,False,0.47619047619047616,5.02,-92.33,-7.74,2.51,,112.2163,2.9151,0.581,22.353844621513947,70.26558985507246,0.0,0.0,7.28,7.66,0,87.0561282932417,,0.7027027027027027,1,1,100.0,23,5.657981852312233,True,0.8141112618724522,,-0.008796272831055432,False,False,汽车零部件,2.51,0.055743904349636914,50.0,86.1168384879725,1.0,0.0,86.12,Tier1
601880.SH,601880,辽港股份,20101206,,主板,L,184585576.20000002,-1.2345679012345734,未知,未知,,,1.61,29.041,25.9625,0.9321,0.598,3795054.5213,2964501.2455,184446119.6,False,0,0,False,False,1.68,1.59,-0.6211180124223614,-3.0303030303030165,-4.761904761904756,False,-1.2345679012345734,-3.057119871279157,65.86,43.01,326471256.15,90.8923,,,3849081074.17,78.9759,0.8862,0,3795054.5213,184446119.6,1.0,1.5,PASS,False,0.2857142857142857,65.86,43.01,2.125,65.86,,29.041,0.9321,0.8862,0.4409505010628606,87.7931712264151,0.0,0.0,1.61,1.68,0,65.2348224513173,,0.6297709923664122,0,0,5.0,158,3.579689189939467,False,-0.6211180124223614,,-0.009162259015554373,False,False,独立池,65.86,0.0,23.086085900456645,26.68766391548652,1.0,0.0,26.69,Other
002515.SZ,002515,金字火腿,20101203,,主板,L,664662503.7500001,7.198748043818459,食品加工,食品饮料,801124.SI,340000,6.93,331.5643,604.9931,3.1937,6.1783,838955.6157,763581.3043,890999468.4,True,1,1,False,False,8.1,5.96,0.7352941176470562,13.976705490848573,-15.432098765432102,False,7.198748043818459,-3.057119871279157,-48.44,-2.66,12551077.26,97.2848,,,79731052.4,212.3925,0.4923,0,838955.6157,890999468.4,1.0,1.5,PASS,False,0.6190476190476191,-48.44,-2.66,-17.45,-24.22,,331.5643,3.1937,0.4923,,109.59125,0.0,0.0,6.93,8.1,0,70.79037800687286,,1.0,1,1,100.0,2,4.017091984666266,False,0.7352941176470562,,-0.003790757903637486,False,False,食品加工,-24.22,-1.0602704897614474,22.0,75.63711340206186,1.0,0.0,75.64,Tier2
002520.SZ,002520,日发精机,20101210,,主板,L,329164911.90000004,14.795008912655971,通用机械,机械设备,801072.SI,640000,6.53,,,16.5496,4.6825,489910.0967,468488.4317,398892655.8,True,2,1,False,False,7.15,5.18,-7.07070707070706,-5.014749262536866,-9.93006993006993,False,14.795008912655971,-3.057119871279157,100.43,-92.07,212314.32,0.6277,,,-2022638544.21,51.9268,12.0675,0,489910.0967,398892655.8,1.0,1.5,PASS,False,0.5952380952380952,100.43,-92.07,-0.595,101.62,ESP-Q,,16.5496,12.0675,,108.90780749999999,0.0,0.0,6.53,7.15,0,85.79610538373424,,0.7142857142857143,1,1,100.0,15,12.694552291651394,True,-7.07070707070706,,-0.057218667096061514,False,False,通用机械,101.62,0.5341619464576066,50.0,85.73883161512028,0.7,0.0,60.02,Tier1
002517.SZ,002517,恺英网络,20101207,,主板,L,997679545.2999997,-6.880992667794694,未知,未知,,,16.46,18.4731,16.235,3.3963,2.1655,3516585.5632,3109436.6638,771164854.6,False,0,0,False,False,19.32,16.51,-6.458923512747861,-28.46620450606585,-14.54451345755693,False,-6.880992667794694,-3.057119871279157,5.75,15.21,545472473.6,69.8815,,,4847225303.13,57.4371,7.7069,0,3516585.5632,771164854.6,1.0,1.5,PASS,False,0.2857142857142857,5.75,15.21,2.125,5.75,ESP-Q,18.4731,3.3963,7.7069,3.2127130434782605,87.7931712264151,10.0,0.0,16.46,19.32,0,65.2348224513173,,0.4122137404580153,0,0,5.0,158,-2.066735576620654,False,-6.458923512747861,,-0.03002153121767034,False,False,独立池,5.75,0.0,22.199560785931972,26.510358892581586,0.7,0.0,28.56,Other
002522.SZ,002522,浙江众成,20101210,,主板,L,491213014.34999996,4.14012738853502,塑料,化工,801036.SI,220000,6.81,105.8736,104.6202,2.6468,5.5684,616835.7625,616318.5376,487220562.4,True,2,1,False,False,7.82,5.83,-5.079825834542806,5.996758508914102,-16.368286445012792,False,4.14012738853502,-3.057119871279157,8.42,-27.3,14283209.85,93.4442,,,133289270.9,238.2265,0.6579,0,616835.7625,487220562.4,1.0,1.5,PASS,False,0.7619047619047619,8.42,-27.3,-1.1600000000000001,10.74,ESP-Q,105.8736,2.6468,0.6579,12.574061757719715,196.25642,0.0,0.0,6.81,7.82,0,66.7812142038946,,0.5294117647058824,0,1,55.0,6,0.0,False,-5.079825834542806,,-0.025608645276899395,False,False,塑料,10.74,-0.2772797122526581,32.0,53.93436426116838,0.7,0.0,37.75,Other
002606.SZ,002606,大连电瓷,20110805,,主板,L,884288314.15,22.240392477514305,未知,未知,,,16.45,34.092,28.7599,3.6672,9.5395,722275.4469,692778.6805,578234795.0,False,2,1,False,False,18.13,11.96,-6.210790464240901,17.071260767423645,-17.539988968560394,False,22.240392477514305,-3.057119871279157,232.89,5.96,55401139.98,93.1034,,,389807661.07,48.283,3.0676,1,722275.4469,578234795.0,1.0,1.5,PASS,False,0.2857142857142857,232.89,5.96,2.125,232.89,,34.092,3.6672,3.0676,0.146386706170295,87.7931712264151,0.0,0.0,16.45,18.13,10,70.79037800687286,CHASE,0.933206106870229,1,1,75.0,158,27.054649568688347,True,-6.210790464240901,,-0.019461700596028864,True,False,独立池,232.89,0.0,25.549507791640423,63.84701496038994,1.0,10.0,53.85,Tier2
002531.SZ,002531,天顺风能,20101231,,主板,L,695053675.0,-8.10147299509002,未知,未知,,,11.63,,,2.4106,2.7234,2089769.8793,2078031.3027,861519511.1999999,True,0,0,False,False,13.24,11.12,-9.726688102893888,15.892672858617152,-15.181268882175225,False,-8.10147299509002,-3.057119871279157,8.65,-228.78,33195090.46,80.1726,,,-111115985.12,-435.6851,0.478,0,2089769.8793,861519511.1999999,1.0,1.5,PASS,False,0.2857142857142857,8.65,-228.78,2.125,8.65,ESP-Q,,2.4106,0.478,,87.7931712264151,0.0,0.0,11.63,13.24,0,69.0721649484536,,0.3683206106870229,0,0,5.0,158,-3.28721590391598,False,-9.726688102893888,,-0.0030832415705331,False,False,独立池,8.65,0.0,22.242331087580975,27.670115702052275,0.7,0.0,19.37,Other
601933.SH,601933,永辉超市,20101215,,主板,L,429762380.3,-11.340206185567014,一般零售,商业贸易,801203.SI,450000,3.46,,,14.6716,0.8991,3139962.7996,3139962.7996,319214139.8,False,0,0,False,False,4.01,3.43,-6.0109289617486406,-20.370370370370374,-14.214463840398995,False,-11.340206185567014,-3.057119871279157,79.55,-41.7509,246580893.41,85.957,,,-5474218095.62,158.8616,14.3455,0,3139962.7996,319214139.8,1.0,1.5,PASS,False,0.5,79.55,-41.7509,-2.72,84.99,ESP-Q,,14.6716,14.3455,,294.39719,0.0,0.0,3.46,4.01,0,65.2348224513173,,0.47058823529411764,0,0,5.0,6,-1.424239799012394,False,-6.0109289617486406,,0.004790591452806249,False,False,一般零售,84.99,1.501286366595108,68.0,35.67044673539519,0.7,0.0,24.97,Other
002536.SZ,002536,飞龙股份,20110111,,主板,L,1935057651.2499998,15.79220779220778,汽车零部件,汽车,801093.SI,280000,46.68,84.6609,106.4221,7.6398,6.2296,2683100.5252,2541264.2181,1927041508.6,False,1,1,False,False,49.36,35.6,0.33760972316001503,53.248539016844276,-9.683954619124801,False,15.79220779220778,-3.057119871279157,-54.2,-6.98,56259389.17,97.2757,,,903184770.25,-212.813,1.6512,0,2683100.5252,1927041508.6,1.0,1.5,PASS,False,0.47619047619047616,-54.2,-6.98,-7.74,-27.1,ESP-Q,84.6609,7.6398,1.6512,,70.26558985507246,0.0,0.0,46.68,49.36,0,93.58533791523482,CHASE,0.8648648648648649,1,1,85.0,23,13.924864029469376,True,0.33760972316001503,,0.018533888370260786,True,False,汽车零部件,-27.1,-0.0558030596624796,32.0,76.97560137457045,0.7,0.0,53.88,Tier2
002557.SZ,002557,洽洽食品,20110302,,主板,L,270955795.75,-11.335531739488868,未知,未知,,,21.24,33.74,26.2404,1.9699,1.0149,1074436.4533,1072138.8694,168488180.6,True,0,0,False,False,25.99,21.0,0.9859154929577452,-6.069868995633176,-17.237398999615227,False,-11.335531739488868,-3.057119871279157,156.47,-67.68,148971180.76,88.5359,,,556318720.03,20.1441,3.09,0,1074436.4533,168488180.6,1.0,1.5,PASS,False,0.2857142857142857,156.47,-67.68,2.125,156.47,ESP-Q,33.74,1.9699,3.09,0.21563238959544961,87.7931712264151,0.0,0.0,21.24,25.99,0,65.2348224513173,,0.23473282442748092,0,0,5.0,158,-6.521274648314828,False,0.9859154929577452,,-0.015878238107484125,False,False,独立池,156.47,0.0,24.422436601289807,26.95493405565315,0.7,0.0,18.87,Other
002539.SZ,002539,云图控股,20110118,,主板,L,343557056.8,-8.852691218130316,未知,未知,,,12.9,18.8369,17.7672,1.6037,1.726,1557963.653,1147833.7763,294814814.40000004,True,0,0,False,False,15.85,12.87,-9.557273366127905,-20.35891089108911,-18.801261829653004,False,-8.852691218130316,-3.057119871279157,2.45,11.99,255801492.73,84.268,,,2216440457.82,-136.7766,3.1761,0,1557963.653,294814814.40000004,1.0,1.5,PASS,False,0.2857142857142857,2.45,11.99,2.125,0.3250000000000002,ESP-Q,18.8369,1.6037,3.1761,7.6885306122448975,87.7931712264151,10.0,0.0,12.9,15.85,0,48.10996563573883,,0.32633587786259544,0,0,5.0,158,-4.038434126956275,False,-9.557273366127905,,-0.04102013000385587,False,False,独立池,0.3250000000000002,0.0,22.119550825088577,21.356899855739364,0.7,0.0,24.95,Other
002533.SZ,002533,金杯电工,20101231,,主板,L,222278965.20000005,-7.238229093464521,未知,未知,,,13.28,16.2469,16.3779,2.3259,1.79,974673.7303,846793.135,216778978.4,True,0,0,False,False,14.42,13.11,-5.376344086021501,-10.265125764785864,-8.46047156726769,False,-7.238229093464521,-3.057119871279157,-7.49,2.36,114221512.22,86.7861,,,1333548925.96,-1315.3316,2.895,0,974673.7303,216778978.4,1.0,1.5,PASS,False,0.2857142857142857,-7.49,2.36,2.125,-9.615,ESP-Q,16.2469,2.3259,2.895,,87.7931712264151,10.0,0.0,13.28,14.42,0,87.0561282932417,,0.3931297709923664,0,0,5.0,158,-2.4239720022904807,False,-5.376344086021501,,-0.0210100662314994,False,False,独立池,-9.615,0.0,21.97295192909165,33.011428873790834,0.7,0.0,33.11,Other
002537.SZ,002537,海联金汇,20110110,,主板,L,186721836.65,-12.387096774193552,汽车零部件,汽车,801093.SI,280000,6.78,26.495,26.3772,1.8133,1.4958,795983.3531,792717.4271,166021171.40000004,False,0,0,False,False,7.83,6.78,-5.431754874651807,-24.97237569060774,-13.282247765006383,False,-12.387096774193552,-3.057119871279157,21.02,16.14,28055006.84,53.9696,,,421582371.6,-373.624,1.1917,0,795983.3531,166021171.40000004,1.0,1.5,PASS,False,0.47619047619047616,21.02,16.14,-7.74,36.5,ESP-Q,26.495,1.8133,1.1917,1.2604662226451,70.26558985507246,0.0,0.0,6.78,7.83,0,65.2348224513173,,0.10810810810810811,0,0,5.0,23,-14.254440536931956,False,-5.431754874651807,,-0.04978990178906969,False,False,汽车零部件,36.5,0.18379122980630155,50.0,32.070446735395194,0.7,0.0,22.45,Other
002545.SZ,002545,东方铁塔,20110211,,主板,L,610702182.6500001,1.1941618752764338,未知,未知,,,23.16,23.886,20.5473,2.8204,1.2427,2881247.7842,2617459.1477,450243752.8,False,0,0,False,False,26.75,21.53,-6.459525756336881,-13.102924420812755,-14.467289719626175,False,1.1941618752764338,-3.057119871279157,95.87,111.14,399547259.66,99.4234,,,2856591848.01,101.7911,4.0239,0,2881247.7842,450243752.8,1.0,1.5,PASS,False,0.2857142857142857,95.87,111.14,2.125,95.87,,23.886,2.8204,4.0239,0.24914989047668715,87.7931712264151,0.0,0.0,23.16,26.75,0,72.62313860252004,,0.7156488549618321,1,1,75.0,158,6.008418966450474,True,-6.459525756336881,,-0.055384262243495165,False,False,独立池,95.87,0.0,23.52868478062443,63.9926785368809,1.0,0.0,63.99,Tier2
002544.SZ,002544,普天科技,20110128,,主板,L,384643514.9499999,-15.498022294138792,通信运营,通信,801223.SI,730000,23.98,649.8031,654.3003,4.3805,2.0972,1631920.2682,1631763.1177,341699764.2,False,0,0,False,False,28.28,23.49,-7.662082514734769,-24.193548387096776,-16.902404526166904,False,-15.498022294138792,-3.057119871279157,22.93,201.82,-17793125.27,,,,-35174249.26,,-0.4438,0,1631920.2682,341699764.2,1.0,1.5,PASS,False,1.0,22.93,201.82,-1.705,26.339999999999996,|VAL-X,649.8031,4.3805,-0.4438,28.33855647623201,167.5491125,0.0,15.0,23.98,28.28,0,65.2348224513173,,0.07692307692307693,0,0,5.0,4,-15.591132163784984,False,-7.662082514734769,,-0.047527437080817525,False,False,通信运营,26.339999999999996,0.14005154044625884,50.0,32.070446735395194,1.0,15.0,17.07,Other
002541.SZ,002541,鸿路钢构,20110118,,主板,L,223003160.5,-13.79980563654033,专业工程,建筑装饰,801724.SI,620000,17.85,19.5142,19.1791,1.2497,1.7568,1231682.7601,885666.5898,298637991.20000005,True,0,0,False,False,21.02,17.08,-3.6393264530146796,-17.908375751966688,-15.604186489058048,False,-13.79980563654033,-3.057119871279157,21.65,-9.76,139670650.35,94.6221,,,1171592659.41,-422.9545,1.468,0,1231682.7601,298637991.20000005,1.0,1.5,PASS,False,0.35714285714285715,21.65,-9.76,-13.35,48.35,ESP-Q,19.5142,1.2497,1.468,0.9013487297921479,69.65643999999999,0.0,0.0,17.85,21.02,0,83.16151202749141,,0.3125,0,0,5.0,5,-5.49896917131267,False,-3.6393264530146796,,0.032939330518286854,False,False,专业工程,48.35,0.1694117924505513,50.0,37.44845360824742,0.7,0.0,26.21,Other
601116.SH,601116,三江购物,20110302,,主板,L,179284353.09999996,-13.841807909604531,一般零售,商业贸易,801203.SI,450000,12.17,35.5671,37.7038,1.9905,1.4043,666524.6128,666524.6128,141536903.8,False,0,0,False,False,14.65,12.15,-5.936777178103325,-24.176507147296466,-16.723549488054612,False,-13.841807909604531,-3.057119871279157,-2.57,-11.09,51914570.44,86.3173,,,310859176.96000004,149.9371,1.8124,0,666524.6128,141536903.8,1.0,1.5,PASS,False,0.5,-2.57,-11.09,-2.72,-1.285,,35.5671,1.9905,1.8124,,294.39719,0.0,0.0,12.17,14.65,0,84.5360824742268,,0.4117647058823529,0,0,5.0,6,-3.925841523049911,False,-5.936777178103325,,-0.013007987704272427,False,False,一般零售,-1.285,-0.04967900685274095,32.0,34.26082474226804,1.0,0.0,34.26,Other
601137.SH,601137,博威合金,20110127,,主板,L,430554470.3,-2.0517830972154316,金属非金属新材料,有色金属,801051.SI,240000,21.26,156.348,,2.081,4.0506,1952706.0195,1951260.3395,510049755.4,True,0,0,False,False,21.26,17.33,-1.619234543670256,0.40060090135203286,-5.6914393226716875,False,-2.0517830972154316,-3.057119871279157,-124.06,-89.99,-73606658.04,,,,1595119521.0,,-1.0013,0,1952706.0195,510049755.4,1.0,1.5,PASS,False,0.7857142857142857,-124.06,-89.99,37.74,-161.8,,156.348,2.081,-1.0013,,114.53097142857143,0.0,0.0,21.26,21.26,0,65.2348224513173,,0.5,0,0,5.0,3,-0.8304263414146029,False,-1.619234543670256,,-0.005258309753110857,False,False,金属非金属新材料,-161.8,-0.8417920050092768,22.0,26.470446735395193,1.0,0.0,26.47,Other
601519.SH,601519,大智慧,20110128,,主板,L,395433031.75,-0.6493506493506329,未知,未知,,,10.51,,,16.116,3.0961,2090607.16,2090607.16,430350395.6,True,0,0,False,False,11.54,9.7,1.0377358490566202,-11.996713229252254,-7.192374350086639,False,-0.6493506493506329,-3.057119871279157,-1.5866,61.1047,-30672827.89,,,,-208548035.76,,-2.2469,0,2090607.16,430350395.6,1.0,1.5,PASS,False,0.2857142857142857,-1.5866,61.1047,2.125,-3.7116,,,16.116,-2.2469,,87.7931712264151,0.0,0.0,10.51,11.54,0,65.2348224513173,,0.6564885496183206,0,1,55.0,158,4.164906441823407,False,1.0377358490566202,,0.03986397016423867,False,False,独立池,-3.7116,0.0,22.060017514869138,51.48245023836902,1.0,0.0,51.48,Tier2
002552.SZ,002552,宝鼎科技,20110225,,主板,L,774461462.35,65.22136010953903,通用机械,机械设备,801072.SI,640000,39.82,124.3549,89.6568,9.8659,5.4533,1544957.588,1467380.0968,1148937953.0,False,6,5,False,True,40.09,20.41,12.667289137877379,77.01711491442545,-9.703167872287356,False,65.22136010953903,-3.057119871279157,249.55,593.32,70035013.87,106.039,,,272681525.86,48.9552,4.3114,0,1544957.588,1148937953.0,1.0,1.5,PASS,False,0.5952380952380952,249.55,593.32,-0.595,250.74,,124.3549,9.8659,4.3114,0.49831656982568623,108.90780749999999,0.0,0.0,39.82,40.09,0,82.7033218785796,CHASE,0.9795918367346939,1,1,75.0,15,63.12090348853446,True,12.667289137877379,突破型|OVERHEAT,0.031793313580738794,True,True,通用机械,250.74,1.0984203162334276,68.0,75.91099656357389,1.0,0.0,75.91,Tier2
002546.SZ,002546,新联电子,20110211,,主板,L,178471352.45000005,-10.344827586206895,未知,未知,,,7.91,11.4081,11.7356,1.7429,1.6564,659732.8349,633774.5879,150237033.0,False,0,0,False,False,9.03,7.8,-5.2247873633049835,-18.918918918918916,-13.621262458471762,False,-10.344827586206895,-3.057119871279157,0.34,0.05,40355903.17,44.2728,,,254505198.62,14.0583,2.374,0,659732.8349,150237033.0,1.0,1.5,PASS,False,0.2857142857142857,0.34,0.05,2.125,-1.785,ESP-Q,11.4081,1.7429,2.374,33.55323529411764,87.7931712264151,0.0,0.0,7.91,9.03,0,82.13058419243985,,0.26908396946564883,0,0,5.0,158,-5.530570495032855,False,-5.2247873633049835,,-0.05535623592947729,False,False,独立池,-1.785,0.0,22.088431743543957,31.556861606440748,0.7,0.0,22.09,Other
601799.SH,601799,星宇股份,20110201,,主板,L,621111759.1500001,9.05581718520805,汽车零部件,汽车,801093.SI,280000,143.03,25.1591,24.6575,3.6941,2.5412,4086072.73,4086072.73,976066053.1999999,True,0,0,False,False,146.0,123.0,3.8600102933607827,-7.0413266649118285,-3.246575342465763,False,9.05581718520805,-3.057119871279157,10.94,16.29,347005659.22,97.7049,,,3731028991.99,110.509,3.0926,0,4086072.73,976066053.1999999,1.0,1.5,PASS,False,0.47619047619047616,10.94,16.29,-7.74,26.42,,25.1591,3.6941,3.0926,2.2997349177330895,70.26558985507246,10.0,0.0,143.03,146.0,0,68.49942726231386,,0.7702702702702703,1,1,100.0,23,7.188473422469644,True,3.8600102933607827,,-0.0026172790574615344,False,False,汽车零部件,26.42,0.1458177952489853,50.0,80.54982817869416,1.0,0.0,90.55,Tier1
002558.SZ,002558,巨人网络,20110302,,主板,L,1798911498.2,-14.446177847113873,未知,未知,,,27.47,29.7566,20.9921,3.1999,1.6725,5220843.7343,5220843.7343,1673893581.6,False,0,0,False,False,34.29,27.12,-8.964143426294813,-30.104511853173577,-20.034995625546802,False,-14.446177847113873,-3.057119871279157,179.72,31.1,1013521069.07,93.8098,,,5431998659.51,101.7229,6.8145,0,5220843.7343,1673893581.6,1.0,1.5,PASS,False,0.2857142857142857,179.72,31.1,2.125,179.72,,29.7566,3.1999,6.8145,0.16557200089027374,87.7931712264151,0.0,0.0,27.47,34.29,0,69.87399770904925,,0.13358778625954199,0,0,5.0,158,-9.631920755939833,False,-8.964143426294813,,-0.05112321942830956,False,False,独立池,179.72,0.0,24.765336433475778,28.41526659940993,1.0,0.0,28.42,Other
002555.SZ,002555,三七互娱,20110302,,主板,L,881110766.1,-6.432481751824815,未知,未知,,,19.69,15.0191,13.5094,3.199,2.4561,4355895.9939,3125509.5737,684019845.6,False,0,0,False,False,22.71,20.32,-2.565320665083126,-17.03074433656957,-9.687362395420518,False,-6.432481751824815,-3.057119871279157,13.68,9.81,609855320.43,69.8328,,,7102852624.37,33.8936,6.2311,0,4355895.9939,684019845.6,1.0,1.5,PASS,False,0.2857142857142857,13.68,9.81,2.125,13.68,ESP-Q,15.0191,3.199,6.2311,1.0978874269005847,87.7931712264151,10.0,0.0,19.69,22.71,0,65.2348224513173,,0.42938931297709926,0,0,5.0,158,-1.6182246606507746,False,-2.565320665083126,,-0.032668102167796385,False,False,独立池,13.68,0.0,22.316515438372175,26.533749823069627,0.7,0.0,28.57,Other
002706.SZ,002706,良信股份,20140121,,主板,L,908649731.6000001,17.27019498607243,未知,未知,,,12.86,54.4595,66.0817,3.5171,6.6469,1444338.7757,1175894.2103,1126943629.4,True,1,0,False,False,13.88,10.25,6.582278481012671,7.948717948717965,-9.005763688760805,False,17.27019498607243,-3.057119871279157,-53.53,-11.43,46691566.77,82.6409,,,774780869.47,46.3369,1.3166,0,1444338.7757,1126943629.4,1.0,1.5,PASS,False,0.2857142857142857,-53.53,-11.43,2.125,-55.655,,54.4595,3.5171,1.3166,,87.7931712264151,0.0,0.0,12.86,13.88,0,79.72508591065292,CHASE,0.9026717557251909,1,1,100.0,158,22.084452077246468,True,6.582278481012671,,0.007000370610636948,True,False,独立池,-55.655,0.0,21.29393651946403,78.17631307708868,1.0,0.0,78.18,Tier2
002559.SZ,002559,亚威股份,20110303,,主板,L,382451417.45,0.18691588785046953,通用机械,机械设备,801072.SI,640000,11.0,57.2438,59.3537,3.4852,5.164,604741.5264,554405.5099,469853405.6,False,0,0,False,False,12.6,10.26,-5.467372134038795,1.036757775683328,-14.920634920634912,False,0.18691588785046953,-3.057119871279157,-8.97,95.14,29852834.47,92.8605,,,281059920.63,12.2684,1.8121,1,604741.5264,469853405.6,1.0,1.5,PASS,False,0.5952380952380952,-8.97,95.14,-0.595,-4.485,,57.2438,3.4852,1.8121,,108.90780749999999,0.0,0.0,11.0,12.6,10,89.23253150057275,,0.4489795918367347,0,1,40.0,15,-1.9135407331541066,False,-5.467372134038795,,-0.017517599181754037,False,False,通用机械,-4.485,0.13266895876270657,50.0,56.76975945017182,1.0,10.0,46.77,Other
601216.SH,601216,君正集团,20110222,,主板,L,464448359.00000006,0.5671077504725952,化学原料,化工,801033.SI,220000,5.43,13.8113,15.1339,1.5346,0.6852,4581843.4428,4581843.4428,446329529.20000005,True,0,0,False,False,5.75,5.18,-4.659498207885305,-9.523809523809511,-7.4782608695652115,False,0.5671077504725952,-3.057119871279157,-24.86,19.78,710613093.01,99.0563,,,8258837046.23,127.1851,2.4265,0,4581843.4428,446329529.20000005,1.0,1.5,PASS,False,0.7142857142857143,-24.86,19.78,6.035,-30.895,,13.8113,1.5346,2.4265,,92.88029999999999,10.0,0.0,5.43,5.75,0,84.5360824742268,,0.7777777777777778,1,1,100.0,9,7.302021543576043,True,-4.659498207885305,,0.013359396315709019,False,False,化学原料,-30.895,-0.040519382337549974,32.0,81.76082474226804,1.0,0.0,91.76,Tier2
002553.SZ,002553,南方精工,20110225,,主板,L,201047752.7,-17.25490196078431,汽车零部件,汽车,801093.SI,280000,20.56,21.0242,28.5664,4.6235,3.7295,726610.2178,515644.8,164199829.0,True,0,0,False,False,25.97,21.09,-3.2997250229147568,-25.49435028248587,-18.752406623026562,False,-17.25490196078431,-3.057119871279157,-16.56,-6.85,25180828.62,9735.6343,,,289960152.92,,0.0165,0,726610.2178,164199829.0,1.0,1.5,PASS,False,0.47619047619047616,-16.56,-6.85,-7.74,-8.28,,21.0242,4.6235,0.0165,,70.26558985507246,0.0,0.0,20.56,25.97,0,91.29438717067583,,0.05405405405405406,0,0,5.0,23,-19.122245723522713,False,-3.2997250229147568,,-0.0194178081557124,False,False,汽车零部件,-8.28,0.015095753667747784,50.0,39.888316151202744,1.0,0.0,39.89,Other
002565.SZ,002565,顺灏股份,20110318,,主板,L,3491741399.199999,-26.83691756272403,包装印刷,轻工制造,801141.SI,360000,16.6,298.5395,268.249,9.5753,5.2273,1759581.6105,1759525.5855,1841208653.9999998,True,1,0,False,False,22.99,16.28,-13.138297872340443,5.90142671854732,-28.96911700739452,False,-26.83691756272403,-3.057119871279157,-23.1,-90.53,12853497.79,64.3211,,,68615380.31,208.9873,1.0957,0,1759581.6105,1841208653.9999998,1.0,1.5,PASS,False,0.8571428571428571,-23.1,-90.53,-1.67,-11.55,ESP-Q,298.5395,9.5753,1.0957,,117.94202,0.0,0.0,16.6,22.99,0,65.2348224513173,,0.07142857142857142,0,0,5.0,5,-22.276179957974286,False,-13.138297872340443,,-0.04366206019301389,False,False,包装印刷,-11.55,-0.4455278838794772,32.0,28.470446735395193,0.7,0.0,19.93,Other
002563.SZ,002563,森马服饰,20110311,,主板,L,161807327.60000002,6.331471135940414,服装家纺,纺织服装,801132.SI,350000,5.67,17.117,15.439,1.3519,0.5963,1527549.1207,1251421.6119,87975237.39999999,False,0,0,False,False,6.18,5.21,-2.0583190394511175,3.2549728752260254,-7.6051779935275015,False,6.331471135940414,-3.057119871279157,54.08,-22.22,298216130.12,95.7786,,,1952737926.1399999,79.5777,2.6964,0,1527549.1207,87975237.39999999,1.0,1.5,PASS,False,0.09523809523809523,54.08,-22.22,17.65,54.08,ESP-Q,17.117,1.3519,2.6964,0.31651257396449706,126.22243636363636,0.0,0.0,5.67,6.18,0,65.2348224513173,,0.5333333333333333,0,1,40.0,5,0.0,False,-2.0583190394511175,,-0.028694629054524644,False,False,服装家纺,54.08,-0.35754094567240086,32.0,45.97044673539519,0.7,0.0,32.18,Other
002562.SZ,002562,兄弟科技,20110310,,主板,L,165837308.3,-6.228373702422152,化学制品,化工,801034.SI,220000,5.53,66.4505,57.7562,1.7171,2.5198,631980.5201,449876.1707,165682760.79999998,True,0,0,False,False,6.06,5.41,-7.823129251700678,-27.540106951871667,-10.561056105610556,False,-6.228373702422152,-3.057119871279157,62.51,169.2,30425736.99,86.3762,,,277688613.43,75.544,0.9561,0,631980.5201,165682760.79999998,1.0,1.5,PASS,False,0.2619047619047619,62.51,169.2,5.17,62.51,,66.4505,1.7171,0.9561,1.0630379139337707,72.11200512820513,0.0,0.0,5.53,6.06,0,84.9942726231386,,0.4897959183673469,0,0,5.0,15,-4.958980190433437,False,-7.823129251700678,,-0.047189658210920256,False,False,化学制品,62.51,0.11908491798596649,50.0,37.998281786941575,1.0,0.0,38.0,Other
002568.SZ,002568,百润股份,20110325,,主板,L,241779182.8,5.468295520651534,未知,未知,,,17.55,28.6787,27.1831,3.6266,2.1692,1828049.5953,1339207.7184,289476611.4,True,1,0,False,False,19.44,16.44,2.429378531073434,-9.666168410563037,-6.738683127572031,False,5.468295520651534,-3.057119871279157,17.41,-10.16,208720199.31,96.4345,,,1685814035.45,62.8345,4.2704,0,1828049.5953,289476611.4,1.0,1.5,PASS,False,0.2857142857142857,17.41,-10.16,2.125,17.41,ESP-Q,28.6787,3.6266,4.2704,1.6472544514646754,87.7931712264151,0.0,0.0,17.55,19.44,0,82.35967926689575,,0.7805343511450382,1,1,100.0,158,10.282552611825574,True,2.429378531073434,,0.019586559060592576,False,False,独立池,17.41,0.0,22.37152689532072,79.18220915913287,0.7,0.0,55.43,Tier2
603328.SH,603328,依顿电子,20140701,,主板,L,511029026.7000001,-12.780269058295968,元件,电子,801083.SI,270000,12.34,26.458,31.8291,2.8466,3.3269,1232078.182,1232078.182,308013716.6,True,0,0,False,False,14.72,11.42,-2.5876460767946585,-5.73505654281099,-20.720108695652172,False,-12.780269058295968,-3.057119871279157,-68.15,5.66,34339585.6,91.1565,,,1081217981.93,369.5092,0.8717,0,1232078.182,308013716.6,1.0,1.5,PASS,False,0.7380952380952381,-68.15,5.66,13.02,-81.17,,26.458,2.8466,0.8717,,255.29024,0.0,0.0,12.34,14.72,0,88.31615120274914,,0.038461538461538464,0,0,5.0,8,-27.159689613871198,False,-2.5876460767946585,,0.004559186637680785,False,False,元件,-81.17,-0.47937839205461275,32.0,35.39484536082474,1.0,0.0,35.39,Other
002579.SZ,002579,中京电子,20110506,,主板,L,659671109.9,-3.1842304776345753,元件,电子,801083.SI,270000,13.46,301.2847,314.389,3.4318,10.0581,824584.6625,785272.4093,572158849.1999999,False,0,0,False,False,13.98,11.82,-2.2205206738131755,5.624483043837891,-8.655221745350506,False,-3.1842304776345753,-3.057119871279157,203.82,121.77,4012549.03,71.3994,,,49371051.17,5982.464,0.2337,0,824584.6625,572158849.1999999,1.0,1.5,PASS,False,0.7380952380952381,203.82,121.77,13.02,203.82,ESP-Q,301.2847,3.4318,0.2337,1.478190069669316,255.29024,0.0,0.0,13.46,13.98,0,91.29438717067583,,0.19230769230769232,0,0,5.0,8,-17.563651033209805,False,-2.2205206738131755,,-0.013351310758459772,False,False,元件,203.82,0.052371273910522625,50.0,39.888316151202744,0.7,0.0,27.92,Other
601218.SH,601218,吉鑫科技,20110506,,主板,L,459234953.65000004,-13.439999999999996,未知,未知,,,5.55,39.7943,33.9645,1.7939,3.2819,537813.5992,537813.5992,286537061.79999995,False,0,0,False,False,6.89,5.38,-10.873146622734764,-2.872531418312385,-21.480406386066754,False,-13.439999999999996,-3.057119871279157,-14.48,743.2,24482172.68,37.5442,,,243732462.67000002,144.9895,2.1742,0,537813.5992,286537061.79999995,1.0,1.5,PASS,False,0.2857142857142857,-14.48,743.2,2.125,-16.605,ESP-Q,39.7943,1.7939,2.1742,,87.7931712264151,0.0,0.0,5.55,6.89,0,69.0721649484536,,0.16793893129770993,0,0,5.0,158,-8.625742908825956,False,-10.873146622734764,,-0.0011269578228097006,False,False,独立池,-16.605,0.0,21.869860753737672,27.595621635283614,0.7,0.0,19.32,Other
601233.SH,601233,桐昆股份,20110518,,主板,L,926005820.6500001,-4.597132970835394,未知,未知,,,19.49,22.8093,13.9681,1.1528,1.0705,4636673.904,4628236.1568,765358400.4000001,False,1,0,False,False,24.45,19.27,-5.577299412915848,-21.256629946960427,-21.06339468302658,False,-4.597132970835394,-3.057119871279157,193.18,70.31,1757946491.43,92.6366,,,5706417701.95,-180.7044,4.832,0,4636673.904,765358400.4000001,1.0,1.5,PASS,False,0.2857142857142857,193.18,70.31,2.125,193.18,ESP-Q,22.8093,1.1528,4.832,0.11807278186147634,87.7931712264151,0.0,0.0,19.49,24.45,0,65.2348224513173,,0.5114503816793893,0,0,5.0,158,0.2171241203386467,False,-5.577299412915848,,0.0006526629372286467,False,False,独立池,193.18,0.0,24.963849626646667,27.063216660724525,0.7,0.0,18.94,Other
601208.SH,601208,东材科技,20110520,,主板,L,3536367039.6500006,32.187413362905474,塑料,化工,801036.SI,220000,52.45,185.6227,139.2871,8.7033,8.3378,5298409.536,5298409.536,3564104103.0,True,1,0,False,False,52.67,33.65,4.607283896445802,65.2686308492201,-9.474083918739328,False,32.187413362905474,-3.057119871279157,41.74,86.56,107951940.8,57.7801,,,730576877.77,-7.3442,3.0805,0,5298409.536,3564104103.0,1.0,1.5,PASS,False,0.7619047619047619,41.74,86.56,-1.1600000000000001,44.06,ESP-Q,185.6227,8.7033,3.0805,4.447117872544322,196.25642,0.0,0.0,52.45,52.67,0,88.31615120274914,CHASE,1.0,1,1,100.0,6,28.047285974370453,True,4.607283896445802,,-0.003973828725945653,True,False,塑料,44.06,-0.012660464159863683,32.0,82.89484536082475,0.7,0.0,58.03,Tier2
002584.SZ,002584,西陇科学,20110602,,主板,L,191214671.85,3.1887755102040893,未知,未知,,,8.3,,,2.22,7.3181,485729.6303,388794.0174,278405268.0,False,0,0,False,False,8.5,7.63,-1.3414634146341364,-8.690744920993222,-4.823529411764705,False,3.1887755102040893,-3.057119871279157,105.83,-28.19,12287917.69,102.566,,,158371826.6,-1150.5263,0.5499,0,485729.6303,278405268.0,1.0,1.5,PASS,False,0.2857142857142857,105.83,-28.19,2.125,105.83,ESP-Q,,2.22,0.5499,,87.7931712264151,0.0,0.0,8.3,8.5,0,55.899198167239405,,0.7480916030534351,1,1,75.0,158,8.00303260137813,True,-1.3414634146341364,,-0.0029740035676371714,False,False,独立池,105.83,0.0,23.675578644218938,59.00487517901561,0.7,0.0,41.3,Other
601222.SH,601222,林洋能源,20110808,,主板,L,262968954.29999998,2.4232633279482885,电力,公用事业,801161.SI,410000,6.48,54.1529,73.1366,0.8822,2.8711,1322710.6611,1322710.6611,519347347.1999999,False,1,1,False,False,7.06,5.81,3.5947712418300526,2.5889967637540368,-10.198300283286121,False,2.4232633279482885,-3.057119871279157,-64.53,-58.9,43120074.03,71.6117,,,1062580015.6099999,-596.1623,0.3961,0,1322710.6611,519347347.1999999,1.0,1.5,PASS,False,0.21428571428571427,-64.53,-58.9,-1.575,-32.265,ESP-Q,54.1529,0.8822,0.3961,,43.696173170731704,0.0,0.0,6.48,7.06,0,81.78694158075601,,0.5952380952380952,0,1,40.0,13,1.4686177814204893,False,3.5947712418300526,,0.023727041812451413,False,False,电力,-32.265,-0.9599419759499712,22.0,48.9360824742268,0.7,0.0,34.26,Other
002583.SZ,002583,海能达,20110527,,主板,L,256626932.14999995,-16.682286785379564,通信设备,通信,801102.SI,730000,8.95,,,7.9932,1.3655,1627664.346,1148035.21,241820156.40000004,True,0,0,False,False,10.88,8.88,-7.1055381400208955,-19.328493647912882,-18.290441176470583,False,-16.682286785379564,-3.057119871279157,-171.34,66.98,-11738346.21,,,,540436660.58,,-1.5081,0,1627664.346,241820156.40000004,1.0,1.5,PASS,False,0.9523809523809523,-171.34,66.98,15.0872,-186.4272,,,7.9932,-1.5081,,156.39837500000002,0.0,0.0,8.95,10.88,0,65.2348224513173,,0.041666666666666664,0,0,5.0,8,-17.524138341968037,False,-7.1055381400208955,,-0.06024923123486168,False,False,通信设备,-186.4272,-0.6974919979549694,22.0,26.470446735395193,1.0,0.0,26.47,Other
601311.SH,601311,骆驼股份,20110602,,主板,L,436015479.0,-10.536585365853657,未知,未知,,,9.23,12.9239,14.2397,1.0577,1.3982,1082813.8669,1082813.8669,174773741.2,False,0,0,False,False,11.28,9.14,-1.0787486515641764,-4.479166666666668,-18.70567375886525,False,-10.536585365853657,-3.057119871279157,-19.08,-5.42,165872353.99,104.1488,,,1608686512.71,-133.789,1.5677,0,1082813.8669,174773741.2,1.0,1.5,PASS,False,0.2857142857142857,-19.08,-5.42,2.125,-21.205,ESP-Q,12.9239,1.0577,1.5677,,87.7931712264151,0.0,0.0,9.23,11.28,0,79.15234822451318,,0.2652671755725191,0,0,5.0,158,-5.722328274679617,False,-1.0787486515641764,,-0.0013284525788329763,False,False,独立池,-21.205,0.0,21.802018206294427,30.606108108612837,0.7,0.0,21.42,Other
002587.SZ,002587,奥拓电子,20110610,,主板,L,161317706.40000004,4.636785162287471,光学光电子,电子,801084.SI,270000,7.0,419.7343,365.7067,3.3957,3.9186,458152.9092,372898.9019,129027635.00000001,False,0,0,False,False,7.42,6.17,-4.243281471004257,-5.57880055788006,-8.760107816711592,False,4.636785162287471,-3.057119871279157,40.26,126.91,14675136.3,96.4498,,,51750436.7,-480.2536,1.1424,0,458152.9092,129027635.00000001,1.0,1.5,PASS,False,0.9761904761904762,40.26,126.91,-19.355800000000002,78.9716,ESP-Q,419.7343,3.3957,1.1424,10.425591157476404,243.17919999999998,0.0,0.0,7.0,7.42,0,97.2508591065292,,0.4782608695652174,0,1,40.0,7,-0.21758376975136162,False,-4.243281471004257,,-0.018717027041545677,False,False,光学光电子,78.9716,0.9186744349251884,50.0,59.17525773195876,0.7,0.0,41.42,Other
603156.SH,603156,养元饮品,20180212,,主板,L,758399951.4499999,32.5030012004802,未知,未知,,,44.78,44.7952,39.5905,5.6944,1.8835,5643522.9405,5643522.9405,1436131492.6,True,2,2,False,False,53.0,31.59,-5.622060709705012,48.353494623655905,-16.698113207547173,False,32.5030012004802,-3.057119871279157,33.02,-17.57,739271291.09,91.5281,,,3529760734.0699997,-38.2301,8.5341,0,5643522.9405,1436131492.6,1.0,1.5,PASS,False,0.2857142857142857,33.02,-17.57,2.125,33.02,ESP-Q,44.7952,5.6944,8.5341,1.3566081162931556,87.7931712264151,0.0,0.0,44.78,53.0,0,65.2348224513173,,0.9637404580152672,1,1,100.0,158,37.31725829165424,True,-5.622060709705012,,-0.009898478802590455,True,False,独立池,33.02,0.0,22.601749105231388,74.09079655644146,0.7,0.0,51.86,Tier2
002588.SZ,002588,史丹利,20110610,,主板,L,277101995.29999995,-11.205273069679844,未知,未知,,,9.47,10.5583,10.0391,1.3806,1.0343,1090841.7051,813128.8318,136390367.4,False,1,0,False,False,12.1,9.43,-5.700000000000005,-15.350089766606834,-22.066115702479337,False,-11.205273069679844,-3.057119871279157,18.78,30.7,315011593.49,92.213,,,2575070895.68,-87.8095,4.4219,0,1090841.7051,136390367.4,1.0,1.5,PASS,False,0.2857142857142857,18.78,30.7,2.125,18.78,ESP-Q,10.5583,1.3806,4.4219,0.5622097976570819,87.7931712264151,10.0,0.0,9.47,12.1,0,65.2348224513173,,0.24045801526717558,0,0,5.0,158,-6.391015978505804,False,-5.700000000000005,,-0.052474466294457435,False,False,独立池,18.78,0.0,22.391732175754903,26.548793170546173,0.7,0.0,28.58,Other
601567.SH,601567,三星电气,20110615,,主板,L,563216880.6999999,-29.289360031409494,未知,未知,,,17.87,19.711,26.3778,2.1475,1.2531,2511109.1978,2511109.1978,474113520.4,False,0,0,False,False,26.28,17.8,-0.4972375690607711,-28.786081455120595,-31.46879756468798,False,-29.289360031409494,-3.057119871279157,-69.13,-57.75,142059663.53,84.9004,,,3487467724.48,7.7386,1.4412,0,2511109.1978,474113520.4,1.0,1.5,PASS,False,0.2857142857142857,-69.13,-57.75,2.125,-71.255,,19.711,2.1475,1.4412,,87.7931712264151,0.0,0.0,17.87,26.28,0,83.73424971363116,,0.0057251908396946565,0,0,5.0,158,-24.475102940235452,False,-0.4972375690607711,,-0.0017703842281409925,False,False,独立池,-71.255,0.0,21.06386179335215,31.833047272759778,1.0,0.0,31.83,Other
002594.SZ,002594,比亚迪,20110630,,主板,L,4640607883.450001,-7.899143110410711,未知,未知,,,93.75,26.2036,31.0265,3.6856,0.7704,85473727.1719,32687001.5625,3626198878.9999995,False,0,0,False,False,105.64,93.3,-2.8971962616822333,2.9052492571805866,-11.482393032942062,False,-7.899143110410711,-3.057119871279157,-49.24,-20.38,4147574000.0,101.543,,,67683510000.0,59.4202,1.6464,0,85473727.1719,3626198878.9999995,1.0,1.5,PASS,False,0.2857142857142857,-49.24,-20.38,2.125,-51.365,,26.2036,3.6856,1.6464,,87.7931712264151,0.0,0.0,93.75,105.64,0,79.15234822451318,,0.37595419847328243,0,0,5.0,158,-3.084886019236671,False,-2.8971962616822333,,-0.05011298272371991,False,False,独立池,-51.365,0.0,21.357207069144795,30.517145881182913,1.0,0.0,30.52,Other
002734.SZ,002734,利民股份,20150127,,主板,L,366470325.2,-2.7602070155261615,未知,未知,,,16.35,16.2163,15.4427,2.003,2.4154,777997.7852,710155.3748,207590916.39999998,True,0,0,False,False,18.74,16.59,-0.7629107981220629,-14.811083123425695,-9.765208110992518,False,-2.7602070155261615,-3.057119871279157,40.18,786.88,133876403.17,101.3058,,,1221258539.6100001,41.8101,3.2803,0,777997.7852,207590916.39999998,1.0,1.5,PASS,False,0.2857142857142857,40.18,786.88,2.125,40.18,,16.2163,2.003,3.2803,0.40359133897461424,87.7931712264151,10.0,0.0,16.35,18.74,0,38.258877434135165,CAT-0,0.5801526717557252,0,0,5.0,158,2.054050075647879,False,-0.7629107981220629,,-0.003972885933345524,False,False,独立池,40.18,0.0,22.707347505164787,18.51913273127351,0.5,0.0,19.26,Other
002600.SZ,002600,领益智造,20110715,,主板,L,3640024952.5000005,8.228730822873075,电子制造,电子,801085.SI,270000,16.31,52.1028,56.3795,4.9156,4.3085,11919672.0471,11742718.5255,6774451717.6,True,0,0,False,False,17.88,13.75,-8.382526564344762,0.6485084306095956,-13.19910514541387,False,8.228730822873075,-3.057119871279157,-33.15,7.41,239005515.99,61.0265,,,4094576388.21,183.6342,1.6172,0,11919672.0471,6774451717.6,1.0,1.5,PASS,False,0.40476190476190477,-33.15,7.41,-24.075000000000003,-16.575,ESP-Q,52.1028,4.9156,1.6172,,87.6280681818182,0.0,0.0,16.31,17.88,0,90.14891179839634,,0.7307692307692307,1,1,100.0,8,3.60026205731807,False,-8.382526564344762,,-0.041460492312670544,False,False,电子制造,-16.575,-0.35203768668627883,32.0,83.4446735395189,0.7,0.0,58.41,Tier2
002601.SZ,002601,龙佰集团,20110715,,主板,L,556344512.15,-9.034443817052518,化学原料,化工,801033.SI,220000,16.02,30.6899,51.2384,1.672,1.1446,3819565.3857,3184139.6632,502395341.4,False,0,0,False,False,18.19,16.08,-8.20512820512821,-28.08035714285714,-11.434854315558008,False,-9.034443817052518,-3.057119871279157,-73.28,-44.18,175891530.9,94.0589,,,4310521142.08,153.5897,0.8179,0,3819565.3857,502395341.4,1.0,1.5,PASS,False,0.7142857142857143,-73.28,-44.18,6.035,-79.315,,30.6899,1.672,0.8179,,92.88029999999999,0.0,0.0,16.02,18.19,0,81.55784650630011,,0.4074074074074074,0,0,5.0,9,-2.29953002394907,False,-8.20512820512821,,0.016784883542092774,False,False,化学原料,-79.315,-0.19056277382861544,32.0,33.36735395189003,1.0,0.0,33.37,Other
601901.SH,601901,方正证券,20110810,,主板,L,408804214.95,0.0,证券,非银金融,801193.SI,490000,7.06,14.6392,13.6396,1.1088,1.0593,5811863.5849,5811863.5849,441647043.8,True,0,0,False,False,7.33,6.91,0.0,-8.842652795838756,-4.365620736698506,False,0.0,-3.057119871279157,22.86,29.1,1458479334.74,98.1461,,,11204504404.55,424.1166,2.8796,0,5811863.5849,441647043.8,1.0,1.5,PASS,False,0.07142857142857142,22.86,29.1,30.57,-7.710000000000001,,14.6392,1.1088,2.8796,0.640384951881015,30.16254222222222,0.0,0.0,7.06,7.33,0,87.2852233676976,,0.7666666666666667,1,1,100.0,14,2.3170731707316983,False,0.0,,0.006362111744104433,False,False,证券,-7.710000000000001,-0.19275275834832475,32.0,82.58556701030928,1.0,0.0,82.59,Tier2
002602.SZ,002602,世纪华通,20110728,,主板,L,2137308993.4000006,-14.387633769322239,未知,未知,,,14.41,18.9488,16.9058,3.2887,1.2553,10621153.226,9794228.6105,1716871647.2000003,True,0,0,False,False,17.7,14.17,-3.3557046979865723,-23.93026941362916,-18.644067796610166,False,-14.387633769322239,-3.057119871279157,46.94,243.12,1978380747.58,97.5868,,,14496306910.5,78.876,6.4398,0,10621153.226,1716871647.2000003,1.0,1.5,PASS,False,0.2857142857142857,46.94,243.12,2.125,46.94,,18.9488,3.2887,6.4398,0.4036812952705581,87.7931712264151,10.0,0.0,14.41,17.7,0,65.2348224513173,,0.13549618320610687,0,0,5.0,158,-9.573376678148199,False,-3.3557046979865723,,-0.028351611808021447,False,False,独立池,46.94,0.0,22.807046553146602,26.63185604602451,1.0,0.0,36.63,Other
603456.SH,603456,九洲药业,20141010,,主板,L,262711292.34999993,-21.79640718562874,医疗服务,医药生物,801156.SI,370000,12.83,15.6307,17.5037,1.2836,1.2644,1141159.2539,1141159.2539,175535940.0,True,0,0,False,False,17.17,12.7,0.5388760585065544,-26.00566572237959,-23.937099592312173,False,-21.79640718562874,-3.057119871279157,-32.67,22.83,168770734.87,98.0745,,,2169584143.85,61.8395,1.9539,0,1141159.2539,175535940.0,1.0,1.5,PASS,False,0.30952380952380953,-32.67,22.83,12.54,-45.21,,15.6307,1.2836,1.9539,,76.35799999999999,0.0,0.0,12.83,17.17,0,65.2348224513173,,0.1111111111111111,0,0,5.0,3,-16.623993392525307,False,0.5388760585065544,,-0.002194349548101024,False,False,医疗服务,-45.21,-0.5485270341184543,22.0,26.470446735395193,1.0,0.0,26.47,Other
601636.SH,601636,旗滨集团,20110812,,主板,L,698151976.9,13.643926788685533,玻璃制造,建筑材料,801712.SI,610000,6.76,32.3085,123.4025,1.3386,5.7277,2000049.9201,2000049.9201,625813472.1999999,True,0,0,False,False,7.06,5.89,7.053291536050166,-6.052269601100402,-3.257790368271951,False,13.643926788685533,-3.057119871279157,-1653.22,-64.3,-53962555.2,-411.4734,,,820313925.01,-947.214,0.088,0,2000049.9201,625813472.1999999,1.0,1.5,PASS,False,0.6428571428571429,-1653.22,-64.3,-13.165,-826.61,ESP-Q,32.3085,1.3386,0.088,,140.98974,0.0,0.0,6.76,7.06,0,65.2348224513173,,1.0,1,1,100.0,2,14.142047089437414,True,7.053291536050166,,0.03652380989750184,False,False,玻璃制造,-826.61,-0.6774322231161817,22.0,73.9704467353952,0.7,0.0,51.78,Tier2
002629.SZ,002629,仁智股份,20111103,,主板,L,214436313.44999996,7.3208722741433085,未知,未知,,,6.2,281.2589,318.1933,41.8912,13.5685,264180.76,224597.4738,377892529.20000005,True,2,2,False,False,8.04,6.21,-0.43352601156069204,3.2983508245876925,-14.303482587064675,False,7.3208722741433085,-3.057119871279157,-26.67,-50.49,-3951617.69,,,,-30556270.340000004,,-6.1121,0,264180.76,377892529.20000005,1.0,1.5,PASS,False,0.2857142857142857,-26.67,-50.49,2.125,-28.795,,281.2589,41.8912,-6.1121,,87.7931712264151,0.0,0.0,6.2,8.04,0,44.100801832760595,,0.8091603053435115,1,1,100.0,158,12.135129365317349,True,-0.43352601156069204,,-0.12057810410175059,False,False,独立池,-28.795,0.0,21.69007800301307,67.56825615043078,1.0,0.0,67.57,Tier2
601677.SH,601677,明泰铝业,20110919,,主板,L,769114937.5500001,-1.207464324917662,工业金属,有色金属,801055.SI,240000,19.21,12.1881,10.749,1.2057,5.7478,2388808.8875,2388361.2945,851803402.9999999,True,0,0,False,False,19.04,16.52,5.757931844888375,9.35601458080193,-5.462184873949571,False,-1.207464324917662,-3.057119871279157,74.08,17.53,659327951.21,93.9152,,,4363089473.69,20.8387,3.6076,0,2388808.8875,851803402.9999999,1.0,1.5,PASS,False,0.14285714285714285,74.08,17.53,60.27,13.809999999999995,,12.1881,1.2057,3.6076,0.16452618790496762,36.771677777777775,0.0,0.0,19.21,19.04,0,54.75372279495991,,0.6785714285714286,0,0,5.0,9,4.950608274545893,False,5.757931844888375,,-0.0005927580010891611,False,False,工业金属,13.809999999999995,-0.401974126711704,32.0,25.326116838487977,1.0,0.0,25.33,Other
002624.SZ,002624,完美世界,20111028,,主板,L,1632388000.3999999,-28.6,未知,未知,,,14.52,38.5414,53.0129,3.9078,2.8681,2816834.1226,2653868.3755,979036751.4000001,False,1,1,False,False,20.58,14.23,-10.750000000000004,-30.847457627118647,-30.612244897959183,False,-28.6,-3.057119871279157,-62.4,143.0,61389059.75,59.7853,,,1427124170.56,-121.3498,1.4324,0,2816834.1226,979036751.4000001,1.0,1.5,PASS,False,0.2857142857142857,-62.4,143.0,2.125,-64.525,ESP-Q,38.5414,3.9078,1.4324,,87.7931712264151,0.0,0.0,14.52,20.58,0,65.2348224513173,,0.007633587786259542,0,0,5.0,158,-23.78574290882596,False,-10.750000000000004,,-0.07542185240524792,False,False,独立池,-64.525,0.0,21.163118389937598,26.30307041338271,0.7,0.0,18.41,Other
002745.SZ,002745,木林森,20150217,,主板,L,534391775.9000001,12.296983758700698,光学光电子,电子,801084.SI,270000,9.84,,,1.2313,5.1213,1460419.7366,1047063.5799,508423932.79999995,False,0,0,False,False,10.61,8.51,0.0,7.4361820199777995,-8.76531573986805,False,12.296983758700698,-3.057119871279157,-16.22,-574.55,108620430.9,25.9399,,,-1019074402.3699999,63.6789,3.5756,0,1460419.7366,508423932.79999995,1.0,1.5,PASS,False,0.9761904761904762,-16.22,-574.55,-19.355800000000002,-8.11,ESP-Q,,1.2313,3.5756,,243.17919999999998,0.0,0.0,9.84,10.61,0,82.58877434135165,,0.782608695652174,1,1,85.0,7,7.442614826661865,True,0.0,,-0.02098948292633329,False,False,光学光电子,-8.11,0.01029013723566464,50.0,77.27663230240549,0.7,0.0,54.09,Tier2
002617.SZ,002617,露笑科技,20110920,,主板,L,1382782675.8000002,15.155440414507781,电力,公用事业,801161.SI,410000,9.15,82.3882,94.4863,2.7122,9.9492,1746894.167,1718023.958,3065391972.3999996,False,1,1,False,False,10.24,7.41,-5.021367521367514,-1.3318534961154205,-13.18359375,False,15.155440414507781,-3.057119871279157,-28.6,21.38,65418079.6,92.2486,,,710093271.16,135.4112,1.1074,0,1746894.167,3065391972.3999996,1.0,1.5,PASS,False,0.21428571428571427,-28.6,21.38,-1.575,-14.3,,82.3882,2.7122,1.1074,,43.696173170731704,0.0,0.0,9.15,10.24,0,90.03436426116839,CHASE,0.9047619047619048,1,1,85.0,13,14.200794867979983,True,-5.021367521367514,,-0.01837236901808251,True,False,电力,-14.3,-0.45228320542852163,32.0,75.91030927835052,1.0,0.0,75.91,Tier2
601669.SH,601669,中国电建,20111018,,主板,L,1717914153.5,-7.588532883642484,基础建设,建筑装饰,801723.SI,620000,5.48,9.4332,10.1259,0.6414,1.4024,9439935.315,7163196.1658,1257703524.8,False,0,0,False,False,6.15,5.47,-4.861111111111105,-2.8368794326240954,-10.894308943089426,False,-7.588532883642484,-3.057119871279157,-27.04,-24.1,1895618702.8,97.1556,,,21668394319.03,-1277.0576,1.158,0,9439935.315,1257703524.8,1.0,1.5,PASS,False,0.047619047619047616,-27.04,-24.1,-15.53,-13.52,ESP-Q,9.4332,0.6414,1.158,,59.53485,0.0,0.0,5.48,6.15,0,69.0721649484536,,0.47058823529411764,0,0,5.0,6,-0.7670524772564242,False,-4.861111111111105,,-0.002534874130218957,False,False,基础建设,-13.52,-0.4125978178513935,32.0,29.62164948453608,0.7,0.0,20.74,Other
601100.SH,601100,恒立液压,20111028,,主板,L,1390989715.2,13.585657370517934,未知,未知,,,117.05,57.4017,56.6861,8.7746,0.7701,15694309.7114,15694309.7114,1347818695.4,True,0,0,False,False,118.85,94.15,-1.7066023099465477,0.035087719298254605,-4.0471182162389425,False,13.585657370517934,-3.057119871279157,-18.33,9.21,557398389.25,85.4654,,,6511523692.61,70.5399,3.7092,0,15694309.7114,1347818695.4,1.0,1.5,PASS,False,0.2857142857142857,-18.33,9.21,2.125,-20.455,,57.4017,8.7746,3.7092,,87.7931712264151,0.0,0.0,117.05,118.85,0,65.2348224513173,,0.8721374045801527,1,1,100.0,158,18.399914461691974,True,-1.7066023099465477,,-0.004035689712298711,False,False,独立池,-20.455,0.0,21.813079491203652,73.93306263363593,1.0,0.0,73.93,Tier2
002628.SZ,002628,成都路桥,20111103,,主板,L,231054037.04999998,-3.9426523297490967,基础建设,建筑装饰,801723.SI,620000,5.64,,,1.513,4.3514,427004.6341,425134.6283,233291743.2,False,1,1,False,False,6.47,5.35,-7.7452667814113525,14.529914529914546,-17.15610510046367,False,-3.9426523297490967,-3.057119871279157,222.11,-32.93,13023904.9,96.6673,,,-134460844.37,97.3938,0.478,0,427004.6341,233291743.2,1.0,1.5,PASS,False,0.047619047619047616,222.11,-32.93,-15.53,253.17000000000002,ESP-Q,,1.513,0.478,,59.53485,0.0,0.0,5.64,6.47,0,70.79037800687286,,0.7058823529411765,1,0,40.0,6,2.8788280766369634,False,-7.7452667814113525,,-0.022448179035155034,False,False,基础建设,253.17000000000002,0.8628767891980272,50.0,51.23711340206185,0.7,0.0,35.87,Other
002625.SZ,002625,光启技术,20111103,,主板,L,1217515285.5,-5.226480836236935,航空装备,国防军工,801742.SI,650000,38.23,119.9072,115.5944,8.4246,1.0658,8236989.3964,8236962.1576,1025295007.0,False,0,0,False,False,43.08,37.82,-5.532126023319284,-21.012238124870365,-11.60631383472609,False,-5.226480836236935,-3.057119871279157,19.24,9.05,172178993.61,97.7443,,,1839373643.3899999,24.5522,1.8156,0,8236989.3964,1025295007.0,1.0,1.5,PASS,False,0.5238095238095238,19.24,9.05,-13.16,45.56,ESP-Q,119.9072,8.4246,1.8156,6.232182952182953,161.41275,0.0,0.0,38.23,43.08,0,82.7033218785796,,0.625,0,0,5.0,5,1.8670235262251316,False,-5.532126023319284,,-0.04921411996829834,False,False,航空装备,45.56,-0.00968166340653419,32.0,33.71099656357388,0.7,0.0,23.6,Other
603686.SH,603686,福龙马,20150126,,主板,L,320825386.70000005,-11.269841269841264,未知,未知,,,17.11,45.8073,45.2819,2.0305,2.9338,710801.4212,710801.4212,301457223.6,True,0,0,False,False,20.28,16.76,-9.693053311793221,-29.00084674005081,-17.307692307692314,False,-11.269841269841264,-3.057119871279157,-1.87,20.71,61495092.74,94.1865,,,412043306.81,-28.4994,1.8827,0,710801.4212,301457223.6,1.0,1.5,PASS,False,0.2857142857142857,-1.87,20.71,2.125,-3.995,ESP-Q,45.8073,2.0305,1.8827,,87.7931712264151,0.0,0.0,17.11,20.28,0,75.83046964490264,,0.2366412213740458,0,0,5.0,158,-6.455584178667223,False,-9.693053311793221,,-0.019104127177839825,False,False,独立池,-3.995,0.0,22.055837824011444,29.66030845827308,0.7,0.0,20.76,Other
002623.SZ,002623,亚玛顿,20111013,,主板,L,240561860.10000002,-8.969804618117227,未知,未知,,,21.39,,,1.5558,5.762,425794.6875,424882.6714,302373274.6,False,1,1,False,False,25.99,19.89,-10.5584642233857,-29.40771349862259,-21.123509041939204,False,-8.969804618117227,-3.057119871279157,-1357.76,5.07,-42958778.23,,,,-298828984.55,,-1.4044,0,425794.6875,302373274.6,1.0,1.5,PASS,False,0.2857142857142857,-1357.76,5.07,2.125,-1359.885,,,1.5558,-1.4044,,87.7931712264151,0.0,0.0,21.39,25.99,0,97.36540664375715,,0.32251908396946566,0,0,5.0,158,-4.155547526943186,False,-10.5584642233857,,-0.01503157294271825,False,False,独立池,-1359.885,0.0,2.0586570299195066,32.121353399111044,1.0,0.0,32.12,Other
601225.SH,601225,陕西煤业,20140128,,主板,L,1245862224.95,-8.156862745098037,未知,未知,,,23.32,13.4859,13.9819,2.2144,0.4889,22608740.0,22608740.0,1072962664.2,True,0,0,False,False,26.83,23.14,-1.8440905280804554,-0.25553662691651935,-12.709653373089813,False,-8.156862745098037,-3.057119871279157,-7.47,-27.49,4212077200.0,100.0496,,,38273728500.0,116.3143,4.2305,0,22608740.0,1072962664.2,1.0,1.5,PASS,False,0.2857142857142857,-7.47,-27.49,2.125,-9.594999999999999,,13.4859,2.2144,4.2305,,87.7931712264151,10.0,0.0,23.32,26.83,0,87.62886597938144,,0.36259541984732824,0,0,5.0,158,-3.3426056539239966,False,-1.8440905280804554,,0.009433930653597447,False,False,独立池,-9.594999999999999,0.0,21.97324689668923,33.18330917315228,1.0,0.0,43.18,Other
002637.SZ,002637,赞宇科技,20111125,,主板,L,338395041.65,-11.040000000000006,化学制品,化工,801034.SI,220000,10.7,27.5983,25.0601,1.3336,9.488,503329.07,497966.7554,354007889.6,True,0,0,False,False,13.51,11.12,-16.45379413974456,-19.884726224783865,-17.690599555884535,False,-11.040000000000006,-3.057119871279157,35.93,60.98,100824868.2,99.6406,,,502589088.79999995,-27.5907,2.7038,0,503329.07,354007889.6,1.0,1.5,PASS,False,0.2619047619047619,35.93,60.98,5.17,35.93,ESP-Q,27.5983,1.3336,2.7038,0.7681129974951294,72.11200512820513,10.0,0.0,10.7,13.51,0,97.13631156930126,,0.3469387755102041,0,0,5.0,15,-9.770606488011293,False,-16.45379413974456,,-0.03771924561666033,False,False,化学制品,35.93,0.059151945811047595,50.0,41.640893470790374,0.7,0.0,39.15,Other
002636.SZ,002636,金安国纪,20111125,,主板,L,2023567058.1,1.9102196752626588,元件,电子,801083.SI,270000,46.27,112.0021,70.2895,8.8318,6.8055,3368456.0,3351407.4345,1366947120.3999999,False,1,0,False,False,50.22,38.38,-0.512820512820511,66.2641215426568,-15.013938669852644,False,1.9102196752626588,-3.057119871279157,699.9,422.86,215140164.67,106.5893,,,632192933.44,-2.8332,5.4355,0,3368456.0,1366947120.3999999,1.0,1.5,PASS,False,0.7380952380952381,699.9,422.86,13.02,699.9,ESP-Q,112.0021,8.8318,5.4355,0.16002586083726247,255.29024,0.0,0.0,46.27,50.22,0,91.86712485681558,,0.23076923076923078,0,1,40.0,8,-12.46920088031257,False,-0.512820512820511,,-0.015974282139294055,False,False,元件,699.9,0.9779840122240928,50.0,57.560137457044675,0.7,0.0,40.29,Other
601555.SH,601555,东吴证券,20111212,,主板,L,424837894.59999996,-2.3170731707316983,证券,非银金融,801193.SI,490000,7.89,11.0364,11.6203,0.8961,0.8619,3920306.5384,3920306.5384,337731531.4,False,0,0,False,False,8.73,7.91,-2.0782396088019572,-13.778256189451021,-8.247422680412376,False,-2.3170731707316983,-3.057119871279157,-17.86,50.59,798627002.4,99.6871,,,7282178508.55,938.9802,1.8413,0,3920306.5384,337731531.4,1.0,1.5,PASS,False,0.07142857142857142,-17.86,50.59,30.57,-48.43,,11.0364,0.8961,1.8413,,30.16254222222222,0.0,0.0,7.89,8.73,0,74.5704467353952,,0.5111111111111111,0,0,5.0,14,0.0,False,-2.0782396088019572,,0.01788188218874729,False,False,证券,-48.43,-0.746722698430307,22.0,29.27113402061856,1.0,0.0,29.27,Other
002640.SZ,002640,跨境通,20111208,,主板,L,647555120.65,11.014492753623184,未知,未知,,,3.86,,,9.3388,4.8713,601403.9534,597629.1339,599990304.2,False,3,1,False,True,4.66,3.21,-11.342592592592593,-3.7688442211055273,-17.811158798283266,False,11.014492753623184,-3.057119871279157,-0.35,25.84,-3698027.27,-2.3524,,,-317942135.67999995,-291.7697,28.6403,0,601403.9534,599990304.2,1.0,1.5,PASS,False,0.2857142857142857,-0.35,25.84,2.125,-2.475,ESP-Q,,9.3388,28.6403,,87.7931712264151,0.0,0.0,3.86,4.66,0,65.2348224513173,,0.851145038167939,1,1,75.0,158,15.828749844797224,True,-11.342592592592593,突破型,-0.07210397965615424,False,False,独立池,-2.475,0.0,22.07825536142747,61.486097807680686,0.7,0.0,43.04,Other
002631.SZ,002631,德尔未来,20111111,,主板,L,282600947.3,4.683195592286493,家用轻工,轻工制造,801142.SI,360000,7.62,,,3.0029,2.1205,607529.5553,604702.1322,167677183.4,False,0,0,False,False,9.2,7.08,-6.288532675709002,31.944444444444443,-17.391304347826086,False,4.683195592286493,-3.057119871279157,-2.41,-86.21,-21628202.67,,,,-361966409.64,,-0.6918,0,607529.5553,167677183.4,1.0,1.5,PASS,False,0.11904761904761904,-2.41,-86.21,-30.725,-1.205,,,3.0029,-0.6918,,341.69754,0.0,0.0,7.62,9.2,0,65.2348224513173,,0.2222222222222222,0,1,40.0,3,-9.862258953168036,False,-6.288532675709002,,-0.011828690392949025,False,False,家用轻工,-1.205,-0.1034755181082365,32.0,45.97044673539519,1.0,0.0,45.97,Other
601800.SH,601800,中国交建,20120309,,主板,L,315323573.35,-13.161465400271366,基础建设,建筑装饰,801723.SI,620000,6.31,6.9616,7.671,0.3526,0.3455,10269300.506,7435534.2768,295977854.8,False,0,0,False,False,7.45,6.39,-4.33482810164425,-21.664626682986533,-14.093959731543626,False,-13.161465400271366,-3.057119871279157,-21.97,-43.48,4112696295.0,100.2481,,,35116557570.0,-822.8764,1.3141,0,10269300.506,295977854.8,1.0,1.5,PASS,False,0.047619047619047616,-21.97,-43.48,-15.53,-10.985,ESP-Q,6.9616,0.3526,1.3141,,59.53485,0.0,0.0,6.31,7.45,0,67.23940435280642,,0.35294117647058826,0,0,5.0,6,-6.339984993885306,False,-4.33482810164425,,0.005881602375926083,False,False,基础建设,-10.985,-0.4004738982110985,32.0,29.071821305841922,0.7,0.0,20.35,Other
002635.SZ,002635,安洁科技,20111125,,主板,L,469745737.85,4.6875,电子制造,电子,801085.SI,270000,18.9,112.1102,108.5172,2.1724,20.257,1246808.0066,747557.576,817872938.0,True,1,1,False,False,18.44,16.15,3.9379474940334225,18.826739427012296,-5.5314533622559665,False,4.6875,-3.057119871279157,-41.6,-84.12,14684075.02,42.0829,,,129492245.55,219.7067,0.5985,0,1246808.0066,817872938.0,1.0,1.5,PASS,False,0.40476190476190477,-41.6,-84.12,-24.075000000000003,-20.8,ESP-Q,112.1102,2.1724,0.5985,,87.6280681818182,0.0,0.0,18.9,18.44,0,71.24856815578465,,0.5384615384615384,0,1,55.0,8,0.05903123444499503,False,3.9379474940334225,,0.04371567833479116,False,False,电子制造,-20.8,-0.36446783717588516,32.0,55.274570446735396,0.7,0.0,38.69,Other
002632.SZ,002632,道明光学,20111122,,主板,L,162081536.99999997,-15.283483976992596,塑料,化工,801036.SI,220000,10.59,29.843,31.3203,3.1191,1.6472,661450.4363,608316.8809,134504604.2,True,0,0,False,False,12.25,10.3,-6.865401987353204,-22.2473604826546,-15.836734693877553,False,-15.283483976992596,-3.057119871279157,-9.97,39.38,38749895.78,94.5217,,,493593854.01,116.9814,1.8585,0,661450.4363,134504604.2,1.0,1.5,PASS,False,0.7619047619047619,-9.97,39.38,-1.1600000000000001,-4.985,,29.843,3.1191,1.8585,,196.25642,0.0,0.0,10.59,12.25,0,90.26345933562429,,0.23529411764705882,0,0,5.0,6,-19.423611365527616,False,-6.865401987353204,,-0.03650097212409018,False,False,塑料,-4.985,-0.40216379617400233,32.0,35.97903780068729,1.0,0.0,35.98,Other
002648.SZ,002648,卫星化学,20111228,,主板,L,1580796892.65,-6.893967778194076,化学原料,化工,801033.SI,220000,24.68,15.6549,14.1893,2.345,1.2279,8313817.5629,8308478.773,1592443852.6,True,0,0,False,False,30.2,24.82,-11.502849002848992,7.4362300043234075,-17.715231788079468,False,-6.893967778194076,-3.057119871279157,15.47,4.02,1953892611.64,92.2952,,,15379237604.83,90.4783,6.1356,0,8313817.5629,1592443852.6,1.0,1.5,PASS,False,0.7142857142857143,15.47,4.02,6.035,15.47,ESP-Q,15.6549,2.345,6.1356,1.011952165481577,92.88029999999999,10.0,0.0,24.68,30.2,0,65.2348224513173,,0.48148148148148145,0,0,5.0,9,-0.15905398509062874,False,-11.502849002848992,,-0.06142510426428166,False,False,化学原料,15.47,0.10315599656544983,50.0,32.070446735395194,0.7,0.0,32.45,Other
002645.SZ,002645,华宏科技,20111220,,主板,L,1140868238.05,23.986044483209778,未知,未知,,,29.06,89.2673,46.8103,4.2739,5.9009,1823806.6462,1624243.4632,1006286186.6,True,3,1,False,True,30.53,21.17,1.7173524150268404,73.99020807833536,-6.878480183426139,False,23.986044483209778,-3.057119871279157,696.5,140.26,211383947.89,97.6634,,,619055624.28,160.9556,5.209,0,1823806.6462,1006286186.6,1.0,1.5,PASS,False,0.2857142857142857,696.5,140.26,2.125,696.5,,89.2673,4.2739,5.209,0.12816554199569274,87.7931712264151,0.0,0.0,29.06,30.53,0,91.40893470790378,CHASE,0.9370229007633588,1,1,100.0,158,28.800301574383816,True,1.7173524150268404,突破型,-0.007552280204678304,True,False,独立池,696.5,0.0,32.3870041873281,83.90008124983675,1.0,0.0,83.9,Tier2
002673.SZ,002673,西部证券,20120503,,主板,L,221650740.15000004,-5.000000000000004,证券,非银金融,801193.SI,490000,6.77,17.2549,17.3196,0.9913,0.6364,3025906.8143,3025906.8143,230564676.20000002,False,0,0,False,False,7.38,6.82,-1.7241379310344862,-12.53196930946292,-7.317073170731703,False,-5.000000000000004,-3.057119871279157,-2.97,25.36,276817870.12,97.3002,,,4017327645.59,-4.3271,0.9379,0,3025906.8143,230564676.20000002,1.0,1.5,PASS,False,0.07142857142857142,-2.97,25.36,30.57,-33.54,ESP-Q,17.2549,0.9913,0.9379,,30.16254222222222,0.0,0.0,6.77,7.38,0,67.81214203894616,,0.2222222222222222,0,0,5.0,14,-2.682926829268306,False,-1.7241379310344862,,-0.007387516024614419,False,False,证券,-33.54,-0.5441536314406038,22.0,27.243642611683846,0.7,0.0,19.07,Other
002638.SZ,002638,勤上股份,20111125,,主板,L,245734450.05000004,-5.345211581291764,未知,未知,,,4.34,,,3.2983,2.8222,623481.9475,587063.1239,215395400.8,True,0,0,False,False,5.17,4.22,-4.063205417607218,37.09677419354838,-17.794970986460346,False,-5.345211581291764,-3.057119871279157,-140.81,19.84,-25753183.74,,,,-313792456.22,,-1.2288,0,623481.9475,215395400.8,1.0,1.5,PASS,False,0.2857142857142857,-140.81,19.84,2.125,-142.935,,,3.2983,-1.2288,,87.7931712264151,0.0,0.0,4.34,5.17,0,82.58877434135165,,0.47900763358778625,0,0,5.0,158,-0.5309544901177237,False,-4.063205417607218,,-0.016482233481497036,False,False,独立池,-142.935,0.0,20.00669792362783,31.277971887131063,1.0,0.0,31.28,Other
002647.SZ,002647,仁东控股,20111228,,主板,L,808185795.35,-3.645401822700911,多元金融,非银金融,801191.SI,490000,11.94,37.5331,,21.6848,2.2941,1349568.2385,1212258.2385,463029374.0,False,2,0,False,False,14.0,11.2,-5.677210056772097,16.884422110552787,-16.928571428571427,False,-3.645401822700911,-3.057119871279157,206.5,129.14,21638223.87,46.015,,,105979879.33000001,-20.7705,7.9426,0,1349568.2385,463029374.0,1.0,1.5,PASS,False,0.19047619047619047,206.5,129.14,15.68,206.5,ESP-Q,37.5331,21.6848,7.9426,0.18175835351089586,47.574976923076925,0.0,0.0,11.94,14.0,0,83.73424971363116,,0.7142857142857143,1,0,40.0,5,4.10817192692493,False,-5.677210056772097,,-0.026780192874927868,False,False,多元金融,206.5,1.0307429940298305,68.0,58.720274914089345,0.7,0.0,41.1,Other
002642.SZ,002642,荣联科技,20111220,,主板,L,295380850.35,10.983397190293731,未知,未知,,,8.56,282.9334,283.9315,4.766,4.32,566312.7479,566312.7479,347334244.8000001,True,1,1,False,False,9.59,7.58,0.6952491309385689,2.2352941176470464,-9.384775808133472,False,10.983397190293731,-3.057119871279157,-97.0,128.18,27198.8,3.3343,,,22777910.01,-96357.7121,0.0686,0,566312.7479,347334244.8000001,1.0,1.5,PASS,False,0.2857142857142857,-97.0,128.18,2.125,-99.125,ESP-Q,282.9334,4.766,0.0686,,87.7931712264151,0.0,0.0,8.56,9.59,0,87.39977090492555,,0.8492366412213741,1,1,100.0,158,15.797654281467771,True,0.6952491309385689,,0.011235044825011283,False,False,独立池,-99.125,0.0,20.652824446125354,80.35049616070273,0.7,0.0,56.25,Tier2
603599.SH,603599,广信股份,20150513,,主板,L,316317065.74999994,-16.143170197224244,未知,未知,,,11.59,16.0601,16.1501,1.0322,1.2252,1055002.1709,1055002.1709,201076712.6,True,1,0,False,False,15.35,11.44,-5.747126436781603,-23.004694835680752,-25.21172638436482,False,-16.143170197224244,-3.057119871279157,4.98,-27.56,131858010.7,83.8115,,,1394164040.3899999,72.0901,1.5499,0,1055002.1709,201076712.6,1.0,1.5,PASS,False,0.2857142857142857,4.98,-27.56,2.125,4.98,ESP-Q,16.0601,1.0322,1.5499,3.224919678714859,87.7931712264151,0.0,0.0,11.59,15.35,0,65.2348224513173,,0.08396946564885496,0,0,5.0,158,-11.328913106050203,False,-5.747126436781603,,0.009374650290415884,False,False,独立池,4.98,0.0,22.188204533425164,26.508087642080223,0.7,0.0,18.56,Other
601360.SH,601360,三六零,20120116,,主板,L,1086012918.0000002,-3.898458748866729,未知,未知,,,10.71,285.0249,116.1451,2.5673,1.3472,7496526.4884,7496526.4884,952691889.8,False,0,0,False,False,12.1,10.55,-3.460837887067403,-16.927899686520377,-12.396694214876035,False,-3.898458748866729,-3.057119871279157,,102.9617,,,,,-400805000.0,-38.0379,0.373,0,7496526.4884,952691889.8,1.0,1.5,PASS,False,0.2857142857142857,,102.9617,2.125,0.0,DATA-INC,285.0249,2.5673,0.373,,87.7931712264151,0.0,0.0,10.71,12.1,0,68.49942726231386,,0.5458015267175572,0,0,5.0,158,0.9157983423073115,False,-3.460837887067403,,-0.00428679897278645,False,False,独立池,0.0,0.0,22.114757601627915,27.47277969901974,1.0,0.0,27.47,Other
002664.SZ,002664,信质集团,20120316,,主板,L,291239191.00000006,8.099094807051,汽车零部件,汽车,801093.SI,280000,22.73,69.4095,59.5479,2.6208,2.9682,927838.6,915055.448,351550892.2,True,1,0,False,False,24.28,19.45,-2.450558899398114,-13.824534751234319,-6.548599670510713,False,8.099094807051,-3.057119871279157,373.32,556.89,29116520.89,104.5639,,,313323449.8,-418.6252,0.7842,1,927838.6,351550892.2,1.0,1.5,PASS,False,0.47619047619047616,373.32,556.89,-7.74,388.8,ESP-Q,69.4095,2.6208,0.7842,0.18592494374799098,70.26558985507246,0.0,0.0,22.73,24.28,10,93.58533791523482,,0.7297297297297297,1,1,100.0,23,6.2317510443125945,True,-2.450558899398114,,-0.009295096046758716,False,False,汽车零部件,388.8,1.510977836407742,68.0,91.67560137457045,0.7,10.0,54.17,Tier1
002652.SZ,002652,扬子新材,20120119,,主板,L,275779837.5,22.176591375770016,其他建材,建筑材料,801713.SI,610000,6.38,,,13.9127,11.5756,326696.832,326696.832,208901345.00000003,True,2,0,False,False,6.77,4.66,-3.7216828478964348,30.196936542669572,-12.112259970457895,False,22.176591375770016,-3.057119871279157,28.41,23.73,-3635800.97,,,,-59034708.12,,-1.3593,0,326696.832,208901345.00000003,1.0,1.5,PASS,False,0.16666666666666666,28.41,23.73,-12.22,52.85,,,13.9127,-1.3593,,34.4639,0.0,0.0,6.38,6.77,0,90.26345933562429,CHASE,1.0,1,1,100.0,3,13.591010748362198,True,-3.7216828478964348,,-0.019814636797741952,True,False,其他建材,52.85,-0.008133276624068894,32.0,83.47903780068728,1.0,0.0,83.48,Tier2
002654.SZ,002654,万润科技,20120217,,主板,L,1451639273.4499998,16.698903932946507,光学光电子,电子,801084.SI,270000,17.75,467.186,524.9455,9.5934,16.1386,1500412.0156,1500305.5156,3019257288.8,False,3,3,False,True,20.1,13.26,9.233554616777306,18.533071381794386,-9.950248756218905,False,16.698903932946507,-3.057119871279157,8.3,-34.41,-4262901.86,,,,26485288.57,,-0.3428,0,1500412.0156,3019257288.8,1.0,1.5,PASS,False,0.9761904761904762,8.3,-34.41,-19.355800000000002,4.15,,467.186,9.5934,-0.3428,56.28746987951806,243.17919999999998,0.0,0.0,17.75,20.1,0,90.26345933562429,CHASE,0.8260869565217391,1,1,85.0,7,11.844535000907674,True,9.233554616777306,突破型|OVERHEAT,0.023819747628430914,True,True,光学光电子,4.15,0.13817928361875317,50.0,79.57903780068729,1.0,0.0,79.58,Tier2
601388.SH,601388,怡球资源,20120423,,主板,L,336069891.25,-13.480392156862752,工业金属,有色金属,801055.SI,240000,3.63,47.0483,38.3489,1.7038,2.1146,799043.8096,799043.8096,202899216.39999998,False,0,0,False,False,4.4,3.52,-3.28767123287671,-13.480392156862752,-19.772727272727288,False,-13.480392156862752,-3.057119871279157,247.12,1316.66,64155873.85,106.9826,,,323231594.92,-102.5862,1.2785,0,799043.8096,202899216.39999998,1.0,1.5,PASS,False,0.14285714285714285,247.12,1316.66,60.27,247.12,ESP-Q,47.0483,1.7038,1.2785,0.1903864519261897,36.771677777777775,0.0,0.0,3.63,4.4,0,65.2348224513173,,0.17857142857142858,0,0,5.0,9,-7.322319557399198,False,-3.28767123287671,,0.00931546935619429,False,False,工业金属,247.12,0.6711228595767684,50.0,32.070446735395194,0.7,0.0,22.45,Other
601515.SH,601515,衢州东峰,20120216,,主板,L,206876249.1,-12.631578947368416,包装印刷,轻工制造,801141.SI,360000,4.35,,,1.7086,1.9539,837144.7419,837144.7419,176853343.99999997,False,0,0,False,False,5.2,4.15,-10.94420600858369,-12.997903563941282,-20.192307692307686,False,-12.631578947368416,-3.057119871279157,,22.1131,,,,,-447577989.0,,-0.2154,0,837144.7419,176853343.99999997,1.0,1.5,PASS,False,0.8571428571428571,,22.1131,-1.67,0.0,DATA-INC,,1.7086,-0.2154,,117.94202,0.0,0.0,4.35,5.2,0,88.54524627720504,,0.35714285714285715,0,0,5.0,5,-8.070841342618673,False,-10.94420600858369,,0.007669385015675696,False,False,包装印刷,0.0,-0.3462191208953377,32.0,35.46357388316151,1.0,0.0,35.46,Other
002657.SZ,002657,中科金财,20120228,,主板,L,192403527.4,-11.612021857923505,未知,未知,,,19.52,,,3.8981,2.4655,663781.4942,656120.7629,160743293.0,False,0,0,False,False,22.59,19.13,-4.992657856093974,-28.4028033935817,-14.077025232403717,False,-11.612021857923505,-3.057119871279157,-19.55,-100.3,-47572570.0,,,,-367752749.26,,-2.005,0,663781.4942,160743293.0,1.0,1.5,PASS,False,0.2857142857142857,-19.55,-100.3,2.125,-21.675,,,3.8981,-2.005,,87.7931712264151,0.0,0.0,19.52,22.59,0,95.07445589919816,,0.21564885496183206,0,0,5.0,158,-6.797764766749465,False,-4.992657856093974,,-0.014589221986695409,False,False,独立池,-21.675,0.0,21.79508646775131,35.38135406330971,1.0,0.0,35.38,Other
002669.SZ,002669,康达新材,20120416,,主板,L,236901636.49999997,-1.2693935119887145,化学制品,化工,801034.SI,220000,14.69,35.5305,35.3916,1.6065,10.1612,445694.6,444692.4482,354745335.20000005,True,0,0,False,False,15.4,13.32,-0.5681818181818232,-5.913978494623661,-9.090909090909093,False,-1.2693935119887145,-3.057119871279157,33.48,105.43,4490057.29,65.4109,,,94800979.8,-567.425,0.2458,0,445694.6,354745335.20000005,1.0,1.5,PASS,False,0.2619047619047619,33.48,105.43,5.17,33.48,ESP-Q,35.5305,1.6065,0.2458,1.0612455197132618,72.11200512820513,0.0,0.0,14.69,15.4,0,97.2508591065292,,0.5102040816326531,0,0,5.0,15,0.0,False,-0.5681818181818232,,-0.0033221878005933528,False,False,化学制品,33.48,0.05362765003119239,50.0,41.67525773195876,0.7,0.0,29.17,Other
002658.SZ,002658,雪迪龙,20120309,,主板,L,250222881.34999993,0.44198895027622864,未知,未知,,,8.9,37.4878,36.477,2.2087,6.6755,565827.2224,319119.7341,360207569.5999999,True,1,1,False,False,10.5,8.36,-9.64214711729623,-14.56766917293234,-13.428571428571434,False,0.44198895027622864,-3.057119871279157,65.26,-6.1,8666443.84,60.8068,,,300062349.85,27.505,0.5356,0,565827.2224,360207569.5999999,1.0,1.5,PASS,False,0.2857142857142857,65.26,-6.1,2.125,65.26,ESP-Q,37.4878,2.2087,0.5356,0.5744376340790683,87.7931712264151,0.0,0.0,8.9,10.5,0,93.81443298969072,,0.6908396946564885,0,1,55.0,158,5.256246041450269,True,-9.64214711729623,,-0.033998823800305986,False,False,独立池,65.26,0.0,23.07723687252927,60.259777271413064,0.7,0.0,42.18,Other
002670.SZ,002670,国盛证券,20120416,,主板,L,248537691.7,-9.613928841786535,证券,非银金融,801193.SI,490000,11.88,84.2208,112.67,2.0279,0.8564,2298880.5678,1928540.5532,183219307.6,False,0,0,False,False,14.1,11.93,-3.709677419354851,-24.76370510396976,-15.319148936170212,False,-9.613928841786535,-3.057119871279157,-95.89,75.92,2767048.88,188.4062,,,722148299.15,19005.2709,0.013,0,2298880.5678,183219307.6,1.0,1.5,PASS,False,0.07142857142857142,-95.89,75.92,30.57,-126.46000000000001,,84.2208,2.0279,0.013,,30.16254222222222,0.0,0.0,11.88,14.1,0,67.81214203894616,,0.06666666666666667,0,0,5.0,14,-7.296855671054837,False,-3.709677419354851,,-0.03287408530471859,False,False,证券,-126.46000000000001,-1.8082716774233591,12.0,25.243642611683846,1.0,0.0,25.24,Other
603123.SH,603123,翠微股份,20120503,,主板,L,239819591.84999996,-9.91596638655462,一般零售,商业贸易,801203.SI,450000,10.64,,,5.2172,2.1294,849855.8116,694021.6097,159478347.8,False,0,0,False,False,12.47,10.68,-4.62633451957295,-16.96359411309062,-14.033680834001604,False,-9.91596638655462,-3.057119871279157,11.41,22.54,-80608636.33,,,,-1122279121.11,,-1.8474,0,849855.8116,159478347.8,1.0,1.5,PASS,False,0.5,11.41,22.54,-2.72,16.85,,,5.2172,-1.8474,,294.39719,0.0,0.0,10.64,12.47,0,95.07445589919816,,0.5294117647058824,0,0,5.0,6,0.0,False,-4.62633451957295,,-0.015503868852513734,False,False,一般零售,16.85,0.2763338247610144,50.0,41.02233676975945,1.0,0.0,41.02,Other
603333.SH,603333,尚纬股份,20120507,,主板,L,248387589.85000005,21.662468513853895,未知,未知,,,9.52,,,2.8983,5.8525,591694.2619,591694.2619,561818015.1999999,False,2,2,False,False,10.5,7.71,0.10362694300518616,17.375455650060758,-7.9999999999999964,False,21.662468513853895,-3.057119871279157,89.6267,-651.89,-1807176.02,-329.8665,,,-116721276.66,-2298.7982,0.0268,0,591694.2619,561818015.1999999,1.0,1.5,PASS,False,0.2857142857142857,89.6267,-651.89,2.125,89.6267,ESP-Q,,2.8983,0.0268,,87.7931712264151,0.0,0.0,9.52,10.5,0,75.83046964490264,CHASE,0.9312977099236641,1,1,75.0,158,26.476725605027937,True,0.10362694300518616,,0.01921059263255321,True,False,独立池,89.6267,0.0,23.436606220526084,64.936462137576,0.7,0.0,45.46,Other
002676.SZ,002676,顺威股份,20120525,,主板,L,211308249.54999998,-15.204678362573098,未知,未知,,,5.85,52.8329,50.8506,3.1303,1.6773,421200.0,421186.2285,123523547.39999999,False,0,0,False,False,8.23,5.79,-7.496012759170645,-28.03970223325063,-29.52612393681653,False,-15.204678362573098,-3.057119871279157,1.15,-45.39,23896468.44,90.9713,,,164453742.11,453.3541,1.9665,0,421200.0,123523547.39999999,1.0,1.5,PASS,False,0.2857142857142857,1.15,-45.39,2.125,-0.9750000000000001,,52.8329,3.1303,1.9665,45.94165217391305,87.7931712264151,0.0,0.0,5.85,8.23,0,98.62542955326461,,0.11068702290076336,0,0,5.0,158,-10.390421271399058,False,-7.496012759170645,,-0.028317196515321864,False,False,独立池,-0.9750000000000001,0.0,22.10037793124592,36.507704452228566,1.0,0.0,36.51,Other
603861.SH,603861,白云电器,20160322,,主板,L,313625973.49999994,-5.478627332931973,未知,未知,,,16.03,42.4363,42.9836,2.1621,1.8287,866466.3119,847324.1242,270011283.40000004,False,0,0,False,False,18.4,15.35,0.9646302250803762,-13.783635365183978,-14.67391304347826,False,-5.478627332931973,-3.057119871279157,-16.6,8.88,29887990.91,87.7937,,,419958708.78999996,-738.1568,0.8528,0,866466.3119,270011283.40000004,1.0,1.5,PASS,False,0.2857142857142857,-16.6,8.88,2.125,-18.725,ESP-Q,42.4363,2.1621,0.8528,,87.7931712264151,0.0,0.0,16.03,18.4,0,66.55211912943871,,0.4732824427480916,0,0,5.0,158,-0.6643702417579327,False,0.9646302250803762,,-0.0021765123173281015,False,False,独立池,-18.725,0.0,21.838594188394264,26.833354576510466,0.7,0.0,18.78,Other
603000.SH,603000,人民网,20120427,,主板,L,426005171.85,-8.354302969300454,未知,未知,,,18.23,94.7578,105.7782,5.2386,1.5185,2015674.7951,2015674.7951,422900346.8000001,True,0,0,False,False,20.55,18.2,-4.509701101206076,-21.339092872570188,-11.386861313868613,False,-8.354302969300454,-3.057119871279157,,-8.33,,,,,217342510.65,,-0.8601,0,2015674.7951,422900346.8000001,1.0,1.5,PASS,False,0.2857142857142857,,-8.33,2.125,0.0,DATA-INC,94.7578,5.2386,-0.8601,,87.7931712264151,0.0,0.0,18.23,20.55,0,69.87399770904925,,0.3530534351145038,0,0,5.0,158,-3.5400458781264135,False,-4.509701101206076,,0.010721952870158303,False,False,独立池,0.0,0.0,22.114757601627915,27.885150833040356,1.0,0.0,27.89,Other
002685.SZ,002685,华东重机,20120612,,主板,L,768623695.9000001,6.139315230224307,未知,未知,,,9.09,137.2792,105.904,5.5534,6.9403,915990.7927,915868.0095,654280055.4000001,True,1,0,False,False,9.98,7.83,3.096330275229353,22.81420765027322,-9.919839679358722,False,6.139315230224307,-3.057119871279157,56.92,141.45,52257054.01,96.53,,,172298908.36,-69.2974,3.3367,0,915990.7927,654280055.4000001,1.0,1.5,PASS,False,0.2857142857142857,56.92,141.45,2.125,56.92,ESP-Q,137.2792,5.5534,3.3367,2.411791988756149,87.7931712264151,0.0,0.0,9.09,9.98,0,89.1179839633448,,0.7958015267175572,1,1,100.0,158,10.953572321398347,True,3.096330275229353,,-0.0012974597297526513,False,False,独立池,56.92,0.0,22.954235384338688,81.32624226587117,0.7,0.0,56.93,Tier2
603077.SH,603077,和邦生物,20120731,,主板,L,714553012.1,-15.841584158415845,未知,未知,,,2.63,,,1.3094,1.7592,2322736.634,2322736.634,436808913.0,False,0,0,False,False,3.23,2.55,-5.55555555555557,-2.6717557251908497,-21.052631578947377,False,-15.841584158415845,-3.057119871279157,1919.23,-2340.63,171310111.83,98.6872,,,-218340423.97999996,11.0116,0.9649,0,2322736.634,436808913.0,1.0,1.5,PASS,False,0.2857142857142857,1919.23,-2340.63,2.125,1919.23,ESP-Q,,1.3094,0.9649,,87.7931712264151,0.0,0.0,2.63,3.23,0,65.2348224513173,,0.09351145038167939,0,0,5.0,158,-11.027327067241805,False,-5.55555555555557,,0.0012312804553155164,False,False,独立池,1890.732584000006,0.0,50.0,32.070446735395194,0.7,0.0,22.45,Other
002692.SZ,002692,远程股份,20120808,,主板,L,221658734.89999998,-27.023121387283243,未知,未知,,,5.2,2105.6815,,3.2686,1.9398,373435.92,373221.693,95407622.99999999,True,0,0,False,False,7.19,5.05,-8.34845735027223,-10.77738515901061,-29.76356050069542,False,-27.023121387283243,-3.057119871279157,-316.5,-142.59,-37376526.06,,,,2386736.5999999978,,-3.1857,0,373435.92,95407622.99999999,1.0,1.5,PASS,False,0.2857142857142857,-316.5,-142.59,2.125,-318.625,,2105.6815,3.2686,-3.1857,,87.7931712264151,0.0,0.0,5.2,7.19,0,73.53951890034365,,0.013358778625954198,0,0,5.0,158,-22.208864296109205,False,-8.34845735027223,,-0.06827900118234881,False,False,独立池,-318.625,0.0,17.4155550626922,28.044966682641537,1.0,0.0,28.04,Other
002698.SZ,002698,博实股份,20120911,,主板,L,237252655.40000004,1.0752688172043001,未知,未知,,,14.23,25.8109,29.5689,3.4438,2.4362,1455105.1212,1195659.9476,294655767.8,True,1,0,False,False,15.4,12.66,-4.081632653061218,-14.18137553256239,-8.441558441558449,False,1.0752688172043001,-3.057119871279157,-50.95,7.32,68791432.53,87.7324,,,1258096356.01,3.7758,1.8615,0,1455105.1212,294655767.8,1.0,1.5,PASS,False,0.2857142857142857,-50.95,7.32,2.125,-53.075,,25.8109,3.4438,1.8615,,87.7931712264151,0.0,0.0,14.23,15.4,0,65.2348224513173,,0.7118320610687023,1,1,100.0,158,5.8895259083783404,True,-4.081632653061218,,-0.020957641669553415,False,False,独立池,-53.075,0.0,21.331987339551763,73.83684420330555,1.0,0.0,73.84,Tier2
002752.SZ,002752,昇兴股份,20150422,,主板,L,334298466.1,1.7391304347825987,包装印刷,轻工制造,801141.SI,360000,7.13,22.6779,19.0425,1.9425,2.0827,696542.8677,695550.6219,202157933.8,True,1,0,False,False,7.85,6.9,-3.703703703703709,4.309063893016329,-10.573248407643309,False,1.7391304347825987,-3.057119871279157,78.62,,148067277.01,97.7049,,,478255357.94,179.8138,4.1906,0,696542.8677,202157933.8,1.0,1.5,PASS,False,0.8571428571428571,78.62,,-1.67,81.96000000000001,ESP-Q,22.6779,1.9425,4.1906,0.28844950394301705,117.94202,10.0,0.0,7.13,7.85,0,81.09965635738831,,0.7142857142857143,1,1,100.0,5,6.299868039532342,True,-3.703703703703709,,-0.007209758781439131,False,False,包装印刷,81.96000000000001,0.3584861790336735,50.0,84.3298969072165,0.7,0.0,69.03,Tier1
002681.SZ,002681,奋达科技,20120605,,主板,L,212895761.7,5.232558139534871,电子制造,电子,801085.SI,270000,5.84,,,4.9181,8.9427,1048076.9035,916450.6537,262568306.4,True,0,0,False,False,5.73,4.94,-1.272727272727281,-14.488188976377947,-5.235602094240854,False,5.232558139534871,-3.057119871279157,-155.2,-244.66,-19945051.96,,,,-110552773.88,,-0.7403,0,1048076.9035,262568306.4,1.0,1.5,PASS,False,0.40476190476190477,-155.2,-244.66,-24.075000000000003,-77.6,,,4.9181,-0.7403,,87.6280681818182,0.0,0.0,5.84,5.73,0,88.31615120274914,,0.6153846153846154,0,1,55.0,8,0.6040893739798658,False,-1.272727272727281,,-0.005598250760412366,False,False,电子制造,-77.6,-0.5315761325154447,22.0,58.39484536082474,1.0,0.0,58.39,Tier2
002686.SZ,002686,亿利达,20120703,,主板,L,233827122.45,-15.061728395061724,通用机械,机械设备,801072.SI,640000,7.15,132.7608,215.4408,2.5093,3.6561,404860.9801,373751.1335,167632128.79999998,False,0,0,False,False,8.38,6.84,-12.132822477650063,-2.2727272727272707,-17.899761336515517,False,-15.061728395061724,-3.057119871279157,-99.98,-307.54,2382.39,0.1462,,,702857.2599999979,-321.3177,0.1011,0,404860.9801,167632128.79999998,1.0,1.5,PASS,False,0.5952380952380952,-99.98,-307.54,-0.595,-49.99,ESP-Q,132.7608,2.5093,0.1011,,108.90780749999999,0.0,0.0,7.15,8.38,0,81.78694158075601,,0.08163265306122448,0,0,5.0,15,-17.1621850160663,False,-12.132822477650063,,-0.060118138545607915,False,False,通用机械,-49.99,-0.039518387781343464,32.0,33.4360824742268,0.7,0.0,23.41,Other
002683.SZ,002683,广东宏大,20120612,,主板,L,585341379.6499999,-14.08114558472553,化学制品,化工,801034.SI,220000,36.26,28.7859,28.4892,4.12,1.3154,2755343.2384,2416943.3582,484799245.8,False,0,0,False,False,42.2,35.66,-1.0717230008243983,-26.27483104648781,-14.691943127962093,False,-14.08114558472553,-3.057119871279157,20.17,10.99,104441640.33,100.9228,,,2167266001.56,-478.3291,1.4732,0,2755343.2384,484799245.8,1.0,1.5,PASS,False,0.2619047619047619,20.17,10.99,5.17,20.17,ESP-Q,28.7859,4.12,1.4732,1.427164105106594,72.11200512820513,0.0,0.0,36.26,42.2,0,67.81214203894616,,0.20408163265306123,0,0,5.0,15,-12.811752072736816,False,-1.0717230008243983,,0.013166178544584036,False,False,化学制品,20.17,0.0236160676516525,50.0,32.84364261168385,0.7,0.0,22.99,Other
603126.SH,603126,中材节能,20140731,,主板,L,188154349.75,-2.436053593179066,未知,未知,,,8.19,364.6247,152.601,2.437,2.7779,499999.5,499999.5,243122684.4,False,1,1,False,False,9.91,7.93,-5.7647058823529385,2.6923076923076827,-19.172552976791124,False,-2.436053593179066,-3.057119871279157,201.5215,137.5293,10122558.66,94.7086,,,-15332421.11,-2746.705,0.5216,0,499999.5,243122684.4,1.0,1.5,PASS,False,0.2857142857142857,201.5215,137.5293,2.125,201.5215,ESP-Q,364.6247,2.437,0.5216,1.8093588029068859,87.7931712264151,0.0,10.0,8.19,9.91,0,72.0504009163803,,0.583969465648855,0,0,5.0,158,2.378203497994974,False,-5.7647058823529385,,-0.003320963765083003,False,False,独立池,201.5215,0.0,25.08687323740707,29.1324949223955,0.7,10.0,10.39,Other
603993.SH,603993,洛阳钼业,20121009,,主板,L,4799861636.5,-12.151394422310746,工业金属,有色金属,801055.SI,240000,18.53,19.4917,16.4137,4.4611,1.2932,39643656.7561,32354940.5521,4374134320.6,False,0,0,False,False,21.45,17.57,-6.567796610169485,-22.83464566929133,-17.762237762237753,False,-12.151394422310746,-3.057119871279157,90.58,55.56,7485958752.45,96.4679,,,51154016764.68,92.8471,9.0447,0,39643656.7561,4374134320.6,1.0,1.5,PASS,False,0.14285714285714285,90.58,55.56,60.27,90.58,ESP-Q,19.4917,4.4611,9.0447,0.21518767939942593,36.771677777777775,10.0,0.0,18.53,21.45,0,22.451317296678123,CAT-0,0.25,0,0,5.0,9,-5.993321822847192,False,-6.567796610169485,,-0.015135011650455037,False,False,工业金属,90.58,-0.04887457831100958,32.0,15.635395189003436,0.35,0.0,15.47,Other
603288.SH,603288,海天味业,20140211,,主板,L,621224041.1500001,-13.062730627306262,未知,未知,,,35.29,29.3403,28.3675,4.9143,0.2918,20651090.2274,19623359.3198,548481723.3999999,False,0,0,False,False,41.15,35.29,-3.9934800325998387,-2.294719380702237,-14.119076549210197,False,-13.062730627306262,-3.057119871279157,9.34,12.81,2347422648.43,96.0596,,,18164890265.83,-16.1776,5.8636,0,20651090.2274,548481723.3999999,1.0,1.5,PASS,False,0.2857142857142857,9.34,12.81,2.125,9.34,ESP-Q,29.3403,4.9143,5.8636,3.141359743040685,87.7931712264151,0.0,0.0,35.29,41.15,0,65.2348224513173,,0.1717557251908397,0,0,5.0,158,-8.248473536132222,False,-3.9934800325998387,,0.007090401486618246,False,False,独立池,9.34,0.0,22.25250746969746,26.52094822933468,0.7,0.0,18.56,Other
002792.SZ,002792,通宇通讯,20160328,,主板,L,2435227785.05,-8.968347010550993,通信设备,通信,801102.SI,730000,47.31,602.5931,1456.298,8.7859,7.5938,2478268.2579,1598247.6243,2197698499.2000003,True,1,0,False,False,54.4,41.69,-3.6799669216456388,3.0296329057938998,-14.356617647058812,False,-8.968347010550993,-3.057119871279157,-694.99,-969.8298,-23014841.46,,,,-34171775.43,,-0.458,0,2478268.2579,2197698499.2000003,1.0,1.5,PASS,False,0.9523809523809523,-694.99,-969.8298,15.0872,-710.0772000000001,,602.5931,8.7859,-0.458,,156.39837500000002,0.0,0.0,47.31,54.4,0,72.62313860252004,,0.16666666666666666,0,0,5.0,8,-9.810198567139468,False,-3.6799669216456388,,0.0027618696525697063,False,False,通信设备,-710.0772000000001,-2.311615133403069,12.0,26.686941580756013,1.0,0.0,26.69,Other
601608.SH,601608,中信重工,20120706,,主板,L,245737478.8,-11.323763955342903,专用设备,机械设备,801074.SI,640000,5.67,69.1577,68.4001,2.755,0.7501,2596606.7988,2596606.7988,257954207.20000002,True,0,0,False,False,6.35,5.55,-4.957264957264962,-27.604166666666675,-12.44094488188977,False,-11.323763955342903,-3.057119871279157,14.86,2.36,94353070.9,99.2335,,,952690412.48,34.848,1.0132,0,2596606.7988,257954207.20000002,1.0,1.5,PASS,False,0.5714285714285714,14.86,2.36,-11.475,37.81,ESP-Q,69.1577,2.755,1.0132,4.653950201884253,213.18103214285716,0.0,0.0,5.67,6.35,0,96.90721649484536,,0.28125,0,0,5.0,10,-6.941647634328846,False,-4.957264957264962,,-0.0013873170951010146,False,False,专用设备,37.81,0.28738911063773037,50.0,41.572164948453604,0.7,0.0,29.1,Other
002709.SZ,002709,天赐材料,20140123,,主板,L,8054414335.000001,9.31994695965146,未知,未知,,,58.08,86.936,41.3017,6.4095,7.3533,11839966.6092,8764335.9984,7115033652.4,True,1,0,False,False,64.98,48.28,0.2954466458116034,33.064330182153576,-11.188057863958145,False,9.31994695965146,-3.057119871279157,1062.23,256.32,1560155731.93,94.3032,,,3527650686.28,-1.1044,8.9589,0,11839966.6092,7115033652.4,1.0,1.5,PASS,False,0.2857142857142857,1062.23,256.32,2.125,1062.23,ESP-Q,86.936,6.4095,8.9589,0.08184291537614265,87.7931712264151,0.0,0.0,58.08,64.98,0,65.2348224513173,,0.833969465648855,1,1,100.0,158,14.1342040508255,True,0.2954466458116034,,-0.001718480794727297,False,False,独立池,1062.23,0.0,37.780929160462534,77.12663256748769,0.7,0.0,53.99,Tier2
002725.SZ,002725,跃岭股份,20140129,,主板,L,187720533.14999998,-10.422870756402624,汽车零部件,汽车,801093.SI,280000,16.54,290.6674,1913.2145,4.338,7.7299,423424.0,354550.3351,182380066.60000002,False,0,0,False,False,18.15,15.04,-10.2089552238806,-5.468258956631056,-17.13498622589531,False,-10.422870756402624,-3.057119871279157,-200.72,-33.71,-6373125.49,,,,14323274.95,,-0.5491,0,423424.0,182380066.60000002,1.0,1.5,PASS,False,0.47619047619047616,-200.72,-33.71,-7.74,-100.36,,290.6674,4.338,-0.5491,,70.26558985507246,0.0,0.0,16.54,18.15,0,83.39060710194731,,0.12162162162162163,0,0,5.0,23,-12.290214519141028,False,-10.2089552238806,,-0.011225204737025396,False,False,汽车零部件,-100.36,-0.3317885572486888,32.0,33.917182130584195,1.0,0.0,33.92,Other
002708.SZ,002708,光洋股份,20140121,,主板,L,383047341.59999996,12.601326455416363,汽车零部件,汽车,801093.SI,280000,15.98,88.9533,83.4845,5.078,5.9696,898232.5513,825617.1685,483246679.2,False,0,0,False,False,16.5,12.84,-1.6097875080489321,9.534050179211473,-7.393939393939397,False,12.601326455416363,-3.057119871279157,-44.29,135.1,13423741.41,41.8747,,,207403569.5,-207.2856,1.8307,0,898232.5513,483246679.2,1.0,1.5,PASS,False,0.47619047619047616,-44.29,135.1,-7.74,-22.145,ESP-Q,88.9533,5.078,1.8307,,70.26558985507246,0.0,0.0,15.98,16.5,0,81.78694158075601,,0.8378378378378378,1,1,85.0,23,10.733982692677959,True,-1.6097875080489321,,-0.004421570819085236,False,False,汽车零部件,-22.145,-0.037136554877608356,32.0,73.4360824742268,0.7,0.0,51.41,Tier2
603185.SH,603185,弘元绿能,20181228,,主板,L,517644727.45,-17.557251908396953,未知,未知,,,20.7,75.6789,,1.1982,2.7431,1413968.9801,1405575.9581,587267417.2,True,0,0,False,False,25.47,20.51,-5.263157894736848,-21.0161662817552,-19.43462897526501,False,-17.557251908396953,-3.057119871279157,38.9799,87.89,-57361751.14,,,,-595002230.9300001,,-2.4071,0,1413968.9801,587267417.2,1.0,1.5,PASS,False,0.2857142857142857,38.9799,87.89,2.125,38.9799,,75.6789,1.1982,-2.4071,1.9414852270016085,87.7931712264151,0.0,0.0,20.7,25.47,0,83.16151202749141,,0.06679389312977099,0,0,5.0,158,-12.742994817222913,False,-5.263157894736848,,0.007019872667496712,False,False,独立池,38.9799,0.0,22.68964797447204,31.98638320314183,1.0,0.0,31.99,Other
002815.SZ,002815,崇达技术,20161012,,主板,L,664086279.05,-4.455760661998731,元件,电子,801083.SI,270000,16.32,62.1698,83.5211,2.2646,9.5592,2014134.9608,1268295.7668,594234871.0,False,0,0,False,False,17.06,13.74,-3.9667306461932283,-2.9734970911441505,-12.016412661195774,False,-4.455760661998731,-3.057119871279157,-69.81,17.88,33737353.76,104.0633,,,881416238.0,188.3665,0.3653,0,2014134.9608,594234871.0,1.0,1.5,PASS,False,0.7380952380952381,-69.81,17.88,13.02,-82.83,,62.1698,2.2646,0.3653,,255.29024,0.0,0.0,16.32,17.06,0,93.58533791523482,,0.11538461538461539,0,0,5.0,8,-18.83518121757396,False,-3.9667306461932283,,-0.005963820822723623,False,False,元件,-82.83,-0.48247570931312045,32.0,36.975601374570445,1.0,0.0,36.98,Other
002703.SZ,002703,浙江世宝,20121102,,主板,L,869863452.0500001,-3.6284470246734424,汽车零部件,汽车,801093.SI,280000,21.29,97.0205,100.8572,8.2764,23.497,1751384.3455,1247696.3495,967200994.4,True,2,2,False,False,21.87,16.9,4.842105263157914,-17.68595041322313,-8.916323731138542,False,-3.6284470246734424,-3.057119871279157,-13.9,12.95,38880312.55,92.8641,,,402402189.33,23.3068,1.9983,0,1751384.3455,967200994.4,1.0,1.5,PASS,False,0.47619047619047616,-13.9,12.95,-7.74,-6.95,,97.0205,8.2764,1.9983,,70.26558985507246,0.0,0.0,21.29,21.87,0,83.39060710194731,,0.33783783783783783,0,0,5.0,23,-5.495790787411847,False,4.842105263157914,,0.05984040201125197,False,False,汽车零部件,-6.95,0.020106137394060343,50.0,37.51718213058419,1.0,0.0,37.52,Other
603699.SH,603699,纽威股份,20140117,,主板,L,502437097.7,8.03389830508474,通用机械,机械设备,801072.SI,640000,61.0,29.541,28.0934,9.456,0.8419,4729225.6839,4624670.6408,352953382.2,True,0,0,False,False,67.17,57.0,-2.2392638036809798,13.740185581727339,-5.106446330206937,False,8.03389830508474,-3.057119871279157,40.12,38.32,343770813.96,99.5902,,,3624849403.07,70.4238,7.1618,0,4729225.6839,352953382.2,1.0,1.5,PASS,False,0.5952380952380952,40.12,38.32,-0.595,41.309999999999995,,29.541,9.456,7.1618,0.7363160518444667,108.90780749999999,10.0,0.0,61.0,67.17,0,65.2348224513173,,0.5714285714285714,0,1,55.0,15,5.933441684080164,True,-2.2392638036809798,,-0.0018373827586966663,False,False,通用机械,41.309999999999995,0.305953642533386,50.0,57.070446735395194,1.0,0.0,67.07,Tier1
001203.SZ,001203,大中矿业,20210510,,主板,L,1579666216.3,-8.129720124389173,未知,未知,,,39.98,83.274,91.6404,8.3507,3.3165,6129255.5791,5221284.5398,1476781671.0,True,1,0,False,False,54.65,39.2,-2.383762095822506,14.191054665930425,-24.318389752973466,False,-8.129720124389173,-3.057119871279157,-30.41,0.85,154863856.43,98.2657,,,1884445879.48,156.0469,2.1297,0,6129255.5791,1476781671.0,1.0,1.5,PASS,False,0.2857142857142857,-30.41,0.85,2.125,-32.535,,83.274,8.3507,2.1297,,87.7931712264151,0.0,0.0,39.98,54.65,0,50.0,COV-LOW,0.366412213740458,0,0,5.0,158,-3.315463033215133,False,-2.383762095822506,,-0.017563261471307493,False,False,独立池,-32.535,0.0,21.634919062265734,21.826983812453147,1.0,0.0,21.83,Other
603308.SH,603308,应流股份,20140122,,主板,L,1714117431.8500001,1.4006791171476962,通用机械,机械设备,801072.SI,640000,70.89,138.0722,127.7663,9.7141,2.6306,4813769.7479,4813769.7479,1334644979.2,True,1,0,False,False,84.66,69.6,-2.8071602929210626,6.272241992882566,-15.343727852586808,False,1.4006791171476962,-3.057119871279157,31.42,15.78,117961343.49,98.1659,,,903508419.2,-129.7221,2.3479,0,4813769.7479,1334644979.2,1.0,1.5,PASS,False,0.5952380952380952,31.42,15.78,-0.595,32.61,ESP-Q,138.0722,9.7141,2.3479,4.3944048376830045,108.90780749999999,0.0,0.0,70.89,84.66,0,70.79037800687286,,0.4897959183673469,0,1,55.0,15,-0.6997775038568799,False,-2.8071602929210626,,-0.008569262248451398,False,False,通用机械,32.61,0.2730335257345016,50.0,58.73711340206185,0.7,0.0,41.12,Other
603989.SH,603989,艾华集团,20150515,,主板,L,318183723.1,33.12725399278722,元件,电子,801083.SI,270000,28.42,42.7637,43.208,2.8677,4.0121,1133332.3621,1133332.3621,677639131.1999999,True,2,2,False,False,27.25,18.98,29.200000000000003,36.00000000000001,-5.174311926605501,False,33.12725399278722,-3.057119871279157,-13.88,39.76,59059493.55,85.8143,,,641809503.44,7.0236,1.7567,0,1133332.3621,677639131.1999999,1.0,1.5,PASS,False,0.7380952380952381,-13.88,39.76,13.02,-26.9,,42.7637,2.8677,1.7567,,255.29024,0.0,0.0,28.42,27.25,0,99.19816723940436,CHASE,0.8076923076923077,1,1,100.0,8,18.747833437211987,True,29.200000000000003,OVERHEAT,0.017747083148666326,True,True,元件,-26.9,-0.3781185079466514,32.0,86.1594501718213,1.0,0.0,86.16,Tier2
603088.SH,603088,宁波精达,20141111,,主板,L,265900627.49999994,-11.934766493699033,通用机械,机械设备,801072.SI,640000,12.18,50.9433,66.6842,5.325,3.2004,611908.5426,533327.9011,265059396.59999996,False,0,0,False,False,13.92,11.61,0.0,-8.75576036866359,-14.655172413793094,False,-11.934766493699033,-3.057119871279157,-80.07,,6534348.74,81.4382,,,139355407.29,116.3315,0.7007,0,611908.5426,265059396.59999996,1.0,1.5,PASS,False,0.5952380952380952,-80.07,,-0.595,-40.035,,50.9433,5.325,0.7007,,108.90780749999999,0.0,0.0,12.18,13.92,0,50.0,COV-LOW,0.16326530612244897,0,0,5.0,15,-14.035223114703609,False,0.0,,0.0014510354827248283,False,False,通用机械,-40.035,-0.0018494495361831764,32.0,23.9,1.0,0.0,23.9,Other
603009.SH,603009,北特科技,20140718,,主板,L,475760883.45,9.513534719497851,汽车零部件,汽车,801093.SI,280000,58.8,170.3716,164.6984,9.9067,8.203,2036772.1122,1989844.7436,671700246.4,True,0,0,False,False,56.32,44.8,7.675988428158131,12.311406155703075,-0.8700284090909172,False,9.513534719497851,-3.057119871279157,16.11,99.39,24038298.75,88.4474,,,269813262.85,-51.1337,1.4307,0,2036772.1122,671700246.4,1.0,1.5,PASS,False,0.47619047619047616,16.11,99.39,-7.74,31.590000000000003,ESP-Q,170.3716,9.9067,1.4307,10.575518311607697,70.26558985507246,0.0,10.0,58.8,56.32,0,89.00343642611683,,0.7972972972972973,1,1,100.0,23,7.646190956759447,True,7.675988428158131,,0.020409241124510497,False,False,汽车零部件,31.590000000000003,0.16529424928284692,50.0,86.70103092783505,0.7,10.0,50.69,Tier2
603688.SH,603688,石英股份,20141031,,主板,L,2154600663.45,39.423631123919314,未知,未知,,,74.55,263.3637,293.9992,6.8986,7.2111,4038211.6445,4038211.6445,2464280254.0,True,2,1,False,False,76.44,48.96,4.372213433050476,48.98378156436047,-5.062794348508637,False,39.423631123919314,-3.057119871279157,-3.34,-71.7,25224626.86,68.6016,,,239633525.16,12.8808,0.6301,0,4038211.6445,2464280254.0,1.0,1.5,PASS,False,0.2857142857142857,-3.34,-71.7,2.125,-5.465,ESP-Q,263.3637,6.8986,0.6301,,87.7931712264151,0.0,10.0,74.55,76.44,0,65.2348224513173,,0.9751908396946565,1,1,100.0,158,44.237888215093356,True,4.372213433050476,,0.005961591215518912,True,False,独立池,-5.465,0.0,22.03415770558936,73.97727827651306,0.7,10.0,41.78,Other
002782.SZ,002782,可立克,20151222,,主板,L,561099504.2,31.28491620111731,其他电子,电子,801082.SI,270000,28.87,47.7856,56.1329,6.6859,8.1383,1431848.1055,1404528.9644,1079108534.3999999,False,4,4,False,True,30.66,18.48,10.892646480534808,25.333333333333343,-8.023483365949124,False,31.28491620111731,-3.057119871279157,-66.82,21.92,21045910.2,82.6505,,,650801726.8299999,325.2541,1.1424,0,1431848.1055,1079108534.3999999,1.0,1.5,PASS,False,0.9285714285714286,-66.82,21.92,10.47,-77.28999999999999,,47.7856,6.6859,1.1424,,116.60343333333333,0.0,0.0,28.87,30.66,0,81.09965635738831,CHASE,0.8461538461538461,1,1,75.0,4,26.638503129889337,True,10.892646480534808,突破型|OVERHEAT,0.02533674185793447,True,True,其他电子,-77.28999999999999,-1.3590503588912715,22.0,66.2298969072165,1.0,0.0,66.23,Tier2
601969.SH,601969,海南矿业,20141209,,主板,L,371716421.25,-7.925200356188789,未知,未知,,,10.47,48.3857,44.2497,3.0535,0.8429,2085552.5433,2065183.017,348129665.6000001,True,0,0,False,False,12.75,10.34,-7.760927743086543,-10.008703220191473,-18.901960784313733,False,-7.925200356188789,-3.057119871279157,25.03,-41.52,194256380.0,96.8254,,,1121829270.0,5.6004,2.8892,0,2085552.5433,348129665.6000001,1.0,1.5,PASS,False,0.2857142857142857,25.03,-41.52,2.125,25.03,ESP-Q,48.3857,3.0535,2.8892,1.9331082700759088,87.7931712264151,0.0,0.0,10.47,12.75,0,65.2348224513173,,0.37404580152671757,0,0,5.0,158,-3.1109432650147486,False,-7.760927743086543,,0.001441835822153641,False,False,独立池,25.03,0.0,22.483909549998444,26.56722864539488,0.7,0.0,18.6,Other
002705.SZ,002705,新宝股份,20140121,,主板,L,452611730.45000005,-25.336322869955154,未知,未知,,,13.02,10.5773,12.7159,1.2182,1.6172,1057062.2656,1051535.3589,171458967.20000002,False,0,0,False,False,19.68,13.13,-1.1869436201780381,-8.327598072952503,-32.3170731707317,False,-25.336322869955154,-3.057119871279157,-72.25,-9.26,68028164.74,86.3394,,,2397966866.33,-142.6528,0.9106,0,1057062.2656,171458967.20000002,1.0,1.5,PASS,False,0.2857142857142857,-72.25,-9.26,2.125,-74.375,ESP-Q,10.5773,1.2182,0.9106,,87.7931712264151,0.0,0.0,13.02,19.68,0,67.81214203894616,,0.019083969465648856,0,0,5.0,158,-20.522065778781112,False,-1.1869436201780381,,-0.013205979864731267,False,False,独立池,-74.375,0.0,21.017846848129775,27.047211981309804,0.7,0.0,18.93,Other
002838.SZ,002838,道恩股份,20170106,,主板,L,298446875.09999996,30.13148283418554,塑料,化工,801036.SI,220000,35.6,90.157,64.5826,4.5319,1.8782,1703098.3111,1497448.9374,287090249.4,True,0,0,False,False,38.3,27.07,-2.7034407427635077,21.895313034553542,-6.971279373368134,False,30.13148283418554,-3.057119871279157,103.49,46.82,75246570.36,63.1849,,,448430987.69,114.527,3.2194,0,1703098.3111,287090249.4,1.0,1.5,PASS,False,0.7619047619047619,103.49,46.82,-1.1600000000000001,105.80999999999999,ESP-Q,90.157,4.5319,3.2194,0.8711662962605082,196.25642,0.0,0.0,35.6,38.3,0,65.2348224513173,,0.9411764705882353,1,1,100.0,6,25.99135544565052,True,-2.7034407427635077,,-0.032256635010403406,True,False,塑料,105.80999999999999,0.4777428542594055,50.0,79.5704467353952,0.7,0.0,55.7,Tier2
603005.SH,603005,晶方科技,20140210,,主板,L,1790741476.1000001,16.763754045307433,半导体,电子,801081.SI,270000,39.14,69.0605,69.0456,5.5708,23.8896,2552600.0573,2552600.0573,2954368774.7999997,False,1,1,False,False,40.45,30.01,9.532483302975114,5.806451612903207,-10.803461063040798,False,16.763754045307433,-3.057119871279157,11.63,51.6,61393570.51,93.8215,,,786520043.45,131.7859,1.412,0,2552600.0573,2954368774.7999997,1.0,1.5,PASS,False,0.8333333333333334,11.63,51.6,20.14,-8.51,,69.0605,5.5708,1.412,5.938134135855546,137.7359375,0.0,0.0,39.14,40.45,0,91.29438717067583,CHASE,0.5,0,1,40.0,9,-2.122033481256789,False,9.532483302975114,OVERHEAT,-0.00435473503816797,True,True,半导体,-8.51,-0.31975754284121216,32.0,53.78831615120275,1.0,0.0,53.79,Tier2
603099.SH,603099,长白山,20140822,,主板,L,217760150.3,8.848553601815112,未知,未知,,,37.0,77.9076,75.74,6.6909,3.8434,1007716.682,1007716.682,247542654.99999997,True,0,0,False,False,39.38,33.02,1.9118428040361346,-0.4409857328145139,-2.539360081259523,False,8.848553601815112,-3.057119871279157,81.31,-15.63,7973154.24,98.4773,,,283840872.79,73.0852,0.5393,0,1007716.682,247542654.99999997,1.0,1.5,PASS,False,0.2857142857142857,81.31,-15.63,2.125,81.31,ESP-Q,77.9076,6.6909,0.5393,0.9581552084614439,87.7931712264151,0.0,0.0,37.0,39.38,0,86.1397479954181,,0.8282442748091603,1,1,100.0,158,13.662810692989153,True,1.9118428040361346,,-0.009024267641799762,False,False,独立池,81.31,0.0,23.31394836958668,80.50471407254277,0.7,0.0,56.35,Tier2
603997.SH,603997,继峰股份,20150302,,主板,L,228101880.00000003,3.95962732919255,汽车零部件,汽车,801093.SI,280000,13.51,37.894,35.7507,3.1778,0.7913,1718829.8313,1718829.8313,230462376.00000003,True,1,0,False,False,13.98,11.9,-1.6886930983847193,-7.013888888888886,-4.220314735336195,False,3.95962732919255,-3.057119871279157,25.96,175.0372,111530725.2,84.7289,,,981550194.6,-359.473,2.4456,0,1718829.8313,230462376.00000003,1.0,1.5,PASS,False,0.47619047619047616,25.96,175.0372,-7.74,41.440000000000005,ESP-Q,37.894,3.1778,2.4456,1.4597072419106316,70.26558985507246,0.0,0.0,13.51,13.98,0,87.0561282932417,,0.6081081081081081,0,1,55.0,23,2.092283566454145,False,-1.6886930983847193,,0.015396105461204351,False,False,汽车零部件,41.440000000000005,0.20240122650403394,50.0,63.61683848797251,0.7,0.0,44.53,Other
002798.SZ,002798,帝欧水华,20160525,,主板,L,186974871.1,14.545454545454529,家用轻工,轻工制造,801142.SI,360000,8.3,,,2.6234,2.7277,460749.9909,402022.8952,133383440.19999999,True,1,1,False,False,8.77,6.79,-1.0869565217391242,24.65753424657533,-6.613454960091225,False,14.545454545454529,-3.057119871279157,2.08,5.63,-48978168.32,,,,-827234000.41,,-0.8316,1,460749.9909,133383440.19999999,1.0,1.5,PASS,False,0.11904761904761904,2.08,5.63,-30.725,1.04,,,2.6234,-0.8316,,341.69754,0.0,0.0,8.3,8.77,10,67.81214203894616,,0.5555555555555556,0,1,55.0,3,0.0,False,-1.0869565217391242,,0.0014903823632675909,False,False,家用轻工,1.04,0.11614168629907237,50.0,57.84364261168385,1.0,10.0,47.84,Other
002802.SZ,002802,洪汇新材,20160629,,主板,L,158315095.15,-9.465855307640291,化学制品,化工,801034.SI,220000,14.04,61.7646,59.7355,3.8955,4.0806,254469.2296,210155.2226,84090010.4,True,0,0,False,False,15.69,13.3,-6.559665038381013,-4.561653599429782,-14.659018483110254,False,-9.465855307640291,-3.057119871279157,-10.81,-29.96,9064753.79,70.9074,,,92837186.95,18.3732,1.9768,1,254469.2296,84090010.4,1.0,1.5,PASS,False,0.2619047619047619,-10.81,-29.96,5.17,-15.98,ESP-Q,61.7646,3.8955,1.9768,,72.11200512820513,0.0,0.0,14.04,15.69,10,70.44673539518901,,0.40816326530612246,0,0,5.0,15,-8.196461795651576,False,-6.559665038381013,,-0.023551796674243515,False,False,化学制品,-15.98,-0.05789548028376203,32.0,30.034020618556703,0.7,10.0,11.02,Other
603010.SH,603010,万盛股份,20141010,,主板,L,229269005.95,0.529500756429635,化学制品,化工,801034.SI,220000,13.62,,,3.1362,1.1431,796811.2591,777400.0351,164520150.2,False,0,0,False,False,15.98,12.65,-8.659793814433003,9.292763157894735,-16.833541927409268,False,0.529500756429635,-3.057119871279157,-209.51,-1103.79,-9388778.77,-66.8188,,,-964923120.8799999,234.1718,0.5385,0,796811.2591,164520150.2,1.0,1.5,PASS,False,0.2619047619047619,-209.51,-1103.79,5.17,-214.67999999999998,ESP-Q,,3.1362,0.5385,,72.11200512820513,0.0,0.0,13.62,15.98,0,70.79037800687286,,0.5510204081632653,0,1,40.0,15,1.7988942684183495,False,-8.659793814433003,,-0.01753023939488339,False,False,化学制品,-214.67999999999998,-0.505927142103039,22.0,45.63711340206186,0.7,0.0,31.95,Other
002739.SZ,002739,儒意电影,20150122,,主板,L,378638250.15000004,-10.221793635486975,未知,未知,,,9.19,37.7558,,2.548,1.4122,1940724.6327,1929819.5397,371500072.00000006,True,0,0,False,False,10.46,9.01,2.5330396475770955,-17.17081850533807,-10.994263862332698,False,-10.221793635486975,-3.057119871279157,-92.54,128.3139,60854290.59,70.0161,,,1463632964.72,138.9404,1.1499,0,1940724.6327,371500072.00000006,1.0,1.5,PASS,False,0.2857142857142857,-92.54,128.3139,2.125,-94.665,ESP-Q,37.7558,2.548,1.1499,,87.7931712264151,0.0,0.0,9.19,10.46,0,84.5360824742268,,0.2767175572519084,0,0,5.0,158,-5.407536544312935,False,2.5330396475770955,,0.01094928756623049,False,False,独立池,-94.665,0.0,20.718602220385545,32.00454518634515,0.7,0.0,22.4,Other
600909.SH,600909,华安证券,20161206,,主板,L,773109739.4000001,26.690391459074725,证券,非银金融,801193.SI,490000,7.32,17.4437,18.2333,1.3941,7.4394,3677721.1915,3677721.1915,2011549787.7999997,True,1,1,False,False,7.28,5.45,24.693520140105086,11.250000000000004,-2.197802197802201,False,26.690391459074725,-3.057119871279157,-17.09,40.92,430426398.79,99.3258,,,5418079207.81,599.919,1.7267,0,3677721.1915,2011549787.7999997,1.0,1.5,PASS,False,0.07142857142857142,-17.09,40.92,30.57,-47.66,,17.4437,1.3941,1.7267,,30.16254222222222,0.0,0.0,7.32,7.28,0,74.5704467353952,CHASE,1.0,1,1,100.0,14,29.007464629806424,True,24.693520140105086,OVERHEAT,0.023168537720796214,True,True,证券,-47.66,-0.7362473336497783,22.0,76.77113402061856,1.0,0.0,76.77,Tier2
601211.SH,601211,国泰海通,20150626,,主板,L,2121533399.6499996,-9.074626865671643,证券,非银金融,801193.SI,490000,15.03,9.5279,12.0681,0.8117,0.846,26496275.521,20285856.0201,1827837668.4,False,0,0,False,False,17.07,15.21,-1.360103626942999,-21.575695159629248,-10.779144698301113,False,-9.074626865671643,-3.057119871279157,73.43,71.93,5710848828.0,89.3931,,,50683161136.0,649.0173,1.916,0,26496275.521,1827837668.4,1.0,1.5,PASS,False,0.07142857142857142,73.43,71.93,30.57,73.43,,9.5279,0.8117,1.916,0.1297548685823233,30.16254222222222,0.0,0.0,15.03,17.07,0,74.5704467353952,,0.08888888888888889,0,0,5.0,14,-6.757553694939945,False,-1.360103626942999,,-0.007427542481005487,False,False,证券,73.43,0.9111058108621873,50.0,34.871134020618555,1.0,0.0,34.87,Other
002779.SZ,002779,中坚科技,20151209,,主板,L,285602848.6,-22.969304656504484,专用设备,机械设备,801074.SI,640000,76.4,81.815,88.7922,15.0103,2.9393,1411872.0,1266775.6794,200383043.4,False,0,0,False,False,96.16,71.0,-1.5084768388733072,-24.95931651749389,-23.27371048252912,False,-22.969304656504484,-3.057119871279157,-29.8,-22.04,28250114.24,98.6066,,,136196652.56,-492.4598,3.0933,0,1411872.0,200383043.4,1.0,1.5,PASS,False,0.5714285714285714,-29.8,-22.04,-11.475,-14.9,ESP-Q,81.815,15.0103,3.0933,,213.18103214285716,0.0,0.0,76.4,96.16,0,50.0,COV-LOW,0.0625,0,0,5.0,10,-18.587188335490428,False,-1.5084768388733072,,-0.00282826110815049,False,False,专用设备,-14.9,-0.3480723413518844,32.0,23.9,0.7,0.0,16.73,Other
600958.SH,600958,东方证券,20150323,,主板,L,997758233.4499999,8.06270996640539,证券,非银金融,801193.SI,490000,9.58,14.4487,14.0704,0.9948,0.9326,8139786.1897,7155764.5837,861958487.4,True,0,0,False,False,10.14,8.85,0.31185031185032575,-5.3921568627450895,-4.832347140039451,False,8.06270996640539,-3.057119871279157,,69.85,,,,,13902174600.27,561.0313,1.895,0,8139786.1897,861958487.4,1.0,1.5,PASS,False,0.07142857142857142,,69.85,30.57,0.0,DATA-INC,14.4487,0.9948,1.895,,30.16254222222222,0.0,0.0,9.58,10.14,0,74.5704467353952,,0.9333333333333333,1,1,100.0,14,10.379783137137087,True,0.31185031185032575,,0.02451093302856473,False,False,证券,0.0,-0.08786306684458989,32.0,78.77113402061856,1.0,0.0,78.77,Tier2
601198.SH,601198,东兴证券,20150226,,主板,L,301687945.9,4.813664596273282,证券,非银金融,801193.SI,490000,13.33,20.5011,20.7646,1.3993,0.7894,4308849.8782,4308849.8782,558672159.8000001,True,0,0,False,False,13.88,12.65,6.132075471698117,-4.8625792811839315,-2.737752161383289,False,4.813664596273282,-3.057119871279157,,32.99,,,,,4534555889.96,1548.6571,1.0537,0,4308849.8782,558672159.8000001,1.0,1.5,PASS,False,0.07142857142857142,,32.99,30.57,0.0,DATA-INC,20.5011,1.3993,1.0537,,30.16254222222222,0.0,0.0,13.33,13.88,0,65.2348224513173,,0.9111111111111111,1,1,100.0,14,7.13073776700498,True,6.132075471698117,,-0.01373467761927665,False,False,证券,0.0,-0.08786306684458989,32.0,75.9704467353952,1.0,0.0,75.97,Tier2
601689.SH,601689,拓普集团,20150319,,主板,L,3018517767.9,21.48234900451731,汽车零部件,汽车,801093.SI,280000,72.05,45.055,45.2777,5.275,3.0007,12521105.3539,12521105.3539,4858668968.0,True,0,0,False,False,74.68,56.0,3.832403832403819,3.1685137823245224,-2.7718264595608,False,21.48234900451731,-3.057119871279157,-2.77,-4.3,473133166.14,85.7436,,,6062225142.639999,80.1019,2.2668,0,12521105.3539,4858668968.0,1.0,1.5,PASS,False,0.47619047619047616,-2.77,-4.3,-7.74,-1.385,,45.055,5.275,2.2668,,70.26558985507246,0.0,0.0,72.05,74.68,0,65.2348224513173,,0.9324324324324325,1,1,100.0,23,19.615005241778906,True,3.832403832403819,,0.0009813017380969347,True,False,汽车零部件,-1.385,0.0410706377225787,50.0,79.5704467353952,1.0,0.0,79.57,Tier2
601226.SH,601226,华电科工,20141211,,主板,L,176952602.60000005,-14.616193480546801,专业工程,建筑装饰,801724.SI,620000,8.25,61.1837,51.3054,2.2053,1.1683,958834.5525,958834.5525,155273712.4,False,0,0,False,False,9.61,8.08,-5.909617612978002,-29.391304347826097,-15.504682622268472,False,-14.616193480546801,-3.057119871279157,36.74,89.11,-52365670.12,,,,269476025.02,,-1.1939,0,958834.5525,155273712.4,1.0,1.5,PASS,False,0.35714285714285715,36.74,89.11,-13.35,63.440000000000005,,61.1837,2.2053,-1.1939,1.6653157321720196,69.65643999999999,0.0,0.0,8.25,9.61,0,73.6540664375716,,0.25,0,0,5.0,5,-6.31535701531914,False,-5.909617612978002,,-0.005392427515808878,False,False,专业工程,63.440000000000005,0.3417937174727238,50.0,34.59621993127148,1.0,0.0,34.6,Other
603030.SH,603030,全筑股份,20150320,,主板,L,178554547.04999998,6.61478599221792,装修装饰,建筑装饰,801722.SI,620000,2.81,,,5.2929,2.761,370058.3191,370058.3191,126808217.39999999,False,2,0,False,False,3.15,2.3,-6.164383561643827,-4.861111111111105,-13.015873015873003,False,6.61478599221792,-3.057119871279157,102.12,-187.68,440874.4,19.6171,,,-372219270.67999995,-18.0029,0.3222,0,370058.3191,126808217.39999999,1.0,1.5,PASS,False,0.6904761904761905,102.12,-187.68,15.48,102.12,ESP-Q,,5.2929,0.3222,,84.0898,0.0,0.0,2.81,3.15,0,79.72508591065292,,0.5714285714285714,0,1,40.0,3,0.0,False,-6.164383561643827,,0.004429653869310463,False,False,装修装饰,102.12,0.8853325374719757,50.0,53.91752577319588,0.7,0.0,37.74,Other
603369.SH,603369,今世缘,20140703,,主板,L,368119214.75,10.027311744049939,未知,未知,,,27.09,12.9723,14.406,1.8819,0.9554,3377581.3002,3377581.3002,312500032.2,False,0,0,False,False,29.49,25.34,1.6216216216216273,-11.902530459231485,-4.374364191251267,False,10.027311744049939,-3.057119871279157,-15.74,-23.22,1380976821.52,99.7146,,,8744507546.71,115.0069,8.0262,0,3377581.3002,312500032.2,1.0,1.5,PASS,False,0.2857142857142857,-15.74,-23.22,2.125,-17.865000000000002,,12.9723,1.8819,8.0262,,87.7931712264151,10.0,0.0,27.09,29.49,0,65.2348224513173,,0.8416030534351145,1,1,75.0,158,14.84156883522398,True,1.6216216216216273,,0.0072757494477498005,False,False,独立池,-17.865000000000002,0.0,21.851277795090173,61.44070229441323,1.0,0.0,71.44,Tier2
603011.SH,603011,合锻智能,20141107,,主板,L,375396812.6,-12.032816773017318,专用设备,机械设备,801074.SI,640000,19.81,,,5.2542,3.2349,979434.9997,979434.9997,357101948.4,False,0,0,False,False,22.65,19.25,-8.357075023741679,-23.925896728419392,-14.790286975717425,False,-12.032816773017318,-3.057119871279157,-620.57,-166.9,-30514691.47,,,,-336625767.31,,-1.528,0,979434.9997,357101948.4,1.0,1.5,PASS,False,0.5714285714285714,-620.57,-166.9,-11.475,-310.285,,,5.2542,-1.528,,213.18103214285716,0.0,0.0,19.81,22.65,0,87.0561282932417,,0.1875,0,0,5.0,10,-7.650700452003261,False,-8.357075023741679,,-0.006296821273164615,False,False,专用设备,-310.285,-3.909176135621517,5.0,29.616838487972508,1.0,0.0,29.62,Other
601021.SH,601021,春秋航空,20150121,,主板,L,303419155.15000004,-1.8069815195071892,未知,未知,,,46.43,19.6013,17.3169,2.4367,0.97,4542402.083,4542402.083,340137938.4,True,0,0,False,False,49.05,43.81,5.656208572691113,-13.791238507301241,-2.507645259938829,False,-1.8069815195071892,-3.057119871279157,43.62,1.75,968052889.0,98.4965,,,6724062930.0,126.9908,5.3408,0,4542402.083,340137938.4,1.0,1.5,PASS,False,0.2857142857142857,43.62,1.75,2.125,43.62,ESP-Q,19.6013,2.4367,5.3408,0.44936497019715727,87.7931712264151,10.0,0.0,46.43,49.05,0,65.2348224513173,,0.6068702290076335,0,0,5.0,158,3.007275571666851,False,5.656208572691113,,-0.019087714913975627,False,False,独立池,43.62,0.0,22.758081931948432,26.622063121784876,0.7,0.0,28.64,Other
603726.SH,603726,朗迪集团,20160421,,主板,L,215103387.75000006,21.57028281975517,未知,未知,,,29.0,30.3584,23.6798,3.599,6.2494,538388.48,535647.98,332659670.6,False,3,1,False,True,31.49,21.83,5.07114191900766,2.9306647605432445,-8.542394410924093,False,21.57028281975517,-3.057119871279157,-15.38,-16.13,28511497.93,32.6132,,,359093625.75,14.6388,6.0218,0,538388.48,332659670.6,1.0,1.5,PASS,False,0.2857142857142857,-15.38,-16.13,2.125,-17.505000000000003,ESP-Q,30.3584,3.599,6.0218,,87.7931712264151,0.0,0.0,29.0,31.49,0,91.29438717067583,CHASE,0.9293893129770993,1,1,75.0,158,26.384539910929213,True,5.07114191900766,突破型,0.0026015111718290826,True,False,独立池,-17.505000000000003,0.0,21.856587211846602,69.25963359357206,0.7,0.0,48.48,Other
002768.SZ,002768,国恩股份,20150630,,主板,L,295102179.85,23.572815533980584,塑料,化工,801036.SI,220000,64.14,22.9674,19.5795,2.8018,2.7453,1932217.5,1133662.4738,378211805.4000001,True,0,0,False,False,66.08,50.76,2.1181001283697043,20.347957639939484,-3.6924939467312345,False,23.572815533980584,-3.057119871279157,149.38,55.15,255460570.52,99.5483,,,2009408666.79,43.2877,4.0642,0,1932217.5,378211805.4000001,1.0,1.5,PASS,False,0.7619047619047619,149.38,55.15,-1.1600000000000001,151.7,,22.9674,2.8018,4.0642,0.15375150622573305,196.25642,10.0,0.0,64.14,66.08,0,67.81214203894616,,0.8823529411764706,1,1,100.0,6,19.432688145445564,True,2.1181001283697043,,-0.004010703407207799,True,False,塑料,151.7,0.8421899519478309,50.0,80.34364261168385,1.0,0.0,90.34,Tier2
603606.SH,603606,东方电缆,20141015,,主板,L,1027418929.8500001,-6.285807824521205,未知,未知,,,56.98,30.8209,28.77,4.607,1.3518,3918602.1669,3918602.1669,747039460.8000001,False,1,0,False,False,67.58,57.0,-2.403682236617788,-0.8142758142758111,-15.285587451908844,False,-6.285807824521205,-3.057119871279157,34.61,38.01,369446206.82,99.4359,,,2987832194.4700003,-223.5486,4.4262,0,3918602.1669,747039460.8000001,1.0,1.5,PASS,False,0.2857142857142857,34.61,38.01,2.125,34.61,ESP-Q,30.8209,4.607,4.4262,0.8905200809014736,87.7931712264151,0.0,0.0,56.98,67.58,0,69.0721649484536,,0.4351145038167939,0,0,5.0,158,-1.471550733347165,False,-2.403682236617788,,-0.0012655710002758282,False,False,独立池,34.61,0.0,22.625199029238942,27.74668929038387,0.7,0.0,19.42,Other
002730.SZ,002730,电光科技,20141009,,主板,L,829646574.4000001,15.489233094068755,专用设备,机械设备,801074.SI,640000,30.41,164.1604,161.217,6.6742,4.5341,1101084.9151,1052276.8651,483389731.40000004,False,0,0,False,False,36.0,25.7,-5.531520395550061,83.60360360360362,-15.083333333333337,False,15.489233094068755,-3.057119871279157,7.09,,21402260.89,97.9125,,,105518272.63,329.3971,1.3338,0,1101084.9151,483389731.40000004,1.0,1.5,PASS,False,0.5714285714285714,7.09,,-11.475,3.545,,164.1604,6.6742,1.3338,23.153794076163614,213.18103214285716,0.0,0.0,30.41,36.0,0,92.66895761741122,CHASE,0.90625,1,1,75.0,10,19.87134941508281,True,-5.531520395550061,,-0.012817787840633388,True,False,专用设备,3.545,-0.12570302847105638,32.0,71.70068728522337,1.0,0.0,71.7,Tier2
603318.SH,603318,水发燃气,20150424,,主板,L,1027017126.0499997,15.555555555555545,燃气,公用事业,801163.SI,410000,9.97,,,2.9422,7.3848,553009.1983,457693.7112,696015229.8000001,True,5,0,False,False,15.1,8.25,-10.018214936247716,36.84210526315792,-34.56953642384105,False,15.555555555555545,-3.057119871279157,-72.79,-410.13,4994503.82,94.7994,,,-42794843.57,-62.9064,0.3231,0,553009.1983,696015229.8000001,1.0,1.5,PASS,False,0.23809523809523808,-72.79,-410.13,-1.23,-36.395,ESP-Q,,2.9422,0.3231,,177.38852,0.0,0.0,9.97,15.1,0,65.2348224513173,,0.75,1,1,100.0,4,16.83294134768919,True,-10.018214936247716,,-0.0028499194336089302,True,False,燃气,-36.395,-0.5780872941186793,22.0,73.9704467353952,0.7,0.0,51.78,Tier2
603116.SH,603116,红蜻蜓,20150629,,主板,L,172154816.24999997,39.99999999999999,服装家纺,纺织服装,801132.SI,350000,7.86,,,1.7909,3.6212,452893.8288,452893.8288,240508171.99999997,True,0,0,False,False,8.52,5.59,-0.6281407035175879,23.40093603744149,-7.159624413145538,False,39.99999999999999,-3.057119871279157,363.53,-116.7758,5113504.27,55.4094,,,-280973553.78999996,104.5642,0.3656,0,452893.8288,240508171.99999997,1.0,1.5,PASS,False,0.09523809523809523,363.53,-116.7758,17.65,363.53,ESP-Q,,1.7909,0.3656,,126.22243636363636,0.0,0.0,7.86,8.52,0,84.87972508591065,CHASE,0.9333333333333333,1,1,100.0,5,33.66852886405958,True,-0.6281407035175879,,0.000524231456338128,True,False,服装家纺,363.53,1.455583064539454,68.0,89.06391752577319,0.7,0.0,62.34,Tier2
002786.SZ,002786,银宝山新,20151223,,主板,L,173217035.20000002,26.080892608089258,专用设备,机械设备,801074.SI,640000,8.73,,,21.7157,6.0923,432669.276,431359.776,347315568.2,True,1,0,False,False,9.22,6.83,7.491082045184294,3.9080459770114873,-1.9522776572668321,False,26.080892608089258,-3.057119871279157,139.3,55.67,8251775.46,57.4262,,,-147148162.54000002,306.343,7.5591,0,432669.276,347315568.2,1.0,1.5,PASS,False,0.5714285714285714,139.3,55.67,-11.475,162.25,ESP-Q,,21.7157,7.5591,,213.18103214285716,0.0,0.0,8.73,9.22,0,83.16151202749141,CHASE,0.9375,1,1,100.0,10,30.463008929103314,True,7.491082045184294,OVERHEAT,0.010060421839795225,True,True,专用设备,162.25,1.787613415050321,68.0,88.54845360824743,0.7,0.0,61.98,Tier2
600959.SH,600959,江苏有线,20150428,,主板,L,235782328.94999993,-5.210918114143926,未知,未知,,,3.79,73.3465,87.1657,0.8334,0.9402,1895272.003,1895272.003,255566534.6,False,0,0,False,False,4.16,3.79,0.0,-9.478672985781989,-8.173076923076927,False,-5.210918114143926,-3.057119871279157,-1823.3242,-18.5019,-115389305.55,-182.2365,,,-391075108.8,,0.2788,0,1895272.003,255566534.6,1.0,1.5,PASS,False,0.2857142857142857,-1823.3242,-18.5019,2.125,-1825.4492,ESP-Q,73.3465,0.8334,0.2788,,87.7931712264151,0.0,0.0,3.79,4.16,0,65.2348224513173,,0.48282442748091603,0,0,5.0,158,-0.3966610229698855,False,0.0,,0.004545514932320967,False,False,独立池,-1499.4703,0.0,0.0,22.07044673539519,0.7,0.0,15.45,Other
603383.SH,603383,顶点软件,20170522,,主板,L,220524594.14999995,2.6234567901234573,未知,未知,,,32.8,37.802,33.1319,4.3493,2.9111,673643.3135,673634.4575,222176011.6,True,0,0,False,False,34.59,31.6,2.3076923076922995,-6.57488058443384,-3.873952009251236,False,2.6234567901234573,-3.057119871279157,130.5,-13.49,39879927.85,85.8686,,,326402291.53999996,-192.2662,3.0442,1,673643.3135,222176011.6,1.0,1.5,PASS,False,0.2857142857142857,130.5,-13.49,2.125,130.5,ESP-Q,37.802,4.3493,3.0442,0.2896704980842912,87.7931712264151,0.0,0.0,32.8,34.59,10,63.34478808705612,,0.7385496183206107,1,1,100.0,158,7.437713881297498,True,2.3076923076922995,,-0.011337619685843844,False,False,独立池,130.5,0.0,24.039421175833045,73.81132066128345,0.7,10.0,41.67,Other
002771.SZ,002771,真视通,20150629,,主板,L,230686348.85000002,-22.304620650313755,未知,未知,,,13.91,,,4.9274,4.4465,291781.8631,242749.8851,119304947.6,False,0,0,False,False,18.25,13.58,-5.7439446366782,-13.90644753476612,-25.369863013698634,False,-22.304620650313755,-3.057119871279157,14.31,-2704.72,-13350797.45,,,,-168376808.6,,-2.2112,1,291781.8631,119304947.6,1.0,1.5,PASS,False,0.2857142857142857,14.31,-2704.72,2.125,14.31,ESP-Q,,4.9274,-2.2112,,87.7931712264151,0.0,0.0,13.91,18.25,10,79.49599083619702,,0.030534351145038167,0,0,5.0,158,-17.490363559139716,False,-5.7439446366782,,-0.023271262273458153,False,False,独立池,14.31,0.0,22.32580691769592,30.81395863439829,0.7,10.0,11.57,Other
603101.SH,603101,汇嘉时代,20160506,,主板,L,266660790.05,-23.0,一般零售,商业贸易,801203.SI,450000,7.77,47.5319,43.2753,2.5502,2.0414,365500.8,365500.8,97156023.0,False,0,0,False,False,11.38,7.62,-5.8679706601466926,-18.432203389830505,-32.33743409490334,False,-23.0,-3.057119871279157,8.09,172.66,58146607.21,90.2462,,,270586006.94,181.1101,4.5239,0,365500.8,97156023.0,1.0,1.5,PASS,False,0.5,8.09,172.66,-2.72,13.530000000000001,,47.5319,2.5502,4.5239,5.87538936959209,294.39719,0.0,0.0,7.77,11.38,0,80.52691867124857,,0.058823529411764705,0,0,5.0,6,-13.08403361344538,False,-5.8679706601466926,,0.010260299568238145,False,False,一般零售,13.530000000000001,0.2166501963652235,50.0,36.65807560137457,1.0,0.0,36.66,Other
002735.SZ,002735,王子新材,20141203,,主板,L,155732563.54999995,-15.602836879432624,包装印刷,轻工制造,801141.SI,360000,13.34,,,3.2032,3.9656,500589.3069,380269.1609,181271298.60000002,False,0,0,False,False,15.7,13.09,-9.03405142460042,-28.155872667398462,-16.624203821656046,False,-15.602836879432624,-3.057119871279157,30.51,-148.17,10083378.06,100.004,,,-121090814.64999999,,0.644,0,500589.3069,181271298.60000002,1.0,1.5,PASS,False,0.8571428571428571,30.51,-148.17,-1.67,33.85,ESP-Q,,3.2032,0.644,,117.94202,0.0,0.0,13.34,15.7,0,70.79037800687286,,0.21428571428571427,0,0,5.0,5,-11.042099274682881,False,-9.03405142460042,,-0.041122261178335485,False,False,包装印刷,33.85,-0.05517136098078147,32.0,30.137113402061857,0.7,0.0,21.1,Other
603885.SH,603885,吉祥航空,20150527,,主板,L,229268110.15,-5.819672131147535,未知,未知,,,11.44,24.0324,22.01,2.4147,1.1211,2498502.0266,2498502.0266,289642646.4,False,0,0,False,False,12.34,10.6,2.2241992882562345,-18.51063829787234,-6.888168557536467,False,-5.819672131147535,-3.057119871279157,75.4,11.66,460825606.63,104.6071,,,2740970853.29,351.0452,3.9173,0,2498502.0266,289642646.4,1.0,1.5,PASS,False,0.2857142857142857,75.4,11.66,2.125,75.4,,24.0324,2.4147,3.9173,0.3187320954907161,87.7931712264151,0.0,0.0,11.44,12.34,0,89.46162657502865,,0.4580152671755725,0,0,5.0,158,-1.005415039973495,False,2.2241992882562345,,0.013165130081805766,False,False,独立池,75.4,0.0,23.226785444501992,33.98384506140899,1.0,0.0,33.98,Other
002741.SZ,002741,光华科技,20150216,,主板,L,680091897.4000001,15.423134702053098,未知,未知,,,25.36,113.4968,98.4079,6.0939,17.6966,1179296.5782,1081244.4332,788468270.0,False,1,0,False,False,25.12,19.28,1.1408512505485024,4.582577132486398,-8.240445859872613,False,15.423134702053098,-3.057119871279157,96.62,162.75,39776424.51,96.6736,,,285609052.71,-348.8594,2.1002,0,1179296.5782,788468270.0,1.0,1.5,PASS,False,0.2857142857142857,96.62,162.75,2.125,96.62,ESP-Q,113.4968,6.0939,2.1002,1.17467191057752,87.7931712264151,0.0,0.0,25.36,25.12,0,91.29438717067583,CHASE,0.8874045801526718,1,1,75.0,158,20.23739179322714,True,1.1408512505485024,,0.010962531289170959,True,False,独立池,96.62,0.0,23.539746065533656,69.59626536430949,0.7,0.0,48.72,Other
603017.SH,603017,中衡设计,20141231,,主板,L,435911102.80000013,-13.62763915547025,未知,未知,,,13.81,77.754,78.4269,2.5548,3.1047,381418.7946,381418.7946,178062123.0,False,3,0,False,False,17.8,13.42,-8.536585365853655,4.570100697133994,-24.157303370786522,False,-13.62763915547025,-3.057119871279157,-0.58,32.92,17945335.71,85.6453,,,136374537.46,102.9141,1.413,0,381418.7946,178062123.0,1.0,1.5,PASS,False,0.2857142857142857,-0.58,32.92,2.125,-2.705,,77.754,2.5548,1.413,,87.7931712264151,0.0,0.0,13.81,17.8,0,73.8831615120275,,0.16221374045801526,0,0,5.0,158,-8.81338206429621,False,-8.536585365853655,,-0.002281108816864744,False,False,独立池,-2.705,0.0,22.074863234055307,29.079921100419313,1.0,0.0,29.08,Other
603798.SH,603798,康普顿,20160406,,主板,L,180264607.15,2.084539664157492,未知,未知,,,17.46,87.7368,103.6671,3.6057,2.1755,447761.0889,447761.0889,133689496.19999999,True,0,0,False,False,20.4,16.56,-7.210526315789478,10.53291536050156,-13.578431372549016,False,2.084539664157492,-3.057119871279157,-9.58,-10.45,46456835.94,100.0177,,,187765481.32999998,232.6199,3.8117,0,447761.0889,133689496.19999999,1.0,1.5,PASS,False,0.2857142857142857,-9.58,-10.45,2.125,-11.705,,87.7368,3.6057,3.8117,,87.7931712264151,0.0,0.0,17.46,20.4,0,97.0217640320733,,0.7290076335877863,1,1,100.0,158,6.898796755331532,True,-7.210526315789478,,0.017101503960638833,False,False,独立池,-11.705,0.0,21.94212781514461,83.49495477265091,1.0,0.0,83.49,Tier2
002729.SZ,002729,好利科技,20140912,,主板,L,271957849.50000006,5.535248041775476,其他电子,电子,801082.SI,270000,20.85,79.0733,94.1725,6.7327,7.0362,381492.2832,365836.3247,424189698.4,True,2,1,False,False,21.86,17.52,-3.347680535628883,9.717698154180244,-7.548032936870996,False,5.535248041775476,-3.057119871279157,-44.76,7.03,8790492.63,91.6153,,,112178693.15,112.7177,1.7064,1,381492.2832,424189698.4,1.0,1.5,PASS,False,0.9285714285714286,-44.76,7.03,10.47,-55.23,,79.0733,6.7327,1.7064,,116.60343333333333,0.0,0.0,20.85,21.86,10,65.86483390607101,,0.6153846153846154,0,1,55.0,4,0.8888349705475029,False,-3.347680535628883,,-0.012226890162636658,False,False,其他电子,-55.23,-1.1328036245063697,22.0,51.659450171821305,1.0,10.0,41.66,Other
603779.SH,603779,威龙股份,20160516,,主板,L,170838697.20000002,134.5718901453958,未知,未知,,,13.07,,,8.8593,25.5074,434032.1595,434032.1595,454577917.5999999,True,8,8,True,True,14.52,6.09,46.37096774193547,108.32137733142035,0.0,False,134.5718901453958,-3.057119871279157,-190.6365,-338.9758,-7677989.0,,,,-63401094.46,,-1.5197,0,434032.1595,454577917.5999999,1.0,1.5,PASS,False,0.2857142857142857,-190.6365,-338.9758,2.125,-192.7615,,,8.8593,-1.5197,,87.7931712264151,0.0,0.0,13.07,14.52,0,43.4135166093929,,1.0,1,1,100.0,158,139.38614723656983,True,46.37096774193547,LOCK|突破型|OVERHEAT,0.06526775420660841,True,True,独立池,-192.7615,0.0,19.271837773588505,66.87842253753557,1.0,0.0,66.88,Tier2
002733.SZ,002733,雄韬股份,20141203,,主板,L,828241896.3000001,-16.456953642384097,未知,未知,,,27.75,133.7639,133.498,3.9229,7.1179,1066196.3836,1023594.1562,403612269.40000004,False,1,0,False,False,32.82,25.05,-6.934710438952408,26.339509263895856,-23.12614259597806,False,-16.456953642384097,-3.057119871279157,55.71,-10.2,16104123.43,76.1216,,,237508002.46,-63.2778,0.7795,0,1066196.3836,403612269.40000004,1.0,1.5,PASS,False,0.2857142857142857,55.71,-10.2,2.125,55.71,ESP-Q,133.7639,3.9229,0.7795,2.40107521091366,87.7931712264151,0.0,0.0,27.75,32.82,0,82.13058419243985,,0.07824427480916031,0,0,5.0,158,-11.642696551210056,False,-6.934710438952408,,-0.03230389126176193,False,False,独立池,55.71,0.0,22.936389844685138,31.726453226668983,0.7,0.0,22.21,Other
002747.SZ,002747,埃斯顿,20150320,,主板,L,913167964.9,35.50519357884796,未知,未知,,,29.07,625.5842,216.1172,8.6892,15.5533,2813390.1029,2274450.2536,2040573231.3999999,True,0,0,False,False,28.71,20.25,12.858828155721591,18.20428336079076,-0.034831069313834284,False,35.50519357884796,-3.057119871279157,364.53,100.87,19358592.41,19.7866,,,11094877.349999998,-122.6879,3.7636,0,2813390.1029,2040573231.3999999,1.0,1.5,PASS,False,0.2857142857142857,364.53,100.87,2.125,364.53,ESP-Q,625.5842,8.6892,3.7636,1.7161391380681976,87.7931712264151,0.0,10.0,29.07,28.71,0,65.2348224513173,,0.9694656488549618,1,1,100.0,158,40.319450670022,True,12.858828155721591,OVERHEAT,0.024810250923274543,True,True,独立池,364.53,0.0,27.490984518907585,75.06864363917671,0.7,10.0,42.55,Other
603901.SH,603901,永创智能,20150529,,主板,L,192660838.00000003,-0.1615508885298933,专用设备,机械设备,801074.SI,640000,12.56,52.7841,43.1566,2.0939,1.7164,724405.0298,678612.9818,161292282.79999998,True,0,0,False,False,13.67,12.15,-5.0691244239631335,-16.032608695652183,-9.583028529626924,False,-0.1615508885298933,-3.057119871279157,65.36,,66814264.48,93.7144,,,261963962.33999997,53.3359,2.4715,0,724405.0298,161292282.79999998,1.0,1.5,PASS,False,0.5714285714285714,65.36,,-11.475,88.30999999999999,ESP-Q,52.7841,2.0939,2.4715,0.8075902692778458,213.18103214285716,0.0,0.0,12.56,13.67,0,85.79610538373424,,0.59375,0,1,55.0,10,4.220565432484164,False,-5.0691244239631335,,-0.0022687228854512513,False,False,专用设备,88.30999999999999,0.8962072348167388,50.0,63.238831615120276,0.7,0.0,44.27,Other
603703.SH,603703,盛洋科技,20150423,,主板,L,166311057.95,-0.8676789587852451,光学光电子,电子,801084.SI,270000,14.26,,,7.1603,2.906,591764.5031,591764.5031,169340859.4,False,0,0,False,False,15.04,13.2,-0.43572984749454813,-6.352459016393441,-8.843085106382965,False,-0.8676789587852451,-3.057119871279157,-13.85,47.52,5611347.23,91.8417,,,-9455168.25,-3276.6145,0.7402,0,591764.5031,169340859.4,1.0,1.5,PASS,False,0.9761904761904762,-13.85,47.52,-19.355800000000002,-6.925,ESP-Q,,7.1603,0.7402,,243.17919999999998,0.0,0.0,14.26,15.04,0,88.88888888888889,,0.2608695652173913,0,1,40.0,7,-5.7220478908240775,False,-0.43572984749454813,,-0.009995452141941316,False,False,光学光电子,-6.925,0.02265136386404636,50.0,56.666666666666664,0.7,0.0,39.67,Other
603608.SH,603608,天创时尚,20160218,,主板,L,371632199.4,31.607418856259685,服装家纺,纺织服装,801132.SI,350000,16.99,491.1747,250.3625,6.5151,5.5292,713131.7715,713131.7715,659400765.8,True,1,1,False,False,18.0,11.95,20.353356890459363,54.117647058823536,-5.3888888888888875,False,31.607418856259685,-3.057119871279157,506.1067,111.9421,11689776.0,89.8922,,,15431544.0,38.9211,1.183,1,713131.7715,659400765.8,1.0,1.5,PASS,False,0.09523809523809523,506.1067,111.9421,17.65,506.1067,,491.1747,6.5151,1.183,0.9704963400010314,126.22243636363636,0.0,0.0,16.99,18.0,10,85.79610538373424,CHASE,0.8666666666666667,1,1,100.0,5,25.27594772031927,True,20.353356890459363,OVERHEAT,0.004190984646349939,True,True,服装家纺,506.1067,2.2909659634464585,82.0,92.13883161512027,1.0,10.0,82.14,Tier2
603031.SH,603031,安孚科技,20160822,,主板,L,1079919004.2,-8.330347545682548,未知,未知,,,55.91,92.4874,72.4568,7.4199,7.8867,2090172.7065,1757756.5531,1348221115.6,True,2,1,False,False,59.48,39.53,2.5450901803607318,-11.851851851851848,-13.971082716879613,False,-8.330347545682548,-3.057119871279157,83.86,30.54,127860423.15,95.6683,,,613527122.37,63.3256,4.7791,0,2090172.7065,1348221115.6,1.0,1.5,PASS,False,0.2857142857142857,83.86,30.54,2.125,83.86,,92.4874,7.4199,4.7791,1.1028786072024803,87.7931712264151,0.0,0.0,55.91,59.48,0,58.76288659793815,,0.3549618320610687,0,0,5.0,158,-3.5160904545085074,False,2.5450901803607318,,0.023417226443433255,False,False,独立池,83.86,0.0,23.351556738278045,24.799177327037054,1.0,0.0,24.8,Other
601882.SH,601882,海天精工,20161107,,主板,L,176502158.05000004,19.97950819672132,通用机械,机械设备,801072.SI,640000,23.83,28.9967,28.1798,4.2842,1.4341,1243926.0,1243926.0,250064860.2,True,0,0,False,False,25.2,18.75,-3.7797863599013937,10.73286052009459,-7.063492063492049,False,19.97950819672132,-3.057119871279157,-20.13,-18.41,68039381.61,61.1026,,,972793285.6400001,-165.408,3.7068,0,1243926.0,250064860.2,1.0,1.5,PASS,False,0.5952380952380952,-20.13,-18.41,-0.595,-10.065,ESP-Q,28.9967,4.2842,3.7068,,108.90780749999999,10.0,0.0,23.83,25.2,0,81.09965635738831,CHASE,0.8979591836734694,1,1,100.0,15,17.879051575716744,True,-3.7797863599013937,,-0.012351294250296194,True,False,通用机械,-10.065,0.11155467695376692,50.0,84.3298969072165,0.7,0.0,69.03,Tier2
601512.SH,601512,中新集团,20191220,,主板,L,252477417.90000007,-7.569296375266532,房地产开发,房地产,801181.SI,430000,8.67,12.3061,14.1866,0.8425,0.3941,1299537.63,1299537.63,109293427.60000001,True,2,0,False,False,11.41,8.67,-3.9867109634551423,-9.498956158663885,-24.01402278702892,False,-7.569296375266532,-3.057119871279157,-47.12,76.72,112973254.27,95.1733,,,2432573296.81,8.4135,0.7725,0,1299537.63,109293427.60000001,1.0,1.5,PASS,False,0.6666666666666666,-47.12,76.72,-25.055,-23.56,,12.3061,0.8425,0.7725,,71.32621,10.0,0.0,8.67,11.41,0,74.5704467353952,,0.2692307692307692,0,0,5.0,8,-6.1620881028498715,False,-3.9867109634551423,,0.013741263272607808,False,False,房地产开发,-23.56,-0.17341316909244475,32.0,31.27113402061856,1.0,0.0,41.27,Other
601985.SH,601985,中国核电,20150610,,主板,L,1305914567.85,-1.9079685746352437,电力,公用事业,801161.SI,410000,8.71,19.2544,21.7633,1.4932,0.6188,17914729.8065,16447341.1192,1286339666.0,False,0,0,False,False,9.32,8.72,-4.37636761487965,2.102803738317749,-6.22317596566524,False,-1.9079685746352437,-3.057119871279157,-34.99,6.75,2036928966.29,98.6685,,,24773936424.45,154.6523,1.7225,0,17914729.8065,1286339666.0,1.0,1.5,PASS,False,0.21428571428571427,-34.99,6.75,-1.575,-17.495,,19.2544,1.4932,1.7225,,43.696173170731704,0.0,0.0,8.71,9.32,0,74.5704467353952,,0.2857142857142857,0,0,5.0,13,-2.862614121163043,False,-4.37636761487965,,-0.009021463213881,False,False,电力,-17.495,-0.5425681913353422,22.0,29.27113402061856,1.0,0.0,29.27,Other
601015.SH,601015,陕西黑猫,20141105,,主板,L,207268724.75000003,-12.749999999999995,未知,未知,,,3.54,,,1.503,1.5952,723044.1642,723044.1642,140628634.8,False,0,0,False,False,4.14,3.47,-6.933333333333325,-28.775510204081634,-15.700483091787431,False,-12.749999999999995,-3.057119871279157,-4.88,-4.39,-320960972.62,,,,-2852255886.81,,-6.3093,0,723044.1642,140628634.8,1.0,1.5,PASS,False,0.2857142857142857,-4.88,-4.39,2.125,-7.005,,,1.503,-6.3093,,87.7931712264151,0.0,0.0,3.54,4.14,0,87.62886597938144,,0.18129770992366412,0,0,5.0,158,-7.935742908825954,False,-6.933333333333325,,0.0037113062723312853,False,False,独立池,-7.005,0.0,22.01144520057575,33.19094883392958,1.0,0.0,33.19,Other
603025.SH,603025,大豪科技,20150422,,主板,L,286394072.65,-3.9975772259236986,未知,未知,,,16.39,25.7732,23.4741,7.4324,1.1962,1830197.1729,1817937.4529,201590842.60000002,True,0,0,False,False,17.88,15.81,-3.8811400848999367,-7.472270869819031,-11.353467561521246,False,-3.9975772259236986,-3.057119871279157,35.4,23.9,233098476.77,97.9841,,,1974716448.34,40.552,8.3667,1,1830197.1729,201590842.60000002,1.0,1.5,PASS,False,0.2857142857142857,35.4,23.9,2.125,35.4,,25.7732,7.4324,8.3667,0.7280564971751412,87.7931712264151,0.0,0.0,16.39,17.88,10,65.2348224513173,,0.5419847328244275,0,0,5.0,158,0.8166798652503418,False,-3.8811400848999367,,-0.015257155415065827,False,False,独立池,35.4,0.0,22.63685024934333,26.597816785263856,1.0,10.0,16.6,Other
603969.SH,603969,银龙股份,20150227,,主板,L,199120936.75,-6.498951781970641,通用机械,机械设备,801072.SI,640000,9.02,21.4993,21.7381,2.7764,2.3311,786123.4876,766345.3336,206293692.20000002,True,0,0,False,False,10.23,8.73,-10.97804391217565,-12.291052114060964,-12.805474095796676,False,-6.498951781970641,-3.057119871279157,-11.18,55.33,62426246.81,95.1401,,,599765995.47,-59.7588,2.3444,0,786123.4876,206293692.20000002,1.0,1.5,PASS,False,0.5952380952380952,-11.18,55.33,-0.595,-5.59,ESP-Q,21.4993,2.7764,2.3444,,108.90780749999999,10.0,0.0,9.02,10.23,0,67.23940435280642,,0.2653061224489796,0,0,5.0,15,-8.599408402975218,False,-10.97804391217565,,-0.009408775071981498,False,False,通用机械,-5.59,0.12848772553710114,50.0,32.671821305841924,0.7,0.0,32.87,Other
603667.SH,603667,五洲新春,20161025,,主板,L,2801504989.7,19.083754918493547,通用机械,机械设备,801072.SI,640000,88.17,369.6524,400.5391,8.4653,15.7781,3378250.4963,3228809.8231,4811589900.400001,True,1,1,False,False,87.87,62.3,0.36716806822219006,0.4147410830667164,-3.562080345965646,False,19.083754918493547,-3.057119871279157,-19.01,9.84,26222788.49,85.1389,,,267946712.94,128.2998,1.029,0,3378250.4963,4811589900.400001,1.0,1.5,PASS,False,0.5952380952380952,-19.01,9.84,-0.595,-9.505,,369.6524,8.4653,1.029,,108.90780749999999,0.0,10.0,88.17,87.87,0,87.0561282932417,CHASE,0.8571428571428571,1,1,100.0,15,16.98329829748897,True,0.36716806822219006,,-0.01104925506821341,True,False,通用机械,-9.505,0.11367367297760314,50.0,86.1168384879725,1.0,10.0,76.12,Tier2
603660.SH,603660,苏州科达,20161201,,主板,L,512921733.1,22.955665024630534,计算机设备,计算机,801101.SI,710000,12.41,,,10.1656,4.5302,709222.4357,709222.4357,528123003.40000004,False,0,0,False,False,14.53,10.04,-5.022831050228316,24.55089820359282,-14.108740536820363,False,22.955665024630534,-3.057119871279157,-130.9324,-138.3093,-165225249.06,,,,-1249764911.06,,-20.6109,0,709222.4357,528123003.40000004,1.0,1.5,PASS,False,0.5476190476190477,-130.9324,-138.3093,0.49,-131.4224,,,10.1656,-20.6109,,108.09019285714285,0.0,0.0,12.41,14.53,0,92.43986254295532,CHASE,0.9333333333333333,1,1,75.0,5,25.931855500821012,True,-5.022831050228316,,-0.00807802833415376,True,False,计算机设备,-131.4224,-2.1011450514739143,12.0,67.6319587628866,1.0,0.0,67.63,Tier2
603919.SH,603919,金徽酒,20160310,,主板,L,150053126.35,10.363836824696794,未知,未知,,,19.25,27.554,30.0318,2.7618,2.8621,976475.4942,976475.4942,217111422.8,True,1,1,False,False,20.61,17.4,6.659563132658497,-4.210526315789465,-2.862688015526438,False,10.363836824696794,-3.057119871279157,-12.77,-10.36,201935518.76,98.7194,,,1158072268.87,109.9587,5.8733,0,976475.4942,217111422.8,1.0,1.5,PASS,False,0.2857142857142857,-12.77,-10.36,2.125,-14.895,,27.554,2.7618,5.8733,,87.7931712264151,0.0,0.0,19.25,20.61,0,65.2348224513173,,0.8435114503816794,1,1,100.0,158,15.178093915870834,True,6.659563132658497,,0.033570715060363444,False,False,独立池,-14.895,0.0,21.895080483330705,73.94946283206133,1.0,0.0,73.95,Tier2
603556.SH,603556,海兴电力,20161110,,主板,L,198470084.95000002,-10.86538461538462,未知,未知,,,27.5,18.3409,19.6927,1.7926,0.8306,1337226.4675,1337226.4675,139345163.6,True,0,0,False,False,32.4,27.63,-0.1436265709156337,-28.13953488372094,-14.166666666666671,False,-10.86538461538462,-3.057119871279157,-46.32,-29.31,76729704.22,84.3868,,,1838909690.5700002,-88.2454,1.2257,0,1337226.4675,139345163.6,1.0,1.5,PASS,False,0.2857142857142857,-46.32,-29.31,2.125,-48.445,ESP-Q,18.3409,1.7926,1.2257,,87.7931712264151,0.0,0.0,27.5,32.4,0,93.69988545246277,,0.2538167938931298,0,0,5.0,158,-6.05112752421058,False,-0.1436265709156337,,-0.0022020651886455493,False,False,独立池,-48.445,0.0,21.400272338391378,34.8900201034171,0.7,0.0,24.42,Other
603612.SH,603612,索通发展,20170718,,主板,L,413554691.40000004,-20.321050711419186,未知,未知,,,22.34,14.9032,15.7038,1.8833,2.1798,1112765.3614,1112765.3614,450413908.4,False,0,0,False,False,27.88,21.22,-5.658747300215983,-31.685955583359394,-21.664275466284078,False,-20.321050711419186,-3.057119871279157,-12.85,365.19,208138097.11,100.8584,,,2109229273.23,-288.4815,3.5541,0,1112765.3614,450413908.4,1.0,1.5,PASS,False,0.2857142857142857,-12.85,365.19,2.125,-14.975,ESP-Q,14.9032,1.8833,3.5541,,87.7931712264151,10.0,0.0,22.34,27.88,0,82.7033218785796,,0.04007633587786259,0,0,5.0,158,-15.506793620245146,False,-5.658747300215983,,-0.00579837394713731,False,False,独立池,-14.975,0.0,21.89390061294039,31.68977668616196,0.7,0.0,32.18,Other
603090.SH,603090,宏盛股份,20160831,,主板,L,452843247.35,7.607621736062109,通用机械,机械设备,801072.SI,640000,73.03,88.6444,95.8991,11.7456,11.2647,730300.0,730300.0,624437017.8000001,True,1,1,False,False,79.08,61.43,16.379178751335655,-4.2211055276381915,-3.591299949418314,False,7.607621736062109,-3.057119871279157,-33.32,,15447456.26,89.6256,,,123170076.56,60.5366,2.683,1,730300.0,624437017.8000001,1.0,1.5,PASS,False,0.5952380952380952,-33.32,,-0.595,-16.66,,88.6444,11.7456,2.683,,108.90780749999999,0.0,0.0,73.03,79.08,10,70.44673539518901,,0.5510204081632653,0,1,55.0,15,5.507165115057533,True,16.379178751335655,OVERHEAT,0.017605954910155503,False,True,通用机械,-16.66,0.08659971485162407,50.0,58.634020618556704,1.0,10.0,48.63,Other
603160.SH,603160,汇顶科技,20161017,,主板,L,434438667.0,-8.122194874764721,半导体,电子,801081.SI,270000,64.6,35.9531,39.6557,3.2726,1.2088,3009628.6311,3009628.6311,404805911.2,False,0,0,False,False,72.03,63.38,-2.3391812865497075,-19.558879452402078,-11.89782035263085,False,-8.122194874764721,-3.057119871279157,-25.08,31.05,98828514.69,84.3321,,,1742121810.83,-34.0826,1.2499,0,3009628.6311,404805911.2,1.0,1.5,PASS,False,0.8333333333333334,-25.08,31.05,20.14,-45.22,ESP-Q,35.9531,3.2726,1.2499,,137.7359375,0.0,0.0,64.6,72.03,0,91.29438717067583,,0.07142857142857142,0,0,5.0,9,-27.007982401328945,False,-2.3391812865497075,,-0.0005813421669629777,False,False,半导体,-45.22,-0.40437721471111016,32.0,36.28831615120275,0.7,0.0,25.4,Other
603012.SH,603012,创力集团,20150320,,主板,L,244806440.15,5.23968784838349,专用设备,机械设备,801074.SI,640000,9.74,59.3842,68.7,1.6389,5.4363,629691.0,629691.0,253080412.0,True,1,1,False,False,10.16,8.57,3.056768558951961,17.41293532338308,-7.086614173228356,False,5.23968784838349,-3.057119871279157,-44.95,-63.44,16171014.8,69.51,,,234991832.79999998,-43.1527,0.6072,0,629691.0,253080412.0,1.0,1.5,PASS,False,0.5714285714285714,-44.95,-63.44,-11.475,-22.475,ESP-Q,59.3842,1.6389,0.6072,,213.18103214285716,0.0,0.0,9.74,10.16,0,65.2348224513173,,0.75,1,1,100.0,10,9.621804169397546,True,3.056768558951961,,-0.004066177658889324,False,False,专用设备,-22.475,-0.4393950599787356,32.0,75.9704467353952,0.7,0.0,53.18,Tier2
603887.SH,603887,城地香江,20161010,,主板,L,420395110.09999996,-14.23244251087632,未知,未知,,,13.95,,,2.4107,2.1278,839831.0423,839831.0423,377087558.0,True,1,1,False,False,16.97,13.75,-5.930470347648253,-12.988650693568715,-18.680023571007652,False,-14.23244251087632,-3.057119871279157,-219.2,83.7881,-14185294.1,,,,-31453418.010000005,-7452.6059,-0.3843,0,839831.0423,377087558.0,1.0,1.5,PASS,False,0.2857142857142857,-219.2,83.7881,2.125,-221.325,ESP-Q,,2.4107,-0.3843,,87.7931712264151,0.0,0.0,13.95,16.97,0,84.5360824742268,,0.13931297709923665,0,0,5.0,158,-9.41818541970228,False,-5.930470347648253,,0.011784323461822612,False,False,独立池,-221.325,0.0,18.850572424915644,31.63093922725117,0.7,0.0,22.14,Other
603663.SH,603663,三祥新材,20160801,,主板,L,452547031.9,-4.2153589315525934,化学原料,化工,801033.SI,220000,50.49,181.8148,151.6515,15.3771,5.1058,2137240.4378,2134816.9178,603824540.5999999,True,1,1,False,False,49.48,40.96,7.017952902774538,3.0071813285457827,-7.235246564268383,False,-4.2153589315525934,-3.057119871279157,200.24,58.67,34231696.16,92.7962,,,271746100.68,109.8277,2.6749,0,2137240.4378,603824540.5999999,1.0,1.5,PASS,False,0.7142857142857143,200.24,58.67,6.035,200.24,,181.8148,15.3771,2.6749,0.9079844186975629,92.88029999999999,0.0,0.0,50.49,49.48,0,82.7033218785796,,0.6296296296296297,0,0,5.0,9,2.519554861550854,False,7.017952902774538,,0.009065637358663708,False,False,化学原料,200.24,0.6757193473668577,50.0,37.31099656357388,1.0,0.0,37.31,Other
603618.SH,603618,杭电股份,20150217,,主板,L,2929162080.2500005,55.183044315992305,未知,未知,,,40.53,,,10.3575,11.8037,2802145.3716,2802145.3716,3098964074.2000003,False,5,2,False,True,44.5,24.36,10.631868131868139,154.87341772151902,-9.50561797752808,False,55.183044315992305,-3.057119871279157,329.85,-410.61,76706086.42,94.8841,,,-433726911.52000004,-345.6362,2.9836,1,2802145.3716,3098964074.2000003,1.0,1.5,PASS,False,0.2857142857142857,329.85,-410.61,2.125,329.85,ESP-Q,,10.3575,2.9836,,87.7931712264151,0.0,0.0,40.53,44.5,10,69.41580756013745,,0.9904580152671756,1,1,75.0,158,59.99730140716635,True,10.631868131868139,突破型|OVERHEAT,0.019200747319344014,True,True,独立池,329.85,0.0,26.979510704705024,63.72064440898224,0.7,10.0,34.6,Other
603986.SH,603986,兆易创新,20160818,,主板,L,17075165626.599997,41.01936200084892,半导体,电子,801081.SI,270000,468.74,199.4116,114.322,13.0032,9.5527,32863476.2882,31304556.499,25439379622.8,False,2,1,False,False,464.83,288.25,15.069004102946671,33.69447453954495,-7.084310393046922,False,41.01936200084892,-3.057119871279157,529.9,42.57,1410064284.2,96.4972,,,4465825293.88,109.9664,6.5999,1,32863476.2882,25439379622.8,1.0,1.5,PASS,False,0.8333333333333334,529.9,42.57,20.14,529.9,,199.4116,13.0032,6.5999,0.37631930552934517,137.7359375,0.0,0.0,468.74,464.83,10,92.43986254295532,CHASE,0.9285714285714286,1,1,85.0,9,22.1335744742847,True,15.069004102946671,OVERHEAT,-0.0011694712831863709,True,True,半导体,529.9,0.921323294300487,50.0,80.23195876288659,1.0,10.0,70.23,Tier2
002760.SZ,002760,凤形股份,20150611,,主板,L,209655078.75,2.100456621004576,通用机械,机械设备,801072.SI,640000,22.98,123.0266,104.3321,2.964,7.4083,248158.0464,248158.0464,318761739.6,True,1,1,False,False,26.5,21.36,-6.286672254819781,-7.373653686826853,-15.622641509433965,False,2.100456621004576,-3.057119871279157,286.41,115.45,5594672.59,83.9832,,,28539853.71,-1427.3291,0.7989,0,248158.0464,318761739.6,1.0,1.5,PASS,False,0.5952380952380952,286.41,115.45,-0.595,287.6000000000001,ESP-Q,123.0266,2.964,0.7989,0.42954715268321636,108.90780749999999,0.0,0.0,22.98,26.5,0,54.75372279495991,,0.5102040816326531,0,1,55.0,15,0.0,False,-6.286672254819781,,-0.03563549982518031,False,False,通用机械,287.6000000000001,1.237895661659506,68.0,57.52611683848798,0.7,0.0,40.27,Other
002787.SZ,002787,华源控股,20151231,,主板,L,668973818.25,47.67309875141883,包装印刷,轻工制造,801141.SI,360000,26.48,78.2143,75.8898,4.8026,7.7862,887547.6342,664277.5819,612480469.1999999,False,5,2,False,True,28.57,16.29,-2.8379387602688655,97.72036474164135,-8.92544627231362,False,47.67309875141883,-3.057119871279157,7.85,86.63,24324327.31,95.0128,,,262195072.5,-489.8226,1.3849,0,887547.6342,612480469.1999999,1.0,1.5,PASS,False,0.8571428571428571,7.85,86.63,-1.67,11.19,ESP-Q,78.2143,4.8026,1.3849,9.963605095541402,117.94202,0.0,0.0,26.48,28.57,0,56.24284077892325,,1.0,1,1,75.0,5,52.23383635616857,True,-2.8379387602688655,突破型,-0.0006984211532655263,True,False,包装印刷,11.19,-0.2500056959782363,32.0,60.77285223367698,0.7,0.0,42.54,Other
002821.SZ,002821,凯莱英,20161118,,主板,L,1008792222.9499999,13.311775801670711,医疗服务,医药生物,801156.SI,370000,126.85,40.4187,41.23,2.5499,2.7007,4577698.9945,4021144.1501,894865167.8,True,1,0,False,False,132.98,110.0,6.933966262609137,26.962560386473445,-5.136110693337336,False,13.311775801670711,-3.057119871279157,-10.88,22.01,271925058.17,89.3546,,,2602574914.17,156.6659,1.7103,0,4577698.9945,894865167.8,1.0,1.5,PASS,False,0.30952380952380953,-10.88,22.01,12.54,-23.42,,40.4187,2.5499,1.7103,,76.35799999999999,0.0,0.0,126.85,132.98,0,65.2348224513173,,0.8888888888888888,1,1,100.0,3,18.484189594774147,True,6.933966262609137,,0.00844309377015862,False,False,医疗服务,-23.42,-0.4649587233573859,32.0,75.9704467353952,1.0,0.0,75.97,Tier2
002809.SZ,002809,红墙股份,20160823,,主板,L,157120688.35,-10.105871029836388,化学制品,化工,801034.SI,220000,9.89,,,1.3069,12.7536,237617.3507,168100.6109,340448915.99999994,False,1,1,False,False,11.99,9.34,-18.070175438596493,-33.758865248226954,-22.101751459549625,False,-10.105871029836388,-3.057119871279157,-380.53,-236.06,-13058206.19,,,,-86850504.08999999,,-0.6844,0,237617.3507,340448915.99999994,1.0,1.5,PASS,False,0.2619047619047619,-380.53,-236.06,5.17,-385.7,,,1.3069,-0.6844,,72.11200512820513,0.0,0.0,9.89,11.99,0,36.42611683848797,CAT-0,0.3877551020408163,0,0,5.0,15,-8.836477517847673,False,-18.070175438596493,,-0.020561313976509368,False,False,化学制品,-385.7,-0.8915455356829725,22.0,17.82783505154639,0.5,0.0,8.91,Other
002832.SZ,002832,比音勒芬,20161223,,主板,L,288580984.8999999,7.879114948731769,服装家纺,纺织服装,801132.SI,350000,20.17,20.9031,19.0108,2.0095,2.931,1151116.1884,785456.6788,255968047.39999998,True,1,0,False,False,22.1,17.72,-5.439924314096512,31.42669296515448,-9.547511312217205,False,7.879114948731769,-3.057119871279157,17.88,-32.79,377614356.68,97.7666,,,1846173587.47,90.4057,6.9572,0,1151116.1884,255968047.39999998,1.0,1.5,PASS,False,0.09523809523809523,17.88,-32.79,17.65,0.23000000000000043,,20.9031,2.0095,6.9572,1.1690771812080536,126.22243636363636,0.0,0.0,20.17,22.1,0,80.29782359679267,,0.6,0,1,55.0,5,1.547643812791355,False,-5.439924314096512,,0.0010349473598010143,False,False,服装家纺,0.23000000000000043,-0.6730579207892481,22.0,55.9893470790378,1.0,0.0,55.99,Tier1
002979.SZ,002979,雷赛智能,20200408,,主板,L,1115810762.8500001,55.201383741042754,未知,未知,,,61.03,85.2917,79.5388,10.2237,13.0406,1922239.0054,1353401.3227,2117345221.1999996,False,2,2,False,False,66.94,39.33,5.033444816053523,54.857001972386584,-6.169704212727812,False,55.201383741042754,-3.057119871279157,30.83,10.53,70154795.1,97.2746,,,558333488.02,-63.164,3.964,0,1922239.0054,2117345221.1999996,1.0,1.5,PASS,False,0.2857142857142857,30.83,10.53,2.125,30.83,ESP-Q,85.2917,10.2237,3.964,2.7665163801492056,87.7931712264151,0.0,0.0,61.03,66.94,0,88.77434135166094,CHASE,0.9923664122137404,1,1,75.0,158,60.015640832216796,True,5.033444816053523,,-0.011185489236093929,True,False,独立池,30.83,0.0,22.56945015329645,68.64619243615758,0.7,0.0,48.05,Other
002795.SZ,002795,永和智控,20160428,,主板,L,348498327.25,12.771084337349393,通用机械,机械设备,801072.SI,640000,9.34,,,9.2498,7.2364,412536.0568,405756.6365,428675589.6000001,True,1,0,False,False,10.8,8.0,-6.024096385542177,20.463320463320468,-13.333333333333341,False,12.771084337349393,-3.057119871279157,53.24,60.74,-8380748.35,-12.3225,,,-212069501.32,-16.0358,16.4831,0,412536.0568,428675589.6000001,1.0,1.5,PASS,False,0.5952380952380952,53.24,60.74,-0.595,54.43,ESP-Q,,9.2498,16.4831,,108.90780749999999,0.0,0.0,9.34,10.8,0,83.61970217640321,,0.673469387755102,0,1,55.0,15,10.670627716344818,True,-6.024096385542177,,-0.003600851223893979,False,False,通用机械,54.43,0.3555986922346922,50.0,62.58591065292096,0.7,0.0,43.81,Other
603799.SH,603799,华友钴业,20150129,,主板,L,5040512643.05,-13.801526717557255,未知,未知,,,58.88,18.277,15.183,2.2534,3.3279,11167931.5023,11114231.1759,3501786212.9999995,True,0,0,False,False,70.85,55.52,-3.7340153452685376,-23.09997275946608,-20.31051517290049,False,-13.801526717557255,-3.057119871279157,68.76,52.64,2070367801.44,82.905,,,14462800004.16,31.8424,5.055,0,11167931.5023,3501786212.9999995,1.0,1.5,PASS,False,0.2857142857142857,68.76,52.64,2.125,68.76,,18.277,2.2534,5.055,0.2658086096567772,87.7931712264151,10.0,0.0,58.88,70.85,0,62.42840778923253,,0.15076335877862596,0,0,5.0,158,-8.987269626383215,False,-3.7340153452685376,,-0.005555059050805382,False,False,独立池,68.76,0.0,23.128856202105652,25.854293577190887,1.0,0.0,35.85,Other
600936.SH,600936,北投科技,20160815,,主板,L,455103996.95000005,44.029850746268686,未知,未知,,,5.78,,,9.7159,13.9969,965853.1661,965853.1661,712671900.8,True,4,3,False,True,5.9,3.91,5.850091407678248,34.02777777777777,-1.8644067796610209,False,44.029850746268686,-3.057119871279157,111.8171,49.8121,24819175.83,99.4263,,,-1331465236.95,-315.9817,2.543,0,965853.1661,712671900.8,1.0,1.5,PASS,False,0.2857142857142857,111.8171,49.8121,2.125,111.8171,ESP-Q,,9.7159,2.543,,87.7931712264151,0.0,0.0,5.78,5.9,0,72.39404352806415,CHASE,0.9809160305343512,1,1,100.0,158,48.84410783744273,True,5.850091407678248,突破型|OVERHEAT,0.04558556151768233,True,True,独立池,111.8171,0.0,23.7638786693923,76.4709887922977,0.7,0.0,53.53,Tier2
603690.SH,603690,至纯科技,20170113,,主板,L,682640259.7,15.278838808250583,半导体,电子,801081.SI,270000,29.84,,,3.2893,8.9607,1142765.322,1142765.322,1360700035.3999999,False,0,0,False,False,31.82,23.67,5.635281764088207,6.567796610169485,-5.153991200502828,False,15.278838808250583,-3.057119871279157,-160.0648,-274.031,-84429944.25,,,,-1034015194.14,,-2.2621,0,1142765.322,1360700035.3999999,1.0,1.5,PASS,False,0.8333333333333334,-160.0648,-274.031,20.14,-180.20479999999998,,,3.2893,-2.2621,,137.7359375,0.0,0.0,29.84,31.82,0,91.29438717067583,CHASE,0.4642857142857143,0,1,40.0,9,-3.606948718313639,False,5.635281764088207,,0.006133309977271877,True,False,半导体,-180.20479999999998,-0.7155286580078631,22.0,51.78831615120275,1.0,0.0,51.79,Tier2
603317.SH,603317,天味食品,20190416,,主板,L,326098898.65,15.457875457875447,未知,未知,,,15.4,28.7806,22.0063,3.9265,0.9293,1639660.7828,1639660.7828,175561980.6,False,2,0,False,False,17.3,13.37,-1.3767209011264159,18.140929535232388,-8.901734104046245,False,15.457875457875447,-3.057119871279157,360.06,-10.22,233803750.62,93.4805,,,1261700201.75,78.6113,5.3796,0,1639660.7828,175561980.6,1.0,1.5,PASS,False,0.2857142857142857,360.06,-10.22,2.125,360.06,ESP-Q,28.7806,3.9265,5.3796,0.0799327889796145,87.7931712264151,0.0,0.0,15.4,17.3,0,74.5704467353952,CHASE,0.8893129770992366,1,1,75.0,158,20.272132549049488,True,-1.3767209011264159,,-0.007813011177604898,True,False,独立池,360.06,0.0,27.4250592608486,65.35614587278828,0.7,0.0,45.75,Other
603977.SH,603977,国泰集团,20161111,,主板,L,284504662.0500001,-9.351535836177483,化学制品,化工,801034.SI,220000,13.6,33.4975,33.9217,2.4429,2.1002,844888.8861,844888.8861,233734697.2,False,0,0,False,False,15.56,13.2,-7.456445993031357,-9.227614490772396,-14.652956298200525,False,-9.351535836177483,-3.057119871279157,-13.66,55.6,34239543.52,85.7488,,,537635714.33,-332.7196,1.1619,0,844888.8861,233734697.2,1.0,1.5,PASS,False,0.2619047619047619,-13.66,55.6,5.17,-18.83,ESP-Q,33.4975,2.4429,1.1619,,72.11200512820513,0.0,0.0,13.6,15.56,0,67.23940435280642,,0.42857142857142855,0,0,5.0,15,-8.08214232418877,False,-7.456445993031357,,0.0037380491837087177,False,False,化学制品,-18.83,-0.06432170190522624,32.0,29.071821305841922,0.7,0.0,20.35,Other
002797.SZ,002797,第一创业,20160511,,主板,L,1242673988.95,-5.419354838709678,证券,非银金融,801193.SI,490000,7.19,35.9103,32.8201,1.7093,3.5561,3021525.6,3021525.6,1054434132.8000001,False,0,0,False,False,8.07,7.22,-1.7426273458445052,3.2394366197183055,-9.169764560099136,False,-5.419354838709678,-3.057119871279157,70.54,-5.45,195079236.52,98.9121,,,2280871300.52,268.4844,1.1281,0,3021525.6,1054434132.8000001,1.0,1.5,PASS,False,0.07142857142857142,70.54,-5.45,30.57,70.54,ESP-Q,35.9103,1.7093,1.1281,0.5090771193648993,30.16254222222222,0.0,0.0,7.19,8.07,0,83.73424971363116,,0.2,0,0,5.0,14,-3.1022816679779797,False,-1.7426273458445052,,0.0028809029799063994,False,False,证券,70.54,0.8717891820105927,50.0,37.62027491408935,0.7,0.0,26.33,Other
603060.SH,603060,国检集团,20161109,,主板,L,178850800.75,13.980263157894735,未知,未知,,,6.82,45.9157,44.4333,2.7138,2.3739,548301.3945,548301.3945,160580520.39999998,False,3,1,False,True,7.29,6.0,6.944444444444442,1.167883211678844,-4.938271604938271,False,13.980263157894735,-3.057119871279157,7.31,-51.67,-37495210.68,,,,39086026.21,,-1.2647,0,548301.3945,160580520.39999998,1.0,1.5,PASS,False,0.2857142857142857,7.31,-51.67,2.125,7.31,ESP-Q,45.9157,2.7138,-1.2647,6.281217510259919,87.7931712264151,0.0,0.0,6.82,7.29,0,84.7651775486827,,0.8759541984732825,1,1,75.0,158,18.794520249068775,True,6.944444444444442,突破型,0.024057955294543614,False,False,独立池,7.31,0.0,22.222568258543156,67.37406691631344,0.7,0.0,47.16,Other
603315.SH,603315,福鞍股份,20150424,,主板,L,490708220.04999995,-7.762557077625565,未知,未知,,,16.76,112.6696,130.012,3.088,3.931,536933.8585,536933.8585,410245294.40000004,False,2,0,False,False,20.6,16.09,-14.722955145118732,-1.7031630170316392,-21.553398058252426,False,-7.762557077625565,-3.057119871279157,-12.73,-38.55,22984207.26,114.4953,,,184465032.74,145.7246,1.1537,0,536933.8585,410245294.40000004,1.0,1.5,PASS,False,0.2857142857142857,-12.73,-38.55,2.125,-14.855,,112.6696,3.088,1.1537,,87.7931712264151,0.0,0.0,16.76,20.6,0,83.16151202749141,,0.3816793893129771,0,0,5.0,158,-2.9482999864515245,False,-14.722955145118732,,-0.004634379668533212,False,False,独立池,-14.855,0.0,21.895670418525864,31.827587691952594,1.0,0.0,31.83,Other
603936.SH,603936,博敏电子,20151209,,主板,L,1251056298.3000002,30.91140854047163,元件,电子,801083.SI,270000,22.59,2204.9341,,3.3125,17.1348,1457841.141,1424069.091,1362192710.0000002,True,3,2,False,True,22.68,14.74,-2.700142112742776,62.628661916072836,-9.43562610229277,False,30.91140854047163,-3.057119871279157,-189.38,90.4629,-19301433.46,,,,907028.6999999993,,-0.252,0,1457841.141,1362192710.0000002,1.0,1.5,PASS,False,0.7380952380952381,-189.38,90.4629,13.02,-202.4,,2204.9341,3.3125,-0.252,,255.29024,0.0,10.0,22.59,22.68,0,91.29438717067583,CHASE,0.7692307692307693,1,1,100.0,8,16.5319879848964,True,-2.700142112742776,突破型,0.0014253462999233525,True,False,元件,-202.4,-0.7055758446141881,22.0,81.78831615120275,1.0,10.0,71.79,Tier2
603616.SH,603616,韩建河山,20150611,,主板,L,185417586.85,9.81308411214954,水泥制造,建筑材料,801711.SI,610000,6.94,,,13.3003,11.605,268729.292,266699.342,308097569.8,True,0,0,False,False,7.39,5.69,8.461538461538453,-5.241935483870974,-4.6008119079837595,False,9.81308411214954,-3.057119871279157,-353.47,64.2065,-10153410.36,,,,-86069559.65,,-4.4904,0,268729.292,308097569.8,1.0,1.5,PASS,False,0.023809523809523808,-353.47,64.2065,-10.89,-176.735,,,13.3003,-4.4904,,18.255566666666667,0.0,0.0,6.94,7.39,0,79.38144329896907,,0.8,1,1,100.0,2,20.23198851601635,True,8.461538461538453,OVERHEAT,0.0015912721167857787,False,True,水泥制造,-176.735,-1.3680648899440526,22.0,78.21443298969072,1.0,0.0,78.21,Tier2
603338.SH,603338,浙江鼎力,20150325,,主板,L,394640805.2,9.45621751299479,未知,未知,,,55.69,14.8475,14.6602,2.3809,1.0397,2819851.3382,2819851.3382,383338976.4,True,1,0,False,False,59.28,49.0,-3.930514125285145,-10.568441685723617,-7.641700404858298,False,9.45621751299479,-3.057119871279157,1.56,11.36,437511506.13,96.6021,,,4867742843.59,-34.3652,3.8958,0,2819851.3382,383338976.4,1.0,1.5,PASS,False,0.2857142857142857,1.56,11.36,2.125,-0.565,ESP-Q,14.8475,2.3809,3.8958,9.517628205128204,87.7931712264151,10.0,0.0,55.69,59.28,0,65.2348224513173,,0.8377862595419847,1,1,100.0,158,14.27047460416883,True,-3.930514125285145,,0.0032816448541427676,False,False,独立池,-0.565,0.0,22.106424766996298,73.99173168879446,0.7,0.0,61.79,Tier2
601611.SH,601611,中国核建,20160606,,主板,L,533788297.15,-13.192982456140356,基础建设,建筑装饰,801723.SI,620000,12.38,28.2865,31.8749,1.6569,0.7696,3731126.7545,3731126.7545,444197025.8000001,True,0,0,False,False,14.47,12.36,-4.772902232486532,-20.24500322372663,-14.512785072563938,False,-13.192982456140356,-3.057119871279157,-29.21,-30.91,372565116.17,92.4762,,,3553733704.63,-1144.0223,1.2061,0,3731126.7545,444197025.8000001,1.0,1.5,PASS,False,0.047619047619047616,-29.21,-30.91,-15.53,-14.605,ESP-Q,28.2865,1.6569,1.2061,,59.53485,0.0,0.0,12.38,14.47,0,65.2348224513173,,0.29411764705882354,0,0,5.0,6,-6.371502049754296,False,-4.772902232486532,,-0.004271337857306235,False,False,基础建设,-14.605,-0.4177869511096658,32.0,28.470446735395193,0.7,0.0,19.93,Other
603508.SH,603508,思维列控,20151224,,主板,L,166581757.79999995,-0.08183306055645767,计算机设备,计算机,801101.SI,710000,24.41,16.7346,15.7755,2.3463,0.7586,930690.7543,930690.7543,174200615.80000004,True,1,0,False,False,27.29,23.63,-9.15178571428571,-9.084139985107964,-10.516672773909852,False,-0.08183306055645767,-3.057119871279157,26.08,0.59,159654709.26,99.3966,,,1407700928.01,71.3131,3.9315,0,930690.7543,174200615.80000004,1.0,1.5,PASS,False,0.5476190476190477,26.08,0.59,0.49,26.08,ESP-Q,16.7346,2.3463,3.9315,0.6416641104294479,108.09019285714285,10.0,0.0,24.41,27.29,0,67.23940435280642,,0.6,0,1,55.0,5,2.894357415634019,False,-9.15178571428571,,0.004907451752554189,False,False,计算机设备,26.08,0.27856838435503556,50.0,57.671821305841924,0.7,0.0,50.37,Tier2
603929.SH,603929,亚翔集成,20161230,,主板,L,1084507744.8999999,-5.597950797801365,专业工程,建筑装饰,801724.SI,620000,176.01,42.0925,35.4906,17.2747,2.2067,3755349.36,3755349.36,1063753427.2,True,0,0,False,False,214.75,170.03,-7.2364971158888185,21.572400522300896,-17.62514551804424,False,-5.597950797801365,-3.057119871279157,202.36,37.89,246919168.47,99.5834,,,1725524361.23,-78.7296,10.2673,0,3755349.36,1063753427.2,1.0,1.5,PASS,False,0.35714285714285715,202.36,37.89,-13.35,229.06,ESP-Q,42.0925,17.2747,10.2673,0.20800800553469065,69.65643999999999,0.0,0.0,176.01,214.75,0,94.27262313860251,,0.625,0,0,5.0,5,2.7028856674262958,False,-7.2364971158888185,,-0.010148592207515086,False,False,专业工程,229.06,2.233768165595468,82.0,47.181786941580754,0.7,0.0,33.03,Other
603131.SH,603131,上海沪工,20160607,,主板,L,390022252.8,-2.0408163265306034,通用机械,机械设备,801072.SI,640000,21.64,,,4.4155,2.8507,729067.2241,729067.2241,283911858.6,False,1,0,False,False,25.48,19.6,-6.209292227529306,-10.669975186104208,-15.2276295133438,False,-2.0408163265306034,-3.057119871279157,-116.04,-984.0281,-783844.6,-6.6603,,,-59096216.32,-291.3811,0.7602,1,729067.2241,283911858.6,1.0,1.5,PASS,False,0.5952380952380952,-116.04,-984.0281,-0.595,-58.02,ESP-Q,,4.4155,0.7602,,108.90780749999999,0.0,0.0,21.64,25.48,10,85.79610538373424,,0.3469387755102041,0,0,5.0,15,-4.14127294753518,False,-6.209292227529306,,-0.008361570537587484,False,False,通用机械,-58.02,-0.06990327719456667,32.0,34.638831615120274,0.7,10.0,14.25,Other
603085.SH,603085,天成自控,20150630,,主板,L,174832504.95,19.532554257095146,汽车零部件,汽车,801093.SI,280000,14.43,67.4947,64.318,5.9226,2.9134,573015.3,573015.3,164358472.4,True,0,0,False,False,14.9,11.35,2.066999287241633,19.035743973399843,-3.892617449664426,False,19.532554257095146,-3.057119871279157,71.87,563.9455,26263007.61,104.5817,,,160631047.42000002,-207.9323,2.6443,0,573015.3,164358472.4,1.0,1.5,PASS,False,0.47619047619047616,71.87,563.9455,-7.74,87.35,ESP-Q,67.4947,5.9226,2.6443,0.9391220258800611,70.26558985507246,0.0,0.0,14.43,14.9,0,65.2348224513173,,0.9054054054054054,1,1,100.0,23,17.665210494356742,True,2.066999287241633,,0.006884279644571563,True,False,汽车零部件,87.35,0.3753536452070487,50.0,79.5704467353952,0.7,0.0,55.7,Tier2
603198.SH,603198,迎驾贡酒,20150528,,主板,L,318866546.85,4.114642451759343,未知,未知,,,35.67,14.3711,14.3274,2.4879,0.617,2853600.0,2853600.0,234338050.4,True,1,0,False,False,40.88,34.4,3.9965986394557618,-5.267234701781565,-10.249510763209402,False,4.114642451759343,-3.057119871279157,0.18,-25.49,817506078.61,97.9547,,,5296952893.33,103.0628,7.551,0,2853600.0,234338050.4,1.0,1.5,PASS,False,0.2857142857142857,0.18,-25.49,2.125,-1.945,,14.3711,2.4879,7.551,79.83944444444445,87.7931712264151,10.0,0.0,35.67,40.88,0,65.2348224513173,,0.7729007633587787,1,1,100.0,158,8.928899542933383,True,3.9965986394557618,,0.003337666290071693,False,False,独立池,-1.945,0.0,22.086072002763323,73.98766113594786,1.0,0.0,83.99,Tier2
603958.SH,603958,哈森股份,20160629,,主板,L,242136563.25000003,-12.46714232069095,服装家纺,纺织服装,801132.SI,350000,24.71,,,8.3249,4.5339,542038.56,542038.56,228130138.8,False,0,0,False,False,27.49,22.46,-5.512768544791258,23.26811210999471,-15.205529283375775,False,-12.46714232069095,-3.057119871279157,210.07,38.729,16762929.74,97.3865,,,-48289481.17999999,124.0129,2.6558,0,542038.56,228130138.8,1.0,1.5,PASS,False,0.09523809523809523,210.07,38.729,17.65,210.07,,,8.3249,2.6558,,126.22243636363636,0.0,0.0,24.71,27.49,0,81.09965635738831,,0.13333333333333333,0,0,5.0,5,-18.798613456631365,False,-5.512768544791258,,-0.010012725473632514,False,False,服装家纺,210.07,0.5564329252371072,50.0,36.829896907216494,1.0,0.0,36.83,Other
603738.SH,603738,泰晶科技,20160928,,主板,L,2637000680.75,35.938852033458325,元件,电子,801083.SI,270000,50.24,371.2249,291.1837,10.6615,13.5723,1938698.7598,1938698.7598,3163289929.0,True,5,2,False,True,58.28,30.95,-15.203310543360915,164.77528089887642,-19.131777625257374,False,35.938852033458325,-3.057119871279157,5040.95,-38.94,15290105.09,66.3504,,,88538986.44,255.7435,1.283,0,1938698.7598,3163289929.0,1.0,1.5,PASS,False,0.7380952380952381,5040.95,-38.94,13.02,5040.95,ESP-Q,371.2249,10.6615,1.283,0.0736418532221109,255.29024,0.0,0.0,50.24,58.28,0,94.73081328751431,CHASE,0.8846153846153846,1,1,100.0,8,21.559431477883095,True,-15.203310543360915,突破型,-0.023205585282472206,True,False,元件,1890.732584000006,3.199903478740118,95.59971043622035,97.53918607349836,0.7,0.0,68.28,Tier2
002777.SZ,002777,久远银海,20151231,,主板,L,175726188.9,-2.1289537712895434,未知,未知,,,15.86,84.2296,87.8498,3.8087,2.3628,647454.4263,641555.2247,232058126.79999998,True,1,1,False,False,17.6,15.57,-2.896801448400732,-17.444843509492035,-8.579545454545467,False,-2.1289537712895434,-3.057119871279157,-18.08,16.88,8678671.0,73.9583,,,123628123.2,-969.2355,0.6929,0,647454.4263,232058126.79999998,1.0,1.5,PASS,False,0.2857142857142857,-18.08,16.88,2.125,-20.205,ESP-Q,84.2296,3.8087,0.6929,,87.7931712264151,0.0,0.0,15.86,17.6,0,68.15578465063001,,0.5973282442748091,0,0,5.0,158,2.685303319884497,False,-2.896801448400732,,-0.014288791159846279,False,False,独立池,-20.205,0.0,21.816766586173394,27.31008871242368,0.7,0.0,19.12,Other
002803.SZ,002803,吉宏股份,20160712,,主板,L,365866386.75000006,16.950082281952827,未知,未知,,,22.02,35.8265,34.1957,3.5817,3.6742,991792.4442,635682.7758,276553742.6,False,0,0,False,False,23.72,17.83,-5.328596802841911,18.116343490304708,-10.11804384485665,False,16.950082281952827,-3.057119871279157,21.75,50.87,70339692.37,97.2044,,,630904869.82,12.3877,2.6471,0,991792.4442,276553742.6,1.0,1.5,PASS,False,0.2857142857142857,21.75,50.87,2.125,21.75,,35.8265,3.5817,2.6471,1.6471954022988506,87.7931712264151,0.0,0.0,22.02,23.72,0,67.81214203894616,,0.898854961832061,1,1,75.0,158,21.764339373126866,True,-5.328596802841911,,-0.015364429943140532,True,False,独立池,21.75,0.0,22.435534863995436,62.33074958448293,1.0,0.0,62.33,Tier2
603306.SH,603306,华懋科技,20140926,,主板,L,1941425659.2000003,1.0150375939849576,汽车零部件,汽车,801093.SI,280000,107.92,163.2915,248.5971,11.0635,3.7005,3555913.774,3555913.774,1896786561.1999998,True,1,0,False,False,116.97,90.0,-0.1857355126300142,25.7076023391813,-8.11319141660254,False,1.0150375939849576,-3.057119871279157,-91.59,-36.06,6856275.15,58.6191,,,441007009.18,882.05,0.3388,0,3555913.774,1896786561.1999998,1.0,1.5,PASS,False,0.47619047619047616,-91.59,-36.06,-7.74,-45.795,ESP-Q,163.2915,11.0635,0.3388,,70.26558985507246,0.0,0.0,107.92,116.97,0,83.39060710194731,,0.47297297297297297,0,1,55.0,23,-0.8523061687534472,False,-0.1857355126300142,,0.006407394582092778,False,False,汽车零部件,-45.795,-0.12623097226654978,32.0,58.917182130584195,0.7,0.0,41.24,Other
603169.SH,603169,兰石重装,20141009,,主板,L,210018287.5,-13.70143149284253,专用设备,机械设备,801074.SI,640000,8.48,,,4.1658,0.9695,1107735.4447,1107735.4447,140073730.20000002,False,0,0,False,False,9.92,7.94,-4.416761041902606,-19.619047619047624,-14.919354838709687,False,-13.70143149284253,-3.057119871279157,0.362,-805.44,-42378565.91,,,,-816805466.4399999,,-1.4866,0,1107735.4447,140073730.20000002,1.0,1.5,PASS,False,0.5714285714285714,0.362,-805.44,-11.475,0.181,,,4.1658,-1.4866,,213.18103214285716,0.0,0.0,8.48,9.92,0,65.2348224513173,,0.15625,0,0,5.0,10,-9.319315171828475,False,-4.416761041902606,,-0.01291008392024824,False,False,专用设备,0.181,-0.1662587546044858,32.0,28.470446735395193,1.0,0.0,28.47,Other
603859.SH,603859,能科科技,20161021,,主板,L,422018618.20000005,7.483156881616937,未知,未知,,,46.09,49.9902,49.971,3.5654,6.653,1127811.7039,1127811.7039,938223029.4,False,1,1,False,False,47.61,37.46,8.422330097087372,-6.528562460765841,-6.175173282923751,False,7.483156881616937,-3.057119871279157,,14.19,,,,,438980465.65999997,-178.5884,1.5637,0,1127811.7039,938223029.4,1.0,1.5,PASS,False,0.2857142857142857,,14.19,2.125,0.0,DATA-INC,49.9902,3.5654,1.5637,,87.7931712264151,0.0,0.0,46.09,47.61,0,83.16151202749141,,0.8110687022900763,1,1,75.0,158,12.297413972790977,True,8.422330097087372,OVERHEAT,0.008937172159316695,False,True,独立池,0.0,0.0,22.114757601627915,66.871405128573,1.0,0.0,66.87,Tier2
002828.SZ,002828,贝肯能源,20161208,,主板,L,154103085.55,-11.375212224108655,未知,未知,,,10.55,95.923,,3.2416,4.4598,212041.918,212041.918,123661730.20000002,True,0,0,False,False,12.13,10.36,-6.451612903225811,-24.838012958963283,-13.932399010717244,False,-11.375212224108655,-3.057119871279157,-1107.42,-76.44,-36581951.91,,,,-2873554.5099999956,,-10.9357,0,212041.918,123661730.20000002,1.0,1.5,PASS,False,0.2857142857142857,-1107.42,-76.44,2.125,-1109.545,,95.923,3.2416,-10.9357,,87.7931712264151,0.0,0.0,10.55,12.13,0,44.90263459335625,,0.23282442748091603,0,0,5.0,158,-6.560955132934614,False,-6.451612903225811,,-0.023581877903309338,False,False,独立池,-1109.545,0.0,5.750766448819988,17.12094366777087,1.0,0.0,17.12,Other
603311.SH,603311,金海高科,20150518,,主板,L,341063455.25,63.77952755905512,未知,未知,,,31.46,94.5431,105.7174,5.5037,13.2346,742090.7714,742090.7714,779072043.0000001,True,3,3,False,True,31.47,17.81,35.06493506493504,82.6697892271663,-0.8579599618684486,False,63.77952755905512,-3.057119871279157,-27.77,-8.8,14893474.72,42.0933,,,154925317.92,80.5235,2.6355,0,742090.7714,779072043.0000001,1.0,1.5,PASS,False,0.2857142857142857,-27.77,-8.8,2.125,-29.895,ESP-Q,94.5431,5.5037,2.6355,,87.7931712264151,0.0,0.0,31.46,31.47,0,97.4799541809851,CHASE,0.9980916030534351,1,1,100.0,158,68.59378465022915,True,35.06493506493504,突破型|OVERHEAT,0.004782332309177312,True,True,独立池,-29.895,0.0,21.673854785146208,83.57875721132477,0.7,0.0,58.51,Tier2
603027.SH,603027,千禾味业,20160307,,主板,L,183980332.9,-17.91967044284244,未知,未知,,,7.79,29.8785,30.9878,2.9556,1.6846,1038504.6959,973450.3709,108681914.60000002,False,0,0,False,False,10.14,7.95,-4.892601431980914,-21.477832512315274,-21.400394477317562,False,-17.91967044284244,-3.057119871279157,-9.48,-31.53,143602656.94,96.9348,,,915893727.45,260.8862,4.307,0,1038504.6959,108681914.60000002,1.0,1.5,PASS,False,0.2857142857142857,-9.48,-31.53,2.125,-11.605,,29.8785,2.9556,4.307,,87.7931712264151,0.0,0.0,7.79,10.14,0,65.2348224513173,,0.06297709923664122,0,0,5.0,158,-13.105413351668398,False,-4.892601431980914,,0.010368089784077265,False,False,独立池,-11.605,0.0,21.943602653132505,26.45916726602169,1.0,0.0,26.46,Other
603678.SH,603678,火炬电子,20150126,,主板,L,433888885.65,-3.38504936530325,未知,未知,,,37.68,56.0387,70.8934,2.9119,8.5168,1791935.0656,1791935.0656,546736669.0,True,0,0,False,False,36.5,31.6,6.598194833488935,-15.369409439090687,-6.164383561643838,False,-3.38504936530325,-3.057119871279157,-70.72,75.42,29676091.9,74.8218,,,885996841.6700001,-692.5876,0.6464,0,1791935.0656,546736669.0,1.0,1.5,PASS,False,0.2857142857142857,-70.72,75.42,2.125,-72.845,ESP-Q,56.0387,2.9119,0.6464,,87.7931712264151,0.0,0.0,37.68,36.5,0,99.65635738831615,,0.5572519083969466,0,0,5.0,158,1.4292077258707905,False,6.598194833488935,,-0.0024356572875088383,False,False,独立池,-72.845,0.0,21.040411869344595,36.604989590363765,0.7,0.0,25.62,Other
601127.SH,601127,赛力斯,20160615,,主板,L,2194586611.1000004,-7.304057809894394,未知,未知,,,82.03,23.9886,23.9618,3.4591,2.0524,14289503.6605,12773739.4246,2662602372.2,True,0,0,False,False,95.94,77.77,0.14412683161180162,-22.824879674194754,-13.09151553053992,False,-7.304057809894394,-3.057119871279157,-73.87,-7.84,102900401.65,13.6389,,,12480821690.43,-2600.7183,1.835,0,14289503.6605,2662602372.2,1.0,1.5,PASS,False,0.2857142857142857,-73.87,-7.84,2.125,-75.995,ESP-Q,23.9886,3.4591,1.835,,87.7931712264151,0.0,0.0,82.03,95.94,0,84.5360824742268,,0.39122137404580154,0,0,5.0,158,-2.4898007187203532,False,0.14412683161180162,,-0.01080463617945286,False,False,独立池,-75.995,0.0,20.99395447272585,32.059615636813206,0.7,0.0,22.44,Other
603319.SH,603319,美湖股份,20161130,,主板,L,868900651.8000001,-8.31241283124129,汽车零部件,汽车,801093.SI,280000,31.87,104.0573,150.8688,4.3891,7.2209,1080870.0238,1080870.0238,752277328.9999999,True,0,0,False,False,42.06,29.83,1.1695906432748426,-14.711987545407379,-21.849738468854028,False,-8.31241283124129,-3.057119871279157,-64.59,-37.06,18454563.1,83.2633,,,332076638.71,-145.0168,0.9027,0,1080870.0238,752277328.9999999,1.0,1.5,PASS,False,0.47619047619047616,-64.59,-37.06,-7.74,-32.295,ESP-Q,104.0573,4.3891,0.9027,,70.26558985507246,0.0,0.0,31.87,42.06,0,76.17411225658648,,0.21621621621621623,0,0,5.0,23,-10.179756593979693,False,1.1695906432748426,,0.016193327825861713,False,False,汽车零部件,-32.295,-0.07537369384157265,32.0,31.752233676975948,0.7,0.0,22.23,Other
603568.SH,603568,伟明环保,20150528,,主板,L,160833460.2,-4.711538461538467,未知,未知,,,19.7,15.2201,17.3932,2.1987,0.3205,3368959.5692,3362884.0892,98945890.80000001,False,0,0,False,False,21.97,19.23,-3.22265625,-29.716312056737582,-9.786071916249428,False,-4.711538461538467,-3.057119871279157,-40.3,-19.89,402101862.26,91.5107,,,5944726149.95,113.8569,2.8897,0,3368959.5692,98945890.80000001,1.0,1.5,PASS,False,0.2857142857142857,-40.3,-19.89,2.125,-42.425,,15.2201,2.1987,2.8897,,87.7931712264151,0.0,0.0,19.7,21.97,0,65.2348224513173,,0.5057251908396947,0,0,5.0,158,0.10271862963557332,False,-3.22265625,,0.02442202255623424,False,False,独立池,-42.425,0.0,21.489057585262756,26.368258252447742,1.0,0.0,26.37,Other
603444.SH,603444,吉比特,20170104,,主板,L,839910385.4499999,-5.088541666666668,未知,未知,,,355.1,14.2623,12.6149,4.6485,2.2686,2558179.4965,2558179.4965,548693713.2,False,0,0,False,False,423.21,364.0,-4.905286228669836,-14.174025668197343,-13.881997117270384,False,-5.088541666666668,-3.057119871279157,91.39,97.39,525579624.86,101.5526,,,4116134890.01,77.7454,8.9882,0,2558179.4965,548693713.2,1.0,1.5,PASS,False,0.2857142857142857,91.39,97.39,2.125,91.39,,14.2623,4.6485,8.9882,0.1560597439544808,87.7931712264151,10.0,0.0,355.1,423.21,0,65.2348224513173,,0.48854961832061067,0,0,5.0,158,-0.2742845754926275,False,-4.905286228669836,,-0.013448874655366273,False,False,独立池,91.39,0.0,23.462612038766665,26.762969143148524,1.0,0.0,36.76,Other
002812.SZ,002812,恩捷股份,20160914,,主板,L,3701151806.5500007,0.5801687763713037,未知,未知,,,73.27,504.8169,190.9431,2.8131,4.8748,7196080.4093,6027608.3372,2656040073.2,True,1,0,False,False,87.71,69.6,-0.22236756049706097,15.035439601869992,-13.031581347622845,False,0.5801687763713037,-3.057119871279157,793.83,118.07,260959203.6,100.2499,,,192858216.38,58.6565,1.0199,0,7196080.4093,2656040073.2,1.0,1.5,PASS,False,0.2857142857142857,793.83,118.07,2.125,793.83,,504.8169,2.8131,1.0199,0.6359257019764937,87.7931712264151,0.0,0.0,73.27,87.71,0,65.2348224513173,,0.6965648854961832,0,1,55.0,158,5.394425867545344,True,-0.22236756049706097,,-0.02104279389065168,False,False,独立池,793.83,0.0,33.82246400094792,53.83493953558477,1.0,0.0,53.83,Tier2
603819.SH,603819,神力股份,20161125,,主板,L,156805636.65000004,-3.593642017968224,电机,电气设备,801731.SI,630000,14.7,162.3355,122.4023,3.9408,5.6778,320063.3749,320063.3749,117459580.4,True,1,0,False,False,15.62,13.61,-4.452054794520555,7.307692307692304,-10.691421254801536,False,-3.593642017968224,-3.057119871279157,770.49,132.9356,5317815.35,77.177,,,32899211.95,-51.3583,0.852,0,320063.3749,117459580.4,1.0,1.5,PASS,False,0.9047619047619048,770.49,132.9356,-11.325,793.1400000000001,ESP-Q,162.3355,3.9408,0.852,0.21069124842632608,169.84244,0.0,0.0,14.7,15.62,0,69.0721649484536,,0.2727272727272727,0,0,5.0,4,-9.539587963914176,False,-4.452054794520555,,-0.009690512762313334,False,False,电机,793.1400000000001,2.8302685184080354,82.0,39.62164948453608,0.7,0.0,27.74,Other
603026.SH,603026,石大胜华,20150529,,主板,L,2258483156.15,-1.1498890457938282,未知,未知,,,97.21,1422.8327,69.3796,4.3588,5.2611,2262086.5571,2262086.5571,1583520961.1999998,True,1,0,False,False,122.16,94.06,-2.6328862394436214,51.00154083204929,-19.777341191879504,False,-1.1498890457938282,-3.057119871279157,1044.7626,150.61,279985486.86,99.4241,,,170326614.43,-256.0771,5.571,0,2262086.5571,1583520961.1999998,1.0,1.5,PASS,False,0.2857142857142857,1044.7626,150.61,2.125,1044.7626,ESP-Q,1422.8327,4.3588,5.571,1.3618717783350973,87.7931712264151,0.0,0.0,97.21,122.16,0,87.2852233676976,,0.6335877862595419,0,1,55.0,158,3.664368045380212,False,-2.6328862394436214,,-0.00481377841415015,False,False,独立池,1044.7626,0.0,37.523313309764674,61.19022967226221,0.7,0.0,42.83,Other
600977.SH,600977,中国电影,20160809,,主板,L,569252515.75,-1.6216216216216273,未知,未知,,,14.8,237.0932,192.8179,2.5149,1.9128,2763160.0,2763160.0,588139693.1999999,True,0,0,False,False,15.12,13.36,0.8310249307479367,-12.814371257485025,-3.703703703703698,False,-1.6216216216216273,-3.057119871279157,20.9,-87.7,-153490699.8,,,,-620037857.29,,-1.0321,0,2763160.0,588139693.1999999,1.0,1.5,PASS,False,0.2857142857142857,20.9,-87.7,2.125,20.9,ESP-Q,237.0932,2.5149,-1.0321,11.344172248803828,87.7931712264151,0.0,10.0,14.8,15.12,0,83.73424971363116,,0.6125954198473282,0,0,5.0,158,3.192635469552413,False,0.8310249307479367,,-0.0013415848566671615,False,False,独立池,20.9,0.0,22.42299874109831,32.10487466230901,0.7,10.0,12.47,Other
603300.SH,603300,海南华铁,20150529,,主板,L,432759496.70000005,-13.31444759206798,多元金融,非银金融,801191.SI,490000,6.07,22.9669,27.1787,1.8147,1.8604,1210706.5643,1210706.5643,378452084.20000005,False,0,0,False,False,7.14,6.11,-6.849315068493156,-15.934065934065933,-14.28571428571428,False,-13.31444759206798,-3.057119871279157,-38.99,-11.31,103648139.5,95.1906,,,1367849164.92,703.7038,1.6496,0,1210706.5643,378452084.20000005,1.0,1.5,PASS,False,0.19047619047619047,-38.99,-11.31,15.68,-54.67,,22.9669,1.8147,1.6496,,47.574976923076925,0.0,0.0,6.07,7.14,0,83.16151202749141,,0.14285714285714285,0,0,5.0,5,-5.560873842442138,False,-6.849315068493156,,0.003183448071355458,False,False,多元金融,-54.67,-0.9434160520508541,22.0,31.848453608247425,1.0,0.0,31.85,Other
603019.SH,603019,中科曙光,20141106,,主板,L,7085904574.2,4.306487695749439,计算机设备,计算机,801101.SI,710000,94.8,63.7338,62.5448,6.1494,3.8005,13870337.6323,13866461.0707,7336601087.6,False,0,0,False,False,105.0,88.58,-1.2809654880372556,1.91256830601092,-11.190476190476195,False,4.306487695749439,-3.057119871279157,53.3,33.97,164129860.91,72.0361,,,3327747185.17,-503.5188,1.0174,0,13870337.6323,7336601087.6,1.0,1.5,PASS,False,0.5476190476190477,53.3,33.97,0.49,53.3,ESP-Q,63.7338,6.1494,1.0174,1.1957560975609758,108.09019285714285,0.0,0.0,94.8,105.0,0,88.88888888888889,,0.7333333333333333,1,1,75.0,5,7.282678171939915,True,-1.2809654880372556,,-0.004297456440847926,False,False,计算机设备,53.3,0.6898370362820158,50.0,74.16666666666666,0.7,0.0,51.92,Tier2
603067.SH,603067,振华股份,20160913,,主板,L,1364726399.6,14.101876675603231,化学原料,化工,801033.SI,220000,45.0,51.5884,51.2589,8.0582,5.7249,3399864.318,3399864.318,1602161397.0,True,2,1,False,False,44.32,34.4,7.856056766345665,11.41361256544502,-3.971119133574008,False,14.101876675603231,-3.057119871279157,7.41,10.31,123437900.85,101.4968,,,1364786613.82,-85.0477,3.2085,0,3399864.318,1602161397.0,1.0,1.5,PASS,False,0.7142857142857143,7.41,10.31,6.035,1.375,ESP-Q,51.5884,8.0582,3.2085,6.961997300944669,92.88029999999999,0.0,0.0,45.0,44.32,0,81.55784650630011,,0.8888888888888888,1,1,100.0,9,20.836790468706678,True,7.856056766345665,,0.005529845881691391,False,False,化学原料,1.375,0.05947855742735467,50.0,84.46735395189003,0.7,0.0,59.13,Tier1
603601.SH,603601,再升科技,20150122,,主板,L,3823613439.8,11.50061500615005,玻璃制造,建筑材料,801712.SI,610000,19.29,392.6698,597.7396,8.1435,20.8185,2203575.7331,2203575.7331,3776863268.8,False,1,1,False,False,19.99,13.88,7.468879668049788,53.125,-9.304652326163076,False,11.50061500615005,-3.057119871279157,-66.91,-73.27,9213220.74,64.3977,,,117516416.52,215.8114,0.5527,0,2203575.7331,3776863268.8,1.0,1.5,PASS,False,0.6428571428571429,-66.91,-73.27,-13.165,-33.455,ESP-Q,392.6698,8.1435,0.5527,,140.98974,0.0,10.0,19.29,19.99,0,65.2348224513173,,0.8333333333333334,1,1,80.0,2,11.99873530690193,True,7.468879668049788,,0.011591923278168723,False,False,玻璃制造,-33.455,0.5869527372600835,50.0,69.5704467353952,0.7,10.0,38.7,Other
601878.SH,601878,浙商证券,20170626,,主板,L,334809019.8,0.0,证券,非银金融,801193.SI,490000,9.42,17.8597,16.5204,1.1429,0.7313,4308516.4339,4308516.4339,287484221.8000001,False,0,0,False,False,10.1,9.32,-0.10460251046024993,-9.735349716446118,-5.44554455445544,False,0.0,-3.057119871279157,35.89,24.94,753970691.01,100.3745,,,6141949048.16,660.2717,2.0169,0,4308516.4339,287484221.8000001,1.0,1.5,PASS,False,0.07142857142857142,35.89,24.94,30.57,5.32,,17.8597,1.1429,2.0169,0.49762329339648925,30.16254222222222,0.0,0.0,9.42,10.1,0,65.2348224513173,,0.7666666666666667,1,1,75.0,14,2.3170731707316983,False,-0.10460251046024993,,0.01372727343322326,False,False,证券,5.32,-0.015487819270028342,32.0,63.47044673539519,1.0,0.0,63.47,Tier1
603682.SH,603682,锦和商管,20200421,,主板,L,181876931.2,25.321888412017167,一般零售,商业贸易,801203.SI,450000,8.8,,,7.6108,2.3963,415800.0,415800.0,135246942.4,False,1,1,False,False,9.73,6.82,-2.9900332225913595,15.111695137976344,-9.969167523124367,False,25.321888412017167,-3.057119871279157,38.7691,-127.1269,-1430620.32,-15.6996,,,-217726541.35999998,,1.3061,0,415800.0,135246942.4,1.0,1.5,PASS,False,0.5,38.7691,-127.1269,-2.72,44.2091,ESP-Q,,7.6108,1.3061,,294.39719,0.0,0.0,8.8,9.73,0,88.77434135166094,CHASE,0.9411764705882353,1,1,75.0,6,35.23785479857179,True,-2.9900332225913595,,0.0034152370464129067,True,False,一般零售,44.2091,0.7681682698342923,50.0,74.13230240549828,0.7,0.0,51.89,Tier2
002736.SZ,002736,国信证券,20141229,,主板,L,422376366.24999994,-9.7173144876325,证券,非银金融,801193.SI,490000,10.09,9.3327,9.5256,1.0304,0.3293,10333918.7475,9698941.2414,315148467.2,False,0,0,False,False,11.46,10.19,-1.256038647342983,-16.775244299674252,-10.820244328097727,False,-9.7173144876325,-3.057119871279157,-9.62,35.04,2101755000.0,99.8597,,,27656589000.0,378.5063,1.5494,0,10333918.7475,315148467.2,1.0,1.5,PASS,False,0.07142857142857142,-9.62,35.04,30.57,-40.19,,9.3327,1.0304,1.5494,,30.16254222222222,0.0,0.0,10.09,11.46,0,67.81214203894616,,0.044444444444444446,0,0,5.0,14,-7.400241316900802,False,-1.256038647342983,,0.012696650002891824,False,False,证券,-40.19,-0.6346226909088057,22.0,27.243642611683846,1.0,0.0,27.24,Other
603345.SH,603345,安井食品,20170222,,主板,L,600885167.5,2.805401444572375,食品加工,食品饮料,801124.SI,340000,99.43,24.3805,21.6896,2.0641,1.7308,3313891.8509,2916224.5488,448707844.79999995,False,1,0,False,False,112.5,92.3,-2.0349127182044957,11.437648927720412,-12.702222222222225,False,2.805401444572375,-3.057119871279157,53.04,-8.49,524970309.8,93.2188,,,3239782900.2599998,142.972,3.5703,0,3313891.8509,448707844.79999995,1.0,1.5,PASS,False,0.6190476190476191,53.04,-8.49,-17.45,87.94,ESP-Q,24.3805,2.0641,3.5703,0.45966251885369536,109.59125,0.0,0.0,99.43,112.5,0,65.2348224513173,,0.5,0,1,35.0,2,-0.37625461457981846,False,-2.0349127182044957,,-0.005873865576386668,False,False,食品加工,87.94,1.1395063902171676,68.0,50.67044673539519,0.7,0.0,35.47,Other
603737.SH,603737,三棵树,20160603,,主板,L,273077766.40000004,-19.436913451511995,其他建材,建筑材料,801713.SI,610000,37.99,36.1716,36.1004,9.3426,0.8405,2802968.5799,2802968.5799,274243878.6,False,0,0,False,False,49.29,38.62,-6.14674441205052,-27.387218045112782,-21.627104889429894,False,-19.436913451511995,-3.057119871279157,268.218,278.22,24462124.36,22.9307,,,1438071329.91,73.4428,3.62,0,2802968.5799,274243878.6,1.0,1.5,PASS,False,0.16666666666666666,268.218,278.22,-12.22,292.6580000000001,ESP-Q,36.1716,9.3426,3.62,0.13485895801176653,34.4639,0.0,0.0,37.99,49.29,0,65.2348224513173,,0.2857142857142857,0,0,5.0,3,-28.022494078919813,False,-6.14674441205052,,-0.005038028307351034,False,False,其他建材,292.6580000000001,1.965838183601894,68.0,35.67044673539519,0.7,0.0,24.97,Other
603778.SH,603778,国晟科技,20151231,,主板,L,1884167164.1,-17.965517241379313,基础建设,建筑装饰,801723.SI,620000,23.89,,,55.859,6.9045,1576840.6247,1535785.7122,1148619624.6,False,0,0,False,False,29.46,21.0,9.028414298808428,58.59999999999999,-19.24643584521385,False,-17.965517241379313,-3.057119871279157,20.7333,-123.6517,-35409037.44,,,,-857061017.6200001,,-11.7452,0,1576840.6247,1148619624.6,1.0,1.5,PASS,False,0.047619047619047616,20.7333,-123.6517,-15.53,51.7933,ESP-Q,,55.859,-11.7452,,59.53485,0.0,0.0,23.89,29.46,0,74.45589919816724,,0.11764705882352941,0,0,5.0,6,-11.144036834993253,False,9.028414298808428,OVERHEAT,-0.0008127683072013315,False,True,基础建设,51.7933,-0.10022969136520758,32.0,31.236769759450176,0.7,0.0,21.87,Other
601858.SH,601858,中国科传,20170118,,主板,L,427104440.6499999,17.228969860548805,未知,未知,,,26.09,42.6191,42.3786,3.614,1.781,2062414.5,2062414.5,496173026.20000005,False,1,1,False,False,31.3,21.6,-7.6214108472173026,15.004413062665488,-16.741214057507992,False,17.228969860548805,-3.057119871279157,-14.78,5.74,29871212.55,79.6411,,,983885628.55,-922.3331,0.659,0,2062414.5,496173026.20000005,1.0,1.5,PASS,False,0.2857142857142857,-14.78,5.74,2.125,-16.905,ESP-Q,42.6191,3.614,0.659,,87.7931712264151,0.0,0.0,26.09,31.3,0,65.2348224513173,,0.9007633587786259,1,1,75.0,158,22.043226951722843,True,-7.6214108472173026,,-0.021097145994735583,True,False,独立池,-16.905,0.0,21.865436239773985,61.44353398334999,0.7,0.0,43.01,Other
603239.SH,603239,浙江仙通,20161230,,主板,L,162576309.79999998,-7.791131371736427,汽车零部件,汽车,801093.SI,280000,22.32,27.23,29.5759,4.391,2.0079,604247.04,604247.04,143543074.6,True,0,0,False,False,26.48,22.02,-5.919661733615211,-10.821643286573146,-15.974320241691842,False,-7.791131371736427,-3.057119871279157,-25.25,31.79,48966049.28,99.7535,,,522810277.88,-62.0965,3.6335,0,604247.04,143543074.6,1.0,1.5,PASS,False,0.47619047619047616,-25.25,31.79,-7.74,-12.625,ESP-Q,27.23,4.391,3.6335,,70.26558985507246,0.0,0.0,22.32,26.48,0,50.0,COV-LOW,0.25675675675675674,0,0,5.0,23,-9.65847513447483,False,-5.919661733615211,,-0.007131151402966082,False,False,汽车零部件,-12.625,-0.0012727555734763393,32.0,23.9,0.7,0.0,16.73,Other
603186.SH,603186,华正新材,20170103,,主板,L,1566082029.7,50.528145473993824,元件,电子,801083.SI,270000,123.84,70.1698,67.1323,8.3643,9.8367,1941693.7749,1941693.7749,1832837257.8000002,False,2,2,False,False,123.57,66.5,11.564760677831742,41.46770545363157,-8.893744436351858,False,50.528145473993824,-3.057119871279157,102.89,155.3676,29184725.4,94.3849,,,178790671.88,193.5797,1.5185,0,1941693.7749,1832837257.8000002,1.0,1.5,PASS,False,0.7380952380952381,102.89,155.3676,13.02,102.89,,70.1698,8.3643,1.5185,0.6819885314413451,255.29024,0.0,0.0,123.84,123.57,0,91.86712485681558,CHASE,0.9230769230769231,1,1,85.0,8,36.148724918418594,True,11.564760677831742,OVERHEAT,0.001435276685595207,True,True,元件,102.89,-0.13594934711428916,32.0,76.46013745704468,1.0,0.0,76.46,Tier2
603888.SH,603888,新华网,20161028,,主板,L,208685554.55,-6.1313868613138816,未知,未知,,,19.15,39.2478,39.1627,3.3957,1.6197,1292123.5917,1292123.5917,214851066.8,False,0,0,False,False,21.18,19.24,-3.114013058764442,-15.208791208791217,-8.923512747875362,False,-6.1313868613138816,-3.057119871279157,44.77,-24.62,31894873.01,81.0091,,,497561651.1,-222.7601,1.0406,0,1292123.5917,214851066.8,1.0,1.5,PASS,False,0.2857142857142857,44.77,-24.62,2.125,44.77,ESP-Q,39.2478,3.3957,1.0406,0.876654009381282,87.7931712264151,0.0,0.0,19.15,21.18,0,84.5360824742268,,0.44274809160305345,0,0,5.0,158,-1.3171297701398412,False,-3.114013058764442,,0.015388535851692009,False,False,独立池,44.77,0.0,22.775042568809244,32.415833256029885,0.7,0.0,22.69,Other
603416.SH,603416,信捷电气,20161221,,主板,L,250987875.55,25.20797059392532,未知,未知,,,64.7,40.0009,38.7273,3.6894,3.7503,1016686.9555,900915.15,448068201.79999995,True,0,0,False,False,67.29,50.55,0.9514896272032392,14.75177304964539,-3.819289641848722,False,25.20797059392532,-3.057119871279157,9.92,16.4,44505205.55,81.8596,,,447272806.88,-40.687,1.9887,0,1016686.9555,448068201.79999995,1.0,1.5,PASS,False,0.2857142857142857,9.92,16.4,2.125,9.92,ESP-Q,40.0009,3.6894,1.9887,4.0323487903225805,87.7931712264151,0.0,0.0,64.7,67.29,0,83.16151202749141,CHASE,0.9465648854961832,1,1,100.0,158,30.02222768509936,True,0.9514896272032392,,-0.00036713795195841213,True,False,独立池,9.92,0.0,22.261061530027263,79.40066591425287,0.7,0.0,55.58,Tier2
603505.SH,603505,金石资源,20170503,,主板,L,535974410.55,15.28312259483231,化学制品,化工,801034.SI,220000,22.76,58.8047,59.8345,10.1009,6.742,1915638.2184,1915638.2184,1220879644.8000002,True,1,1,False,False,22.52,16.89,2.945508100147265,5.962607377463369,-6.882770870337485,False,15.28312259483231,-3.057119871279157,-9.49,23.63,62348152.08,101.7767,,,742491216.22,173.1532,3.2843,0,1915638.2184,1220879644.8000002,1.0,1.5,PASS,False,0.2619047619047619,-9.49,23.63,5.17,-14.66,,58.8047,10.1009,3.2843,,72.11200512820513,0.0,0.0,22.76,22.52,0,65.2348224513173,,0.7755102040816326,1,1,100.0,15,16.552516106821024,True,2.945508100147265,,-0.004272832375886477,True,False,化学制品,-14.66,-0.05491912500645228,32.0,75.9704467353952,1.0,0.0,75.97,Tier2
002865.SZ,002865,钧达股份,20170425,,主板,L,2046447088.8500001,20.196923076923067,未知,未知,,,99.39,,,7.679,7.0468,3093673.2908,2221648.3502,2261954746.8,False,1,1,False,False,110.63,70.8,0.4629153379281936,13.334106997795047,-11.723763897676942,False,20.196923076923067,-3.057119871279157,79.97,-46.68,-43503152.62,-307.1474,,,-2863862954.6899996,-10714.7475,0.3684,1,3093673.2908,2261954746.8,1.0,1.5,PASS,False,0.2857142857142857,79.97,-46.68,2.125,79.97,ESP-Q,,7.679,0.3684,,87.7931712264151,0.0,0.0,99.39,110.63,10,86.368843069874,CHASE,0.9236641221374046,1,1,75.0,158,25.011180168097106,True,0.4629153379281936,,0.005564883806872514,True,False,独立池,79.97,0.0,23.294185540548867,68.06949002907197,0.7,10.0,37.65,Other
002824.SZ,002824,和胜股份,20170112,,主板,L,497540014.95000005,-12.307692307692298,工业金属,有色金属,801055.SI,240000,25.2,50.6344,46.8319,3.3595,4.7198,784170.6718,569963.8476,323518313.8,True,1,0,False,False,29.4,24.32,-5.036807438977132,7.452871547566864,-16.632653061224477,False,-12.307692307692298,-3.057119871279157,160.02,103.07,22439092.1,91.2522,,,297118948.34000003,1054.165,1.0597,0,784170.6718,323518313.8,1.0,1.5,PASS,False,0.14285714285714285,160.02,103.07,60.27,160.02,,50.6344,3.3595,1.0597,0.3164254468191476,36.771677777777775,0.0,0.0,25.2,29.4,0,80.87056128293241,,0.21428571428571427,0,0,5.0,9,-6.149619708228744,False,-5.036807438977132,,0.003569952144109439,False,False,工业金属,160.02,0.27051102336860783,50.0,36.761168384879724,1.0,0.0,36.76,Other
601229.SH,601229,上海银行,20161116,,主板,L,517473493.0999999,-7.0552147239263725,未知,未知,,,9.08,5.3328,5.3236,0.5099,0.2375,12901788.2205,12901788.2205,399039663.2,False,0,0,False,False,9.97,9.08,-4.214963119072712,-8.088978766430744,-8.82647943831495,False,-7.0552147239263725,-3.057119871279157,1.11,2.56,6333184000.0,99.9931,,,61909765000.0,-1.761,2.4396,0,12901788.2205,399039663.2,1.0,1.5,PASS,False,0.2857142857142857,1.11,2.56,2.125,-1.015,ESP-Q,5.3328,0.5099,2.4396,4.804324324324324,87.7931712264151,0.0,0.0,9.08,9.97,0,74.5704467353952,,0.40458015267175573,0,0,5.0,158,-2.240957632752332,False,-4.214963119072712,,0.009747265130096503,False,False,独立池,-1.015,0.0,22.09978799605076,29.291091619828713,0.7,0.0,20.5,Other
600919.SH,600919,江苏银行,20160802,,主板,L,906127936.8,0.9838998211091132,未知,未知,,,11.13,5.9201,5.7856,0.7731,0.5741,20425024.1273,20425024.1273,939071848.2000002,True,0,0,False,False,11.46,10.98,0.9838998211091132,9.399224806201545,-1.4834205933682565,False,0.9838998211091132,-3.057119871279157,8.53,9.41,10522407000.0,99.4363,,,95617449000.0,2282.9471,3.1026,0,20425024.1273,939071848.2000002,1.0,1.5,PASS,False,0.2857142857142857,8.53,9.41,2.125,8.53,,5.9201,0.7731,3.1026,0.6940328253223915,87.7931712264151,10.0,0.0,11.13,11.46,0,74.5704467353952,,0.7041984732824428,1,1,100.0,158,5.7981569122831536,True,0.9838998211091132,,0.0013498987875927946,False,False,独立池,8.53,0.0,22.240561281995497,76.81924627701765,1.0,0.0,86.82,Tier2
002807.SZ,002807,江阴银行,20160902,,主板,L,163329440.30000004,-5.531914893617018,未知,未知,,,4.42,5.3084,5.2853,0.5451,0.6015,1087935.6127,1086212.4598,99309296.20000002,False,0,0,False,False,4.82,4.4,-0.22471910112359383,-2.844638949671774,-7.883817427385886,False,-5.531914893617018,-3.057119871279157,2.22,1.25,362497000.0,98.9321,,,4421928000.0,-394.1831,1.8527,0,1087935.6127,99309296.20000002,1.0,1.5,PASS,False,0.2857142857142857,2.22,1.25,2.125,0.0950000000000002,ESP-Q,5.3084,0.5451,1.8527,2.391171171171171,87.7931712264151,0.0,0.0,4.42,4.82,0,67.81214203894616,,0.4713740458015267,0,0,5.0,158,-0.7176578024429778,False,-0.22471910112359383,,-0.027503779990300393,False,False,独立池,0.0950000000000002,0.0,22.116158697716415,27.26687435122713,0.7,0.0,19.09,Other
601128.SH,601128,常熟银行,20160930,,主板,L,316042391.8,-1.7832647462277085,未知,未知,,,7.11,5.5886,5.4337,0.736,1.2104,2358046.7844,2358046.7844,267125819.60000005,False,0,0,False,False,7.54,7.1,-0.1394700139469962,-0.1394700139469962,-5.03978779840849,False,-1.7832647462277085,-3.057119871279157,13.74,10.02,1207617000.0,100.2906,,,10700949000.0,-375.4745,3.7548,0,2358046.7844,267125819.60000005,1.0,1.5,PASS,False,0.2857142857142857,13.74,10.02,2.125,13.74,ESP-Q,5.5886,0.736,3.7548,0.4067394468704512,87.7931712264151,10.0,0.0,7.11,7.54,0,74.5704467353952,,0.6087786259541985,0,0,5.0,158,3.030992344946332,False,-0.1394700139469962,,-0.0301857099035252,False,False,独立池,13.74,0.0,22.317400341164912,29.33461408885154,0.7,0.0,30.53,Other
601997.SH,601997,贵阳银行,20160816,,主板,L,355849236.24999994,2.7397260273972712,未知,未知,,,5.99,4.1722,4.1452,0.3318,0.9301,2190062.6475,2190062.6475,269725007.4,True,0,0,False,False,6.37,5.79,0.8403361344537785,3.092783505154628,-5.80847723704867,False,2.7397260273972712,-3.057119871279157,3.89,3.82,1493829000.0,101.13,,,13144134000.0,846.8051,2.1056,0,2190062.6475,269725007.4,1.0,1.5,PASS,False,0.2857142857142857,3.89,3.82,2.125,3.89,,4.1722,0.3318,2.1056,1.0725449871465296,87.7931712264151,0.0,0.0,5.99,6.37,0,74.5704467353952,,0.7423664122137404,1,1,100.0,158,7.5539831185713116,True,0.8403361344537785,,-0.026561451328072583,False,False,独立池,3.89,0.0,22.172128799357093,76.80555978048997,1.0,0.0,76.81,Tier2
600926.SH,600926,杭州银行,20161027,,主板,L,483073762.5,-7.192174913693905,未知,未知,,,16.05,6.1141,5.9249,0.8309,0.4151,11634649.0895,11634649.0895,409465343.79999995,False,0,0,False,False,17.59,16.11,-2.3016353725015315,-0.9821976672805377,-8.300170551449693,False,-7.192174913693905,-3.057119871279157,10.85,12.36,6615750000.0,99.8017,,,52757549000.0,-480.3575,3.9787,0,11634649.0895,409465343.79999995,1.0,1.5,PASS,False,0.2857142857142857,10.85,12.36,2.125,10.85,ESP-Q,6.1141,0.8309,3.9787,0.5635115207373271,87.7931712264151,10.0,0.0,16.05,17.59,0,65.2348224513173,,0.3969465648854962,0,0,5.0,158,-2.3779178225198647,False,-2.3016353725015315,,0.020833324985710146,False,False,独立池,10.85,0.0,22.274777523314697,26.52540224005813,0.7,0.0,28.57,Other
601838.SH,601838,成都银行,20180131,,主板,L,431230985.75,6.052036199095023,未知,未知,,,18.54,5.9157,5.8519,0.8543,0.3963,7858059.15,7858059.15,348535856.59999996,True,0,0,False,False,19.25,17.42,0.1602564102564097,16.09907120743035,-2.5974025974025983,False,6.052036199095023,-3.057119871279157,5.12,3.23,3145992000.0,99.6607,,,32443072000.0,1879.3863,3.1203,0,7858059.15,348535856.59999996,1.0,1.5,PASS,False,0.2857142857142857,5.12,3.23,2.125,5.12,,5.9157,0.8543,3.1203,1.15541015625,87.7931712264151,10.0,0.0,18.54,19.25,0,74.5704467353952,,0.7919847328244275,1,1,100.0,158,10.866293290269063,True,0.1602564102564097,,-0.009512725607662082,False,False,独立池,5.12,0.0,22.19026930660822,76.8091878819402,1.0,0.0,86.81,Tier2
603322.SH,603322,超讯通信,20160728,,主板,L,417419083.5,0.16910935738445598,通信运营,通信,801223.SI,730000,36.37,,,21.7834,5.7601,573143.1771,573143.1771,555317870.0,True,0,0,False,False,40.16,30.84,-0.5874125874125946,-4.38525692762981,-11.50398406374501,False,0.16910935738445598,-3.057119871279157,-17.35,24.6232,41239059.9,98.98,,,124271432.77000001,-115.8194,17.1968,0,573143.1771,555317870.0,1.0,1.5,PASS,False,1.0,-17.35,24.6232,-1.705,-8.675,ESP-Q,,21.7834,17.1968,,167.5491125,0.0,0.0,36.37,40.16,0,98.62542955326461,,0.6153846153846154,0,1,55.0,4,0.07599948773826526,False,-0.5874125874125946,,0.0037736170712135845,False,False,通信运营,-8.675,0.07187894108394595,50.0,67.08762886597938,0.7,0.0,46.96,Other
601881.SH,601881,中国银河,20170123,,主板,L,560565971.9,-2.513747054202675,证券,非银金融,801193.SI,490000,12.13,10.594,10.3426,1.0943,0.7106,13263429.9365,8786265.5767,511833239.2,False,0,0,False,False,13.15,12.23,-0.08051529790660261,-16.318273769386384,-5.627376425855513,False,-2.513747054202675,-3.057119871279157,,25.28,,,,,29980884905.8,1323.0822,2.1851,0,13263429.9365,511833239.2,1.0,1.5,PASS,False,0.07142857142857142,,25.28,30.57,0.0,DATA-INC,10.594,1.0943,2.1851,,30.16254222222222,10.0,0.0,12.13,13.15,0,65.2348224513173,,0.4666666666666667,0,0,5.0,14,-0.19667388347097692,False,-0.08051529790660261,,-0.001795102169424771,False,False,证券,0.0,-0.08786306684458989,32.0,28.470446735395193,1.0,0.0,38.47,Other
002833.SZ,002833,弘亚数控,20161228,,主板,L,189092033.35,9.179793590439989,专用设备,机械设备,801074.SI,640000,20.12,19.8232,19.2425,2.857,2.8324,853555.3031,579917.1645,196030745.20000002,False,0,0,False,False,22.52,17.82,-6.987505784359083,7.200000000000006,-10.746003552397864,False,9.179793590439989,-3.057119871279157,8.82,-20.84,116504736.0,80.2521,,,1020521178.38,90.3639,4.8777,0,853555.3031,196030745.20000002,1.0,1.5,PASS,False,0.5714285714285714,8.82,-20.84,-11.475,4.41,,19.8232,2.857,4.8777,2.2475283446712018,213.18103214285716,10.0,0.0,20.12,22.52,0,83.16151202749141,,0.78125,1,1,75.0,10,13.561909911454045,True,-6.987505784359083,,-0.061599440146313675,False,False,专用设备,4.41,-0.1152747576311585,32.0,68.84845360824742,1.0,0.0,78.85,Tier1
603585.SH,603585,苏利股份,20161214,,主板,L,157370174.70000002,-28.204029147020993,未知,未知,,,17.25,17.6191,18.8521,1.2186,2.2897,339553.0952,333658.7702,73970341.19999999,False,0,0,False,False,24.8,16.72,-7.865786578657863,-23.235563703024752,-32.45967741935484,False,-28.204029147020993,-3.057119871279157,-33.76,1570.9951,22573025.3,104.8546,,,419013874.92,288.2548,0.7923,0,339553.0952,73970341.19999999,1.0,1.5,PASS,False,0.2857142857142857,-33.76,1570.9951,2.125,-35.885,,17.6191,1.2186,0.7923,,87.7931712264151,0.0,0.0,17.25,24.8,0,65.40664375715922,,0.009541984732824428,0,0,5.0,158,-23.389772055846954,False,-7.865786578657863,,-0.03780522646835641,False,False,独立池,-35.885,0.0,21.5855119896712,26.439095525082003,1.0,0.0,26.44,Other
002831.SZ,002831,裕同科技,20161216,,主板,L,543690910.75,16.129876931133815,包装印刷,轻工制造,801141.SI,360000,42.5,24.5685,24.4963,3.1717,4.658,3912182.375,2171678.634,619282615.5999999,True,1,1,False,False,47.5,35.92,6.944779358572473,41.242038216560516,-6.631578947368421,False,16.129876931133815,-3.057119871279157,1.46,0.75,249916858.64,101.6817,,,3519413416.7,214.092,2.01,0,3912182.375,619282615.5999999,1.0,1.5,PASS,False,0.8571428571428571,1.46,0.75,-1.67,0.73,,24.5685,3.1717,2.01,16.8277397260274,117.94202,0.0,0.0,42.5,47.5,0,96.33447880870561,CHASE,0.7857142857142857,1,1,100.0,5,20.690614535883558,True,6.944779358572473,,0.00655758747622744,True,False,包装印刷,0.73,-0.33994246314828824,32.0,85.30034364261168,1.0,0.0,85.3,Tier2
002845.SZ,002845,同兴达,20170125,,主板,L,197424778.29999998,6.318681318681318,光学光电子,电子,801084.SI,270000,15.61,122.433,126.6629,2.0912,8.218,511308.2115,390615.8219,320491498.59999996,False,1,1,False,False,16.66,13.41,6.100068540095971,1.5081967213114833,-7.082833133253297,False,6.318681318681318,-3.057119871279157,-6.65,74.31,-46191756.67,,,,-78299008.83,,-1.7371,0,511308.2115,320491498.59999996,1.0,1.5,PASS,False,0.9761904761904762,-6.65,74.31,-19.355800000000002,-3.325,,122.433,2.0912,-1.7371,,243.17919999999998,0.0,0.0,15.61,16.66,0,90.26345933562429,,0.6521739130434783,0,1,40.0,7,1.4643123866424856,False,6.100068540095971,,0.003815471845807594,False,False,光学光电子,-3.325,0.06020445741862374,50.0,57.07903780068729,1.0,0.0,57.08,Tier2
603990.SH,603990,麦迪科技,20161208,,主板,L,244778359.49999997,8.994708994709,未知,未知,,,16.88,132.0294,266.3774,6.1637,7.1247,517005.2499,517005.2499,276708379.8,True,0,0,False,False,17.1,14.38,-0.48309178743960457,8.994708994709,-3.6257309941520544,False,8.994708994709,-3.057119871279157,26.27,102.2452,3190418.77,82.9475,,,22168044.009999998,-157.3603,0.4596,0,517005.2499,276708379.8,1.0,1.5,PASS,False,0.2857142857142857,26.27,102.2452,2.125,26.27,ESP-Q,132.0294,6.1637,0.4596,5.0258622002283975,87.7931712264151,0.0,0.0,16.88,17.1,0,76.6323024054983,,0.8320610687022901,1,1,100.0,158,13.808966085883041,True,-0.48309178743960457,,0.009039630874277877,False,False,独立池,26.27,0.0,22.502197541048364,77.49013022985916,0.7,0.0,54.24,Tier2
603298.SH,603298,杭叉集团,20161227,,主板,L,235733227.55000004,6.115384615384611,未知,未知,,,27.38,16.3658,16.1057,2.9794,0.3888,3586265.3902,3586265.3902,186335477.39999998,True,0,0,False,False,30.18,25.31,-1.9196587273373589,-8.793388429752069,-8.581842279655405,False,6.115384615384611,-3.057119871279157,10.83,9.36,464727262.3,98.5411,,,5424418598.25,40.0812,3.9891,0,3586265.3902,186335477.39999998,1.0,1.5,PASS,False,0.2857142857142857,10.83,9.36,2.125,10.83,,16.3658,2.9794,3.9891,1.5111542012927055,87.7931712264151,10.0,0.0,27.38,30.18,0,85.2233676975945,,0.7938931297709924,1,1,100.0,158,10.929641706558652,True,-1.9196587273373589,,-0.004584819085817154,False,False,独立池,10.83,0.0,22.274482555717118,80.02190682042178,1.0,0.0,90.02,Tier2
002837.SZ,002837,英维克,20161229,,主板,L,5627819160.450001,-7.745250986510044,专用设备,机械设备,801074.SI,640000,104.94,196.5313,212.5585,29.63,4.6353,10257261.457,9095724.6193,5569891178.6,False,0,0,False,False,111.29,92.16,0.03980495571698217,-7.855178735105406,-9.668433821547318,False,-7.745250986510044,-3.057119871279157,-87.1,17.22,5392856.48,62.2904,,,1094847838.71,-6099.3714,0.2507,0,10257261.457,5569891178.6,1.0,1.5,PASS,False,0.5714285714285714,-87.1,17.22,-11.475,-43.55,ESP-Q,196.5313,29.63,0.2507,,213.18103214285716,0.0,0.0,104.94,111.29,0,76.17411225658648,,0.375,0,0,5.0,10,-3.363134665495987,False,0.03980495571698217,,-0.0163300438316426,False,False,专用设备,-43.55,-0.6934711385346288,22.0,29.752233676975948,0.7,0.0,20.83,Other
002841.SZ,002841,视源股份,20170119,,主板,L,237391810.54999998,4.942339373970328,电子制造,电子,801085.SI,270000,38.41,26.3793,24.3392,2.0432,1.0623,2673399.5493,1995018.3115,211283841.2,False,0,0,False,False,39.98,35.95,-1.9748653500897717,-1.4694508894044889,-4.402201100550274,False,4.942339373970328,-3.057119871279157,82.52,-10.07,190248141.16,77.0548,,,1909308135.4099998,-395.9011,1.8342,0,2673399.5493,211283841.2,1.0,1.5,PASS,False,0.40476190476190477,82.52,-10.07,-24.075000000000003,130.67000000000002,ESP-Q,26.3793,2.0432,1.8342,0.3196715947649055,87.6280681818182,0.0,0.0,38.41,39.98,0,92.43986254295532,,0.5769230769230769,0,1,40.0,8,0.3138706084153231,False,-1.9748653500897717,,-0.025024064027865615,False,False,电子制造,130.67000000000002,0.08116409055445076,50.0,57.73195876288659,0.7,0.0,40.41,Other
603637.SH,603637,镇海股份,20170208,,主板,L,220080969.3,15.062213490504273,专业工程,建筑装饰,801724.SI,620000,18.22,65.7726,74.5816,4.1662,3.5918,434885.6679,434885.6679,164205147.6,True,1,0,False,False,18.8,15.15,1.678240740740744,30.92399403874815,-6.542553191489365,False,15.062213490504273,-3.057119871279157,,-30.85,,,,,124730486.13,,-0.1802,0,434885.6679,164205147.6,1.0,1.5,PASS,False,0.35714285714285715,,-30.85,-13.35,0.0,DATA-INC,65.7726,4.1662,-0.1802,,69.65643999999999,0.0,0.0,18.22,18.8,0,97.0217640320733,CHASE,0.875,1,1,100.0,5,23.363049955731935,True,1.678240740740744,,0.005029863104701971,True,False,专业工程,0.0,-0.3829186300028642,32.0,85.50652920962199,1.0,0.0,85.51,Tier2
603218.SH,603218,日月股份,20161228,,主板,L,201748109.54999998,-16.81537405628003,未知,未知,,,12.27,22.847,24.4316,1.212,1.1886,1264228.7138,1262505.0855,129191933.60000002,False,0,0,False,False,14.86,12.11,-3.809523809523818,-13.490364025695934,-18.438761776581426,False,-16.81537405628003,-3.057119871279157,-28.95,56.77,74793612.24,88.1097,,,1259808150.79,60.5896,0.8172,0,1264228.7138,129191933.60000002,1.0,1.5,PASS,False,0.2857142857142857,-28.95,56.77,2.125,-31.075,,22.847,1.212,0.8172,,87.7931712264151,0.0,0.0,12.27,14.86,0,79.03780068728523,,0.07061068702290077,0,0,5.0,158,-12.001116965105991,False,-3.809523809523818,,0.027674272983433685,False,False,独立池,-31.075,0.0,21.656451696889025,30.542630545563373,1.0,0.0,30.54,Other
603823.SH,603823,百合花,20161220,,主板,L,231248403.4,38.518064911206395,化学制品,化工,801034.SI,220000,23.18,57.8162,58.8206,3.8539,3.5672,965140.3379,965140.3379,458743447.00000006,True,1,1,False,False,24.49,15.79,10.233918128654974,31.58813263525304,-7.635769701919138,False,38.518064911206395,-3.057119871279157,-10.63,0.81,39849658.77,92.8064,,,422813473.55,133.9827,1.7294,0,965140.3379,458743447.00000006,1.0,1.5,PASS,False,0.2619047619047619,-10.63,0.81,5.17,-15.8,,57.8162,3.8539,1.7294,,72.11200512820513,0.0,0.0,23.18,24.49,0,50.0,COV-LOW,0.9795918367346939,1,1,100.0,15,39.78745842319511,True,10.233918128654974,OVERHEAT,-0.0011010294573985304,True,True,化学制品,-15.8,-0.05748961365503797,32.0,71.4,1.0,0.0,71.4,Tier2
603228.SH,603228,景旺电子,20170106,,主板,L,3366982000.5499997,15.083627435936787,元件,电子,801083.SI,270000,82.5,66.0054,71.3456,6.3664,4.5722,8125070.6873,8050312.1573,3000877242.6,False,1,0,False,False,81.0,63.6,4.997900041999159,17.9245283018868,-7.4074074074074066,False,15.083627435936787,-3.057119871279157,-18.29,-3.15,189470873.32,81.4278,,,1986109313.3899999,100.2927,1.7643,0,8125070.6873,3000877242.6,1.0,1.5,PASS,False,0.7380952380952381,-18.29,-3.15,13.02,-31.31,,66.0054,6.3664,1.7643,,255.29024,0.0,0.0,82.5,81.0,0,87.0561282932417,CHASE,0.5384615384615384,0,1,40.0,8,0.7042068803615571,False,4.997900041999159,,-0.015400983226194003,True,False,元件,-31.31,-0.386346923073169,32.0,52.51683848797251,1.0,0.0,52.52,Tier2
002960.SZ,002960,青鸟智控,20190809,,主板,L,222590498.15000004,-20.06773920406436,专用设备,机械设备,801074.SI,640000,9.53,31.419,31.841,1.6315,2.107,1004209.0986,922714.5472,227488478.20000002,True,0,0,False,False,12.68,9.4,-3.673469387755113,-19.45392491467578,-25.552050473186128,False,-20.06773920406436,-3.057119871279157,-25.6,-8.68,47454730.2,73.3359,,,724000511.23,-349.8696,1.0196,0,1004209.0986,227488478.20000002,1.0,1.5,PASS,False,0.5714285714285714,-25.6,-8.68,-11.475,-12.8,ESP-Q,31.419,1.6315,1.0196,,213.18103214285716,0.0,0.0,9.53,12.68,0,86.71248568155785,,0.09375,0,0,5.0,10,-15.685622883050303,False,-3.673469387755113,,-0.027906515292171395,False,False,专用设备,-12.8,-0.322755152029589,32.0,34.91374570446735,0.7,0.0,24.44,Other
603638.SH,603638,艾迪精密,20170120,,主板,L,247749667.00000006,14.234234234234243,未知,未知,,,25.45,53.7276,47.7392,5.8067,1.0568,2115121.0215,2115121.0215,262873662.0,True,0,0,False,False,26.86,21.32,-2.9468044393417547,4.147843942505136,-5.584512285927035,False,14.234234234234243,-3.057119871279157,46.53,13.32,127519890.36,84.2052,,,785298239.71,5.0329,4.0409,0,2115121.0215,262873662.0,1.0,1.5,PASS,False,0.2857142857142857,46.53,13.32,2.125,46.53,,53.7276,5.8067,4.0409,1.1546872985170857,87.7931712264151,0.0,0.0,25.45,26.86,0,74.5704467353952,,0.8797709923664122,1,1,100.0,158,19.048491325408285,True,-2.9468044393417547,,-0.009795616878412019,False,False,独立池,46.53,0.0,22.800999717396227,76.9313339640978,1.0,0.0,76.93,Tier2
601020.SH,601020,华钰矿业,20160316,,主板,L,1031852405.05,-18.944478340451496,工业金属,有色金属,801055.SI,240000,26.9,25.3316,25.7787,5.1294,2.346,2205705.0376,2205705.0376,771446408.8,True,0,0,False,False,34.08,26.5,-2.8874269005847886,-21.320698845128817,-22.036384976525813,False,-18.944478340451496,-3.057119871279157,-28.61,78.72,33216155.86,108.7002,,,1026033106.12,-459.3285,0.7084,0,2205705.0376,771446408.8,1.0,1.5,PASS,False,0.14285714285714285,-28.61,78.72,60.27,-88.88,ESP-Q,25.3316,5.1294,0.7084,,36.771677777777775,0.0,0.0,26.9,34.08,0,62.42840778923253,,0.03571428571428571,0,0,5.0,9,-12.786405740987941,False,-2.8874269005847886,,-6.225481826832624e-05,False,False,工业金属,-88.88,-0.8742913420987994,22.0,25.628522336769755,0.7,0.0,17.94,Other
603039.SH,603039,DR泛微网,20170113,,主板,L,534591441.8500001,-9.751523675574303,未知,未知,,,38.4,40.9203,36.3816,4.4942,2.7718,1181334.3206,1181334.3206,518847263.3999999,True,0,0,False,False,49.99,37.12,-17.910447761194025,-20.40520984081041,-22.984596919383883,False,-9.751523675574303,-3.057119871279157,109.45,60.52,49863193.45,80.2552,,,403351214.84,-222.6362,2.4492,0,1181334.3206,518847263.3999999,1.0,1.5,PASS,False,0.2857142857142857,109.45,60.52,2.125,109.45,ESP-Q,40.9203,4.4942,2.4492,0.37387208771128366,87.7931712264151,0.0,0.0,38.4,49.99,0,74.5704467353952,,0.29961832061068705,0,0,5.0,158,-4.937266584400263,False,-17.910447761194025,,0.007217804297872807,False,False,独立池,109.45,0.0,23.7289677793808,29.616927576494717,0.7,0.0,20.73,Other
603037.SH,603037,凯众股份,20170120,,主板,L,175843607.1,-0.06788866259334059,汽车零部件,汽车,801093.SI,280000,14.83,53.7948,56.0792,3.9845,7.4705,395844.2879,394693.2426,287515291.40000004,True,1,1,False,False,15.62,13.33,-4.041720990873532,-10.841913991520292,-5.761843790012799,False,-0.06788866259334059,-3.057119871279157,-17.85,-18.98,9970381.18,104.6762,,,149744826.89,-254.9091,0.9317,1,395844.2879,287515291.40000004,1.0,1.5,PASS,False,0.47619047619047616,-17.85,-18.98,-7.74,-8.925,ESP-Q,53.7948,3.9845,0.9317,,70.26558985507246,0.0,0.0,14.83,15.62,10,50.0,COV-LOW,0.44594594594594594,0,1,55.0,23,-1.9352324253317454,False,-4.041720990873532,,0.03682235571980645,False,False,汽车零部件,-8.925,0.01266590592077665,50.0,52.5,0.7,10.0,26.75,Other
603881.SH,603881,数据港,20170208,,主板,L,2643164336.7,-0.7878151260504174,通信运营,通信,801223.SI,730000,38.6,199.8697,198.8342,8.2405,5.4361,2772935.2161,2772935.2161,2992020886.4,True,0,0,False,False,44.96,36.31,-6.739076771167607,-3.0785017957926986,-15.969750889679712,False,-0.7878151260504174,-3.057119871279157,4.37,-15.17,42155963.75,94.1433,,,319735919.58,439.3529,1.3396,0,2772935.2161,2992020886.4,1.0,1.5,PASS,False,1.0,4.37,-15.17,-1.705,2.185,,199.8697,8.2405,1.3396,45.73677345537757,167.5491125,0.0,0.0,38.6,44.96,0,84.5360824742268,,0.46153846153846156,0,1,55.0,4,-0.8809249956966081,False,-6.739076771167607,,0.0036948666602323785,False,False,通信运营,2.185,0.09302286309093491,50.0,62.860824742268036,1.0,0.0,62.86,Tier1
603626.SH,603626,科森科技,20170209,,主板,L,1088907714.6000001,15.673848753696639,电子制造,电子,801085.SI,270000,28.06,,121.8427,6.837,8.7929,1556992.4101,1556992.4101,1255593854.2,True,0,0,False,False,28.99,21.88,7.16242661448141,2.6236881559220437,-5.553639185926185,False,15.673848753696639,-3.057119871279157,6.4273,0.7023,-87584451.48,-22.7213,,,-844043966.88,-13.9918,18.4742,0,1556992.4101,1255593854.2,1.0,1.5,PASS,False,0.40476190476190477,6.4273,0.7023,-24.075000000000003,3.21365,ESP-Q,,6.837,18.4742,,87.6280681818182,0.0,0.0,28.06,28.99,0,88.31615120274914,CHASE,0.7692307692307693,1,1,100.0,8,11.045379988141633,True,7.16242661448141,,-0.0067468421290042884,True,False,电子制造,3.21365,-0.2938185393522793,32.0,82.89484536082475,0.7,0.0,58.03,Tier2
002850.SZ,002850,科达利,20170302,,主板,L,1199992018.9999998,-0.04828585224528892,未知,未知,,,206.05,32.3334,31.0346,4.1719,2.0405,5703702.338,4123890.4076,1269503209.8,False,0,0,False,False,216.66,182.33,6.415792720542868,18.910845588235283,-4.458598726114649,False,-0.04828585224528892,-3.057119871279157,27.19,19.96,448908745.72,97.3486,,,4029944524.37,43.5007,3.3842,0,5703702.338,1269503209.8,1.0,1.5,PASS,False,0.2857142857142857,27.19,19.96,2.125,27.19,,32.3334,4.1719,3.3842,1.1891651342405294,87.7931712264151,0.0,0.0,206.05,216.66,0,94.04352806414661,,0.6812977099236641,0,1,40.0,158,4.765971238928751,False,6.415792720542868,,0.02765339235539736,False,False,独立池,27.19,0.0,22.515766050537014,52.716211629351385,1.0,0.0,52.72,Tier2
603040.SH,603040,新坐标,20170209,,主板,L,223287501.49999994,9.11270983213428,汽车零部件,汽车,801093.SI,280000,94.0,48.0669,48.1911,8.2478,3.9962,1282685.4224,1275994.9724,391246329.0,True,1,1,False,False,94.16,74.0,9.770808202653791,-10.450698681361937,-3.3559898045879333,False,9.11270983213428,-3.057119871279157,0.15,31.63,62181248.17,94.0301,,,641641168.56,70.393,4.3292,0,1282685.4224,391246329.0,1.0,1.5,PASS,False,0.47619047619047616,0.15,31.63,-7.74,0.075,,48.0669,8.2478,4.3292,320.44599999999997,70.26558985507246,0.0,0.0,94.0,94.16,0,37.57159221076747,CAT-0,0.7837837837837838,1,1,100.0,23,7.2453660693958755,True,9.770808202653791,OVERHEAT,0.01508513710234642,False,True,汽车零部件,0.075,0.04657075820409474,50.0,71.27147766323024,0.5,0.0,35.64,Other
002867.SZ,002867,周大生,20170427,,主板,L,172789297.9,0.07987220447285281,未知,未知,,,12.38,12.1808,11.7413,1.9835,0.6361,1343816.6795,1335921.8434,109694190.60000001,False,1,0,False,False,13.97,12.11,-0.7917656373713444,0.32025620496396456,-10.307802433786694,False,0.07987220447285281,-3.057119871279157,16.14,7.52,280896916.37,95.7341,,,2776691804.41,-52.7976,4.4264,0,1343816.6795,109694190.60000001,1.0,1.5,PASS,False,0.2857142857142857,16.14,7.52,2.125,16.14,ESP-Q,12.1808,1.9835,4.4264,0.7546964064436182,87.7931712264151,10.0,0.0,12.38,13.97,0,81.09965635738831,,0.6870229007633588,0,1,40.0,158,4.894129295646893,False,-0.7917656373713444,,-0.0019111439400934251,False,False,独立池,16.14,0.0,22.352796452874433,48.80045619779138,0.7,0.0,44.16,Other
603360.SH,603360,百傲化学,20170206,,主板,L,496643713.7999999,-1.506906655504392,未知,未知,,,23.29,78.4077,95.3569,11.6647,2.4783,1644794.8902,1644794.8902,618961516.0000001,True,2,1,False,False,25.35,18.5,14.780487804878062,-20.907563025210084,-7.179487179487176,False,-1.506906655504392,-3.057119871279157,-66.77,-35.94,18557088.61,93.5882,,,436495246.91,-196.9631,1.4173,0,1644794.8902,618961516.0000001,1.0,1.5,PASS,False,0.2857142857142857,-66.77,-35.94,2.125,-68.895,ESP-Q,78.4077,11.6647,1.4173,,87.7931712264151,0.0,0.0,23.29,25.35,0,74.5704467353952,,0.6202290076335878,0,0,5.0,158,3.3073504356696484,False,14.780487804878062,OVERHEAT,0.03470658321812862,False,True,独立池,-68.895,0.0,21.098667969866515,29.09086761459186,0.7,0.0,20.36,Other
603032.SH,603032,德新科技,20170105,,主板,L,389708006.8,1.0118785745710568,未知,未知,,,23.25,127.4177,78.8845,4.6362,4.758,542253.705,538964.853,333236826.2,False,0,0,False,False,26.48,21.6,1.3239187996469504,21.28895932382462,-13.293051359516618,False,1.0118785745710568,-3.057119871279157,1790.5064,121.9633,24917498.04,99.2396,,,113609526.75999999,82.5977,2.1718,0,542253.705,333236826.2,1.0,1.5,PASS,False,0.2857142857142857,1790.5064,121.9633,2.125,1790.5064,,127.4177,4.6362,2.1718,0.07116294027209286,87.7931712264151,0.0,0.0,23.25,26.48,0,65.2348224513173,,0.7061068702290076,1,1,75.0,158,5.826135665745097,True,1.3239187996469504,,-0.02475872011083058,False,False,独立池,1790.5064,0.0,48.52182616454872,66.77481196830493,1.0,0.0,66.77,Tier2
000166.SZ,000166,申万宏源,20150126,,主板,L,413431347.35,-4.893617021276608,证券,非银金融,801193.SI,490000,4.42,11.6413,11.1953,0.9655,0.4332,11067655.4955,9960694.2337,481148785.2,False,0,0,False,False,4.82,4.43,-1.541850220264318,-10.77844311377245,-7.261410788381751,False,-4.893617021276608,-3.057119871279157,19.21,85.99,2325276776.03,98.6933,,,23924788385.1,273.2933,2.0829,0,11067655.4955,481148785.2,1.0,1.5,PASS,False,0.07142857142857142,19.21,85.99,30.57,-11.36,,11.6413,0.9655,2.0829,0.6060020822488287,30.16254222222222,10.0,0.0,4.42,4.82,0,65.2348224513173,,0.24444444444444444,0,0,5.0,14,-2.5765438505449096,False,-1.541850220264318,,0.013378487089140774,False,False,证券,-11.36,-0.2424087082819995,32.0,28.470446735395193,1.0,0.0,38.47,Other
002846.SZ,002846,英联股份,20170207,,主板,L,246916622.40000007,-17.80233271945978,包装印刷,轻工制造,801141.SI,360000,13.37,159.1079,152.7014,3.9397,3.0855,561531.4913,347827.9717,89956988.0,True,1,0,False,False,17.8,13.37,-5.770584095707254,-15.413771320277947,-24.775280898876407,False,-17.80233271945978,-3.057119871279157,14.0,152.91,9808870.94,78.3192,,,79787441.96000001,882.7375,0.8826,0,561531.4913,89956988.0,1.0,1.5,PASS,False,0.8571428571428571,14.0,152.91,-1.67,17.34,ESP-Q,159.1079,3.9397,0.8826,11.36485,117.94202,0.0,0.0,13.37,17.8,0,19.587628865979383,CAT-0,0.14285714285714285,0,0,5.0,5,-13.241595114710037,False,-5.770584095707254,,-0.04503834428802527,False,False,包装印刷,17.34,-0.19712700399966843,32.0,14.776288659793815,0.35,0.0,5.17,Other
002847.SZ,002847,盐津铺子,20170208,,主板,L,217365441.75,3.51740477492255,未知,未知,,,56.89,20.7298,19.37,7.1493,1.0318,1551445.3638,1397908.2652,250567038.2,True,1,0,False,False,61.2,53.63,1.4285714285714235,-14.264150943396226,-7.189542483660139,False,3.51740477492255,-3.057119871279157,30.45,25.86,203847025.41,88.3438,,,1806631327.27,125.2097,10.7253,0,1551445.3638,250567038.2,1.0,1.5,PASS,False,0.2857142857142857,30.45,25.86,2.125,30.45,,20.7298,7.1493,10.7253,0.6807816091954023,87.7931712264151,0.0,0.0,56.89,61.2,0,70.79037800687286,,0.7557251908396947,1,1,100.0,158,8.33166186609659,True,1.4285714285714235,,-0.029177292727730775,False,False,独立池,30.45,0.0,22.563845768942446,75.74988255585035,1.0,0.0,75.75,Tier2
603217.SH,603217,元利科技,20190620,,主板,L,180545435.69999996,3.4294053265231605,化学制品,化工,801034.SI,220000,28.63,30.8488,28.7471,1.7205,1.8533,595754.7988,595754.7988,181159533.4,True,0,0,False,False,33.24,26.63,-12.688635663689551,11.79022082018928,-14.71119133574007,False,3.4294053265231605,-3.057119871279157,30.53,-6.57,58327759.25,96.0704,,,498529663.57000005,-144.618,1.7692,0,595754.7988,181159533.4,1.0,1.5,PASS,False,0.2619047619047619,30.53,-6.57,5.17,30.53,ESP-Q,30.8488,1.7205,1.7692,1.0104421880117918,72.11200512820513,0.0,0.0,28.63,33.24,0,50.0,COV-LOW,0.6530612244897959,0,1,55.0,15,4.698798838511875,False,-12.688635663689551,,0.004404624097264571,False,False,化学制品,30.53,0.04697594694932593,50.0,52.5,0.7,0.0,36.75,Other
603337.SH,603337,杰克科技,20170119,,主板,L,178540357.9,2.6663344131572453,专用设备,机械设备,801074.SI,640000,43.36,24.1339,23.8285,3.8444,2.0741,2065721.0922,2054073.729,256901455.20000002,True,0,0,False,False,44.55,36.99,-1.0091302258529389,-7.436531116602996,-7.519640852974174,False,2.6663344131572453,-3.057119871279157,2.59,2.54,231385250.84,90.145,,,1633955945.1,111.8885,4.8966,0,2065721.0922,256901455.20000002,1.0,1.5,PASS,False,0.5714285714285714,2.59,2.54,-11.475,1.295,,24.1339,3.8444,4.8966,9.31810810810811,213.18103214285716,10.0,0.0,43.36,44.55,0,83.16151202749141,,0.65625,0,1,55.0,10,7.048450734171302,True,-1.0091302258529389,,0.011542424689400508,False,False,专用设备,1.295,-0.15282858845923003,32.0,58.848453608247425,1.0,0.0,68.85,Tier1
002849.SZ,002849,威星智能,20170217,,主板,L,163455161.95000002,-1.9101123595505642,通用机械,机械设备,801072.SI,640000,17.69,72.3444,74.6107,2.8344,3.765,390301.5743,387139.6071,210952159.6,True,0,0,False,False,19.78,16.78,-2.2943480693900398,-5.211726384364823,-11.729019211324577,False,-1.9101123595505642,-3.057119871279157,-9.29,47.72,24465328.86,96.1275,,,176463082.01,-97.0312,1.8657,0,390301.5743,210952159.6,1.0,1.5,PASS,False,0.5952380952380952,-9.29,47.72,-0.595,-4.645,ESP-Q,72.3444,2.8344,1.8657,,108.90780749999999,0.0,0.0,17.69,19.78,0,98.62542955326461,,0.3673469387755102,0,0,5.0,15,-4.01056898055514,False,-2.2943480693900398,,0.007133317796720061,False,False,通用机械,-4.645,0.13206353132732476,50.0,42.08762886597938,0.7,0.0,29.46,Other
600996.SH,600996,贵广网络,20161226,,主板,L,312070283.5,2.5374855824682907,未知,未知,,,8.75,,,6.953,3.153,1090949.8723,1090949.8723,521404129.59999996,True,1,1,False,False,9.89,8.15,7.4969770253930035,1.3683010262257822,-10.11122345803842,False,2.5374855824682907,-3.057119871279157,-1.39,-19.0158,-281453457.09,,,,-3169764038.83,,-15.6143,0,1090949.8723,521404129.59999996,1.0,1.5,PASS,False,0.2857142857142857,-1.39,-19.0158,2.125,-3.5149999999999997,,,6.953,-15.6143,,87.7931712264151,0.0,0.0,8.75,9.89,0,92.43986254295532,,0.7347328244274809,1,1,100.0,158,7.351742673642331,True,7.4969770253930035,,0.017026216338751936,False,False,独立池,-3.5149999999999997,0.0,22.062917046353345,82.14454217215726,1.0,0.0,82.14,Tier2
603393.SH,603393,新天然气,20160912,,主板,L,323590089.09999996,-13.165769000598448,燃气,公用事业,801163.SI,410000,28.76,15.11,21.218,1.2942,1.7377,1219197.7365,1217184.548,336372833.2,True,0,0,False,False,34.56,29.0,-5.101373446697188,-8.135485913263697,-16.030092592592602,False,-13.165769000598448,-3.057119871279157,-58.96,-36.9,146926441.82,101.2425,,,2189332308.42,197.8538,1.5615,0,1219197.7365,336372833.2,1.0,1.5,PASS,False,0.23809523809523808,-58.96,-36.9,-1.23,-29.48,,15.11,1.2942,1.5615,,177.38852,0.0,0.0,28.76,34.56,0,65.2348224513173,,0.25,0,0,5.0,4,-11.888383208464804,False,-5.101373446697188,,0.0038820731210533646,False,False,燃气,-29.48,-0.5138398875158078,22.0,26.470446735395193,1.0,0.0,26.47,Other
603138.SH,603138,海量数据,20170306,,主板,L,281267745.59999996,-10.204081632653061,未知,未知,,,17.98,,,6.5319,3.7158,528383.1326,518440.4443,231153956.59999996,True,0,0,False,False,22.0,17.48,-5.121293800539084,-15.910176779741992,-19.999999999999996,False,-10.204081632653061,-3.057119871279157,-127.1876,28.2689,-44159178.32,,,,-228633532.98000002,,-5.0486,0,528383.1326,231153956.59999996,1.0,1.5,PASS,False,0.2857142857142857,-127.1876,28.2689,2.125,-129.3126,,,6.5319,-5.0486,,87.7931712264151,0.0,0.0,17.98,22.0,0,84.3069873997709,,0.28053435114503816,0,0,5.0,158,-5.389824541479021,False,-5.121293800539084,,0.0012905006778641383,False,False,独立池,-129.3126,0.0,20.207606253691065,31.833617470669484,1.0,0.0,31.83,Other
603960.SH,603960,克来机电,20170314,,主板,L,274625960.45,-13.64365971107545,未知,未知,,,23.67,225.0064,292.8432,5.5125,5.6103,620622.4293,620622.4293,211529387.60000002,False,0,0,False,False,24.96,21.5,-7.241379310344831,-19.55140186915888,-13.782051282051288,False,-13.64365971107545,-3.057119871279157,-62.26,-56.25,2305956.89,81.5987,,,39007052.25,968.8013,0.2513,0,620622.4293,211529387.60000002,1.0,1.5,PASS,False,0.2857142857142857,-62.26,-56.25,2.125,-64.38499999999999,,225.0064,5.5125,0.2513,,87.7931712264151,0.0,0.0,23.67,24.96,0,87.0561282932417,,0.16030534351145037,0,0,5.0,158,-8.82940261990141,False,-7.241379310344831,,-0.014660002520365418,False,False,独立池,-64.38499999999999,0.0,21.165183163120652,32.849875120596636,1.0,0.0,32.85,Other
603903.SH,603903,中持股份,20170314,,主板,L,198625261.35000005,11.338448422847392,未知,未知,,,12.76,,,2.2797,5.8883,325787.6565,325787.6565,342810579.0,True,2,1,False,False,15.05,11.58,-5.4308472121651015,2.9156816390859097,-13.222591362126245,False,11.338448422847392,-3.057119871279157,,20.5229,,,,,-63188758.6,-141.8912,1.2141,0,325787.6565,342810579.0,1.0,1.5,PASS,False,0.2857142857142857,,20.5229,2.125,0.0,DATA-INC,,2.2797,1.2141,,87.7931712264151,0.0,0.0,12.76,15.05,0,43.52806414662085,,0.8549618320610687,1,1,100.0,158,16.152705514021434,True,-5.4308472121651015,,-0.004893871268335996,False,False,独立池,0.0,0.0,22.114757601627915,67.48137076431183,1.0,0.0,67.48,Tier2
603991.SH,603991,至正股份,20170308,,主板,L,359794346.15,-0.8659478733339054,半导体,电子,801081.SI,270000,117.31,,963.3848,5.0963,3.8265,1791437.608,874370.0615,386170396.8,False,0,0,False,False,130.51,105.64,-7.0598535498249015,25.249383245736333,-10.52792889433759,False,-0.8659478733339054,-3.057119871279157,446.2196,-170.9962,51191927.28,100.4481,,,-99432436.94,94.3882,1.4535,0,1791437.608,386170396.8,1.0,1.5,PASS,False,0.8333333333333334,446.2196,-170.9962,20.14,446.2196,ESP-Q,,5.0963,1.4535,,137.7359375,0.0,0.0,117.31,130.51,0,82.7033218785796,,0.10714285714285714,0,1,40.0,9,-19.751735399898127,False,-7.0598535498249015,,-0.010269388838307126,False,False,半导体,446.2196,0.7284328560018815,50.0,54.81099656357388,0.7,0.0,38.37,Other
002875.SZ,002875,安奈儿,20170601,,主板,L,241369989.30000007,-7.088926174496645,服装家纺,纺织服装,801132.SI,350000,22.85,,,7.8795,3.3904,486743.5525,416870.7774,150674890.19999996,True,1,0,False,False,26.8,21.6,-7.283382168271246,16.27296587926508,-17.350746268656724,False,-7.088926174496645,-3.057119871279157,259.09,9.71,14062929.86,93.6576,,,-186306801.06,24.2476,2.4606,0,486743.5525,150674890.19999996,1.0,1.5,PASS,False,0.09523809523809523,259.09,9.71,17.65,259.09,ESP-Q,,7.8795,2.4606,,126.22243636363636,0.0,0.0,22.85,26.8,0,44.67353951890035,,0.26666666666666666,0,0,5.0,5,-13.42039731043706,False,-7.283382168271246,,-0.04349086293609042,False,False,服装家纺,259.09,0.8436500491039196,50.0,25.902061855670105,0.7,0.0,18.13,Other
002774.SZ,002774,快意电梯,20170324,,主板,L,160754456.15,4.395604395604402,专用设备,机械设备,801074.SI,640000,12.78,60.022,73.5755,3.8655,4.8952,430287.1362,360099.7404,119060368.80000001,True,0,0,False,False,13.69,11.1,-3.21316614420063,7.954545454545459,-9.788166544923305,False,4.395604395604402,-3.057119871279157,-145.81,-49.57,-3728903.98,,,,105037704.26,-7634.2395,-0.1626,0,430287.1362,119060368.80000001,1.0,1.5,PASS,False,0.5714285714285714,-145.81,-49.57,-11.475,-72.905,ESP-Q,60.022,3.8655,-0.1626,,213.18103214285716,0.0,0.0,12.78,13.69,0,91.40893470790378,,0.6875,0,1,55.0,10,8.77772071661846,True,-3.21316614420063,,-0.0061986458618854354,False,False,专用设备,-72.905,-1.0473692778470012,22.0,59.322680412371135,0.7,0.0,41.53,Other
603078.SH,603078,江化微,20170410,,主板,L,981587248.15,45.099667774086384,未知,未知,,,34.25,126.0163,123.702,6.6202,12.0754,1320807.5744,1320807.5744,1855399303.5999997,False,1,1,False,False,38.5,23.27,15.504132231404943,40.040080160320635,-9.246753246753247,False,45.099667774086384,-3.057119871279157,10.07,5.19,26474436.88,92.0002,,,237749136.8,112.897,1.4537,0,1320807.5744,1855399303.5999997,1.0,1.5,PASS,False,0.2857142857142857,10.07,5.19,2.125,10.07,,126.0163,6.6202,1.4537,12.5140317775571,87.7931712264151,0.0,0.0,34.25,38.5,0,94.27262313860251,CHASE,0.982824427480916,1,1,75.0,158,49.91392486526043,True,15.504132231404943,OVERHEAT,-0.010065138286434792,True,True,独立池,10.07,0.0,22.263273787009105,70.23444169898258,1.0,0.0,70.23,Tier2
603396.SH,603396,金辰股份,20171018,,主板,L,159000805.5,-4.551724137931035,未知,未知,,,35.67,88.4111,91.1603,1.8866,2.5431,494127.514,494127.514,159748831.2,False,0,0,False,False,39.14,33.87,-5.438644438371143,-16.28357125574642,-11.599386816555946,False,-4.551724137931035,-3.057119871279157,6.95,-24.35,22050399.18,101.1635,,,158122531.73,-161.6231,0.8358,0,494127.514,159748831.2,1.0,1.5,PASS,False,0.2857142857142857,6.95,-24.35,2.125,6.95,ESP-Q,88.4111,1.8866,0.8358,12.721021582733814,87.7931712264151,0.0,0.0,35.67,39.14,0,94.04352806414661,,0.5133587786259542,0,0,5.0,158,0.26253295324300563,False,-5.438644438371143,,-0.0048003210405791474,False,False,独立池,6.95,0.0,22.21725884178673,35.15651018760133,0.7,0.0,24.61,Other
002961.SZ,002961,瑞达期货,20190905,,主板,L,230384537.04999998,-6.077795786061591,多元金融,非银金融,801191.SI,490000,23.19,20.2213,16.5199,2.7657,1.1737,1106008.6311,1106003.4134,215311765.4,False,0,0,False,False,27.21,23.13,-7.094188376753507,-1.8628281117696877,-14.810731348768835,False,-6.077795786061591,-3.057119871279157,139.98,45.52,194238720.92,95.3996,,,1351330022.6599998,-314.6808,5.2507,0,1106008.6311,215311765.4,1.0,1.5,PASS,False,0.19047619047619047,139.98,45.52,15.68,139.98,ESP-Q,20.2213,2.7657,5.2507,0.1444584940705815,47.574976923076925,0.0,0.0,23.19,27.21,0,72.5085910652921,,0.6428571428571429,0,0,5.0,5,1.6757779635642507,False,-7.094188376753507,,-0.034621229896492876,False,False,多元金融,139.98,0.5279246774341757,50.0,34.25257731958763,0.7,0.0,23.98,Other
603179.SH,603179,新泉股份,20170317,,主板,L,1971829640.1,-3.264094955489616,汽车零部件,汽车,801093.SI,280000,61.1,53.5383,54.1859,5.8921,8.6631,4363753.7515,4363753.7515,2802828647.6,True,1,0,False,False,81.57,55.88,-16.646480958148302,-24.738760631834754,-24.065220056393276,False,-3.264094955489616,-3.057119871279157,-4.29,-16.5,200394542.54,98.4746,,,2040902739.4,43.7132,2.7185,0,4363753.7515,2802828647.6,1.0,1.5,PASS,False,0.47619047619047616,-4.29,-16.5,-7.74,-2.145,,53.5383,5.8921,2.7185,,70.26558985507246,0.0,0.0,61.1,81.57,0,87.0561282932417,,0.35135135135135137,0,0,5.0,23,-5.13143871822802,False,-16.646480958148302,,0.013264685204974994,False,False,汽车零部件,-2.145,0.038207561307542943,50.0,38.61683848797251,1.0,0.0,38.62,Other
603920.SH,603920,世运电路,20170426,,主板,L,2957594336.8999996,5.549075154140981,元件,电子,801083.SI,270000,66.65,70.22,88.8172,7.3761,7.4288,4802747.7928,4802747.7928,3075948360.2,True,0,0,False,False,69.35,50.68,-0.9073842302878554,2.0132066355290634,-8.66618601297764,False,5.549075154140981,-3.057119871279157,-75.82,-7.79,41247260.63,112.5979,,,1541956450.56,740.0405,0.5619,0,4802747.7928,3075948360.2,1.0,1.5,PASS,False,0.7380952380952381,-75.82,-7.79,13.02,-88.83999999999999,,70.22,7.3761,0.5619,,255.29024,0.0,0.0,66.65,69.35,0,87.0561282932417,,0.38461538461538464,0,1,55.0,8,-8.830345401434249,False,-0.9073842302878554,,-0.006782443200834838,False,False,元件,-88.83999999999999,-0.4936894904719346,32.0,60.01683848797251,1.0,0.0,60.02,Tier2
603803.SH,603803,瑞斯康达,20170420,,主板,L,772251558.9499999,-4.542504866969499,通信设备,通信,801102.SI,730000,15.07,,,4.1671,6.2154,640299.5204,640299.5204,532977485.80000013,True,2,0,False,False,17.71,13.2,-9.809932556713663,41.035474592521595,-16.939582156973465,False,-4.542504866969499,-3.057119871279157,126.8461,38.2922,5671177.43,82.8857,,,-142426474.12,-1161.238,0.4459,0,640299.5204,532977485.80000013,1.0,1.5,PASS,False,0.9523809523809523,126.8461,38.2922,15.0872,126.8461,ESP-Q,,4.1671,0.4459,,156.39837500000002,0.0,0.0,15.07,17.71,0,65.2348224513173,,0.3333333333333333,0,0,5.0,8,-5.384356423557973,False,-9.809932556713663,,-0.005768193324032435,False,False,通信设备,126.8461,0.26815620456230926,50.0,32.070446735395194,0.7,0.0,22.45,Other
603050.SH,603050,科林电气,20170414,,主板,L,240750961.39999998,16.75126903553299,未知,未知,,,22.97,35.9113,40.6933,5.0376,2.0008,926424.1863,926424.1863,279515812.4,True,0,0,False,False,26.5,18.58,1.590106007067127,5.747126436781613,-13.207547169811317,False,16.75126903553299,-3.057119871279157,-47.16,60.84,34656247.31,81.7558,,,595141574.51,-306.159,2.2331,1,926424.1863,279515812.4,1.0,1.5,PASS,False,0.2857142857142857,-47.16,60.84,2.125,-49.285,ESP-Q,35.9113,5.0376,2.2331,,87.7931712264151,0.0,0.0,22.97,26.5,10,87.0561282932417,CHASE,0.8969465648854962,1,1,100.0,158,21.565526126707027,True,1.590106007067127,,-0.005289061099963863,True,False,独立池,-49.285,0.0,21.387883699293045,80.39441522783112,0.7,10.0,46.28,Other
002906.SZ,002906,华阳集团,20171013,,主板,L,281234657.3,-2.8077753779697567,汽车零部件,汽车,801093.SI,280000,32.06,21.5312,21.2517,2.441,2.3615,1682890.4454,1681907.9411,384281437.8,True,0,0,False,False,32.8,29.79,-0.31645569620253333,-2.927580893682602,-3.963414634146334,False,-2.8077753779697567,-3.057119871279157,5.89,19.1,158753729.72,95.7752,,,1774348739.6799998,91.8129,2.3423,0,1682890.4454,384281437.8,1.0,1.5,PASS,False,0.47619047619047616,5.89,19.1,-7.74,2.945,,21.5312,2.441,2.3423,3.6555517826825126,70.26558985507246,0.0,0.0,32.06,32.8,0,93.58533791523482,,0.36486486486486486,0,0,5.0,23,-4.675119140708162,False,-0.31645569620253333,,-0.02533390634073759,False,False,汽车零部件,2.945,0.057382638876663956,50.0,40.57560137457044,1.0,0.0,40.58,Other
603906.SH,603906,龙蟠科技,20170410,,主板,L,1945680076.2000003,12.605687932359722,未知,未知,,,28.58,,327.7358,4.5723,10.1303,2218127.8273,1609044.0056,1343646378.0,True,2,0,False,False,34.52,25.22,5.509542671948142,57.5268817204301,-15.121668597914262,False,12.605687932359722,-3.057119871279157,466.001,94.2854,196491560.09,91.7063,,,-146523780.11,-578.2713,7.2984,0,2218127.8273,1343646378.0,1.0,1.5,PASS,False,0.2857142857142857,466.001,94.2854,2.125,466.001,ESP-Q,,4.5723,7.2984,,87.7931712264151,0.0,0.0,28.58,34.52,0,97.0217640320733,,0.8683206106870229,1,1,100.0,158,17.419945023533764,True,5.509542671948142,,0.004577919558944949,False,False,独立池,466.001,0.0,28.9875173736062,84.90403268434324,0.7,0.0,59.43,Tier2
603269.SH,603269,海鸥股份,20170517,,主板,L,492250298.34999996,34.357005758157385,通用机械,机械设备,801072.SI,640000,23.1,61.6544,59.8645,6.9096,5.7658,713216.5841,713216.5841,673309291.0,True,3,2,False,True,22.98,14.22,-3.136531365313655,69.35483870967742,-8.616187989556135,False,34.357005758157385,-3.057119871279157,26.44,22.33,21138777.07,94.3502,,,184120586.60999998,-293.4888,2.1834,0,713216.5841,673309291.0,1.0,1.5,PASS,False,0.5952380952380952,26.44,22.33,-0.595,27.63,ESP-Q,61.6544,6.9096,2.1834,2.3318608169440243,108.90780749999999,0.0,0.0,23.1,22.98,0,36.884306987399775,CAT-0,0.9387755102040817,1,1,100.0,15,32.25654913715281,True,-3.136531365313655,突破型,-0.0017828362040963803,True,False,通用机械,27.63,0.2541895968082437,50.0,71.06529209621993,0.35,0.0,24.87,Other
603826.SH,603826,坤彩科技,20170414,,主板,L,440231178.4,-1.6816468541606455,未知,未知,,,34.04,,,11.9224,1.1097,2230300.8,2230300.8,398378163.4,True,0,0,False,False,38.0,32.8,-2.3610711200691026,81.33689839572192,-10.763157894736853,False,-1.6816468541606455,-3.057119871279157,234.19,-389.86,72383707.31,97.4336,,,76374410.58,179.0021,4.0507,0,2230300.8,398378163.4,1.0,1.5,PASS,False,0.2857142857142857,234.19,-389.86,2.125,234.19,ESP-Q,,11.9224,4.0507,,87.7931712264151,0.0,0.0,34.04,38.0,0,81.55784650630011,,0.6106870229007634,0,0,5.0,158,3.132610237013395,False,-2.3610711200691026,,-0.0029016102148497736,False,False,独立池,234.19,0.0,25.568680685483088,32.08109008898665,0.7,0.0,22.46,Other
002859.SZ,002859,洁美科技,20170407,,主板,L,648344860.35,16.920111372885003,其他电子,电子,801082.SI,270000,60.05,117.8011,110.7356,8.4222,4.7649,2589515.5408,2437425.927,783212251.5999999,True,0,0,False,False,58.48,44.72,5.979421471558921,23.506787330316747,-6.651846785225713,False,16.920111372885003,-3.057119871279157,47.97,7.96,46678805.54,97.7507,,,527744271.29,54.7533,1.5156,0,2589515.5408,783212251.5999999,1.0,1.5,PASS,False,0.9285714285714286,47.97,7.96,10.47,47.97,ESP-Q,117.8011,8.4222,1.5156,2.455724411090265,116.60343333333333,0.0,0.0,60.05,58.48,0,99.7709049255441,CHASE,0.7692307692307693,1,1,100.0,4,12.273698301657031,True,5.979421471558921,,0.0049155899735518925,True,False,其他电子,47.97,-0.07438735122795315,32.0,86.33127147766322,0.7,0.0,60.43,Tier2
603127.SH,603127,昭衍新药,20170825,,主板,L,1469221268.9000003,14.419475655430713,医疗服务,医药生物,801156.SI,370000,41.35,104.0338,62.5872,3.6212,9.0595,3098554.8897,2606509.7129,1865155227.0000005,True,1,1,False,False,42.77,36.0,7.032032032032043,23.008340523439742,0.0,False,14.419475655430713,-3.057119871279157,747.11,1221.3,217391315.27,91.2042,,,580963713.39,49.8638,2.8238,0,3098554.8897,1865155227.0000005,1.0,1.5,PASS,False,0.30952380952380953,747.11,1221.3,12.54,747.11,,104.0338,3.6212,2.8238,0.13924830346267617,76.35799999999999,0.0,0.0,41.35,42.77,0,65.2348224513173,,1.0,1,1,100.0,3,19.591889448534147,True,7.032032032032043,,0.013585241489798635,False,False,医疗服务,747.11,2.49015327713486,82.0,85.9704467353952,1.0,0.0,85.97,Tier1
002870.SZ,002870,香山股份,20170515,,主板,L,219101155.30000004,9.008528784648174,汽车零部件,汽车,801093.SI,280000,42.2,58.7117,90.1557,3.4411,4.1976,557359.1839,547471.5467,204975031.8,False,1,0,False,False,44.92,35.39,-1.2554321583776007,3.0226700251889005,-8.949243098842397,False,9.008528784648174,-3.057119871279157,-162.54,-64.95,-12585667.1,,,,175382159.27999997,,-0.6352,0,557359.1839,204975031.8,1.0,1.5,PASS,False,0.47619047619047616,-162.54,-64.95,-7.74,-81.27,,58.7117,3.4411,-0.6352,,70.26558985507246,0.0,0.0,42.2,44.92,0,95.87628865979381,,0.7567567567567568,1,1,85.0,23,7.141185021909769,True,-1.2554321583776007,,-0.020256347876409175,False,False,汽车零部件,-81.27,-0.25987259834996185,32.0,77.66288659793815,1.0,0.0,77.66,Tier2
002902.SZ,002902,铭普光磁,20170929,,主板,L,1448371453.1000001,22.081911262798638,通信设备,通信,801102.SI,730000,35.95,,,13.9223,13.3265,844857.5779,638587.2054,1536306122.8,True,3,1,False,True,43.03,25.77,-9.671717171717164,68.01315171441993,-16.871949802463394,False,22.081911262798638,-3.057119871279157,53.83,15.53,-22277194.22,,,,-485428352.06,,-3.7075,0,844857.5779,1536306122.8,1.0,1.5,PASS,False,0.9523809523809523,53.83,15.53,15.0872,53.83,ESP-Q,,13.9223,-3.7075,,156.39837500000002,0.0,0.0,35.95,43.03,0,94.73081328751431,CHASE,0.8333333333333334,1,1,100.0,8,21.240059706210165,True,-9.671717171717164,突破型,-0.026702256764024518,True,False,通信设备,53.83,0.0430879790869116,50.0,88.41924398625429,0.7,0.0,61.89,Tier2
603926.SH,603926,铁流股份,20170510,,主板,L,250994549.85000002,27.376623376623364,汽车零部件,汽车,801093.SI,280000,24.25,73.4672,70.666,3.253,4.3629,569187.7817,559783.6317,267577349.4,True,0,0,False,False,26.18,18.85,-3.0830039525691744,4.7863247863247915,-6.340718105423992,False,27.376623376623364,-3.057119871279157,5.24,-33.34,25199172.59,84.9996,,,189860997.48000002,29.6203,1.7078,0,569187.7817,267577349.4,1.0,1.5,PASS,False,0.47619047619047616,5.24,-33.34,-7.74,2.62,,73.4672,3.253,1.7078,14.020458015267176,70.26558985507246,0.0,0.0,24.25,26.18,0,50.0,COV-LOW,0.9864864864864865,1,1,100.0,23,25.50927961388496,True,-3.0830039525691744,,-0.013956758758404186,True,False,汽车零部件,2.62,0.056158296988655244,50.0,75.0,1.0,0.0,75.0,Tier2
002860.SZ,002860,星帅尔,20170412,,主板,L,168288928.04999998,-3.1571218795888423,未知,未知,,,13.61,24.5361,25.4445,2.1166,2.0871,489568.7343,478446.1006,145260617.0,True,0,0,False,False,14.54,12.4,-6.120996441281146,-5.244252873563227,-9.2847317744154,False,-3.1571218795888423,-3.057119871279157,-11.39,35.9,51989099.16,90.9289,,,493749110.85,180.0104,2.4648,0,489568.7343,145260617.0,1.0,1.5,PASS,False,0.2857142857142857,-11.39,35.9,2.125,-13.515,,24.5361,2.1166,2.4648,,87.7931712264151,0.0,0.0,13.61,14.54,0,95.41809851088202,,0.5687022900763359,0,0,5.0,158,1.657135211585198,False,-6.120996441281146,,-0.044279697159340374,False,False,独立池,-13.515,0.0,21.91543324756368,35.50851620277734,1.0,0.0,35.51,Other
603501.SH,603501,豪威集团,20170504,,主板,L,3531617233.3500004,10.565428109854613,半导体,电子,801081.SI,270000,104.25,32.4997,35.7036,4.0023,3.2619,13147466.6803,12618490.7128,3936796336.8,True,1,0,False,False,108.43,91.62,1.2525890127231376,-12.465893587994547,-5.321405515078858,False,10.565428109854613,-3.057119871279157,-27.44,27.91,615527525.46,122.3836,,,9536486834.029999,121.1751,1.6422,0,13147466.6803,3936796336.8,1.0,1.5,PASS,False,0.8333333333333334,-27.44,27.91,20.14,-47.58,,32.4997,4.0023,1.6422,,137.7359375,0.0,0.0,104.25,108.43,0,92.43986254295532,,0.2857142857142857,0,1,55.0,9,-8.320359416709609,False,1.2525890127231376,,0.0037029598265683663,False,False,半导体,-47.58,-0.4098172154088209,32.0,61.6319587628866,1.0,0.0,61.63,Tier2
603200.SH,603200,上海洗霸,20170601,,主板,L,424226031.8,-20.473236185254663,未知,未知,,,54.57,106.4431,116.7881,8.7077,3.1724,957594.9221,957594.9221,276917854.1999999,True,0,0,False,False,74.86,55.0,-3.8884045335658257,-31.57045313469895,-26.369222548757687,False,-20.473236185254663,-3.057119871279157,-78.37,-10.43,2083756.35,112.0489,,,66974089.58,,0.1692,0,957594.9221,276917854.1999999,1.0,1.5,PASS,False,0.2857142857142857,-78.37,-10.43,2.125,-80.495,,106.4431,8.7077,0.1692,,87.7931712264151,0.0,0.0,54.57,74.86,0,37.57159221076747,CAT-0,0.03816793893129771,0,0,5.0,158,-15.658979094080623,False,-3.8884045335658257,,-0.0029495900481055987,False,False,独立池,-80.495,0.0,20.927586763270504,17.956995015884342,0.5,0.0,8.98,Other
002926.SZ,002926,华西证券,20180205,,主板,L,176089392.45000002,-3.157894736842126,证券,非银金融,801193.SI,490000,8.15,14.5503,13.6883,0.848,0.7782,2139375.0,2139375.0,149443052.8,False,0,0,False,False,8.85,8.26,-0.8383233532934131,-6.228765571913941,-6.440677966101694,False,-3.157894736842126,-3.057119871279157,30.57,109.18,389355171.52,98.9192,,,3432819136.04,555.1582,1.5742,0,2139375.0,149443052.8,1.0,1.5,PASS,False,0.07142857142857142,30.57,109.18,30.57,0.0,,14.5503,0.848,1.5742,0.4759666339548577,30.16254222222222,0.0,0.0,8.15,8.85,0,67.81214203894616,,0.35555555555555557,0,0,5.0,14,-0.8408215661104279,False,-0.8383233532934131,,0.012277855075572303,False,False,证券,0.0,-0.08786306684458989,32.0,29.243642611683846,1.0,0.0,29.24,Other
603496.SH,603496,恒为科技,20170607,,主板,L,831465616.4499999,2.269553072625685,计算机设备,计算机,801101.SI,710000,29.9,274.0353,196.7843,6.866,4.6561,957425.6366,957425.6366,655740405.8,True,1,0,False,False,32.77,28.33,-3.0453492221118927,-1.7114093959731624,-10.619469026548689,False,2.269553072625685,-3.057119871279157,16.4248,33.37,-6618538.12,-113.7794,,,72612141.25,531.3125,0.418,0,957425.6366,655740405.8,1.0,1.5,PASS,False,0.5476190476190477,16.4248,33.37,0.49,16.4248,ESP-Q,274.0353,6.866,0.418,16.68423968632799,108.09019285714285,0.0,10.0,29.9,32.77,0,83.27605956471936,,0.6666666666666666,0,1,55.0,5,5.2457435488161615,True,-3.0453492221118927,,-0.002117946920742274,False,False,计算机设备,16.4248,0.13268737450619728,50.0,62.48281786941581,0.7,10.0,33.74,Other
603728.SH,603728,鸣志电器,20170509,,主板,L,561054254.05,15.03669568185697,电机,电气设备,801731.SI,630000,68.19,467.2753,421.5666,9.6059,3.087,2856359.7675,2856359.7675,1028119588.1999999,True,0,0,False,False,69.8,55.5,3.708262809663032,-6.34986800055578,-3.4383954154727725,False,15.03669568185697,-3.057119871279157,96.14,-21.4,10910412.92,78.9629,,,131310931.46000001,-189.0967,0.4644,0,2856359.7675,1028119588.1999999,1.0,1.5,PASS,False,0.9047619047619048,96.14,-21.4,-11.325,118.79,ESP-Q,467.2753,9.6059,0.4644,4.860363012273767,169.84244,0.0,10.0,68.19,69.8,0,82.58877434135165,CHASE,1.0,1,1,100.0,4,9.090749735911018,True,3.708262809663032,,0.001661933792452784,True,False,电机,118.79,-0.013049706988361897,32.0,81.1766323024055,0.7,10.0,46.82,Other
002876.SZ,002876,三利谱,20170525,,主板,L,205701380.15,-2.5443588885169066,光学光电子,电子,801084.SI,270000,29.85,110.2316,102.2323,2.1628,5.2308,519046.522,444590.7297,171384617.60000005,False,0,0,False,False,31.99,28.6,-1.953519703603912,5.547498187092104,-9.002813379180996,False,-2.5443588885169066,-3.057119871279157,80.43,-21.15,55736881.75,167.2918,,,188619352.26999998,-268.382,1.3874,0,519046.522,171384617.60000005,1.0,1.5,PASS,False,0.9761904761904762,80.43,-21.15,-19.355800000000002,119.14160000000001,ESP-Q,110.2316,2.1628,1.3874,1.3705284097973391,243.17919999999998,0.0,0.0,29.85,31.99,0,92.43986254295532,,0.21739130434782608,0,0,5.0,7,-7.39872782055574,False,-1.953519703603912,,0.0013194691905298044,False,False,光学光电子,119.14160000000001,1.3377043705050147,68.0,43.8319587628866,0.7,0.0,30.68,Other
603335.SH,603335,迪生力,20170620,,主板,L,226849902.7,-6.105834464043425,汽车零部件,汽车,801093.SI,280000,7.12,62.8784,59.439,10.7982,2.6093,304838.9552,304838.9552,98417601.60000001,False,1,0,False,False,7.83,6.23,-5.593451568894958,7.120743034055721,-11.62196679438059,False,-6.105834464043425,-3.057119871279157,12.1742,22.3666,-19845234.76,,,,-292281287.33,,-6.7559,0,304838.9552,98417601.60000001,1.0,1.5,PASS,False,0.47619047619047616,12.1742,22.3666,-7.74,27.654200000000003,,62.8784,10.7982,-6.7559,5.164889684743145,70.26558985507246,0.0,0.0,7.12,7.83,0,70.79037800687286,,0.2972972972972973,0,0,5.0,23,-7.97317822678183,False,-5.593451568894958,,-0.013867427127984016,False,False,汽车零部件,27.654200000000003,0.150467280658771,50.0,33.73711340206185,1.0,0.0,33.74,Other
603316.SH,603316,诚邦股份,20170619,,主板,L,520872402.75,73.89917038927886,基础建设,建筑装饰,801723.SI,620000,26.9,,,12.863,29.2951,710870.16,710870.16,830047384.0000001,True,5,4,True,True,27.25,14.9,46.42665233745298,89.49930458970792,0.0,False,73.89917038927886,-3.057119871279157,808.81,-8.7,23071531.28,98.2075,,,-111367538.41,-159.5829,4.3432,0,710870.16,830047384.0000001,1.0,1.5,PASS,False,0.047619047619047616,808.81,-8.7,-15.53,839.8699999999999,ESP-Q,,12.863,4.3432,,59.53485,0.0,0.0,26.9,27.25,0,79.38144329896907,CHASE,1.0,1,1,100.0,6,80.72065079566492,True,46.42665233745298,LOCK|突破型|OVERHEAT,0.02270216828100266,True,True,基础建设,839.8699999999999,3.6688348377033893,97.00650451311017,93.21573389231276,0.7,0.0,65.25,Tier2
603331.SH,603331,百达精工,20170705,,主板,L,204900604.45,-8.268733850129205,通用机械,机械设备,801072.SI,640000,14.36,,,2.7866,5.665,290324.2133,290324.2133,270029273.6,True,1,1,False,False,16.28,13.47,-10.691823899371078,-33.333333333333336,-12.776412776412782,False,-8.268733850129205,-3.057119871279157,-98.84,-824.26,244329.72,40.2803,,,-121871465.03999999,-2822.7111,0.0582,1,290324.2133,270029273.6,1.0,1.5,PASS,False,0.5952380952380952,-98.84,-824.26,-0.595,-49.42,ESP-Q,,2.7866,0.0582,,108.90780749999999,0.0,0.0,14.36,16.28,10,50.0,COV-LOW,0.24489795918367346,0,0,5.0,15,-10.36919047113378,False,-10.691823899371078,,9.395846525605314e-05,False,False,通用机械,-49.42,-0.03736155254279586,32.0,23.9,0.7,10.0,6.73,Other
603488.SH,603488,展鹏科技,20170516,,主板,L,200188119.8,-5.137289636846754,专用设备,机械设备,801074.SI,640000,11.55,,,4.3541,9.2107,337248.9582,337248.9582,130270175.0,True,0,0,False,False,13.18,10.58,-8.92857142857142,9.958932238193018,-18.74051593323216,False,-5.137289636846754,-3.057119871279157,-21.0901,-1387.685,-20343750.95,,,,-366410187.43,,-2.3811,0,337248.9582,130270175.0,1.0,1.5,PASS,False,0.5714285714285714,-21.0901,-1387.685,-11.475,-10.54505,,,4.3541,-2.3811,,213.18103214285716,0.0,0.0,11.55,13.18,0,91.40893470790378,,0.5,0,0,5.0,10,-0.755173315832697,False,-8.92857142857142,,-0.021494380481093207,False,False,专用设备,-10.54505,-0.2955699158094413,32.0,36.322680412371135,1.0,0.0,36.32,Other
002965.SZ,002965,祥鑫科技,20191025,,主板,L,353410505.8999999,22.72727272727273,汽车零部件,汽车,801093.SI,280000,37.48,64.1764,191.215,2.3452,7.2212,994645.5855,713678.0811,512081276.8,True,1,1,False,False,38.59,28.86,6.281407035175879,9.427996550732963,-1.3474993521637835,False,22.72727272727273,-3.057119871279157,-125.27,-62.02,-20924047.34,,,,363203421.18,,-0.4014,0,994645.5855,512081276.8,1.0,1.5,PASS,False,0.47619047619047616,-125.27,-62.02,-7.74,-62.635,,64.1764,2.3452,-0.4014,,70.26558985507246,0.0,0.0,37.48,38.59,0,90.95074455899199,CHASE,0.9459459459459459,1,1,100.0,23,20.859928964534326,True,6.281407035175879,OVERHEAT,0.026418495558354526,True,True,汽车零部件,-62.635,-0.18967071809444716,32.0,83.6852233676976,1.0,0.0,83.69,Tier2
002866.SZ,002866,传艺科技,20170426,,主板,L,886343801.15,-19.84934086629002,电子制造,电子,801085.SI,270000,22.0,74.2012,102.5812,3.0453,6.7193,636948.9632,398667.5132,304393994.1999999,False,1,1,False,False,30.0,21.27,-6.952339309138611,7.312153303076152,-29.066666666666663,False,-19.84934086629002,-3.057119871279157,-58.85,162.43,13246005.91,86.5883,,,146849798.35,903.788,0.7279,0,636948.9632,304393994.1999999,1.0,1.5,PASS,False,0.40476190476190477,-58.85,162.43,-24.075000000000003,-29.425,,74.2012,3.0453,0.7279,,87.6280681818182,0.0,0.0,22.0,30.0,0,95.99083619702176,,0.038461538461538464,0,0,5.0,8,-24.477809631845027,False,-6.952339309138611,,-0.024815552715585016,False,False,电子制造,-29.425,-0.38984299645940107,32.0,37.69725085910653,1.0,0.0,37.7,Other
002935.SZ,002935,天奥电子,20180903,,主板,L,344775708.4,-0.14634146341463428,未知,未知,,,21.25,139.0515,136.3172,5.5786,2.428,901217.8295,882068.1264,191375610.60000002,False,0,0,False,False,23.5,20.25,-1.0154738878143221,-4.435107376283865,-12.893617021276604,False,-0.14634146341463428,-3.057119871279157,49.74,-7.41,-6064015.5,,,,62648086.39,,-0.3163,0,901217.8295,191375610.60000002,1.0,1.5,PASS,False,0.2857142857142857,49.74,-7.41,2.125,49.74,ESP-Q,139.0515,5.5786,-0.3163,2.7955669481302774,87.7931712264151,0.0,0.0,21.25,23.5,0,88.88888888888889,,0.6774809160305344,0,1,40.0,158,4.667915627759406,False,-1.0154738878143221,,0.021383563085933727,False,False,独立池,49.74,0.0,22.848342016807706,51.236335070028204,0.7,0.0,35.87,Other
603063.SH,603063,禾望电气,20170728,,主板,L,2004027382.1499999,37.81818181818182,未知,未知,,,58.13,50.3048,56.0276,5.1564,7.3656,2671301.3115,2671301.3115,2271175977.0,False,3,2,False,True,66.36,39.5,-3.2505105513955024,91.41414141414141,-14.330922242314648,False,37.81818181818182,-3.057119871279157,-59.32,32.34,39462544.13,77.1939,,,1101244405.93,-408.2154,0.9854,1,2671301.3115,2271175977.0,1.0,1.5,PASS,False,0.2857142857142857,-59.32,32.34,2.125,-61.445,ESP-Q,50.3048,5.1564,0.9854,,87.7931712264151,0.0,0.0,58.13,66.36,10,70.79037800687286,CHASE,0.9713740458015268,1,1,75.0,158,42.63243890935586,True,-3.2505105513955024,突破型,0.0021942015516974406,True,False,独立池,-61.445,0.0,21.208543399964814,62.97882208205482,0.7,10.0,34.09,Other
605303.SH,605303,园林股份,20210301,,主板,L,184710726.25,31.672597864768683,基础建设,建筑装饰,801723.SI,620000,31.9,,,6.0786,9.334,514347.3315,514347.3315,269303591.20000005,False,1,0,False,False,30.26,21.96,14.065510597302522,54.24700364773318,-2.181097157964307,False,31.672597864768683,-3.057119871279157,19.4886,-6.4523,-13077385.67,,,,-338097216.16,,-1.3593,0,514347.3315,269303591.20000005,1.0,1.5,PASS,False,0.047619047619047616,19.4886,-6.4523,-15.53,50.5486,ESP-Q,,6.0786,-1.3593,,59.53485,0.0,0.0,31.9,30.26,0,92.89805269186712,CHASE,0.9411764705882353,1,1,75.0,6,38.49407827115474,True,14.065510597302522,OVERHEAT,0.03521523470145744,True,True,基础建设,50.5486,-0.10618260764776193,32.0,71.76941580756014,0.7,0.0,50.24,Tier2
002886.SZ,002886,沃特股份,20170627,,主板,L,328795633.6,16.695727986050567,塑料,化工,801036.SI,220000,27.98,114.3596,103.2999,4.0186,8.4305,736443.5749,585000.7029,694407505.0,True,0,0,False,False,29.2,21.26,-2.120658135283371,9.803117309269904,-8.321917808219181,False,16.695727986050567,-3.057119871279157,129.42,38.7,10386315.29,79.8542,,,81017973.56,342.2293,0.7046,0,736443.5749,694407505.0,1.0,1.5,PASS,False,0.7619047619047619,129.42,38.7,-1.1600000000000001,131.73999999999998,ESP-Q,114.3596,4.0186,0.7046,0.8836315870808222,196.25642,0.0,0.0,27.98,29.2,0,90.26345933562429,CHASE,0.7058823529411765,1,1,100.0,6,12.555600597515546,True,-2.120658135283371,,-0.0172110025932281,True,False,塑料,131.73999999999998,0.6836725392247763,50.0,87.07903780068729,0.7,0.0,60.96,Tier2
002879.SZ,002879,长缆科技,20170707,,主板,L,157872329.05,-22.490706319702603,未知,未知,,,17.06,24.6285,24.8331,1.9539,3.639,329441.6338,233933.5798,106737178.59999998,False,0,0,False,False,22.1,16.67,-6.292134831460682,-27.3202614379085,-24.524886877828056,False,-22.490706319702603,-3.057119871279157,-71.84,88.32,348640.4,25.7294,,,189539632.72,-617.4646,0.0772,0,329441.6338,106737178.59999998,1.0,1.5,PASS,False,0.2857142857142857,-71.84,88.32,2.125,-73.965,ESP-Q,24.6285,1.9539,0.0772,,87.7931712264151,0.0,0.0,17.06,22.1,0,58.8774341351661,,0.02862595419847328,0,0,5.0,158,-17.67644922852856,False,-6.292134831460682,,-0.05110502476546086,False,False,独立池,-73.965,0.0,21.023893683880154,24.36800897732586,0.7,0.0,17.06,Other
603196.SH,603196,璞源材料,20170531,,主板,L,191477594.14999998,-20.513595166163146,服装家纺,纺织服装,801132.SI,350000,26.62,619.5767,326.4348,5.5914,1.4651,1114545.9653,630862.8067,118468872.59999998,True,0,0,False,False,35.35,26.26,-8.295573370512377,-0.30314513073134153,-25.57284299858558,False,-20.513595166163146,-3.057119871279157,252.36,84.8,21674668.7,91.5606,,,212035.31999999785,94.9278,1.2396,0,1114545.9653,118468872.59999998,1.0,1.5,PASS,False,0.09523809523809523,252.36,84.8,17.65,252.36,|VAL-X,619.5767,5.5914,1.2396,2.455130369313679,126.22243636363636,0.0,15.0,26.62,35.35,0,37.80068728522337,CAT-0,0.06666666666666667,0,0,5.0,5,-26.84506630210356,False,-8.295573370512377,,-0.020941000305798454,False,False,服装家纺,252.36,0.8042177511923807,50.0,23.840206185567013,0.5,15.0,0.0,Other
603978.SH,603978,深圳新星,20170807,,主板,L,561139075.8499999,27.598425196850386,金属非金属新材料,有色金属,801051.SI,240000,31.47,,,4.0052,6.2825,664313.759,664313.759,595325160.5999999,True,1,0,False,False,34.68,24.01,-4.395280235988208,25.717610550814562,-6.545559400230694,False,27.598425196850386,-3.057119871279157,3933.4,73.3422,18312651.14,101.509,,,-155956930.95,557.6938,1.095,0,664313.759,595325160.5999999,1.0,1.5,PASS,False,0.7857142857142857,3933.4,73.3422,37.74,3933.4,,,4.0052,1.095,,114.53097142857143,0.0,0.0,31.47,34.68,0,89.69072164948454,CHASE,0.875,1,1,100.0,3,28.819781952651216,True,-4.395280235988208,,-0.016334282209917606,True,False,金属非金属新材料,1890.732584000006,1.5467229888411855,68.0,90.50721649484537,1.0,0.0,90.51,Tier2
601108.SH,601108,财通证券,20171024,,主板,L,478042196.65,-2.0706455542022106,证券,非银金融,801193.SI,490000,7.92,13.9723,12.4266,0.9644,1.1449,3677861.1965,3677861.1965,450077882.59999996,False,0,0,False,False,9.01,8.03,-2.4271844660194275,-7.2664359861591805,-10.765815760266372,False,-2.0706455542022106,-3.057119871279157,118.75,14.77,585936354.08,94.9531,,,6220629974.04,-61.7022,1.6139,0,3677861.1965,450077882.59999996,1.0,1.5,PASS,False,0.07142857142857142,118.75,14.77,30.57,118.75,ESP-Q,13.9723,0.9644,1.6139,0.11766147368421054,30.16254222222222,0.0,0.0,7.92,9.01,0,69.87399770904925,,0.5333333333333333,0,0,5.0,14,0.24642761652948764,False,-2.4271844660194275,,-0.0022424155308085167,False,False,证券,118.75,1.5276558522304444,68.0,37.062199312714775,0.7,0.0,25.94,Other
001332.SZ,001332,锡装股份,20220920,,主板,L,170695091.30000004,11.920874544508052,专用设备,机械设备,801074.SI,640000,67.19,32.6612,27.2722,2.7922,5.0454,742382.31,322535.5232,164141972.79999998,True,1,0,False,False,69.3,55.7,-3.022101939557964,11.187726254094121,-6.926406926406925,False,11.920874544508052,-3.057119871279157,104.59,-13.16,88525061.25,96.9685,,,606728307.39,-59.5974,3.4969,0,742382.31,164141972.79999998,1.0,1.5,PASS,False,0.5714285714285714,104.59,-13.16,-11.475,127.53999999999999,ESP-Q,32.6612,2.7922,3.4969,0.3122784204990917,213.18103214285716,10.0,0.0,67.19,69.3,0,50.0,COV-LOW,0.8125,1,1,100.0,10,16.30299086552211,True,-3.022101939557964,,-0.02095605029392096,False,False,专用设备,127.53999999999999,1.3691564429660954,68.0,78.6,0.7,0.0,65.02,Tier1
603042.SH,603042,华脉科技,20170602,,主板,L,318927250.95,-2.002861230329034,通信设备,通信,801102.SI,730000,21.55,,,4.1496,6.5383,346071.1052,346071.1052,267062881.59999996,False,0,0,False,False,24.2,19.13,-5.863490609253308,2.238805970149249,-15.082644628099173,False,-2.002861230329034,-3.057119871279157,66.402,-643.8373,-4229824.61,,,,-155854739.41,-597.7951,-0.2624,0,346071.1052,267062881.59999996,1.0,1.5,PASS,False,0.9523809523809523,66.402,-643.8373,15.0872,66.402,ESP-Q,,4.1496,-0.2624,,156.39837500000002,0.0,0.0,21.55,24.2,0,65.2348224513173,,0.375,0,0,5.0,8,-2.8447127869175084,False,-5.863490609253308,,-0.004622454247073109,False,False,通信设备,66.402,0.08184049710248213,50.0,32.070446735395194,0.7,0.0,22.45,Other
002893.SZ,002893,京能热力,20170915,,主板,L,194327530.04999998,9.587727708533066,电力,公用事业,801161.SI,410000,11.7,49.5286,47.4654,2.1921,17.4881,308458.8,237250.9831,341774133.00000006,False,1,1,False,False,12.47,10.24,4.098360655737698,-2.4744027303754357,-8.340016038492394,False,9.587727708533066,-3.057119871279157,1.47,-2.69,190055530.52,100.0,,,442225148.68,-114.2809,14.4649,0,308458.8,341774133.00000006,1.0,1.5,PASS,False,0.21428571428571427,1.47,-2.69,-1.575,0.735,ESP-Q,49.5286,2.1921,14.4649,33.69292517006802,43.696173170731704,0.0,0.0,11.7,12.47,0,92.55441008018327,,0.7857142857142857,1,1,85.0,13,8.633082162005266,True,4.098360655737698,,0.014259031754461946,False,False,电力,0.735,-0.027420994752763335,32.0,76.66632302405498,0.7,0.0,53.67,Tier2
603985.SH,603985,恒润股份,20170505,,主板,L,1310788139.45,3.7328909166321145,未知,未知,,,26.01,137.3554,96.5801,3.4326,6.1453,1146671.6658,1146671.6658,1010467215.6,True,1,0,False,False,29.6,22.5,-7.541589648798519,46.60023446658854,-15.506756756756756,False,3.7328909166321145,-3.057119871279157,124.6,165.1885,63484989.29,97.4593,,,257251510.51,7.1427,1.9705,0,1146671.6658,1010467215.6,1.0,1.5,PASS,False,0.2857142857142857,124.6,165.1885,2.125,124.6,,137.3554,3.4326,1.9705,1.102370786516854,87.7931712264151,0.0,0.0,26.01,29.6,0,70.79037800687286,,0.7576335877862596,1,1,100.0,158,8.547148007806154,True,-7.541589648798519,,0.0002519106747445161,False,False,独立池,124.6,0.0,23.952405734547142,76.02759454897128,1.0,0.0,76.03,Tier2
603619.SH,603619,中曼石油,20171117,,主板,L,652590658.5500001,-11.730114515629841,未知,未知,,,28.33,25.7069,42.0587,3.0007,3.0345,1309804.86,1309804.86,565294697.5999999,True,0,0,False,False,35.35,28.42,-1.4853195164076016,-22.097787489756893,-19.32107496463933,False,-11.730114515629841,-3.057119871279157,,-24.06,,,,,1248575934.81,-55.3537,0.7291,0,1309804.86,565294697.5999999,1.0,1.5,PASS,False,0.2857142857142857,,-24.06,2.125,0.0,DATA-INC,25.7069,3.0007,0.7291,,87.7931712264151,0.0,0.0,28.33,35.35,0,70.44673539518901,,0.21183206106870228,0,0,5.0,158,-6.915857424455801,False,-1.4853195164076016,,-0.0054160256620355745,False,False,独立池,0.0,0.0,22.114757601627915,28.056972138882283,1.0,0.0,28.06,Other
603938.SH,603938,三孚股份,20170628,,主板,L,956809879.5,73.39732601988342,化学原料,化工,801033.SI,220000,49.68,236.725,206.2871,7.4829,9.9742,1900878.5011,1900878.5011,1403909057.6,False,5,4,False,True,56.78,28.2,25.229017083436478,91.445874337623,-10.91933779499824,False,73.39732601988342,-3.057119871279157,55.11,72.96,37174047.49,95.6835,,,195426963.01000002,16.2075,1.5414,0,1900878.5011,1403909057.6,1.0,1.5,PASS,False,0.7142857142857143,55.11,72.96,6.035,55.11,,236.725,7.4829,1.5414,4.2954999092723645,92.88029999999999,0.0,10.0,49.68,56.78,0,76.28865979381443,CHASE,1.0,1,1,75.0,9,80.13223981298687,True,25.229017083436478,突破型|OVERHEAT,0.01666873463260001,True,True,化学原料,55.11,0.22599201553913498,50.0,70.38659793814433,1.0,10.0,60.39,Tier2
603767.SH,603767,中马传动,20170613,,主板,L,271140412.24999994,30.64949006977993,汽车零部件,汽车,801093.SI,280000,24.92,,,5.6277,14.4277,769109.698,769109.698,560158475.6,True,2,2,False,False,24.34,18.27,12.476894639556368,13.156671315667111,0.0,False,30.64949006977993,-3.057119871279157,4.54,,5927062.64,97.6397,,,43643927.2,330.0092,0.4452,0,769109.698,560158475.6,1.0,1.5,PASS,False,0.47619047619047616,4.54,,-7.74,2.27,,,5.6277,0.4452,,70.26558985507246,0.0,0.0,24.92,24.34,0,68.38487972508591,,1.0,1,1,100.0,23,28.782146307041526,True,12.476894639556368,OVERHEAT,0.014080772791749236,True,True,汽车零部件,2.27,0.054839774955415095,50.0,80.51546391752578,1.0,0.0,80.52,Tier2
603289.SH,603289,泰瑞机器,20171031,,主板,L,159931264.85,-7.762180016515274,专用设备,机械设备,801074.SI,640000,12.13,39.1359,45.378,2.3929,7.2141,355884.6209,355884.6209,123502877.20000002,True,0,0,False,False,12.97,10.74,0.8122743682310363,-0.17873100983020196,-13.87818041634542,False,-7.762180016515274,-3.057119871279157,-77.23,8.28,3591487.49,65.2492,,,196680545.58999997,-1025.7045,0.3686,0,355884.6209,123502877.20000002,1.0,1.5,PASS,False,0.5714285714285714,-77.23,8.28,-11.475,-38.615,ESP-Q,39.1359,2.3929,0.3686,,213.18103214285716,0.0,0.0,12.13,12.97,0,50.0,COV-LOW,0.34375,0,0,5.0,10,-3.3800636955012173,False,0.8122743682310363,,-0.005851493619083566,False,False,专用设备,-38.615,-0.6339757436272346,22.0,21.9,0.7,0.0,15.33,Other
603110.SH,603110,东方材料,20171013,,主板,L,427849263.5,26.77871148459383,化学制品,化工,801034.SI,220000,23.84,,4315.735,6.8839,6.4669,479724.5291,479724.5291,334748168.8,False,2,1,False,False,27.58,17.6,-7.139926138695129,34.70238095238094,-17.947788252356776,False,26.77871148459383,-3.057119871279157,423.56,-157.82,10078029.24,96.6564,,,4923016.74,-33.2387,1.5075,0,479724.5291,334748168.8,1.0,1.5,PASS,False,0.2619047619047619,423.56,-157.82,5.17,423.56,ESP-Q,,6.8839,1.5075,,72.11200512820513,0.0,0.0,23.84,27.58,0,69.41580756013745,,0.8571428571428571,1,1,75.0,15,28.048104996582545,True,-7.139926138695129,,-0.022999231228137802,True,False,化学制品,423.56,0.9331857307683016,50.0,68.32474226804123,0.7,0.0,47.83,Other
603226.SH,603226,菲林格尔,20170615,,主板,L,183927011.70000002,29.28348909657319,家用轻工,轻工制造,801142.SI,360000,50.13,,,20.9265,1.1466,1782080.243,1782080.243,238888358.0,True,1,0,False,False,52.99,37.15,5.174234424498403,75.35211267605632,-6.020003774297045,False,29.28348909657319,-3.057119871279157,1.7169,-98.5888,-14992034.19,,,,-135844474.37,,-1.6651,0,1782080.243,238888358.0,1.0,1.5,PASS,False,0.11904761904761904,1.7169,-98.5888,-30.725,0.85845,,,20.9265,-1.6651,,341.69754,0.0,0.0,50.13,52.99,0,81.09965635738831,CHASE,0.8888888888888888,1,1,100.0,3,14.738034551118663,True,5.174234424498403,,0.0011598023400910156,True,False,家用轻工,0.85845,0.09838155112751472,50.0,84.3298969072165,1.0,0.0,84.33,Tier2
603916.SH,603916,苏博特,20171110,,主板,L,330421026.34999996,30.78260869565217,化学制品,化工,801034.SI,220000,15.41,54.2942,51.7866,1.5417,4.0884,656924.8959,647725.1259,454632418.00000006,True,0,0,False,False,16.82,10.75,0.19986675549632515,19.55484896661366,-10.582639714625452,False,30.78260869565217,-3.057119871279157,20.37,25.54,26303766.22,87.1362,,,257995948.24,325.9283,0.6934,0,656924.8959,454632418.00000006,1.0,1.5,PASS,False,0.2619047619047619,20.37,25.54,5.17,20.37,,54.2942,1.5417,0.6934,2.665400098183603,72.11200512820513,0.0,0.0,15.41,16.82,0,82.7033218785796,CHASE,0.8979591836734694,1,1,100.0,15,32.05200220764088,True,0.19986675549632515,,0.001251336272084799,True,False,化学制品,20.37,0.024067030572457005,50.0,84.81099656357388,1.0,0.0,84.81,Tier2
603683.SH,603683,晶华新材,20171020,,主板,L,343135056.90000004,-0.8928571428571397,化学制品,化工,801034.SI,220000,27.2,88.6631,82.4168,4.6832,3.6227,791982.011,783821.0318,264212759.8,False,0,0,False,False,30.35,27.1,-1.8741159830268805,12.988599348534201,-8.56672158154861,False,-0.8928571428571397,-3.057119871279157,41.38,39.88,26271391.8,102.7809,,,215379697.70999998,144.9123,1.531,0,791982.011,264212759.8,1.0,1.5,PASS,False,0.2619047619047619,41.38,39.88,5.17,41.38,,88.6631,4.6832,1.531,2.1426558724021265,72.11200512820513,0.0,0.0,27.2,30.35,0,70.79037800687286,,0.5306122448979592,0,1,40.0,15,0.37653636913157484,False,-1.8741159830268805,,0.030130749938335973,False,False,化学制品,41.38,0.0714406854029704,50.0,51.23711340206185,1.0,0.0,51.24,Tier2
603933.SH,603933,睿能科技,20170706,,主板,L,337662454.05,4.234527687296419,其他电子,电子,801082.SI,270000,25.9,153.8098,95.4003,4.0147,4.7711,537540.4493,537540.4493,339192221.8,True,1,0,False,False,27.42,21.09,-4.406273338312172,9.075415423945476,-6.637490882567465,False,4.234527687296419,-3.057119871279157,170.57,3.82,33573113.35,97.2847,,,134385107.63,53.9984,2.6053,0,537540.4493,339192221.8,1.0,1.5,PASS,False,0.9285714285714286,170.57,3.82,10.47,170.57,ESP-Q,153.8098,4.0147,2.6053,0.9017400480741045,116.60343333333333,0.0,0.0,25.9,27.42,0,83.16151202749141,,0.46153846153846156,0,1,55.0,4,-0.41188538393155394,False,-4.406273338312172,,0.001076383162209911,False,False,其他电子,170.57,1.1829947718721814,68.0,66.04845360824743,0.7,0.0,46.23,Other
603286.SH,603286,日盈电子,20170627,,主板,L,340829268.85,-1.6546762589928155,汽车零部件,汽车,801093.SI,280000,70.29,,,10.1642,5.9338,826692.5057,812767.3538,366920396.59999996,True,0,0,False,False,71.6,59.79,-0.5384167636787063,-0.9420289855072594,-4.5391061452513926,False,-1.6546762589928155,-3.057119871279157,28.0828,-2283.76,-6486632.52,,,,-108110536.96,,-0.6874,1,826692.5057,366920396.59999996,1.0,1.5,PASS,False,0.47619047619047616,28.0828,-2283.76,-7.74,43.5628,ESP-Q,,10.1642,-0.6874,,70.26558985507246,0.0,0.0,70.29,71.6,10,95.41809851088202,,0.40540540540540543,0,0,5.0,23,-3.5220200217312203,False,-0.5384167636787063,,-0.007399756403376743,False,False,汽车零部件,43.5628,0.2103982509959259,50.0,41.12542955326461,0.7,10.0,18.79,Other
603809.SH,603809,豪能股份,20171128,,主板,L,154496549.39999998,1.2612612612612706,汽车零部件,汽车,801093.SI,280000,11.25,37.357,37.4199,2.7447,1.8921,1035324.9079,1035324.9079,213053251.79999998,True,0,0,False,False,11.77,10.54,-2.0905923344947785,-13.137557959814528,-4.502973661852161,False,1.2612612612612706,-3.057119871279157,-5.66,-16.87,96698322.42,93.3458,,,782614274.74,34.4902,2.7852,0,1035324.9079,213053251.79999998,1.0,1.5,PASS,False,0.47619047619047616,-5.66,-16.87,-7.74,-2.83,,37.357,2.7447,2.7852,,70.26558985507246,0.0,0.0,11.25,11.77,0,83.39060710194731,,0.4864864864864865,0,1,55.0,23,-0.6060825014771343,False,-2.0905923344947785,,-0.005881140564950428,False,False,汽车零部件,-2.83,0.035627025328201514,50.0,62.51718213058419,1.0,0.0,62.52,Tier2
601162.SH,601162,天风证券,20181019,,主板,L,519217026.75000006,-5.835543766578255,证券,非银金融,801193.SI,490000,3.47,224.3242,265.0316,1.2758,1.5302,3495672.8762,2983495.7545,412057465.8,False,0,0,False,False,3.9,3.55,-1.388888888888895,-11.250000000000004,-8.974358974358976,False,-5.835543766578255,-3.057119871279157,-218.61,1245.85,-34316229.02,-15350.3148,,,335118331.46,,0.0008,0,3495672.8762,412057465.8,1.0,1.5,PASS,False,0.07142857142857142,-218.61,1245.85,30.57,-249.18,ESP-Q,224.3242,1.2758,0.0008,,30.16254222222222,0.0,0.0,3.47,3.9,0,74.5704467353952,,0.17777777777777778,0,0,5.0,14,-3.5184705958465563,False,-1.388888888888895,,0.008455819482599346,False,False,证券,-249.18,-3.4777999447824177,5.0,25.87113402061856,0.7,0.0,18.11,Other
001979.SZ,001979,招商蛇口,20151230,,主板,L,591213045.5999999,-0.5813953488371992,房地产开发,房地产,801181.SI,430000,8.48,74.6797,123.8226,0.7836,0.5364,7645595.281,7134718.8368,597658130.8000001,True,0,0,False,False,10.03,8.31,-5.733186328555673,-15.680473372781067,-14.755732801595201,False,-0.5813953488371992,-3.057119871279157,-197.09,-93.1,-374921698.66,-958.4224,,,2723590292.5,-752.3679,0.0401,0,7645595.281,597658130.8000001,1.0,1.5,PASS,False,0.6666666666666666,-197.09,-93.1,-25.055,-98.545,ESP-Q,74.6797,0.7836,0.0401,,71.32621,0.0,0.0,8.48,10.03,0,65.2348224513173,,0.6153846153846154,0,1,55.0,8,0.8258129235794609,False,-5.733186328555673,,-0.011705031799077933,False,False,房地产开发,-98.545,-0.5691033625565857,22.0,51.47044673539519,0.7,0.0,36.03,Other
603757.SH,603757,大元泵业,20170711,,主板,L,839631788.0,10.160132523467702,通用机械,机械设备,801072.SI,640000,65.04,83.8423,103.7382,5.7174,11.4384,1213303.3725,1213303.3725,1146724657.8,True,1,1,False,False,67.56,46.87,-3.1553398058252413,39.05669144981414,-11.412078152753114,False,10.160132523467702,-3.057119871279157,-69.08,-38.52,11051708.54,96.4459,,,359347394.84000003,-237.2159,0.5414,0,1213303.3725,1146724657.8,1.0,1.5,PASS,False,0.5952380952380952,-69.08,-38.52,-0.595,-34.54,ESP-Q,83.8423,5.7174,0.5414,,108.90780749999999,0.0,0.0,65.04,67.56,0,79.38144329896907,,0.6326530612244898,0,1,55.0,15,8.059675902463127,True,-3.1553398058252413,,0.007105666630023025,False,False,通用机械,-34.54,0.018943198947709898,50.0,61.31443298969072,0.7,0.0,42.92,Other
603458.SH,603458,勘设股份,20170809,,主板,L,226136723.50000003,12.189054726368154,未知,未知,,,13.98,,,1.6601,6.9728,427962.0706,427962.0706,263046137.4,True,0,0,False,False,14.12,11.05,1.272455089820368,26.8041237113402,-4.178470254957512,False,12.189054726368154,-3.057119871279157,17.8065,-27.449,-16620522.31,,,,-642055737.06,,-0.6161,0,427962.0706,263046137.4,1.0,1.5,PASS,False,0.2857142857142857,17.8065,-27.449,2.125,17.8065,ESP-Q,,1.6601,-0.6161,,87.7931712264151,0.0,0.0,13.98,14.12,0,89.3470790378007,,0.8645038167938931,1,1,100.0,158,17.003311817542194,True,1.272455089820368,,-0.014902873911608862,False,False,独立池,17.8065,0.0,22.37737462794273,81.27959863692875,0.7,0.0,56.9,Tier2
603260.SH,603260,合盛硅业,20171030,,主板,L,413546594.3999999,-11.788167516064707,化学制品,化工,801034.SI,220000,40.65,,,1.6334,0.7206,4805671.2152,4805671.2152,371197173.4,True,0,0,False,False,46.77,39.69,-6.307366439162154,-20.53892215568862,-14.881334188582429,False,-11.788167516064707,-3.057119871279157,,-302.07,,,,,-3916860159.6,544.1353,0.2637,1,4805671.2152,371197173.4,1.0,1.5,PASS,False,0.2619047619047619,,-302.07,5.17,0.0,DATA-INC,,1.6334,0.2637,,72.11200512820513,0.0,0.0,40.65,46.77,10,65.2348224513173,,0.30612244897959184,0,0,5.0,15,-10.518774004075993,False,-6.307366439162154,,-0.01292976729958047,False,False,化学制品,0.0,-0.02186354291148197,32.0,28.470446735395193,1.0,10.0,18.47,Other
601619.SH,601619,嘉泽新能,20170720,,主板,L,465570848.15,-14.35406698564593,电力,公用事业,801161.SI,410000,5.38,21.9407,25.861,1.9669,1.1827,1567072.3496,1309861.1944,323387338.00000006,True,0,0,False,False,6.44,5.36,-7.5731497418244365,-16.224648985959433,-16.61490683229814,False,-14.35406698564593,-3.057119871279157,-44.51,12.64,133331339.95,101.5124,,,1914051028.07,151.4878,1.6476,0,1567072.3496,323387338.00000006,1.0,1.5,PASS,False,0.21428571428571427,-44.51,12.64,-1.575,-22.255,,21.9407,1.9669,1.6476,,43.696173170731704,0.0,0.0,5.38,6.44,0,81.09965635738831,,0.09523809523809523,0,0,5.0,13,-15.308712532173729,False,-7.5731497418244365,,-0.0081948838201742,False,False,电力,-22.255,-0.6770772783201515,22.0,31.229896907216492,1.0,0.0,31.23,Other
603882.SH,603882,金域医学,20170908,,主板,L,167251990.04999995,-7.935368043087976,医疗服务,医药生物,801156.SI,370000,26.14,,,1.9074,1.3204,1210957.1309,1202791.7843,130777096.39999999,True,0,0,False,False,28.98,25.48,-1.3846153846153841,-15.934426229508192,-11.525189786059354,False,-7.935368043087976,-3.057119871279157,233.95,32.47,51838135.77,121.1439,,,-291077835.40999997,65.535,0.6544,0,1210957.1309,130777096.39999999,1.0,1.5,PASS,False,0.30952380952380953,233.95,32.47,12.54,233.95,,,1.9074,0.6544,,76.35799999999999,0.0,0.0,26.14,28.98,0,74.5704467353952,,0.3333333333333333,0,0,5.0,3,-2.7629542499845403,False,-1.3846153846153841,,-0.0048121145659560695,False,False,医疗服务,233.95,0.5220984652876887,50.0,34.871134020618555,1.0,0.0,34.87,Other
002885.SZ,002885,京泉华,20170627,,主板,L,1201613807.5,65.80645161290322,其他电子,电子,801082.SI,270000,53.71,172.7896,150.3164,9.4317,12.5561,1455095.0351,1274301.0361,1530184467.8000002,True,2,1,False,False,52.6,28.72,12.953967152440438,62.98397863818423,-7.167300380228148,False,65.80645161290322,-3.057119871279157,77.59,121.33,28710369.85,93.2794,,,180954022.42000002,99.155,2.0158,0,1455095.0351,1530184467.8000002,1.0,1.5,PASS,False,0.9285714285714286,77.59,121.33,10.47,77.59,,172.7896,9.4317,2.0158,2.2269570820982083,116.60343333333333,0.0,0.0,53.71,52.6,0,80.87056128293241,CHASE,1.0,1,1,100.0,4,61.16003854167524,True,12.953967152440438,OVERHEAT,0.003611131898046446,True,True,其他电子,77.59,0.22939452875757696,50.0,84.26116838487972,1.0,0.0,84.26,Tier2
603380.SH,603380,易德龙,20170622,,主板,L,157030846.54999998,15.718157181571835,电子制造,电子,801085.SI,270000,43.12,31.1362,32.7957,4.288,3.4831,691822.4544,691822.4544,306029404.0,False,1,1,False,False,44.98,33.9,15.094339622641506,9.487179487179498,-5.068919519786563,False,15.718157181571835,-3.057119871279157,-25.76,20.88,29969864.18,98.1761,,,531854878.92,291.309,1.9061,0,691822.4544,306029404.0,1.0,1.5,PASS,False,0.40476190476190477,-25.76,20.88,-24.075000000000003,-12.88,,31.1362,4.288,1.9061,,87.6280681818182,0.0,0.0,43.12,44.98,0,93.58533791523482,CHASE,0.8076923076923077,1,1,75.0,8,11.08968841601683,True,15.094339622641506,OVERHEAT,-0.0037308562997795157,True,True,电子制造,-12.88,-0.34116682134684795,32.0,71.97560137457045,1.0,0.0,71.98,Tier2
002881.SZ,002881,美格智能,20170622,,主板,L,286742848.29999995,16.282018767435957,通信设备,通信,801102.SI,730000,47.48,100.4714,100.2253,5.2599,9.9895,1433932.5596,863786.3573,638883065.8,True,1,1,False,False,46.69,37.88,12.986692952193213,-2.426048095339439,-1.799100449775104,False,16.282018767435957,-3.057119871279157,5.95,0.19,47475447.72,101.7592,,,361834747.01,-324.7326,2.107,0,1433932.5596,638883065.8,1.0,1.5,PASS,False,0.9523809523809523,5.95,0.19,15.0872,-9.1372,ESP-Q,100.4714,5.2599,2.107,16.885949579831934,156.39837500000002,0.0,0.0,47.48,46.69,0,95.07445589919816,CHASE,0.75,1,1,100.0,8,15.440167210847482,True,12.986692952193213,OVERHEAT,0.02296073633972805,True,True,通信设备,-9.1372,-0.15100504926100694,32.0,84.92233676975945,0.7,0.0,59.45,Tier2
603305.SH,603305,旭升集团,20170710,,主板,L,639267120.7,10.529715762273906,汽车零部件,汽车,801093.SI,280000,16.89,53.461,49.4613,2.0864,4.249,1951991.7511,1951991.7511,898616777.6,True,0,0,False,False,17.6,14.39,3.3212560386473466,-0.23323615160348865,-2.7840909090909194,False,10.529715762273906,-3.057119871279157,39.94,-11.03,113787357.64,90.9062,,,876904185.13,140.3289,1.3456,0,1951991.7511,898616777.6,1.0,1.5,PASS,False,0.47619047619047616,39.94,-11.03,-7.74,55.42,ESP-Q,53.461,2.0864,1.3456,1.3385327991987983,70.26558985507246,0.0,0.0,16.89,17.6,0,87.0561282932417,,0.8108108108108109,1,1,100.0,23,8.662371999535502,True,3.3212560386473466,,0.009899959554721048,False,False,汽车零部件,55.42,0.25506676371745474,50.0,86.1168384879725,0.7,0.0,60.28,Tier1
600901.SH,600901,江苏金租,20180301,,主板,L,270285631.3,-8.701854493580596,多元金融,非银金融,801191.SI,490000,6.31,11.2779,11.1063,1.413,0.5129,3654667.718,3653775.484,187504721.4,False,0,0,False,False,7.23,6.39,-3.6144578313252906,0.31347962382446415,-11.479944674965425,False,-8.701854493580596,-3.057119871279157,4.65,11.73,804793300.0,97.9264,,,8003213400.0,-171.8412,3.2276,0,3654667.718,187504721.4,1.0,1.5,PASS,False,0.19047619047619047,4.65,11.73,15.68,-11.03,ESP-Q,11.2779,1.413,3.2276,2.4253548387096773,47.574976923076925,0.0,0.0,6.31,7.23,0,83.73424971363116,,0.5,0,0,5.0,5,-0.9482807439547543,False,-3.6144578313252906,,0.005449025216013075,False,False,多元金融,-11.03,-0.6135454667196099,22.0,32.02027491408935,0.7,0.0,22.41,Other
002897.SZ,002897,意华股份,20170907,,主板,L,1179995894.7500005,-1.7091454272863627,通信设备,通信,801102.SI,730000,72.12,43.9299,47.5698,4.9189,11.4916,1398267.5796,1315650.6362,1203532805.1999998,True,0,0,False,False,76.39,56.64,-3.7298091042584303,13.347164591977867,-14.177248330933367,False,-1.7091454272863627,-3.057119871279157,-40.36,152.39,37815240.01,93.9053,,,725990922.03,579.3088,1.4304,0,1398267.5796,1203532805.1999998,1.0,1.5,PASS,False,0.9523809523809523,-40.36,152.39,15.0872,-55.447199999999995,,43.9299,4.9189,1.4304,,156.39837500000002,0.0,0.0,72.12,76.39,0,76.17411225658648,,0.4166666666666667,0,0,5.0,8,-2.550996983874837,False,-3.7298091042584303,,-0.025365851959719347,False,False,通信设备,-55.447199999999995,-0.29375314895087895,32.0,31.752233676975948,1.0,0.0,31.75,Other
002895.SZ,002895,川恒股份,20170825,,主板,L,352402573.04999995,-11.84174624829467,未知,未知,,,32.86,15.7986,15.9682,2.8393,1.3062,1991008.3745,1955043.4331,240279977.79999998,False,0,0,False,False,38.24,32.3,-5.471035693387938,-23.761208117036336,-15.507322175732218,False,-11.84174624829467,-3.057119871279157,-1.56,32.74,186996845.01,99.1445,,,2884324788.71,-242.9663,2.4137,0,1991008.3745,240279977.79999998,1.0,1.5,PASS,False,0.2857142857142857,-1.56,32.74,2.125,-3.685,ESP-Q,15.7986,2.8393,2.4137,,87.7931712264151,0.0,0.0,32.86,38.24,0,81.09965635738831,,0.20801526717557253,0,0,5.0,158,-7.02748915712063,False,-5.471035693387938,,-0.008948347419310016,False,False,独立池,-3.685,0.0,22.06040982177392,31.241978871571277,0.7,0.0,21.87,Other
603386.SH,603386,骏亚科技,20170912,,主板,L,244113386.35000005,7.986111111111116,元件,电子,801083.SI,270000,16.01,,,3.9911,4.8103,522442.4186,522442.4186,422940519.2,True,1,1,False,False,17.25,12.58,-8.096926713947994,2.708058124174384,-9.85507246376811,False,7.986111111111116,-3.057119871279157,-252.7,82.6804,-20551770.5,,,,-14777604.980000004,,-1.55,0,522442.4186,422940519.2,1.0,1.5,PASS,False,0.7380952380952381,-252.7,82.6804,13.02,-265.71999999999997,,,3.9911,-1.55,,255.29024,0.0,0.0,16.01,17.25,0,80.87056128293241,,0.4230769230769231,0,1,55.0,8,-6.393309444464114,False,-8.096926713947994,,-0.002903623765878267,False,False,元件,-265.71999999999997,-0.823721705342327,22.0,56.16116838487972,1.0,0.0,56.16,Tier2
603605.SH,603605,珀莱雅,20171115,,主板,L,245333759.4,-8.251864125932073,未知,未知,,,58.19,15.3843,15.6305,3.6256,2.5235,2304184.3906,2304184.3906,187746167.4,True,0,0,False,False,62.55,55.02,-1.3364219529579446,-22.73234719508791,-11.47881694644285,False,-8.251864125932073,-3.057119871279157,-9.97,-3.23,341157237.18,93.0378,,,3581974117.26,23.8547,5.8449,0,2304184.3906,187746167.4,1.0,1.5,PASS,False,0.2857142857142857,-9.97,-3.23,2.125,-12.095,,15.3843,3.6256,5.8449,,87.7931712264151,10.0,0.0,58.19,62.55,0,65.2348224513173,,0.3568702290076336,0,0,5.0,158,-3.4376070347580328,False,-1.3364219529579446,,0.008353488815121081,False,False,独立池,-12.095,0.0,21.936375946991813,26.457721924793553,1.0,0.0,36.46,Other
603083.SH,603083,剑桥科技,20171110,,主板,L,6239430030.849999,11.180740832661161,通信设备,通信,801102.SI,730000,190.0,254.2973,191.2309,8.977,8.8116,6700357.087,5236179.087,5783677688.2,True,2,1,False,False,209.66,149.47,-4.74697001913672,70.64089134368155,-14.53305351521511,False,11.180740832661161,-3.057119871279157,285.9,71.09,116923697.09,98.8124,,,750024071.9300001,-225.4181,1.5765,0,6700357.087,5783677688.2,1.0,1.5,PASS,False,0.9523809523809523,285.9,71.09,15.0872,285.9,ESP-Q,254.2973,8.977,1.5765,0.8894623994403639,156.39837500000002,0.0,0.0,190.0,209.66,0,65.2348224513173,,0.5833333333333334,0,1,55.0,8,10.338889276072686,True,-4.74697001913672,,-0.003586813784774187,False,False,通信设备,285.9,0.7584313497418154,50.0,57.070446735395194,0.7,0.0,39.95,Other
002892.SZ,002892,科力尔,20170817,,主板,L,159223138.05,5.945945945945952,电机,电气设备,801731.SI,630000,11.68,262.4103,451.5134,6.8332,5.1494,869743.0707,585312.7561,364009431.8,True,1,1,False,False,11.8,10.09,3.703703703703698,-7.76470588235294,-0.3389830508474634,False,5.945945945945952,-3.057119871279157,-156.8,-59.11,-6365723.23,,,,95093549.14,,-0.9117,0,869743.0707,364009431.8,1.0,1.5,PASS,False,0.9047619047619048,-156.8,-59.11,-11.325,-78.4,,262.4103,6.8332,-0.9117,,169.84244,0.0,0.0,11.68,11.8,0,79.72508591065292,,0.5454545454545454,0,1,55.0,4,0.0,False,3.703703703703698,,0.01211695549258526,False,False,电机,-78.4,-0.84447837291246,22.0,55.817525773195875,1.0,0.0,55.82,Tier2
002920.SZ,002920,德赛西威,20171226,,主板,L,1224464832.9000003,0.5876777251184961,未知,未知,,,110.5,26.878,28.2694,4.5744,5.7274,6594742.6987,6592670.8237,1708981696.2,True,1,1,False,False,113.0,96.41,1.0666666666666602,-14.749357326478151,-6.088495575221231,False,0.5876777251184961,-3.057119871279157,-4.21,24.05,475908494.76,103.1248,,,5765773433.39,197.2488,3.0185,0,6594742.6987,1708981696.2,1.0,1.5,PASS,False,0.2857142857142857,-4.21,24.05,2.125,-6.335,,26.878,4.5744,3.0185,,87.7931712264151,0.0,0.0,110.5,113.0,0,91.52348224513173,,0.6984732824427481,0,1,55.0,158,5.4019348162925365,True,1.0666666666666602,,0.0008040640492460086,False,False,独立池,-6.335,0.0,22.021326615094658,59.36130999655845,1.0,0.0,59.36,Tier2
603499.SH,603499,翔港科技,20171016,,主板,L,164781785.0,-4.7118023787740215,包装印刷,轻工制造,801141.SI,360000,21.48,55.9021,61.4903,7.0219,1.5269,649972.7497,649972.7497,149926736.2,True,1,1,False,False,23.76,19.88,-3.8319482917820946,-12.072604474461812,-12.331649831649848,False,-4.7118023787740215,-3.057119871279157,,90.76,,,,,281888135.51,128.2023,3.3631,0,649972.7497,149926736.2,1.0,1.5,PASS,False,0.8571428571428571,,90.76,-1.67,0.0,DATA-INC,55.9021,7.0219,3.3631,,117.94202,0.0,0.0,21.48,23.76,0,79.49599083619702,,0.5,0,0,5.0,5,-0.15106477402427831,False,-3.8319482917820946,,0.009314267989535335,False,False,包装印刷,0.0,-0.3462191208953377,32.0,32.748797250859106,1.0,0.0,32.75,Other
603659.SH,603659,璞泰来,20171103,,主板,L,2145622175.2999997,-12.424075096631693,未知,未知,,,32.36,29.3058,26.8437,3.3712,1.7485,6913387.4099,6913387.4099,1465368159.2,True,0,0,False,False,37.66,30.7,-1.5212666873641756,8.66735183281946,-15.772703133297927,False,-12.424075096631693,-3.057119871279157,38.23,108.74,655246331.62,93.0686,,,5456922545.849999,105.6411,3.3992,0,6913387.4099,1465368159.2,1.0,1.5,PASS,False,0.2857142857142857,38.23,108.74,2.125,38.23,,29.3058,3.3712,3.3992,0.7665655244572327,87.7931712264151,0.0,0.0,32.36,37.66,0,99.3127147766323,,0.19083969465648856,0,0,5.0,158,-7.609818005457653,False,-1.5212666873641756,,0.0035487537111108663,False,False,独立池,38.23,0.0,22.678588164400804,36.829532065869856,1.0,0.0,36.83,Other
603283.SH,603283,赛腾股份,20171225,,主板,L,1116964516.0,32.67326732673268,未知,未知,,,67.19,37.5648,35.8851,5.1146,7.9107,1822018.3277,1822018.3277,1899185750.9999998,True,1,0,False,False,72.72,49.31,9.477124183006524,38.1728191379666,-7.865786578657863,False,32.67326732673268,-3.057119871279157,46.57,-12.0,88987108.14,97.7193,,,921960089.31,-23.9275,2.5866,0,1822018.3277,1899185750.9999998,1.0,1.5,PASS,False,0.2857142857142857,46.57,-12.0,2.125,46.57,ESP-Q,37.5648,5.1146,2.5866,0.806630878247799,87.7931712264151,0.0,0.0,67.19,72.72,0,91.29438717067583,CHASE,0.9656488549618321,1,1,100.0,158,37.48752441790672,True,9.477124183006524,OVERHEAT,-0.0065887669432011155,True,True,独立池,46.57,0.0,22.801589652591385,81.94863408172102,0.7,0.0,57.36,Tier2
603533.SH,603533,掌阅科技,20170921,,主板,L,614666306.3999999,-4.190048634493082,未知,未知,,,25.1,,,4.7993,3.6672,1101631.0559,1101631.0559,652313093.5999999,True,0,0,False,False,27.83,24.48,3.0168946098149574,-24.365032486709982,-7.977003233920222,False,-4.190048634493082,-3.057119871279157,52.2805,-699.68,-36785692.16,,,,-634689295.61,,-1.4586,0,1101631.0559,652313093.5999999,1.0,1.5,PASS,False,0.2857142857142857,52.2805,-699.68,2.125,52.2805,ESP-Q,,4.7993,-1.4586,,87.7931712264151,0.0,0.0,25.1,27.83,0,81.90148911798396,,0.5343511450381679,0,0,5.0,158,0.6242084566809583,False,3.0168946098149574,,-0.002949702146234195,False,False,独立池,52.2805,0.0,22.885810275890222,31.64760879057323,0.7,0.0,22.15,Other
600025.SH,600025,华能水电,20171215,,主板,L,353990228.45000005,-5.182926829268286,电力,公用事业,801161.SI,410000,9.23,20.2213,20.1384,2.4237,0.2088,17196499.9992,17196499.9992,472473431.00000006,False,0,0,False,False,9.95,9.29,-1.8927444794952675,1.7448200654307522,-6.23115577889447,False,-5.182926829268286,-3.057119871279157,1.33,2.65,1540823154.93,99.8421,,,22243386210.29,185.548,1.8468,0,17196499.9992,472473431.00000006,1.0,1.5,PASS,False,0.21428571428571427,1.33,2.65,-1.575,0.665,,20.2213,2.4237,1.8468,15.203984962406015,43.696173170731704,0.0,0.0,9.23,9.95,0,74.5704467353952,,0.16666666666666666,0,0,5.0,13,-6.137572375796085,False,-1.8927444794952675,,0.001330037180714986,False,False,电力,0.665,-0.029399069561363473,32.0,31.27113402061856,1.0,0.0,31.27,Other
002970.SZ,002970,锐明技术,20191217,,主板,L,650791556.3999999,11.300406376992811,计算机设备,计算机,801101.SI,710000,72.45,34.5927,40.6802,6.53,4.6075,1323770.6242,906860.4174,431882064.8,False,0,0,False,False,80.3,61.85,-3.142002176278569,-6.3149585580844825,-11.320049813200505,False,11.300406376992811,-3.057119871279157,-45.64,29.58,43748124.64,100.6554,,,817726159.39,-607.895,2.0658,0,1323770.6242,431882064.8,1.0,1.5,PASS,False,0.5476190476190477,-45.64,29.58,0.49,-46.13,ESP-Q,34.5927,6.53,2.0658,,108.09019285714285,0.0,0.0,72.45,80.3,0,93.58533791523482,,0.8666666666666667,1,1,75.0,5,14.276596853183287,True,-3.142002176278569,,0.0029353707089375593,False,False,计算机设备,-46.13,-0.812456940981013,22.0,69.97560137457045,0.7,0.0,48.98,Other
603103.SH,603103,横店影视,20171012,,主板,L,200942891.8,-18.32374691865243,未知,未知,,,19.75,78.6711,,9.7991,0.6988,1252545.0,1252545.0,97545434.19999999,True,0,0,False,False,24.99,19.84,-1.4866204162537255,-36.70805475963069,-20.44817927170868,False,-18.32374691865243,-3.057119871279157,-92.5,137.9342,24410842.74,60.841,,,276061093.99,313.1056,3.189,0,1252545.0,97545434.19999999,1.0,1.5,PASS,False,0.2857142857142857,-92.5,137.9342,2.125,-94.625,ESP-Q,78.6711,9.7991,3.189,,87.7931712264151,0.0,0.0,19.75,24.99,0,65.40664375715922,,0.05725190839694656,0,0,5.0,158,-13.509489827478388,False,-1.4866204162537255,,5.8693758465507985e-05,False,False,独立池,-94.625,0.0,20.719192155580703,26.265831558263905,0.7,0.0,18.39,Other
003036.SZ,003036,泰坦股份,20210128,,主板,L,640721384.35,72.21213221939699,专用设备,机械设备,801074.SI,640000,50.89,232.4623,225.1817,7.7507,6.9267,1100669.4592,1100641.2153,614540023.8,True,4,2,False,True,49.41,27.06,10.641773628938145,160.63771302913685,-4.047763610605138,False,72.21213221939699,-3.057119871279157,29.85,-71.18,14550827.28,70.9415,,,71179277.43,-665.578,1.3752,0,1100669.4592,614540023.8,1.0,1.5,PASS,False,0.5714285714285714,29.85,-71.18,-11.475,52.800000000000004,ESP-Q,232.4623,7.7507,1.3752,7.787681742043551,213.18103214285716,0.0,0.0,50.89,49.41,0,88.77434135166094,CHASE,1.0,1,1,100.0,10,76.59424854041104,True,10.641773628938145,突破型|OVERHEAT,0.004408075294833803,True,True,专用设备,52.800000000000004,0.4681056191811629,50.0,86.63230240549828,0.7,0.0,60.64,Tier2
601330.SH,601330,绿色动力,20180611,,主板,L,461632892.45,5.58930741190764,未知,未知,,,8.61,19.9471,19.274,1.4887,2.5579,1231733.4146,851610.7037,526959690.00000006,True,0,0,False,False,10.01,7.9,-7.058823529411762,21.87938288920055,-13.186813186813195,False,5.58930741190764,-3.057119871279157,11.56,5.81,205549646.98,99.5268,,,1816546255.94,94.0358,2.4649,0,1231733.4146,526959690.00000006,1.0,1.5,PASS,False,0.2857142857142857,11.56,5.81,2.125,11.56,,19.9471,1.4887,2.4649,1.7255276816608995,87.7931712264151,0.0,0.0,8.61,10.01,0,74.5704467353952,,0.7843511450381679,1,1,100.0,158,10.40356450308168,True,-7.058823529411762,,-0.005148647543495889,False,False,独立池,11.56,0.0,22.285248873028767,76.8281837952243,1.0,0.0,76.83,Tier2
002921.SZ,002921,联诚精密,20171227,,主板,L,248389046.75000003,17.138171381713807,汽车零部件,汽车,801093.SI,280000,27.88,,,3.167,4.494,415328.7141,358099.4464,193092695.6,True,0,0,False,False,33.26,23.62,-7.868429538858434,19.24040066777963,-14.10102224894768,False,17.138171381713807,-3.057119871279157,81.63,8.15,-1772820.74,,,,-81498011.56,,-0.0723,0,415328.7141,193092695.6,1.0,1.5,PASS,False,0.47619047619047616,81.63,8.15,-7.74,97.10999999999999,,,3.167,-0.0723,,70.26558985507246,0.0,0.0,27.88,33.26,0,68.38487972508591,,0.8783783783783784,1,1,100.0,23,15.270827618975403,True,-7.868429538858434,,-0.03271178446149064,True,False,汽车零部件,97.10999999999999,0.4121215739054025,50.0,80.51546391752578,1.0,0.0,80.52,Tier2
002903.SZ,002903,宇环数控,20171013,,主板,L,576796977.55,32.62875855909495,通用机械,机械设备,801072.SI,640000,44.64,,,8.9831,6.5104,699499.872,476155.4571,587033143.6,True,3,0,False,False,50.11,30.68,-6.799163179916324,87.18487394957981,-11.095589702654163,False,32.62875855909495,-3.057119871279157,-1984.85,-1830.33,-11625261.2,,,,-49647740.46,,-1.105,0,699499.872,587033143.6,1.0,1.5,PASS,False,0.5952380952380952,-1984.85,-1830.33,-0.595,-992.425,,,8.9831,-1.105,,108.90780749999999,0.0,0.0,44.64,50.11,0,88.31615120274914,CHASE,0.9183673469387755,1,1,100.0,15,30.528301938090372,True,-6.799163179916324,,-0.0137013867472443,True,False,通用机械,-992.425,-3.6056184194315306,5.0,77.49484536082474,1.0,0.0,77.49,Tier2
002896.SZ,002896,中大力德,20170829,,主板,L,734683768.5999999,10.096418732782396,通用机械,机械设备,801072.SI,640000,80.36,251.8509,280.16,13.1079,5.5329,1579256.1761,1579256.1761,1117043578.1999998,True,0,0,False,False,83.12,67.41,-0.831265508684853,-8.295089490592,-3.8378248315688146,False,10.096418732782396,-3.057119871279157,-43.19,-20.27,6804036.91,61.5081,,,135527664.23,-83.015,0.9193,0,1579256.1761,1117043578.1999998,1.0,1.5,PASS,False,0.5952380952380952,-43.19,-20.27,-0.595,-21.595,ESP-Q,251.8509,13.1079,0.9193,,108.90780749999999,0.0,10.0,80.36,83.12,0,50.0,COV-LOW,0.6122448979591837,0,1,55.0,15,7.99596211177782,True,-0.831265508684853,,-0.023685335343572127,False,False,通用机械,-21.595,0.06792606239156722,50.0,52.5,0.7,10.0,26.75,Other
603507.SH,603507,振江股份,20171106,,主板,L,569887644.3000001,-4.793608521970716,未知,未知,,,42.5,70.3082,38.916,3.0123,4.5817,783280.5548,772532.3048,415618907.2,True,0,0,False,False,49.77,42.53,-5.402425578831316,36.62420382165605,-13.803496081977107,False,-4.793608521970716,-3.057119871279157,31.15,-18.86,46378445.37,47.782,,,378685249.24,213.8862,3.7986,0,783280.5548,415618907.2,1.0,1.5,PASS,False,0.2857142857142857,31.15,-18.86,2.125,31.15,ESP-Q,70.3082,3.0123,3.7986,2.2570850722311397,87.7931712264151,0.0,0.0,42.5,49.77,0,75.83046964490264,,0.5019083969465649,0,0,5.0,158,0.02064856920332403,False,-5.402425578831316,,-0.011037680407705613,False,False,独立池,31.15,0.0,22.57416963485772,29.763974820442336,0.7,0.0,20.83,Other
603893.SH,603893,瑞芯微,20200207,,主板,L,2144585277.8000002,7.325187862100613,半导体,电子,801081.SI,270000,195.24,79.0373,70.8781,17.4146,3.744,8219498.5704,8217897.6024,3280682250.6,True,0,0,False,False,203.0,170.0,8.175300647548568,1.343299750839555,-7.832512315270934,False,7.325187862100613,-3.057119871279157,53.84,87.39,319900584.29,97.1767,,,2600554944.56,106.9377,7.2332,0,8219498.5704,3280682250.6,1.0,1.5,PASS,False,0.8333333333333334,53.84,87.39,20.14,53.84,,79.0373,17.4146,7.2332,1.4680033432392272,137.7359375,0.0,0.0,195.24,203.0,0,91.29438717067583,,0.21428571428571427,0,1,55.0,9,-11.56059966446361,False,8.175300647548568,OVERHEAT,-0.004414034550296887,False,True,半导体,53.84,-0.17603549050974554,32.0,61.28831615120275,1.0,0.0,61.29,Tier2
600968.SH,600968,海油发展,20190626,,主板,L,253911065.95000002,-4.460093896713602,未知,未知,,,4.17,10.9127,10.7921,1.4053,0.5952,4238848.451,4238848.451,227978643.40000004,True,0,0,False,False,4.47,4.05,-2.1634615384615308,-12.473118279569896,-8.94854586129753,False,-4.460093896713602,-3.057119871279157,14.92,2.91,633400026.76,99.3684,,,9242797730.86,-185.3293,2.134,0,4238848.451,227978643.40000004,1.0,1.5,PASS,False,0.2857142857142857,14.92,2.91,2.125,14.92,ESP-Q,10.9127,1.4053,2.134,0.7314142091152814,87.7931712264151,0.0,0.0,4.17,4.47,0,65.2348224513173,,0.5152671755725191,0,0,5.0,158,0.35416319446043865,False,-2.1634615384615308,,0.0016064875181208064,False,False,独立池,14.92,0.0,22.33480342942209,26.53740742127961,0.7,0.0,18.58,Other
603655.SH,603655,朗博科技,20171229,,主板,L,173033656.7,-1.5196078431372495,汽车零部件,汽车,801093.SI,280000,41.37,96.9193,101.5745,7.6154,1.8558,438522.0,438522.0,96823646.60000001,False,1,0,False,False,51.9,39.83,-1.7363658596233789,-3.645083932853721,-22.581888246628136,False,-1.5196078431372495,-3.057119871279157,-22.66,77.88,7581784.13,92.2053,,,100972797.69,59.2079,1.4382,0,438522.0,96823646.60000001,1.0,1.5,PASS,False,0.47619047619047616,-22.66,77.88,-7.74,-11.33,,96.9193,7.6154,1.4382,,70.26558985507246,0.0,0.0,41.37,51.9,0,63.57388316151202,,0.4189189189189189,0,0,5.0,23,-3.3869516058756544,False,-1.7363658596233789,,0.009912146061940668,False,False,汽车零部件,-11.33,0.0036057759495122074,50.0,31.572164948453604,1.0,0.0,31.57,Other
603829.SH,603829,洛凯股份,20171017,,主板,L,205938837.7,-11.935483870967733,未知,未知,,,25.39,59.3339,85.9723,3.1662,2.394,472929.7777,472929.7777,128065129.0,True,0,0,False,False,30.19,24.34,-7.943049831397531,-1.3649136892814107,-18.615435574693606,False,-11.935483870967733,-3.057119871279157,-96.1,-36.9,1049937.8,32.4512,,,142901502.07999998,-12399.3659,0.2168,0,472929.7777,128065129.0,1.0,1.5,PASS,False,0.2857142857142857,-96.1,-36.9,2.125,-98.225,ESP-Q,59.3339,3.1662,0.2168,,87.7931712264151,0.0,0.0,25.39,30.19,0,58.8774341351661,,0.20229007633587787,0,0,5.0,158,-7.121226779793693,False,-7.943049831397531,,0.0013527566979602387,False,False,独立池,-98.225,0.0,20.66609798801643,24.296449838153116,0.7,0.0,17.01,Other
002922.SZ,002922,伊戈尔,20171229,,主板,L,1091639395.4,4.646413071227973,其他电子,电子,801082.SI,270000,40.46,85.6164,75.558,4.5169,9.2056,1714399.1345,1519284.256,1363239501.0,False,1,1,False,False,46.0,38.5,-3.11982982746396,-10.852544584601986,-10.89130434782608,False,4.646413071227973,-3.057119871279157,89.82,-26.32,52261546.86,76.101,,,497636547.90999997,-243.4117,1.8125,0,1714399.1345,1363239501.0,1.0,1.5,PASS,False,0.9285714285714286,89.82,-26.32,10.47,89.82,ESP-Q,85.6164,4.5169,1.8125,0.9531997327989312,116.60343333333333,0.0,0.0,40.46,46.0,0,82.58877434135165,,0.5384615384615384,0,1,40.0,4,0.0,False,-3.11982982746396,,-0.010932567438508638,False,False,其他电子,89.82,0.3548250619183815,50.0,54.776632302405496,0.7,0.0,38.34,Other
603912.SH,603912,佳力图,20171101,,主板,L,467084816.25,-1.6129032258064502,通用机械,机械设备,801072.SI,640000,10.71,,,3.3724,4.5655,580344.1088,580344.1088,358308900.99999994,True,1,0,False,False,12.18,9.78,-10.371650821089029,12.108108108108095,-14.860426929392457,False,-1.6129032258064502,-3.057119871279157,,-513.7,,,,,-149971460.04,,-1.1394,1,580344.1088,358308900.99999994,1.0,1.5,PASS,False,0.5952380952380952,,-513.7,-0.595,0.0,DATA-INC,,3.3724,-1.1394,,108.90780749999999,0.0,0.0,10.71,12.18,10,76.17411225658648,,0.40816326530612246,0,0,5.0,15,-3.7133598468110263,False,-10.371650821089029,,-0.007935179794991658,False,False,通用机械,0.0,0.14963984656075216,50.0,35.35223367697594,1.0,10.0,25.35,Other
002915.SZ,002915,中欣氟材,20171205,,主板,L,382516573.84999996,2.4186046511627923,化学制品,化工,801034.SI,220000,22.13,394.1849,692.4129,4.9901,8.3383,741959.8793,637508.0386,832067760.8000001,True,2,1,False,False,25.41,18.13,-4.716572912159234,-5.897435897435899,-13.341204250295158,False,2.4186046511627923,-3.057119871279157,-329.39,103.58,-6067283.92,,,,8972263.41,,-0.356,0,741959.8793,832067760.8000001,1.0,1.5,PASS,False,0.2619047619047619,-329.39,103.58,5.17,-334.56,,394.1849,4.9901,-0.356,,72.11200512820513,0.0,0.0,22.13,25.41,0,89.69072164948454,,0.5918367346938775,0,1,55.0,15,3.687998163151507,False,-4.716572912159234,,-0.0005960344839242018,False,False,化学制品,-334.56,-0.7762343168332602,22.0,58.80721649484536,1.0,0.0,58.81,Tier2
002939.SZ,002939,长城证券,20181026,,主板,L,398704779.00000006,-0.7751937984495916,证券,非银金融,801193.SI,490000,8.78,15.063,14.9644,1.0858,1.2658,3542226.8674,3163135.156,455377930.59999996,False,0,0,False,False,10.09,8.7,-2.3965141612200314,-7.438016528925607,-11.19920713577799,False,-0.7751937984495916,-3.057119871279157,2.85,49.28,621269282.26,100.0796,,,6281590042.2300005,595.1991,1.9249,0,3542226.8674,455377930.59999996,1.0,1.5,PASS,False,0.07142857142857142,2.85,49.28,30.57,-27.72,,15.063,1.0858,1.9249,5.285263157894737,30.16254222222222,0.0,0.0,8.78,10.09,0,67.81214203894616,,0.6666666666666666,0,1,40.0,14,1.5418793722821067,False,-2.3965141612200314,,-0.01409029670644777,False,False,证券,-27.72,-0.4649761989436211,32.0,46.743642611683846,1.0,0.0,46.74,Other
002913.SZ,002913,奥士康,20171201,,主板,L,423097329.55,2.798434442270059,元件,电子,801083.SI,270000,56.06,57.7811,83.4949,4.0161,3.1318,1779122.9854,1691247.0854,380658615.6,False,0,0,False,False,59.99,47.0,1.2333783002505205,20.536943552088125,-12.435405900983499,False,2.798434442270059,-3.057119871279157,-83.65,-9.35,17595186.2,100.8299,,,779190040.02,1395.4819,0.3934,0,1779122.9854,380658615.6,1.0,1.5,PASS,False,0.7380952380952381,-83.65,-9.35,13.02,-96.67,,57.7811,4.0161,0.3934,,255.29024,0.0,0.0,56.06,59.99,0,93.58533791523482,,0.3076923076923077,0,1,40.0,8,-11.58098611330517,False,1.2333783002505205,,0.004525929002584263,False,False,元件,-96.67,-0.5082991254924863,22.0,52.475601374570445,1.0,0.0,52.48,Tier2
002925.SZ,002925,盈趣科技,20180115,,主板,L,237640570.85000002,0.0,电子制造,电子,801085.SI,270000,20.59,27.5336,26.7629,3.183,1.6703,1588866.5801,1505228.075,220556457.0,False,0,0,False,False,21.52,18.54,-2.754954084098604,-6.722299490032446,-6.505576208178432,False,0.0,-3.057119871279157,-18.93,-7.12,60182837.1,64.5347,,,578835480.61,140.3639,1.8207,1,1588866.5801,220556457.0,1.0,1.5,PASS,False,0.40476190476190477,-18.93,-7.12,-24.075000000000003,-9.465,ESP-Q,27.5336,3.183,1.8207,,87.6280681818182,0.0,0.0,20.59,21.52,10,81.78694158075601,,0.38461538461538464,0,1,40.0,8,-4.628468765555005,False,-2.754954084098604,,-0.0009209250550456917,False,False,电子制造,-9.465,-0.3311197292943023,32.0,50.9360824742268,0.7,10.0,25.66,Other
002945.SZ,002945,华林证券,20190117,,主板,L,197821705.34999996,-2.9562982005141403,证券,非银金融,801193.SI,490000,14.7,78.4029,79.8655,5.3982,0.5806,3969000.0,3969000.0,184707432.8,True,0,0,False,False,16.39,14.66,0.3989361702127603,-18.157181571815716,-7.870652837095793,False,-2.9562982005141403,-3.057119871279157,-12.22,24.29,93093428.87,99.2884,,,1255606511.93,6644.9057,1.2834,0,3969000.0,184707432.8,1.0,1.5,PASS,False,0.07142857142857142,-12.22,24.29,30.57,-42.79,,78.4029,5.3982,1.2834,,30.16254222222222,0.0,0.0,14.7,16.39,0,82.0160366552119,,0.4222222222222222,0,0,5.0,14,-0.639225029782442,False,0.3989361702127603,,0.004976799857219379,False,False,证券,-42.79,-0.6699940525053959,22.0,31.50481099656357,1.0,0.0,31.5,Other
002958.SZ,002958,青农商行,20190326,,主板,L,159947504.75,-3.6666666666666625,未知,未知,,,2.88,5.1148,5.0088,0.4174,0.588,1600019.5078,1566573.3524,112903462.80000001,False,0,0,False,False,3.15,2.88,-1.7006802721088343,-7.66773162939296,-8.253968253968246,False,-3.6666666666666625,-3.057119871279157,10.28,13.33,1253982000.0,100.4936,,,9594270000.0,-86.6278,2.7911,0,1600019.5078,112903462.80000001,1.0,1.5,PASS,False,0.2857142857142857,10.28,13.33,2.125,10.28,ESP-Q,5.1148,0.4174,2.7911,0.4975486381322957,87.7931712264151,0.0,0.0,2.88,3.15,0,67.81214203894616,,0.5515267175572519,0,0,5.0,158,1.1475904245073778,False,-1.7006802721088343,,-0.04831175132900358,False,False,独立池,10.28,0.0,22.266370946783688,27.296916801040584,0.7,0.0,19.11,Other
002966.SZ,002966,苏州银行,20190802,,主板,L,230936013.25,-2.9680365296803624,未知,未知,,,8.4,7.0216,6.8576,0.7248,0.7903,3755356.0892,3692203.7401,253935789.99999997,True,0,0,False,False,8.89,8.28,0.9501187648456089,3.785103785103794,-4.386951631046121,False,-2.9680365296803624,-3.057119871279157,10.21,5.28,1680977000.0,99.9263,,,14533823000.0,1816.401,2.7169,0,3755356.0892,253935789.99999997,1.0,1.5,PASS,False,0.2857142857142857,10.21,5.28,2.125,10.21,,7.0216,0.7248,2.7169,0.6877179236043095,87.7931712264151,0.0,0.0,8.4,8.89,0,77.43413516609394,,0.5725190839694656,0,0,5.0,158,1.846220561493678,False,0.9501187648456089,,0.0005215139529348795,False,False,独立池,10.21,0.0,22.26533856019216,30.183308261866614,1.0,0.0,30.18,Other
002948.SZ,002948,青岛银行,20190116,,主板,L,320359140.84999996,1.9748653500897495,未知,未知,,,5.67,6.3614,6.051,0.7756,1.3572,3300141.1285,1764788.3034,258458870.20000002,False,0,0,False,False,6.22,5.28,0.0,5.380333951762517,-8.681672025723476,False,1.9748653500897495,-3.057119871279157,22.46,23.78,1512834000.0,99.2536,,,13670171000.0,661.7373,3.045,0,3300141.1285,258458870.20000002,1.0,1.5,PASS,False,0.2857142857142857,22.46,23.78,2.125,22.46,,6.3614,0.7756,3.045,0.28323241317898484,87.7931712264151,10.0,0.0,5.67,6.22,0,67.81214203894616,,0.7232824427480916,1,1,75.0,158,6.78912244126379,True,0.0,,0.04053259119112017,False,False,独立池,22.46,0.0,22.446006213709502,62.33284385442575,1.0,0.0,72.33,Tier2
600903.SH,600903,贵州燃气,20171107,,主板,L,415372396.2,60.096153846153854,燃气,公用事业,801163.SI,410000,10.42,254.2694,155.6476,3.9153,11.5034,1198309.8031,1198309.8031,1271192654.2,True,4,4,False,True,10.66,6.21,24.71910112359552,48.219584569732945,-6.285178236397748,False,60.096153846153854,-3.057119871279157,48.56,-47.48,97570088.15,96.2416,,,245195355.68,180.4852,3.1965,0,1198309.8031,1271192654.2,1.0,1.5,PASS,False,0.23809523809523808,48.56,-47.48,-1.23,51.019999999999996,ESP-Q,254.2694,3.9153,3.1965,5.236190280065897,177.38852,0.0,0.0,10.42,10.66,0,74.5704467353952,CHASE,1.0,1,1,100.0,4,61.3735396382875,True,24.71910112359552,突破型|OVERHEAT,0.015263836005707214,True,True,燃气,51.019999999999996,0.23408726093410667,50.0,82.37113402061856,0.7,0.0,57.66,Tier2
601456.SH,601456,国联民生,20200731,,主板,L,254482054.64999998,-0.3232758620689613,证券,非银金融,801193.SI,490000,9.07,25.6471,24.1946,0.9632,0.771,5152297.675,3969922.3266,225543030.8,True,0,0,False,False,9.74,9.18,-0.8574490889603492,-5.225409836065575,-5.030800821355241,False,-0.3232758620689613,-3.057119871279157,28.34,412.38,484473835.7,97.5276,,,5278281413.89,878.3636,0.9374,0,5152297.675,225543030.8,1.0,1.5,PASS,False,0.07142857142857142,28.34,412.38,30.57,-2.2300000000000004,,25.6471,0.9632,0.9374,0.9049788285109386,30.16254222222222,0.0,0.0,9.07,9.74,0,88.77434135166094,,0.7111111111111111,1,1,100.0,14,1.993797308662737,False,-0.8574490889603492,,0.006055187636208979,False,False,证券,-2.2300000000000004,-0.11820081159858843,32.0,83.03230240549829,1.0,0.0,83.03,Tier2
002989.SZ,002989,中天精装,20200610,,主板,L,341356602.9500001,19.43585780525503,装修装饰,建筑装饰,801722.SI,620000,32.51,,,4.7031,6.0567,655449.8481,596027.2573,524751013.20000005,True,2,0,False,False,35.67,23.2,-4.687018193031145,12.277515437704324,-13.344547238575831,False,19.43585780525503,-3.057119871279157,-50.7,52.37,-16276503.73,,,,-336871028.96,,-0.6229,0,655449.8481,524751013.20000005,1.0,1.5,PASS,False,0.6904761904761905,-50.7,52.37,15.48,-66.18,,,4.7031,-0.6229,,84.0898,0.0,0.0,32.51,35.67,0,88.77434135166094,CHASE,1.0,1,1,100.0,3,12.82107181303711,True,-4.687018193031145,,-0.0061708142500693204,True,False,装修装饰,-66.18,-0.28918888905160417,32.0,83.03230240549829,1.0,0.0,83.03,Tier2
002916.SZ,002916,深南电路,20171213,,主板,L,3563053055.7500005,16.43923746317679,元件,电子,801083.SI,270000,378.27,78.6586,70.8938,14.2432,2.2511,25766488.7891,25147747.0652,3539713140.8,True,0,0,False,False,366.0,282.49,6.382057231245164,33.02901353965184,-6.043715846994536,False,16.43923746317679,-3.057119871279157,75.04,78.96,849446715.47,99.9078,,,7410514171.150001,26.2363,4.8254,0,25766488.7891,3539713140.8,1.0,1.5,PASS,False,0.7380952380952381,75.04,78.96,13.02,75.04,,78.6586,14.2432,4.8254,1.0482222814498934,255.29024,0.0,0.0,378.27,366.0,0,91.29438717067583,CHASE,0.5769230769230769,0,1,55.0,8,2.0598169076015616,False,6.382057231245164,,0.008182113598812546,True,False,元件,75.04,-0.18791337461395236,32.0,61.28831615120275,1.0,0.0,61.29,Tier2
002928.SZ,002928,华夏航空,20180302,,主板,L,229142467.39999998,-14.994232987312571,未知,未知,,,7.18,14.6631,13.5371,2.306,2.9328,917777.4329,917772.7839,227337166.60000002,True,0,0,False,False,8.78,7.11,-4.780361757105944,-30.798122065727696,-16.059225512528464,False,-14.994232987312571,-3.057119871279157,100.21,439.46,151962850.88,113.3707,,,1550310122.07,429.989,3.4167,0,917777.4329,227337166.60000002,1.0,1.5,PASS,False,0.2857142857142857,100.21,439.46,2.125,100.21,,14.6631,2.306,3.4167,0.14632372018760603,87.7931712264151,10.0,0.0,7.18,8.78,0,67.81214203894616,,0.11641221374045801,0,0,5.0,158,-10.179975896138531,False,-4.780361757105944,,0.005141817804881046,False,False,独立池,100.21,0.0,23.59269274929915,27.562181161543677,1.0,0.0,37.56,Other
603486.SH,603486,科沃斯,20180528,,主板,L,686461962.35,6.899781454886056,未知,未知,,,67.76,22.3099,23.2336,4.2277,1.7922,3922779.2666,3885036.269,896060929.6000001,False,1,0,False,False,71.0,61.02,5.111281657712974,-6.396938217605241,-3.549295774647887,False,6.899781454886056,-3.057119871279157,11.46,126.14,396566358.11,97.9722,,,4160910904.6900005,43.5343,4.3902,0,3922779.2666,896060929.6000001,1.0,1.5,PASS,False,0.2857142857142857,11.46,126.14,2.125,11.46,,22.3099,4.2277,4.3902,1.9467626527050608,87.7931712264151,0.0,0.0,67.76,71.0,0,79.72508591065292,,0.8034351145038168,1,1,75.0,158,11.714038546060095,True,5.111281657712974,,0.00843784119140313,False,False,独立池,11.46,0.0,22.283774035040867,65.87428058020404,1.0,0.0,65.87,Tier2
603225.SH,603225,新凤鸣,20170418,,主板,L,352594006.49999994,-4.595060310166577,化学纤维,化工,801032.SI,220000,16.65,27.4265,25.8729,1.328,0.7256,2793027.1437,2778128.5572,320341810.79999995,True,0,0,False,False,19.28,16.34,-2.4662360540223194,-22.237827715355806,-13.84854771784233,False,-4.595060310166577,-3.057119871279157,93.87,-6.9,504738043.7,137.3164,,,2838514951.1800003,-576.8684,1.8849,0,2793027.1437,320341810.79999995,1.0,1.5,PASS,False,0.4523809523809524,93.87,-6.9,16.295,93.87,ESP-Q,27.4265,1.328,1.8849,0.2921753488867583,154.65064285714286,10.0,0.0,16.65,19.28,0,74.5704467353952,,0.7142857142857143,1,0,55.0,3,4.643391624914571,False,-2.4662360540223194,,0.006859979442701867,False,False,化学纤维,93.87,0.45768888146585274,50.0,59.871134020618555,0.7,0.0,51.91,Tier2
002995.SZ,002995,天地在线,20200805,,主板,L,204445818.89999998,-13.705583756345185,未知,未知,,,20.09,,,4.4434,5.4478,356506.0503,225846.1709,216793290.79999998,True,0,0,False,False,24.1,20.36,-9.009812667261386,-23.8521836506159,-15.352697095435698,False,-13.705583756345185,-3.057119871279157,96.95,-88.68,-538883.28,,,,-208475963.85,,-0.0424,0,356506.0503,216793290.79999998,1.0,1.5,PASS,False,0.2857142857142857,96.95,-88.68,2.125,96.95,ESP-Q,,4.4434,-0.0424,,87.7931712264151,0.0,0.0,20.09,24.1,0,88.77434135166094,,0.15458015267175573,0,0,5.0,158,-8.891326665171144,False,-9.009812667261386,,-0.0015195401448052995,False,False,独立池,96.95,0.0,23.544613030893718,33.841225011677025,0.7,0.0,23.69,Other
603897.SH,603897,长城科技,20180410,,主板,L,644707358.2,8.17120622568095,未知,未知,,,57.15,37.3973,38.6622,4.6526,5.4134,1179779.9169,1179779.9169,664250045.4,True,1,0,False,False,60.6,46.97,-1.7667844522968212,102.03488372093025,-8.25082508250825,False,8.17120622568095,-3.057119871279157,-17.25,34.74,43641281.56,97.8338,,,698708070.8199999,281.9931,1.7706,0,1179779.9169,664250045.4,1.0,1.5,PASS,False,0.2857142857142857,-17.25,34.74,2.125,-19.375,,37.3973,4.6526,1.7706,,87.7931712264151,0.0,0.0,57.15,60.6,0,65.40664375715922,,0.8225190839694656,1,1,100.0,158,12.98546331685499,True,-1.7667844522968212,,-0.0004193464068060624,False,False,独立池,-19.375,0.0,21.829007741472935,73.98779467544236,1.0,0.0,73.99,Tier2
603890.SH,603890,春秋电子,20171212,,主板,L,854428390.9499999,5.454545454545445,电子制造,电子,801085.SI,270000,22.97,36.0243,33.6142,3.1095,11.0777,1026318.8971,1026318.8971,815431374.0,True,1,1,False,False,22.51,18.36,4.087736789631102,37.82178217821781,-7.241226121723687,False,5.454545454545445,-3.057119871279157,82.87,169.55,58772640.76,96.7859,,,558098130.9300001,344.1233,1.8163,1,1026318.8971,815431374.0,1.0,1.5,PASS,False,0.40476190476190477,82.87,169.55,-24.075000000000003,131.02,,36.0243,3.1095,1.8163,0.43470857970314947,87.6280681818182,0.0,0.0,22.97,22.51,10,78.23596792668958,,0.6538461538461539,0,1,55.0,8,0.8260766889904403,False,4.087736789631102,,0.011821463525231713,False,False,电子制造,131.02,0.08219380716305717,50.0,60.970790378006875,1.0,10.0,50.97,Tier2
603666.SH,603666,亿嘉和,20180612,,主板,L,167374511.49999997,14.712471994025389,未知,未知,,,31.21,,,3.0277,3.2932,641460.4408,641460.4408,199866740.8,False,0,0,False,False,31.9,26.32,0.39215686274509665,-2.938388625592414,-3.699059561128526,False,14.712471994025389,-3.057119871279157,-1107.55,69.3156,-52885358.15,,,,-192434076.61,,-2.3757,0,641460.4408,199866740.8,1.0,1.5,PASS,False,0.2857142857142857,-1107.55,69.3156,2.125,-1109.675,,,3.0277,-2.3757,,87.7931712264151,0.0,0.0,31.21,31.9,0,74.5704467353952,,0.8835877862595419,1,1,75.0,158,19.526729085199428,True,0.39215686274509665,,-0.012761483585182263,False,False,独立池,-1109.675,0.0,5.748849159435724,61.020903852505704,1.0,0.0,61.02,Tier2
603596.SH,603596,伯特利,20180427,,主板,L,630703573.2,-28.509343763581064,汽车零部件,汽车,801093.SI,280000,33.94,23.2664,23.297,3.8906,6.3069,3046588.2797,3046588.2797,882860707.0,True,0,0,False,False,48.57,30.03,3.296703296703285,-37.52373718192176,-32.2627136092238,False,-28.509343763581064,-3.057119871279157,-4.48,9.63,253843704.56,94.4916,,,2334072436.45,38.4731,3.3063,0,3046588.2797,882860707.0,1.0,1.5,PASS,False,0.47619047619047616,-4.48,9.63,-7.74,-2.24,,23.2664,3.8906,3.3063,,70.26558985507246,10.0,0.0,33.94,48.57,0,81.32875143184421,,0.013513513513513514,0,0,5.0,23,-30.37668752631947,False,3.296703296703285,,0.0256499241787725,False,False,汽车零部件,-2.24,0.037849676755663475,50.0,36.89862542955326,1.0,0.0,46.9,Other
603105.SH,603105,芯能科技,20180709,,主板,L,260799914.3,-23.076923076923084,电力,公用事业,801161.SI,410000,9.4,23.4118,26.786,2.187,2.3509,470010.2498,470010.2498,154379844.2,False,0,0,False,False,12.34,9.15,-7.8156312625250575,-10.2439024390244,-25.44570502431118,False,-23.076923076923084,-3.057119871279157,-92.16,,2082501.22,90.9927,,,289048778.18,114.8427,0.1005,0,470010.2498,154379844.2,1.0,1.5,PASS,False,0.21428571428571427,-92.16,,-1.575,-46.08,,23.4118,2.187,0.1005,,43.696173170731704,0.0,0.0,9.4,12.34,0,84.19243986254295,,0.047619047619047616,0,0,5.0,13,-24.031568623450884,False,-7.8156312625250575,,-0.011657821552683521,False,False,电力,-46.08,-1.3503291685329841,22.0,32.15773195876289,1.0,0.0,32.16,Other
603516.SH,603516,淳中科技,20180202,,主板,L,1381999621.7,-18.183673469387763,计算机设备,计算机,801101.SI,710000,121.34,88.2078,83.3699,14.4779,3.234,2466457.2974,2466457.2974,1324362130.2,True,1,0,False,False,167.48,113.26,2.3661588220273977,-24.538837997239305,-28.188440410795312,False,-18.183673469387763,-3.057119871279157,17.19,-148.14,-13483539.3,-788.5848,,,-126766643.61000001,-1517.2101,0.1004,0,2466457.2974,1324362130.2,1.0,1.5,PASS,False,0.5476190476190477,17.19,-148.14,0.49,17.19,ESP-Q,88.2078,14.4779,0.1004,5.131343804537522,108.09019285714285,0.0,0.0,121.34,167.48,0,92.43986254295532,,0.06666666666666667,0,0,5.0,5,-15.207482993197287,False,2.3661588220273977,,-0.00366908621352508,False,False,计算机设备,17.19,0.14424882830687785,50.0,40.23195876288659,0.7,0.0,28.16,Other
002931.SZ,002931,锋龙股份,20180403,,主板,L,696931565.1,-12.51639224828791,通用机械,机械设备,801072.SI,640000,66.04,636.0097,804.8468,15.1194,14.9719,1443012.673,1329078.2989,694700787.6,True,1,1,False,False,72.01,53.69,2.5623505295524485,-28.938335897739375,-16.622691292876002,False,-12.51639224828791,-3.057119871279157,-59.19,527.86,2749334.88,82.9779,,,53568435.62,-244.6094,0.3477,0,1443012.673,694700787.6,1.0,1.5,PASS,False,0.5952380952380952,-59.19,527.86,-0.595,-29.595,ESP-Q,636.0097,15.1194,0.3477,,108.90780749999999,0.0,0.0,66.04,72.01,0,83.39060710194731,,0.14285714285714285,0,0,5.0,15,-14.616848869292486,False,2.5623505295524485,,-0.002713228026867698,False,False,通用机械,-29.595,0.03765469062247811,50.0,37.51718213058419,0.7,0.0,26.26,Other
603773.SH,603773,沃格光电,20180417,,主板,L,2035514236.5499995,38.472056058793356,光学光电子,电子,801084.SI,270000,80.0,,,17.0247,13.5265,1797893.064,1797269.064,1742660580.8,True,4,1,False,True,88.88,56.0,8.041072142952398,113.21052631578948,-8.843384338433847,False,38.472056058793356,-3.057119871279157,-100.45,-29.75,-56447001.69,,,,-376113793.33,,-4.7353,0,1797893.064,1742660580.8,1.0,1.5,PASS,False,0.9761904761904762,-100.45,-29.75,-19.355800000000002,-50.225,,,17.0247,-4.7353,,243.17919999999998,0.0,0.0,80.0,88.88,0,95.30355097365405,CHASE,1.0,1,1,100.0,7,33.617687126754525,True,8.041072142952398,突破型|OVERHEAT,0.007484417724373251,True,True,光学光电子,-50.225,-0.42902890027850943,32.0,84.99106529209621,1.0,0.0,84.99,Tier2
603150.SH,603150,万朗磁塑,20220124,,主板,L,159140218.8,9.201533588931499,塑料,化工,801036.SI,220000,68.35,52.4813,58.0742,3.3569,2.7101,584276.305,584276.305,132139601.6,False,1,1,False,False,77.8,57.51,-8.633193863319388,8.622119051566912,-15.796915167095104,False,9.201533588931499,-3.057119871279157,-18.95,-25.81,28468536.39,105.9753,,,282399473.93,-846.1787,1.5477,0,584276.305,132139601.6,1.0,1.5,PASS,False,0.7619047619047619,-18.95,-25.81,-1.1600000000000001,-9.475,ESP-Q,52.4813,3.3569,1.5477,,196.25642,0.0,0.0,68.35,77.8,0,50.0,COV-LOW,0.5882352941176471,0,1,40.0,6,5.061406200396479,True,-8.633193863319388,,-0.023369482901941283,False,False,塑料,-9.475,-0.43782227228254517,32.0,41.4,0.7,0.0,28.98,Other
603267.SH,603267,鸿远电子,20190515,,主板,L,514888828.05,11.155078198605617,未知,未知,,,64.89,60.0039,52.4264,3.3619,10.2606,1499483.9082,1499483.9082,667519006.2,True,0,0,False,False,61.66,49.4,5.132774906433801,1.8649628734242807,-4.330197859228013,False,11.155078198605617,-3.057119871279157,-31.29,110.03,39163826.39,40.6597,,,642595263.92,-131.3684,2.155,0,1499483.9082,667519006.2,1.0,1.5,PASS,False,0.2857142857142857,-31.29,110.03,2.125,-33.415,ESP-Q,60.0039,3.3619,2.155,,87.7931712264151,0.0,0.0,64.89,61.66,0,74.5704467353952,,0.8530534351145038,1,1,100.0,158,15.969335289779657,True,5.132774906433801,,0.006533547489244842,False,False,独立池,-33.415,0.0,21.621940487972246,76.695522118213,0.7,0.0,53.69,Tier2
002927.SZ,002927,泰永长征,20180223,,主板,L,239984808.89999998,20.581655480984338,未知,未知,,,21.66,,,4.8007,5.8795,483434.2619,478059.2961,551907018.2,True,1,1,False,False,23.5,17.02,9.999999999999986,7.10382513661203,-8.25531914893618,False,20.581655480984338,-3.057119871279157,-18.77,-141.78,9681547.02,90.3705,,,54518441.86,-54.5102,1.0696,0,483434.2619,551907018.2,1.0,1.5,PASS,False,0.2857142857142857,-18.77,-141.78,2.125,-20.895,ESP-Q,,4.8007,1.0696,,87.7931712264151,0.0,0.0,21.66,23.5,0,79.61053837342497,CHASE,0.9255725190839694,1,1,100.0,158,25.39591257215838,True,9.999999999999986,OVERHEAT,0.0035125000473516833,True,True,独立池,-20.895,0.0,21.806590204056906,78.24447955283887,0.7,0.0,54.77,Tier2
603220.SH,603220,中贝通信,20181115,,主板,L,1899414822.7,1.4925373134328401,通信运营,通信,801223.SI,730000,30.62,201.8307,262.556,4.264,8.2467,1642294.2721,1329707.4086,2035823470.1999998,True,1,0,False,False,34.59,27.5,-3.9486356340288853,16.28449280994948,-13.501011853136745,False,1.4925373134328401,-3.057119871279157,-121.94,-44.52,-3980209.88,,,,207464783.5,,-0.0001,0,1642294.2721,2035823470.1999998,1.0,1.5,PASS,False,1.0,-121.94,-44.52,-1.705,-60.97,,201.8307,4.264,-0.0001,,167.5491125,0.0,0.0,30.62,34.59,0,74.5704467353952,,0.6923076923076923,0,1,55.0,4,1.3994274437866494,False,-3.9486356340288853,,0.007993328888972586,False,False,通信运营,-60.97,-0.029937025891697416,32.0,56.27113402061856,1.0,0.0,56.27,Tier2
603693.SH,603693,江苏新能,20180703,,主板,L,499614949.90000004,10.31331592689293,电力,公用事业,801161.SI,410000,17.69,31.0769,34.7927,2.1954,6.0528,1577020.8317,1577020.8317,597007684.9999999,True,1,1,False,False,18.0,14.13,13.119143239625153,33.59683794466402,-6.111111111111123,False,10.31331592689293,-3.057119871279157,-31.61,26.85,109536300.12,100.0433,,,1228264454.28,142.0231,1.5364,0,1577020.8317,597007684.9999999,1.0,1.5,PASS,False,0.21428571428571427,-31.61,26.85,-1.575,-15.805,,31.0769,2.1954,1.5364,,43.696173170731704,0.0,0.0,17.69,18.0,0,75.83046964490264,,0.8333333333333334,1,1,100.0,13,9.35867038036513,True,13.119143239625153,OVERHEAT,0.034779327414077625,False,True,电力,-15.805,-0.49481181381342454,32.0,79.14914089347079,1.0,0.0,79.15,Tier2
002992.SZ,002992,宝明科技,20200803,,主板,L,151951722.14999998,-17.253521126760564,光学光电子,电子,801084.SI,270000,47.19,714.7923,550.1276,11.5954,0.9664,853519.0886,737273.4463,92064449.79999998,False,0,0,False,False,56.98,46.96,-2.225920532556691,-17.22437477985206,-17.514917514917506,False,-17.253521126760564,-3.057119871279157,14.76,109.82,-13295684.22,,,,-22457477.75,,-1.8882,0,853519.0886,92064449.79999998,1.0,1.5,PASS,False,0.9761904761904762,14.76,109.82,-19.355800000000002,7.38,,714.7923,11.5954,-1.8882,48.42766260162601,243.17919999999998,0.0,10.0,47.19,56.98,0,88.77434135166094,,0.08695652173913043,0,0,5.0,7,-22.1078900587994,False,-2.225920532556691,,0.01226565868384173,False,False,光学光电子,7.38,0.17187275366911012,50.0,39.13230240549828,1.0,10.0,29.13,Other
601869.SH,601869,长飞光纤,20180720,,主板,L,6358340095.4,-1.5147544420567094,通信设备,通信,801102.SI,730000,388.66,395.4269,278.0688,22.6092,2.4807,32177359.9275,15792744.9119,5540753953.399999,True,0,0,False,False,430.0,336.99,0.360528775537472,60.09883696161549,-12.604651162790692,False,-1.5147544420567094,-3.057119871279157,966.44,40.56,461220234.0,93.151,,,1397792225.0,87.3356,3.5319,0,32177359.9275,5540753953.399999,1.0,1.5,PASS,False,0.9523809523809523,966.44,40.56,15.0872,966.44,,395.4269,22.6092,3.5319,0.4091582509002111,156.39837500000002,0.0,0.0,388.66,430.0,0,92.43986254295532,,0.4583333333333333,0,0,5.0,8,-2.3566059986451835,False,0.360528775537472,,-0.004031423216466099,False,False,通信设备,966.44,2.8561595242817743,82.0,46.6319587628866,1.0,0.0,46.63,Other
601066.SH,601066,中信建投,20180620,,主板,L,344702094.65,4.134129536058806,证券,非银金融,801193.SI,490000,22.0,18.0781,15.1495,1.9779,0.3494,17064728.5534,14290476.277,342457354.2,True,0,0,False,False,23.53,21.33,2.2552999548939967,-4.867813680234989,-3.6549086272843145,False,4.134129536058806,-3.057119871279157,97.44,30.77,3623252987.92,98.7961,,,20137722907.23,664.7471,2.9825,0,17064728.5534,342457354.2,1.0,1.5,PASS,False,0.07142857142857142,97.44,30.77,30.57,97.44,ESP-Q,18.0781,1.9779,2.9825,0.1855305829228243,30.16254222222222,0.0,0.0,22.0,23.53,0,74.5704467353952,,0.8888888888888888,1,1,100.0,14,6.451202706790504,True,2.2552999548939967,,0.010560175323894451,False,False,证券,97.44,1.237746730836853,68.0,85.97113402061856,0.7,0.0,60.18,Tier1
603681.SH,603681,永冠新材,20190326,,主板,L,179927935.6,21.308724832214775,化学制品,化工,801034.SI,220000,22.11,42.3861,38.1673,1.5521,5.2834,525647.1861,525647.1861,220484462.0,False,0,0,False,False,22.1,17.04,4.883945841392667,0.8368200836819994,-1.8552036199095068,False,21.308724832214775,-3.057119871279157,-1744.83,-75.0,-19154483.04,-71.5267,,,27495420.749999996,445.939,0.9488,0,525647.1861,220484462.0,1.0,1.5,PASS,False,0.2619047619047619,-1744.83,-75.0,5.17,-1750.0,ESP-Q,42.3861,1.5521,0.9488,,72.11200512820513,0.0,0.0,22.11,22.1,0,65.2348224513173,,0.8163265306122449,1,1,75.0,15,22.57811834420349,True,4.883945841392667,,-0.011662653407148216,True,False,化学制品,-1499.4703,-3.402891073649529,5.0,58.070446735395194,0.7,0.0,40.65,Other
603297.SH,603297,永新光学,20180910,,主板,L,368836249.2,25.0,光学光电子,电子,801084.SI,270000,147.51,74.4307,77.7986,7.7774,1.8349,1636427.2617,1633364.9541,457533987.20000005,True,0,0,False,False,153.99,112.03,3.4887860448558294,18.691817736403713,-5.610753945061376,False,25.0,-3.057119871279157,-9.36,-0.72,40231722.03,87.2017,,,438318700.43,39.2365,2.217,0,1636427.2617,457533987.20000005,1.0,1.5,PASS,False,0.9761904761904762,-9.36,-0.72,-19.355800000000002,-4.68,,74.4307,7.7774,2.217,,243.17919999999998,10.0,0.0,147.51,153.99,0,92.43986254295532,CHASE,0.9130434782608695,1,1,100.0,7,20.14563106796117,True,3.4887860448558294,,-0.005744603740827225,True,False,光学光电子,-4.68,0.04606989026127587,50.0,87.73195876288659,1.0,0.0,97.73,Tier2
603650.SH,603650,彤程新材,20180627,,主板,L,1089853232.4,6.062281186659302,橡胶,化工,801037.SI,220000,58.84,64.4393,61.9979,8.39,3.3716,3625032.1955,3615561.415,1645276786.0,False,0,0,False,False,64.4,52.84,-0.03473428273705892,-6.543270011365488,-10.62111801242236,False,6.062281186659302,-3.057119871279157,10.67,29.58,176957352.01,97.0685,,,1508128282.0,11.545,4.2859,0,3625032.1955,1645276786.0,1.0,1.5,PASS,False,0.42857142857142855,10.67,29.58,-32.245000000000005,5.335,,64.4393,8.39,4.2859,6.03929709465792,52.724925,0.0,0.0,58.84,64.4,0,82.7033218785796,,0.4,0,1,35.0,2,-1.591350098256905,False,-0.03473428273705892,,-0.0037538462234008277,False,False,橡胶,5.335,0.9554831523393919,50.0,52.31099656357388,1.0,0.0,52.31,Tier2
605088.SH,605088,冠盛股份,20200817,,主板,L,171256888.3,-2.3490849494673616,汽车零部件,汽车,801093.SI,280000,35.78,24.5719,25.1005,2.4531,1.838,725353.8176,714581.1752,141548330.6,False,0,0,False,False,39.32,33.17,-2.641612200435728,-0.969529085872578,-9.079348931841302,False,-2.3490849494673616,-3.057119871279157,-10.91,0.45,67499321.05,86.7963,,,502643486.63,142.2771,2.6627,0,725353.8176,141548330.6,1.0,1.5,PASS,False,0.47619047619047616,-10.91,0.45,-7.74,-5.455,,24.5719,2.4531,2.6627,,70.26558985507246,10.0,0.0,35.78,39.32,0,88.77434135166094,,0.3783783783783784,0,0,5.0,23,-4.216428712205767,False,-2.641612200435728,,-0.004876656647676392,False,False,汽车零部件,-5.455,0.025738110078900405,50.0,39.13230240549828,1.0,0.0,49.13,Other
002937.SZ,002937,兴瑞科技,20180926,,主板,L,363519487.34999996,5.1724137931034475,汽车零部件,汽车,801093.SI,280000,33.82,69.6433,71.6236,6.7607,3.8072,1007094.483,1004304.2653,511329389.6,False,0,0,False,False,37.56,30.8,-0.7102693104468871,34.46893787575149,-10.676251331203424,False,5.1724137931034475,-3.057119871279157,-24.69,-35.69,28989085.97,80.1316,,,361038287.87,65.0722,2.3085,0,1007094.483,511329389.6,1.0,1.5,PASS,False,0.47619047619047616,-24.69,-35.69,-7.74,-12.345,,69.6433,6.7607,2.3085,,70.26558985507246,0.0,0.0,33.82,37.56,0,93.58533791523482,,0.6621621621621622,0,1,40.0,23,3.3050700303650427,False,-0.7102693104468871,,0.0016488197116679806,False,False,汽车零部件,-12.345,-0.00021793794688422337,32.0,54.475601374570445,1.0,0.0,54.48,Tier2
603629.SH,603629,利通电子,20181224,,主板,L,5093398719.249999,77.49777646012454,电子制造,电子,801085.SI,270000,195.65,175.4095,96.0365,22.8635,12.7685,5132290.8,5048376.515,5344086967.2,True,4,1,False,True,181.5,99.02,5.652941176470594,221.65114613180515,-1.0413223140495753,False,77.49777646012454,-3.057119871279157,860.24,3906.41,278232194.62,102.5654,,,709791293.9,178.0107,12.9465,0,5132290.8,5344086967.2,1.0,1.5,PASS,False,0.40476190476190477,860.24,3906.41,-24.075000000000003,908.3900000000001,,175.4095,22.8635,12.9465,0.20390763042871757,87.6280681818182,0.0,10.0,195.65,181.5,0,50.0,COV-LOW,1.0,1,1,100.0,8,72.86930769456954,True,5.652941176470594,突破型|OVERHEAT,-0.00038708916399918643,True,True,电子制造,908.3900000000001,2.369253235827025,82.0,81.4,1.0,10.0,71.4,Tier2
603527.SH,603527,众源新材,20170907,,主板,L,231181204.0,0.897226753670477,工业金属,有色金属,801055.SI,240000,13.45,67.5663,144.8903,2.0097,7.9197,426326.264,426326.264,179312925.60000002,True,0,0,False,False,14.08,11.2,-4.256965944272451,11.341134113411332,-12.144886363636365,False,0.897226753670477,-3.057119871279157,290.9555,-185.62,25083766.15,65.3196,,,-83620140.24000001,-575.0315,1.8266,0,426326.264,179312925.60000002,1.0,1.5,PASS,False,0.14285714285714285,290.9555,-185.62,60.27,290.9555,ESP-Q,67.5663,2.0097,1.8266,0.23222210956658323,36.771677777777775,0.0,0.0,13.45,14.08,0,50.0,COV-LOW,0.75,1,1,100.0,9,7.055299353134031,True,-4.256965944272451,,0.001043624895737026,False,False,工业金属,290.9555,0.8727419198075699,50.0,75.0,0.7,0.0,52.5,Tier2
002941.SZ,002941,新疆交建,20181128,,主板,L,186712510.85,-16.480793060718714,基础建设,建筑装饰,801723.SI,620000,13.39,20.6826,21.0608,2.0846,1.1606,977136.8193,977136.8193,163535328.2,True,0,0,False,False,16.2,12.86,1.812688821752273,-16.377171215880892,-16.79012345679012,False,-16.480793060718714,-3.057119871279157,-33.31,4.14,-16831328.74,,,,824395185.8399999,,-0.3382,0,977136.8193,163535328.2,1.0,1.5,PASS,False,0.047619047619047616,-33.31,4.14,-15.53,-16.655,,20.6826,2.0846,-0.3382,,59.53485,0.0,0.0,13.39,16.2,0,67.81214203894616,,0.17647058823529413,0,0,5.0,6,-9.659312654332654,False,1.812688821752273,,-0.0017132684202464468,False,False,基础建设,-16.655,-0.4275913042704566,32.0,29.243642611683846,1.0,0.0,29.24,Other
603915.SH,603915,国茂股份,20190614,,主板,L,264224923.79999992,15.359688917692814,通用机械,机械设备,801072.SI,640000,17.9,50.0089,47.5827,3.0992,2.1883,1175372.1392,1175372.1392,492914715.6000001,False,0,0,False,False,20.54,14.96,-7.098121085594988,2.5345622119815836,-13.339824732229788,False,15.359688917692814,-3.057119871279157,30.9,-12.15,50163161.47,91.1767,,,231554341.32,4.3025,1.4613,0,1175372.1392,492914715.6000001,1.0,1.5,PASS,False,0.5952380952380952,30.9,-12.15,-0.595,32.089999999999996,ESP-Q,50.0089,3.0992,1.4613,1.618411003236246,108.90780749999999,0.0,0.0,17.9,20.54,0,74.5704467353952,CHASE,0.7346938775510204,1,1,75.0,15,13.25923229668824,True,-7.098121085594988,,-0.005717312700683401,True,False,通用机械,32.089999999999996,0.27106588656951086,50.0,69.87113402061856,0.7,0.0,48.91,Other
603657.SH,603657,春光科技,20180730,,主板,L,165449835.3,17.436093094238835,未知,未知,,,30.85,,,4.781,4.8212,417061.3043,417061.3043,230732929.39999998,False,2,1,False,False,36.58,25.6,2.8056112224448926,2.429284525790343,-15.855658829961715,False,17.436093094238835,-3.057119871279157,-1151.58,-246.48,-35408082.34,,,,-39216236.93,,-3.9388,0,417061.3043,230732929.39999998,1.0,1.5,PASS,False,0.2857142857142857,-1151.58,-246.48,2.125,-1153.705,,,4.781,-3.9388,,87.7931712264151,0.0,0.0,30.85,36.58,0,50.0,COV-LOW,0.9064885496183206,1,1,75.0,158,22.250350185412877,True,2.8056112224448926,,0.01830710950099467,True,False,独立池,-1153.705,0.0,5.099477993364828,53.51989559867297,1.0,0.0,53.52,Tier2
603662.SH,603662,柯力传感,20190806,,主板,L,428013695.75000006,18.48857644991213,通用机械,机械设备,801072.SI,640000,67.43,55.605,61.8802,6.788,3.7106,1893635.7999,1893635.7999,860534104.0,True,0,0,False,False,69.5,54.34,5.3108403623867595,0.17830609212481363,-2.9928057553956777,False,18.48857644991213,-3.057119871279157,20.76,11.06,51517483.54,125.2878,,,437119631.73,91.5915,1.4843,0,1893635.7999,860534104.0,1.0,1.5,PASS,False,0.5952380952380952,20.76,11.06,-0.595,21.95,,55.605,6.788,1.4843,2.678468208092485,108.90780749999999,0.0,0.0,67.43,69.5,0,95.41809851088202,CHASE,0.8367346938775511,1,1,100.0,15,16.388119828907556,True,5.3108403623867595,,0.004219689175928215,True,False,通用机械,21.95,0.2326969228521904,50.0,88.62542955326461,1.0,0.0,88.63,Tier2
603259.SH,603259,药明康德,20180508,,主板,L,4913209170.7,5.763571790969069,医疗服务,医药生物,801156.SI,370000,103.98,16.2006,15.4123,3.6837,1.3433,31025106.8977,25717167.9979,3864664364.8,True,1,0,False,False,114.5,97.61,1.0666149520023316,4.053109713487069,-8.969432314410476,False,5.763571790969069,-3.057119871279157,83.56,32.56,4275624429.82,91.9189,,,32620721127.66,64.0401,5.6749,0,31025106.8977,3864664364.8,1.0,1.5,PASS,False,0.30952380952380953,83.56,32.56,12.54,83.56,,16.2006,3.6837,5.6749,0.1938798468166587,76.35799999999999,10.0,0.0,103.98,114.5,0,73.8831615120275,,0.6666666666666666,0,1,65.0,3,10.935985584072505,True,1.0666149520023316,,0.007340066717412268,False,False,医疗服务,83.56,-0.05467245051575681,32.0,61.06494845360825,1.0,0.0,71.06,Tier1
003010.SZ,003010,若羽臣,20200925,,主板,L,209268042.39999998,-11.439588688946023,未知,未知,,,27.13,43.4104,35.2636,10.6622,2.6013,843904.3584,613523.7398,154984768.4,True,0,0,False,False,33.0,27.51,-4.172461752433943,-12.784810126582292,-16.48484848484849,False,-11.439588688946023,-3.057119871279157,167.45,78.43,67403755.41,93.1844,,,428080803.33,-34.4846,9.5765,0,843904.3584,154984768.4,1.0,1.5,PASS,False,0.2857142857142857,167.45,78.43,2.125,167.45,ESP-Q,43.4104,10.6622,9.5765,0.2592439534189311,87.7931712264151,0.0,0.0,27.13,33.0,0,88.77434135166094,,0.22328244274809161,0,0,5.0,158,-6.625331597771982,False,-4.172461752433943,,-0.02238190165904404,False,False,独立池,167.45,0.0,24.58437381236086,34.049177167970456,0.7,0.0,23.83,Other
001210.SZ,001210,金房能源,20210729,,主板,L,200312608.4,38.20754716981132,电力,公用事业,801161.SI,410000,29.77,34.7311,34.0429,3.1664,12.5595,466831.3365,283705.248,448663732.4,True,2,2,False,False,31.35,19.0,-3.0122476001324117,24.46898895497027,-6.539074960127589,False,38.20754716981132,-3.057119871279157,3.76,54.33,131160718.93,98.8398,,,465264493.1,-81.3592,9.425,0,466831.3365,448663732.4,1.0,1.5,PASS,False,0.21428571428571427,3.76,54.33,-1.575,1.88,ESP-Q,34.7311,3.1664,9.425,9.236994680851064,43.696173170731704,0.0,0.0,29.77,31.35,0,50.0,COV-LOW,0.9761904761904762,1,1,100.0,13,37.25290162328352,True,-3.0122476001324117,,-0.015788578194608913,True,False,电力,1.88,0.004934657473624637,50.0,75.0,0.7,0.0,52.5,Tier2
603937.SH,603937,丽岛新材,20171102,,主板,L,275964888.45000005,17.56329113924049,工业金属,有色金属,801055.SI,240000,15.4,,1381.0539,2.0788,4.7648,321691.4039,321691.4039,182459152.39999998,True,5,1,False,True,18.88,12.13,-6.423173803526461,10.07407407407408,-21.292372881355938,False,17.56329113924049,-3.057119871279157,254.8577,,22832560.69,88.157,,,-5238416.789999999,566.1944,1.6552,0,321691.4039,182459152.39999998,1.0,1.5,PASS,False,0.14285714285714285,254.8577,,60.27,254.8577,ESP-Q,,2.0788,1.6552,,36.771677777777775,0.0,0.0,15.4,18.88,0,50.0,COV-LOW,0.9285714285714286,1,1,100.0,9,23.721363738704046,True,-6.423173803526461,突破型,-0.011866198337468005,True,False,工业金属,254.8577,0.7067120008514857,50.0,75.0,0.7,0.0,52.5,Tier2
600933.SH,600933,爱柯迪,20171117,,主板,L,358439621.15000004,3.36680448907265,汽车零部件,汽车,801093.SI,280000,17.61,15.4854,16.0088,1.8447,1.853,1814064.7501,1727562.6744,434680183.0,True,0,0,False,False,18.25,15.92,-0.7936507936508019,-5.761981690899298,-4.109589041095896,False,3.36680448907265,-3.057119871279157,-17.78,26.96,194072295.9,88.6356,,,2159624115.06,164.5187,2.2252,0,1814064.7501,434680183.0,1.0,1.5,PASS,False,0.47619047619047616,-17.78,26.96,-7.74,-8.89,,15.4854,1.8447,2.2252,,70.26558985507246,0.0,0.0,17.61,18.25,0,83.39060710194731,,0.581081081081081,0,1,55.0,23,1.4994607263342452,False,-0.7936507936508019,,-0.012266439400843921,False,False,汽车零部件,-8.89,0.012797758124100665,50.0,62.51718213058419,1.0,0.0,62.52,Tier2
002952.SZ,002952,亚世光电,20190328,,主板,L,331591992.05,7.988274093074388,光学光电子,电子,801084.SI,270000,30.69,472.1111,332.8052,5.726,17.6646,504359.46,404018.6032,373797880.0,True,2,1,False,False,30.68,24.62,-1.4051522248243575,26.480686695278965,-3.9439374185136877,False,7.988274093074388,-3.057119871279157,149.32,-58.79,7958118.37,89.1067,,,19774517.69,701.2829,1.0202,0,504359.46,373797880.0,1.0,1.5,PASS,False,0.9761904761904762,149.32,-58.79,-19.355800000000002,188.03159999999997,ESP-Q,472.1111,5.726,1.0202,3.1617405571926067,243.17919999999998,0.0,0.0,30.69,30.68,0,90.26345933562429,,0.6956521739130435,0,1,55.0,7,3.133905161035555,False,-1.4051522248243575,,0.03315690846801097,False,False,光学光电子,188.03159999999997,2.0563245413313576,82.0,70.97903780068728,0.7,0.0,49.69,Other
002947.SZ,002947,恒铭达,20190201,,主板,L,1224634620.05,22.72727272727275,电子制造,电子,801085.SI,270000,89.4,43.0613,39.828,7.3645,4.547,2290511.4638,1772835.5071,1121856254.0,True,0,0,False,False,95.06,70.35,8.881578947368428,82.38775510204081,-5.985693246370715,False,22.72727272727275,-3.057119871279157,34.82,15.33,138736273.21,91.6442,,,1275202979.06,118.9844,4.7686,0,2290511.4638,1121856254.0,1.0,1.5,PASS,False,0.40476190476190477,34.82,15.33,-24.075000000000003,82.97,ESP-Q,43.0613,7.3645,4.7686,1.2366829408385986,87.6280681818182,0.0,0.0,89.4,95.06,0,88.31615120274914,CHASE,0.8846153846153846,1,1,100.0,8,18.098803961717746,True,8.881578947368428,OVERHEAT,0.01770999447175475,True,True,电子制造,82.97,-0.05917157296134134,32.0,82.89484536082475,0.7,0.0,58.03,Tier2
603613.SH,603613,国联股份,20190730,,主板,L,410148137.0499999,-10.242872228088707,未知,未知,,,25.17,13.7169,13.6725,1.9346,2.4338,1813593.6753,1813593.6753,363391071.2,False,0,0,False,False,29.65,25.42,-5.485544848035584,-5.133928571428569,-13.99662731871838,False,-10.242872228088707,-3.057119871279157,-10.0,-3.03,239703660.23,87.482,,,2602125323.38,-126.4943,2.9663,0,1813593.6753,363391071.2,1.0,1.5,PASS,False,0.2857142857142857,-10.0,-3.03,2.125,-12.125,ESP-Q,13.7169,1.9346,2.9663,,87.7931712264151,10.0,0.0,25.17,29.65,0,79.49599083619702,,0.2748091603053435,0,0,5.0,158,-5.428615136914667,False,-5.485544848035584,,0.009647105263483955,False,False,独立池,-12.125,0.0,21.935933495595442,30.735983949978195,0.7,0.0,31.52,Other
002967.SZ,002967,广电计量,20191108,,主板,L,306450320.45,-4.066130473637175,未知,未知,,,22.05,33.0996,32.1818,2.8556,1.9699,1405202.2942,1206634.8537,296962965.4,False,0,0,False,False,23.19,21.31,-1.8289894833104836,-6.975736568457536,-7.416990081931873,False,-4.066130473637175,-3.057119871279157,657.62,20.84,8915258.7,52.6565,,,694253677.13,-14966.4814,0.3969,0,1405202.2942,296962965.4,1.0,1.5,PASS,False,0.2857142857142857,657.62,20.84,2.125,657.62,ESP-Q,33.0996,2.8556,0.3969,0.05033241081475624,87.7931712264151,0.0,0.0,22.05,23.19,0,67.81214203894616,,0.5381679389312977,0,0,5.0,158,0.7481266175368653,False,-1.8289894833104836,,-0.013942998026283626,False,False,独立池,657.62,0.0,31.813587177633885,29.206360047210623,0.7,0.0,20.44,Other
001330.SZ,001330,博纳影业,20220818,,主板,L,1116089689.5999997,7.248018120045296,未知,未知,,,9.32,,,3.3705,8.7029,1281051.6931,1083773.7041,1081111659.8,False,0,0,False,False,10.13,7.74,3.49726775956285,-17.5805047867711,-6.515301085883518,False,7.248018120045296,-3.057119871279157,94.55,-46.08,-53667352.17,,,,-3725487102.92,,-1.1618,0,1281051.6931,1081111659.8,1.0,1.5,PASS,False,0.2857142857142857,94.55,-46.08,2.125,94.55,ESP-Q,,3.3705,-1.1618,,87.7931712264151,0.0,0.0,9.32,10.13,0,50.0,COV-LOW,0.8072519083969466,1,1,75.0,158,12.062275211219337,True,3.49726775956285,,0.00047922248775521774,False,False,独立池,94.55,0.0,23.509216919184198,57.20184338383684,0.7,0.0,40.04,Other
603068.SH,603068,博通集成,20190415,,主板,L,158777372.05,11.323039660914326,半导体,电子,801081.SI,270000,37.91,258.7598,261.8146,3.278,3.6449,575425.7263,575425.7263,212488500.39999995,False,0,0,False,False,39.01,32.61,-1.8419647624132396,-3.211371413529873,-5.742117405793379,False,11.323039660914326,-3.057119871279157,414.06,35.24,13723561.24,84.5395,,,-47043768.42,272.9563,0.9406,0,575425.7263,212488500.39999995,1.0,1.5,PASS,False,0.8333333333333334,414.06,35.24,20.14,414.06,,258.7598,3.278,0.9406,0.6249331014828768,137.7359375,0.0,0.0,37.91,39.01,0,90.37800687285224,,0.35714285714285715,0,1,40.0,9,-7.5627478656498965,False,-1.8419647624132396,,-0.009407968373665586,False,False,半导体,414.06,0.6543022431043828,50.0,57.113402061855666,1.0,0.0,57.11,Tier1
601916.SH,601916,浙商银行,20191126,,主板,L,247039848.7,-0.33444816053512794,未知,未知,,,2.97,6.3081,6.2872,0.4443,0.3162,8156996.881,6398697.481,258153121.79999998,True,0,0,False,False,3.03,2.95,-0.33444816053512794,0.33670033670032407,-1.650165016501648,False,-0.33444816053512794,-3.057119871279157,-0.72,-12.84,5968000000.0,99.5995,,,38924000000.0,1239.3743,2.9127,0,8156996.881,258153121.79999998,1.0,1.5,PASS,False,0.2857142857142857,-0.72,-12.84,2.125,-2.8449999999999998,,6.3081,0.4443,2.9127,,87.7931712264151,10.0,0.0,2.97,3.03,0,77.43413516609394,,0.666030534351145,0,1,55.0,158,4.479808930638912,False,-0.33444816053512794,,-0.014986803520756629,False,False,独立池,-2.8449999999999998,0.0,22.072798460872253,55.14480024200263,1.0,0.0,65.14,Tier2
603045.SH,603045,福达合金,20180517,,主板,L,673501520.6499999,70.80545892427081,金属非金属新材料,有色金属,801051.SI,240000,65.29,81.8366,30.0539,7.0584,5.9354,884321.417,884321.417,921631352.9999999,True,5,2,False,True,78.45,35.4,-8.723008723008729,114.9158249158249,-18.636073932441054,False,70.80545892427081,-3.057119871279157,2012.38,849.16,179776661.79,99.2888,,,321572642.08,-66.9223,15.5804,0,884321.417,921631352.9999999,1.0,1.5,PASS,False,0.7857142857142857,2012.38,849.16,37.74,2012.38,ESP-Q,81.8366,7.0584,15.5804,0.0406665739075125,114.53097142857143,0.0,0.0,65.29,78.45,0,65.2348224513173,,1.0,1,1,100.0,3,72.02681568007164,True,-8.723008723008729,突破型,-0.03002134119480852,True,False,金属非金属新材料,1890.732584000006,1.5467229888411855,68.0,83.17044673539519,0.7,0.0,58.22,Tier2
603583.SH,603583,捷昌驱动,20180921,,主板,L,219269740.05000004,-11.229783338419297,未知,未知,,,28.87,28.0388,33.2301,2.367,1.7657,1113720.7471,1103546.9591,262150954.00000003,True,0,0,False,False,34.02,27.4,1.927119831814994,-22.426666666666673,-14.491475602586723,False,-11.229783338419297,-3.057119871279157,-60.52,52.56,41377489.09,81.981,,,1019354416.7199999,7.0946,1.0749,0,1113720.7471,262150954.00000003,1.0,1.5,PASS,False,0.2857142857142857,-60.52,52.56,2.125,-62.645,,28.0388,2.367,1.0749,,87.7931712264151,0.0,0.0,28.87,34.02,0,74.5704467353952,,0.2385496183206107,0,0,5.0,158,-6.415526247245257,False,1.927119831814994,,-0.007678944132443475,False,False,独立池,-62.645,0.0,21.190845344110055,29.10930308944057,1.0,0.0,29.11,Other
601577.SH,601577,长沙银行,20180926,,主板,L,190592790.4,-4.4513457556935805,未知,未知,,,9.19,4.5585,4.489,0.5009,0.3729,3695807.8999,3695008.2514,173399397.59999996,False,0,0,False,False,10.0,9.18,-2.3280423280423124,-6.861755802219982,-7.699999999999996,False,-4.4513457556935805,-3.057119871279157,6.06,2.89,2300871000.0,100.0983,,,21259485000.0,-732.4699,2.8238,0,3695807.8999,173399397.59999996,1.0,1.5,PASS,False,0.2857142857142857,6.06,2.89,2.125,6.06,ESP-Q,4.5585,0.5009,2.8238,0.7522277227722773,87.7931712264151,0.0,0.0,9.19,10.0,0,74.5704467353952,,0.517175572519084,0,0,5.0,158,0.36291133548045984,False,-2.3280423280423124,,-0.0018026656703705112,False,False,独立池,6.06,0.0,22.20413278369445,29.31196057735745,0.7,0.0,20.52,Other
603712.SH,603712,七一二,20180226,,主板,L,198052634.6,-5.132850241545883,未知,未知,,,15.78,,,3.1852,1.5408,1218216.0,1218216.0,286573238.2,True,0,0,False,False,17.26,14.65,4.663557628247839,-20.334685598377277,-8.980301274623415,False,-5.132850241545883,-3.057119871279157,-15.79,-87.87,-70062516.77,,,,-970631390.49,,-1.6908,0,1218216.0,286573238.2,1.0,1.5,PASS,False,0.2857142857142857,-15.79,-87.87,2.125,-17.915,,,3.1852,-1.6908,,87.7931712264151,0.0,0.0,15.78,17.26,0,65.2348224513173,,0.4866412213740458,0,0,5.0,158,-0.3185931503718429,False,4.663557628247839,,0.0043491783982004895,False,False,独立池,-17.915,0.0,21.850540376096227,26.440554810614437,1.0,0.0,26.44,Other
600929.SH,600929,雪天盐业,20180326,,主板,L,226239785.84999996,-16.430594900849847,化学原料,化工,801033.SI,220000,6.08,129.4761,153.1675,1.3184,1.6733,997188.8596,997188.8596,188454779.2,False,0,0,False,False,7.33,5.88,-7.086614173228334,-4.8387096774193505,-19.50886766712141,False,-16.430594900849847,-3.057119871279157,82.16,-99.24,14384555.39,96.7517,,,50753588.53,367.5746,0.1968,0,997188.8596,188454779.2,1.0,1.5,PASS,False,0.7142857142857143,82.16,-99.24,6.035,82.16,ESP-Q,129.4761,1.3184,0.1968,1.5759018987341773,92.88029999999999,0.0,0.0,6.08,7.33,0,65.2348224513173,,0.14814814814814814,0,0,5.0,9,-9.695681107746399,False,-7.086614173228334,,0.00547713837083081,False,False,化学原料,82.16,0.3098142736934787,50.0,32.070446735395194,0.7,0.0,22.45,Other
603927.SH,603927,中科软,20190909,,主板,L,160052685.35000002,-3.541416566626654,未知,未知,,,16.01,59.4118,59.3073,4.19,1.1553,1330495.04,1330495.04,161265038.4,True,0,0,False,False,17.5,16.06,-1.2292562999385304,-16.47609147609147,-8.171428571428574,False,-3.541416566626654,-3.057119871279157,-15.537,-45.56,-19565110.0,,,,408690186.55,,-0.4976,0,1330495.04,161265038.4,1.0,1.5,PASS,False,0.2857142857142857,-15.537,-45.56,2.125,-17.662,,59.4118,4.19,-0.4976,,87.7931712264151,0.0,0.0,16.01,17.5,0,76.17411225658648,,0.5534351145038168,0,0,5.0,158,1.2728405245473864,False,-1.2292562999385304,,-0.007563990516159593,False,False,独立池,-17.662,0.0,21.854271716205606,29.723088020217066,1.0,0.0,29.72,Other
603867.SH,603867,新化股份,20190627,,主板,L,332853635.1,11.52502910360884,化学制品,化工,801034.SI,220000,42.15,35.1983,33.9345,2.921,7.8309,916706.6217,909119.6217,585024009.8,True,0,0,False,False,41.15,32.58,5.043859649122817,18.162195497995693,-6.877278250303764,False,11.52502910360884,-3.057119871279157,11.25,9.25,77517470.91,95.3828,,,639308039.3299999,-47.8634,2.6245,0,916706.6217,585024009.8,1.0,1.5,PASS,False,0.2619047619047619,11.25,9.25,5.17,11.25,ESP-Q,35.1983,2.921,2.6245,3.1287377777777783,72.11200512820513,0.0,0.0,42.15,41.15,0,91.29438717067583,,0.6938775510204082,0,1,55.0,15,12.794422615597554,True,5.043859649122817,,-0.012255595980458223,False,False,化学制品,11.25,0.003503121383771512,50.0,64.88831615120274,0.7,0.0,45.42,Other
603687.SH,603687,大胜达,20190726,,主板,L,1021452449.0999999,-14.219948849104869,包装印刷,轻工制造,801141.SI,360000,16.23,115.76,128.6534,2.728,7.8422,892701.7153,892701.7153,711673427.4,False,2,1,False,False,20.0,14.95,7.84565916398714,48.2758620689655,-16.15,False,-14.219948849104869,-3.057119871279157,-7.22,-37.72,18038127.15,81.7564,,,169093749.14,20.9942,0.6764,0,892701.7153,711673427.4,1.0,1.5,PASS,False,0.8571428571428571,-7.22,-37.72,-1.67,-3.61,,115.76,2.728,0.6764,,117.94202,0.0,0.0,16.23,20.0,0,74.5704467353952,,0.2857142857142857,0,0,5.0,5,-9.659211244355125,False,7.84565916398714,,0.016510053400649323,False,False,包装印刷,-3.61,-0.37725848317869215,32.0,31.27113402061856,1.0,0.0,31.27,Other
603212.SH,603212,赛伍技术,20200430,,主板,L,312950016.25,3.8376383763837563,未知,未知,,,14.54,,,2.6607,3.6994,636111.3847,636111.3847,292475624.4,True,0,0,False,False,15.44,12.79,-7.005948446794452,-13.362068965517226,-8.87305699481865,False,3.8376383763837563,-3.057119871279157,69.3928,2.904,-11119254.56,,,,-483402820.13,,-0.4812,0,636111.3847,292475624.4,1.0,1.5,PASS,False,0.2857142857142857,69.3928,2.904,2.125,69.3928,ESP-Q,,2.6607,-0.4812,,87.7931712264151,0.0,0.0,14.54,15.44,0,91.29438717067583,,0.7614503816793893,1,1,100.0,158,8.651895467557797,True,-7.005948446794452,,-0.01147090957888574,False,False,独立池,69.3928,0.0,23.138188976893062,82.01595394658136,0.7,0.0,57.41,Tier2
603236.SH,603236,移远通信,20190716,,主板,L,607073491.9999999,-5.022307202039511,通信设备,通信,801102.SI,730000,74.96,25.7747,28.1476,3.0841,2.8184,2157524.3488,1961385.7744,562743540.6,True,0,0,False,False,85.81,71.55,1.9428102339581255,-11.989133002598617,-13.168628364992419,False,-5.022307202039511,-3.057119871279157,-35.29,51.84,129817340.77,91.8561,,,2083616079.43,-313.34,2.0412,0,2157524.3488,562743540.6,1.0,1.5,PASS,False,0.9523809523809523,-35.29,51.84,15.0872,-50.3772,ESP-Q,25.7747,3.0841,2.0412,,156.39837500000002,0.0,0.0,74.96,85.81,0,94.73081328751431,,0.25,0,0,5.0,8,-5.864158758627985,False,1.9428102339581255,,-0.0054158302151762865,False,False,通信设备,-50.3772,-0.2781251449468269,32.0,37.31924398625429,0.7,0.0,26.12,Other
603327.SH,603327,福蓉科技,20190523,,主板,L,375989333.4,-1.4218009478673022,电子制造,电子,801085.SI,270000,10.85,95.8394,77.6914,4.5306,2.6788,1134323.4056,1134323.4056,272832178.6,True,0,0,False,False,11.33,9.98,-1.9792648444863281,-0.7633587786259555,-8.208296557811124,False,-1.4218009478673022,-3.057119871279157,178.29,,46761583.17,96.8775,,,156854347.70000002,-46.9319,2.1,0,1134323.4056,272832178.6,1.0,1.5,PASS,False,0.40476190476190477,178.29,,-24.075000000000003,226.44,ESP-Q,95.8394,4.5306,2.1,0.5375478153570027,87.6280681818182,0.0,0.0,10.85,11.33,0,88.31615120274914,,0.3076923076923077,0,0,5.0,8,-6.050269713422307,False,-1.9792648444863281,,-0.0063349904507226,False,False,电子制造,226.44,0.36292397514370445,50.0,38.99484536082474,0.7,0.0,27.3,Other
600989.SH,600989,宝丰能源,20190516,,主板,L,3025190185.950001,-4.013015184381774,化学原料,化工,801033.SI,220000,26.54,17.1473,15.4782,3.967,0.8151,19462737.44,19462737.44,2444707073.7999997,True,0,0,False,False,31.61,26.51,-6.776685393258431,11.789473684210527,-16.007592534008218,False,-4.013015184381774,-3.057119871279157,30.92,69.91,3400165713.98,92.8836,,,29471119520.379997,126.2118,7.2844,0,19462737.44,2444707073.7999997,1.0,1.5,PASS,False,0.7142857142857143,30.92,69.91,6.035,30.92,,17.1473,3.967,7.2844,0.5545698576972833,92.88029999999999,10.0,0.0,26.54,31.61,0,76.28865979381443,,0.6666666666666666,0,0,5.0,9,2.7218986087216734,False,-6.776685393258431,,-0.010771538768160891,False,False,化学原料,30.92,0.1510322955852136,50.0,35.386597938144334,1.0,0.0,45.39,Other
603115.SH,603115,海星股份,20190809,,主板,L,662469979.9,117.16985007188336,工业金属,有色金属,801055.SI,240000,116.31,136.4192,126.0527,12.9952,3.986,2813427.2424,2813427.2424,876849949.0,True,5,2,False,True,107.31,44.0,39.68295904887713,281.182408074982,-1.463050973814195,False,117.16985007188336,-3.057119871279157,85.27,28.64,41965152.53,105.8274,,,423817840.15999997,-10.3096,1.8494,0,2813427.2424,876849949.0,1.0,1.5,PASS,False,0.14285714285714285,85.27,28.64,60.27,24.999999999999993,ESP-Q,136.4192,12.9952,1.8494,1.5998498885891872,36.771677777777775,0.0,10.0,116.31,107.31,0,99.19816723940436,CHASE,1.0,1,1,100.0,9,123.32792267134691,True,39.68295904887713,突破型|OVERHEAT,-0.007169850212473759,True,True,工业金属,24.999999999999993,-0.35050631445947306,32.0,86.1594501718213,0.7,10.0,50.31,Tier2
603786.SH,603786,科博达,20191015,,主板,L,228256549.1,1.8861272695223086,汽车零部件,汽车,801093.SI,280000,57.22,27.8622,29.8265,4.006,2.0724,2310868.0374,2310868.0374,330518660.2,True,0,0,False,False,60.0,51.87,3.435934144595554,-15.037483463178013,-3.6666666666666736,False,1.8861272695223086,-3.057119871279157,-25.54,9.35,145458279.79,96.1947,,,2029687648.52,97.9806,2.6528,0,2310868.0374,330518660.2,1.0,1.5,PASS,False,0.47619047619047616,-25.54,9.35,-7.74,-12.77,,27.8622,4.006,2.6528,,70.26558985507246,0.0,0.0,57.22,60.0,0,93.58533791523482,,0.5135135135135135,0,1,55.0,23,0.018783506783903725,False,3.435934144595554,,0.0006514640595294968,False,False,汽车零部件,-12.77,-0.0018190004158186847,32.0,61.975601374570445,1.0,0.0,61.98,Tier2
601077.SH,601077,渝农商行,20191029,,主板,L,279180435.9499999,-7.837837837837835,未知,未知,,,6.83,6.3956,6.297,0.5705,0.4423,7756831.0,6036519.5653,231671432.6,False,0,0,False,False,7.54,6.79,-1.1594202898550732,4.6012269938650485,-9.54907161803713,False,-7.837837837837835,-3.057119871279157,5.07,8.55,3931800000.0,99.9299,,,34398800000.0,1819.1762,2.8195,0,7756831.0,231671432.6,1.0,1.5,PASS,False,0.2857142857142857,5.07,8.55,2.125,5.07,,6.3956,0.5705,2.8195,1.2614595660749506,87.7931712264151,0.0,0.0,6.83,7.54,0,80.87056128293241,,0.3797709923664122,0,0,5.0,158,-3.0235807466637947,False,-1.1594202898550732,,-0.008898024729264672,False,False,独立池,5.07,0.0,22.189531887614272,31.199074762402578,1.0,0.0,31.2,Other
601138.SH,601138,工业富联,20180608,,主板,L,17208719295.199997,6.660153069532648,电子制造,电子,801085.SI,270000,67.16,37.7698,32.7858,7.563,0.9814,133272923.7793,133272923.7793,16450199802.199999,True,1,1,False,False,74.0,59.87,-3.135167110322401,18.27374503430841,-11.486486486486491,False,6.660153069532648,-3.057119871279157,109.05,46.02,10249511000.0,96.7404,,,77762740000.0,202.8931,6.1778,0,133272923.7793,16450199802.199999,1.0,1.5,PASS,False,0.40476190476190477,109.05,46.02,-24.075000000000003,157.2,,37.7698,7.563,6.1778,0.34635304906006414,87.6280681818182,0.0,0.0,67.16,74.0,0,72.96678121420389,,0.6923076923076923,0,1,55.0,8,2.0316843039776433,False,-3.135167110322401,,-0.0063912727316920255,False,False,电子制造,157.2,0.15921660948681887,50.0,59.39003436426117,1.0,0.0,59.39,Tier1
601615.SH,601615,明阳智能,20190123,,主板,L,1612359307.95,-2.965116279069757,未知,未知,,,16.79,57.5421,99.2767,1.4394,5.2117,3797052.9694,3797052.9694,1876515116.8000002,True,0,0,False,False,17.53,14.33,8.942558746736307,-25.056129321957787,-4.791785510553337,False,-2.965116279069757,-3.057119871279157,-140.07,178.18,-114919965.37,-466.0456,,,953637382.37,-12573.8468,0.0936,0,3797052.9694,1876515116.8000002,1.0,1.5,PASS,False,0.2857142857142857,-140.07,178.18,2.125,-142.195,ESP-Q,57.5421,1.4394,0.0936,,87.7931712264151,0.0,0.0,16.79,17.53,0,69.0721649484536,,0.5744274809160306,0,0,5.0,158,1.8491408121042832,False,8.942558746736307,OVERHEAT,0.009834905863705884,False,True,独立池,-142.195,0.0,20.017611724738266,27.225171829483735,0.7,0.0,19.06,Other
002984.SZ,002984,森麒麟,20200911,,主板,L,224075366.0,-12.653975363941772,汽车零部件,汽车,801093.SI,280000,15.63,14.3998,16.6416,1.1971,1.1011,1619716.3794,1115870.7519,200869203.20000002,False,0,0,False,False,18.02,15.28,-0.31948881789137795,-25.60801144492132,-13.429522752497224,False,-12.653975363941772,-3.057119871279157,-44.41,-49.95,197144528.78,94.0056,,,2921692279.6,89.6268,1.5175,0,1619716.3794,200869203.20000002,1.0,1.5,PASS,False,0.47619047619047616,-44.41,-49.95,-7.74,-22.205,,14.3998,1.1971,1.5175,,70.26558985507246,0.0,0.0,15.63,18.02,0,88.77434135166094,,0.0945945945945946,0,0,5.0,23,-14.521319126680176,False,-0.31948881789137795,,-0.015445744161701773,False,False,汽车零部件,-22.205,-0.037362587226163806,32.0,35.53230240549828,1.0,0.0,35.53,Other
603815.SH,603815,交建股份,20191021,,主板,L,237974140.9,-5.657708628005665,基础建设,建筑装饰,801723.SI,620000,6.95,,,2.7319,3.0358,430152.3433,430152.3433,110623814.80000001,False,1,0,False,False,7.77,6.24,-5.255681818181824,-5.524079320113307,-14.157014157014158,False,-5.657708628005665,-3.057119871279157,73.85,-714.24,57177409.29,99.6926,,,-470693357.9200001,-118.8548,3.7117,0,430152.3433,110623814.80000001,1.0,1.5,PASS,False,0.047619047619047616,73.85,-714.24,-15.53,104.91,ESP-Q,,2.7319,3.7117,,59.53485,0.0,0.0,6.95,7.77,0,34.822451317296675,CAT-0,0.6470588235294118,0,0,5.0,6,1.1637717783803954,False,-5.255681818181824,,0.009337259590064194,False,False,基础建设,104.91,0.1538068381644409,50.0,22.946735395189002,0.35,0.0,8.03,Other
603489.SH,603489,八方股份,20191111,,主板,L,242271410.05,-1.0843046896177766,电机,电气设备,801731.SI,630000,36.6,83.5156,68.2989,3.0997,1.4847,858701.8031,858701.8031,174068259.6,True,1,0,False,False,40.56,33.32,-7.268106734434565,23.611111111111114,-10.034516765285995,False,-1.0843046896177766,-3.057119871279157,132.52,107.43,40651168.8,90.8358,,,203170860.99,-69.9667,1.6276,0,858701.8031,174068259.6,1.0,1.5,PASS,False,0.9047619047619048,132.52,107.43,-11.325,155.17,ESP-Q,83.5156,3.0997,1.6276,0.6302112888620586,169.84244,0.0,0.0,36.6,40.56,0,95.41809851088202,,0.36363636363636365,0,1,55.0,4,-7.030250635563728,False,-7.268106734434565,,-0.0133057206339971,False,False,电机,155.17,0.14034232539826355,50.0,66.12542955326461,0.7,0.0,46.29,Other
603390.SH,603390,通达电气,20191125,,主板,L,356794309.74999994,18.016528925619824,汽车零部件,汽车,801093.SI,280000,14.36,59.2561,38.7434,2.9513,6.8325,504972.249,503338.0365,487824656.00000006,True,3,1,False,True,15.68,11.96,-3.513513513513522,8.099924299772887,-8.92857142857143,False,18.016528925619824,-3.057119871279157,348.03,387.04,62989293.54,98.6419,,,190756745.13,-32.692,3.8031,1,504972.249,487824656.00000006,1.0,1.5,PASS,False,0.47619047619047616,348.03,387.04,-7.74,363.51,ESP-Q,59.2561,2.9513,3.8031,0.17026147171220873,70.26558985507246,0.0,0.0,14.36,15.68,10,93.58533791523482,CHASE,0.8918918918918919,1,1,100.0,23,16.14918516288142,True,-3.513513513513522,突破型,-0.005325824475546131,True,False,汽车零部件,363.51,1.415705201491618,68.0,91.67560137457045,0.7,10.0,54.17,Tier2
002969.SZ,002969,嘉美包装,20191202,,主板,L,1281902483.85,-10.647085819183111,包装印刷,轻工制造,801141.SI,360000,19.17,243.1653,149.3838,6.4666,4.9846,2105816.2761,2094773.4627,1185861866.6000001,True,1,0,False,False,24.1,17.77,-2.941176470588236,-33.36755646817249,-19.21161825726142,False,-10.647085819183111,-3.057119871279157,430.93,-56.32,67117949.88,100.2664,,,198717645.82,91.4658,2.3084,0,2105816.2761,1185861866.6000001,1.0,1.5,PASS,False,0.8571428571428571,430.93,-56.32,-1.67,434.27000000000004,ESP-Q,243.1653,6.4666,2.3084,0.5642802775392756,117.94202,0.0,0.0,19.17,24.1,0,67.81214203894616,,0.42857142857142855,0,0,5.0,5,-6.086348214433368,False,-2.941176470588236,,-0.012678535564851365,False,False,包装印刷,434.27000000000004,3.387704385695337,96.16311315708602,42.07626524310105,0.7,0.0,29.45,Other
003043.SZ,003043,华亚智能,20210406,,主板,L,285516462.7,9.328160818197851,半导体,电子,801081.SI,270000,64.76,102.4572,115.2386,4.9075,6.2157,866692.2241,542884.2198,450565335.59999996,False,0,0,False,False,69.51,53.31,3.6962702793109203,16.104868913857672,-10.804200834412326,False,9.328160818197851,-3.057119871279157,-73.33,-26.15,4335401.11,55.5716,,,136731172.85,1070.9708,0.4218,0,866692.2241,450565335.59999996,1.0,1.5,PASS,False,0.8333333333333334,-73.33,-26.15,20.14,-93.47,ESP-Q,102.4572,4.9075,0.4218,,137.7359375,0.0,0.0,64.76,69.51,0,50.0,COV-LOW,0.25,0,1,40.0,9,-9.55762670836637,False,3.6962702793109203,,0.018988023875640723,False,False,半导体,-93.47,-0.5155975679587969,22.0,39.4,0.7,0.0,27.58,Other
603950.SH,603950,长源东谷,20200526,,主板,L,724952214.65,11.976351351351354,汽车零部件,汽车,801093.SI,280000,68.85,57.3705,56.6186,7.2081,2.0768,2231640.558,2228032.818,601665054.9999999,False,1,0,False,False,77.92,54.72,-5.096635647816738,70.93862815884478,-14.925564681724834,False,11.976351351351354,-3.057119871279157,6.82,60.85,79438435.31,95.8873,,,835080730.83,233.1412,2.7126,0,2231640.558,601665054.9999999,1.0,1.5,PASS,False,0.47619047619047616,6.82,60.85,-7.74,3.41,,57.3705,7.2081,2.7126,8.412096774193548,70.26558985507246,0.0,0.0,68.85,77.92,0,88.77434135166094,,0.8243243243243243,1,1,85.0,23,10.10900758861295,True,-5.096635647816738,,-0.0075167279599688535,False,False,汽车零部件,3.41,0.059134389577968724,50.0,79.13230240549828,1.0,0.0,79.13,Tier1
603610.SH,603610,麒盛科技,20191029,,主板,L,192315361.85000002,14.952681388012623,家用轻工,轻工制造,801142.SI,360000,18.53,62.3298,69.4517,2.102,2.4541,654093.4737,654093.4737,345121905.40000004,True,2,1,False,False,19.7,14.92,-5.595854922279797,-1.406926406926412,-7.512690355329954,False,14.952681388012623,-3.057119871279157,-20.37,-41.23,42361020.87,125.636,,,414721694.9,84.9539,1.0838,0,654093.4737,345121905.40000004,1.0,1.5,PASS,False,0.11904761904761904,-20.37,-41.23,-30.725,-10.185,,62.3298,2.102,1.0838,,341.69754,0.0,0.0,18.53,19.7,0,85.56701030927834,,0.6666666666666666,0,1,55.0,3,0.40722684255809405,False,-5.595854922279797,,0.002086833462332318,False,False,家用轻工,-10.185,-0.9819443357374721,22.0,57.570103092783505,1.0,0.0,57.57,Tier2
002971.SZ,002971,和远气体,20200113,,主板,L,550924439.1499999,11.71925305859627,化学制品,化工,801034.SI,220000,33.94,119.1261,135.1499,3.9764,8.2022,718696.47,530826.1819,1050301962.4000001,True,3,2,False,True,45.33,29.7,-15.79713661732589,5.375037959307627,-23.450253695124633,False,11.71925305859627,-3.057119871279157,-4.46,-35.7,16004060.85,88.6939,,,133506829.78,23.5332,1.0624,0,718696.47,1050301962.4000001,1.0,1.5,PASS,False,0.2619047619047619,-4.46,-35.7,5.17,-9.629999999999999,,119.1261,3.9764,1.0624,,72.11200512820513,0.0,0.0,33.94,45.33,0,76.28865979381443,,0.7142857142857143,1,1,100.0,15,12.988646570584983,True,-15.79713661732589,突破型,-0.029713478774012383,False,False,化学制品,-9.629999999999999,-0.04357740754821895,32.0,79.28659793814433,1.0,0.0,79.29,Tier2
601609.SH,601609,金田股份,20200422,,主板,L,1011325852.1000001,20.913242009132425,工业金属,有色金属,801055.SI,240000,13.87,31.8641,31.0607,2.3692,5.7519,2397621.1737,2397621.1737,1780022312.6,False,1,1,False,False,14.54,10.08,1.846153846153853,16.4467897977133,-8.940852819807422,False,20.913242009132425,-3.057119871279157,-21.79,29.41,80865616.09,47.4937,,,1208418869.36,-1830.1662,1.6488,0,2397621.1737,1780022312.6,1.0,1.5,PASS,False,0.14285714285714285,-21.79,29.41,60.27,-82.06,ESP-Q,31.8641,2.3692,1.6488,,36.771677777777775,0.0,0.0,13.87,14.54,0,88.77434135166094,CHASE,0.9642857142857143,1,1,75.0,9,27.07131460859598,True,1.846153846153853,,0.0022004972079507504,True,False,工业金属,-82.06,-0.8429231133624084,22.0,68.53230240549829,0.7,0.0,47.97,Other
603195.SH,603195,公牛集团,20200206,,主板,L,256091852.10000002,6.166868198307118,家用轻工,轻工制造,801142.SI,360000,44.03,19.5553,19.163,4.468,0.3235,7960225.6958,7928325.0186,266786266.60000002,True,0,0,False,False,45.3,40.93,2.594064033652721,0.9427454587261463,-3.0905077262693093,False,6.166868198307118,-3.057119871279157,15.01,-3.13,983604877.44,92.9469,,,9151856602.27,133.2857,6.1146,0,7960225.6958,266786266.60000002,1.0,1.5,PASS,False,0.11904761904761904,15.01,-3.13,-30.725,7.505,,19.5553,4.468,6.1146,1.3028181212524983,341.69754,10.0,0.0,44.03,45.3,0,65.2348224513173,,0.3333333333333333,0,1,55.0,3,-8.378586347147412,False,2.594064033652721,,-0.0063625020028284535,False,False,家用轻工,7.505,0.7485805399708995,50.0,57.070446735395194,1.0,0.0,67.07,Tier1
605090.SH,605090,九丰能源,20210525,,主板,L,1562339839.65,-15.805211448099099,燃气,公用事业,801163.SI,410000,38.98,18.5941,19.5406,2.3859,2.1879,2751661.6127,2746246.1213,793416483.4,False,1,1,False,False,49.84,39.38,-9.814687714481806,-11.0158013544018,-20.90690208667737,False,-15.805211448099099,-3.057119871279157,-16.03,0.89,392934216.88,90.4605,,,3720119207.79,11.1826,3.7701,0,2751661.6127,793416483.4,1.0,1.5,PASS,False,0.23809523809523808,-16.03,0.89,-1.23,-8.015,,18.5941,2.3859,3.7701,,177.38852,0.0,0.0,38.98,49.84,0,50.0,COV-LOW,0.16666666666666666,0,0,5.0,4,-14.527825655965454,False,-9.814687714481806,,-0.005571612963303075,False,False,燃气,-8.015,-0.31440813296329323,32.0,23.9,1.0,0.0,23.9,Other
603290.SH,603290,斯达半导,20200204,,主板,L,1346534873.95,21.007821007821015,半导体,电子,801081.SI,270000,131.75,77.8579,96.1453,4.5305,7.4975,3155062.9146,3155062.9146,1844552111.6,True,1,1,False,False,135.0,100.0,-2.17687074829932,14.233644859813088,-9.459259259259255,False,21.007821007821015,-3.057119871279157,-83.49,-22.61,16793621.89,63.0704,,,1019672783.62,-406.225,0.3831,0,3155062.9146,1844552111.6,1.0,1.5,PASS,False,0.8333333333333334,-83.49,-22.61,20.14,-103.63,ESP-Q,77.8579,4.5305,0.3831,,137.7359375,0.0,0.0,131.75,135.0,0,90.72164948453609,CHASE,0.5357142857142857,0,1,55.0,9,2.1220334812567927,False,-2.17687074829932,,0.000623035616884692,True,False,半导体,-103.63,-0.5390172319794496,22.0,59.116494845360826,0.7,0.0,41.38,Other
002980.SZ,002980,华盛昌,20200415,,主板,L,1576597878.3,28.710462287104612,未知,未知,,,116.38,247.5173,283.8511,19.5237,15.205,2204250.7001,1178778.6181,1850041693.5999997,False,3,2,False,True,114.91,73.1,9.899241716007069,343.60587002096435,-7.927943608041077,False,28.710462287104612,-3.057119871279157,-37.37,-35.35,17427269.05,98.1254,,,205287342.05,66.6671,1.5804,0,2204250.7001,1850041693.5999997,1.0,1.5,PASS,False,0.2857142857142857,-37.37,-35.35,2.125,-39.495,,247.5173,19.5237,1.5804,,87.7931712264151,0.0,10.0,116.38,114.91,0,88.77434135166094,CHASE,0.9561068702290076,1,1,75.0,158,33.524719378278654,True,9.899241716007069,突破型|OVERHEAT,-0.011014033599855989,True,True,独立池,-39.495,0.0,21.53227033830813,68.43875647315991,1.0,10.0,58.44,Tier2
605289.SH,605289,罗曼股份,20210426,,主板,L,720953251.5,-19.672260924635843,专业工程,建筑装饰,801724.SI,620000,105.97,297.3811,186.9723,12.1146,3.4763,1617213.4685,1607273.4825,536252967.4,False,3,1,False,True,175.0,101.47,-34.20011672394787,2.5156597292382177,-42.01714285714285,False,-19.672260924635843,-3.057119871279157,221.94,216.6352,46238479.13,99.3749,,,125304176.19,253.9401,3.4745,0,1617213.4685,536252967.4,1.0,1.5,PASS,False,0.35714285714285715,221.94,216.6352,-13.35,248.64,,297.3811,12.1146,3.4745,1.3399166441380554,69.65643999999999,0.0,0.0,105.97,175.0,0,50.0,COV-LOW,0.0625,0,0,5.0,5,-11.371424459408182,False,-34.20011672394787,突破型,-0.0013131708106010826,False,False,专业工程,248.64,2.457441995412177,82.0,33.900000000000006,1.0,0.0,33.9,Other
601696.SH,601696,中银证券,20200226,,主板,L,428161875.0,-3.07443365695792,证券,非银金融,801193.SI,490000,11.71,31.1211,28.8788,1.6808,1.5425,3253038.0,3253038.0,515521878.59999996,False,0,0,False,False,12.88,11.82,0.419111483654655,-13.626532083633736,-6.987577639751552,False,-3.07443365695792,-3.057119871279157,27.53,19.07,353278146.35,97.7098,,,2175782143.01,3321.9522,1.889,0,3253038.0,515521878.59999996,1.0,1.5,PASS,False,0.07142857142857142,27.53,19.07,30.57,-3.039999999999999,,31.1211,1.6808,1.889,1.1304431529240828,30.16254222222222,0.0,0.0,11.71,12.88,0,74.5704467353952,,0.4,0,0,5.0,14,-0.7573604862262218,False,0.419111483654655,,0.008594483092168885,False,False,证券,-3.039999999999999,-0.12922035117291075,32.0,31.27113402061856,1.0,0.0,31.27,Other
002975.SZ,002975,博杰股份,20200205,,主板,L,1559811657.05,11.808155418395216,未知,未知,,,121.55,172.8926,108.6334,10.7496,6.9267,2529829.0961,1669538.344,1758401795.6000001,True,1,1,False,False,127.64,92.21,-3.9046873641186197,35.33374157991427,-13.4283923534942,False,11.808155418395216,-3.057119871279157,383.58,1007.58,64367751.43,97.6708,,,237285346.27,52.505,2.8394,0,2529829.0961,1758401795.6000001,1.0,1.5,PASS,False,0.2857142857142857,383.58,1007.58,2.125,383.58,,172.8926,10.7496,2.8394,0.4507341362949059,87.7931712264151,0.0,0.0,121.55,127.64,0,91.29438717067583,,0.8587786259541985,1,1,100.0,158,16.62241250956926,True,-3.9046873641186197,,-0.032232655810414915,False,False,独立池,383.58,0.0,27.771941155601894,82.94270438232313,1.0,0.0,82.94,Tier2
605111.SH,605111,新洁能,20200928,,主板,L,1369090331.8,38.3011985409067,半导体,电子,801081.SI,270000,57.47,60.6383,62.8293,5.4976,9.4775,2386916.2625,2386916.2625,1882030846.8,False,0,0,False,False,59.52,37.45,10.606376328401733,13.930027902983454,-10.819892473118287,False,38.3011985409067,-3.057119871279157,-14.84,-14.12,88647185.6,93.7637,,,934769044.53,55.4624,2.1816,0,2386916.2625,1882030846.8,1.0,1.5,PASS,False,0.8333333333333334,-14.84,-14.12,20.14,-34.980000000000004,,60.6383,5.4976,2.1816,,137.7359375,10.0,0.0,57.47,59.52,0,88.77434135166094,CHASE,0.8928571428571429,1,1,85.0,9,19.415411014342475,True,10.606376328401733,OVERHEAT,0.0006472755663276627,True,True,半导体,-34.980000000000004,-0.3807731438871451,32.0,75.53230240549829,1.0,0.0,85.53,Tier2
605358.SH,605358,立昂微,20200911,,主板,L,2168109390.35,32.147460685743745,半导体,电子,801081.SI,270000,52.23,,,5.0242,7.2523,3506606.3016,3506606.3016,3312336898.0,True,2,2,False,False,57.77,37.75,-0.6781631466770022,27.990012484394523,-11.268824649472053,False,32.147460685743745,-3.057119871279157,114.3958,31.2702,11697500.0,161.9118,,,-312153300.0,,0.1003,0,3506606.3016,3312336898.0,1.0,1.5,PASS,False,0.8333333333333334,114.3958,31.2702,20.14,114.3958,,,5.0242,0.1003,,137.7359375,0.0,0.0,52.23,57.77,0,93.58533791523482,CHASE,0.8571428571428571,1,1,100.0,9,13.261673159179523,True,-0.6781631466770022,,-0.006664200975576769,True,False,半导体,114.3958,-0.03644922175956391,32.0,84.47560137457045,1.0,0.0,84.48,Tier2
002985.SZ,002985,北摩高科,20200429,,主板,L,359739637.3500001,-16.65377674658417,航空装备,国防军工,801742.SI,650000,32.48,53.8836,50.4916,3.9707,1.3326,1077860.4928,1074891.3044,166484803.6,False,0,0,False,False,40.22,32.31,-3.463720513586155,-27.086152458276956,-19.617105917454005,False,-16.65377674658417,-3.057119871279157,18.41,3072.3,63233721.34,94.05,,,464423354.74,-120.1702,2.4682,0,1077860.4928,166484803.6,1.0,1.5,PASS,False,0.5238095238095238,18.41,3072.3,-13.16,44.730000000000004,ESP-Q,53.8836,3.9707,2.4682,2.926865833785986,161.41275,0.0,0.0,32.48,40.22,0,88.77434135166094,,0.0625,0,0,5.0,5,-9.560272384122104,False,-3.463720513586155,,-0.01961690131374753,False,False,航空装备,44.730000000000004,-0.011009723077544177,32.0,35.53230240549828,0.7,0.0,24.87,Other
601975.SH,601975,招商南油,20190108,,主板,L,1670947681.9499998,26.211453744493408,未知,未知,,,5.8,20.6986,18.6095,2.2656,10.9231,2714599.9132,2714599.9132,2410337622.9999995,True,0,0,False,False,5.86,4.18,15.75757575757577,47.30077120822622,-2.2184300341296925,False,26.211453744493408,-3.057119871279157,24.68,-22.29,352024421.13,81.5134,,,3150201541.92,61.9534,3.6569,0,2714599.9132,2410337622.9999995,1.0,1.5,PASS,False,0.2857142857142857,24.68,-22.29,2.125,24.68,ESP-Q,20.6986,2.2656,3.6569,0.8386790923824959,87.7931712264151,0.0,0.0,5.8,5.86,0,89.1179839633448,CHASE,0.9522900763358778,1,1,100.0,158,31.025710835667446,True,15.75757575757577,OVERHEAT,0.01699552166858439,True,True,独立池,24.68,0.0,22.478747617040806,81.2311447124116,0.7,0.0,56.86,Tier2
601702.SH,601702,华峰铝业,20200907,,主板,L,162946757.59999996,-8.004002001000487,工业金属,有色金属,801055.SI,240000,20.07,16.6746,17.0053,3.0001,2.5851,2004050.9142,2004050.9142,202732957.60000002,True,0,0,False,False,20.36,17.4,2.794857462269418,-22.339527027027028,-9.67583497053045,False,-8.004002001000487,-3.057119871279157,-3.66,-3.89,238262897.46,98.09,,,2795294646.6000004,-11.63,3.7045,0,2004050.9142,202732957.60000002,1.0,1.5,PASS,False,0.14285714285714285,-3.66,-3.89,60.27,-63.93000000000001,ESP-Q,16.6746,3.0001,3.7045,,36.771677777777775,0.0,0.0,20.07,20.36,0,88.77434135166094,,0.39285714285714285,0,0,5.0,9,-1.8459294015369325,False,2.794857462269418,,0.014005601765164606,False,False,工业金属,-63.93000000000001,-0.759535138730331,22.0,33.53230240549828,0.7,0.0,23.47,Other
002993.SZ,002993,奥海科技,20200817,,主板,L,486516932.5499999,26.056910569105685,电子制造,电子,801085.SI,270000,68.22,44.5833,54.6958,3.8832,4.6749,1883144.88,1626684.9769,634884163.5999999,True,1,1,False,False,66.22,44.76,4.9407783417935836,26.005688744412847,-6.3424947145877315,False,26.056910569105685,-3.057119871279157,-88.21,-18.49,12653227.72,27.1236,,,826649736.2,352.9756,0.9635,0,1883144.88,634884163.5999999,1.0,1.5,PASS,False,0.40476190476190477,-88.21,-18.49,-24.075000000000003,-44.105,ESP-Q,44.5833,3.8832,0.9635,,87.6280681818182,0.0,0.0,68.22,66.22,0,88.31615120274914,CHASE,0.9230769230769231,1,1,100.0,8,21.42844180355068,True,4.9407783417935836,,0.001870045824147213,True,False,电子制造,-44.105,-0.43303225307180826,32.0,82.89484536082475,0.7,0.0,58.03,Tier2
603565.SH,603565,中谷物流,20200925,,主板,L,184679059.14999998,-11.386138613861373,未知,未知,,,10.69,11.2189,11.3314,2.0478,0.58,2244967.4571,2244967.4571,121080853.39999999,False,0,0,False,False,12.4,10.38,1.0348071495766664,1.6083254493850507,-13.387096774193552,False,-11.386138613861373,-3.057119871279157,11.89,41.01,494345153.6,93.8049,,,3996974882.6099997,95.4296,4.9209,0,2244967.4571,121080853.39999999,1.0,1.5,PASS,False,0.2857142857142857,11.89,41.01,2.125,11.89,,11.2189,2.0478,4.9209,0.9435576114381833,87.7931712264151,10.0,0.0,10.69,12.4,0,89.1179839633448,,0.22900763358778625,0,0,5.0,158,-6.571881522687333,False,1.0348071495766664,,-0.011186007860087088,False,False,独立池,11.89,0.0,22.29011583838883,33.69341835668121,1.0,0.0,43.69,Other
002988.SZ,002988,豪美新材,20200518,,主板,L,186430460.60000002,-5.313588850174211,工业金属,有色金属,801055.SI,240000,33.18,70.0118,70.9661,3.0813,1.5826,828746.3694,828746.3694,232835636.6,True,1,1,False,False,35.86,30.3,4.118773946360155,-9.867330016583754,-9.063022866703852,False,-5.313588850174211,-3.057119871279157,3.05,-41.76,41158383.8,103.4794,,,388318480.3,-286.928,1.4687,0,828746.3694,232835636.6,1.0,1.5,PASS,False,0.14285714285714285,3.05,-41.76,60.27,-57.220000000000006,ESP-Q,70.0118,3.0813,1.4687,22.954688524590164,36.771677777777775,0.0,0.0,33.18,35.86,0,88.77434135166094,,0.5714285714285714,0,0,5.0,9,0.8444837492893429,False,4.118773946360155,,0.01759703575125724,False,False,工业金属,-57.220000000000006,-0.7286728491671075,22.0,33.53230240549828,0.7,0.0,23.47,Other
605168.SH,605168,三人行,20200528,,主板,L,743974871.2,48.58743302484167,未知,未知,,,63.59,70.5808,105.1662,4.9024,5.3677,1340585.214,1340585.214,829185289.1999999,True,4,1,False,True,65.0,38.87,0.5604087687489656,50.15998031011566,-6.138461538461537,False,48.58743302484167,-3.057119871279157,192.02,-16.38,53211611.14,483.8133,,,532929934.08,-1809.4106,0.403,0,1340585.214,829185289.1999999,1.0,1.5,PASS,False,0.2857142857142857,192.02,-16.38,2.125,192.02,ESP-Q,70.5808,4.9024,0.403,0.36757004478700134,87.7931712264151,0.0,0.0,63.59,65.0,0,88.77434135166094,CHASE,0.9847328244274809,1,1,100.0,158,53.401690116015715,True,0.5604087687489656,突破型,0.001612295040121422,True,False,独立池,192.02,0.0,24.946741505987067,81.62165070669569,0.7,0.0,57.14,Tier2
605389.SH,605389,长龄液压,20210322,,主板,L,385572625.6,41.42165984369186,未知,未知,,,117.88,134.5555,127.6107,7.8744,1.1146,1698498.3812,1606312.5669,296604969.8,True,0,0,False,False,132.58,75.7,-7.317073170731703,56.42151481888036,-14.014180117664809,False,41.42165984369186,-3.057119871279157,21.04,12.39,35953438.31,95.3814,,,301523018.55,22.1494,1.7777,0,1698498.3812,296604969.8,1.0,1.5,PASS,False,0.2857142857142857,21.04,12.39,2.125,21.04,,134.5555,7.8744,1.7777,6.395223384030419,87.7931712264151,0.0,0.0,117.88,132.58,0,50.0,COV-LOW,0.9770992366412213,1,1,100.0,158,46.235916934865905,True,-7.317073170731703,,-0.007182445819448718,True,False,独立池,21.04,0.0,22.42506351428137,69.48501270285627,1.0,0.0,69.49,Tier2
605366.SH,605366,宏柏新材,20200812,,主板,L,466002002.15,-15.401146131805154,化学制品,化工,801034.SI,220000,12.99,,,3.7667,5.2082,1008124.9323,1008124.9323,526841943.8,False,1,1,False,False,14.57,10.92,0.08474576271186862,40.42806183115339,-18.943033630748108,False,-15.401146131805154,-3.057119871279157,-295.14,-313.9887,-32082382.01,,,,-302263815.87,,-1.1886,0,1008124.9323,526841943.8,1.0,1.5,PASS,False,0.2619047619047619,-295.14,-313.9887,5.17,-300.31,,,3.7667,-1.1886,,72.11200512820513,0.0,0.0,12.99,14.57,0,88.77434135166094,,0.12244897959183673,0,0,5.0,15,-14.131752619816439,False,0.08474576271186862,,0.009228298142371208,False,False,化学制品,-300.31,-0.6990069166454885,22.0,33.53230240549828,1.0,0.0,33.53,Other
003027.SZ,003027,同兴科技,20201218,,主板,L,275429484.0,-9.304174950298204,未知,未知,,,23.88,42.1965,44.1335,1.7982,10.6898,312167.0016,250407.9916,119919456.8,False,1,0,False,False,27.85,22.76,-8.760000000000002,-1.255411255411265,-18.096947935368057,False,-9.304174950298204,-3.057119871279157,-32.55,196.94,8552936.53,82.4511,,,184776539.81,242.321,0.5996,0,312167.0016,119919456.8,1.0,1.5,PASS,False,0.2857142857142857,-32.55,196.94,2.125,-34.675,,42.1965,1.7982,0.5996,,87.7931712264151,0.0,0.0,23.88,27.85,0,88.77434135166094,,0.3148854961832061,0,0,5.0,158,-4.489917859124164,False,-8.760000000000002,,0.0003148080721587198,False,False,独立池,-34.675,0.0,21.60335752932475,33.45297391136323,1.0,0.0,33.45,Other
003021.SZ,003021,兆威机电,20201204,,主板,L,674448255.9000001,11.158755484643002,电机,电气设备,801731.SI,630000,111.68,117.5003,124.2212,5.8154,4.1808,2987941.4432,2315868.5136,1308392125.6,True,0,0,False,False,117.5,92.0,5.170299084819319,-8.466086385284942,-5.131914893617018,False,11.158755484643002,-3.057119871279157,-31.89,22.6,32139133.45,78.4805,,,514212954.09,88.5769,0.9503,0,2987941.4432,1308392125.6,1.0,1.5,PASS,False,0.9047619047619048,-31.89,22.6,-11.325,-15.945,ESP-Q,117.5003,5.8154,0.9503,,169.84244,0.0,0.0,111.68,117.5,0,88.77434135166094,,0.8181818181818182,1,1,100.0,4,5.2128095386970505,True,5.170299084819319,,0.018295123148436458,False,False,电机,-15.945,-0.5811441402927047,22.0,81.03230240549829,0.7,0.0,56.72,Tier2
003001.SZ,003001,中岩大地,20201013,,主板,L,159970779.80000004,32.9225352112676,专业工程,建筑装饰,801724.SI,620000,22.56,284.5843,390.8464,3.2893,10.5247,393555.3761,257780.6962,356314054.4,True,1,1,False,False,23.75,15.95,15.033011681056351,13.193403298350814,-4.631578947368431,False,32.9225352112676,-3.057119871279157,-77.3,-94.25,2105048.65,31.8248,,,44481043.46,-714.9103,0.5546,0,393555.3761,356314054.4,1.0,1.5,PASS,False,0.35714285714285715,-77.3,-94.25,-13.35,-38.65,ESP-Q,284.5843,3.2893,0.5546,,69.65643999999999,0.0,0.0,22.56,23.75,0,88.77434135166094,CHASE,0.9375,1,1,100.0,5,41.22337167649526,True,15.033011681056351,OVERHEAT,0.03430671109192071,True,True,专业工程,-38.65,-0.8244402603611787,22.0,81.03230240549829,0.7,0.0,56.72,Tier2
605388.SH,605388,均瑶健康,20200818,,主板,L,192912481.95000005,-17.73584905660377,未知,未知,,,6.63,,,2.5911,1.3302,398120.892,398120.892,65443313.0,True,0,0,False,False,9.1,6.51,-4.941860465116276,-5.627705627705626,-28.13186813186813,False,-17.73584905660377,-3.057119871279157,7.49,-243.3224,7556333.66,87.2065,,,-201444709.61,-786.5166,0.5655,1,398120.892,65443313.0,1.0,1.5,PASS,False,0.2857142857142857,7.49,-243.3224,2.125,7.49,ESP-Q,,2.5911,0.5655,,87.7931712264151,0.0,0.0,6.63,9.1,10,88.77434135166094,,0.0648854961832061,0,0,5.0,158,-12.921591965429728,False,-4.941860465116276,,0.0031751100541697387,False,False,独立池,7.49,0.0,22.225222966921372,33.577346998882554,0.7,10.0,13.5,Other
605222.SH,605222,起帆电缆,20200731,,主板,L,820710164.6,12.24615384615384,未知,未知,,,36.52,88.299,76.8749,3.2038,3.7538,1507922.9502,1507922.9502,560705377.4,False,1,0,False,False,43.99,31.0,-3.848181338956247,69.28074245939672,-17.07206183223461,False,12.24615384615384,-3.057119871279157,44.56,22.83,91762462.76,96.2467,,,590655105.88,-780.9446,1.9879,0,1507922.9502,560705377.4,1.0,1.5,PASS,False,0.2857142857142857,44.56,22.83,2.125,44.56,ESP-Q,88.299,3.2038,1.9879,1.9815754039497306,87.7931712264151,0.0,0.0,36.52,43.99,0,88.77434135166094,,0.8664122137404581,1,1,75.0,158,17.06041093732788,True,-3.848181338956247,,-0.008370072441635124,False,False,独立池,44.56,0.0,22.77194540903466,68.68669148730521,0.7,0.0,48.08,Other
605318.SH,605318,法狮龙,20200803,,主板,L,302477088.45000005,8.585580627407818,其他建材,建筑材料,801713.SI,610000,99.0,,40213.7875,19.4656,2.0446,1244717.3772,1244717.3772,350638041.0,True,1,1,False,False,107.69,88.21,10.842696629213489,28.366948601171128,-8.394465595691326,False,8.585580627407818,-3.057119871279157,83.1385,65.8,-1506385.88,,,,-25667364.54,,-0.1537,0,1244717.3772,350638041.0,1.0,1.5,PASS,False,0.16666666666666666,83.1385,65.8,-12.22,107.57849999999999,,,19.4656,-0.1537,,34.4639,0.0,0.0,99.0,107.69,0,88.77434135166094,,0.5714285714285714,0,1,55.0,3,0.0,False,10.842696629213489,OVERHEAT,0.015592954179274652,False,True,其他建材,107.57849999999999,0.44236252443751606,50.0,64.13230240549828,1.0,0.0,64.13,Tier2
605123.SH,605123,派克新材,20200825,,主板,L,528494979.59999996,14.060840173829071,航空装备,国防军工,801742.SI,650000,120.58,57.8933,55.8875,3.1586,5.0417,1461078.6157,1461078.6157,689138002.3999999,False,2,1,False,False,125.0,96.45,7.1486891045994705,5.455357142857142,-5.512000000000006,False,14.060840173829071,-3.057119871279157,4.2,-13.13,74462796.07,86.9136,,,681336813.6700001,-131.9139,1.8557,0,1461078.6157,689138002.3999999,1.0,1.5,PASS,False,0.5238095238095238,4.2,-13.13,-13.16,2.1,ESP-Q,57.8933,3.1586,1.8557,13.784119047619049,161.41275,0.0,0.0,120.58,125.0,0,69.0721649484536,,0.9375,1,1,75.0,5,21.154344536291138,True,7.1486891045994705,,0.024659169832179927,False,False,航空装备,2.1,-0.07922078786688863,32.0,64.62164948453608,0.7,0.0,45.24,Other
601665.SH,601665,齐鲁银行,20210618,,主板,L,348263760.0,-1.125401929260439,未知,未知,,,6.14,6.6132,6.3981,0.747,0.6258,3778459.3104,3778459.3104,284703273.0,False,0,0,False,False,6.5,6.06,-2.07006369426751,6.770833333333348,-5.384615384615376,False,-1.125401929260439,-3.057119871279157,17.17,15.36,1563051000.0,99.958,,,13785136000.0,556.114,2.9477,0,3778459.3104,284703273.0,1.0,1.5,PASS,False,0.2857142857142857,17.17,15.36,2.125,17.17,,6.6132,0.747,2.9477,0.385160163075131,87.7931712264151,10.0,0.0,6.14,6.5,0,50.0,COV-LOW,0.6354961832061069,0,1,40.0,158,3.6888551619136014,False,-2.07006369426751,,0.010104668044070675,False,False,独立池,17.17,0.0,22.367987284149766,39.47359745682995,1.0,0.0,49.47,Other
003019.SZ,003019,宸展光电,20201117,,主板,L,256616740.00000006,5.939187269110557,光学光电子,电子,801084.SI,270000,38.1,34.7053,39.1348,3.9108,5.5699,673915.4822,651408.8597,396740488.8,True,0,0,False,False,38.81,33.41,1.9972640218878457,16.938519447929746,-3.9422829167740314,False,5.939187269110557,-3.057119871279157,-39.55,29.87,24226962.19,87.4505,,,412383189.1,4.0578,1.6151,0,673915.4822,396740488.8,1.0,1.5,PASS,False,0.9761904761904762,-39.55,29.87,-19.355800000000002,-19.775,,34.7053,3.9108,1.6151,,243.17919999999998,10.0,0.0,38.1,38.81,0,88.77434135166094,,0.6086956521739131,0,1,55.0,7,1.0848183370717246,False,1.9972640218878457,,0.01823934916101761,False,False,光学光电子,-19.775,-0.11139231729604235,32.0,60.53230240549828,1.0,0.0,70.53,Tier2
605133.SH,605133,嵘泰股份,20210224,,主板,L,463053819.25,27.355901189386998,汽车零部件,汽车,801093.SI,280000,41.15,60.9799,62.1376,3.0457,4.8471,1163595.0605,1160916.0309,589059025.6,True,0,0,False,False,43.8,30.05,5.748290706507975,31.98482932996207,-4.657534246575345,False,27.355901189386998,-3.057119871279157,-14.29,15.78,38342933.75,85.8347,,,410035020.31,151.0043,1.174,0,1163595.0605,589059025.6,1.0,1.5,PASS,False,0.47619047619047616,-14.29,15.78,-7.74,-7.145,,60.9799,3.0457,1.174,,70.26558985507246,0.0,0.0,41.15,43.8,0,92.89805269186712,CHASE,0.972972972972973,1,1,100.0,23,25.488557426648594,True,5.748290706507975,,-0.006676942463729016,True,False,汽车零部件,-7.145,0.01937153226125512,50.0,87.86941580756013,1.0,0.0,87.87,Tier2
605255.SH,605255,天普股份,20200825,,主板,L,206530622.60000002,-15.218517878735538,汽车零部件,汽车,801093.SI,280000,96.32,493.9296,858.6091,15.8887,0.8503,1291458.56,1291458.56,149217172.2,False,1,1,False,False,122.1,98.0,-3.858961802154748,-28.47045106755083,-19.606879606879602,False,-15.218517878735538,-3.057119871279157,-73.0,-20.89,2009145.64,,,,44039697.34,504.5276,-0.2924,0,1291458.56,149217172.2,1.0,1.5,PASS,False,0.47619047619047616,-73.0,-20.89,-7.74,-36.5,,493.9296,15.8887,-0.2924,,70.26558985507246,0.0,0.0,96.32,122.1,0,88.77434135166094,,0.08108108108108109,0,0,5.0,23,-17.085861641473944,False,-3.858961802154748,,-0.008223903565127378,False,False,汽车零部件,-36.5,-0.09121479426950072,32.0,35.53230240549828,1.0,0.0,35.53,Other
605077.SH,605077,华康股份,20210209,,主板,L,336962684.0,20.44270833333335,化学制品,化工,801034.SI,220000,17.93,27.1278,38.4187,1.7709,7.6513,543368.7486,536877.1921,382595754.8,True,0,0,False,False,19.44,14.92,2.20994475138121,14.197530864197528,-4.835390946502061,False,20.44270833333335,-3.057119871279157,-75.02,-33.5,18303340.4,82.5537,,,464385606.62,-103.9809,0.6817,0,543368.7486,382595754.8,1.0,1.5,PASS,False,0.2619047619047619,-75.02,-33.5,5.17,-80.19,ESP-Q,27.1278,1.7709,0.6817,,72.11200512820513,0.0,0.0,17.93,19.44,0,92.89805269186712,CHASE,0.7959183673469388,1,1,100.0,15,21.712101845322064,True,2.20994475138121,,0.11343607842423972,True,False,化学制品,-80.19,-0.2026771260080488,32.0,84.26941580756014,0.7,0.0,58.99,Tier2
605055.SH,605055,迎丰股份,20210129,,主板,L,169273835.95,22.80219780219781,纺织制造,纺织服装,801131.SI,350000,13.46,,,6.0292,3.0435,592240.0,592240.0,182705075.60000002,True,1,1,False,False,14.2,10.85,4.195804195804209,31.85840707964602,-5.563380281690133,False,22.80219780219781,-3.057119871279157,-103.18,-220.03,-19876703.85,,,,-129331078.95,,-1.8143,0,592240.0,182705075.60000002,1.0,1.5,PASS,False,0.38095238095238093,-103.18,-220.03,-4.675,-51.59,,,6.0292,-1.8143,,103.7722,0.0,0.0,13.46,14.2,0,88.77434135166094,CHASE,1.0,1,1,100.0,2,28.413420247087593,True,4.195804195804209,,-0.0070508044303322255,True,False,纺织制造,-51.59,-0.5824645077709527,22.0,81.03230240549829,1.0,0.0,81.03,Tier2
003023.SZ,003023,彩虹集团,20201211,,主板,L,193641762.9,1.828094932649127,未知,未知,,,30.2,49.9656,61.6489,2.0046,10.1694,318131.632,317463.3483,128889892.4,True,0,0,False,False,34.3,28.36,4.200853298326224,32.56784968684761,-7.434402332361511,False,1.828094932649127,-3.057119871279157,-34.38,-41.28,19213023.13,100.6442,,,172370679.35,710.4002,1.2102,0,318131.632,128889892.4,1.0,1.5,PASS,False,0.2857142857142857,-34.38,-41.28,2.125,-36.505,,49.9656,2.0046,1.2102,,87.7931712264151,0.0,0.0,30.2,34.3,0,88.77434135166094,,0.7194656488549618,1,1,100.0,158,6.642352023823167,True,4.200853298326224,,0.012468236977700725,False,False,独立池,-36.505,0.0,21.576367994146235,80.94757600432753,1.0,0.0,80.95,Tier2
605186.SH,605186,健麾信息,20201222,,主板,L,164713298.49999997,24.19839679358717,未知,未知,,,24.63,108.8175,108.8642,3.0277,3.9939,334968.0,334968.0,280574974.40000004,True,1,1,False,False,27.51,19.16,-3.2774092859929715,11.767357980162307,-9.887313704107603,False,24.19839679358717,-3.057119871279157,1.61,-8.01,3346716.23,98.0603,,,32103249.1,-1806.7034,0.309,0,334968.0,280574974.40000004,1.0,1.5,PASS,False,0.2857142857142857,1.61,-8.01,2.125,-0.5149999999999999,ESP-Q,108.8175,3.0277,0.309,67.58850931677019,87.7931712264151,0.0,0.0,24.63,27.51,0,88.77434135166094,CHASE,0.9408396946564885,1,1,100.0,158,29.012653884761214,True,-3.2774092859929715,,-0.008324894074101523,True,False,独立池,-0.5149999999999999,0.0,22.10716218599024,81.05373484269633,0.7,0.0,56.74,Tier2
003026.SZ,003026,中晶科技,20201218,,主板,L,735610496.5000001,22.669152903569522,半导体,电子,801081.SI,270000,46.0,138.418,119.5926,8.7524,10.5594,596247.4,445235.84,603765758.4000001,True,1,0,False,False,54.06,35.78,-5.441478439425063,34.84626647144948,-14.816870144284133,False,22.669152903569522,-3.057119871279157,104.94,97.82,13140192.02,94.8806,,,106728397.65,58.1424,2.0538,0,596247.4,603765758.4000001,1.0,1.5,PASS,False,0.8333333333333334,104.94,97.82,20.14,104.94,,138.418,8.7524,2.0538,1.3190203926052984,137.7359375,0.0,0.0,46.0,54.06,0,88.77434135166094,CHASE,0.6071428571428571,0,1,55.0,9,3.7833653770052997,False,-5.441478439425063,,-0.012582030586131018,True,False,半导体,104.94,-0.05824564489406081,32.0,60.53230240549828,1.0,0.0,60.53,Tier2
603112.SH,603112,华翔股份,20200917,,主板,L,277284241.7,7.994186046511631,未知,未知,,,22.15,21.4391,20.92,2.7118,2.2189,1196014.5032,1184153.4883,257550146.79999998,True,0,0,False,False,23.15,20.18,0.22482014388489624,28.91844997108155,-3.7149028077753776,False,7.994186046511631,-3.057119871279157,4.52,20.85,120049689.0,81.766,,,1237750077.58,-23.8355,3.3061,0,1196014.5032,257550146.79999998,1.0,1.5,PASS,False,0.2857142857142857,4.52,20.85,2.125,4.52,ESP-Q,21.4391,2.7118,3.3061,4.74316371681416,87.7931712264151,0.0,0.0,22.15,23.15,0,92.66895761741122,,0.816793893129771,1,1,100.0,158,12.808443137685671,True,0.22482014388489624,,-0.009445838357639763,False,False,独立池,4.52,0.0,22.18142027868084,82.23697134095954,0.7,0.0,57.57,Tier2
605268.SH,605268,王力安防,20210224,,主板,L,171603720.74999997,-13.291139240506322,家用轻工,轻工制造,801142.SI,360000,11.03,39.1677,37.6591,2.8544,0.7959,492271.6575,485926.65,58303175.6,False,0,0,False,False,14.23,10.91,-6.643952299829636,-4.529616724738672,-22.97962052002811,False,-13.291139240506322,-3.057119871279157,26.31,-21.67,15768017.59,54.6883,,,277340689.53,191.906,1.6859,0,492271.6575,58303175.6,1.0,1.5,PASS,False,0.11904761904761904,26.31,-21.67,-30.725,13.155,ESP-Q,39.1677,2.8544,1.6859,1.4887001140250857,341.69754,0.0,0.0,11.03,14.23,0,92.89805269186712,,0.1111111111111111,0,0,5.0,3,-27.83659378596085,False,-6.643952299829636,,0.007298839661818511,False,False,家用轻工,13.155,1.3012919898155744,68.0,43.96941580756014,0.7,0.0,30.78,Other
601658.SH,601658,邮储银行,20191210,,主板,L,616063351.7,-5.566218809980805,未知,未知,,,4.94,6.7877,6.7506,0.5746,0.1874,59326956.425,35828733.4989,603974842.6,False,0,0,False,False,5.27,4.9,-1.0060362173038184,-2.5742574257425765,-6.641366223908918,False,-5.566218809980805,-3.057119871279157,1.43,2.7987,25680000000.0,99.8212,,,162984000000.0,1113.0451,2.2249,0,59326956.425,603974842.6,1.0,1.5,PASS,False,0.2857142857142857,1.43,2.7987,2.125,-0.6950000000000001,,6.7877,0.5746,2.2249,4.746643356643357,87.7931712264151,0.0,0.0,4.94,5.27,0,74.5704467353952,,0.4675572519083969,0,0,5.0,158,-0.7519617188067649,False,-1.0060362173038184,,0.012714067441971849,False,False,独立池,-0.6950000000000001,0.0,22.10450747761203,29.292035516140967,1.0,0.0,29.29,Other
605060.SH,605060,联德股份,20210301,,主板,L,580504578.0,-10.678807947019864,通用机械,机械设备,801072.SI,640000,54.15,57.2171,53.4194,5.1544,2.0041,1302805.68,1293862.266,358388897.99999994,False,1,0,False,False,67.92,53.4,-4.950669485553194,-15.68995155493046,-20.56831566548881,False,-10.678807947019864,-3.057119871279157,36.17,20.29,60755580.25,97.4462,,,562306237.98,119.8882,2.4961,0,1302805.68,358388897.99999994,1.0,1.5,PASS,False,0.5952380952380952,36.17,20.29,-0.595,37.36,,57.2171,5.1544,2.4961,1.5818938346696156,108.90780749999999,0.0,0.0,54.15,67.92,0,92.89805269186712,,0.20408163265306123,0,0,5.0,15,-12.779264568024441,False,-4.950669485553194,,-0.014390825615485721,False,False,通用机械,37.36,0.2910071527223983,50.0,40.36941580756013,1.0,0.0,40.37,Other
003018.SZ,003018,金富科技,20201106,,主板,L,900146017.6999999,40.653319283456256,包装印刷,轻工制造,801141.SI,360000,66.6,171.644,180.4661,10.6799,8.0344,1731600.0,1581000.75,1247622099.2,True,5,3,False,True,71.56,43.55,12.850862360500503,196.35879218472465,-6.735606484069323,False,40.653319283456256,-3.057119871279157,-4.12,-31.73,20327451.78,98.6574,,,249549706.39000002,-106.3391,1.2789,0,1731600.0,1247622099.2,1.0,1.5,PASS,False,0.8571428571428571,-4.12,-31.73,-1.67,-2.06,ESP-Q,171.644,10.6799,1.2789,,117.94202,0.0,0.0,66.6,71.56,0,88.77434135166094,CHASE,0.9285714285714286,1,1,100.0,5,45.214056888206,True,12.850862360500503,突破型|OVERHEAT,0.022833617706303874,True,True,包装印刷,-2.06,-0.3639313331678336,32.0,83.03230240549829,0.7,0.0,58.12,Tier2
605117.SH,605117,德业股份,20210420,,主板,L,2186904086.9,17.928816166701633,未知,未知,,,120.7,48.4625,42.0636,15.478,1.4077,15366349.2993,15366349.2993,2789416990.2,True,0,0,False,False,174.56,138.88,12.18652298277123,82.7788013438821,-3.3856553620531638,False,17.928816166701633,-3.057119871279157,87.25,8.2,1147046203.37,96.5613,,,7922437887.96,133.1371,10.8612,0,15366349.2993,2789416990.2,1.0,1.5,PASS,False,0.2857142857142857,87.25,8.2,2.125,87.25,,48.4625,15.478,10.8612,0.5554441260744986,87.7931712264151,0.0,0.0,120.7,174.56,0,50.0,COV-LOW,0.9103053435114504,1,1,100.0,158,22.743073257875672,True,12.18652298277123,OVERHEAT,-0.011090324409602446,True,True,独立池,87.25,0.0,23.401553746067744,69.68031074921355,1.0,0.0,69.68,Tier2
605058.SH,605058,澳弘电子,20201021,,主板,L,153074711.65,-3.624338624338619,元件,电子,801083.SI,270000,39.2,36.7515,37.6204,3.083,3.9262,560261.884,560261.884,122662595.60000002,False,0,0,False,False,40.4,34.26,-2.801494130202764,12.092307692307692,-9.826732673267324,False,-3.624338624338619,-3.057119871279157,-14.48,12.27,30034098.5,90.7442,,,348533838.88,73.2943,1.8102,0,560261.884,122662595.60000002,1.0,1.5,PASS,False,0.7380952380952381,-14.48,12.27,13.02,-27.5,,36.7515,3.083,1.8102,,255.29024,0.0,0.0,39.2,40.4,0,93.58533791523482,,0.15384615384615385,0,0,5.0,8,-18.00375917991385,False,-2.801494130202764,,-0.006586245587103846,False,False,元件,-27.5,-0.3792380202087626,32.0,36.975601374570445,1.0,0.0,36.98,Other
605277.SH,605277,新亚电子,20210106,,主板,L,155364365.79999998,-9.087136929460582,电子制造,电子,801085.SI,270000,22.92,33.6643,34.0961,4.2553,2.547,742580.1499,729164.9226,153194741.6,True,0,0,False,False,24.69,21.91,-6.207191780821919,-15.47067901234569,-11.25961927906035,False,-9.087136929460582,-3.057119871279157,-5.76,44.95,47952683.51,107.821,,,418801428.89,59.8185,2.5812,0,742580.1499,153194741.6,1.0,1.5,PASS,False,0.40476190476190477,-5.76,44.95,-24.075000000000003,-2.88,,33.6643,4.2553,2.5812,,87.6280681818182,0.0,0.0,22.92,24.69,0,88.77434135166094,,0.11538461538461539,0,0,5.0,8,-13.715605695015586,False,-6.207191780821919,,0.008139355055207284,False,False,电子制造,-2.88,-0.3117463468152354,32.0,35.53230240549828,1.0,0.0,35.53,Other
605196.SH,605196,华通线缆,20210511,,主板,L,545192871.75,-18.31713872234856,未知,未知,,,41.45,74.1345,68.6467,6.2555,3.0666,2117979.6902,2093070.7272,523279086.8,True,0,0,False,False,50.1,39.15,-4.909747292418776,-9.794520547945208,-21.137724550898206,False,-18.31713872234856,-3.057119871279157,-32.94,-12.13,22135647.86,34.295,,,671738133.97,-121.3136,1.9201,0,2117979.6902,523279086.8,1.0,1.5,PASS,False,0.2857142857142857,-32.94,-12.13,2.125,-35.065,ESP-Q,74.1345,6.2555,1.9201,,87.7931712264151,0.0,0.0,41.45,50.1,0,50.0,COV-LOW,0.05916030534351145,0,0,5.0,158,-13.50288163117452,False,-4.909747292418776,,-0.014299303663525822,False,False,独立池,-35.065,0.0,21.59760566117195,21.819521132234392,0.7,0.0,15.27,Other
603931.SH,603931,格林达,20200819,,主板,L,468552176.8,56.128221244500324,未知,未知,,,54.65,89.017,90.8763,5.465,3.5073,1090586.5467,1090586.5467,510399515.5999999,False,3,0,False,False,55.78,30.7,7.323395981853542,52.29920294297978,-10.935819290068128,False,56.128221244500324,-3.057119871279157,-8.59,,25250200.27,86.1301,,,158901521.1,91.3314,1.4853,0,1090586.5467,510399515.5999999,1.0,1.5,PASS,False,0.2857142857142857,-8.59,,2.125,-10.715,,89.017,5.465,1.4853,,87.7931712264151,0.0,0.0,54.65,55.78,0,88.77434135166094,CHASE,0.9942748091603053,1,1,75.0,158,60.942478335674366,True,7.323395981853542,,-0.006947375670316247,True,False,独立池,-10.715,0.0,21.956728711224788,68.52364814774324,1.0,0.0,68.52,Tier2
605376.SH,605376,博迁新材,20201208,,主板,L,1612237209.1999998,30.291697830964857,未知,未知,,,153.3,182.9632,165.0696,22.782,3.7787,4010328.0,4010328.0,2044955990.8,True,3,1,False,True,148.9,105.98,13.300813008130085,22.859913603103244,-6.406984553391537,False,30.291697830964857,-3.057119871279157,63.99,184.0,68154340.15,95.1527,,,515394026.42,-184.8509,4.1222,0,4010328.0,2044955990.8,1.0,1.5,PASS,False,0.2857142857142857,63.99,184.0,2.125,63.99,ESP-Q,182.9632,22.782,4.1222,2.859246757305829,87.7931712264151,0.0,10.0,153.3,148.9,0,99.3127147766323,CHASE,0.9580152671755725,1,1,100.0,158,35.1059549221389,True,13.300813008130085,突破型|OVERHEAT,0.0022425216536324476,True,True,独立池,63.99,0.0,23.058506430082982,84.40551571900629,0.7,10.0,49.08,Other
600916.SH,600916,中国黄金,20210205,,主板,L,234934189.49999994,-11.013215859030833,未知,未知,,,8.18,49.8936,45.1132,1.882,1.4706,1374240.0,1374240.0,229545272.8,False,0,0,False,False,9.2,8.06,-3.464755077658288,-31.116794543904525,-12.173913043478258,False,-11.013215859030833,-3.057119871279157,21.6,-69.58,162012578.85,98.9429,,,1008983420.41,-464.7144,2.2679,0,1374240.0,229545272.8,1.0,1.5,PASS,False,0.2857142857142857,21.6,-69.58,2.125,21.6,ESP-Q,49.8936,1.882,2.2679,2.3098888888888887,87.7931712264151,0.0,0.0,8.18,9.2,0,88.77434135166094,,0.25190839694656486,0,0,5.0,158,-6.198958767856793,False,-3.464755077658288,,-0.00121983377799611,False,False,独立池,21.6,0.0,22.43332260701359,33.618966926900995,0.7,0.0,23.53,Other
605319.SH,605319,无锡振华,20210607,,主板,L,171847360.75,-6.543438077634011,汽车零部件,汽车,801093.SI,280000,25.75,19.3792,19.1222,3.1538,0.9865,901501.1166,896490.1666,162218240.6,True,0,0,False,False,28.27,25.19,-3.548264021365888,1.1604641856742814,-10.576582950123804,False,-6.543438077634011,-3.057119871279157,7.86,24.84,99539911.37,98.7537,,,1073927582.23,57.9513,3.5654,0,901501.1166,162218240.6,1.0,1.5,PASS,False,0.47619047619047616,7.86,24.84,-7.74,23.340000000000003,,19.3792,3.1538,3.5654,2.4655470737913485,70.26558985507246,10.0,0.0,25.75,28.27,0,50.0,COV-LOW,0.28378378378378377,0,0,5.0,23,-8.410781840372415,False,-3.548264021365888,,0.01596945407373461,False,False,汽车零部件,23.340000000000003,0.134214801356472,50.0,27.5,1.0,0.0,37.5,Other
605162.SH,605162,新中港,20210707,,主板,L,233768173.79999998,-24.603174603174605,电力,公用事业,801161.SI,410000,10.7,36.1035,37.1015,3.1301,2.194,444528.0963,444528.0963,147419968.2,False,0,0,False,False,14.6,10.39,-7.766990291262143,11.645299145299148,-28.424657534246577,False,-24.603174603174605,-3.057119871279157,-29.42,-16.2,10240627.68,84.3411,,,265705880.66,43.0332,0.9169,0,444528.0963,147419968.2,1.0,1.5,PASS,False,0.21428571428571427,-29.42,-16.2,-1.575,-14.71,,36.1035,3.1301,0.9169,,43.696173170731704,0.0,0.0,10.7,14.6,0,50.0,COV-LOW,0.023809523809523808,0,0,5.0,13,-25.557820149702405,False,-7.766990291262143,,-0.023024916842514356,False,False,电力,-14.71,-0.46386907216460815,32.0,23.9,1.0,0.0,23.9,Other
601825.SH,601825,沪农商行,20210819,,主板,L,212541638.89999998,-5.683060109289617,未知,未知,,,8.6,6.7362,6.7221,0.6299,0.1497,8294222.2227,8062019.6066,145289085.60000002,True,0,0,False,False,9.24,8.51,-2.0431328036322305,2.251184834123232,-6.601731601731597,False,-5.683060109289617,-3.057119871279157,1.02,1.73,3577604000.0,99.6542,,,33132664000.0,163.9479,2.7659,0,8294222.2227,145289085.60000002,1.0,1.5,PASS,False,0.2857142857142857,1.02,1.73,2.125,-1.105,,6.7362,0.6299,2.7659,6.604117647058824,87.7931712264151,0.0,0.0,8.6,9.24,0,50.0,COV-LOW,0.4637404580152672,0,0,5.0,158,-0.8688030181155764,False,-2.0431328036322305,,0.002199390718403274,False,False,独立池,-1.105,0.0,22.098460641861653,21.919692128372333,1.0,0.0,21.92,Other
605305.SH,605305,中际联合,20210506,,主板,L,322906544.6499999,-12.460063897763584,未知,未知,,,41.45,16.6101,15.7126,2.8751,1.9265,880895.4,880895.4,213233261.20000002,False,0,0,False,False,48.9,40.88,-5.798762319504935,2.2896963663514125,-15.95092024539877,False,-12.460063897763584,-3.057119871279157,29.34,85.82,120458124.99,93.5021,,,1279999145.5,-5.9998,4.2918,0,880895.4,213233261.20000002,1.0,1.5,PASS,False,0.2857142857142857,29.34,85.82,2.125,29.34,ESP-Q,16.6101,2.8751,4.2918,0.5661247443762781,87.7931712264151,10.0,0.0,41.45,48.9,0,50.0,COV-LOW,0.1851145038167939,0,0,5.0,158,-7.645806806589544,False,-5.798762319504935,,-0.0009401051043020579,False,False,独立池,29.34,0.0,22.54747506727679,22.009495013455357,0.7,0.0,25.41,Other
003031.SZ,003031,中瓷电子,20210104,,主板,L,2147949861.95,25.265306122448973,通信设备,通信,801102.SI,730000,158.69,127.2095,113.0582,10.8305,4.9227,7157757.8195,5397946.6088,2660406761.9999995,True,2,2,False,False,175.97,117.87,-4.452054794520555,103.78486055776892,-12.797635960675125,False,25.265306122448973,-3.057119871279157,66.97,15.13,189683294.62,98.1272,,,1408980386.09,162.4616,2.9688,0,7157757.8195,2660406761.9999995,1.0,1.5,PASS,False,0.9523809523809523,66.97,15.13,15.0872,66.97,ESP-Q,127.2095,10.8305,2.9688,1.8994997760191132,156.39837500000002,0.0,0.0,158.69,175.97,0,88.77434135166094,CHASE,0.875,1,1,100.0,8,24.4234545658605,True,-4.452054794520555,,-0.03168020191132046,True,False,通信设备,66.97,0.08359132674238381,50.0,86.63230240549828,0.7,0.0,60.64,Tier2
603171.SH,603171,税友股份,20210630,,主板,L,461549610.04999995,-6.394466003036959,未知,未知,,,53.99,161.0264,153.661,8.5157,1.4667,2193856.655,2191400.11,301836873.99999994,True,0,0,False,False,64.44,52.87,-3.445875391576758,-7.702545333555156,-13.904407200496582,False,-6.394466003036959,-3.057119871279157,33.28,7.96,28843589.37,92.2222,,,277774643.78,-1259.2972,1.2214,1,2193856.655,301836873.99999994,1.0,1.5,PASS,False,0.2857142857142857,33.28,7.96,2.125,33.28,ESP-Q,161.0264,8.5157,1.2214,4.838533653846153,87.7931712264151,0.0,0.0,53.99,64.44,10,50.0,COV-LOW,0.4312977099236641,0,0,5.0,158,-1.5802089118629183,False,-3.445875391576758,,-0.005821527708749387,False,False,独立池,33.28,0.0,22.605583683999917,22.021116736799982,0.7,10.0,5.41,Other
601816.SH,601816,京沪高铁,20200116,,主板,L,860774441.75,-3.1936127744511045,未知,未知,,,4.86,18.052,17.8103,1.1301,0.2842,23777880.1738,23777880.1738,896110647.6,True,0,0,False,False,5.25,4.83,-2.2177419354838745,-1.2219959266802527,-7.619047619047626,False,-3.1936127744511045,-3.057119871279157,6.02,3.34,3142001489.3,99.9799,,,26634600008.21,104.1504,1.5054,0,23777880.1738,896110647.6,1.0,1.5,PASS,False,0.2857142857142857,6.02,3.34,2.125,6.02,,18.052,1.1301,1.5054,2.998671096345515,87.7931712264151,0.0,0.0,4.86,5.25,0,67.23940435280642,,0.5648854961832062,0,0,5.0,158,1.6206443167229359,False,-2.2177419354838745,,0.013762910719940732,False,False,独立池,6.02,0.0,22.203542848499293,27.11252987554178,1.0,0.0,27.11,Other
001299.SZ,001299,美能能源,20221031,,主板,L,155333616.20000002,-19.092755585646582,燃气,公用事业,801163.SI,410000,12.0,36.7907,36.3696,3.3589,4.9362,377058.2244,339450.3312,162783668.40000004,True,0,0,False,False,15.66,10.63,2.3116438356164393,-11.938098747236559,-23.69093231162197,False,-19.092755585646582,-3.057119871279157,6.58,19.11,26174778.03,94.5254,,,221257105.18,43.5191,2.2556,0,377058.2244,162783668.40000004,1.0,1.5,PASS,False,0.23809523809523808,6.58,19.11,-1.23,9.040000000000001,,36.7907,3.3589,2.2556,5.59129179331307,177.38852,0.0,0.0,12.0,15.66,0,50.0,COV-LOW,0.08333333333333333,0,0,5.0,4,-17.815369793512936,False,2.3116438356164393,,0.007214716314930129,False,False,燃气,9.040000000000001,-0.15594977871716542,32.0,23.9,1.0,0.0,23.9,Other
605287.SH,605287,德才股份,20210706,,主板,L,495238553.0000001,-0.37098103874690924,装修装饰,建筑装饰,801722.SI,620000,50.24,100.5602,117.33,4.448,3.693,703360.0,703360.0,325111855.6,True,2,0,False,False,66.21,43.74,0.3737541528239241,-11.400293255131967,-26.989880682676326,False,-0.37098103874690924,-3.057119871279157,-25.63,114.292,30493080.85,90.2136,,,143163318.51999998,268.8827,2.159,1,703360.0,325111855.6,1.0,1.5,PASS,False,0.6904761904761905,-25.63,114.292,15.48,-41.11,,100.5602,4.448,2.159,,84.0898,0.0,0.0,50.24,66.21,10,50.0,COV-LOW,0.42857142857142855,0,1,55.0,3,-6.985767030964829,False,0.3737541528239241,,0.011004323328908912,False,False,装修装饰,-41.11,-0.11423195403706966,32.0,48.9,1.0,10.0,38.9,Other
605016.SH,605016,百龙创园,20210421,,主板,L,159391606.2,0.7957559681697646,化学制品,化工,801034.SI,220000,26.51,30.2117,27.3095,5.3479,1.3196,1113452.6603,1113452.6603,129246057.2,False,0,0,False,False,29.1,25.55,-2.3853211009174258,7.8232671260640485,-8.591065292096223,False,0.7957559681697646,-3.057119871279157,45.93,57.07,119644220.38,99.2191,,,910156074.07,96.5476,5.9644,0,1113452.6603,129246057.2,1.0,1.5,PASS,False,0.2619047619047619,45.93,57.07,5.17,45.93,,30.2117,5.3479,5.9644,0.6577770520357066,72.11200512820513,0.0,0.0,26.51,29.1,0,50.0,COV-LOW,0.5714285714285714,0,1,40.0,15,2.065149480158479,False,-2.3853211009174258,,0.0005278522570908067,False,False,化学制品,45.93,0.08170009185127292,50.0,45.0,1.0,0.0,45.0,Other
600906.SH,600906,财达证券,20210507,,主板,L,228551016.79999992,0.7886435331230235,证券,非银金融,801193.SI,490000,6.26,27.1907,23.022,1.6237,1.7736,2031370.0,1329771.0787,175971187.59999996,True,0,0,False,False,6.74,5.98,0.9478672985781866,-5.75221238938054,-5.192878338278939,False,0.7886435331230235,-3.057119871279157,116.46,9.32,253325538.2,99.9754,,,1662959705.95,791.5293,2.0459,0,2031370.0,175971187.59999996,1.0,1.5,PASS,False,0.07142857142857142,116.46,9.32,30.57,116.45999999999998,ESP-Q,27.1907,1.6237,2.0459,0.2334767302077967,30.16254222222222,0.0,0.0,6.26,6.74,0,50.0,COV-LOW,0.8222222222222222,1,1,100.0,14,3.1057167038547218,False,0.9478672985781866,,-0.0013390812962318554,False,False,证券,116.45999999999998,1.4965018452857553,68.0,78.6,0.7,0.0,55.02,Tier1
605589.SH,605589,圣泉集团,20210810,,主板,L,2104290157.4500003,19.84732824427482,塑料,化工,801036.SI,220000,45.72,38.4453,39.6006,3.5471,6.258,3869688.2129,3867541.6589,2437262543.2,False,1,1,False,False,48.5,35.71,4.467680608365021,34.47537473233406,-9.360824742268036,False,19.84732824427482,-3.057119871279157,-9.46,12.61,173476429.01,97.8176,,,2322229114.58,-232.466,1.6461,0,3869688.2129,2437262543.2,1.0,1.5,PASS,False,0.7619047619047619,-9.46,12.61,-1.1600000000000001,-4.73,ESP-Q,38.4453,3.5471,1.6461,,196.25642,0.0,0.0,45.72,48.5,0,50.0,COV-LOW,0.8235294117647058,1,1,75.0,6,15.7072008557398,True,4.467680608365021,,0.0010166552366321837,True,False,塑料,-4.73,-0.40013864886716977,32.0,58.9,0.7,0.0,41.23,Other
003035.SZ,003035,南网能源,20210119,,主板,L,830170197.1,-13.32503113325031,电力,公用事业,801161.SI,410000,7.02,76.7438,78.0417,3.7784,0.8885,2659090.9085,2659090.9085,409994190.0,False,0,0,False,False,9.2,6.92,-6.3257065948855935,-2.9288702928870314,-24.347826086956516,False,-13.32503113325031,-3.057119871279157,-6.07,428.8323,84595217.99,98.8479,,,984608410.4399999,238.1313,1.2238,1,2659090.9085,409994190.0,1.0,1.5,PASS,False,0.21428571428571427,-6.07,428.8323,-1.575,-3.035,,76.7438,3.7784,1.2238,,43.696173170731704,0.0,0.0,7.02,9.2,10,88.77434135166094,,0.11904761904761904,0,0,5.0,13,-14.27967667977811,False,-6.3257065948855935,,-0.05037385909705936,False,False,电力,-3.035,-0.1339544523016565,32.0,35.53230240549828,1.0,10.0,25.53,Other
600905.SH,600905,三峡能源,20210610,,主板,L,715906339.6,-0.728155339805836,电力,公用事业,801161.SI,410000,4.11,31.6324,50.9222,1.3096,0.3894,11749524.2084,11749524.2084,712710730.4,False,0,0,False,False,4.29,4.07,-0.48661800486619056,0.0,-4.662004662004671,False,-0.728155339805836,-3.057119871279157,-50.12,-48.03,1039829468.87,99.975,,,11134639594.539999,270.0651,1.1662,0,11749524.2084,712710730.4,1.0,1.5,PASS,False,0.21428571428571427,-50.12,-48.03,-1.575,-25.06,,31.6324,1.3096,1.1662,,43.696173170731704,0.0,0.0,4.11,4.29,0,50.0,COV-LOW,0.40476190476190477,0,1,40.0,13,-1.6828008863336352,False,-0.48661800486619056,,-0.0015710056454718555,False,False,电力,-25.06,-0.7563415617219142,22.0,39.4,1.0,0.0,39.4,Other
605499.SH,605499,东鹏饮料,20210527,,主板,L,964227104.0499998,-26.871305816321467,未知,未知,,,144.58,24.0417,22.6205,5.5709,1.0255,10615053.624,9773852.3402,1268451322.6000001,True,0,0,False,False,211.18,138.59,-20.88236874630556,-43.56841701801456,-30.282223695425714,False,-26.871305816321467,-3.057119871279157,25.15,28.26,1199921196.77,95.427,,,11194402675.08,28.8161,8.4144,0,10615053.624,1268451322.6000001,1.0,1.5,PASS,False,0.2857142857142857,25.15,28.26,2.125,25.15,,24.0417,5.5709,8.4144,0.9559324055666004,87.7931712264151,0.0,0.0,144.58,211.18,0,50.0,COV-LOW,0.015267175572519083,0,0,5.0,158,-22.057048725147425,False,-20.88236874630556,,0.013720495877518725,False,False,独立池,25.15,0.0,22.48567935558392,21.997135871116782,1.0,0.0,22.0,Other
601995.SH,601995,中金公司,20201102,,主板,L,631750653.8,0.6189213085764811,证券,非银金融,801193.SI,490000,33.68,16.606,14.3548,1.5836,0.6687,16258201.1314,9846490.9379,696005723.3999999,True,0,0,False,False,34.95,33.37,1.4863258026159398,-1.4718614718614687,-2.3175965665236165,False,0.6189213085764811,-3.057119871279157,76.14,70.73,3537751927.0,98.8904,,,23923517600.0,580.8959,2.8111,0,16258201.1314,696005723.3999999,1.0,1.5,PASS,False,0.07142857142857142,76.14,70.73,30.57,76.14,,16.606,1.5836,2.8111,0.2180982400840557,30.16254222222222,0.0,0.0,33.68,34.95,0,88.77434135166094,,0.8,1,1,100.0,14,2.9359944793081794,False,1.4863258026159398,,-0.014159680237684432,False,False,证券,76.14,0.9479736531417101,50.0,86.63230240549828,1.0,0.0,86.63,Tier1
605056.SH,605056,咸亨国际,20210720,,主板,L,268926816.95,-12.589928057553957,通用机械,机械设备,801072.SI,640000,24.77,39.0637,38.4087,5.519,2.1217,1014066.9564,999204.9564,232068263.99999997,True,0,0,False,False,29.08,22.71,0.9975062344139696,-1.299756295694554,-16.437414030261344,False,-12.589928057553957,-3.057119871279157,9.48,15.12,23688775.19,91.1157,,,469277614.36,-715.3457,1.4271,0,1014066.9564,232068263.99999997,1.0,1.5,PASS,False,0.5952380952380952,9.48,15.12,-0.595,10.670000000000002,ESP-Q,39.0637,5.519,1.4271,4.120643459915612,108.90780749999999,0.0,0.0,24.77,29.08,0,50.0,COV-LOW,0.12244897959183673,0,0,5.0,15,-14.690384678558534,False,0.9975062344139696,,0.006149839698660906,False,False,通用机械,10.670000000000002,0.19001428865777475,50.0,27.5,0.7,0.0,19.25,Other
601399.SH,601399,国机重装,20200608,,主板,L,472835151.45000005,-7.619047619047626,专用设备,机械设备,801074.SI,640000,3.93,61.1616,59.1235,1.9055,0.8848,2834927.4648,2834927.4648,362070187.59999996,False,0,0,False,False,4.54,3.88,-5.134474327628357,-24.660194174757287,-14.537444933920707,False,-7.619047619047626,-3.057119871279157,16.13,29.48,122729933.58,96.638,,,1187629743.6399999,-1091.07,0.8549,0,2834927.4648,362070187.59999996,1.0,1.5,PASS,False,0.5714285714285714,16.13,29.48,-11.475,39.08,ESP-Q,61.1616,1.9055,0.8549,3.7917916924984505,213.18103214285716,0.0,0.0,3.93,4.54,0,88.77434135166094,,0.40625,0,0,5.0,10,-3.2369312980335687,False,-5.134474327628357,,-0.0006320989889063176,False,False,专用设备,39.08,0.30269998227549944,50.0,39.13230240549828,0.7,0.0,27.39,Other
605566.SH,605566,福莱蒽特,20211025,,主板,L,166441511.54999998,13.022556390977446,化学制品,化工,801034.SI,220000,36.6,108.7902,86.861,2.4011,12.4588,488024.4,488024.4,230727082.20000002,True,1,1,False,False,38.63,30.96,5.236628395407439,17.437499999999993,-2.7180947450168413,False,13.022556390977446,-3.057119871279157,90.27,243.3,24540899.87,97.9649,,,148217351.01,-79.1002,1.2413,1,488024.4,230727082.20000002,1.0,1.5,PASS,False,0.2619047619047619,90.27,243.3,5.17,90.27,ESP-Q,108.7902,2.4011,1.2413,1.2051645064805583,72.11200512820513,0.0,0.0,36.6,38.63,10,50.0,COV-LOW,0.7346938775510204,1,1,100.0,15,14.29194990296616,True,5.236628395407439,,0.01653770660796466,False,False,化学制品,90.27,0.18167857139363197,50.0,75.0,0.7,10.0,42.5,Other
001215.SZ,001215,千味央厨,20210906,,主板,L,344094556.95,3.557910673732012,食品加工,食品饮料,801124.SI,340000,42.5,64.9564,63.7939,2.2215,12.0294,412931.8955,411831.9785,349671273.0,False,2,0,False,False,49.8,37.07,0.588235294117645,3.401360544217691,-17.59036144578313,False,3.557910673732012,-3.057119871279157,1.0,-24.62,21187167.29,93.7364,,,171330933.82,123.002,1.2234,0,412931.8955,349671273.0,1.0,1.5,PASS,False,0.6190476190476191,1.0,-24.62,-17.45,0.5,,64.9564,2.2215,1.2234,64.9564,109.59125,0.0,0.0,42.5,49.8,0,50.0,COV-LOW,0.75,1,1,70.0,2,0.37625461457981846,False,0.588235294117645,,0.00812974187889877,False,False,食品加工,0.5,-0.575440920636346,22.0,54.4,1.0,0.0,54.4,Tier1
605488.SH,605488,福莱新材,20210513,,主板,L,324125036.75,13.896296296296295,塑料,化工,801036.SI,220000,40.88,159.6905,201.5372,5.4531,9.3966,1234094.0084,1129138.3939,556445875.1999999,True,1,1,False,False,40.1,31.53,9.765848086807516,-7.684918347742564,-4.139650872817969,False,13.896296296296295,-3.057119871279157,-47.82,31.57,16175001.87,85.875,,,175242411.79,-237.9672,0.9775,0,1234094.0084,556445875.1999999,1.0,1.5,PASS,False,0.7619047619047619,-47.82,31.57,-1.1600000000000001,-23.91,ESP-Q,159.6905,5.4531,0.9775,,196.25642,0.0,0.0,40.88,40.1,0,50.0,COV-LOW,0.6470588235294118,0,1,55.0,6,9.756168907761275,True,9.765848086807516,OVERHEAT,0.02046660902182226,False,True,塑料,-23.91,-0.5524614933575598,22.0,46.9,0.7,0.0,32.83,Other
001207.SZ,001207,联科科技,20210623,,主板,L,221918706.85000002,7.653631284916207,橡胶,化工,801037.SI,220000,19.54,20.2375,21.5527,2.5616,3.0754,592331.1518,571783.5678,307315765.8000001,False,1,1,False,False,21.9,17.15,-9.274952919020707,-29.0500736377025,-12.009132420091317,False,7.653631284916207,-3.057119871279157,-28.13,6.86,59128736.76,90.6602,,,730471160.1899999,147.6056,2.7322,0,592331.1518,307315765.8000001,1.0,1.5,PASS,False,0.42857142857142855,-28.13,6.86,-32.245000000000005,-14.065,,20.2375,2.5616,2.7322,,52.724925,10.0,0.0,19.54,21.9,0,50.0,COV-LOW,0.6,0,1,35.0,2,0.0,False,-9.274952919020707,,-0.02990259589301791,False,False,橡胶,-14.065,0.39108973044175155,50.0,42.5,1.0,0.0,52.5,Tier2
600955.SH,600955,维远股份,20210915,,主板,L,163405798.34999996,-6.7349137931034475,化学原料,化工,801033.SI,220000,17.32,,,1.2417,0.9489,952600.0,952600.0,122291449.0,False,0,0,False,False,20.14,17.28,-6.178861788617884,-18.54117647058824,-14.051638530287992,False,-6.7349137931034475,-3.057119871279157,,-2162.62,,,,,-1272304952.41,254.0233,0.9343,0,952600.0,122291449.0,1.0,1.5,PASS,False,0.7142857142857143,,-2162.62,6.035,0.0,DATA-INC,,1.2417,0.9343,,92.88029999999999,0.0,0.0,17.32,20.14,0,50.0,COV-LOW,0.5185185185185185,0,0,5.0,9,0.0,False,-6.178861788617884,,-0.014852513850392296,False,False,化学原料,0.0,0.055217721754074724,50.0,27.5,1.0,0.0,27.5,Other
001211.SZ,001211,双枪科技,20210805,,主板,L,350212140.74999994,70.13069811922217,家用轻工,轻工制造,801142.SI,360000,53.37,1569.2477,,4.4509,7.6774,384264.0,357560.3205,448663514.8,False,4,2,False,True,61.66,30.25,-7.616409901332877,81.83986371379896,-13.444696723970162,False,70.13069811922217,-3.057119871279157,-33.27,-136.73,5362880.17,98.493,,,13632913.7,-880.0064,0.6326,1,384264.0,448663514.8,1.0,1.5,PASS,False,0.11904761904761904,-33.27,-136.73,-30.725,-16.635,ESP-Q,1569.2477,4.4509,0.6326,,341.69754,0.0,0.0,53.37,61.66,10,50.0,COV-LOW,1.0,1,1,75.0,3,55.58524357376764,True,-7.616409901332877,突破型,-0.026014306853623097,True,False,家用轻工,-16.635,-1.6129158138787383,12.0,54.9,0.7,10.0,28.43,Other
001208.SZ,001208,华菱线缆,20210624,,主板,L,526881327.75000006,-23.43263672743442,未知,未知,,,17.5,101.376,102.9808,3.7984,3.9197,1117113.256,557783.8998,334604953.59999996,False,0,0,False,False,22.69,17.15,-10.498960498960496,-22.78026905829598,-24.1075363596298,False,-23.43263672743442,-3.057119871279157,-21.36,4.02,21983174.19,72.208,,,241484805.59,-301.9221,1.0392,0,1117113.256,334604953.59999996,1.0,1.5,PASS,False,0.2857142857142857,-21.36,4.02,2.125,-23.485,ESP-Q,101.376,3.7984,1.0392,,87.7931712264151,0.0,0.0,17.5,22.69,0,50.0,COV-LOW,0.02480916030534351,0,0,5.0,158,-18.61837963626038,False,-10.498960498960496,,-0.0490654208292881,False,False,独立池,-23.485,0.0,21.768391900170382,21.853678380034076,0.7,0.0,15.3,Other
001317.SZ,001317,三羊马,20211130,,主板,L,259993753.95,11.39442231075698,未知,未知,,,55.7,,,4.6934,3.7086,476601.4949,476131.5261,243199079.6,False,0,0,False,False,61.98,48.83,-3.9505324630711103,7.2291466922339565,-9.777347531461755,False,11.39442231075698,-3.057119871279157,90.4,-371.58,-191314.17,,,,-39933056.8,-13050.1962,-0.0294,1,476601.4949,243199079.6,1.0,1.5,PASS,False,0.2857142857142857,90.4,-371.58,2.125,90.4,ESP-Q,,4.6934,-0.0294,,87.7931712264151,0.0,0.0,55.7,61.98,10,50.0,COV-LOW,0.8568702290076335,1,1,75.0,158,16.208679401931022,True,-3.9505324630711103,,-0.01714955519728012,False,False,独立池,90.4,0.0,23.44801114268649,57.1896022285373,0.7,10.0,30.03,Other
001234.SZ,001234,泰慕士,20220111,,主板,L,293118739.29999995,-5.731298846296995,服装家纺,纺织服装,801132.SI,350000,25.61,59.4853,69.8728,2.9675,2.4555,280208.4857,234294.3655,88188198.39999999,True,3,0,False,False,38.3,25.2,-8.32428519724937,-11.309523809523814,-33.86422976501306,False,-5.731298846296995,-3.057119871279157,-27.66,-33.74,12549134.13,90.8622,,,103272961.60000001,13.8053,1.4739,0,280208.4857,88188198.39999999,1.0,1.5,PASS,False,0.09523809523809523,-27.66,-33.74,17.65,-45.31,,59.4853,2.9675,1.4739,,126.22243636363636,0.0,0.0,25.61,38.3,0,50.0,COV-LOW,0.3333333333333333,0,0,5.0,5,-12.062769982237409,False,-8.32428519724937,,-0.016099640481215073,False,False,服装家纺,-45.31,-0.9398850897181474,22.0,21.9,1.0,0.0,21.9,Other
003041.SZ,003041,真爱美家,20210406,,主板,L,340742179.5500001,8.880455407969645,服装家纺,纺织服装,801132.SI,350000,58.06,35.7481,272.3103,5.6811,1.7037,836064.0,794396.6604,162611764.39999998,False,3,0,False,False,71.0,50.4,-7.808483290488432,-5.5317747777411945,-19.183098591549296,False,8.880455407969645,-3.057119871279157,-81.98,3.9,2815953.79,60.0601,,,151131229.48,-1015.0739,0.3191,0,836064.0,162611764.39999998,1.0,1.5,PASS,False,0.09523809523809523,-81.98,3.9,17.65,-99.63,ESP-Q,35.7481,5.6811,0.3191,,126.22243636363636,0.0,0.0,58.06,71.0,0,50.0,COV-LOW,0.6666666666666666,0,1,40.0,5,2.548984272029231,False,-7.808483290488432,,-0.004552490440271163,False,False,服装家纺,-99.63,-1.2581558805881037,22.0,39.4,0.7,0.0,27.58,Other
601059.SH,601059,信达证券,20230201,,主板,L,172800863.0,2.3214285714285854,证券,非银金融,801193.SI,490000,17.13,29.3354,25.944,2.5021,0.4275,5555259.0,5555259.0,272870915.79999995,True,0,0,False,False,17.51,16.47,3.491872366044557,-3.100338218714749,-1.8275271273557991,False,2.3214285714285854,-3.057119871279157,126.42,42.04,451723103.86,99.8638,,,4759491471.38,410.3046,1.5796,0,5555259.0,272870915.79999995,1.0,1.5,PASS,False,0.07142857142857142,126.42,42.04,30.57,126.41999999999999,ESP-Q,29.3354,2.5021,1.5796,0.23204714443917102,30.16254222222222,0.0,0.0,17.13,17.51,0,50.0,COV-LOW,0.8444444444444444,1,1,100.0,14,4.638501742160283,False,3.491872366044557,,0.009391383675021634,False,False,证券,126.41999999999999,1.6320013689403856,68.0,78.6,0.7,0.0,55.02,Tier1
601728.SH,601728,中国电信,20210820,,主板,L,1538551313.4499998,5.833333333333335,通信运营,通信,801223.SI,730000,6.15,16.9587,17.7694,1.2017,0.4197,56276890.2999,47742283.1499,3684833694.7999997,True,0,0,False,False,7.39,5.76,0.3159557661927215,10.820244328097717,-14.073071718538566,False,5.833333333333335,-3.057119871279157,-25.28,1.9,6573766324.59,89.4374,,,88320377708.48001,244.9476,1.5821,0,56276890.2999,3684833694.7999997,1.0,1.5,PASS,False,1.0,-25.28,1.9,-1.705,-12.64,,16.9587,1.2017,1.5821,,167.5491125,10.0,0.0,6.15,7.39,0,50.0,COV-LOW,0.9230769230769231,1,1,100.0,4,5.740223463687144,True,0.3159557661927215,,0.013854232141929483,False,False,通信运营,-12.64,0.06415926790183628,50.0,75.0,1.0,0.0,85.0,Tier2
603132.SH,603132,金徽股份,20220222,,主板,L,160237201.05,-7.723785166240416,工业金属,有色金属,801055.SI,240000,18.07,32.59,27.0483,5.5473,0.6179,1767246.0,1767246.0,141729438.4,True,0,0,False,False,20.7,18.02,-4.550264550264549,3.203661327231111,-12.850241545893725,False,-7.723785166240416,-3.057119871279157,118.84,3.4,201484216.58,98.3197,,,1284177003.33,80.9688,6.1949,0,1767246.0,141729438.4,1.0,1.5,PASS,False,0.14285714285714285,118.84,3.4,60.27,118.84,ESP-Q,32.59,5.5473,6.1949,0.2742342645573881,36.771677777777775,0.0,0.0,18.07,20.7,0,50.0,COV-LOW,0.42857142857142855,0,0,5.0,9,-1.5657125667768614,False,-4.550264550264549,,-0.017944273963666026,False,False,工业金属,118.84,0.08110579472277481,50.0,27.5,0.7,0.0,19.25,Other
001268.SZ,001268,联合精密,20220630,,主板,L,181347535.74999997,9.438020973379956,未知,未知,,,42.9,87.4935,144.8199,4.547,5.1841,463034.0029,289289.0029,137558842.0,False,2,0,False,False,47.2,33.75,-6.134686346863461,21.058893515764442,-13.771186440677962,False,9.438020973379956,-3.057119871279157,-109.56,-29.54,-1861674.9,,,,159763862.92000002,,-0.172,0,463034.0029,137558842.0,1.0,1.5,PASS,False,0.2857142857142857,-109.56,-29.54,2.125,-111.685,,87.4935,4.547,-0.172,,87.7931712264151,0.0,0.0,42.9,47.2,0,50.0,COV-LOW,0.8358778625954199,1,1,75.0,158,14.252278064553996,True,-6.134686346863461,,-0.008825859131304261,False,False,独立池,-111.685,0.0,20.467584794845536,56.593516958969104,1.0,0.0,56.59,Tier2
001258.SZ,001258,立新能源,20220727,,主板,L,464228907.8,10.010649627263035,电力,公用事业,801161.SI,410000,10.4,114.0907,96.3127,3.1809,9.3214,970666.6674,970656.5274,624172843.6,True,1,1,False,False,11.18,8.78,10.599571734475388,30.759493670886062,-7.602862254025045,False,10.010649627263035,-3.057119871279157,137.18,55.94,3530206.73,55.6791,,,213688677.04999998,870.8052,0.2081,0,970666.6674,624172843.6,1.0,1.5,PASS,False,0.21428571428571427,137.18,55.94,-1.575,140.32999999999998,ESP-Q,114.0907,3.1809,0.2081,0.8316861058463332,43.696173170731704,0.0,0.0,10.4,11.18,0,50.0,COV-LOW,0.8095238095238095,1,1,100.0,13,9.056004080735235,True,10.599571734475388,OVERHEAT,0.048184064214645654,False,True,电力,140.32999999999998,3.9172840467691836,97.75185214030755,84.55037042806151,0.7,0.0,59.19,Tier2
001298.SZ,001298,好上好,20221031,,主板,L,536410712.70000005,2.705181109582755,其他电子,电子,801082.SI,270000,22.9,129.9818,84.1989,5.953,3.1612,990457.1218,932990.5359,378643420.6,True,1,0,False,False,25.28,21.05,-4.761904761904767,-28.411633109619693,-11.392405063291145,False,2.705181109582755,-3.057119871279157,249.04,198.89,58379208.97,98.8853,,,210974184.38,-1179.0819,3.5539,0,990457.1218,378643420.6,1.0,1.5,PASS,False,0.9285714285714286,249.04,198.89,10.47,249.04,ESP-Q,129.9818,5.953,3.5539,0.5219314166398972,116.60343333333333,0.0,0.0,22.9,25.28,0,50.0,COV-LOW,0.3076923076923077,0,1,55.0,4,-1.9412319616452178,False,-4.761904761904767,,-0.01044843412660924,False,False,其他电子,249.04,1.9877808664861092,68.0,56.1,0.7,0.0,39.27,Other
001309.SZ,001309,德明利,20220701,,主板,L,9649169582.2,27.497085114652165,半导体,电子,801081.SI,270000,674.0,222.1234,37.2585,23.4046,8.199,15289397.3492,10873400.708,11359491806.800001,True,2,1,False,False,759.99,482.6,-7.858888295930111,156.29907418258523,-13.669916709430385,False,27.497085114652165,-3.057119871279157,4547.48,120.77,3333768890.4,99.6289,,,3829184098.83,-6.1526,67.649,0,15289397.3492,11359491806.800001,1.0,1.5,PASS,False,0.8333333333333334,4547.48,120.77,20.14,4547.48,ESP-Q,222.1234,23.4046,67.649,0.04884538249755909,137.7359375,0.0,0.0,674.0,759.99,0,50.0,COV-LOW,0.7142857142857143,1,1,100.0,9,8.611297588087943,True,-7.858888295930111,,-0.030628304837752852,True,False,半导体,1890.732584000006,4.058158127532464,98.1744743825974,84.63489487651948,0.7,0.0,59.24,Tier2
001283.SZ,001283,豪鹏科技,20220905,,主板,L,419548375.74999994,6.71766342141864,未知,未知,,,82.21,40.4596,38.8795,2.3074,12.6318,821631.9538,655433.546,434703179.0,True,0,0,False,False,80.05,69.7,5.849082632087188,12.11279953243718,-4.147407870081188,False,6.71766342141864,-3.057119871279157,52.74,158.95,38346059.41,95.7062,,,472836646.54999995,126.5639,1.1333,0,821631.9538,434703179.0,1.0,1.5,PASS,False,0.2857142857142857,52.74,158.95,2.125,52.74,,40.4596,2.3074,1.1333,0.7671520667425105,87.7931712264151,0.0,0.0,82.21,80.05,0,50.0,COV-LOW,0.8015267175572519,1,1,100.0,158,11.53192051259268,True,5.849082632087188,,-0.00032498709606134106,False,False,独立池,52.74,0.0,22.89258715644461,69.57851743128893,1.0,0.0,69.58,Tier2
001266.SZ,001266,宏英智能,20220228,,主板,L,293788422.5,54.56193353474319,未知,未知,,,55.55,376.5391,117.4327,5.8368,18.0325,575705.4348,322959.3786,465329405.6,False,3,1,False,True,54.66,31.15,4.600286240032703,45.09359047078843,-6.403219904866453,False,54.56193353474319,-3.057119871279157,1897.13,-31.32,34125116.24,93.9796,,,61354772.0,-3.9682,3.752,0,575705.4348,465329405.6,1.0,1.5,PASS,False,0.2857142857142857,1897.13,-31.32,2.125,1897.13,ESP-Q,376.5391,5.8368,3.752,0.19847828034979154,87.7931712264151,0.0,10.0,55.55,54.66,0,50.0,COV-LOW,0.9885496183206107,1,1,75.0,158,59.37619062591723,True,4.600286240032703,突破型,0.01585040727273844,True,False,独立池,1890.732584000006,0.0,50.0,62.5,0.7,10.0,33.75,Other
603061.SH,603061,金海通,20230303,,主板,L,1032574507.3499999,27.754194461289682,半导体,电子,801081.SI,270000,315.5,155.4933,117.6184,16.2891,4.9525,2744850.0,2744850.0,1302020078.1999998,False,2,2,False,False,366.0,237.3,2.0045837502824515,20.980091883614094,-13.661202185792353,False,27.754194461289682,-3.057119871279157,233.17,152.52,80989798.0,98.1666,,,373517955.67,107.1757,4.9668,0,2744850.0,1302020078.1999998,1.0,1.5,PASS,False,0.8333333333333334,233.17,152.52,20.14,233.16999999999996,,155.4933,16.2891,4.9668,0.6668666638075225,137.7359375,0.0,0.0,315.5,366.0,0,50.0,COV-LOW,0.75,1,1,85.0,9,8.86840693472546,True,2.0045837502824515,,0.01004598903994553,True,False,半导体,233.16999999999996,0.23733540996502434,50.0,67.5,1.0,0.0,67.5,Tier2
603191.SH,603191,望变电气,20220428,,主板,L,365288136.70000005,5.56631171345594,未知,未知,,,21.73,103.5499,106.9623,2.8645,5.6834,717013.1605,717013.1605,681502724.4,True,1,1,False,False,24.11,19.27,8.184523809523792,-11.521298174442196,-9.539610120282049,False,5.56631171345594,-3.057119871279157,-62.38,79.38,4002222.58,32.5732,,,194194654.56,-1332.5718,0.4917,0,717013.1605,681502724.4,1.0,1.5,PASS,False,0.2857142857142857,-62.38,79.38,2.125,-64.505,ESP-Q,103.5499,2.8645,0.4917,,87.7931712264151,0.0,0.0,21.73,24.11,0,50.0,COV-LOW,0.7824427480916031,1,1,100.0,158,10.38056880462998,True,8.184523809523792,OVERHEAT,0.016427068734885933,False,True,独立池,-64.505,0.0,21.163413357535173,69.23268267150704,0.7,0.0,48.46,Other
603206.SH,603206,嘉环科技,20220506,,主板,L,191575815.8,18.874560375146565,通信运营,通信,801223.SI,730000,19.04,109.1613,122.2493,2.5473,9.152,581100.7772,581100.7772,497448149.20000005,False,2,2,False,False,23.13,16.29,16.68584579976986,20.714285714285708,-12.32166018158235,False,18.874560375146565,-3.057119871279157,-29.42,-40.54,9639214.77,66.3947,,,121688112.83,-6597.2645,0.6385,0,581100.7772,497448149.20000005,1.0,1.5,PASS,False,1.0,-29.42,-40.54,-1.705,-14.71,ESP-Q,109.1613,2.5473,0.6385,,167.5491125,0.0,0.0,19.04,23.13,0,50.0,COV-LOW,1.0,1,1,75.0,4,18.781450505500374,True,16.68584579976986,OVERHEAT,0.014657931938675503,True,True,通信运营,-14.71,0.060129072823156056,50.0,62.5,0.7,0.0,43.75,Other
001301.SZ,001301,尚太科技,20221228,,主板,L,673886724.6999999,20.786592782808498,未知,未知,,,88.82,24.4914,26.1039,3.2243,3.96,2316446.4727,1649781.3256,705962371.8000001,True,0,0,False,False,92.88,70.82,11.782363977485932,14.724005134788198,-3.779069767441856,False,20.786592782808498,-3.057119871279157,-22.4,19.24,191716808.17,106.0259,,,2375954076.26,-723.8978,2.5454,0,2316446.4727,705962371.8000001,1.0,1.5,PASS,False,0.2857142857142857,-22.4,19.24,2.125,-24.525,ESP-Q,24.4914,3.2243,2.5454,,87.7931712264151,0.0,0.0,88.82,92.88,0,50.0,COV-LOW,0.9274809160305344,1,1,100.0,158,25.60084987398254,True,11.782363977485932,OVERHEAT,0.019977016880853016,True,True,独立池,-24.525,0.0,21.753053585096257,69.35061071701925,0.7,0.0,48.55,Other
001339.SZ,001339,智微智能,20220815,,主板,L,1314347863.4,50.159522818698846,计算机设备,计算机,801101.SI,710000,113.83,167.9971,120.6824,12.1563,9.8632,2871824.0136,1417559.8561,1540394669.8,True,1,0,False,False,119.9,69.22,6.294186959937154,98.29639128045429,-9.7164303586322,False,50.159522818698846,-3.057119871279157,177.69,18.39,100156541.48,91.7709,,,423293314.18,-241.6488,4.7288,1,2871824.0136,1540394669.8,1.0,1.5,PASS,False,0.5476190476190477,177.69,18.39,0.49,177.69,ESP-Q,167.9971,12.1563,4.7288,0.945450503686195,108.09019285714285,0.0,0.0,113.83,119.9,10,50.0,COV-LOW,1.0,1,1,100.0,5,53.13571329488932,True,6.294186959937154,,0.010055764911434275,True,False,计算机设备,177.69,2.569253186656632,82.0,81.4,0.7,10.0,46.98,Other
001314.SZ,001314,亿道信息,20230214,,主板,L,301145035.54999995,20.266238237319257,电子制造,电子,801085.SI,270000,54.62,119.1979,70.9231,3.6899,2.5707,779066.908,679414.4167,174991858.4,False,1,0,False,False,59.28,43.14,-4.431880357468543,8.69114291640738,-11.605937921727405,False,20.266238237319257,-3.057119871279157,1395.49,222.49,41813598.93,97.4419,,,119924423.33,-1113.6667,2.0341,0,779066.908,174991858.4,1.0,1.5,PASS,False,0.40476190476190477,1395.49,222.49,-24.075000000000003,1443.64,ESP-Q,119.1979,3.6899,2.0341,0.08541652036202338,87.6280681818182,0.0,0.0,54.62,59.28,0,50.0,COV-LOW,0.8461538461538461,1,1,75.0,8,15.637769471764251,True,-4.431880357468543,,-0.028591611687734404,True,False,电子制造,1443.64,3.943984135131589,97.83195240539477,72.06639048107895,0.7,0.0,50.45,Tier2
001270.SZ,001270,铖昌科技,20220606,,主板,L,1245595191.8,2.591036414565817,未知,未知,,,143.4,252.3859,223.885,18.9422,8.1195,2955687.6803,2936878.691,1699057719.0,True,0,0,False,False,164.61,132.0,-0.8929779461507192,13.56589147286822,-11.001761739870009,False,2.591036414565817,-3.057119871279157,51.48,336.93,43664243.73,97.6301,,,289822370.95,-47.8019,2.9135,0,2955687.6803,1699057719.0,1.0,1.5,PASS,False,0.2857142857142857,51.48,336.93,2.125,51.48,ESP-Q,252.3859,18.9422,2.9135,4.9026010101010105,87.7931712264151,0.0,10.0,143.4,164.61,0,50.0,COV-LOW,0.7366412213740458,1,1,100.0,158,7.4052935057398575,True,-0.8929779461507192,,-0.021745883621290298,False,False,独立池,51.48,0.0,22.87400419779711,69.57480083955943,0.7,10.0,38.7,Other
001331.SZ,001331,胜通能源,20220908,,主板,L,362393576.95,20.286162289298293,燃气,公用事业,801163.SI,410000,61.52,943.2323,,11.8067,7.2201,1736340.48,1212725.304,595734130.9999999,True,1,1,False,False,62.59,41.82,11.137269105396586,17.928516525749426,-1.9491931618469516,False,20.286162289298293,-3.057119871279157,-124.36,2.98,-1431670.74,,,,-534906.8199999994,,-0.5648,0,1736340.48,595734130.9999999,1.0,1.5,PASS,False,0.23809523809523808,-124.36,2.98,-1.23,-62.18,,943.2323,11.8067,-0.5648,,177.38852,0.0,10.0,61.52,62.59,0,50.0,COV-LOW,0.8333333333333334,1,1,100.0,4,21.56354808143194,True,11.137269105396586,OVERHEAT,-0.00582532160079241,True,True,燃气,-62.18,-0.8176562571345929,22.0,69.4,1.0,10.0,59.4,Tier2
600941.SH,600941,中国移动,20220105,,主板,L,1162217057.1999998,0.09310986964619072,通信运营,通信,801223.SI,730000,95.98,15.1706,15.3146,1.4618,0.9782,207981119.4657,8664765.9875,1750337429.4,True,0,0,False,False,103.36,93.96,-1.2452791670919616,2.1971057357135226,-6.395123839009287,False,0.09310986964619072,-3.057119871279157,-3.5,4.3,27900000000.0,95.0855,,,341327000000.0,191.5469,2.084,0,207981119.4657,1750337429.4,1.0,1.5,PASS,False,1.0,-3.5,4.3,-1.705,-1.75,,15.1706,1.4618,2.084,,167.5491125,10.0,0.0,95.98,103.36,0,50.0,COV-LOW,0.5384615384615384,0,1,55.0,4,0.0,False,-1.2452791670919616,,-0.003697382552818867,False,False,通信运营,-1.75,0.08536159853315392,50.0,52.5,1.0,0.0,62.5,Tier2
601868.SH,601868,中国能建,20210928,,主板,L,3235965634.2000003,-0.666666666666671,基础建设,建筑装饰,801723.SI,620000,2.99,22.6492,23.2757,1.051,1.636,13227814.7897,9696189.5632,2560085353.8,True,1,0,False,False,3.58,2.78,-8.024691358024693,21.138211382113823,-16.759776536312852,False,-0.666666666666671,-3.057119871279157,-6.53,-29.08,1295157000.0,89.0452,,,11070165000.0,-746.2889,1.1737,0,13227814.7897,2560085353.8,1.0,1.5,PASS,False,0.047619047619047616,-6.53,-29.08,-15.53,-3.265,ESP-Q,22.6492,1.051,1.1737,,59.53485,0.0,0.0,2.99,3.58,0,50.0,COV-LOW,0.7647058823529411,1,1,100.0,6,6.154813739719389,True,-8.024691358024693,,0.0019374463729696836,False,False,基础建设,-3.265,-0.3635521389909495,32.0,71.4,0.7,0.0,49.98,Other
601136.SH,601136,首创证券,20221222,,主板,L,194198285.74999997,-4.726826273787599,证券,非银金融,801193.SI,490000,15.17,39.2508,37.6266,2.9312,0.4507,4146467.3746,4146467.3746,183879618.0,False,0,0,False,False,17.06,15.5,-3.5425730267246713,-13.296089385474852,-9.026963657678778,False,-4.726826273787599,-3.057119871279157,31.46,4.97,195619345.0,99.4736,,,2497195225.34,-871.4342,1.3153,0,4146467.3746,183879618.0,1.0,1.5,PASS,False,0.07142857142857142,31.46,4.97,30.57,0.8900000000000006,ESP-Q,39.2508,2.9312,1.3153,1.2476414494596313,30.16254222222222,0.0,0.0,15.17,17.06,0,50.0,COV-LOW,0.26666666666666666,0,0,5.0,14,-2.4097531030559005,False,-3.5425730267246713,,-0.0009304120596818063,False,False,证券,0.8900000000000006,-0.07575517768268014,32.0,23.9,0.7,0.0,16.73,Other
603281.SH,603281,江瀚新材,20230131,,主板,L,185373123.10000002,8.167388167388157,化学制品,化工,801034.SI,220000,38.98,34.7938,34.2396,2.971,1.3223,1455253.3359,1455253.3359,202134832.20000002,True,0,0,False,False,39.66,33.18,1.903208265361589,14.617737003058085,-5.496722138174482,False,8.167388167388157,-3.057119871279157,10.78,-30.77,100750351.49,97.4677,,,994824000.3100001,25.7241,2.133,0,1455253.3359,202134832.20000002,1.0,1.5,PASS,False,0.2619047619047619,10.78,-30.77,5.17,10.78,ESP-Q,34.7938,2.971,2.133,3.227625231910946,72.11200512820513,0.0,0.0,38.98,39.66,0,50.0,COV-LOW,0.673469387755102,0,1,55.0,15,9.436781679376871,True,1.903208265361589,,-0.009188416669668678,False,False,化学制品,10.78,0.0024433585198809205,50.0,52.5,0.7,0.0,36.75,Other
001267.SZ,001267,汇绿生态,20211117,,主板,L,3518715309.7500005,28.46911369740375,基础建设,建筑装饰,801723.SI,620000,60.59,540.0975,572.3602,29.8792,6.0771,4757312.784,3687244.1849,3659082078.5999994,True,3,2,False,True,69.78,41.71,-8.525896414342625,91.78082191780821,-17.7414732014904,False,28.46911369740375,-3.057119871279157,-24.52,29.0,14059098.07,94.562,,,149929345.5,-815.7767,0.9094,0,4757312.784,3659082078.5999994,1.0,1.5,PASS,False,0.047619047619047616,-24.52,29.0,-15.53,-12.26,ESP-Q,540.0975,29.8792,0.9094,,59.53485,0.0,0.0,60.59,69.78,0,50.0,COV-LOW,0.8823529411764706,1,1,100.0,6,35.29059410378981,True,-8.525896414342625,突破型,-0.023390402723870194,True,False,基础建设,-12.26,-0.40657172761598065,32.0,71.4,0.7,0.0,49.98,Other
600938.SH,600938,中国海油,20220421,,主板,L,1792589017.3999999,-3.258547008547008,未知,未知,,,35.83,13.9496,13.6608,2.0344,1.1415,170299825.1247,10713170.0,1625390566.6,False,0,0,False,False,40.52,35.65,-0.7943029307039162,-2.68672756582482,-10.61204343534058,False,-3.258547008547008,-3.057119871279157,5.4,-9.8,39038000000.0,99.7292,,,329685000000.0,105.3448,4.7741,0,170299825.1247,1625390566.6,1.0,1.5,PASS,False,0.2857142857142857,5.4,-9.8,2.125,5.4,ESP-Q,13.9496,2.0344,4.7741,2.583259259259259,87.7931712264151,10.0,0.0,35.83,40.52,0,50.0,COV-LOW,0.5591603053435115,0,0,5.0,158,1.5557100826270323,False,-0.7943029307039162,,0.007791684933551049,False,False,独立池,5.4,0.0,22.194398852974334,21.938879770594866,0.7,0.0,25.36,Other
001287.SZ,001287,中电港,20230410,,主板,L,1375936170.3,-2.4754277393520208,其他电子,电子,801082.SI,270000,27.49,73.5016,58.3355,3.7724,3.6183,2088965.3667,2088965.3667,1317831486.0,False,1,0,False,False,32.0,25.1,-6.1646234676007055,10.292301358583789,-16.281250000000004,False,-2.4754277393520208,-3.057119871279157,146.04,69.17,187724150.34,118.4806,,,934349083.2,-6882.9933,2.9003,0,2088965.3667,1317831486.0,1.0,1.5,PASS,False,0.9285714285714286,146.04,69.17,10.47,146.04,ESP-Q,73.5016,3.7724,2.9003,0.5032977266502329,116.60343333333333,10.0,0.0,27.49,32.0,0,50.0,COV-LOW,0.23076923076923078,0,0,5.0,4,-7.121840810579993,False,-6.1646234676007055,,-0.006381536157654571,False,False,其他电子,146.04,0.9314157875357515,50.0,27.5,0.7,0.0,29.25,Other
001286.SZ,001286,陕西能源,20230410,,主板,L,323001324.6,-3.143585386576031,电力,公用事业,801161.SI,410000,11.41,14.2175,13.3946,1.5564,1.248,4278750.0,1540349.7718,282914373.40000004,True,0,0,False,False,12.12,11.05,-0.7832898172323799,12.983151635282454,-5.940594059405935,False,-3.143585386576031,-3.057119871279157,27.17,1.02,888551661.23,100.0708,,,7644064144.89,84.4497,3.2929,0,4278750.0,282914373.40000004,1.0,1.5,PASS,False,0.21428571428571427,27.17,1.02,-1.575,30.32,ESP-Q,14.2175,1.5564,3.2929,0.5232793522267206,43.696173170731704,10.0,0.0,11.41,12.12,0,50.0,COV-LOW,0.19047619047619047,0,0,5.0,13,-4.09823093310383,False,-0.7832898172323799,,-0.005314967796410203,False,False,电力,30.32,0.8085981939963094,50.0,27.5,0.7,0.0,29.25,Other
603125.SH,603125,常青科技,20230410,,主板,L,253312501.90000004,38.211814795103784,化学制品,化工,801034.SI,220000,26.39,67.5609,52.3574,4.2236,2.9649,1068363.1936,1068363.1936,386689539.59999996,False,1,0,False,False,29.2,18.1,1.7234625930278025,27.93103448275862,-11.061643835616442,False,38.211814795103784,-3.057119871279157,141.68,-21.41,80166143.84,98.6036,,,391543212.34000003,62.7515,3.267,0,1068363.1936,386689539.59999996,1.0,1.5,PASS,False,0.2619047619047619,141.68,-21.41,5.17,141.68,ESP-Q,67.5609,4.2236,3.267,0.4768555900621118,72.11200512820513,0.0,0.0,26.39,29.2,0,50.0,COV-LOW,0.9591836734693877,1,1,75.0,15,39.4812083070925,True,1.7234625930278025,,0.0110635644718598,True,False,化学制品,141.68,0.2975985901864303,50.0,62.5,0.7,0.0,43.75,Other
601133.SH,601133,柏诚股份,20230410,,主板,L,720339522.0500001,38.09920800333475,专业工程,建筑装饰,801724.SI,620000,32.99,84.9041,90.7027,5.754,8.3407,1741932.7808,1729951.8685,1177166376.2,False,3,3,False,True,35.66,21.98,17.56564939673528,86.5427927927928,-7.094784071789107,False,38.09920800333475,-3.057119871279157,-29.55,-3.91,29743765.29,95.6972,,,431354795.96,-1775.2005,1.0322,0,1741932.7808,1177166376.2,1.0,1.5,PASS,False,0.35714285714285715,-29.55,-3.91,-13.35,-14.775,ESP-Q,84.9041,5.754,1.0322,,69.65643999999999,0.0,0.0,32.99,35.66,0,50.0,COV-LOW,1.0,1,1,75.0,5,46.40004446856241,True,17.56564939673528,突破型|OVERHEAT,0.0002739056975669815,True,True,专业工程,-14.775,-0.5517021251786494,22.0,56.9,0.7,0.0,39.83,Other
001289.SZ,001289,龙源电力,20220124,,主板,L,194060560.1,7.492063492063483,电力,公用事业,801161.SI,410000,17.11,31.6018,33.6686,1.865,0.1753,14303645.4566,8626749.3546,145797979.8,True,0,0,False,False,18.25,15.37,-1.968731905037635,6.411062225015707,-7.232876712328773,False,7.492063492063483,-3.057119871279157,-11.95,-22.81,1638867742.17,100.9259,,,13626192160.529999,117.9636,2.1408,0,14303645.4566,145797979.8,1.0,1.5,PASS,False,0.21428571428571427,-11.95,-22.81,-1.575,-5.975,,31.6018,1.865,2.1408,,43.696173170731704,0.0,0.0,17.11,18.25,0,50.0,COV-LOW,0.6904761904761905,0,1,65.0,13,6.537417945535684,True,-1.968731905037635,,-0.020843151308563918,False,False,电力,-5.975,-0.21703359426286228,32.0,53.9,1.0,0.0,53.9,Tier2
603120.SH,603120,肯特催化,20250416,,主板,L,153233515.75,30.990173847316726,化学制品,化工,801034.SI,220000,55.22,60.5563,59.2561,4.1901,10.346,499188.8,209283.8,279159928.4,True,1,1,False,False,56.67,37.35,-2.439482079189337,18.644454586946612,-8.25833774483854,False,30.990173847316726,-3.057119871279157,1.83,-16.8,17709236.49,91.4549,,,168386382.76,105.3914,1.6385,0,499188.8,279159928.4,1.0,1.5,PASS,False,0.2619047619047619,1.83,-16.8,5.17,-3.34,,60.5563,4.1901,1.6385,33.09087431693989,72.11200512820513,0.0,0.0,55.22,56.67,0,50.0,COV-LOW,0.9183673469387755,1,1,100.0,15,32.25956735930544,True,-2.439482079189337,,-0.003374270586252586,True,False,化学制品,-3.34,-0.029394623688917227,32.0,71.4,1.0,0.0,71.4,Tier2
603119.SH,603119,浙江荣泰,20230801,,主板,L,1821209782.5,-0.13700336280981773,汽车零部件,汽车,801093.SI,280000,79.9,135.7192,129.9872,18.6538,10.7503,3778151.1443,2117657.623,2348937926.0,True,1,0,False,False,94.56,68.25,10.197910940076959,-15.511064278187558,-15.207275803722498,False,-0.13700336280981773,-3.057119871279157,29.46,18.8,67582324.25,94.1358,,,621817572.61,104.4975,3.4635,0,3778151.1443,2348937926.0,1.0,1.5,PASS,False,0.47619047619047616,29.46,18.8,-7.74,44.940000000000005,,135.7192,18.6538,3.4635,4.6068974881194835,70.26558985507246,0.0,0.0,79.9,94.56,0,50.0,COV-LOW,0.43243243243243246,0,1,55.0,23,-2.0043471255482226,False,10.197910940076959,OVERHEAT,-0.0024484055363263916,False,True,汽车零部件,44.940000000000005,0.21558644683643544,50.0,52.5,1.0,0.0,52.5,Tier2
603162.SH,603162,海通发展,20230329,,主板,L,361163227.85,-16.42611683848798,未知,未知,,,12.13,35.8217,27.4074,3.6252,5.7199,1665706.805,501718.4084,326247345.8,True,1,0,False,False,19.74,12.07,-34.79892761394101,-16.483516483516482,-38.39918946301925,False,-16.42611683848798,-3.057119871279157,212.55,-8.12,209747139.39,99.6914,,,1008782859.2099999,179.2463,4.592,0,1665706.805,326247345.8,1.0,1.5,PASS,False,0.2857142857142857,212.55,-8.12,2.125,212.55,ESP-Q,35.8217,3.6252,4.592,0.16853305104681252,87.7931712264151,0.0,0.0,12.13,19.74,0,50.0,COV-LOW,0.08015267175572519,0,0,5.0,158,-11.611859747313941,False,-34.79892761394101,,-0.010123367296034733,False,False,独立池,212.55,0.0,25.249525744902247,22.54990514898045,0.7,0.0,15.78,Other
603275.SH,603275,众辰科技,20230823,,主板,L,204827184.00000003,1.8930726024547484,未知,未知,,,48.77,40.4328,40.0298,2.4046,6.9862,725560.3173,202570.8916,172499645.8,True,1,1,False,False,55.6,44.15,-7.445200302343169,-0.8702691762801029,-11.906474820143897,False,1.8930726024547484,-3.057119871279157,3.31,-19.9,36636115.99,80.8207,,,364973149.87,9.3661,1.5142,0,725560.3173,172499645.8,1.0,1.5,PASS,False,0.2857142857142857,3.31,-19.9,2.125,3.31,ESP-Q,40.4328,2.4046,1.5142,12.215347432024169,87.7931712264151,0.0,0.0,48.77,55.6,0,50.0,COV-LOW,0.7213740458015268,1,1,100.0,158,6.707329693628789,True,-7.445200302343169,,-0.0038962122455403116,False,False,独立池,3.31,0.0,22.163574739027293,69.43271494780547,0.7,0.0,48.6,Other
601096.SH,601096,宏盛华源,20231222,,主板,L,204037806.35000002,-8.54092526690392,专业工程,建筑装饰,801724.SI,620000,5.19,37.4086,36.1449,2.9119,1.3771,1388405.4907,852704.8248,191668834.6,False,0,0,False,False,6.07,5.11,-7.885304659498216,-16.013071895424847,-15.321252059308076,False,-8.54092526690392,-3.057119871279157,14.59,57.57,95437582.59,93.8375,,,851978341.33,-172.9029,2.1571,0,1388405.4907,191668834.6,1.0,1.5,PASS,False,0.35714285714285715,14.59,57.57,-13.35,41.29,ESP-Q,37.4086,2.9119,2.1571,2.563989033584647,69.65643999999999,0.0,0.0,5.19,6.07,0,50.0,COV-LOW,0.5,0,0,5.0,5,-0.24008880167625968,False,-7.885304659498216,,0.0017092422710323792,False,False,专业工程,41.29,0.08876126954422006,50.0,27.5,0.7,0.0,19.25,Other
603124.SH,603124,江南新材,20250320,,主板,L,355638504.15000004,-4.69065911847959,金属非金属新材料,有色金属,801051.SI,240000,126.01,83.8159,70.4363,9.5245,3.4193,1836535.2526,977948.6148,282985897.40000004,False,0,0,False,False,141.0,115.06,-1.4219991635299079,7.146104191290115,-16.41843971631206,False,-4.69065911847959,-3.057119871279157,109.06,40.35,74666170.69,95.5284,,,535487803.64,-532.567,4.1364,0,1836535.2526,282985897.40000004,1.0,1.5,PASS,False,0.7857142857142857,109.06,40.35,37.74,109.06,ESP-Q,83.8159,9.5245,4.1364,0.7685301668806162,114.53097142857143,0.0,0.0,126.01,141.0,0,50.0,COV-LOW,0.375,0,0,5.0,3,-3.469302362678761,False,-1.4219991635299079,,0.006875480766334984,False,False,金属非金属新材料,109.06,-0.5265944893754231,22.0,21.9,0.7,0.0,15.33,Other
600930.SH,600930,华电新能,20250716,,主板,L,1403106711.35,-1.3071895424836666,电力,公用事业,801161.SI,410000,6.05,34.7482,39.4169,2.285,2.7707,25237142.857,1954037.2322,1072371091.5999999,True,0,0,False,False,6.84,5.95,-3.514376996805113,1.8549747048903997,-11.695906432748536,False,-1.3071895424836666,-3.057119871279157,-28.98,-15.03,2051117933.0,99.5052,,,23147541816.0,227.3436,1.5002,0,25237142.857,1072371091.5999999,1.0,1.5,PASS,False,0.21428571428571427,-28.98,-15.03,-1.575,-14.49,,34.7482,2.285,1.5002,,43.696173170731704,0.0,0.0,6.05,6.84,0,50.0,COV-LOW,0.3333333333333333,0,0,5.0,13,-2.261835089011466,False,-3.514376996805113,,-0.00995008738835986,False,False,电力,-14.49,-0.45765226562329336,32.0,23.9,1.0,0.0,23.9,Other
001369.SZ,001369,双欣材料,20251230,,主板,L,242564762.00000003,-9.435133457479827,化学纤维,化工,801032.SI,220000,15.15,32.4085,32.2556,2.4609,6.9646,1737705.0,304559.5228,201646306.6,True,0,0,False,False,16.69,14.58,-6.653870761356373,-2.473262032085566,-12.582384661473945,False,-9.435133457479827,-3.057119871279157,-0.98,4.4,118338205.16,92.6246,,,1277583329.85,-62.0644,1.8262,0,1737705.0,201646306.6,1.0,1.5,PASS,False,0.4523809523809524,-0.98,4.4,16.295,-17.275000000000002,ESP-Q,32.4085,2.4609,1.8262,,154.65064285714286,0.0,0.0,15.15,16.69,0,50.0,COV-LOW,0.42857142857142855,0,0,5.0,3,-0.19668152239867887,False,-6.653870761356373,,-0.05195450594250513,False,False,化学纤维,-17.275000000000002,0.27899405153229134,50.0,27.5,0.7,0.0,19.25,Other
001359.SZ,001359,平安电工,20240328,,主板,L,259256370.95,18.71331017131905,塑料,化工,801036.SI,220000,104.57,80.2794,79.3324,9.3839,5.8116,1939806.5964,484961.1519,252363506.20000002,False,1,1,False,False,114.9,80.78,-0.7412601422418064,24.017521902377958,-13.759791122715404,False,18.71331017131905,-3.057119871279157,5.9,9.71,54583326.55,98.7801,,,600507774.38,16.8194,2.7089,0,1939806.5964,252363506.20000002,1.0,1.5,PASS,False,0.7619047619047619,5.9,9.71,-1.1600000000000001,8.22,,80.2794,9.3839,2.7089,13.606677966101694,196.25642,0.0,0.0,104.57,114.9,0,50.0,COV-LOW,0.7647058823529411,1,1,75.0,6,14.57318278278403,True,-0.7412601422418064,,-0.016441708735909524,True,False,塑料,8.22,-0.2972929326966509,32.0,58.9,1.0,0.0,58.9,Tier2
001389.SZ,001389,广合科技,20240402,,主板,L,1812382810.55,13.01326595072647,元件,电子,801083.SI,270000,195.01,90.7086,78.8897,12.7783,8.7744,9214081.3908,2963880.8191,1374657369.8,False,2,1,False,False,197.87,147.8,-0.9851671463360634,75.28904565941603,-9.587102643149537,False,13.01326595072647,-3.057119871279157,67.88,45.66,390761484.37,99.5435,,,2559900324.65,71.2831,7.0182,0,9214081.3908,1374657369.8,1.0,1.5,PASS,False,0.7380952380952381,67.88,45.66,13.02,67.88,,90.7086,12.7783,7.0182,1.3363081909251622,255.29024,0.0,0.0,195.01,197.87,0,50.0,COV-LOW,0.46153846153846156,0,1,40.0,8,-1.3661546048487594,False,-0.9851671463360634,,-0.0027178264499414114,False,False,元件,67.88,-0.20127288760847978,32.0,41.4,1.0,0.0,41.4,Other
603271.SH,603271,永杰新材,20250311,,主板,L,194130655.2,-9.170731707317081,工业金属,有色金属,801055.SI,240000,48.38,22.9183,20.741,3.1275,3.7506,951731.36,457558.6686,151048026.0,True,0,0,False,False,53.8,45.9,-2.164775115594786,-1.5439932318105032,-13.475836431226762,False,-9.170731707317081,-3.057119871279157,64.73,33.44,134968271.92,113.1277,,,1057356704.4399999,89.9653,3.9989,0,951731.36,151048026.0,1.0,1.5,PASS,False,0.14285714285714285,64.73,33.44,60.27,4.460000000000001,,22.9183,3.1275,3.9989,0.3540599412946083,36.771677777777775,0.0,0.0,48.38,53.8,0,50.0,COV-LOW,0.32142857142857145,0,0,5.0,9,-3.012659107853527,False,-2.164775115594786,,0.00112992541589301,False,False,工业金属,4.460000000000001,-0.4449789564309497,32.0,23.9,1.0,0.0,23.9,Other
603285.SH,603285,键邦股份,20240705,,主板,L,238004763.40000007,31.120646138314,化学制品,化工,801034.SI,220000,53.38,62.8726,65.2025,4.9594,8.485,854080.0,332540.2116,229174542.6,False,1,1,False,False,54.38,38.3,3.9000000000000146,45.68143578238926,-4.46855461566752,False,31.120646138314,-3.057119871279157,-13.58,-17.41,30053328.22,94.5679,,,313862303.06,107.0411,1.8547,0,854080.0,229174542.6,1.0,1.5,PASS,False,0.2619047619047619,-13.58,-17.41,5.17,-18.75,,62.8726,4.9594,1.8547,,72.11200512820513,0.0,0.0,53.38,54.38,0,50.0,COV-LOW,0.9387755102040817,1,1,75.0,15,32.39003965030272,True,3.9000000000000146,,-0.0056503775974035934,True,False,化学制品,-18.75,-0.06414131673690444,32.0,58.9,1.0,0.0,58.9,Tier2
603296.SH,603296,华勤技术,20230808,,主板,L,2106403177.5999997,4.56943753111001,电子制造,电子,801085.SI,270000,108.94,29.5899,28.0761,3.9187,2.4416,11996611.1974,6214890.2803,2054258288.6000001,False,0,0,False,False,122.0,97.7,-7.738252086078168,18.810089356407666,-13.901639344262296,False,4.56943753111001,-3.057119871279157,8.08,38.3,822155517.54,77.5191,,,8054386522.25,52.6733,4.035,0,11996611.1974,2054258288.6000001,1.0,1.5,PASS,False,0.40476190476190477,8.08,38.3,-24.075000000000003,4.04,ESP-Q,29.5899,3.9187,4.035,3.6621163366336633,87.6280681818182,10.0,0.0,108.94,122.0,0,50.0,COV-LOW,0.5,0,1,40.0,8,-0.05903123444499503,False,-7.738252086078168,,-0.014403527635465735,False,False,电子制造,4.04,-0.29138737843935947,32.0,41.4,0.7,0.0,38.98,Other
603375.SH,603375,盛景微,20240124,,主板,L,225171509.5,22.943305186972253,半导体,电子,801081.SI,270000,52.62,523.2779,629.1428,3.4202,10.812,529708.0018,335615.2484,242553869.40000004,False,2,1,False,False,53.98,40.0,6.299541093032968,31.374065480794023,-5.59466469062615,False,22.943305186972253,-3.057119871279157,-599.58,-107.13,-820955.21,-33.2857,,,23029806.450000003,15199.4831,0.1594,0,529708.0018,242553869.40000004,1.0,1.5,PASS,False,0.8333333333333334,-599.58,-107.13,20.14,-619.72,ESP-Q,523.2779,3.4202,0.1594,,137.7359375,0.0,10.0,52.62,53.98,0,50.0,COV-LOW,0.6785714285714286,0,1,40.0,9,4.057517660408031,False,6.299541093032968,,0.011017372405806348,True,False,半导体,-619.72,-1.7286485709970376,12.0,37.4,0.7,10.0,16.18,Other
603341.SH,603341,龙旗科技,20240301,,主板,L,398219312.4,-4.979360165118674,电子制造,电子,801085.SI,270000,37.65,33.6267,44.077,2.7241,3.1681,1967553.7747,1002291.3087,371649748.2,False,0,0,False,False,40.96,34.99,-6.2611351488928495,-18.840899074482152,-10.08300781250001,False,-4.979360165118674,-3.057119871279157,-349.16,-15.91,-151060919.74,-980.3619,,,621089876.0699999,,0.2361,0,1967553.7747,371649748.2,1.0,1.5,PASS,False,0.40476190476190477,-349.16,-15.91,-24.075000000000003,-174.58,ESP-Q,33.6267,2.7241,0.2361,,87.6280681818182,0.0,0.0,37.65,40.96,0,50.0,COV-LOW,0.23076923076923078,0,0,5.0,8,-9.60782893067368,False,-6.2611351488928495,,0.0026428957016819835,False,False,电子制造,-174.58,-0.8168958945230235,22.0,21.9,0.7,0.0,15.33,Other
603400.SH,603400,华之杰,20250620,,主板,L,172409748.3,19.839022208973024,通用机械,机械设备,801072.SI,640000,81.2,65.295,73.0279,6.6214,9.4024,812000.0,162400.0,216758375.2,True,1,1,False,False,90.0,63.12,-7.7134986225895315,19.874757715819324,-10.666666666666657,False,19.839022208973024,-3.057119871279157,-31.81,-20.5,30123976.95,96.7285,,,343944108.68,145.6447,2.5553,0,812000.0,216758375.2,1.0,1.5,PASS,False,0.5952380952380952,-31.81,-20.5,-0.595,-15.905,,65.295,6.6214,2.5553,,108.90780749999999,0.0,0.0,81.2,90.0,0,50.0,COV-LOW,0.8775510204081632,1,1,100.0,15,17.73856558796845,True,-7.7134986225895315,,-8.335237477487365e-05,True,False,通用机械,-15.905,0.08945657556233184,50.0,75.0,1.0,0.0,75.0,Tier2
603381.SH,603381,永臻股份,20240626,,主板,L,194099411.45,-10.126582278481,未知,未知,,,22.95,,,1.6282,4.5099,544503.2682,326205.9894,169705448.0,False,0,0,False,False,27.34,21.91,-7.443229604709833,-24.829234972677593,-19.495245062179944,False,-10.126582278481,-3.057119871279157,-52.67,-207.36,14170574.3,58.1605,,,-110647779.49999999,-1670.13,0.7288,1,544503.2682,169705448.0,1.0,1.5,PASS,False,0.2857142857142857,-52.67,-207.36,2.125,-54.795,ESP-Q,,1.6282,0.7288,,87.7931712264151,0.0,0.0,22.95,27.34,10,50.0,COV-LOW,0.2824427480916031,0,0,5.0,158,-5.312325187306959,False,-7.443229604709833,,-0.0006828967391217408,False,False,独立池,-54.795,0.0,21.306620126159938,21.76132402523199,0.7,10.0,5.23,Other
603248.SH,603248,锡华科技,20251223,,主板,L,356422204.50000006,10.532276330690848,未知,未知,,,29.59,67.6078,69.5411,5.8267,13.4579,1361140.0,205085.0884,524341137.0,False,2,1,False,False,32.87,24.5,-7.3417721518987396,27.97202797202798,-10.921813203529041,False,10.532276330690848,-3.057119871279157,-18.67,42.61,27693479.46,96.0415,,,483318793.59000003,-321.2475,1.2409,0,1361140.0,524341137.0,1.0,1.5,PASS,False,0.2857142857142857,-18.67,42.61,2.125,-20.795,ESP-Q,67.6078,5.8267,1.2409,,87.7931712264151,0.0,0.0,29.59,32.87,0,50.0,COV-LOW,0.8454198473282443,1,1,75.0,158,15.346533421864889,True,-7.3417721518987396,,0.005474919289044188,False,False,独立池,-20.795,0.0,21.808065042044802,56.86161300840896,0.7,0.0,39.8,Other
001325.SZ,001325,元创股份,20251218,,主板,L,154401435.69999996,-31.15158999691262,橡胶,化工,801037.SI,220000,46.42,23.0635,23.0166,1.9938,8.8721,363932.8,90983.2,80593541.60000001,False,0,0,False,False,66.37,44.5,-8.381265406737882,-12.58330066640534,-32.80096429109538,False,-31.15158999691262,-3.057119871279157,-0.34,3.38,24811298.8,97.0174,,,372169912.52000004,-113.427,1.4126,0,363932.8,80593541.60000001,1.0,1.5,PASS,False,0.42857142857142855,-0.34,3.38,-32.245000000000005,-0.17,ESP-Q,23.0635,1.9938,1.4126,,52.724925,0.0,0.0,46.42,66.37,0,50.0,COV-LOW,0.2,0,0,0.0,2,-38.80522128182883,False,-8.381265406737882,TIER2_FORCED,-0.04857000034067889,False,False,橡胶,-0.17,0.7953292457648296,50.0,25.0,0.7,0.0,17.5,Tier2
001280.SZ,001280,中国铀业,20251203,,主板,L,953108692.9499998,-11.020025764140994,稀有金属,有色金属,801054.SI,240000,75.95,95.4629,91.3598,9.2249,5.3301,15707840.9077,1200672.7321,733400434.4,False,0,0,False,False,87.56,74.11,-3.04963634043639,-14.195369847543748,-13.225216994061217,False,-11.020025764140994,-3.057119871279157,69.82,18.49,209236130.33,97.7329,,,3789193447.71,280.8229,1.2621,0,15707840.9077,733400434.4,1.0,1.5,PASS,False,0.8809523809523809,69.82,18.49,52.894999999999996,16.924999999999997,,95.4629,9.2249,1.2621,1.3672715554282442,107.82666666666667,0.0,0.0,75.95,87.56,0,50.0,COV-LOW,0.4375,0,0,5.0,5,-2.5630413099146594,False,-3.04963634043639,,-0.04120334723683108,False,False,稀有金属,16.924999999999997,-0.319950167459246,32.0,23.9,1.0,0.0,23.9,Other
603092.SH,603092,德力佳,20251107,,主板,L,207069931.9,-0.05628253834246699,未知,未知,,,71.67,34.6495,31.9537,4.9981,8.2793,2866800.7167,247775.0442,200607493.0,False,0,0,False,False,78.31,70.08,-4.052411184654869,4.271873165002926,-9.296386157578851,False,-0.05628253834246699,-3.057119871279157,28.66,49.18,186155742.35,87.6005,,,1971341309.87,86.5664,3.7774,0,2866800.7167,200607493.0,1.0,1.5,PASS,False,0.2857142857142857,28.66,49.18,2.125,28.66,,34.6495,4.9981,3.7774,1.2089846475924635,87.7931712264151,0.0,0.0,71.67,78.31,0,50.0,COV-LOW,0.6793893129770993,0,1,40.0,158,4.757974552831573,False,-4.052411184654869,,-0.0053792550337436055,False,False,独立池,28.66,0.0,22.537446168959093,39.507489233791816,1.0,0.0,39.51,Other
601112.SH,601112,振石股份,20260129,,主板,L,289538642.95,-6.663400293973543,玻璃制造,建筑材料,801712.SI,610000,19.48,46.1916,45.0418,5.1584,4.6838,3390233.6829,345282.8169,184816116.6,False,0,0,False,False,21.59,19.02,-2.5575447570332477,-8.413461538461542,-11.764705882352933,False,-6.663400293973543,-3.057119871279157,8.6,20.03,192751977.19,96.2893,,,1887467399.71,-14.7098,3.9083,0,3390233.6829,184816116.6,1.0,1.5,PASS,False,0.6428571428571429,8.6,20.03,-13.165,4.3,ESP-Q,46.1916,5.1584,3.9083,5.371116279069768,140.98974,10.0,0.0,19.48,21.59,0,50.0,COV-LOW,0.3333333333333333,0,0,0.0,2,-6.165279993221661,False,-2.5575447570332477,TIER2_FORCED,0.018032583554874495,False,False,玻璃制造,4.3,0.6471387717413714,50.0,25.0,0.7,0.0,27.5,Tier2
001257.SZ,001257,盛龙股份,20260331,,主板,L,699969814.1499999,-3.081914030819144,稀有金属,有色金属,801054.SI,240000,24.66,51.2203,50.4281,5.9232,12.1379,4527454.7147,337713.7384,618787620.4000001,True,0,0,False,False,28.29,21.53,-1.280462618752587,-13.65606936416185,-15.517850830682223,False,-3.081914030819144,-3.057119871279157,3.77,15.84,382786571.15,99.4077,,,1850606203.6399999,159.6664,5.7838,0,4527454.7147,618787620.4000001,1.0,1.5,PASS,False,0.8809523809523809,3.77,15.84,52.894999999999996,-49.12499999999999,,51.2203,5.9232,5.7838,13.586286472148542,107.82666666666667,0.0,0.0,24.66,28.29,0,50.0,COV-LOW,0.8125,1,0,55.0,5,5.375070423407191,True,-1.280462618752587,,0.01594436376620854,False,False,稀有金属,-49.12499999999999,-0.5964895636054075,22.0,46.9,1.0,0.0,46.9,Other
603459.SH,603459,红板科技,20260408,,主板,L,1933399632.45,54.85483870967742,元件,电子,801083.SI,270000,105.61,147.456,143.3296,19.5345,41.0982,7960391.6429,834866.6723,2370790364.2000003,True,3,2,False,True,99.89,59.01,14.57040572792363,66.39514731369151,-3.8842726999699595,False,54.85483870967742,-3.057119871279157,11.76,169.2797,117158121.93,94.6385,,,870974921.9300001,24.2633,5.2027,0,7960391.6429,2370790364.2000003,1.0,1.5,PASS,False,0.7380952380952381,11.76,169.2797,13.02,-1.2599999999999998,,147.456,19.5345,5.2027,12.538775510204081,255.29024,0.0,0.0,105.61,99.89,0,50.0,COV-LOW,0.9615384615384616,1,1,100.0,8,40.475418154102194,True,14.57040572792363,突破型|OVERHEAT,0.012376634481333434,True,True,元件,-1.2599999999999998,-0.3302780172790979,32.0,71.4,1.0,0.0,71.4,Tier2
603293.SH,603293,埃泰克,20260416,,主板,L,325364440.65,-5.077989601386479,汽车零部件,汽车,801093.SI,280000,54.26,39.1205,38.5066,3.3347,23.2582,971745.9103,190433.6687,314637084.3999999,True,0,0,False,False,59.45,48.55,6.328868180935743,-22.88087862573922,-7.872161480235496,False,-5.077989601386479,-3.057119871279157,1.79,15.71,55342771.77,95.3553,,,374525571.77,127.6301,3.8097,0,971745.9103,314637084.3999999,1.0,1.5,PASS,False,0.47619047619047616,1.79,15.71,-7.74,0.895,,39.1205,3.3347,3.8097,21.855027932960894,70.26558985507246,0.0,0.0,54.26,59.45,0,50.0,COV-LOW,0.32432432432432434,0,0,5.0,23,-6.945333364124884,False,6.328868180935743,,0.005989299967378936,False,False,汽车零部件,0.895,0.04965986696768594,50.0,27.5,1.0,0.0,27.5,Other
001312.SZ,001312,福恩股份,20260421,,主板,L,342425253.45000005,-23.258096172718346,纺织制造,纺织服装,801131.SI,350000,22.92,23.2174,23.0828,2.2903,10.5778,534800.0015,131011.3365,172429657.0,True,0,0,False,False,36.53,23.24,-1.3041649137568334,-23.258096172718346,-35.77881193539556,False,-23.258096172718346,-3.057119871279157,2.38,-17.1,37042484.06,91.1953,,,348372653.64,-202.3964,3.052,0,534800.0015,172429657.0,1.0,1.5,PASS,False,0.38095238095238093,2.38,-17.1,-4.675,1.19,ESP-Q,23.2174,2.2903,3.052,9.755210084033614,103.7722,0.0,0.0,22.92,36.53,0,50.0,COV-LOW,0.2,0,0,0.0,2,-17.646873727828563,False,-1.3041649137568334,TIER2_FORCED,-0.0045931660558637235,False,False,纺织制造,1.19,0.2783558299254292,50.0,25.0,0.7,0.0,17.5,Tier2
603407.SH,603407,长裕集团,20260511,,主板,L,1273186064.7777777,-27.60235191637631,稀有金属,有色金属,801054.SI,240000,63.23,103.4479,101.9032,12.5095,22.0849,2578995.0856,227071.5254,871038948.3999999,True,0,0,False,False,110.28,64.6,-13.42447916666667,-27.60235191637631,-39.70801595937614,False,-27.60235191637631,-3.057119871279157,12.2,17.9471,54321200.0,97.4078,,,411145500.0,17.7714,3.6152,0,2578995.0856,871038948.3999999,1.0,1.5,PASS,False,0.8809523809523809,12.2,17.9471,52.894999999999996,-40.69499999999999,,103.4479,12.5095,3.6152,8.479336065573772,107.82666666666667,0.0,0.0,63.23,110.28,0,50.0,COV-LOW,0.0625,0,0,5.0,5,-19.145367462149977,False,-13.42447916666667,,-0.010235553759412836,False,False,稀有金属,-40.69499999999999,-0.5611946792827407,22.0,21.9,1.0,0.0,21.9,Other
